key	nubKey	canonicalName	first_observed	last_observed	class	kingdom
213212543	5666	Gekkonidae	2011	2025	Squamata	Animalia
159748482	1002621	Keratella tropica	1974	1974	Eurotatoria	Animalia
159748469	1007534	Phaeostachys spinifera	1999	2000	Gymnolaemata	Animalia
159748473	1008610	Haplopoma graniferum	1999	2006	Gymnolaemata	Animalia
159748474	1008612	Haplopoma impressum	1999	2006	Gymnolaemata	Animalia
152544653	1010644	Hanseniella caldaria	2018	2018	Symphyla	Animalia
152544645	1013526	Cylindroiulus britannicus	2015	2015	Diplopoda	Animalia
213214605	1016841	Orthomorpha coarctata	2020	2020	Diplopoda	Animalia
152544627	1031512	Liposcelis brunnea	2018	2018	Insecta	Animalia
152544628	1031520	Liposcelis bostrychophila	2018	2018	Insecta	Animalia
152544630	1031524	Liposcelis paeta	2018	2018	Insecta	Animalia
152544607	1031564	Psoquilla marginepunctata	2018	2018	Insecta	Animalia
152544616	1031677	Trogium pulsatorium	2018	2018	Insecta	Animalia
152544620	1031680	Cerobasis annulata	2018	2018	Insecta	Animalia
152544613	1031685	Lepinotus reticulatus	2018	2018	Insecta	Animalia
152544600	1031743	Dorypteryx pallida	2018	2018	Insecta	Animalia
152544591	1032262	Enderleinellus kumadai	2004	2011	Insecta	Animalia
152544587	1032377	Hoplopleura erismata	2004	2011	Insecta	Animalia
152544545	1043978	Stelidota geminata	2018	2025	Insecta	Animalia
213214336	1045323	Pycnomerus sulcicollis	2021	2021	Insecta	Animalia
213214293	1111797	Chlorophorus annularis	2020	2024	Insecta	Animalia
182134456	1194885	Otiorhynchus meridionalis	2003	2018	Insecta	Animalia
182134455	1194989	Otiorhynchus cribricollis	2002	2018	Insecta	Animalia
182134454	1195013	Otiorhynchus aurifer	1999	2018	Insecta	Animalia
152544514	1316805	Tapinoma melanocephalum	2005	2018	Insecta	Animalia
152544520	1319260	Tetraponera allaborans	1980	2018	Insecta	Animalia
152544503	1320777	Plagiolepis pygmaea	1980	2018	Insecta	Animalia
152544508	1321805	Pheidole bilimeki	1911	2018	Insecta	Animalia
152544507	1322674	Pheidole anastasii	2018	2018	Insecta	Animalia
152544512	1323402	Tetramorium bicarinatum	1980	2025	Insecta	Animalia
152544494	1325561	Paratrechina longicornis	1980	2018	Insecta	Animalia
213213874	1349836	Hylaeus absolutus	2021	2021	Insecta	Animalia
213213878	1371011	Megastigmus spermotrophus	2020	2020	Insecta	Animalia
213213785	1411953	Carausius morosus	2020	2025	Insecta	Animalia
152544459	1419894	Euborellia annulipes	2016	2018	Insecta	Animalia
152544422	1420197	Aleurodothrips fasciapennis	2018	2018	Insecta	Animalia
152544448	1420612	Scirtothrips longipennis	2018	2018	Insecta	Animalia
152544453	1420765	Chaetanaphothrips orchidii	2018	2018	Insecta	Animalia
152544436	1420769	Aurantothrips orchidaceus	2018	2018	Insecta	Animalia
152544438	1420791	Leucothrips nigripennis	2018	2018	Insecta	Animalia
152544441	1420795	Heliothrips haemorrhoidalis	2018	2018	Insecta	Animalia
152544443	1420828	Hercinothrips bicinctus	2018	2018	Insecta	Animalia
152544445	1420829	Hercinothrips femoralis	2018	2018	Insecta	Animalia
152544431	1420846	Echinothrips americanus	2018	2023	Insecta	Animalia
152544428	1420857	Parthenothrips dracaenae	2018	2023	Insecta	Animalia
152544412	1422818	Pseudagrion microcephalum	2011	2012	Insecta	Animalia
152544407	1423286	Ischnura senegalensis	2021	2021	Insecta	Animalia
182134330	1548900	Dohrniphora cornuta	2005	2005	Insecta	Animalia
213214411	1623077	Tephritis carmen	1979	1979	Insecta	Animalia
213213773	1683815	Rhacocleis annulata	2021	2025	Insecta	Animalia
152544350	1719204	Gryllomorpha dalmatina	2021	2025	Insecta	Animalia
159748278	1728965	Tachycines asynamorus	2018	2023	Insecta	Animalia
213213908	1795068	Thysanoplusia orichalcea	2021	2021	Insecta	Animalia
213213914	1873903	Cadra figulilella	2020	2024	Insecta	Animalia
213213926	1886729	Maruca vitrata	1990	1990	Insecta	Animalia
213213928	1891245	Sufetula diminutalis	2020	2024	Insecta	Animalia
213214388	1995681	Blaptica dubia	2020	2025	Insecta	Animalia
213214399	1998083	Ectobius vittiventris	2021	2025	Insecta	Animalia
213214395	1998599	Cariblatta lutea	2020	2025	Insecta	Animalia
213214380	2000152	Periplaneta americana	2020	2025	Insecta	Animalia
213214217	2012132	Trialeurodes vaporariorum	2021	2022	Insecta	Animalia
213214212	2012520	Agonoscena succincta	2021	2021	Insecta	Animalia
213214253	2064632	Acanalonia conica	2021	2025	Insecta	Animalia
213214088	2088481	Unaspis euonymi	2016	2022	Insecta	Animalia
159748101	2110811	Mytilicola intestinalis	1950	1962	Copepoda	Animalia
159748106	2114326	Eurytemora americana	NA	NA	Copepoda	Animalia
159748111	2114446	Acartia tonsa	1952	1996	Copepoda	Animalia
159748091	2115724	Balanus trigonus	NA	NA	Maxillopoda	Animalia
152544238	2138649	Mermessus denticulatus	1997	1997	Arachnida	Animalia
152544229	2140406	Triaeris stenaspis	2018	2018	Arachnida	Animalia
152544246	2141241	Callobius nomeus	2014	2014	Arachnida	Animalia
152544257	2145078	Macrothele calpeiana	2008	2014	Arachnida	Animalia
152544253	2148040	Thanatus vulgaris	1999	1999	Arachnida	Animalia
152544205	2149761	Micropholcus fauroti	2001	2004	Arachnida	Animalia
152544202	2149847	Spermophora senoculata	1998	1998	Arachnida	Animalia
152544212	2149992	Pholcus opilionoides	2003	2006	Arachnida	Animalia
152544209	2150043	Crossopriza lyoni	2001	2006	Arachnida	Animalia
152544214	2150089	Artema atlanta	2001	2001	Arachnida	Animalia
213214657	2152793	Cupiennius getazi	1991	1991	Arachnida	Animalia
152544221	2152822	Phoneutria nigriventer	1986	1987	Arachnida	Animalia
152544182	2153712	Grammostola rosea	2008	2008	Arachnida	Animalia
152544186	2153759	Phormictopus cancerides	2008	2008	Arachnida	Animalia
152544188	2153791	Chaetopelma olivaceum	2011	2011	Arachnida	Animalia
152544194	2155557	Selenops radiatus	2004	2004	Arachnida	Animalia
152544145	2155807	Euryopis episinoides	2002	2002	Arachnida	Animalia
152544161	2157335	Hadrotarsus ornatus	1999	1999	Arachnida	Animalia
152544167	2157928	Latrodectus hasselti	1999	1999	Arachnida	Animalia
152544170	2157942	Latrodectus hesperus	2013	2013	Arachnida	Animalia
152544168	2157944	Latrodectus geometricus	2006	2006	Arachnida	Animalia
152544165	2157949	Latrodectus mactans	1967	2017	Arachnida	Animalia
152544141	2157984	Nesticodes rufipes	2004	2004	Arachnida	Animalia
152544093	2158821	Neoscona nautica	2001	2001	Arachnida	Animalia
152544085	2161467	Cerbalus	2000	2000	Arachnida	Animalia
152544080	2161710	Heteropoda venatoria	1999	2016	Arachnida	Animalia
152544084	2161911	Nolavia	2016	2016	Arachnida	Animalia
152544070	2162464	Uroctea durandi	2018	2018	Arachnida	Animalia
152544131	2164194	Cheiracanthium furculatum	2013	2024	Arachnida	Animalia
152544118	2171214	Plexippus paykulli	2001	2024	Arachnida	Animalia
152544122	2172103	Heliophanus kochii	2006	2020	Arachnida	Animalia
152544112	2172282	Pellenes geniculatus	2001	2001	Arachnida	Animalia
152544115	2172885	Evarcha jucunda	1995	2024	Arachnida	Animalia
213214732	2173887	Icius subinermis	2013	2017	Arachnida	Animalia
152544105	2176168	Phidippus	2009	2009	Arachnida	Animalia
152543911	2202641	Reductoniscus costulatus	2015	2025	Malacostraca	Animalia
152543907	2202786	Synarmadillo	2015	2018	Malacostraca	Animalia
213214464	2211487	Porcellionides cingendus	2021	2021	Malacostraca	Animalia
182134074	2219149	Grandidierella japonica	2019	2019	Malacostraca	Animalia
182134080	2220417	Neomysis americana	2012	2012	Malacostraca	Animalia
182134007	2223840	Penaeus aztecus	2018	2018	Malacostraca	Animalia
213214578	2225770	Hemigrapsus penicillatus	NA	2007	Malacostraca	Animalia
159747996	2228667	Sinelobus stanfordi	NA	NA	Malacostraca	Animalia
213214646	2234836	Daphnia ambigua	2020	2020	Branchiopoda	Animalia
213213677	2242011	Mycale micracanthoxea	2020	2020	Demospongiae	Animalia
152543820	2284443	Mastophorus	2004	2011	Chromadorea	Animalia
213213655	2285504	Yoldia limatula	2021	2026	Bivalvia	Animalia
152543744	2286079	Crassostrea virginica	1960	2017	Bivalvia	Animalia
152543797	2287668	Mercenaria mercenaria	1933	2022	Bivalvia	Animalia
152543768	2288847	Teredo navalis	1730	1970	Bivalvia	Animalia
152543766	2288859	Psiloteredo megotara	1600	2016	Bivalvia	Animalia
156872873	2292567	Cipangopaludina chinensis	2016	2021	Gastropoda	Animalia
157092291	2294131	Allopeas clavulinum	2003	2003	Gastropoda	Animalia
157092306	2295309	Hawaiia minuscula	2003	2003	Gastropoda	Animalia
157092310	2295425	Zonitoides arboreus	2003	2025	Gastropoda	Animalia
152543656	2296805	Trochoidea elegans	1976	2024	Gastropoda	Animalia
152543699	2308541	Limnodrilus cervix	2009	2016	Clitellata	Animalia
182133944	2308549	Limnodrilus maumeensis	2014	2014	Clitellata	Animalia
152543695	2308605	Potamothrix vejdovskyi	2009	2016	Clitellata	Animalia
159747758	2320810	Boccardia proboscidea	2000	2024	Polychaeta	Animalia
159747756	2320998	Boccardiella hamata	2011	2024	Polychaeta	Animalia
182133960	2321001	Boccardiella ligerica	NA	NA	Polychaeta	Animalia
152543727	2321012	Marenzelleria viridis	1995	2016	Polychaeta	Animalia
152543496	2340977	Ameiurus melas	1892	2023	NA	Animalia
213213119	2350050	Poecilia reticulata	2017	2024	NA	Animalia
152543510	2351064	Coregonus nasus	NA	NA	NA	Animalia
152543513	2351136	Coregonus peled	1978	2017	NA	Animalia
152543512	2351211	Coregonus lavaretus	NA	1998	NA	Animalia
152543517	2351413	Hucho hucho	1954	2017	NA	Animalia
152543540	2360504	Vimba vimba	2001	2017	NA	Animalia
152543535	2367033	Ballerus ballerus	2016	2016	NA	Animalia
213213114	2367913	Misgurnus bipartitus	2019	2019	NA	Animalia
182133615	2367919	Misgurnus anguillicaudatus	2006	2006	NA	Animalia
182133671	2374521	Terapon jarbua	2018	2019	NA	Animalia
152543455	2394563	Micropterus salmoides	1877	2017	NA	Animalia
159747656	2399874	Micropogonias undulatus	1998	2001	NA	Animalia
213213205	2426658	Pelophylax perezi	2005	2005	Amphibia	Animalia
213213247	2431993	Ambystoma tigrinum	1970	1970	Amphibia	Animalia
182133525	2432063	Siren intermedia	2014	2014	Amphibia	Animalia
213212327	2434126	Suricata suricatta	2021	2021	Mammalia	Animalia
152543348	2435451	Sarcophilus harrisii	2007	2018	Mammalia	Animalia
152543358	2436886	Sylvilagus floridanus	1950	2017	Mammalia	Animalia
152543309	2437232	Cynomys ludovicianus	2003	2021	Mammalia	Animalia
152543254	2441122	Ovis ammon	2018	2018	Mammalia	Animalia
182133865	2441454	Testudo hermanni	1935	2021	Testudines	Animalia
182133869	2441533	Centrochelys sulcata	2017	2017	Testudines	Animalia
182133921	2442257	Pelomedusa subrufa	2020	2020	Testudines	Animalia
182133884	2442665	Apalone ferox	2020	2020	Testudines	Animalia
182133907	2443074	Graptemys geographica	2010	2014	Testudines	Animalia
182133892	2443173	Terrapene carolina	2012	2020	Testudines	Animalia
213213129	2443339	Mauremys	2018	2018	Testudines	Animalia
182133875	2443597	Mauremys reevesii	2014	2017	Testudines	Animalia
182133846	2443876	Echis carinatus	2017	2017	Squamata	Animalia
182133832	2444141	Boa	2014	2016	Squamata	Animalia
182133843	2444221	Sistrurus	2011	2011	Squamata	Animalia
182133841	2444339	Vipera aspis	2007	2007	Squamata	Animalia
182133838	2444356	Crotalus atrox	2019	2019	Squamata	Animalia
213212513	2445496	Pachydactylus	2010	2019	Squamata	Animalia
182133852	2447367	Gekko gecko	2010	2012	Squamata	Animalia
182133849	2447418	Phelsuma	2013	2018	Squamata	Animalia
182133751	2453826	Pituophis catenifer	2010	2010	Squamata	Animalia
182133766	2453882	Boaedon	2013	2020	Squamata	Animalia
182133761	2455676	Pantherophis obsoletus	2013	2020	Squamata	Animalia
213212475	2457224	Dolichophis caspius	2021	2021	Squamata	Animalia
182133765	2457378	Rhamphiophis	2015	2015	Squamata	Animalia
213212456	2457522	Thamnophis sirtalis	2021	2022	Squamata	Animalia
213212457	2457577	Thamnophis saurita	1993	1994	Squamata	Animalia
182133776	2457825	Thamnophis	2012	2022	Squamata	Animalia
213212445	2458374	Zamenis situla	2018	2018	Squamata	Animalia
182133754	2458386	Elaphe sauromates	2014	2014	Squamata	Animalia
182133755	2458438	Elaphe schrenckii	2019	2020	Squamata	Animalia
182133763	2458916	Hierophis viridiflavus	1894	2023	Squamata	Animalia
213212540	2459603	Ctenosaura similis	2021	2022	Squamata	Animalia
182133833	2464899	Boa constrictor	2006	2023	Squamata	Animalia
182133789	2465003	Antaresia childreni	2018	2018	Squamata	Animalia
182133787	2465369	Python molurus	2010	2018	Squamata	Animalia
182133805	2465402	Physignathus cocincinus	2012	2015	Squamata	Animalia
182133799	2465641	Pogona vitticeps	2010	2019	Squamata	Animalia
182133800	2465649	Pogona henrylawsoni	2020	2020	Squamata	Animalia
182133806	2466496	Calotes	2018	2022	Squamata	Animalia
182133829	2470376	Naja melanoleuca	2020	2020	Squamata	Animalia
182133818	2470656	Varanus niloticus	2011	2018	Squamata	Animalia
213212412	2473221	Blanus	2021	2021	Squamata	Animalia
159747550	2473421	Lagopus lagopus	1890	1935	Aves	Animalia
213212630	2474045	Alectoris barbara	2021	2021	Aves	Animalia
159747487	2474416	Porphyrio porphyrio	NA	2024	Aves	Animalia
159747497	2474937	Anthropoides paradiseus	2016	2016	Aves	Animalia
213212885	2475235	Tauraco leucotis	2021	2024	Aves	Animalia
159747449	2475373	Coracias abyssinicus	NA	NA	Aves	Animalia
159747442	2475679	Ceryle rudis	NA	NA	Aves	Animalia
213212599	2479027	Lybius dubius	2020	2021	Aves	Animalia
159747388	2479308	Platycercus adscitus	2012	2025	Aves	Animalia
213212893	2479509	Neophema pulchella	2021	2021	Aves	Animalia
159747414	2479550	Agapornis roseicollis	1983	2016	Aves	Animalia
159747416	2479555	Agapornis canus	1985	2020	Aves	Animalia
159747425	2479612	Amazona ochrocephala	2007	2007	Aves	Animalia
213212904	2479694	Trichoglossus moluccanus	2015	2018	Aves	Animalia
213212937	2479720	Barnardius zonarius	2021	2022	Aves	Animalia
213212934	2479804	Pyrrhura molinae	2021	2024	Aves	Animalia
159747422	2479851	Pyrrhura perlata	2017	2017	Aves	Animalia
213212897	2479925	Alisterus scapularis	2020	2024	Aves	Animalia
159747399	2479955	Poicephalus cryptoxanthus	2001	2001	Aves	Animalia
159747407	2480102	Nandayus nenday	2013	2013	Aves	Animalia
213212951	2480317	Charadrius pecuarius	2006	2006	Aves	Animalia
159747134	2480445	Haliaeetus pelagicus	2009	2023	Aves	Animalia
159747135	2480454	Haliaeetus vocifer	2009	2024	Aves	Animalia
159747123	2480514	Aquila rapax	1997	2017	Aves	Animalia
159747126	2480568	Buteo auguralis	NA	2009	Aves	Animalia
159747153	2480762	Pluvianus aegyptius	NA	1991	Aves	Animalia
213212584	2481066	Milvago chimachima	2020	2025	Aves	Animalia
159747166	2481092	Phalcoboenus megalopterus	NA	NA	Aves	Animalia
159747162	2481104	Phoeniconaias minor	NA	2008	Aves	Animalia
213212966	2481125	Larosterna inca	2020	2020	Aves	Animalia
159747348	2481875	Phalacrocorax auritus	NA	NA	Aves	Animalia
213212570	2481915	Ciconia abdimii	2020	2022	Aves	Animalia
159747357	2481936	Mycteria ibis	NA	2026	Aves	Animalia
159747334	2482478	Corvus albicollis	1990	1990	Aves	Animalia
159747335	2482499	Corvus splendens	NA	NA	Aves	Animalia
159747339	2484103	Chrysomus icterocephalus	NA	2006	Aves	Animalia
159747343	2484133	Quiscalus major	NA	2008	Aves	Animalia
159747235	2484608	Bombycilla japonica	NA	NA	Aves	Animalia
159747223	2484628	Vidua macroura	NA	NA	Aves	Animalia
159747228	2486131	Pycnonotus cafer	NA	2005	Aves	Animalia
159747229	2486147	Pycnonotus barbatus	2016	2016	Aves	Animalia
159747269	2488960	Oriolus auratus	2017	2017	Aves	Animalia
159747257	2489071	Lamprotornis chalybaeus	2007	2009	Aves	Animalia
159747259	2489073	Lamprotornis nitens	2018	2018	Aves	Animalia
159747239	2489362	Zosterops palpebrosus	1992	1992	Aves	Animalia
159747285	2490789	Turdus dissimilis	NA	NA	Aves	Animalia
159747277	2492196	Melospiza melodia	NA	2022	Aves	Animalia
159747323	2493447	Garrulax leucolophus	1973	1973	Aves	Animalia
213212766	2493618	Lonchura striata	2009	2025	Aves	Animalia
159747309	2493697	Amandava subflava	NA	NA	Aves	Animalia
159747307	2493739	Neochmia ruficauda	2009	2013	Aves	Animalia
159747184	2494066	Ploceus jacksoni	NA	2009	Aves	Animalia
159747185	2494070	Ploceus melanocephalus	NA	2024	Aves	Animalia
159747209	2494408	Mycerobas icterioides	2005	2005	Aves	Animalia
159747213	2494514	Carpodacus roseus	NA	2000	Aves	Animalia
159747216	2494536	Pyrrhula erythaca	2004	2004	Aves	Animalia
159747219	2494787	Rhodospiza obsoleta	NA	NA	Aves	Animalia
159746953	2495342	Oena capensis	NA	NA	Aves	Animalia
159746966	2495691	Streptopelia tranquebarica	NA	2022	Aves	Animalia
213213068	2495869	Columbina passerina	2021	2021	Aves	Animalia
213213006	2497341	Megascops kennicottii	2020	2020	Aves	Animalia
159746977	2497798	Ninox connivens	NA	NA	Aves	Animalia
213213001	2497828	Ninox boobook	2020	2020	Aves	Animalia
159747111	2498054	Pteronetta hartlaubii	NA	NA	Aves	Animalia
213212687	2498061	Anas zonorhyncha	2002	2021	Aves	Animalia
159747023	2498097	Anas castanea	NA	2025	Aves	Animalia
159747024	2498104	Anas gibberifrons	2011	2011	Aves	Animalia
159747018	2498109	Anas laysanensis	2012	2012	Aves	Animalia
213212683	2498177	Netta erythrophthalma	2021	2021	Aves	Animalia
159747040	2498283	Cairina moschata	NA	NA	Aves	Animalia
159747043	2498288	Coscoroba coscoroba	NA	2023	Aves	Animalia
213212733	2498325	Bucephala islandica	1990	1990	Aves	Animalia
159747073	2498345	Cygnus buccinator	2005	2005	Aves	Animalia
159747080	2498405	Dendrocygna eytoni	2000	2000	Aves	Animalia
182132858	2502805	Kontikia ventrolineata	2016	2018	NA	Animalia
152543192	2502938	Bipalium kewense	1906	2025	NA	Animalia
213212299	2513597	Entyloma dahliae	1905	1905	Exobasidiomycetes	Fungi
152543197	2513609	Entyloma calendulae	1900	2021	Exobasidiomycetes	Fungi
213212302	2513637	Entyloma eschscholziae	2014	2018	Exobasidiomycetes	Fungi
213212282	2514345	Puccinia helianthi-mollis	NA	NA	Pucciniomycetes	Fungi
213212278	2514415	Puccinia umbilici	NA	NA	Pucciniomycetes	Fungi
213212286	2514484	Puccinia soldanellae	NA	NA	Pucciniomycetes	Fungi
213212273	2514552	Puccinia smyrnii	NA	2024	Pucciniomycetes	Fungi
213212284	2514574	Puccinia subnitens	NA	NA	Pucciniomycetes	Fungi
152543181	2515351	Puccinia oxalidis	NA	2024	Pucciniomycetes	Fungi
213212264	2515591	Uromyces dianthi	NA	NA	Pucciniomycetes	Fungi
213212268	2515673	Uromyces hedysari-obscuri	NA	NA	Pucciniomycetes	Fungi
213212261	2515982	Uromyces croci	1876	1876	Pucciniomycetes	Fungi
152543166	2516117	Gymnosporangium confusum	1879	2025	Pucciniomycetes	Fungi
152543128	2557730	Sporisorium destruens	1899	2018	Ustilaginomycetes	Fungi
152543209	2627503	Batrachochytrium dendrobatidis	2018	2018	Rhizophydiomycetes	Fungi
152547190	2650180	Botrychium simplex	1908	1908	Polypodiopsida	Plantae
152547220	2650944	Rumohra adiantiformis	1993	1993	Polypodiopsida	Plantae
213213351	2653256	Ephedra intermedia	2006	2023	Gnetopsida	Plantae
152546489	2653321	Ephedra distachya	1842	2005	Gnetopsida	Plantae
213213353	2653389	Ephedra gerardiana	1999	2021	Gnetopsida	Plantae
152547185	2687948	Equisetum scirpoides	2007	2020	Polypodiopsida	Plantae
152547170	2700646	Juncus pallescens	1893	1911	Liliopsida	Plantae
152547172	2701118	Juncus subsecundus	1921	2025	Liliopsida	Plantae
152547171	2701304	Juncus radula	1916	2024	Liliopsida	Plantae
213212686	2701564	Juncus pallidus	2021	2023	Liliopsida	Plantae
152547166	2701618	Juncus imbricatus	1911	1911	Liliopsida	Plantae
182133353	2701879	Juncus striatus	2015	2024	Liliopsida	Plantae
152547001	2702519	Eriochloa pseudoacrotricha	1904	1959	Liliopsida	Plantae
152547002	2702527	Eriochloa procera	1899	1947	Liliopsida	Plantae
213212944	2702543	Dichanthelium clandestinum	1999	2001	Liliopsida	Plantae
152546996	2702798	Echinochloa esculenta	1948	2020	Liliopsida	Plantae
152547014	2702862	Ehrharta longiflora	1911	1911	Liliopsida	Plantae
152547018	2703077	Chasmanthium latifolium	1949	2025	Liliopsida	Plantae
152547009	2703240	Dinebra retroflexa	1994	1995	Liliopsida	Plantae
152546957	2703682	Bromus briziformis	1922	1922	Liliopsida	Plantae
152546958	2703686	Bromus marginatus	1930	1954	Liliopsida	Plantae
152546952	2703696	Bromus alopecuros	1958	1958	Liliopsida	Plantae
152546955	2703704	Bromus danthoniae	1954	1955	Liliopsida	Plantae
152546964	2703720	Bromus scoparius	1827	1954	Liliopsida	Plantae
152546959	2703731	Bromus brevis	1902	1949	Liliopsida	Plantae
152546960	2703733	Bromus lanceolatus	1888	2001	Liliopsida	Plantae
152546951	2703765	Bromus arenarius	1898	1898	Liliopsida	Plantae
182133530	2703776	Bromus polyanthus	1915	1915	Liliopsida	Plantae
213212831	2703867	Leptochloa decipiens	1911	1921	Liliopsida	Plantae
152546979	2703892	Enneapogon desvauxii	1912	1912	Liliopsida	Plantae
152546982	2704112	Bothriochloa decipiens	1947	1947	Liliopsida	Plantae
152546969	2704234	Poa alpina	1850	1850	Liliopsida	Plantae
152546974	2704341	Schismus barbatus	1836	2010	Liliopsida	Plantae
152547088	2704664	Eremopyrum bonaepartis	1954	1954	Liliopsida	Plantae
152547085	2704778	Sporobolus elongatus	1951	1951	Liliopsida	Plantae
152547105	2704966	Festuca valesiaca	1824	2020	Liliopsida	Plantae
152547097	2705066	Panicum hirticaule	1969	1969	Liliopsida	Plantae
152547098	2705092	Panicum coloratum	1901	1986	Liliopsida	Plantae
152547100	2705141	Panicum antidotale	1895	1950	Liliopsida	Plantae
213212823	2705287	Avena sterilis ludoviciana	1877	2005	Liliopsida	Plantae
152547066	2705341	Eragrostis atrovirens	1948	1948	Liliopsida	Plantae
152547067	2705350	Eragrostis plana	1911	1948	Liliopsida	Plantae
152547068	2705362	Eragrostis elongata	1911	1925	Liliopsida	Plantae
152547074	2705373	Eragrostis ciliaris	1897	1897	Liliopsida	Plantae
213213148	2705391	Eragrostis cylindriflora	1921	1921	Liliopsida	Plantae
152547072	2705393	Eragrostis parviflora	1887	2025	Liliopsida	Plantae
152547076	2705422	Eragrostis leptostachya	1911	1932	Liliopsida	Plantae
152547069	2705452	Eragrostis bahiensis	1921	1947	Liliopsida	Plantae
152547034	2705587	Paspalum paniculatum	1999	1999	Liliopsida	Plantae
152547020	2705737	Oplismenus hirtellus	1901	1901	Liliopsida	Plantae
213212983	2705828	Urochloa plantaginea	2006	2006	Liliopsida	Plantae
213212987	2705848	Urochloa mutica	1950	1950	Liliopsida	Plantae
213212985	2705854	Urochloa platyphylla	1992	2007	Liliopsida	Plantae
152547030	2705869	Urochloa panicoides	1949	2009	Liliopsida	Plantae
213212988	2705875	Urochloa ramosa	2018	2018	Liliopsida	Plantae
152547032	2705932	Axonopus fissifolius	1980	1980	Liliopsida	Plantae
152547027	2705957	Eleusine coracana	1947	2004	Liliopsida	Plantae
152547139	2706003	Phleum subulatum	1895	1953	Liliopsida	Plantae
152547152	2706067	Hordeum bulbosum	1889	1900	Liliopsida	Plantae
152547150	2706070	Hordeum pusillum	1893	1893	Liliopsida	Plantae
152547155	2706190	Dactyloctenium radulans	1887	1955	Liliopsida	Plantae
152547110	2706195	Milium vernale	1844	1948	Liliopsida	Plantae
152547115	2706277	Aristida adscensionis	1939	1947	Liliopsida	Plantae
152547128	2706301	Coix lacryma-jobi	1959	1989	Liliopsida	Plantae
152547133	2706457	Agrostis nebulosa	1881	1881	Liliopsida	Plantae
152547132	2706501	Agrostis castellana	1904	2008	Liliopsida	Plantae
152547131	2706526	Agrostis exarata	1990	1991	Liliopsida	Plantae
152546759	2708808	Fimbristylis dichotoma	1911	1911	Liliopsida	Plantae
152546752	2713519	Cyperus rigens	1949	1949	Liliopsida	Plantae
152546751	2713662	Cyperus aggregatus	1887	1887	Liliopsida	Plantae
213213191	2714166	Cyperus involucratus	1953	2018	Liliopsida	Plantae
152546750	2714233	Cyperus imbricatus	1947	2021	Liliopsida	Plantae
152546749	2714301	Cyperus conglomeratus	1947	1947	Liliopsida	Plantae
152546748	2714453	Cyperus cyperoides	2000	2000	Liliopsida	Plantae
152546747	2714656	Cyperus congestus	1886	2024	Liliopsida	Plantae
152546746	2714722	Cyperus reflexus	1887	2022	Liliopsida	Plantae
152546745	2714796	Cyperus difformis	1911	1947	Liliopsida	Plantae
152546756	2714818	Cyperus rotundus	1951	2009	Liliopsida	Plantae
152546757	2715206	Cyperus exaltatus	1911	1947	Liliopsida	Plantae
152546753	2716420	Cyperus virens	1947	1947	Liliopsida	Plantae
159747332	2717402	Eleocharis mamillata austriaca	2006	2020	Liliopsida	Plantae
213213178	2723909	Carex plantaginea	2020	2021	Liliopsida	Plantae
162644337	2725229	Carex agastachys	2017	2018	Liliopsida	Plantae
213212416	2739769	Colchicum lusitanum	2013	2021	Liliopsida	Plantae
152546606	2742119	Veratrum album	1835	1893	Liliopsida	Plantae
213212581	2763962	Commelina tuberosa	1999	2008	Liliopsida	Plantae
152546723	2764202	Commelina diffusa	1997	1997	Liliopsida	Plantae
152546724	2764337	Commelina obliqua	1999	2000	Liliopsida	Plantae
152546698	2767031	Agave americana	2007	2007	Liliopsida	Plantae
213212517	2768763	Asparagus aethiopicus	2020	2020	Liliopsida	Plantae
213212503	2772206	Muscari aucheri	2021	2021	Liliopsida	Plantae
152546634	2784401	Traunsteinera globosa	1812	1812	Liliopsida	Plantae
213212557	2805420	Spiranthes cernua	2021	2025	Liliopsida	Plantae
152546644	2856504	Allium fistulosum	1850	1949	Liliopsida	Plantae
213212546	2856681	Allium sativum	2018	2025	Liliopsida	Plantae
182133271	2856891	Allium karataviense	2019	2020	Liliopsida	Plantae
213212620	2866850	Arisaema dracontium	2017	2024	Liliopsida	Plantae
152546583	2868796	Zantedeschia albomaculata	2011	2025	Liliopsida	Plantae
213212629	2869301	Lysichiton camtschatcensis	2020	2022	Liliopsida	Plantae
213212605	2870049	Pinellia tripartita	2017	2020	Liliopsida	Plantae
213212609	2871376	Spirodela punctata	2015	2016	Liliopsida	Plantae
152546215	2874019	Aristolochia rotunda	1952	1952	Magnoliopsida	Plantae
152546263	2874024	Tuberaria guttata	1837	1985	Magnoliopsida	Plantae
213215624	2874512	Cucurbita ficifolia	2020	2021	Magnoliopsida	Plantae
152546101	2874692	Frankenia pulverulenta	1835	2022	Magnoliopsida	Plantae
152546098	2874701	Tamarix canariensis	1946	1946	Magnoliopsida	Plantae
213214848	2874702	Tamarix africana	2007	2007	Magnoliopsida	Plantae
213215616	2874718	Begonia semperflorens	2005	2016	Magnoliopsida	Plantae
213215364	2879411	Quercus suber	2019	2022	Magnoliopsida	Plantae
152545865	2888298	Moneses uniflora	1850	1949	Magnoliopsida	Plantae
152545869	2888310	Orthilia secunda	1901	2024	Magnoliopsida	Plantae
152546410	2888559	Hypecoum pendulum	1903	2004	Magnoliopsida	Plantae
213215410	2888796	Cephalaria syriaca	1891	2011	Magnoliopsida	Plantae
213215401	2888799	Cephalaria alpina	1970	1970	Magnoliopsida	Plantae
213215392	2888805	Scabiosa atropurpurea	1835	2018	Magnoliopsida	Plantae
159749116	2888870	Rumex spinosus	1886	2024	Magnoliopsida	Plantae
213214875	2888945	Rumex brownii	1895	1964	Magnoliopsida	Plantae
213214880	2888955	Rumex pseudonatronatus	2011	2011	Magnoliopsida	Plantae
152546154	2888987	Rumex obovatus	1940	2020	Magnoliopsida	Plantae
152546156	2888993	Rumex bucephalophorus	1928	1928	Magnoliopsida	Plantae
152546146	2889024	Rumex confusus	2011	2017	Magnoliopsida	Plantae
152546147	2889030	Rumex altissimus	1903	1909	Magnoliopsida	Plantae
152546145	2889038	Rumex dentatus	1891	1956	Magnoliopsida	Plantae
213214915	2889198	Persicaria pensylvanica	1902	2002	Magnoliopsida	Plantae
213214903	2889358	Oxyria digyna	2020	2025	Magnoliopsida	Plantae
213214022	2890739	Geranium versicolor	2020	2025	Magnoliopsida	Plantae
213214033	2890957	Geranium renardii	2021	2025	Magnoliopsida	Plantae
152545298	2891617	Erodium brachycarpum	1903	1953	Magnoliopsida	Plantae
213214009	2891621	Erodium malacoides	2008	2021	Magnoliopsida	Plantae
213214007	2891624	Erodium cygnorum	1900	2022	Magnoliopsida	Plantae
152545297	2891628	Erodium botrys	1826	1971	Magnoliopsida	Plantae
152545265	2908428	Galium divaricatum	1900	2008	Magnoliopsida	Plantae
152545267	2914501	Galium tenuissimum	1906	1953	Magnoliopsida	Plantae
152545263	2914754	Galium verrucosum	1904	2023	Magnoliopsida	Plantae
152545257	2916822	Asperula laevigata	1823	2021	Magnoliopsida	Plantae
152545258	2916975	Asperula taurina	1861	1973	Magnoliopsida	Plantae
213215523	2925303	Lantana camara	2011	2020	Magnoliopsida	Plantae
152545795	2925492	Verbena supina	1947	1947	Magnoliopsida	Plantae
152545798	2925515	Verbena halei	1921	1940	Magnoliopsida	Plantae
152545799	2925518	Verbena brasiliensis	1993	1993	Magnoliopsida	Plantae
152545797	2925530	Verbena urticifolia	1996	2023	Magnoliopsida	Plantae
152545539	2925754	Lappula marginata	1880	1896	Magnoliopsida	Plantae
152545543	2925790	Heliotropium amplexicaule	1890	1890	Magnoliopsida	Plantae
152545536	2925877	Amsinckia tessellata	1877	1956	Magnoliopsida	Plantae
152545535	2925879	Amsinckia eastwoodiae	1924	1924	Magnoliopsida	Plantae
152545522	2926041	Nonea rosea	1828	1828	Magnoliopsida	Plantae
182134656	2926613	Origanum onites	2020	2021	Magnoliopsida	Plantae
152545777	2926686	Sideritis lanata	1907	1907	Magnoliopsida	Plantae
213215471	2927029	Salvia splendens	2008	2021	Magnoliopsida	Plantae
152545768	2927030	Salvia aethiopis	1835	1910	Magnoliopsida	Plantae
152545750	2927075	Elsholtzia ciliata	1996	2000	Magnoliopsida	Plantae
152545756	2927224	Dracocephalum thymiflorum	1893	2017	Magnoliopsida	Plantae
152545753	2927296	Stachys cretica	1872	1942	Magnoliopsida	Plantae
152545020	2927484	Cuscuta suaveolens	1976	1976	Magnoliopsida	Plantae
152545021	2927522	Cuscuta planiflora	1895	1895	Magnoliopsida	Plantae
152545482	2928153	Phacelia purshii	1893	1893	Magnoliopsida	Plantae
213213565	2928534	Ipomoea nil	1975	2023	Magnoliopsida	Plantae
152545011	2928583	Ipomoea leucantha	1997	2017	Magnoliopsida	Plantae
152545010	2928589	Ipomoea tricolor	2005	2005	Magnoliopsida	Plantae
152545008	2928624	Ipomoea hederifolia	1915	1915	Magnoliopsida	Plantae
152544968	2928766	Nicotiana longiflora	1895	1910	Magnoliopsida	Plantae
152544964	2928779	Nicotiana forgetiana	1932	2001	Magnoliopsida	Plantae
182134170	2928805	Jaltomata procumbens	2008	2009	Magnoliopsida	Plantae
213213526	2928905	Calibrachoa parviflora	1902	2025	Magnoliopsida	Plantae
152544986	2929892	Solanum elaeagnifolium	1997	1997	Magnoliopsida	Plantae
152544992	2931914	Solanum viarum	2000	2000	Magnoliopsida	Plantae
152544991	2932011	Solanum carolinense	1947	2024	Magnoliopsida	Plantae
152544995	2932501	Solanum pygmaeum	1902	1915	Magnoliopsida	Plantae
152544997	2932905	Salpiglossis sinuata	1978	2022	Magnoliopsida	Plantae
182134356	2938473	Biserrula pelecinus	1916	1916	Magnoliopsida	Plantae
159748507	2940408	Cytisophyllum sessilifolium	1949	1949	Magnoliopsida	Plantae
152545226	2947311	Cicer arietinum	1835	2024	Magnoliopsida	Plantae
152545228	2948921	Cullen americanum	1915	2023	Magnoliopsida	Plantae
152545230	2949235	Aeschynomene americana	2003	2003	Magnoliopsida	Plantae
152545231	2949250	Aeschynomene indica	1999	1999	Magnoliopsida	Plantae
213213871	2956442	Colutea orientalis	2020	2023	Magnoliopsida	Plantae
152545193	2957966	Senna occidentalis	1998	2005	Magnoliopsida	Plantae
152545212	2965209	Medicago murex	1923	1995	Magnoliopsida	Plantae
152545216	2965226	Medicago monantha	1885	1955	Magnoliopsida	Plantae
152545213	2965232	Medicago carstiensis	1896	1896	Magnoliopsida	Plantae
152545214	2965233	Medicago fischeriana	1902	1904	Magnoliopsida	Plantae
213213929	2965250	Medicago tornata	1949	1949	Magnoliopsida	Plantae
152545218	2965397	Medicago scutellata	1911	2009	Magnoliopsida	Plantae
213213935	2965405	Medicago intertexta	1858	1940	Magnoliopsida	Plantae
152545221	2965419	Medicago praecox	1887	2025	Magnoliopsida	Plantae
152545208	2965438	Medicago rigidula	1822	2023	Magnoliopsida	Plantae
152545209	2965459	Medicago doliata	1894	1940	Magnoliopsida	Plantae
152545210	2965461	Medicago turbinata	1882	1882	Magnoliopsida	Plantae
213213743	2971024	Melilotus officinalis	1983	2024	Magnoliopsida	Plantae
152545160	2971068	Melilotus wolgicus	1958	1958	Magnoliopsida	Plantae
182134308	2972703	Onobrychis caput-galli	1907	1907	Magnoliopsida	Plantae
152545184	2974826	Vicia hyrcanica	2000	2000	Magnoliopsida	Plantae
152545178	2974876	Vicia assyriaca	1960	1960	Magnoliopsida	Plantae
152545177	2974887	Vicia ervilia	1824	1963	Magnoliopsida	Plantae
152545173	2974946	Vicia dumetorum	1835	1969	Magnoliopsida	Plantae
152545176	2975097	Vicia noeana	2000	2000	Magnoliopsida	Plantae
152545172	2975257	Vicia hybrida	1876	1913	Magnoliopsida	Plantae
152545169	2975262	Vicia peregrina	1912	1994	Magnoliopsida	Plantae
152545167	2975384	Vicia benghalensis	1933	1966	Magnoliopsida	Plantae
152545168	2975393	Vicia sicula	1920	1920	Magnoliopsida	Plantae
213213847	2976091	Baptisia australis	2020	2022	Magnoliopsida	Plantae
152545144	2977222	Ononis alopecuroides	1954	1989	Magnoliopsida	Plantae
152545145	2977234	Ononis natrix	1881	1992	Magnoliopsida	Plantae
152545142	2982380	Vigna radiata	1995	2003	Magnoliopsida	Plantae
213215654	2984492	Celtis australis	2020	2025	Magnoliopsida	Plantae
213215651	2984537	Humulus scandens	1954	1955	Magnoliopsida	Plantae
213215704	2988040	Filipendula digitata	2014	2015	Magnoliopsida	Plantae
213215669	3000384	Pourthiaea beauverdiana	1999	1999	Magnoliopsida	Plantae
152544876	3002263	Rosa majalis	1850	1963	Magnoliopsida	Plantae
152544877	3002372	Rosa blanda	1861	1959	Magnoliopsida	Plantae
213215724	3002530	Rosa gallica	2000	2025	Magnoliopsida	Plantae
152544909	3012117	Sorbaria tomentosa	2000	2020	Magnoliopsida	Plantae
213215741	3012426	Sorbus latifolia	2013	2020	Magnoliopsida	Plantae
213215659	3025764	Cotoneaster adpressus	2010	2015	Magnoliopsida	Plantae
213215728	3026402	Spiraea thunbergii	2020	2025	Magnoliopsida	Plantae
213215730	3026426	Spiraea brachybotrys	1947	1947	Magnoliopsida	Plantae
213215729	3026906	Spiraea cantoniensis	2011	2020	Magnoliopsida	Plantae
152544851	3028431	Alchemilla conjuncta	1830	1884	Magnoliopsida	Plantae
152544853	3028586	Alchemilla tytthantha	1960	1971	Magnoliopsida	Plantae
152544699	3032646	Heuchera micrantha	2005	2016	Magnoliopsida	Plantae
213213689	3032762	Saxifraga stolonifera	1955	2021	Magnoliopsida	Plantae
152546350	3033584	Clematis jackmanii	2009	2013	Magnoliopsida	Plantae
213214350	3033839	Podophyllum peltatum	2020	2021	Magnoliopsida	Plantae
213214364	3033868	Berberis aquifolium	1906	2020	Magnoliopsida	Plantae
213214363	3033888	Mahonia bealei	2016	2025	Magnoliopsida	Plantae
152544624	3034552	Bupleurum odontites	1906	2015	Magnoliopsida	Plantae
182134023	3036157	Hedera hibernica	2008	2024	Magnoliopsida	Plantae
152544480	3036958	Aralia racemosa	1972	1975	Magnoliopsida	Plantae
152544478	3037015	Aralia cordata	1915	1948	Magnoliopsida	Plantae
152544761	3039418	Ziziphus lotus	2006	2009	Magnoliopsida	Plantae
152545472	3040253	Reseda phyteuma	1903	2005	Magnoliopsida	Plantae
152545409	3040913	Conringia orientalis	1835	1996	Magnoliopsida	Plantae
152545410	3040923	Conringia austriaca	1893	1893	Magnoliopsida	Plantae
152545404	3041109	Cordylocarpus muricatus	1950	1950	Magnoliopsida	Plantae
152545387	3042399	Camelina alyssum	1813	1946	Magnoliopsida	Plantae
152545388	3042439	Camelina rumelica	1893	1972	Magnoliopsida	Plantae
152545393	3042889	Brassica elongata integrifolia	1886	1912	Magnoliopsida	Plantae
152545437	3044201	Descurainia incisa	1893	1893	Magnoliopsida	Plantae
152545431	3045006	Alyssum hirsutum	1879	1879	Magnoliopsida	Plantae
152545429	3045042	Alyssum simplex	1850	1924	Magnoliopsida	Plantae
213214614	3045082	Alyssum turkestanicum	1864	1910	Magnoliopsida	Plantae
152545427	3045193	Alyssum strigosum	1909	1909	Magnoliopsida	Plantae
213214517	3045473	Noccaea brachypetala	1949	1973	Magnoliopsida	Plantae
152545424	3046092	Cardamine parviflora	1850	2025	Magnoliopsida	Plantae
152545417	3046778	Sisymbrium septulatum	1954	1954	Magnoliopsida	Plantae
152545415	3046839	Sisymbrium runcinatum	2004	2004	Magnoliopsida	Plantae
213214647	3047147	Neslia paniculata thracica	1866	1927	Magnoliopsida	Plantae
152545466	3047633	Sinapis alba dissecta	1882	1951	Magnoliopsida	Plantae
213214628	3048073	Erysimum collisparsum	1893	1941	Magnoliopsida	Plantae
152545461	3048288	Erysimum diffusum	1877	1896	Magnoliopsida	Plantae
213214625	3048397	Erysimum bicolor	2021	2025	Magnoliopsida	Plantae
152545462	3048532	Erysimum marshallii	2000	2025	Magnoliopsida	Plantae
152545455	3050357	Bunias erucago	1854	2024	Magnoliopsida	Plantae
213214566	3053399	Rorippa pyrenaica	1854	1999	Magnoliopsida	Plantae
152545439	3053950	Enarthrocarpus lyratus	1892	1893	Magnoliopsida	Plantae
213215372	3054366	Juglans ailantifolia	2021	2022	Magnoliopsida	Plantae
152546431	3056259	Acalypha indica	2003	2003	Magnoliopsida	Plantae
213214730	3056384	Acalypha rhomboidea	2021	2025	Magnoliopsida	Plantae
152546433	3060710	Manihot grahamii	2017	2017	Magnoliopsida	Plantae
152546439	3065883	Euphorbia glyptosperma	2003	2003	Magnoliopsida	Plantae
213214720	3066321	Euphorbia hypericifolia	1998	1998	Magnoliopsida	Plantae
152546449	3067869	Euphorbia chamaesyce	2000	2008	Magnoliopsida	Plantae
152546452	3069300	Euphorbia vermiculata	2007	2020	Magnoliopsida	Plantae
152546454	3070346	Euphorbia nutans	1995	2023	Magnoliopsida	Plantae
152546459	3079631	Andrachne telephioides	1947	1947	Magnoliopsida	Plantae
213214664	3082270	Cornus canadensis	2020	2022	Magnoliopsida	Plantae
152545893	3082297	Limonium sinuatum	1952	2024	Magnoliopsida	Plantae
152545960	3083603	Polycnemum arvense	1835	1903	Magnoliopsida	Plantae
152545964	3083657	Atriplex oblongifolia	1850	1850	Magnoliopsida	Plantae
213214957	3083659	Atriplex eardleyae	1906	1906	Magnoliopsida	Plantae
152545967	3083667	Atriplex semibaccata	1947	1947	Magnoliopsida	Plantae
152545972	3083746	Atriplex holocarpa	1906	1953	Magnoliopsida	Plantae
152545970	3083763	Atriplex sibirica	1967	1967	Magnoliopsida	Plantae
152545973	3083771	Atriplex suberecta	1903	1954	Magnoliopsida	Plantae
152545987	3083905	Chenopodium suecicum	1971	2008	Magnoliopsida	Plantae
152545985	3083921	Chenopodium pratericola	1893	1953	Magnoliopsida	Plantae
152545986	3083934	Chenopodium hircinum	1874	1983	Magnoliopsida	Plantae
152546002	3084616	Glinus lotoides	1911	1911	Magnoliopsida	Plantae
159749078	3084693	Calandrinia ciliata	1956	1956	Magnoliopsida	Plantae
213214852	3084748	Claytonia perfoliata	1859	2020	Magnoliopsida	Plantae
182135028	3084872	Drosanthemum floribundum	2018	2018	Magnoliopsida	Plantae
152546028	3084883	Sesuvium portulacastrum	1907	1907	Magnoliopsida	Plantae
152545994	3084922	Alternanthera paronychioides	1911	1911	Magnoliopsida	Plantae
152545995	3084939	Alternanthera sessilis	1911	1951	Magnoliopsida	Plantae
152545996	3084949	Alternanthera pungens	1949	1949	Magnoliopsida	Plantae
152545997	3084958	Alternanthera caracasana	1947	1948	Magnoliopsida	Plantae
182135058	3085196	Celosia cristata	2019	2019	Magnoliopsida	Plantae
152546077	3085412	Dianthus plumarius	1850	2025	Magnoliopsida	Plantae
152546087	3085435	Cerastium dichotomum	1954	1955	Magnoliopsida	Plantae
152546085	3085622	Petrorhagia nanteuilii	1992	1992	Magnoliopsida	Plantae
152544415	3088405	Leucanthemella serotina	1928	2021	Magnoliopsida	Plantae
152544404	3088652	Guizotia schimperi	2015	2015	Magnoliopsida	Plantae
182134955	3089140	Xanthium ambrosioides	1906	1954	Magnoliopsida	Plantae
213215227	3089142	Xanthium albinum	2020	2020	Magnoliopsida	Plantae
213215182	3089549	Centaurea depressa	1909	1922	Magnoliopsida	Plantae
152544430	3090783	Prenanthes purpurea	1850	2024	Magnoliopsida	Plantae
213215103	3092083	Coleostephus myconis	2014	2023	Magnoliopsida	Plantae
152544419	3092125	Acmella	1955	1955	Magnoliopsida	Plantae
152544368	3092604	Leysera tenella	1911	1911	Magnoliopsida	Plantae
152544363	3092782	Euthamia graminifolia	1900	2024	Magnoliopsida	Plantae
152544355	3093891	Hypochaeris microcephala	1895	1895	Magnoliopsida	Plantae
152544381	3094899	Onopordum macracanthum	1973	1973	Magnoliopsida	Plantae
182134960	3095939	Erigeron huelsenii	2008	2008	Magnoliopsida	Plantae
152544336	3098176	Calotis hispidula	1898	1949	Magnoliopsida	Plantae
152544338	3098183	Calotis lappulacea	1902	1940	Magnoliopsida	Plantae
152544339	3098186	Calotis cuneifolia	1895	1963	Magnoliopsida	Plantae
152544353	3100375	Acanthospermum hispidum	1997	2022	Magnoliopsida	Plantae
152544343	3100968	Pseudognaphalium undulatum	1893	2025	Magnoliopsida	Plantae
213215166	3103158	Gamochaeta americana	2021	2025	Magnoliopsida	Plantae
152544300	3103180	Gamochaeta antillana	1901	2025	Magnoliopsida	Plantae
152544312	3104078	Heteranthemis viscidehirta	1954	1954	Magnoliopsida	Plantae
152544274	3107177	Senecio pterophorus	1892	1908	Magnoliopsida	Plantae
213215061	3107362	Senecio saracenicus	2013	2021	Magnoliopsida	Plantae
213215062	3107661	Senecio quadridentatus	1893	1893	Magnoliopsida	Plantae
152544273	3107896	Senecio gallicus	1850	1850	Magnoliopsida	Plantae
213215060	3108121	Senecio glossanthus	1893	1893	Magnoliopsida	Plantae
152544292	3110041	Amphiachyris dracunculoides	1991	1991	Magnoliopsida	Plantae
152544222	3110293	Facelis retusa	1895	1895	Magnoliopsida	Plantae
213215216	3110905	Scorzonera hispanica	1835	2017	Magnoliopsida	Plantae
159748815	3111758	Zinnia violacea	2011	2018	Magnoliopsida	Plantae
152544239	3112098	Cotula turbinata	1947	1951	Magnoliopsida	Plantae
152544235	3112123	Cotula anthemoides	1896	1896	Magnoliopsida	Plantae
152544166	3112994	Cirsium subalpinum	1972	2022	Magnoliopsida	Plantae
152544191	3114343	Athanasia trifurcata	1909	1912	Magnoliopsida	Plantae
152544203	3114679	Carduus hamulosus	1876	1877	Magnoliopsida	Plantae
152544130	3115131	Sinacalia tangutica	2004	2004	Magnoliopsida	Plantae
152544142	3118216	Tanacetum corymbosum	1809	1988	Magnoliopsida	Plantae
152544154	3119191	Helianthus debilis	1911	1954	Magnoliopsida	Plantae
152544153	3119219	Helianthus salicifolius	1952	2021	Magnoliopsida	Plantae
152544150	3119225	Helianthus petiolaris	1949	2024	Magnoliopsida	Plantae
152544060	3119285	Erigeron philadelphicus	1945	2024	Magnoliopsida	Plantae
152544045	3120066	Achillea setacea	1885	1886	Magnoliopsida	Plantae
152544041	3120391	Achillea ageratum	1953	1960	Magnoliopsida	Plantae
152544036	3120713	Artemisia scoparia	1911	2008	Magnoliopsida	Plantae
213215089	3121088	Artemisia alba	2011	2024	Magnoliopsida	Plantae
213215087	3121228	Artemisia tournefortiana	2008	2008	Magnoliopsida	Plantae
213215085	3121474	Artemisia rubripes	2012	2012	Magnoliopsida	Plantae
213215086	3121547	Artemisia mongolica	2019	2019	Magnoliopsida	Plantae
213215088	3121593	Artemisia gmelinii	2009	2021	Magnoliopsida	Plantae
152544026	3121668	Artemisia austriaca	1944	2023	Magnoliopsida	Plantae
152544016	3122190	Amberboa moschata	1952	1952	Magnoliopsida	Plantae
152544087	3123300	Pilosella fuscoatra	2006	2006	Magnoliopsida	Plantae
152544073	3125765	Stuartina muelleri	1906	1914	Magnoliopsida	Plantae
213215151	3125893	Sigesbeckia jorullensis	2020	2021	Magnoliopsida	Plantae
152544069	3125901	Sigesbeckia orientalis	1940	1965	Magnoliopsida	Plantae
152544067	3125933	Santolina chamaecyparissus	1953	2025	Magnoliopsida	Plantae
152544065	3125944	Santolina rosmarinifolia	1912	1912	Magnoliopsida	Plantae
152544062	3126046	Erigeron pampeanus	1911	1911	Magnoliopsida	Plantae
152543971	3127837	Centaurea hyalolepis	1954	1955	Magnoliopsida	Plantae
152543970	3128007	Centaurea orientalis	1893	1894	Magnoliopsida	Plantae
152543973	3128166	Centaurea aspera	1872	1983	Magnoliopsida	Plantae
152543969	3128437	Centaurea glaberrima	1850	1850	Magnoliopsida	Plantae
213215214	3132567	Galinsoga quadriradiata	1981	2022	Magnoliopsida	Plantae
152543997	3133702	Adenostyles alliariae	1971	1971	Magnoliopsida	Plantae
213215120	3137579	Galactites tomentosa	1912	1923	Magnoliopsida	Plantae
152543990	3137629	Rhodanthe floribunda	1894	1894	Magnoliopsida	Plantae
159748874	3137686	Rhodanthe stricta	1891	1891	Magnoliopsida	Plantae
213215231	3138949	Melampodium divaricatum	2010	2010	Magnoliopsida	Plantae
152543890	3138953	Melampodium perfoliatum	1995	2005	Magnoliopsida	Plantae
152543898	3140910	Madia sativa	1941	1941	Magnoliopsida	Plantae
152543893	3141046	Centromadia pungens	1922	1922	Magnoliopsida	Plantae
152543930	3141571	Mantisalca salmantica	1877	1890	Magnoliopsida	Plantae
152543935	3142974	Doronicum excelsum	1867	2020	Magnoliopsida	Plantae
159748887	3145375	Deinandra fasciculata	1922	1922	Magnoliopsida	Plantae
152543915	3146219	Grindelia squarrosa	1920	2022	Magnoliopsida	Plantae
152543874	3147913	Verbesina encelioides	1950	1970	Magnoliopsida	Plantae
152543867	3148548	Anacyclus valentinus	1913	1932	Magnoliopsida	Plantae
152543870	3148560	Anacyclus radiatus	1998	2009	Magnoliopsida	Plantae
152544394	3151666	Symphyotrichum racemosum	1947	1947	Magnoliopsida	Plantae
152544392	3151692	Symphyotrichum ciliatum	2003	2010	Magnoliopsida	Plantae
152546256	3152723	Sidalcea candida	1920	1929	Magnoliopsida	Plantae
213213627	3152839	Cercidiphyllum japonicum	2014	2020	Magnoliopsida	Plantae
152545825	3169329	Androsace maxima	1954	1987	Magnoliopsida	Plantae
213215253	3170260	Asclepias speciosa	2021	2021	Magnoliopsida	Plantae
182134600	3170862	Scrophularia peregrina	2020	2025	Magnoliopsida	Plantae
152545617	3170878	Scrophularia lanceolata	1901	1901	Magnoliopsida	Plantae
152545624	3171946	Verbascum sinuatum	1831	2023	Magnoliopsida	Plantae
152545685	3172066	Veronica campylopoda	1955	1955	Magnoliopsida	Plantae
152545568	3172127	Calceolaria chelidonioides	1941	1995	Magnoliopsida	Plantae
213215417	3172276	Osmanthus heterophyllus	2021	2024	Magnoliopsida	Plantae
152545583	3172343	Fraxinus latifolia	2008	2009	Magnoliopsida	Plantae
152545595	3172622	Sesamum indicum	2004	2004	Magnoliopsida	Plantae
152543405	3188735	Lythrum virgatum	1953	2024	Magnoliopsida	Plantae
152543476	3188838	Oenothera perennis	1943	1943	Magnoliopsida	Plantae
213213437	3188847	Oenothera affinis	1909	1909	Magnoliopsida	Plantae
152543478	3188867	Oenothera laciniata	1893	2020	Magnoliopsida	Plantae
152543480	3188875	Oenothera rosea	1835	2025	Magnoliopsida	Plantae
213215549	3189696	Plantago aristata	2011	2014	Magnoliopsida	Plantae
152545671	3189723	Plantago ovata	1906	1956	Magnoliopsida	Plantae
152545673	3189760	Plantago heterophylla	1895	1895	Magnoliopsida	Plantae
152543351	3189935	Cardiospermum grandiflorum	1959	1959	Magnoliopsida	Plantae
182135018	3190715	Aldrovanda vesiculosa	2020	2020	Magnoliopsida	Plantae
152545886	3190845	Drosera linearis	2006	2006	Magnoliopsida	Plantae
152543102	3202936	Aphanomyces astaci	2018	2018	Peronosporea	Chromista
182133994	3266899	Lampropeltis	2011	2014	Trilobita	Animalia
152543176	3376286	Puccinia pazschkei	1895	1895	Pucciniomycetes	Fungi
213212271	3377362	Puccinia porphyrogenita	NA	NA	Pucciniomycetes	Fungi
159748679	3602227	Papaver setigerum	1997	2020	Magnoliopsida	Plantae
152544605	3631129	Eryngium giganteum	1978	2025	Magnoliopsida	Plantae
152544569	3637112	Scandix iberica	1908	1955	Magnoliopsida	Plantae
152544567	3637507	Scandix balansae	1997	1997	Magnoliopsida	Plantae
213215302	3638303	Orlaya daucoides	2000	2016	Magnoliopsida	Plantae
152544622	3638793	Bupleurum fruticosum	1975	2022	Magnoliopsida	Plantae
152544619	3639326	Bupleurum croceum	1938	2004	Magnoliopsida	Plantae
213215283	3639337	Sanicula epipactis	2021	2021	Magnoliopsida	Plantae
152544552	3641853	Daucus durieua	1938	2022	Magnoliopsida	Plantae
152544942	3645346	Philadelphus virginalis	2008	2008	Magnoliopsida	Plantae
152543500	3665966	Epilobium floridulum	1965	2007	Magnoliopsida	Plantae
213213452	3666059	Oenothera glazioviana rubricalyx	2014	2016	Magnoliopsida	Plantae
152543458	3667406	Oenothera curtiflora	1958	1958	Magnoliopsida	Plantae
152543463	3667628	Oenothera nuda	1933	2007	Magnoliopsida	Plantae
152543462	3667721	Oenothera wratislaviensis	2004	2007	Magnoliopsida	Plantae
152545005	3678949	Calystegia pulchra	1931	2024	Magnoliopsida	Plantae
213214564	3693336	Rorippa anceps	2016	2022	Magnoliopsida	Plantae
213213379	3697259	Nymphaea marliacea	2005	2021	Magnoliopsida	Plantae
213214828	3707394	Delosperma cooperi	2012	2021	Magnoliopsida	Plantae
152545609	3725805	Hebenstretia integrifolia	1862	1962	Magnoliopsida	Plantae
152545565	3728894	Phelipanche ramosa	1792	2000	Magnoliopsida	Plantae
152545678	3732995	Veronica ceratocarpa	1854	1874	Magnoliopsida	Plantae
213215497	3736228	Scrophularia pyrenaica	1985	2021	Magnoliopsida	Plantae
152545622	3741432	Verbascum banaticum	1908	1908	Magnoliopsida	Plantae
213213226	3746867	Cheilanthes viridis macrophylla	2005	2005	Polypodiopsida	Plantae
152544692	3753098	Saxifraga cymbalaria	1977	1977	Magnoliopsida	Plantae
152544691	3754353	Saxifraga urbium	1908	2025	Magnoliopsida	Plantae
213214932	3755928	Chenopodium album missouriense	2003	2003	Magnoliopsida	Plantae
213214934	3757050	Chenopodium berlandieri bushianum	1952	1952	Magnoliopsida	Plantae
152545981	3757189	Chenopodium auricomiforme	1911	1911	Magnoliopsida	Plantae
159749099	3757457	Chenopodium polygonoides	1951	1951	Magnoliopsida	Plantae
213214935	3757660	Chenopodium pelgrimsianum	1952	1952	Magnoliopsida	Plantae
213214949	3759032	Corispermum tylocarpum	2009	2009	Magnoliopsida	Plantae
152545963	3760099	Atriplex sagittata	1853	2023	Magnoliopsida	Plantae
213213724	3790832	Euonymus oxyphyllus	2009	2021	Magnoliopsida	Plantae
152544961	3798835	Nicotiana velutina	1912	1912	Magnoliopsida	Plantae
213213501	3799170	Nicotiana sanderae	1931	2020	Magnoliopsida	Plantae
213214004	3826756	Erodium meynieri	1970	1970	Magnoliopsida	Plantae
152545284	3827967	Monsonia brevirostrata	1908	2022	Magnoliopsida	Plantae
152545296	3827980	Erodium crinitum	1889	2023	Magnoliopsida	Plantae
152545295	3828217	Erodium chium	1948	1948	Magnoliopsida	Plantae
213214016	3828342	Erodium carolinianum	1922	2022	Magnoliopsida	Plantae
213214266	3837891	Skimmia reevesiana	2015	2021	Magnoliopsida	Plantae
152544759	3875113	Ceanothus delilianus	1992	2007	Magnoliopsida	Plantae
213215472	3882686	Salvia uliginosa	2021	2021	Magnoliopsida	Plantae
152545752	3885185	Stachys atherocalyx	1922	1922	Magnoliopsida	Plantae
213215453	3890974	Pycnanthemum verticillatum pilosum	2018	2018	Magnoliopsida	Plantae
152545736	3895710	Teucrium lucidrys	2011	2018	Magnoliopsida	Plantae
213215469	3898065	Salvia lavandulifolia gallica	1900	1900	Magnoliopsida	Plantae
152545743	3905970	Marrubium peregrinum	1835	1912	Magnoliopsida	Plantae
152546348	3921611	Clematis flammula	1869	2025	Magnoliopsida	Plantae
152546234	3937506	Corynabutilon suntense	2006	2006	Magnoliopsida	Plantae
213215335	3941038	Malva preissiana	1948	2022	Magnoliopsida	Plantae
182134368	3966627	Cullen cinereum	1911	2023	Magnoliopsida	Plantae
182134288	3967193	Caragana halodendron	1953	1953	Magnoliopsida	Plantae
213213747	3973495	Vicia eriocarpa	1877	2021	Magnoliopsida	Plantae
152546371	3981814	Berberis wilsoniae	2012	2020	Magnoliopsida	Plantae
152546373	3981817	Berberis interposita	2017	2017	Magnoliopsida	Plantae
213214346	3982013	Epimedium pubigerum	2020	2020	Magnoliopsida	Plantae
213214366	3982284	Mahonia wagneri	2010	2020	Magnoliopsida	Plantae
152543401	3989886	Lythrum acutangulum	1874	1989	Magnoliopsida	Plantae
152545821	4007682	Lysimachia linum-stellatum	1858	1858	Magnoliopsida	Plantae
152546659	4013762	Narcissus cyclazetta	2011	2024	Liliopsida	Plantae
213214842	4022910	Portulaca macrantha	1948	2013	Magnoliopsida	Plantae
152546009	4023424	Portulaca trituberculata	1865	2011	Magnoliopsida	Plantae
152546143	4036957	Rumex pulcher pulcher	1903	2002	Magnoliopsida	Plantae
152545611	4055853	Buddleja albiflora	1945	2025	Magnoliopsida	Plantae
213214139	4059971	Glandora diffusa	2020	2023	Magnoliopsida	Plantae
152545529	4064572	Cynoglossum clandestinum	1948	1948	Magnoliopsida	Plantae
182134689	4067112	Symphytum orientale	2020	2023	Magnoliopsida	Plantae
213214091	4068166	Echium pininana	2020	2020	Magnoliopsida	Plantae
213214922	4088624	Limonium platyphyllum	2020	2025	Magnoliopsida	Plantae
152546297	4095186	Valeriana pyrenaica	1957	1957	Magnoliopsida	Plantae
152546305	4095244	Valerianella vesicaria	1850	1850	Magnoliopsida	Plantae
213215405	4103351	Lomelosia caucasica	2020	2020	Magnoliopsida	Plantae
213215383	4103685	Scabiosa nitens	2016	2021	Magnoliopsida	Plantae
213212695	4104665	Avellinia festucoides	1986	1986	Liliopsida	Plantae
152546943	4104718	Austrostipa verticillata	1953	1963	Liliopsida	Plantae
152546944	4104890	Austrostipa scabra falcata	1896	1896	Liliopsida	Plantae
152546945	4105208	Austrostipa nitida	1902	1902	Liliopsida	Plantae
152547162	4105652	Amphibromus recurvatus	1904	1904	Liliopsida	Plantae
213212701	4105744	Austrodanthonia racemosa	1893	1948	Liliopsida	Plantae
152547160	4107552	Alopecurus magellanicus	1912	1912	Liliopsida	Plantae
152547158	4108297	Oxychloris scariosa	1921	1921	Liliopsida	Plantae
152546968	4110879	Poa sieberiana	1947	1947	Liliopsida	Plantae
152547062	4111606	Eragrostis rotifer	1950	1950	Liliopsida	Plantae
213212782	4113111	Festuca octoflora	1889	1889	Liliopsida	Plantae
152547095	4113402	Panicum decompositum	1905	1905	Liliopsida	Plantae
152547063	4113766	Eragrostis dielsii	1904	1947	Liliopsida	Plantae
213212866	4114858	Poa persica	1957	1957	Liliopsida	Plantae
152547093	4116709	Panicum laevinode	1904	1950	Liliopsida	Plantae
152547061	4117648	Eragrostis bicolor	1911	1911	Liliopsida	Plantae
152546993	4118753	Echinochloa jubata	1908	1908	Liliopsida	Plantae
213213060	4121049	Secale strictum	1908	1908	Liliopsida	Plantae
152546936	4121201	Rytidosperma thomsonii	1911	1911	Liliopsida	Plantae
213212776	4121365	Festuca ligustica	1871	1929	Liliopsida	Plantae
152546950	4122609	Bromus pectinatus	1881	1909	Liliopsida	Plantae
152547104	4123970	Festuca gautieri	1991	1991	Liliopsida	Plantae
152546938	4125110	Harpachne schimperi	1947	1947	Liliopsida	Plantae
152546940	4125808	Thinopyrum elongatum	1823	1959	Liliopsida	Plantae
152547113	4126800	Aristida hordeacea	1884	1884	Liliopsida	Plantae
152546921	4127831	Stipa pennata	1824	1892	Liliopsida	Plantae
152546948	4128347	Bromus intermedius	1952	1952	Liliopsida	Plantae
152547114	4128792	Aristida congesta	1947	1950	Liliopsida	Plantae
213212780	4128881	Festuca antucensis	1910	1910	Liliopsida	Plantae
213212775	4129351	Festuca alopecuros	1948	1992	Liliopsida	Plantae
152546923	4130246	Stipagrostis pungens	1947	1947	Liliopsida	Plantae
152546930	4131963	Digitaria acuminatissima	1947	1947	Liliopsida	Plantae
213213046	4132010	Pleioblastus distichus	2018	2018	Liliopsida	Plantae
213212834	4132112	Leptochloa panicea brachiata	1900	1947	Liliopsida	Plantae
213213048	4132188	Pleioblastus argenteostriatus	2011	2011	Liliopsida	Plantae
213212833	4132902	Leptochloa decipiens peacockii	1911	1947	Liliopsida	Plantae
159747527	4134265	Anthosachne scabra	1895	1921	Liliopsida	Plantae
152547000	4134508	Eriochloa crebra	1895	1947	Liliopsida	Plantae
152546999	4134633	Eriochloa australiensis	1911	1911	Liliopsida	Plantae
213212700	4135683	Rytidosperma setaceum	1893	1947	Liliopsida	Plantae
152546905	4135892	Lachnagrostis lachnantha	1891	1959	Liliopsida	Plantae
152546906	4136060	Lachnagrostis billardierei	1911	1911	Liliopsida	Plantae
152546935	4136338	Rytidosperma gracile	1911	1912	Liliopsida	Plantae
152546909	4136390	Aeluropus littoralis	1853	1853	Liliopsida	Plantae
152546981	4136695	Bothriochloa macra	1911	1947	Liliopsida	Plantae
213212810	4138275	Zuloagaea bulbosa	1949	1949	Liliopsida	Plantae
152546913	4138669	Pholiurus pannonicus	1950	1950	Liliopsida	Plantae
152547137	4139625	Phleum hirsutum	1835	1835	Liliopsida	Plantae
152547138	4139894	Phleum echinatum	1923	1949	Liliopsida	Plantae
152546896	4142153	Desmazeria sicula	1889	1917	Liliopsida	Plantae
213212844	4142335	Achnatherum bromoides	1948	1948	Liliopsida	Plantae
152547055	4142399	Eragrostis procumbens	1921	1947	Liliopsida	Plantae
152547054	4142741	Eragrostis planiculmis	1947	1947	Liliopsida	Plantae
152547053	4143386	Eragrostis papposa	1955	1955	Liliopsida	Plantae
152547059	4143702	Eragrostis obtusa	1911	1911	Liliopsida	Plantae
152547058	4143852	Eragrostis nigra	1913	1913	Liliopsida	Plantae
152547057	4143912	Eragrostis neesii	1895	1895	Liliopsida	Plantae
152547056	4145354	Eragrostis leptocarpa	1904	1947	Liliopsida	Plantae
152546898	4146512	Puccinellia stricta	1901	1911	Liliopsida	Plantae
213213104	4146851	Pentameris airoides	1911	1912	Liliopsida	Plantae
152547147	4148661	Hordeum flexuosum	1886	1948	Liliopsida	Plantae
152547148	4148721	Hordeum euclaston	1906	1907	Liliopsida	Plantae
152547149	4149167	Hordeum comosum	1891	1902	Liliopsida	Plantae
213213143	4149175	Eragrostis brownii	1920	1920	Liliopsida	Plantae
152547060	4150636	Eragrostis alveiformis	1924	1948	Liliopsida	Plantae
152547084	4151306	Sporobolus caroli	1911	1947	Liliopsida	Plantae
152546900	4152037	Helictotrichon sempervirens	1981	1981	Liliopsida	Plantae
152546978	4152153	Enneapogon scaber	1912	1912	Liliopsida	Plantae
152547083	4152259	Sporobolus africanus	1911	2005	Liliopsida	Plantae
213212744	4154206	Polypogon imberbis	1895	1995	Liliopsida	Plantae
152547043	4154800	Avena brevis	1885	1909	Liliopsida	Plantae
213212997	4155246	Moorochloa eruciformis	1947	1949	Liliopsida	Plantae
213213642	4202184	Hylotelephium anacampseros	1850	1850	Magnoliopsida	Plantae
213215374	4205304	Pterocarya rehderiana	1995	2019	Magnoliopsida	Plantae
152544198	4210773	Carduus vivariensis	1897	1965	Magnoliopsida	Plantae
213215030	4211074	Carduus theriotii	1850	1892	Magnoliopsida	Plantae
182134919	4211590	Lactuca macrophylla uralensis	1948	2020	Magnoliopsida	Plantae
213215223	4230874	Doronicum willdenowii	1824	2020	Magnoliopsida	Plantae
213215122	4233822	Vittadinia dentata	1892	1892	Magnoliopsida	Plantae
152543845	4243464	Hieracium speciosum	1850	1850	Magnoliopsida	Plantae
213215179	4248063	Hieracium pulmonarioides spelaeum	1873	2020	Magnoliopsida	Plantae
152543957	4250826	Centaurea nemenyiana	1840	1840	Magnoliopsida	Plantae
152544178	4255472	Rudbeckia amplexicaulis	1950	1950	Magnoliopsida	Plantae
152544576	4271356	Heracleum sphondylium sibiricum	2017	2024	Magnoliopsida	Plantae
213214087	4273336	Amsinckia menziesii intermedia	2019	2021	Magnoliopsida	Plantae
152543417	4285694	Oreochromis niloticus	1990	1990	NA	Animalia
182133728	4287413	Anolis sagrei	2018	2018	Squamata	Animalia
152543692	4307880	Potamothrix heuscheri	2014	2014	Clitellata	Animalia
152543942	4314702	Monocorophium sextonae	1993	2016	Malacostraca	Animalia
152543178	4344674	Dendrocoelum romanodanubiale	2001	2016	NA	Animalia
213213694	4346612	Anguillicola crassus	NA	NA	Chromadorea	Animalia
213213431	4368880	Columbella rustica	2021	2023	Gastropoda	Animalia
152544597	4401285	Dorypteryx longipennis	2020	2025	Insecta	Animalia
152543682	4410056	Psammoryctides moravicus	2008	2016	Clitellata	Animalia
152543671	4410150	Monopylephorus limosus	2002	2016	Clitellata	Animalia
182132848	4416161	Dolichoplana striata	2018	2018	NA	Animalia
152543987	4416920	Synurella ambulans	2003	2016	Malacostraca	Animalia
213214511	4417132	Chaetogammarus trichiatus	2009	2016	Malacostraca	Animalia
152544541	4453195	Carpophilus obsoletus	2018	2018	Insecta	Animalia
156873354	4467502	Otiorhynchus indefinitus	2013	2018	Insecta	Animalia
213214179	4485839	Apodiphus amygdali	2018	2018	Insecta	Animalia
213214043	4486432	Dieuches armatipes	2022	2023	Insecta	Animalia
152544272	4487282	Fulvius anthocoroides	2008	2018	Insecta	Animalia
213214121	4487598	Closterotomus trivialis	2017	2025	Insecta	Animalia
213214116	4487660	Dichrooscytus gustavi	2020	2020	Insecta	Animalia
182134272	4528099	Tuta absoluta	2011	2021	Insecta	Animalia
213214809	4544661	Aceria ilicis	2015	2025	Arachnida	Animalia
213214815	4544759	Aceria heteronyx	2012	2022	Arachnida	Animalia
213214832	4549071	Varroa jacobsoni	1985	2018	Arachnida	Animalia
152544136	4550810	Cryptachaea veruculata	1992	1992	Arachnida	Animalia
213214823	4553805	Euscorpius carpathicus	1988	1988	Arachnida	Animalia
152543814	4556286	Meloidogyne artiellia	2011	2018	Chromadorea	Animalia
213213418	4561827	Cochlostoma septemspirale	1929	1929	Gastropoda	Animalia
152543600	4562566	Aegopinella nitens	NA	NA	Gastropoda	Animalia
152543646	4564944	Xerosecta cespitum	1941	1983	Gastropoda	Animalia
213213455	4567449	Gittenbergia sororcula	2002	2002	Gastropoda	Animalia
152543639	4598226	Tandonia sowerbyi	2014	2014	Gastropoda	Animalia
152544017	4805564	Amphibalanus amphitrite	1952	2016	Maxillopoda	Animalia
159748086	4805565	Amphibalanus variegatus	1997	1997	Maxillopoda	Animalia
152543686	4812260	Branchiodrilus hortensis	2010	2016	Clitellata	Animalia
213212759	4845821	Aidemosyne modesta	2021	2021	Aves	Animalia
152545590	4926977	Catalpa erubescens	2007	2020	Magnoliopsida	Plantae
152545725	4930999	Amethystea caerulea	1959	1959	Magnoliopsida	Plantae
152546902	4932431	Crithopsis delileana	1994	1994	Liliopsida	Plantae
152545292	4934102	Erodium salzmannii	1949	1949	Magnoliopsida	Plantae
152546370	4938153	Berberis hybridogagnepainii	2011	2018	Magnoliopsida	Plantae
159748463	4984851	Bugula neritina	1999	2025	Gymnolaemata	Animalia
213214879	4985069	Tricellaria ternata	1906	1906	Gymnolaemata	Animalia
159748450	4985433	Victorella pavida	NA	NA	Gymnolaemata	Animalia
152544582	4987920	Trichopsocus clarus	2018	2018	Insecta	Animalia
152544554	4989894	Hippodamia convergens	2018	2018	Insecta	Animalia
213213825	5041422	Sceliphron curvatum	2021	2025	Insecta	Animalia
213213827	5041423	Sceliphron spirifex	2021	2021	Insecta	Animalia
213213826	5041471	Sceliphron destillatorium	2020	2020	Insecta	Animalia
213213981	5130444	Junonia iphita	2018	2018	Insecta	Animalia
213214201	5159101	Myzocallis walshii	2021	2021	Insecta	Animalia
182134118	5166487	Megabalanus tintinnabulum	1998	2016	Maxillopoda	Animalia
152544023	5166489	Megabalanus coccopoma	1997	2016	Maxillopoda	Animalia
159747985	5166760	Ammothea hilgendorfi	NA	2025	Pycnogonida	Animalia
152544234	5168461	Erigone dentosa	2012	2012	Arachnida	Animalia
152544220	5170395	Phoneutria boliviensis	2015	2015	Arachnida	Animalia
152543953	5177825	Incisocalliope aestuarius	1996	2016	Malacostraca	Animalia
182133085	5185859	Lovenella assimilis	2009	2009	Hydrozoa	Animalia
159746857	5188774	Barentsia ramosa	1962	1962	NA	Animalia
152543609	5190777	Deroceras panormitanum	1972	2018	Gastropoda	Animalia
213213493	5190912	Testacella haliotidea	1860	1860	Gastropoda	Animalia
159747729	5200414	Diplosoma listerianum	NA	NA	Ascidiacea	Animalia
152543493	5202520	Ictalurus punctatus	1884	1884	NA	Animalia
152543481	5202793	Clarias gariepinus	1980	2008	NA	Animalia
152543507	5204034	Oncorhynchus kisutch	NA	NA	NA	Animalia
152543426	5208832	Gobiosoma bosc	2018	2023	NA	Animalia
154367400	5211250	Micropterus dolomieu	1873	2017	NA	Animalia
152543377	5216933	Rhinella marina	2010	2019	Amphibia	Animalia
182133860	5220394	Sternotherus carinatus	2020	2020	Testudines	Animalia
213213157	5220435	Pelodiscus sinensis	2020	2025	Testudines	Animalia
182133721	5221283	Eublepharis macularius	2012	2022	Squamata	Animalia
213212518	5221394	Hemidactylus	2013	2025	Squamata	Animalia
213212520	5221528	Hemidactylus turcicus	2009	2025	Squamata	Animalia
182133704	5221810	Basiliscus plumifrons	2017	2017	Squamata	Animalia
182133734	5221988	Furcifer pardalis	2015	2015	Squamata	Animalia
182133745	5222820	Lycodon capucinus	2013	2013	Squamata	Animalia
182133709	5223725	Heterodon nasicus	2020	2021	Squamata	Animalia
213212464	5224480	Lampropeltis getula	2014	2019	Squamata	Animalia
213212466	5224543	Lampropeltis triangulum hondurensis	2017	2017	Squamata	Animalia
182133715	5225137	Chalcides ocellatus	2017	2017	Squamata	Animalia
182133718	5225433	Trachylepis striata	2018	2019	Squamata	Animalia
182133781	5225659	Morelia spilota	2013	2019	Squamata	Animalia
182133795	5226308	Agama agama	2015	2020	Squamata	Animalia
213212639	5227747	Lophophorus impejanus	2020	2020	Aves	Animalia
159747376	5229072	Psittacula derbiana	2016	2016	Aves	Animalia
159747140	5229136	Vanellus armatus	NA	2023	Aves	Animalia
159747142	5229142	Vanellus spinosus	NA	1988	Aves	Animalia
152543121	5250090	Urocystis trollii	1894	2018	Ustilaginomycetes	Fungi
182132946	5270720	Chara braunii	1864	2018	Charophyceae	Plantae
152547227	5274858	Salvinia natans	1835	1889	Polypodiopsida	Plantae
152547198	5274964	Polypodium hesperium	1980	1980	Polypodiopsida	Plantae
152547203	5275398	Pteris vittata	2015	2024	Polypodiopsida	Plantae
152546512	5285053	Pinus ponderosa	2006	2006	Pinopsida	Plantae
213213333	5285385	Pinus mugo	2016	2024	Pinopsida	Plantae
213213328	5285750	Pinus contorta	2019	2024	Pinopsida	Plantae
152546737	5289490	Typha provincialis	2012	2020	Liliopsida	Plantae
152546872	5289620	Chloris truncata	1887	1963	Liliopsida	Plantae
152546873	5289623	Chloris pectinata	1887	1954	Liliopsida	Plantae
152546875	5289624	Chloris virgata	1865	2023	Liliopsida	Plantae
152546876	5289629	Chloris ventricosa	1911	1953	Liliopsida	Plantae
152546874	5289631	Chloris divaricata	1889	1964	Liliopsida	Plantae
152546835	5289709	Setaria sphacelata	2002	2002	Liliopsida	Plantae
213212856	5289726	Cenchrus spinifex	1960	1960	Liliopsida	Plantae
152546818	5289731	Cenchrus longispinus	1888	2004	Liliopsida	Plantae
152546819	5289739	Cenchrus echinatus	1997	2020	Liliopsida	Plantae
152546828	5289751	Phalaris coerulescens	1950	1950	Liliopsida	Plantae
152546823	5289753	Phalaris angusta	1889	2009	Liliopsida	Plantae
152546811	5289762	Lamarckia aurea	1891	1949	Liliopsida	Plantae
152546814	5289763	Gastridium phleoides	1895	1920	Liliopsida	Plantae
152546813	5289764	Gastridium ventricosum	1950	1987	Liliopsida	Plantae
152546808	5289781	Aegilops geniculata	1854	1974	Liliopsida	Plantae
152546806	5289791	Aegilops ventricosa	1835	1892	Liliopsida	Plantae
152546807	5289793	Aegilops triuncialis	1854	1946	Liliopsida	Plantae
152546803	5289814	Eustachys neglecta	1949	1949	Liliopsida	Plantae
152546804	5289819	Eustachys retusa	1950	1950	Liliopsida	Plantae
152546869	5289831	Nassella neesiana	1895	1915	Liliopsida	Plantae
152546867	5289836	Nassella formicarum	1884	1925	Liliopsida	Plantae
152546861	5289911	Polypogon elongatus	1883	1921	Liliopsida	Plantae
152546860	5289912	Polypogon fugax	1906	2025	Liliopsida	Plantae
152546928	5289957	Digitaria brownii	1911	1921	Liliopsida	Plantae
152546926	5289995	Digitaria violascens	1994	1994	Liliopsida	Plantae
152546848	5290129	Tragus berteronianus	1947	1948	Liliopsida	Plantae
152546846	5290130	Tragus australianus	1899	1963	Liliopsida	Plantae
152546840	5290170	Phyllostachys viridiglaucescens	2017	2017	Liliopsida	Plantae
213212860	5290192	Cenchrus longisetus	2020	2025	Liliopsida	Plantae
152546603	5295375	Smilax rotundifolia	1990	2025	Liliopsida	Plantae
213212440	5297966	Iris xiphium	2020	2024	Liliopsida	Plantae
152546672	5298908	Iris graminea	1850	2025	Liliopsida	Plantae
152546612	5300102	Gagea pratensis	1998	2022	Liliopsida	Plantae
152546632	5314814	Serapias lingua	2007	2007	Liliopsida	Plantae
213212594	5329038	Sagittaria graminea	2021	2025	Liliopsida	Plantae
152546189	5331404	Echinocystis lobata	NA	1969	Magnoliopsida	Plantae
152546176	5332004	Betula nana	2003	2006	Magnoliopsida	Plantae
152546177	5332120	Betula papyrifera	2006	2025	Magnoliopsida	Plantae
152545854	5333408	Erica vagans	1900	2024	Magnoliopsida	Plantae
152546111	5334386	Polygonum achoreum	1918	1999	Magnoliopsida	Plantae
152546112	5334439	Polygonum patulum	1915	1915	Magnoliopsida	Plantae
213214908	5334440	Polygonum plebeium	1895	2022	Magnoliopsida	Plantae
152545253	5336632	Crucianella angustifolia	1837	1837	Magnoliopsida	Plantae
152545503	5341187	Myosotis alpestris	2007	2025	Magnoliopsida	Plantae
152545495	5341198	Anchusa azurea	1850	2025	Magnoliopsida	Plantae
213215482	5341447	Thymus pannonicus	1886	1887	Magnoliopsida	Plantae
152545717	5341498	Nepeta grandiflora	1903	1951	Magnoliopsida	Plantae
152544954	5341768	Physalis cinerascens	1948	1948	Magnoliopsida	Plantae
152545138	5342618	Astragalus onobrychis	1893	1934	Magnoliopsida	Plantae
152545137	5342681	Astragalus hamosus	2001	2001	Magnoliopsida	Plantae
152545135	5343253	Astragalus cicer	1952	2001	Magnoliopsida	Plantae
152545134	5344424	Astragalus cymbicarpos	1906	1906	Magnoliopsida	Plantae
152545133	5344663	Astragalus boeticus	1906	1906	Magnoliopsida	Plantae
152545132	5345210	Astragalus stella	1892	1892	Magnoliopsida	Plantae
152545131	5345430	Astragalus oxyglottis	1955	1955	Magnoliopsida	Plantae
213213860	5349991	Coronilla securidaca	1909	1909	Magnoliopsida	Plantae
152545095	5350466	Phaseolus coccineus	1889	2024	Magnoliopsida	Plantae
152545115	5353770	Arachis hypogaea	1950	2020	Magnoliopsida	Plantae
182134211	5354530	Chamaecytisus hirsutus	1872	2024	Magnoliopsida	Plantae
213213877	5354675	Chamaecytisus elongatus	2016	2021	Magnoliopsida	Plantae
182134200	5354799	Lotus hirsutus	2004	2004	Magnoliopsida	Plantae
152545031	5356361	Lathyrus annuus	1909	2002	Magnoliopsida	Plantae
152545029	5356407	Lathyrus clymenum	1891	1913	Magnoliopsida	Plantae
152545028	5356429	Lathyrus angulatus	1850	1850	Magnoliopsida	Plantae
152545030	5356441	Lathyrus ochrus	1913	1952	Magnoliopsida	Plantae
152545136	5356481	Lathyrus cicera	1867	1956	Magnoliopsida	Plantae
152545033	5356614	Lathyrus inconspicuus	1894	1946	Magnoliopsida	Plantae
152545035	5356680	Lathyrus sphaericus	1856	1927	Magnoliopsida	Plantae
152545047	5356862	Lotus tetragonolobus	1854	2023	Magnoliopsida	Plantae
152545048	5356931	Lotus angustissimus	1872	1997	Magnoliopsida	Plantae
152545049	5356971	Lotus conimbricensis	1809	1850	Magnoliopsida	Plantae
152545046	5356973	Lotus maritimus	1861	1982	Magnoliopsida	Plantae
152545083	5358301	Scorpiurus vermiculatus	1957	1957	Magnoliopsida	Plantae
152545055	5358906	Trifolium constantinopolitanum	1995	1995	Magnoliopsida	Plantae
152545056	5359037	Trifolium stellatum	1977	2021	Magnoliopsida	Plantae
152545063	5359067	Trifolium pannonicum	2006	2006	Magnoliopsida	Plantae
152545061	5359109	Trifolium squarrosum	1990	2022	Magnoliopsida	Plantae
152545060	5359118	Trifolium retusum	1835	1937	Magnoliopsida	Plantae
152545071	5359260	Trifolium patens	1920	2009	Magnoliopsida	Plantae
152545070	5359263	Trifolium spumosum	1954	1955	Magnoliopsida	Plantae
152545075	5359395	Trifolium angustifolium	1850	2024	Magnoliopsida	Plantae
152545078	5359445	Trifolium hirtum	1883	2023	Magnoliopsida	Plantae
152545079	5359447	Trifolium isthmocarpum	1877	1999	Magnoliopsida	Plantae
152545076	5359475	Trifolium strictum	1995	2021	Magnoliopsida	Plantae
152545077	5359499	Trifolium alpestre	1862	2022	Magnoliopsida	Plantae
152545081	5359526	Trifolium purpureum	1876	2022	Magnoliopsida	Plantae
213213843	5360221	Thermopsis montana	2015	2018	Magnoliopsida	Plantae
152545127	5360415	Trigonella calliceras	1948	1948	Magnoliopsida	Plantae
152545128	5360417	Trigonella stellata	1911	1911	Magnoliopsida	Plantae
152545120	5360451	Trigonella esculenta	2003	2004	Magnoliopsida	Plantae
152545123	5360465	Trigonella arabica	1955	1955	Magnoliopsida	Plantae
152545124	5360508	Trigonella maritima	1977	1977	Magnoliopsida	Plantae
152545126	5360523	Trigonella spinosa	1941	1941	Magnoliopsida	Plantae
213213660	5361977	Sedum mexicanum	2020	2021	Magnoliopsida	Plantae
213215744	5365494	Potentilla argyrophylla atrosanguinea	2018	2018	Magnoliopsida	Plantae
152544807	5366327	Potentilla montana	1955	2022	Magnoliopsida	Plantae
152544797	5370043	Geum quellyon	2004	2016	Magnoliopsida	Plantae
152546328	5371700	Nigella sativa	1865	2024	Magnoliopsida	Plantae
213215304	5371869	Bifora testiculata	1891	2016	Magnoliopsida	Plantae
152544757	5372457	Paliurus spina-christi	1874	1874	Magnoliopsida	Plantae
152546466	5372854	Salix nigra	1958	1958	Magnoliopsida	Plantae
213214589	5373124	Malcolmia maritima	2001	2024	Magnoliopsida	Plantae
152545342	5373365	Rapistrum perenne	1882	1982	Magnoliopsida	Plantae
152545333	5374933	Arabis planisiliqua	1855	1858	Magnoliopsida	Plantae
152545332	5374998	Arabis collina	1850	1949	Magnoliopsida	Plantae
152545334	5375105	Arabis auriculata	1850	1850	Magnoliopsida	Plantae
152545372	5375285	Carrichtera annua	1940	1940	Magnoliopsida	Plantae
152545370	5375555	Erucastrum nasturtiifolium	1936	1954	Magnoliopsida	Plantae
182134433	5376179	Hornungia petraea	2020	2024	Magnoliopsida	Plantae
152545353	5376481	Lepidium schinzii	1895	1895	Magnoliopsida	Plantae
152545363	5376494	Lepidium desertorum	1895	1895	Magnoliopsida	Plantae
152545362	5376530	Lepidium africanum	1904	1979	Magnoliopsida	Plantae
152545366	5376785	Lepidium fasciculatum	1889	1901	Magnoliopsida	Plantae
152545357	5376874	Lepidium hirtum	1850	1885	Magnoliopsida	Plantae
152545354	5376994	Lepidium graminifolium	1837	1950	Magnoliopsida	Plantae
152545381	5377196	Iberis odorata	1954	1955	Magnoliopsida	Plantae
152545344	5377678	Erucaria hispanica	1901	1901	Magnoliopsida	Plantae
152546457	5381097	Phyllanthus tenellus	2003	2003	Magnoliopsida	Plantae
152545921	5383909	Bassia hyssopifolia	1861	1967	Magnoliopsida	Plantae
152545925	5383926	Beta trigyna	1859	1921	Magnoliopsida	Plantae
152545956	5384332	Amaranthus muricatus	1947	1975	Magnoliopsida	Plantae
152545958	5384341	Amaranthus crispus	1884	1959	Magnoliopsida	Plantae
152545957	5384342	Amaranthus polygonoides	1959	1959	Magnoliopsida	Plantae
152545949	5384370	Amaranthus scleropoides	1959	1959	Magnoliopsida	Plantae
152545951	5384383	Amaranthus thunbergii	1857	1975	Magnoliopsida	Plantae
152545943	5384401	Amaranthus spinosus	1887	2007	Magnoliopsida	Plantae
152546037	5384459	Gypsophila pilosa	1907	1955	Magnoliopsida	Plantae
152546040	5384465	Gypsophila scorzonerifolia	1866	1956	Magnoliopsida	Plantae
213215000	5384782	Silene csereii	1908	1908	Magnoliopsida	Plantae
182135021	5384889	Abronia fragrans	1951	1951	Magnoliopsida	Plantae
152543611	5386028	Cyanus triumfettii	1911	1911	Magnoliopsida	Plantae
152544421	5386764	Acmella oleracea	2008	2008	Magnoliopsida	Plantae
213215159	5387537	Aster indamellus	2016	2016	Magnoliopsida	Plantae
152543717	5388967	Solidago rugosa	1883	2007	Magnoliopsida	Plantae
152543698	5389402	Bidens bipinnata	1885	2020	Magnoliopsida	Plantae
152543728	5391292	Centipeda minima	1910	2009	Magnoliopsida	Plantae
152543694	5391810	Bidens vulgata	2000	2001	Magnoliopsida	Plantae
152543689	5391882	Bidens subalternans	1903	2004	Magnoliopsida	Plantae
152543677	5392270	Cichorium pumilum	1955	2024	Magnoliopsida	Plantae
152543803	5393689	Asteriscus aquaticus	1911	1911	Magnoliopsida	Plantae
152543823	5399550	Rhagadiolus stellatus	1907	1955	Magnoliopsida	Plantae
152543827	5400552	Ageratina altissima	1953	2024	Magnoliopsida	Plantae
152543776	5401239	Felicia tenella	1911	1911	Magnoliopsida	Plantae
152543779	5401508	Emilia fosbergii	1997	1997	Magnoliopsida	Plantae
159748857	5402340	Dimorphotheca jucunda	2003	2003	Magnoliopsida	Plantae
152543796	5402627	Iva annua	1994	2000	Magnoliopsida	Plantae
152543800	5402874	Eupatorium perfoliatum	2007	2008	Magnoliopsida	Plantae
152543772	5403742	Scolymus hispanicus	1907	1907	Magnoliopsida	Plantae
152543770	5403743	Scolymus maculatus	1954	2025	Magnoliopsida	Plantae
152543587	5408775	Lobelia sessilifolia	2004	2004	Magnoliopsida	Plantae
152543570	5409852	Campanula erinus	1999	2009	Magnoliopsida	Plantae
152545242	5414545	Periploca graeca	1918	2025	Magnoliopsida	Plantae
152545244	5414550	Vincetoxicum rossicum	1965	2025	Magnoliopsida	Plantae
213215540	5414989	Digitalis lanata	2020	2020	Magnoliopsida	Plantae
213215544	5415006	Linaria bipartita	1943	1966	Magnoliopsida	Plantae
152545654	5415013	Linaria genistifolia	1891	1959	Magnoliopsida	Plantae
152545655	5415014	Linaria angustissima	1835	1835	Magnoliopsida	Plantae
152545652	5415018	Linaria incarnata	1952	1952	Magnoliopsida	Plantae
152545598	5415100	Proboscidea louisianica	1947	1973	Magnoliopsida	Plantae
152543423	5420982	Clarkia pulchella	1902	2021	Magnoliopsida	Plantae
213213429	5421040	Ludwigia hexapetala	1983	2020	Magnoliopsida	Plantae
152543266	5421116	Tribulus terrestris	1835	2025	Magnoliopsida	Plantae
159746847	5421557	Coscinodiscus wailesii	1997	1997	Bacillariophyceae	Chromista
213215309	5539680	Pimpinella aromatica	2004	2011	Magnoliopsida	Plantae
152543418	5544928	Clarkia purpurea quadrivulnera	1894	1894	Magnoliopsida	Plantae
152545946	5547989	Amaranthus clementii	1939	1949	Magnoliopsida	Plantae
152545945	5548011	Amaranthus capensis uncinatus	1890	1949	Magnoliopsida	Plantae
213215422	5549698	Syringa josikaea	2008	2021	Magnoliopsida	Plantae
213215556	5559825	Cymbalaria pubescens	1900	1900	Magnoliopsida	Plantae
152544677	5567657	Bergenia schmidtii	2007	2016	Magnoliopsida	Plantae
152545920	5568188	Bassia laniflora	1861	2003	Magnoliopsida	Plantae
152545914	5568361	Dysphania multifida	1882	1948	Magnoliopsida	Plantae
152545915	5568415	Dysphania cristata	1899	2022	Magnoliopsida	Plantae
152545916	5568424	Dysphania carinata	1940	2022	Magnoliopsida	Plantae
152545927	5568899	Blitum nuttallianum	1900	1994	Magnoliopsida	Plantae
213213519	5581279	Physalis longifolia subglabrata	1902	2003	Magnoliopsida	Plantae
213214763	5583195	Salix dolichostachya	2006	2021	Magnoliopsida	Plantae
152546041	5585762	Gypsophila viscosa	1878	1965	Magnoliopsida	Plantae
152546057	5585975	Silene muscipula	1918	2000	Magnoliopsida	Plantae
213214999	5586656	Silene linicola	2011	2012	Magnoliopsida	Plantae
213214992	5588185	Colobanthus subulatus	2008	2020	Magnoliopsida	Plantae
213215397	5598788	Lonicera americana	1864	1948	Magnoliopsida	Plantae
152546281	5598839	Lonicera purpusii	2006	2006	Magnoliopsida	Plantae
213215398	5599249	Lonicera nitida	2000	2020	Magnoliopsida	Plantae
152545704	5605751	Lycopus exaltatus	1855	1909	Magnoliopsida	Plantae
152545720	5607452	Thymus citriodorus	1866	2022	Magnoliopsida	Plantae
152545706	5608183	Lallemantia iberica	1954	1955	Magnoliopsida	Plantae
152545883	5621983	Echinopsis silvestrii	2012	2012	Magnoliopsida	Plantae
182134198	5632022	Lotus dorycnium	1903	1903	Magnoliopsida	Plantae
152545119	5632334	Trigonella hierosolymitana	1886	1901	Magnoliopsida	Plantae
152545816	5640518	Primula florindae	2010	2010	Magnoliopsida	Plantae
152546420	5646136	Elatine alsinastrum	1860	1863	Magnoliopsida	Plantae
152544931	5646410	Blumenbachia hieronymi	1974	1981	Magnoliopsida	Plantae
152545829	5659657	Gilia capitata mediomontana	1893	1898	Magnoliopsida	Plantae
213214145	5661914	Anchusa thessala	2021	2025	Magnoliopsida	Plantae
152545494	5662089	Anchusa ochroleuca	1889	1961	Magnoliopsida	Plantae
152544769	5670646	Urtica pilulifera	1864	2004	Magnoliopsida	Plantae
152546865	5674047	Nassella hyalina	1897	1897	Liliopsida	Plantae
152546866	5674110	Nassella filiculmis	1949	1949	Liliopsida	Plantae
152546832	5674218	Setaria dielsii	1947	1947	Liliopsida	Plantae
152546801	5674620	Echinaria capitata	1880	1994	Liliopsida	Plantae
213212789	5674825	Cynodon incompletus	1895	1952	Liliopsida	Plantae
152546796	5674888	Schmidtia kalahariensis	1961	1961	Liliopsida	Plantae
152546845	5674919	Tragus koelerioides	1887	1947	Liliopsida	Plantae
152546794	5676003	Fargesia spathacea	1988	1997	Liliopsida	Plantae
152546798	5677636	Cynodon convergens	1947	1947	Liliopsida	Plantae
152546871	5678495	Chloris pycnothrix	1992	1992	Liliopsida	Plantae
152546790	5679692	Enteropogon acicularis	1953	1953	Liliopsida	Plantae
152546856	5679952	Polypogon chilensis	1906	1978	Liliopsida	Plantae
213213669	5688347	Sedum sediforme	2013	2020	Magnoliopsida	Plantae
152544707	5690287	Sedum cepaea	1866	2025	Magnoliopsida	Plantae
152543786	5704991	Helenium clementii	1972	1972	Magnoliopsida	Plantae
152543736	5709400	Tragopogon mirabilis	2000	2010	Magnoliopsida	Plantae
213213564	5724924	Charonia lampas	2021	2021	Gastropoda	Animalia
213213014	5739284	Porphyrio poliocephalus	1982	1998	Aves	Animalia
152543282	5786666	Hydrochoerus hydrochaeris	2003	2003	Mammalia	Animalia
159747121	5788513	Spizaetus melanoleucus	2017	2017	Aves	Animalia
213213497	5795017	Ferussacia folliculum	1866	2015	Gastropoda	Animalia
152544614	5831906	Bupleurum gerardi	1886	2010	Magnoliopsida	Plantae
159747326	5844936	Cyanopica cooki	2015	2023	Aves	Animalia
159747243	5845390	Gracupica nigricollis	NA	NA	Aves	Animalia
213213869	5869933	Laelius pedatus	2009	2009	Insecta	Animalia
152543292	5914287	Melia azedarach	2006	2021	Magnoliopsida	Plantae
213214486	5928306	Lepidium draba chalepense	1912	1912	Magnoliopsida	Plantae
213213885	5928735	Sulla coronaria	1995	1995	Magnoliopsida	Plantae
159747363	5959227	Ara macao	2002	2002	Aves	Animalia
213215287	6026420	Seseli montanum	1815	1988	Magnoliopsida	Plantae
152544617	6026972	Bupleurum praealtum	1835	1892	Magnoliopsida	Plantae
213215300	6027290	Daucus littoralis	1997	1997	Magnoliopsida	Plantae
152544549	6027313	Daucus glochidiatus	1892	1949	Magnoliopsida	Plantae
152545980	6035549	Chenopodium striatiforme	1862	1967	Magnoliopsida	Plantae
213212858	6068804	Cenchrus petiolaris	2000	2022	Liliopsida	Plantae
213215184	6076279	Centaurea diluta algeriensis	1918	1918	Magnoliopsida	Plantae
159747246	6091856	Sturnia sinensis	NA	2008	Aves	Animalia
213212832	6100941	Sturnia pagodarum	2020	2024	Aves	Animalia
159747203	6101013	Chloris spinoides	2003	2003	Aves	Animalia
182133220	6101215	Leptoptilos crumenifer	NA	NA	Aves	Animalia
213213059	6101224	Spilopelia chinensis	2020	2024	Aves	Animalia
152544011	6128436	Amphibalanus reticulatus	1997	2016	Maxillopoda	Animalia
213214354	6132234	Rhynchophorus ferrugineus	2020	2024	Insecta	Animalia
213212495	6159238	Lacerta strigata	2021	2021	Squamata	Animalia
152543163	6159273	Lacerta viridis	2006	2024	Squamata	Animalia
182133774	6161327	Natrix tessellata	1962	2025	Squamata	Animalia
213215199	6300531	Petasites japonicus japonicus	2008	2021	Magnoliopsida	Plantae
213215190	6302047	Kalimeris incisa incisa	2018	2018	Magnoliopsida	Plantae
152544565	6308164	Scandix australis grandiflora	1894	1894	Magnoliopsida	Plantae
213212959	6313049	Triticum turgidum polonicum	1895	1926	Liliopsida	Plantae
213212960	6313051	Triticum turgidum durum	1954	2023	Liliopsida	Plantae
213214988	6363863	Arenaria montana	2021	2025	Magnoliopsida	Plantae
152545235	6366597	Gentiana acaulis	1844	1911	Magnoliopsida	Plantae
152546347	6374790	Clematis integrifolia	1882	2025	Magnoliopsida	Plantae
213214916	6391450	Persicaria glabra	2011	2011	Magnoliopsida	Plantae
213215599	6400569	Rhododendron tomentosum	1858	1988	Magnoliopsida	Plantae
213213515	6402873	Physalis ixocarpa	1912	1970	Magnoliopsida	Plantae
152545693	6410563	Leonurus japonicus	1939	2025	Magnoliopsida	Plantae
213213461	6427623	Oenothera villosa villosa	1828	2017	Magnoliopsida	Plantae
213212773	6431611	Festuca geniculata	1886	2005	Liliopsida	Plantae
152547112	6431764	Aristida longespica	1891	1891	Liliopsida	Plantae
152545962	6447496	Atriplex leptocarpa	1911	1951	Magnoliopsida	Plantae
152545905	6447806	Axyris amaranthoides	1918	2005	Magnoliopsida	Plantae
152544015	6467647	Amphibalanus improvisus	1700	2021	Maxillopoda	Animalia
213213344	6476579	Dolichoplana signata	2018	2018	NA	Animalia
213215299	6550056	Daucus carota sativus	2018	2023	Magnoliopsida	Plantae
159747368	6559940	Helictochloa bromoides	1950	1950	Liliopsida	Plantae
213214891	6709291	Reynoutria compacta	1981	2021	Magnoliopsida	Plantae
152546942	6710856	Austrostipa scabra scabra	1897	1939	Liliopsida	Plantae
152544135	6718178	Cryptachaea blattea	2002	2026	Arachnida	Animalia
213214813	6913023	Aceria brachytarsus	2014	2023	Arachnida	Animalia
213214803	6913500	Eriophyes alniincanae	2013	2018	Arachnida	Animalia
152544386	6931186	Nicoletia phytophila	2016	2018	Insecta	Animalia
152543712	7009279	Laonome calida	2014	2016	Polychaeta	Animalia
152543660	7066596	Zinnia angustifolia angustifolia	1948	1950	Magnoliopsida	Plantae
213214236	7100404	Acer buergerianum	2020	2022	Magnoliopsida	Plantae
213214756	7104074	Salix lapponum	1993	2021	Magnoliopsida	Plantae
213214926	7136602	Armeria alliacea	2020	2021	Magnoliopsida	Plantae
152543413	7161168	Lopezia racemosa	1978	1998	Magnoliopsida	Plantae
213215678	7219988	Crataegus microphylla microphylla	2017	2020	Magnoliopsida	Plantae
152544039	7222196	Achillea salicifolia salicifolia	1986	1986	Magnoliopsida	Plantae
213215073	7222255	Lactuca macrophylla macrophylla	2002	2021	Magnoliopsida	Plantae
213215071	7223177	Crepis sancta sancta	1948	2020	Magnoliopsida	Plantae
152545828	7223680	Gilia capitata capitata	1921	2016	Magnoliopsida	Plantae
213215279	7224069	Petroselinum crispum crispum	1872	2018	Magnoliopsida	Plantae
213213758	7225456	Vicia narbonensis narbonensis	1888	2017	Magnoliopsida	Plantae
152545323	7225621	Neslia paniculata paniculata	1867	2015	Magnoliopsida	Plantae
213213583	7225712	Calystegia silvatica silvatica	2008	2020	Magnoliopsida	Plantae
152543162	7239373	Uromyces veratri	1852	1852	Pucciniomycetes	Fungi
213212265	7239389	Uromyces proeminens	NA	NA	Pucciniomycetes	Fungi
213212211	7261816	Eptesicus nilssonii	2016	2016	Mammalia	Animalia
213214759	7266656	Salix rorida	2011	2021	Magnoliopsida	Plantae
152546050	7267492	Silene nocturna nocturna	1997	2009	Magnoliopsida	Plantae
152546075	7267631	Dianthus giganteus giganteus	1993	2020	Magnoliopsida	Plantae
152545236	7270381	Gentiana asclepiadea	1961	2025	Magnoliopsida	Plantae
152545803	7270761	Actinidia deliciosa	2000	2020	Magnoliopsida	Plantae
213215722	7272185	Rosa carolina carolina	2011	2021	Magnoliopsida	Plantae
152544784	7272312	Filipendula camtschatica	1948	1948	Magnoliopsida	Plantae
213214398	7277946	Adonis aestivalis aestivalis	2017	2017	Magnoliopsida	Plantae
182134783	7278040	Thalictrum delavayi	2020	2020	Magnoliopsida	Plantae
152546236	7278926	Malope malacoides	1995	2021	Magnoliopsida	Plantae
213214974	7282357	Echinopsis albispinosa	2012	2012	Magnoliopsida	Plantae
213214856	7288892	Calandrinia pilosiuscula	1900	1956	Magnoliopsida	Plantae
213214917	7291643	Persicaria filiformis	2021	2025	Magnoliopsida	Plantae
152544751	7293094	Elaeagnus macrophylla	2013	2023	Magnoliopsida	Plantae
152545521	7294644	Nonea pulla	1932	1932	Magnoliopsida	Plantae
152545516	7294722	Cerinthe minor	1883	1957	Magnoliopsida	Plantae
152545542	7294771	Heliotropium suaveolens	2005	2005	Magnoliopsida	Plantae
182134726	7296375	Viola hederacea	2020	2020	Magnoliopsida	Plantae
213214924	7298085	Armeria humilis humilis	2021	2021	Magnoliopsida	Plantae
152546304	7298858	Valerianella coronata	1823	1988	Magnoliopsida	Plantae
213214344	7300414	Epimedium pinnatum	2012	2020	Magnoliopsida	Plantae
152544771	7300922	Pilea hyalina	1980	1980	Magnoliopsida	Plantae
213213764	7302355	Vicia benghalensis benghalensis	1984	2022	Magnoliopsida	Plantae
152545669	7303024	Plantago myosuros	1895	1948	Magnoliopsida	Plantae
152545760	7307829	Lavandula dentata	2006	2006	Magnoliopsida	Plantae
152545740	7308043	Lamium garganicum garganicum	1906	1920	Magnoliopsida	Plantae
152546061	7314281	Paronychia brasiliana	1887	1949	Magnoliopsida	Plantae
213214184	7318199	Oxalis tetraphylla	2009	2021	Magnoliopsida	Plantae
152543454	7322373	Oenothera issleri	1955	2014	Magnoliopsida	Plantae
152543452	7322393	Oenothera indecora	1895	1950	Magnoliopsida	Plantae
152545940	7323341	Amaranthus capensis capensis	1890	1911	Magnoliopsida	Plantae
152545907	7323632	Ptilotus spicatus	1947	1947	Magnoliopsida	Plantae
152545938	7323810	Amaranthus mitchellii	1892	1948	Magnoliopsida	Plantae
152545937	7323834	Amaranthus macrocarpus macrocarpus	1911	1949	Magnoliopsida	Plantae
213213574	7324507	Ipomoea lacunosa lacunosa	1993	2018	Magnoliopsida	Plantae
182134831	7327719	Erica darleyensis	2016	2021	Magnoliopsida	Plantae
213215596	7327959	Daboecia cantabrica cantabrica	2012	2017	Magnoliopsida	Plantae
159749052	7331548	Alonsoa linearis	2017	2017	Magnoliopsida	Plantae
182134582	7331874	Veronica repens	2020	2025	Magnoliopsida	Plantae
213215431	7332517	Orobanche flava flava	1944	1945	Magnoliopsida	Plantae
152545687	7333212	Antirrhinum graniticum	1975	1975	Magnoliopsida	Plantae
152544703	7334263	Crassula decumbens	1904	1920	Magnoliopsida	Plantae
152544723	7334576	Sempervivum barbulatum	2009	2018	Magnoliopsida	Plantae
159747187	7340811	Euplectes macroura	2010	2010	Aves	Animalia
213212796	7341745	Spinus magellanicus	2020	2020	Aves	Animalia
152545620	7353862	Verbascum divaricatum	1954	1954	Magnoliopsida	Plantae
213215433	7359335	Odontites luteus	2009	2021	Magnoliopsida	Plantae
152546792	7361239	Triraphis mollis	1899	1947	Liliopsida	Plantae
213213933	7373959	Medicago ciliaris	1947	1948	Magnoliopsida	Plantae
152545896	7407436	Chenopodiastrum simplex	1882	1970	Magnoliopsida	Plantae
159746880	7425750	Stropholoma aurantiacum	2018	2018	Agaricomycetes	Fungi
182134291	7426824	Vicia melanops	1877	2007	Magnoliopsida	Plantae
213214773	7427741	Cratoxylum sumatranum blancoi	2014	2020	Magnoliopsida	Plantae
213212499	7444957	Podarcis liolepis	2011	2011	Squamata	Animalia
152545614	7477038	Scrophularia scorodonia	1907	1989	Magnoliopsida	Plantae
213215270	7480365	Hydrocotyle moschata	2012	2022	Magnoliopsida	Plantae
152544270	7481364	Fulvius subnitens	2008	2018	Insecta	Animalia
182134182	7484581	Desmanthus illinoensis	1995	1998	Magnoliopsida	Plantae
152544408	7497356	Tagetes tenuifolia	1992	2022	Magnoliopsida	Plantae
213215717	7499940	Prunus armeniaca	2013	2020	Magnoliopsida	Plantae
152544875	7501634	Rosa multiflora	1966	2020	Magnoliopsida	Plantae
152546291	7504215	Knautia integrifolia	1997	1997	Magnoliopsida	Plantae
152543618	7505045	Soliva anthemifolia	1893	1904	Magnoliopsida	Plantae
213213509	7505521	Zebrina detrita	1864	1864	Gastropoda	Animalia
152546108	7510471	Polygonum argyrocoleum	1995	1995	Magnoliopsida	Plantae
152546934	7517279	Rytidosperma tenuius	1948	1948	Liliopsida	Plantae
152545560	7519710	Orobanche amethystea	1984	1993	Magnoliopsida	Plantae
152546044	7523432	Silene behen	1978	1978	Magnoliopsida	Plantae
213212952	7528816	Avena nuda	2009	2009	Liliopsida	Plantae
152545485	7536406	Nemophila menziesii integrifolia	1895	1895	Magnoliopsida	Plantae
213213266	7536754	Dryopteris lacunosa	2018	2018	Polypodiopsida	Plantae
213213188	7540482	Cyperus longus	2007	2021	Liliopsida	Plantae
152546780	7549853	Disakisperma dubium	1921	1921	Liliopsida	Plantae
152545555	7564934	Odontites jaubertianus	2003	2024	Magnoliopsida	Plantae
152543843	7569785	Hieracium pilosum	1890	1890	Magnoliopsida	Plantae
152544533	7572133	Anoplophora glabripennis	2008	2008	Insecta	Animalia
213212473	7576179	Pantherophis spiloides	2022	2022	Squamata	Animalia
152545933	7576335	Amaranthus ozanonii	1983	2015	Magnoliopsida	Plantae
182133082	7581174	Eucheilota menoni	2009	2009	Hydrozoa	Animalia
182133732	7582319	Trioceros hoehnelii	2019	2019	Squamata	Animalia
152543631	7587923	Euchiton sphaericus	1892	1912	Magnoliopsida	Plantae
213213177	7594735	Carex curvata	1961	1994	Liliopsida	Plantae
213214104	7600329	Pulmonaria mollis	2013	2021	Magnoliopsida	Plantae
152544768	7602322	Urtica incisa	1911	1911	Magnoliopsida	Plantae
152545993	7606014	Alternanthera angustifolia	1895	1895	Magnoliopsida	Plantae
213214862	7624620	Rumex crispus robustus	2012	2015	Magnoliopsida	Plantae
152545979	7644304	Chenopodium borbasioides	1947	1962	Magnoliopsida	Plantae
182134180	7645889	Sesbania cannabina	1949	2022	Magnoliopsida	Plantae
152544089	7652364	Nephila	2010	2010	Arachnida	Animalia
182135060	7655198	Alternanthera denticulata	1895	1947	Magnoliopsida	Plantae
159748461	7668385	Bugulina simplex	NA	2007	Gymnolaemata	Animalia
152543207	7670473	Batrachochytrium salamandrivorans	2013	2018	Rhizophydiomycetes	Fungi
213214956	7685459	Atriplex pseudocampanulata	1895	1895	Magnoliopsida	Plantae
159747211	7690055	Carpodacus sibiricus	1996	2011	Aves	Animalia
152543850	7706146	Crepis nicaeensis	1860	1942	Magnoliopsida	Plantae
152545909	7707087	Dysphania glomulifera	1904	1924	Magnoliopsida	Plantae
213214651	7711892	Isatis quadrialata	1909	1932	Magnoliopsida	Plantae
152545666	7727786	Plantago loeflingii	1886	1886	Magnoliopsida	Plantae
213213093	7738621	Dinebra divaricatissima	1921	1921	Liliopsida	Plantae
152546045	7746901	Silene otites	1858	1985	Magnoliopsida	Plantae
213215005	7757300	Silene badaroi	2007	2020	Magnoliopsida	Plantae
213213754	7769230	Vicia lentoides	1913	1913	Magnoliopsida	Plantae
213214109	7769968	Tuponia brevirostris	2014	2014	Insecta	Animalia
152545677	7784175	Veronica glauca	1954	1954	Magnoliopsida	Plantae
152546761	7795128	Carex crus-corvi	1947	1947	Liliopsida	Plantae
213212276	7805464	Puccinia nigrescens	NA	NA	Pucciniomycetes	Fungi
152545490	7806790	Arnebia decumbens	1955	1955	Magnoliopsida	Plantae
152543416	7814921	Clarkia bottae	1893	1893	Magnoliopsida	Plantae
152546247	7823743	Malva maroccana	2005	2022	Magnoliopsida	Plantae
152546331	7826351	Ranunculus lanuginosus	1800	2024	Magnoliopsida	Plantae
213212670	7826520	Canna indica	2015	2020	Liliopsida	Plantae
152544387	7832723	Symphyotrichum lateriflorum	2008	2008	Magnoliopsida	Plantae
152545899	7846821	Oxybasis macrosperma	1895	1904	Magnoliopsida	Plantae
152545471	7853188	Reseda lutea vivantii	1898	1898	Magnoliopsida	Plantae
213213666	7863397	Petrosedum ochroleucum	1873	1898	Magnoliopsida	Plantae
152545910	7877091	Dysphania pseudomultiflora	1947	1947	Magnoliopsida	Plantae
213214357	7882289	Zophobas atratus	2021	2025	Insecta	Animalia
213215715	7882872	Prunus domestica	1985	2021	Magnoliopsida	Plantae
213215712	7925720	Poterium sanguisorba polygamum	1824	2025	Magnoliopsida	Plantae
213213995	7926816	Monsonia angustifolia	1893	1893	Magnoliopsida	Plantae
152545901	7933495	Sclerolaena muricata	1907	1911	Magnoliopsida	Plantae
213213069	7948459	Aira elegans	1898	1994	Liliopsida	Plantae
213212288	7954545	Puccinia conglomerata	1850	2012	Pucciniomycetes	Fungi
152545649	7963687	Linaria chalepensis	1954	2002	Magnoliopsida	Plantae
182135052	7975549	Amaranthus ralletii	1985	1985	Magnoliopsida	Plantae
152544536	7987143	Anoplophora chinensis	2005	2025	Insecta	Animalia
152546784	7998563	Diplachne fusca fusca	1911	1953	Liliopsida	Plantae
213215546	8006893	Kickxia elatine sieberi	1955	1971	Magnoliopsida	Plantae
152546073	8012084	Dianthus subacaulis	2002	2020	Magnoliopsida	Plantae
182135076	8012649	Rumex hybridus	2013	2013	Magnoliopsida	Plantae
159747169	8014966	Falco biarmicus	NA	2007	Aves	Animalia
152543950	8018277	Centaurea pectinata	2004	2004	Magnoliopsida	Plantae
152547051	8018483	Eragrostis neomexicana	1947	2011	Liliopsida	Plantae
213213449	8045384	Granaria frumentum	1924	1924	Gastropoda	Animalia
152547082	8047362	Sporobolus creber	1911	1911	Liliopsida	Plantae
159747067	8050384	Bonamia ostreae	1980	1980	Haplosporea	Protozoa
213215609	8076173	Lysimachia monelli	2004	2004	Magnoliopsida	Plantae
159748820	8078031	Artemisia afra	1893	1900	Magnoliopsida	Plantae
213212612	8082581	Synoicus chinensis	2001	2001	Aves	Animalia
152544722	8091002	Sempervivum globiferum	1893	2025	Magnoliopsida	Plantae
213212852	8112114	Elymus hystrix	1891	1891	Liliopsida	Plantae
152545735	8118326	Teucrium resupinatum	1998	1998	Magnoliopsida	Plantae
213214925	8129694	Armeria arenaria	1966	2015	Magnoliopsida	Plantae
152546047	8150863	Silene cretica	1950	1950	Magnoliopsida	Plantae
213214959	8160803	Alternanthera ficoidea	2001	2002	Magnoliopsida	Plantae
152547040	8174035	Avena nuda	1881	2009	Liliopsida	Plantae
152546022	8185812	Mesembryanthemum cordifolium	1892	1947	Magnoliopsida	Plantae
152545616	8186932	Scrophularia scopolii	1976	1976	Magnoliopsida	Plantae
152547052	8192063	Eragrostis lacunaria	1911	1949	Liliopsida	Plantae
152544021	8195160	Artemisia pontica	1850	1949	Magnoliopsida	Plantae
152546296	8201823	Valeriana phu	1850	1982	Magnoliopsida	Plantae
213212556	8219807	Trimeresurus albolabris	2021	2021	Squamata	Animalia
152545492	8227753	Anchusa procera	1904	2020	Magnoliopsida	Plantae
213212549	8228334	Daboia palaestinae	2022	2022	Squamata	Animalia
152547195	8241853	Anisocampium niponicum	2017	2017	Polypodiopsida	Plantae
152545903	8243150	Spirobassia hirsuta	1850	1850	Magnoliopsida	Plantae
159748110	8244019	Trachyspermum ammi	1892	1985	Magnoliopsida	Plantae
213213853	8261015	Trigonella foenum-graecum	2015	2021	Magnoliopsida	Plantae
213214700	8264893	Nephilingis cruentata	1986	1986	Arachnida	Animalia
152546048	8279669	Silene viscosa	1947	2022	Magnoliopsida	Plantae
152543951	8305028	Centaurea phrygia	1850	2023	Magnoliopsida	Plantae
213213472	8305409	Achatina achatina	2017	2017	Gastropoda	Animalia
152547041	8322034	Avena marquandii	1850	1925	Liliopsida	Plantae
213215363	8326061	Quercus coccinea	2004	2021	Magnoliopsida	Plantae
213214794	8332078	Viola gracilis	2019	2019	Magnoliopsida	Plantae
213212895	8338571	Hordeum marinum gussoneanum	1892	1956	Liliopsida	Plantae
213214746	8345607	Populus berolinensis	2015	2015	Magnoliopsida	Plantae
152544425	8351995	Frankliniella occidentalis	2018	2018	Insecta	Animalia
152544492	8364220	Torilis leptophylla	1872	1955	Magnoliopsida	Plantae
152546786	8369366	Diplachne fusca uninervia	1998	1998	Liliopsida	Plantae
182135135	8381801	Dasiphora davurica mandshurica	2008	2008	Magnoliopsida	Plantae
213212957	8389446	Triticum turgidum dicoccum	2012	2012	Liliopsida	Plantae
213214001	8391331	Erodium moschatum	1971	2022	Magnoliopsida	Plantae
152546616	8418777	Lilium hollandicum	2016	2017	Liliopsida	Plantae
213215004	8419625	Silene scabriflora	1860	1860	Magnoliopsida	Plantae
152546821	8420312	Phalaris platensis	1895	1921	Liliopsida	Plantae
213212274	8427910	Puccinia oreoselini	NA	NA	Pucciniomycetes	Fungi
159748459	8428595	Bugulina stolonifera	NA	NA	Gymnolaemata	Animalia
182133821	8566446	Aesculus indica	1997	1997	Magnoliopsida	Plantae
213214942	8577467	Amaranthus tuberculatus	1983	2023	Magnoliopsida	Plantae
213215510	8602699	Lindernia procumbens	1995	1995	Magnoliopsida	Plantae
213213533	8624880	Cernuella virgata	1867	1947	Gastropoda	Animalia
213215183	8708866	Centaurea psammogena	2006	2008	Magnoliopsida	Plantae
152546106	8720751	Koenigia divaricata	2008	2009	Magnoliopsida	Plantae
213213359	8740315	Marionfyfea adventor	2021	2025	NA	Animalia
182133725	8782549	Anolis	2018	2018	Squamata	Animalia
213213476	8790531	Lissachatina fulica	2018	2025	Gastropoda	Animalia
213213511	8791507	Physalis philadelphica	2008	2017	Magnoliopsida	Plantae
213213618	8864505	Macomopsis melo	2021	2021	Bivalvia	Animalia
213214887	8909872	Rumex hypogaeus	1900	1992	Magnoliopsida	Plantae
152545619	8949622	Verbascum chaixii	1912	2022	Magnoliopsida	Plantae
182133699	8953936	Caiman crocodilus	2017	2017	Crocodylia	Animalia
213215537	8983123	Veronica teucrium teucrium	1948	2019	Magnoliopsida	Plantae
213212580	8991514	Caracara plancus cheriway	NA	NA	Aves	Animalia
182133741	9022569	Chrysopelea ornata	2014	2025	Squamata	Animalia
213213570	9060332	Ipomoea heptaphylla	1993	2002	Magnoliopsida	Plantae
213214673	9067615	Mentzelia albicaulis	1893	1893	Magnoliopsida	Plantae
213212483	9099408	Elaphe quatuorlineata	2012	2013	Squamata	Animalia
213214092	9139578	Aulacaspis rosae	2020	2024	Insecta	Animalia
182133749	9187223	Pituophis melanoleucus	2013	2013	Squamata	Animalia
182133743	9195230	Spilotes pullatus	2010	2017	Squamata	Animalia
213213072	9231612	Lolium subulatum	1996	1997	Liliopsida	Plantae
213212721	9267300	Sporobolus advenus	1921	1921	Liliopsida	Plantae
213213107	9317568	Oloptum thomasii	1947	1997	Liliopsida	Plantae
213212442	9340142	Iris hollandica	2017	2021	Liliopsida	Plantae
213212453	9342283	Thamnophis marcianus	1993	1994	Squamata	Animalia
213212731	9379326	Sporobolus aculeatus	1901	1901	Liliopsida	Plantae
213212717	9382716	Sporobolus schoenoides	1914	1999	Liliopsida	Plantae
213212726	9405036	Spatula cyanoptera cyanoptera	NA	NA	Aves	Animalia
213212443	9416124	Zamenis scalaris	2023	2023	Squamata	Animalia
152543667	9442679	Bratislavia dadayi	2002	2016	Clitellata	Animalia
213214939	9454901	Amaranthus macrocarpus pallidus	1947	1949	Magnoliopsida	Plantae
213212725	9462721	Spatula versicolor versicolor	NA	NA	Aves	Animalia
213213020	9473367	Antigone vipio	2011	2011	Aves	Animalia
152543663	9479629	Tasserkidrilus americanus	2006	2016	Clitellata	Animalia
152546904	9484350	Lachnagrostis eriantha	1904	1951	Liliopsida	Plantae
156872745	9491873	Dichotomyctere fluviatilis	2001	2017	NA	Animalia
152543327	9518324	Procyon cancrivorus	2006	2018	Mammalia	Animalia
213214847	9554442	Tamarix gallica	2008	2021	Magnoliopsida	Plantae
182133911	9601519	Pseudemys rubriventris	2015	2015	Testudines	Animalia
213212723	9632508	Sporobolus alopecuroides	1909	1911	Liliopsida	Plantae
213213238	9662775	Gastoniella chaerophylla	2005	2005	Polypodiopsida	Plantae
159747158	9691034	Phoenicopterus ruber	NA	2002	Aves	Animalia
213214042	9711656	Pelargonium capitatum	1980	1980	Magnoliopsida	Plantae
213215403	9771172	Valerianella locusta locusta	2005	2015	Magnoliopsida	Plantae
182133918	9803191	Pelusios castaneus	2020	2020	Testudines	Animalia
213215083	10108775	Pentanema spiraeifolium	1868	1874	Magnoliopsida	Plantae
213212627	10236166	NA	1997	2020	Liliopsida	Plantae
159748397	10269496	Epuraea imperialis	2012	2014	Insecta	Animalia
159748235	10329298	Haplodrassus securifer	1992	1992	Arachnida	Animalia
159748902	10411852	NA	1863	1915	Magnoliopsida	Plantae
182133971	10578411	Laonome xeprovala	2017	2024	Polychaeta	Animalia
213215082	10629881	Pentanema hirtum	1850	1900	Magnoliopsida	Plantae
213215451	10646747	NA	2011	2018	Magnoliopsida	Plantae
213215208	10676000	Leuzea repens	1956	2004	Magnoliopsida	Plantae
213213239	10701161	Paramesotriton labiatus	2001	2007	Amphibia	Animalia
213213675	10730110	Crassula peduncularis	1894	1920	Magnoliopsida	Plantae
213213740	10773250	Melilotus siculus	1948	1948	Magnoliopsida	Plantae
213212281	10797854	Puccinia grisea	NA	NA	Pucciniomycetes	Fungi
213213227	10857535	Dryophytes japonicus	2021	2021	Amphibia	Animalia
213212760	10920460	Bathilda ruficauda	2009	2013	Aves	Animalia
213212822	10937982	Phonipara canora	2020	2020	Aves	Animalia
213215173	10948891	Podolepis aristata auriculata	1899	1899	Magnoliopsida	Plantae
213213042	10986555	Thinopyrum obtusiflorum	1900	1900	Liliopsida	Plantae
213214231	11107889	Graptostethus servus	2021	2021	Insecta	Animalia
213215131	11136683	Pulicaria arabica arabica	1898	1898	Magnoliopsida	Plantae
213212490	11205618	Leptodeira ashmeadii	2023	2023	Squamata	Animalia
213212736	11335341	Trisetaria panicea	1947	2015	Liliopsida	Plantae
213214692	11528335	Tliltocatl albopilosus	1986	1986	Arachnida	Animalia
213215228	11794300	Xanthium orientale saccharatum	2020	2020	Magnoliopsida	Plantae
213215339	12132283	Malva alcea ribifolia	2004	2010	Magnoliopsida	Plantae
213212963	12205713	Triticum aestivum compactum	1901	1954	Liliopsida	Plantae
213212764	12246414	Parapholis cylindrica	1906	2021	Liliopsida	Plantae
213215263	12254070	Cynanchica aristata	2020	2020	Magnoliopsida	Plantae
