nubKey,col_taxon_key,col_class_key,classKey
5740285,3HZCC,7NHQR,257253807
3202936,FBFY,BXQ,257252972
5179027,4W38V,63SXX,257254602
5250069,565Y9,565Y9,257253006
4985072,586SF,84K8Q,257254913
5250090,7DT7G,7DT7G,257253006
2557730,4ZBZM,4ZBZM,257253006
6157050,7H7N2,RP,257253646
7190901,7GVMR,RP,257253646
6157035,5F8HS,RP,257253646
6157026,5F8HQ,RP,257253646
7062200,5F8HR,RP,257253646
2537743,3T5L6,3T5L6,257253091
9350124,89JGM,RP,257253122
2516809,6QY38,6QY38,257253032
2516419,57XR2,57XR2,257253032
7239373,7DWCT,7DWCT,257253032
6159273,3RMXV,RP,257253122
2516117,6KVWP,6KVWP,257253032
2516137,6KW7V,6KW7V,257253032
9185677,4KPJD,RP,257253122
2469188,4KPJ3,RP,257253122
2516075,6BQ4Q,6BQ4Q,257253032
3376286,6WNR7,6WNR7,257253032
4344674,6CJB3,7NH5Q,NA
2515351,6WNND,6WNND,257253032
2515236,4QC98,4QC98,257253032
2514972,4QDTR,4QDTR,257253032
2514966,4QF5N,4QF5N,257253032
2502938,LVHK,7NHN3,NA
2513609,6FHQN,6FHQN,257253081
5232428,5Y8VT,V2,257253251
5232437,5WRC3,V2,257253251
7670473,KZGX,KZGX,257253126
2627503,KZGW,KZGW,257253126
2498387,BDDV,V2,257253251
2498388,5TV4F,V2,257253251
2498390,3Y7XF,V2,257253251
2498252,C5KM,V2,257253251
2498305,4BMPH,V2,257253251
2498344,32ZQ4,V2,257253251
2498015,54GHT,V2,257253251
2498035,5V9X5,V2,257253251
6096602,6QN5W,9JG46,257253170
5930559,PXGZ9,62WJ5,257254001
5414239,3PFBS,62WJ5,257254001
5533814,PXRJW,62WJ5,257254001
5220170,4TQLC,6224G,257252989
2441122,6TDD6,6224G,257252989
5220136,342N9,6224G,257252989
2440954,T56N,6224G,257252989
2440946,44KXR,6224G,257252989
5421116,586J2,J7G,257254001
5219858,49JSC,6224G,257252989
4264680,6RRQT,6224G,257252989
2439838,RQPV,6224G,257252989
3686235,6ZGB5,7LY4,257254001
5786666,6MK7J,6224G,257252989
2437619,377CX,6224G,257252989
5219721,6QZ9S,6224G,257252989
5914287,3ZDZL,JVZ,257254001
2439261,4RM67,6224G,257252989
3190653,BCBF,KTWQN,257254001
5219681,4VNCY,6224G,257252989
5219683,4VNDM,6224G,257252989
2437450,54MTB,6224G,257252989
3190538,4SND6,KVRN5,257254001
3190551,797XH,KVRN5,257254001
2437232,6BVXH,6224G,257252989
3190522,YXRZ,KVRN5,257254001
2437397,PW65,6224G,257252989
2437394,PW5V,6224G,257252989
2437282,54MTK,6224G,257252989
7740617,6Z3Y4,8TK2G,257254001
5219380,3ZT5J,6224G,257252989
8077391,VMN6,J79,257254001
9518324,6VY96,6224G,257252989
5218786,4MPXY,6224G,257252989
3190382,4TT2S,K9Z,257254001
2433536,45STB,6224G,257252989
3190411,4PSYD,8TK2G,257254001
2435035,3DXV3,6224G,257252989
2434552,4859P,6224G,257252989
5421180,3RBVV,628N6,257254001
2435451,6XMTZ,6224G,257252989
3189939,R5RX,628N6,257254001
3189935,R5RW,628N6,257254001
2436940,74ZBP,6224G,257252989
2436886,53N8X,6224G,257252989
7263145,64FKS,JP8,257254001
2431875,4KBDC,PH,257253701
7262958,64FK9,JP8,257254001
7262908,9474,JP8,257254001
4925890,5FD3V,JP8,257254001
2431886,595FM,PH,257253701
5216933,4S7NY,PH,257253701
3189883,94JD,JP8,257254001
3189866,94F5,JP8,257254001
3189837,94JH,JP8,257254001
5217334,5CBC9,PH,257253701
2427091,VJF78,PH,257253701
2426661,76CHR,PH,257253701
3189828,65BKQ,JP8,257254001
2426640,76CHR,PH,257253701
3189815,65BKZ,JP8,257254001
3188711,CSZW,628KQ,257254001
3989886,3WVD9,628KQ,257254001
3988701,6QQTT,628KQ,257254001
3188735,3WVJH,628KQ,257254001
5203111,7DGKY,KTWM8,NA
3188757,7CMPW,628KQ,257254001
7161168,6QMRW,K22,257254001
7814921,VRLV,K22,257254001
4285694,6SSRC,KTWM8,NA
5544928,5GH83,K22,257254001
4285968,6W7RT,KTWM8,NA
5420978,VRLQ,K22,257254001
5420982,VRMS,K22,257254001
5208832,3GPHH,KTWM8,NA
5545159,5JFJX,628LH,257254001
5421039,3WDB2,628LH,257254001
2379089,6RW9X,KTWM8,NA
5420991,3WDCZ,628LH,257254001
2379105,46HS5,KTWM8,NA
8994150,48Y3T,K22,257254001
2379245,77Z2S,KTWM8,NA
7915783,6SK2H,K22,257254001
8153538,CDTRF,K22,257254001
8302634,48Y8G,K22,257254001
2382155,6XHMB,KTWM8,NA
7322292,48XRR,K22,257254001
2394486,3TG2F,KTWM8,NA
7322529,48Y6K,K22,257254001
7322393,48XXH,K22,257254001
7322373,48XXP,K22,257254001
2394563,4353G,KTWM8,NA
3667406,48XTN,K22,257254001
3667238,48Y3N,K22,257254001
3667721,6SJCT,K22,257254001
3667628,48Y2S,K22,257254001
4287131,9C4T,KTWM8,NA
3665817,48Y6L,K22,257254001
2402129,9C5J,KTWM8,NA
3664287,48XS6,K22,257254001
2402168,64KGJ,KTWM8,NA
3664589,48XYK,K22,257254001
3663772,48Y26,K22,257254001
3188830,48Y89,K22,257254001
3188838,48Y43,K22,257254001
3188859,48Y7Y,K22,257254001
3188867,48XXZ,K22,257254001
3188875,48Y65,K22,257254001
5202793,VRBD,KTWM8,NA
3188884,48Y2X,K22,257254001
3188924,48XQP,K22,257254001
3188894,48XVS,K22,257254001
2337607,6YPTG,KTWM8,NA
5202520,3PB88,KTWM8,NA
9188840,6G4VY,K22,257254001
2340977,CQKD,KTWM8,NA
2340989,CQKG,KTWM8,NA
3665966,6G52L,K22,257254001
3189073,6FSW6,K22,257254001
5204019,49JFF,KTWM8,NA
5204034,49JF8,KTWM8,NA
2351064,6B29W,KTWM8,NA
3152816,4JN3Q,6RKR,257254001
2351211,6B298,KTWM8,NA
2351136,YDB5,KTWM8,NA
2351413,3MSJL,KTWM8,NA
3152861,3VCGS,V5G9L,257254001
4409643,6Q3R5,KTWM8,NA
4286975,33HRJ,KTWM8,NA
4286942,68ZXN,KTWM8,NA
2366634,R32T,KTWM8,NA
2367033,KHGW,KTWM8,NA
7433196,3CGYG,6275L,257254001
2367742,4HWST,KTWM8,NA
2360504,5BFDX,KTWM8,NA
7102937,3CGXQ,6275L,257254001
2362881,723YJ,KTWM8,NA
3169120,3CGSK,6275L,257254001
2362868,4P9F3,KTWM8,NA
2362486,6N2TM,KTWM8,NA
2362473,6MR5M,KTWM8,NA
2362030,326B3,KTWM8,NA
5569367,6Y4HL,JMB,257254001
4363583,4RJGP,7NJW5,257253834
5189713,3ZQFW,7NVVQ,257253834
5410151,QBRK,V5BF3,257254001
5410210,QB9D,V5BF3,257254001
5409852,QB75,V5BF3,257254001
5777912,3VKPP,7NJHQ,257253834
5410826,5X8SY,V5BF3,257254001
5411392,QBFD,V5BF3,257254001
5410411,QBRH,V5BF3,257254001
5410480,5WWCN,V5BF3,257254001
5411408,QBG5,V5BF3,257254001
5411453,QBKK,V5BF3,257254001
5192470,S3TKT,7NL8Q,257253834
5192789,6BG8L,7NG9K,257253834
5409120,72LWC,V5FXY,257254001
5408775,72M6D,V5FXY,257254001
5408682,3VS4W,V5FXY,257254001
5408087,3VRNM,V5FXY,257254001
7540164,GMVT,7NVXY,257253834
5407810,57NP4,V5BF3,257254001
4562566,6595S,7NVXY,257253834
3167003,58VRK,V5BF3,257254001
3164340,4JPWP,V5BF3,257254001
8745918,34Y2F,7NVXY,257253834
5190777,6CN39,7NVXY,257253834
5386028,VK7D3,VK7CY,257254001
3138230,RH85,B3HBG,257254001
5189806,4HGZ8,7NVVQ,257253834
7505045,4Y7VD,J6T,257254001
4565039,3NBLH,7NVXY,257253834
7403263,3RTC5,JCD,257254001
4567717,5WLLD,7NVXY,257253834
7587923,3BSXK,J6T,257254001
2294277,565SR,7NVXY,257253834
7627205,6KGQP,J6T,257254001
4598226,54P2Q,7NVXY,257253834
2297108,43BW2,7NVXY,257253834
4564944,5CDFJ,7NVXY,257253834
8346536,4VDPT,J6T,257254001
4565134,SZLY,7NVXY,257253834
4565140,SZM4,7NVXY,257253834
8537667,5XZQC,JCD,257254001
2296805,7D89L,7NVXY,257253834
7066596,CX2Y4,J6T,257254001
9479629,7BNK7,84KJK,257253763
5391599,TKFW,J6T,257254001
9442679,N89F,84KJK,257253763
5392859,6DV7B,B3HBG,257254001
4410150,44984,84KJK,257253763
5392883,38K8R,B3HBG,257254001
5392683,6DV77,B3HBG,257254001
4410088,4R7MM,84KJK,257253763
5392270,V85B,JCD,257254001
5392243,V852,JCD,257254001
4410056,4ND44,84KJK,257253763
8323119,5MKXZ,J6T,257254001
5392145,LSH8,J6T,257254001
4812260,N6MX,84KJK,257253763
5392174,LS97,J6T,257254001
5391882,LSKW,J6T,257254001
2308574,N6WK,84KJK,257253763
4307880,4M4PT,84KJK,257253763
5392083,LS6G,J6T,257254001
5391810,LSMC,J6T,257254001
2308605,6VVPB,84KJK,257253763
5391845,68JBS,J6T,257254001
5389402,LS4K,J6T,257254001
2308541,72DF5,84KJK,257253763
5389173,555RG,J6T,257254001
5199161,6N2MZ,84P7R,257253743
5389058,4Y752,J6T,257254001
7009279,3S89N,84KR7,257253743
5389029,4Y76S,J6T,257254001
5389017,6Z4X2,J6T,257254001
5388967,4Y7HH,J6T,257254001
2327735,6HVS2,84KRW,257253743
9182765,PJC6,J6T,257254001
5391480,PJDZ,J6T,257254001
2321010,6R5XM,84PZG,257253743
2321012,6R69M,84PZG,257253743
5391292,S85X,J6T,257254001
5390636,YWY7,J6T,257254001
5390611,YWY3,J6T,257254001
5709400,99R39,JCD,257254001
4559541,4XJB8,7NM9Z,257253967
6443709,57WGC,JCD,257254001
5386938,57WKK,JCD,257254001
2286079,Z6ZW,7NGTP,257253967
5387817,B3GQN,J6T,257254001
7791733,44RHY,7NVY2,257253967
5388595,3QJG4,J6T,257254001
2287076,6S4TM,7NVY2,257253967
5387098,33YGC,J6T,257254001
2287072,37M79,7NVY2,257253967
8133114,HPKW,J6T,257254001
5387639,HPJZ,J6T,257254001
2288859,4PJQZ,7NVY2,257253967
2288847,55F29,7NVY2,257253967
5403743,4VSZD,JCD,257254001
5403742,4VSZC,JCD,257254001
5401239,3DXMB,J6T,257254001
8190231,5ZYZK,7NVY2,257253967
5401508,6F6S5,J6T,257254001
5189032,5ZYZX,7NVY2,257253967
5401760,65RYZ,J6T,257254001
5188971,4RF6D,7NVY2,257253967
5401877,3K4J8,J6T,257254001
2287615,4FDSH,7NVY2,257253967
5402363,6D847,J6T,257254001
5402627,6NBRK,J6T,257254001
2287668,3ZTFD,7NVY2,257253967
5402874,3CKJV,J6T,257254001
5393689,HT6K,J6T,257254001
2287249,39X2N,7NVY2,257253967
5395475,72983,J6T,257254001
5396474,B3GQQ,J6T,257254001
4556286,B8WFM,8FZBQ,257254039
5396551,5786X,J6T,257254001
2284443,QD4HF,8FZBP,257254039
5397564,5B4WX,7NM4T,257254001
5399550,4RYDQ,JCD,257254001
5400552,B3GPN,J6T,257254001
5401007,6Q3WX,J6T,257254001
7547256,6YRDJ,84K42,257254611
2220312,3KQ9P,CVHBS,257254611
2220347,6QDJL,CVHBS,257254611
7569785,3LS9F,JCD,257254001
4243464,3LTVB,JCD,257254001
2227663,4SBRY,B8WMW,257254611
7706146,99H7V,JCD,257254001
2224970,9GR49,9CK9N,257254611
5831060,5GP4Q,JCD,257254001
5403541,6BFPC,JCD,257254001
2226990,7W7FR,7NFK5,257254611
5403272,6BFKH,JCD,257254001
5403508,6BGX6,JCD,257254001
4245384,6BFC9,JCD,257254001
2227300,7WLRT,7NFK5,257254611
3148548,DCCR,J6T,257254001
3148589,DCBJ,J6T,257254001
3148560,DCCK,J6T,257254001
3147913,5B376,J6T,257254001
2225646,PQYN,B8WMW,257254611
4933624,6MVFS,J6T,257254001
2225776,3B3LX,B8WMW,257254611
3148340,3PT6J,J6T,257254001
4382841,3KP8C,B8WMW,257254611
3139003,3Z4JZ,J6T,257254001
2225772,L26KD,B8WMW,257254611
3138953,3Z4KC,J6T,257254001
3141046,69HXL,J6T,257254001
5177089,3QK5H,7NFPD,257254611
3140910,6QRP7,J6T,257254001
3138195,6HKK4,J6T,257254001
3138192,6HKJT,J6T,257254001
2203165,YC3C,C7W9X,257254611
2202786,7Q3FW,C7W9X,257254611
3137829,99NS3,B3HBG,257254001
2202641,4RPCX,C7W9X,257254611
3138327,RH96,B3HBG,257254001
3146219,6KSR7,J6T,257254001
2209044,45KK7,C7W9X,257254611
3145214,6YPNF,B3HBG,257254001
3141890,6C4GJ,J6T,257254001
2205951,BRFQY,7NFLW,257254611
2206086,84FL5,7NFLW,257254611
2204831,7B8KV,7NHYK,257254611
3141571,3XWKJ,B3HBG,257254001
3143034,37DTY,J6T,257254001
3142974,37DXR,J6T,257254001
4314683,5XQWG,7ZJK2,257254611
4314702,73P2T,7ZJK2,257254611
3129663,K79D,J6T,257254001
5178057,QSCF,7ZJK2,257254611
8018277,S76P,B3HBG,257254001
8305028,S779,B3HBG,257254001
5177825,6MW6C,7ZJJW,257254611
7223276,7JJNN,B3HBG,257254001
3129064,S6WZ,B3HBG,257254001
3129010,S6FZ,B3HBG,257254001
3128279,69GP6,B3HBG,257254001
3128228,69GBG,B3HBG,257254001
3128962,S6FY,B3HBG,257254001
4315760,6DVLX,7ZJK3,257254611
3128437,S6M4,B3HBG,257254001
3128007,S74W,B3HBG,257254001
3127837,S6Q2,B3HBG,257254001
3128166,S64P,B3HBG,257254001
3128091,S6YD,B3HBG,257254001
4315705,364SQ,7ZJK3,257254611
3127613,S75S,B3HBG,257254001
3127727,S7J3,B3HBG,257254001
3127691,S676,B3HBG,257254001
5864277,3F8K3,7ZJK3,257254611
4926336,66KW2,J6T,257254001
2219863,3F8M6,7ZJK3,257254611
3136929,DF4F,J6T,257254001
4416920,53ZXP,7ZJK3,257254611
3137629,6WV85,J6T,257254001
2217982,6BBNL,7ZJK3,257254611
3134867,RS37,JCD,257254001
3133702,652DT,J6T,257254001
2215949,3ZK3G,7ZJK4,257254611
3133887,CCRMT,J6T,257254001
3133938,YDRV,J6T,257254001
3133950,YDWG,J6T,257254001
3131367,3K74P,J6T,257254001
3131614,3K6TW,J6T,257254001
6128436,LCHP8,V5JF4,257254899
8298495,3F55T,J6T,257254001
3132570,3F55R,J6T,257254001
6467647,LCHLX,V5JF4,257254899
3122190,CKZP,B3HBG,257254001
4805564,LCHHJ,V5JF4,257254899
8042568,GVZ9,J6T,257254001
8195160,GWSL,J6T,257254001
8373355,GW2V,J6T,257254001
5166489,QJMBP,V5JF4,257254899
3121668,GW4B,J6T,257254001
3121581,GW9Y,J6T,257254001
3121562,GWWW,J6T,257254001
3121258,GWSX,J6T,257254001
3121226,GW56,J6T,257254001
3120950,GWL8,J6T,257254001
2115769,LSKVH,V5JF4,NA
3120713,GWW4,J6T,257254001
7222196,5FD9J,J6T,257254001
3120391,64GRK,J6T,257254001
3120284,64H5C,J6T,257254001
3120066,97LD,J6T,257254001
3120024,64H53,J6T,257254001
3147146,6GPVP,J6T,257254001
3147018,6GP4C,J6T,257254001
3147168,6GPZT,J6T,257254001
3146717,6GNL6,J6T,257254001
3146791,6GNBD,J6T,257254001
3146683,6GQ7L,J6T,257254001
3119285,6H23S,J6T,257254001
3126046,6H24F,J6T,257254001
3125944,79K4L,J6T,257254001
3125933,6XJTW,J6T,257254001
3125901,6YNS3,J6T,257254001
2162464,7DTHG,CVV6T,257254767
3125765,537NP,J6T,257254001
2162525,6SHSL,CVGFK,257254767
2162537,48V3J,CVGFK,257254767
9321334,4HV4N,JCD,257254001
2161710,6LRWW,CV62R,257254767
8288930,4HV3W,JCD,257254001
2162049,74KDF,CVH8T,257254767
2161911,CVG4P,CVG4P,257254767
2161467,CTTYH,CTTYH,257254767
3123300,6VJYF,JCD,257254001
3123663,77K6R,JCD,257254001
7652364,CVD64,CVD64,257254767
3122924,77JWC,JCD,257254001
3123249,4HV7H,JCD,257254001
2158821,46SPB,CVCN4,257254767
3122323,47V59,B3HBG,257254001
2177741,3JVJ5,CV4LM,257254767
3089146,5C4YJ,J6T,257254001
2176858,4G4SW,CVLX7,257254767
3089150,5C4YT,J6T,257254001
2176168,CVLVZ,CVLVZ,257254767
3089154,7G6SB,J6T,257254001
2174528,4TZR5,CVNF9,257254767
3086784,764TB,J6T,257254001
2172282,76C8P,CVKLJ,257254767
2172885,3DGWX,CV6GV,257254767
7749287,4FCYP,J6T,257254001
2171214,4KFLR,CVK87,257254767
3088310,4FCZN,J6T,257254001
3088282,4FD29,J6T,257254001
2172103,6LL4T,CV5WW,257254767
3114986,GBR4,7NM4T,257254001
2169430,3WXL8,CV9SJ,257254767
3115131,4XJ8Q,J6T,257254001
2164194,TTBQ,CTXBD,257254767
6718178,6BJSQ,CTXTC,257254767
4550810,ZTHK,CTXTC,257254767
3118526,54NBZ,J6T,257254001
3118430,7BJ6P,J6T,257254001
3118254,54N6D,J6T,257254001
2157984,478W5,CVDW7,257254767
3118216,54N7L,J6T,257254001
2155807,3D5JW,CV573,257254767
9206251,3K5TS,J6T,257254001
2155867,WZJK,CTW5Z,257254767
3119225,6LHPB,J6T,257254001
2157203,4ZMQV,CVQM3,257254767
2157278,4ZMR4,CVQM3,257254767
3119219,3K626,J6T,257254001
3119191,3K5VF,J6T,257254001
2157245,4ZMPJ,CVQM3,257254767
3119185,3K5VG,J6T,257254001
3119181,3K5XG,J6T,257254001
3119175,3K63N,J6T,257254001
2157335,3J7B9,CV66L,257254767
3113637,VJCQ,B3HBG,257254001
3113745,VHZF,B3HBG,257254001
2157949,3SLWQ,CV7MC,257254767
3112994,7V77Y,B3HBG,257254001
2157928,6P4KD,CV7MC,257254767
2157944,3SLWC,CV7MC,257254767
2157942,3SLWF,CV7MC,257254767
3113852,3HMY7,7NM4T,257254001
2153287,7GH4Q,CVVM4,257254767
4255472,4TM9R,J6T,257254001
3114229,799R2,J6T,257254001
2153712,3H7H8,CV6VV,257254767
3114225,4TMB7,J6T,257254001
2153759,4GRL6,CVJVZ,257254767
2153791,TDGX,CTVYF,257254767
3114343,J9TT,J6T,257254001
2155557,6YDR2,CVQ6L,257254767
9448191,5G7Y7,B3HBG,257254001
4210773,R77T,B3HBG,257254001
2149679,3M8SP,CV8WJ,257254767
3114667,R73N,B3HBG,257254001
2149847,4YKCT,CVPVF,257254767
3114679,68ZGJ,B3HBG,257254001
2149761,43384,CVDCC,257254767
3114643,R6M5,B3HBG,257254001
2150043,ZMLK,CTXF9,257254767
8002952,5TZQZ,J6T,257254001
2149992,6VBL7,CVJGK,257254767
2150089,5VSKV,CTQ9S,257254767
3110686,CPQ6,J6T,257254001
3110588,CPQH,J6T,257254001
5170395,4GQ5X,CVJNH,257254767
2152822,4GQ68,CVJNH,257254767
3110293,3DRCK,J6T,257254001
3110767,VN88,J6T,257254001
2140406,58583,CVSVJ,257254767
8542672,YYM5,J6T,257254001
5168461,6H29N,CV2QJ,257254767
3112123,YYLZ,J6T,257254001
3112110,YYML,J6T,257254001
2138649,3ZV8J,CVDD7,257254767
3112098,YYRY,J6T,257254001
3112364,6C6PZ,B3HBG,257254001
3112361,9BBBS,B3HBG,257254001
2141241,PV44,CTV7Q,257254767
3104491,5W35J,J6T,257254001
2142456,7DFQL,CVTL7,257254767
2148040,5644S,CVRQ6,257254767
2145078,6R3W6,CVBSV,257254767
3104314,728LS,J6T,257254001
7903764,6YGYY,J6T,257254001
6063730,4WNPH,J6T,257254001
3109086,6YGST,J6T,257254001
7481364,6JRYD,BXWD9,257254066
3109117,4WN92,J6T,257254001
4487282,6JRXD,BXWD9,257254066
3107896,4WKVP,J6T,257254001
3107177,4WMPL,J6T,257254001
4487370,59CGM,BXWD9,257254066
3105768,6YV37,JCD,257254001
4486365,VF9VR,BXWDD,257254066
5879783,94B55,B3FTD,257254066
3110041,CYV3,J6T,257254001
4532122,ZXL8,8MQ,257254066
3102871,5CCKX,J6T,257254001
5108665,PVSY,CQPF8,257254066
3103180,3F8PF,J6T,257254001
3103082,3F8QY,J6T,257254001
1932752,P77K,C98,257254066
3102823,67BJH,J6T,257254001
1941864,6TW2L,KZS5R,257254066
3104078,3L7BS,J6T,257254001
5104748,698MK,8V4GK,257254066
1749449,698MR,8V4GK,257254066
3104150,58YGL,J6T,257254001
1651430,89W76,V997Q,257254066
1652212,657NL,V997Q,257254066
3103791,736RP,J6T,257254001
1652150,657NB,V997Q,257254066
3098951,6B7BM,J6T,257254001
3098912,6B7N7,J6T,257254001
1650106,66W8Q,CNBL2,257254066
3096529,6R75N,J6T,257254001
3098176,Q4CH,J6T,257254001
3098183,Q4CL,J6T,257254001
3098186,Q4C9,J6T,257254001
1718308,96XX,8NKFV,257254066
3100968,4NXG7,J6T,257254001
3101193,36ZJ7,J6T,257254001
3101184,36ZJB,J6T,257254001
1719204,3HG7L,8NKFV,257254066
3100375,922T,J6T,257254001
3093891,3NTNS,JCD,257254001
1713034,3HGL5,8NKFV,257254066
1722140,6H8W8,8NKFV,257254066
3092946,PTRG,J6T,257254001
3092782,3DCYS,J6T,257254001
1722299,3HG6Y,8NKFV,257254066
3092604,6Q74Q,J6T,257254001
1702101,DBTY,8NKFS,257254066
4423428,5CRHT,8NKFY,257254066
1690429,3YLJ2,8NKFY,257254066
3094939,49LKF,B3HBG,257254001
3094899,6SMHT,B3HBG,257254001
9202318,53Q87,J6T,257254001
6931186,QSRDG,DC2,257254066
7832723,53Q88,J6T,257254001
3151618,53Q8K,J6T,257254001
3151558,53Q8L,J6T,257254001
3151692,53Q74,J6T,257254001
1421105,TFFSD,PR8KP,257254066
3151666,53Q9B,J6T,257254001
3151755,53Q8Y,J6T,257254001
1421095,N4X6X,PR8KP,257254066
3151811,7B6K2,J6T,257254001
3094253,53Q9R,J6T,257254001
8584304,3HLGN,J6T,257254001
3088652,3HLH4,J6T,257254001
1423286,3Q6GT,V58WK,257254066
7497356,54JT5,J6T,257254001
3088481,7BHRG,J6T,257254001
3088488,54JQL,J6T,257254001
1422818,4NJD7,V58WK,257254066
3088405,6Q3W7,J6T,257254001
3092576,6YQLT,J6T,257254001
3092125,N37,J6T,257254001
5386764,9FBD,J6T,257254001
1420197,BQQ5,K59,257254066
8351995,6JKTR,KFD,257254066
1420857,4DTYL,K3C,257254066
3090783,77WVM,JCD,257254001
1420846,38LCG,KFD,257254066
1420769,67Y97,KFD,257254066
1420791,727KP,JFB,257254066
5372392,5BM7B,KHJ,257254001
1420795,3KC7Y,K3C,257254066
1420828,3KXWK,K3C,257254066
1420829,3KXWP,K3C,257254066
3039209,6TSTD,KHJ,257254001
1420612,4VN3Q,KFD,257254066
3039194,4DTTQ,KHJ,257254001
1420765,69NZF,KFD,257254066
1419894,3BNX9,8N7WN,257254066
3033077,JPKH,8VVC7,257254001
8599762,LM2TS,5QG,257254066
3039046,3DVXK,B7XD4,257254001
3036033,3JZ43,B7XD4,257254001
5041466,4V4RF,KZMNP,257254066
3037015,G4RP,B7XD4,257254001
3036958,G4X9,B7XD4,257254001
1311477,7G3C6,KZMNP,257254066
3036892,G4SD,B7XD4,257254001
7664179,CMYDQ,KZMNP,257254066
7358948,CM46N,KZMNP,257254066
8364220,57FPX,J5W,257254001
1325561,4DGDP,KZMNP,257254066
6026665,57FNT,J5W,257254001
8455382,VMT4Q,VMT4Q,257254066
6027089,4XY82,J5W,257254001
1326634,3NY46,KZMNP,257254066
1320777,6VMQV,KZMNP,257254066
7466434,5K8TM,J5W,257254001
7224157,5K8TJ,J5W,257254001
1322674,4FY76,KZMNP,257254066
1321805,4FY8B,KZMNP,257254066
8080300,4HWV3,J5W,257254001
1323402,55PJJ,KZMNP,257254066
1316805,54T6X,KZMNP,257254066
5538946,4HX63,J5W,257254001
1314773,4488W,KZMNP,257254066
1319260,55RN6,KZMNP,257254066
5538108,3PKSZ,J5W,257254001
1316908,3V2M8,KZMNP,257254066
5371870,68JDM,J5W,257254001
5371889,48X9X,J5W,257254001
7572133,66WKJ,KZYT4,257254066
5371808,DYRP,J5W,257254001
7987143,678KF,KZYT4,257254066
5371772,6Q6ZC,J5W,257254001
4453195,M3X9T,KZYT4,257254066
5371746,5VHVT,J5W,257254001
1043978,T4SCB,KZYT4,257254066
6027313,34BBK,J5W,257254001
6027382,6CG52,J5W,257254001
3641853,6CG69,J5W,257254001
4989894,PRS7C,KZYT4,257254066
4989904,PNVYQ,KZYT4,257254066
6026954,6Y3WP,J5W,257254001
4990176,CGBBN,KZYT4,257254066
6308164,5L2TM,J5W,257254001
1043717,N22SV,KZYT4,257254066
3637507,6Y3WJ,J5W,257254001
3637112,6XRWL,J5W,257254001
3633319,57FF5,J5W,257254001
3034922,6JBPX,J5W,257254001
4271356,5HNL5,J5W,257254001
4400961,KBVM,BXV97,257254066
3034825,6LS3M,J5W,257254001
4987920,7D538,8NHTS,257254066
3034681,45DGC,J5W,257254001
1032377,3MMSZ,BW9TV,257254066
1032262,39QXX,BW9TV,257254066
3034915,J3K6,7NDYX,257254001
3034871,6B3DT,J5W,257254001
4401285,37FNT,8N7WR,257254066
1031742,37FNR,8N7WR,257254066
1031743,6DJ67,8N7WR,257254066
7318448,8532L,7NDYX,257254001
1031737,6WJML,8N7WR,257254066
3631129,6H4DP,7NDYX,257254001
1031564,4PLD4,8MP9F,257254066
3034393,3BB2Y,7NDYX,257254001
1031684,6PC3J,8MP9F,257254066
1031685,6PC3K,8MP9F,257254066
5831906,NVPJ,J5W,257254001
1031677,7D823,8MP9F,257254066
6026972,5WTPJ,J5W,257254001
3639326,NVN4,J5W,257254001
1031680,SZMR,8MP9F,257254066
3638793,NVPD,J5W,257254001
3034552,NVTJ,J5W,257254001
3034558,NVWX,J5W,257254001
1031512,3VB7Q,BXV7J,257254066
1031520,3VB7K,BXV7J,257254066
3034182,CT9Z,J5W,257254001
1031524,72JQX,BXV7J,257254066
1031394,6DY5G,8MP9J,257254066
3034646,DY93,J5W,257254001
1031400,38R33,8MP9J,257254066
3642339,69MHV,J5W,257254001
3642531,5XMGH,J5W,257254001
3034653,69MHZ,J5W,257254001
1013526,3338M,7ZFKH,257254728
7978544,6MJYZ,JQ7,257254001
3034602,3N6SV,JQ7,257254001
1010644,3JJYW,3JJYW,257254907
3034015,3SN47,KVFHQ,257254001
3034046,4F97T,KVN55,257254001
8060423,SSJZ,3KYZ,257254001
5361762,458ZB,5WJZ,257254001
5361785,458YG,5WJZ,257254001
3152824,6QJRL,5FBY,257254001
3083486,6TKNH,6C8P,257254001
3083488,4BYC9,6C8P,257254001
5567657,5WK3T,KV8QL,257254001
5567694,LKQK,KV8QL,257254001
5371610,7BYQC,KVCDT,257254001
5371605,7CFGT,KVCDT,257254001
7339492,6X8TL,KV8QL,257254001
3754587,798TL,KV8QL,257254001
7544073,SSGFL,KVSRN,257254001
8223023,6Y34K,KVSRN,257254001
7339396,6Y38M,KVSRN,257254001
3754353,6XSPP,KVSRN,257254001
3753098,6XQQZ,KVSRN,257254001
3032611,6CCGT,KV8QL,257254001
3032698,55725,KVCDT,257254001
3032653,3LFS2,KVCDT,257254001
7334263,Z77B,626TX,257254001
7334368,7DGHH,KBM,257254001
5690287,4W93H,KBM,257254001
7172720,4W96K,KBM,257254001
5361982,4W9DP,KBM,257254001
5362004,4W9WD,KBM,257254001
4201607,4FXQ2,KBM,257254001
7334631,3NGRP,KBM,257254001
2985863,3NGSC,KBM,257254001
2985944,3QYGT,KV678,257254001
8091002,D2PNQ,KBM,257254001
7334576,4WJ5H,KBM,257254001
2985949,4WJ47,KBM,257254001
2986129,78VDD,79VF,257254001
2986132,6WVCN,79VF,257254001
2986130,4SYJN,79VF,257254001
2986184,4SY77,79VF,257254001
2984676,6TJLW,K36,257254001
5361880,QM84,3GTP,257254001
5361888,44FTD,KVK2V,257254001
5361889,44FPX,KVK2V,257254001
5361909,6HVJJ,KV9V7,257254001
5361944,68QX8,KV855,257254001
4048052,5HYJD,4XFW,257254001
7293094,38XCX,62QQB,257254001
4048240,38XFV,62QQB,257254001
3039272,6DZTL,62QQB,257254001
3039269,38X9R,62QQB,257254001
5372457,6TJQB,KVNJZ,257254001
3039418,5D5ZN,KVNJZ,257254001
2984532,5CZ8S,63WXW,257254001
7437751,7F299,KVXRK,257254001
7602322,7F27V,KVXRK,257254001
5670646,7F22V,KVXRK,257254001
7300922,4HSTM,VFX2Q,257254001
5669632,4HT2D,VFX2Q,257254001
5361841,6VKFY,VFX2Q,257254001
2984466,6NVYN,KVXRK,257254001
2984366,4DMCN,KVM2S,257254001
3021922,4N8QS,BVBB9,257254001
7272312,6J2ZK,628NC,257254001
7271631,5KTF9,BVBB9,257254001
5362136,683V9,BVBB9,257254001
5362215,32ZLZ,BVBB9,257254001
5363627,GTSZ,BVBB9,257254001
5370380,3475B,628NC,257254001
5370006,3FYDZ,628NC,257254001
5370043,3FYCX,628NC,257254001
5369784,3FYBR,628NC,257254001
8045533,7KMYM,628NC,257254001
8358048,7KMW2,628NC,257254001
7272439,7KN82,628NC,257254001
5367186,4M5XM,628NC,257254001
5367214,4M5QF,628NC,257254001
5365888,4M5GS,628NC,257254001
5366327,4M5P7,628NC,257254001
5365305,77VB3,628NC,257254001
5365705,4M5H5,628NC,257254001
5371450,3R6JN,BVBB9,257254001
3024109,92SRN,BVBB9,257254001
3025858,YXTX,BVBB9,257254001
3025731,YY3S,BVBB9,257254001
3025907,YY68,BVBB9,257254001
3025875,YXW4,BVBB9,257254001
3025896,YXWQ,BVBB9,257254001
3025989,YXY2,BVBB9,257254001
3026004,MY799,BVBB9,257254001
3026049,YXWK,BVBB9,257254001
3026074,YY6W,BVBB9,257254001
3026024,6B8NS,BVBB9,257254001
3026040,YY9Y,BVBB9,257254001
3025617,YXYX,BVBB9,257254001
3025605,YY9T,BVBB9,257254001
3026105,YXZN,BVBB9,257254001
3026092,YXYV,BVBB9,257254001
3026107,YY7G,BVBB9,257254001
3026162,YXXT,BVBB9,257254001
3026334,YXWV,BVBB9,257254001
3026294,YXV7,BVBB9,257254001
3027791,BHWG,628NC,257254001
3028431,5TVVV,628NC,257254001
3028528,BHWZ,628NC,257254001
3028586,BJ9P,628NC,257254001
3029912,6JK32,628NC,257254001
3031774,KZY7R,BVBB9,257254001
3032442,4SJTQ,BVBB9,257254001
7889822,93MQ9,BVBB9,257254001
8170635,4Z6KJ,BVBB9,257254001
3027332,CR44G,BVBB9,257254001
3027341,4Z6MM,BVBB9,257254001
3027355,93MQH,BVBB9,257254001
3026431,4Z6K6,BVBB9,257254001
3026819,4Z6RT,BVBB9,257254001
3026585,4Z6DK,BVBB9,257254001
3027159,4Z6H5,BVBB9,257254001
3027138,4Z6FM,BVBB9,257254001
3001978,B7HR,628NC,257254001
3002263,4TDL3,628NC,257254001
3002372,4TCXN,628NC,257254001
3011247,4TDPB,628NC,257254001
3006974,4TDS2,628NC,257254001
3003979,4TDX9,628NC,257254001
3003709,4TDB4,628NC,257254001
3000406,4GSLP,BVBB9,257254001
3001270,QJN3N,BVBB9,257254001
3000610,69MTX,BVBB9,257254001
7818643,4N8NW,BVBB9,257254001
6369140,5KPHQ,BVBB9,257254001
3021850,4N97Q,BVBB9,257254001
3022668,4N9B5,BVBB9,257254001
3021730,4N8QW,BVBB9,257254001
3021496,4N8Y3,BVBB9,257254001
3020871,4N8YN,BVBB9,257254001
3022203,4N9C7,BVBB9,257254001
3015457,6BB6D,BVBB9,257254001
3012117,4YB73,BVBB9,257254001
3012103,4YB6T,BVBB9,257254001
3012089,4YB6Z,BVBB9,257254001
2988354,6VHZC,BVBB9,257254001
2996525,4TJGY,628NC,257254001
2994912,6X9M4,628NC,257254001
2995149,4TL9N,628NC,257254001
2989222,4TLX3,628NC,257254001
2992543,4TKMN,628NC,257254001
2994120,6WXLV,628NC,257254001
2993761,4TLR5,628NC,257254001
3853033,464YR,BVBB9,257254001
2987948,73VLD,BVBB9,257254001
5646410,M7NN,JTZ,257254001
8421432,5GM6H,V5JRJ,257254001
3663237,5GM6F,V5JRJ,257254001
3082244,YGMJ,V5JRJ,257254001
2985994,3N4D6,JPZ,257254001
2985995,6MJ8V,JPZ,257254001
3645346,S3TZY,JPZ,257254001
2986022,4G4NL,JPZ,257254001
2986045,4G4L8,JPZ,257254001
2985965,6CPLC,JPZ,257254001
2929710,4XZX5,628NX,257254001
8969026,4HFJX,628NX,257254001
5341768,77GH6,628NX,257254001
5341819,4HFKD,628NX,257254001
5341784,4HFJV,628NX,257254001
5341754,749S3,628NX,257254001
3798835,47D83,JYX,257254001
2928783,47D3V,JYX,257254001
2928775,47D6X,JYX,257254001
2928779,B3GQZ,JYX,257254001
2928767,6RY4V,JYX,257254001
2928774,47D7F,JYX,257254001
2928761,47CZN,JYX,257254001
2928766,6RY36,JYX,257254001
7894250,34B5W,628NX,257254001
2928755,34B67,628NX,257254001
2928751,34B7C,628NX,257254001
2928835,3WKGV,628NX,257254001
2928809,3WKHM,628NX,257254001
2928861,76VWB,B7XDZ,257254001
2928979,3NM2H,628NX,257254001
3802956,4Y4PP,628NX,257254001
2929892,4Y2CJ,628NX,257254001
2930262,4Y4K6,628NX,257254001
2930137,4Y369,628NX,257254001
2931104,6YTJR,628NX,257254001
2930805,4Y45D,628NX,257254001
2932011,4XZVH,628NX,257254001
2931914,6Z5BM,628NX,257254001
2932184,4Y49N,628NX,257254001
2932501,4Y3WN,628NX,257254001
2932905,79G5X,JB8,257254001
2932944,QT4R,628NX,257254001
7427650,5GLF2,JD7,257254001
7323906,5GLF7,JD7,257254001
3678949,5ZXGW,JD7,257254001
2928624,3PW7N,JD7,257254001
2928589,3PX6Z,JD7,257254001
2928583,7VJKW,JD7,257254001
2928576,6MWFS,JD7,257254001
2928538,3PW7M,JD7,257254001
2928668,35MSG,CQ8VC,257254001
2928666,35MSQ,CQ8VC,257254001
3678256,6BR86,CQB8J,257254001
2927484,32LYW,CQB8J,257254001
2927522,32LWQ,CQB8J,257254001
2927530,32LQR,CQB8J,257254001
5356345,3RL8J,9CL55,257254001
5356429,6P32Q,9CL5V,257254001
5356407,3SKTM,9CL5V,257254001
5356441,6P348,9CL5V,257254001
5356361,3SKSC,9CL5V,257254001
5356662,3SKXX,9CL5V,257254001
5356614,3SKVX,9CL5V,257254001
5356704,3SL3K,9CL5V,257254001
5356680,3SL2G,9CL5V,257254001
5356514,3SKYF,9CL5V,257254001
5356488,3SL24,9CL5V,257254001
5356541,3SKVJ,9CL5V,257254001
5356517,3SKWL,9CL5V,257254001
5357407,CX4J,9CJQR,257254001
5358265,6SWC9,9CLJV,257254001
5358266,758C8,9CLJV,257254001
5356973,3W84Z,9CL83,257254001
5356862,3W889,9CL83,257254001
5356931,3W7XP,9CL83,257254001
5356971,3W7ZH,9CL83,257254001
7600608,58Q7V,9CM9W,257254001
7224427,5LLQ3,9CM9W,257254001
5358694,7CSFX,9CM9W,257254001
5358774,58PZH,9CM9W,257254001
5358906,58PRY,9CM9W,257254001
5359037,58Q78,9CM9W,257254001
5358913,58PWT,9CM9W,257254001
5358912,7D4FQ,9CM9W,257254001
5358907,58PMX,9CM9W,257254001
5359118,58Q52,9CM9W,257254001
5359109,58Q77,9CM9W,257254001
5359099,58Q7T,9CM9W,257254001
5359067,58Q2G,9CM9W,257254001
5359249,58Q5H,9CM9W,257254001
5359194,58Q76,9CM9W,257254001
5359175,58Q4Z,9CM9W,257254001
5359169,58PYH,9CM9W,257254001
5359345,58PT4,9CM9W,257254001
5359334,7CS7S,9CM9W,257254001
5359263,58Q75,9CM9W,257254001
5359260,58Q2P,9CM9W,257254001
5359402,5LLPZ,9CM9W,257254001
5359411,7CRVT,9CM9W,257254001
5359378,58PVS,9CM9W,257254001
5359395,58PNJ,9CM9W,257254001
5359475,58Q7M,9CM9W,257254001
5359499,58PMZ,9CM9W,257254001
5359445,58PVF,9CM9W,257254001
5359447,58PW8,9CM9W,257254001
5359510,58Q89,9CM9W,257254001
5359526,58Q4J,9CM9W,257254001
5358301,4VX45,9CJVW,257254001
5348644,6B4PS,9CKFN,257254001
5347854,D2Q8F,9CL5V,257254001
5352251,4T7YV,9CLYF,257254001
5350466,778SJ,9CLNH,257254001
5350452,778SQ,9CLNH,257254001
5353705,3M23K,9CKZD,257254001
5353590,SSR7,9CKBR,257254001
5352372,9DTJQ,9CJVP,257254001
5352425,5FNXG,9CJVP,257254001
5355395,4YF5V,9CM3R,257254001
7681436,33RZR,9CKHH,257254001
5354676,33RY4,9CKHH,257254001
5354707,33S3R,9CKHH,257254001
5353770,G2TD,9CJYD,257254001
5359660,3GF5W,9CKWK,257254001
5632334,58R73,9CM9Y,257254001
5360451,58R66,9CM9Y,257254001
5360429,58R58,9CM9Y,257254001
5360475,58R6D,9CM9Y,257254001
5360465,58R4F,9CM9Y,257254001
5360508,9DPWH,9CM9Y,257254001
5360498,58R59,9CM9Y,257254001
5360523,58R9S,9CM9Y,257254001
5360415,9DPTW,9CM9Y,257254001
5360417,58R9W,9CM9Y,257254001
5360402,58R92,9CM9Y,257254001
5345430,HZKR,34JM,257254001
5345210,J2MB,34JM,257254001
5344663,HWRD,34JM,257254001
5344424,HXB8,34JM,257254001
5343253,HX52,34JM,257254001
5356481,6P32R,9CL5V,257254001
5342681,HY4H,34JM,257254001
5342618,5W7QY,34JM,257254001
2982380,5BDSS,9CMDY,257254001
2977222,6SMX3,9CLJ2,257254001
2977234,49LDR,9CLJ2,257254001
2975667,3F3DY,9CKV9,257254001
2972595,49L68,9CLHZ,257254001
2971095,3ZFBQ,9CLBB,257254001
2971112,72YFX,9CLBB,257254001
2971016,3ZFCK,9CLBB,257254001
2971033,3ZFCN,9CLBB,257254001
2971036,L2BK7,9CLBB,257254001
2971068,6QYG7,9CLBB,257254001
7068379,5LRD9,9CMDW,257254001
7225471,7KV3D,9CMDW,257254001
2975416,5BCT3,9CMDW,257254001
2975384,5BCKQ,9CMDW,257254001
2975393,5BCX3,9CMDW,257254001
2975262,5BCV6,9CMDW,257254001
2975309,5BCL2,9CMDW,257254001
2975187,5BCMQ,9CMDW,257254001
2975257,5BCQH,9CMDW,257254001
2974946,5BCN9,9CMDW,257254001
2975097,5BCTV,9CMDW,257254001
2974887,5BCNM,9CMDW,257254001
2974876,5BCK4,9CMDW,257254001
2974921,7L73C,9CMDW,257254001
2974901,7FR2J,9CMDW,257254001
2974793,5BCX6,9CMDW,257254001
2974832,7G2QH,9CMDW,257254001
2974826,5BCQL,9CMDW,257254001
2974753,5BCS7,9CMDW,257254001
7844167,XD5N,9CKF4,257254001
2956441,XD6Q,9CKF4,257254001
2951998,7DFVM,9CMBW,257254001
2951968,7DG7X,9CMBW,257254001
2957966,4WPC2,9CM2K,257254001
2957408,4WPBZ,9CM2K,257254001
2959443,6KH48,9CKW3,257254001
2964025,3WF65,9CL8D,257254001
2963817,3WFG8,9CL8D,257254001
2964167,3WF58,9CL8D,257254001
2964355,3WFL5,9CL8D,257254001
9151957,3YNPB,9CLB5,257254001
2965531,3YNNJ,9CLB5,257254001
2965438,3YNP4,9CLB5,257254001
2965459,3YNKC,9CLB5,257254001
2965461,3YNQP,9CLB5,257254001
2965485,CG27P,9CLB5,257254001
2965209,3YNMK,9CLB5,257254001
2965232,3YNJK,9CLB5,257254001
2965233,3YNKK,9CLB5,257254001
2965221,3YNLP,9CLB5,257254001
2965226,3YNMF,9CLB5,257254001
2965299,3YNMY,9CLB5,257254001
2965397,3YNPG,9CLB5,257254001
2965280,3YNQK,9CLB5,257254001
2965419,3YNNM,9CLB5,257254001
2965434,3YNMH,9CLB5,257254001
2947311,V7JJ,9CKCP,257254001
2948921,32DMH,9CKGJ,257254001
2949235,65BTK,9CJLL,257254001
2949250,65BW2,9CJLL,257254001
6366597,3FLPD,KVC24,257254001
7270381,3FLSD,KVC24,257254001
3170040,6KB7S,KVC24,257254001
7150619,3GSRX,J6P,257254001
5414545,4F3C7,628LR,257254001
5414550,5BFYH,J6P,257254001
5414551,5BFVZ,J6P,257254001
3170247,H6QS,J6P,257254001
3170266,H6FQ,J6P,257254001
3169708,5BFGF,K97,257254001
5336632,ZRN6,V58RX,257254001
2916767,VGTRL,V58RX,257254001
2916662,HCKK,V58RX,257254001
2916822,VGL9P,V58RX,257254001
2916975,HCW3,V58RX,257254001
2892272,4TJ4K,V58RX,257254001
2914754,6JXF7,V58RX,257254001
2914404,3F6QW,V58RX,257254001
2908428,3F5MZ,V58RX,257254001
2914590,3F652,V58RX,257254001
2914501,3F6LG,V58RX,257254001
7560711,4BBLM,BW6F9,257254001
8427624,75F72,BW6F9,257254001
7156971,4BBM7,BW6F9,257254001
2891755,75F5J,BW6F9,257254001
2891664,75FDS,BW6F9,257254001
2891677,75F8P,BW6F9,257254001
2891707,6TF7H,BW6F9,257254001
3827967,6RPQB,63CXJ,257254001
3827975,75Y2R,6K7C,257254001
9429152,3B8Z2,62RQR,257254001
9297163,3B93R,62RQR,257254001
7619206,3B978,62RQR,257254001
4934102,3B962,62RQR,257254001
3829143,3B96H,62RQR,257254001
3828217,3B8YV,62RQR,257254001
3827980,3B8ZC,62RQR,257254001
2891628,3B8Y8,62RQR,257254001
2891617,6GQLC,62RQR,257254001
2891390,6KDLT,4N5F,257254001
2891079,6KDTM,4N5F,257254001
2890651,6KDN9,4N5F,257254001
2890623,6KCJG,4N5F,257254001
2890541,3FV3P,4N5F,257254001
2890502,6KDVG,4N5F,257254001
2890287,6KDGZ,4N5F,257254001
2890122,3FV3V,4N5F,257254001
2890035,PDL6J,4N5F,257254001
2890013,6KDWF,4N5F,257254001
5334527,6QBZD,6396C,257254001
8207952,3YF9Y,C6GDD,257254001
7225621,477FM,C6GDD,257254001
7372514,3XMH7,C6GDD,257254001
5373324,6R28C,C6GDD,257254001
5374614,C6BYH,C6GDD,257254001
5374672,KM6R,C6GDD,257254001
5374998,5W2GJ,C6GDD,257254001
5374933,G2KH,C6GDD,257254001
5375105,G28N,C6GDD,257254001
5375012,G2KS,C6GDD,257254001
5374118,3Q3HY,C6GDD,257254001
5373358,72LQZ,C6GDD,257254001
5373368,4RKXB,C6GDD,257254001
5373365,4RKX9,C6GDD,257254001
5377678,3B9TV,C6GDD,257254001
5377778,67XXZ,C6GDD,257254001
5376309,36NPQ,C6GDD,257254001
5376326,36NXT,C6GDD,257254001
5376139,3MQ3N,C6GDD,257254001
5376481,6PBBQ,C6GDD,257254001
5376994,6PBCQ,C6GDD,257254001
5376925,6P99N,C6GDD,257254001
5376874,6PBCF,C6GDD,257254001
5377064,6P8ZX,C6GDD,257254001
5377060,6P8ZL,C6GDD,257254001
5376648,6PB3R,C6GDD,257254001
5376565,6PBBR,C6GDD,257254001
5376530,6P9GH,C6GDD,257254001
5376494,6P8ZT,C6GDD,257254001
5376846,6PBCK,C6GDD,257254001
5376816,6PBJ2,C6GDD,257254001
5376785,6P9ZN,C6GDD,257254001
5376692,6PBG5,C6GDD,257254001
5375547,6GQNW,C6GDD,257254001
5375555,3B9VL,C6GDD,257254001
5375285,5XDCW,C6GDD,257254001
5376035,44DBP,C6GDD,257254001
5551241,3P7CN,C6GDD,257254001
5377286,3P7C4,C6GDD,257254001
5377303,3P7D4,C6GDD,257254001
5377196,3P7BP,C6GDD,257254001
3042291,3L53Y,C6GDD,257254001
9073641,Q9DM,C6GDD,257254001
3042416,Q9DB,C6GDD,257254001
3042399,Q9CS,C6GDD,257254001
3042439,Q9DK,C6GDD,257254001
7903057,N83Q,C6GDD,257254001
3042925,C8742,C6GDD,257254001
3042845,N82N,C6GDD,257254001
3042889,8GMLC,C6GDD,257254001
3042751,N7ZK,C6GDD,257254001
3042799,N7WY,C6GDD,257254001
3042624,C6NPG,C6GDD,257254001
3042636,N82B,C6GDD,257254001
7678610,4RJXT,C6GDD,257254001
3040999,5KV24,C6GDD,257254001
3041022,GSV4,C6GDD,257254001
3041109,YCWJ,C6GDD,257254001
3042086,6WHCY,C6GDD,257254001
3040928,C7F26,C6GDD,257254001
3040913,XV57,C6GDD,257254001
3040923,XV54,C6GDD,257254001
3046875,4XS2D,C6GDD,257254001
3046851,4XRZ8,C6GDD,257254001
3046850,4XS7J,C6GDD,257254001
3046839,VJT6J,C6GDD,257254001
3046812,6YSJS,C6GDD,257254001
3046778,4XS6X,C6GDD,257254001
3046765,4XRWZ,C6GDD,257254001
3046744,4XS9C,C6GDD,257254001
3046736,4XRSY,C6GDD,257254001
3690997,87BVP,C6GDD,257254001
3046092,R4KL,C6GDD,257254001
3046015,R4C6,C6GDD,257254001
3045193,5TXLM,C6GDD,257254001
3045042,669LF,C6GDD,257254001
3044912,CCR6,C6GDD,257254001
3045006,CCNS,C6GDD,257254001
3044349,5YD8L,C6GDD,257254001
3044133,34ZCT,C6GDD,257254001
3044201,34ZBY,C6GDD,257254001
3053950,39MPQ,C6GDD,257254001
3054117,JP7J,C6GDD,257254001
3054110,JP7G,C6GDD,257254001
3053406,4TCN9,C6GDD,257254001
3053522,5WJWB,C6GDD,257254001
7068732,5FQMW,C6GDD,257254001
3052450,G25R,C6GDD,257254001
3050357,695NC,C6GDD,257254001
3050364,695NB,C6GDD,257254001
3047811,44RPK,C6GDD,257254001
3048203,3BBH8,C6GDD,257254001
3048288,6GS95,C6GDD,257254001
3048532,3BBNF,C6GDD,257254001
3048166,3BBRH,C6GDD,257254001
3047621,4XJCN,C6GDD,257254001
3047633,C8BNY,C6GDD,257254001
3916499,69H4L,KVZDH,257254001
7853188,5KVKS,KVQD8,257254001
3040253,4RSXP,KVQD8,257254001
3040254,4RST3,KVQD8,257254001
3040255,78SP9,KVQD8,257254001
2889934,7CVJH,82Y4,257254001
2928226,4FJZW,63N2W,257254001
2928153,4FJYQ,63N2W,257254001
2928238,4FJSR,63N2W,257254001
7536406,5Q9RD,5YKG,257254001
2928034,468K3,5YKG,257254001
7806790,GSYJ,BVBBM,257254001
8227753,DM28,BVBBM,257254001
7295374,5FL9M,BVBBM,257254001
5662089,DLZJ,BVBBM,257254001
5341198,DLWK,BVBBM,257254001
7958783,5KSHN,BVBBM,257254001
7294681,4QGPV,BVBBM,257254001
5660450,4QGQV,BVBBM,257254001
5341203,4QGQW,BVBBM,257254001
5341204,4QGQF,BVBBM,257254001
5341187,455SL,7NDYV,257254001
2926130,76LSM,BVBBM,257254001
2926055,HCJN,7NDYV,257254001
7989836,53QF3,BVBBM,257254001
4067302,53QFJ,BVBBM,257254001
4067281,99V75,BVBBM,257254001
2926066,7B6KN,BVBBM,257254001
7294722,SY4M,BVBBM,257254001
2926108,SY4L,BVBBM,257254001
2926110,MJ92,BVBBM,257254001
7294644,47PFV,BVBBM,257254001
2926041,47PFY,BVBBM,257254001
2926042,47PF6,BVBBM,257254001
2926045,NFXS,BVBBM,257254001
2926048,74KWQ,7NDYV,257254001
4064572,6C72N,7NDYV,257254001
2925816,339T5,7NDYV,257254001
2925895,38MDX,BVBBM,257254001
8386733,D8DB,7NDYV,257254001
2925879,D8CY,7NDYV,257254001
2925877,D8DW,7NDYV,257254001
2925756,3S9VG,7NDYV,257254001
2925754,3S9TF,7NDYV,257254001
7294771,3KCV7,62VCK,257254001
2925790,3KC9K,62VCK,257254001
2925767,3KCFQ,62VCK,257254001
7346090,3BCSZ,KVZVC,257254001
5415455,92T9,62757,257254001
5415453,92TW,62757,257254001
7564934,48P3D,KVR2Z,257254001
7855120,48P3P,KVR2Z,257254001
8049400,4DKYK,KVR2Z,257254001
7519710,6T7RR,KVMQY,257254001
7331666,3Z5CT,KVR2Z,257254001
3728894,4FYYT,KVMQY,257254001
3172127,5X5VK,622WD,257254001
7636833,8X5YV,V5BC8,257254001
5415039,542H2,V5BC8,257254001
5415054,6JJ2V,V5JQN,257254001
5415053,6JJ32,V5JQN,257254001
5415056,6JJ2R,V5JQN,257254001
3172266,3QMMV,V5HVY,257254001
6432925,7JT77,V5BC8,257254001
3172348,6JMHT,V5BC8,257254001
3172347,6JMH8,V5BC8,257254001
3172343,6JMF5,V5BC8,257254001
3685073,6PYTG,V5BC8,257254001
3172294,6PZ45,V5BC8,257254001
3172291,6PYSK,V5BC8,257254001
4926977,B3GQ3,KV33X,257254001
3172615,RRY6,KV33X,257254001
3172613,RRYZ,KV33X,257254001
3172622,4WYTB,KVYLV,257254001
5415100,6VY7F,3WC,257254001
3172647,3P7K5,638GQ,257254001
3170823,6TVD7,6JPP,257254001
3171304,3YJGC,62ZGP,257254001
3725805,3JXZ3,KVHWS,257254001
4055853,NMYH,KV3ND,257254001
3173338,NN2L,KV3ND,257254001
7477038,4VZJ6,KVT64,257254001
7810918,4VZLR,KVT64,257254001
8186932,4VZJ4,KVT64,257254001
3170878,4VZBN,KVT64,257254001
8949622,7FP9W,KVT64,257254001
7353862,7G2FW,KVT64,257254001
3740974,5B296,KVT64,257254001
3741432,7FPDJ,KVT64,257254001
3171948,7G2HB,KVT64,257254001
3171946,5B24N,KVT64,257254001
3171952,5B24X,KVT64,257254001
3171951,7G2HD,KVT64,257254001
3171954,5B27Q,KVT64,257254001
3171888,72G3X,62YR4,257254001
8114833,66KLN,BVBBB,257254001
7333320,6F4QK,7NLQD,257254001
7331861,5GRLH,BVBBB,257254001
5559837,33699,BVBBB,257254001
5414959,X4C5,7NLP6,257254001
7683374,6QGLS,BVBBB,257254001
7848321,6QH2F,BVBBB,257254001
7963687,72F6N,BVBBB,257254001
8287616,6QGQT,BVBBB,257254001
5415018,72GLL,BVBBB,257254001
5415012,72GPQ,BVBBB,257254001
5415013,6QGKP,BVBBB,257254001
5415014,6QF5X,BVBBB,257254001
5415016,6QGMB,BVBBB,257254001
5414932,TVF2,7NLP6,257254001
3738796,43NML,BVBBB,257254001
3741446,3B2GD,7NLQD,257254001
3729273,H4LK,BVBBB,257254001
7727786,4JLNJ,7NLQD,257254001
8022932,4JLMB,7NLQD,257254001
7303104,4JL8C,7NLQD,257254001
7303024,8VFBL,7NLQD,257254001
7303117,4JLWG,7NLQD,257254001
3189723,4JLS4,7NLQD,257254001
3189762,4JL9Q,7NLQD,257254001
3189760,4JLJX,7NLQD,257254001
3172206,5B7LN,7NLQD,257254001
7784175,5B6SY,7NLQD,257254001
3732995,5B6KV,7NLQD,257254001
3172104,5B773,7NLQD,257254001
3172118,5B6YK,7NLQD,257254001
3172077,5B777,7NLQD,257254001
3172100,5B6R7,7NLQD,257254001
3172059,7FPM9,7NLQD,257254001
3172068,5B6N9,7NLQD,257254001
3172066,7FQ8K,7NLQD,257254001
7333212,5VL94,BVBBB,257254001
3172001,F2W4,BVBBB,257254001
9508942,V58NB,V5KN5,257254001
6410563,V2PLY,V5N48,257254001
7307492,3T77J,V5N48,257254001
6409536,5FWDL,V5N48,257254001
7307327,5TQ6J,V5KN5,257254001
7309012,PMBD,V5B54,257254001
7308640,RJHK,V5LVH,257254001
5605751,6QRCW,V5KN5,257254001
5608183,VJTJD,V5KN5,257254001
5341387,CD7P2,V5KN5,257254001
5341373,4W22G,V58JK,257254001
5341310,3F3ZH,V5N48,257254001
5341501,3ZJGV,V5KN5,257254001
7350989,VJTJ4,V5KN5,257254001
5341498,46XMQ,V5KN5,257254001
5341497,6S8XN,V5KN5,257254001
5607452,56QTS,V5KN5,257254001
5341442,56RHL,V5KN5,257254001
5341394,76TV9,V5KN5,257254001
4930999,66C6C,V5LVH,257254001
7096205,5GHQ5,V5KN5,257254001
3886505,4GHTD,V5N48,257254001
8118326,55XR3,V5LVH,257254001
3895710,8X84G,V5LVH,257254001
3896282,55XJ9,V5LVH,257254001
6411098,3S28W,V5N48,257254001
7308043,5J8VR,V5N48,257254001
3892732,3S2CS,V5N48,257254001
3905970,3Y8JF,V5N48,257254001
2927096,48GBK,V5KN5,257254001
3902360,3ZRQ4,V5KN5,257254001
2927174,3ZS83,V5KN5,257254001
2927075,39CZ2,V5KN5,257254001
3885185,4ZFCC,V5N48,257254001
2927296,4ZFG8,V5N48,257254001
2927230,6ZGPC,V5N48,257254001
2927224,37KDC,V5KN5,257254001
2927222,37KB2,V5KN5,257254001
2927220,37KBN,V5KN5,257254001
7307829,3SNDP,V5KN5,257254001
2927303,3SNFT,V5KN5,257254001
2927305,6P3VZ,V5KN5,257254001
6409706,6XGLP,V5KN5,257254001
3883959,79GLY,V5KN5,257254001
2927028,6XGRM,V5KN5,257254001
2927026,6XGY5,V5KN5,257254001
2927030,6XG3G,V5KN5,257254001
2926992,79GWX,V5KN5,257254001
2927000,6XGTK,V5KN5,257254001
2926995,79GM7,V5KN5,257254001
2927004,6XH46,V5KN5,257254001
2927001,6XH6L,V5KN5,257254001
2926572,4HJJW,V5N48,257254001
2926686,4X8YW,V5N48,257254001
2926688,4X92D,V5N48,257254001
2926885,6XQFN,V5KN5,257254001
2926884,79QGY,V5KN5,257254001
2925366,W47Q,V5LVH,257254001
2925351,W3N9,V5LVH,257254001
7455425,5QP47,V5QSD,257254001
2925532,5B2K9,V592G,257254001
2925496,5B2WG,V592G,257254001
2925514,5B2K7,V592G,257254001
2925492,5B2YQ,V592G,257254001
2925527,5B2PQ,V592G,257254001
2925530,5B2ZR,V592G,257254001
2925515,5B2PL,V592G,257254001
2925518,5B2KB,V592G,257254001
7270761,BP86J,J3P,257254001
5421385,6XPLF,7CLZ,257254001
5421389,6XPLH,7CLZ,257254001
3646556,VG4F9,VH7MB,257254001
7127354,32SL2,JY3,257254001
7127810,32SLH,JY3,257254001
5640518,4MCTL,BVBDB,257254001
5641274,4MCQ6,BVBDB,257254001
4005004,6R2Q7,JY3,257254001
4007682,732PD,JY3,257254001
3169391,6QQP7,JY3,257254001
3169340,6QQR3,JY3,257254001
3169329,5V2P5,BVBDB,257254001
7223680,5HGQ9,K6Q,257254001
5659657,5HGQB,K6Q,257254001
5341558,6KFBK,K6Q,257254001
5341540,3G2KJ,K6Q,257254001
2927850,4KXG7,K6Q,257254001
2927727,4GJB8,K6Q,257254001
2927744,6VC83,K6Q,257254001
2927783,6VBVR,K6Q,257254001
2927684,6RTJD,K6Q,257254001
2891782,3PK9K,542F,257254001
2891774,3PJJK,542F,257254001
2891783,3PJFZ,542F,257254001
2891770,3PJSV,542F,257254001
7135755,4SGB2,JJP,257254001
7327990,4SGLZ,JJP,257254001
5682465,6GKM2,JJP,257254001
5333408,6GKZZ,JJP,257254001
5333354,6PVKJ,KH2,257254001
2882753,6JZCD,KH2,257254001
2882849,7F7GJ,KH2,257254001
2888298,443GM,JX5,257254001
2883007,6NK44,JJP,257254001
2888310,6T9CN,JX5,257254001
2888323,W4BJ,8VWBD,257254001
7802465,7W465,JZF,257254001
2882443,P482,J97,257254001
5621983,38KB2,626SB,257254001
3190845,37QSV,BJ679,257254001
4090836,5FS6V,KVHTL,257254001
3082297,72FJN,KVHTL,257254001
7407436,TX72,JBS,257254001
7846821,4BCJH,JBS,257254001
7933495,79XSS,JBS,257254001
8243150,6ZBCP,JBS,257254001
6447806,K4LD,JBS,257254001
7323632,4Q8QD,62758,257254001
7707087,6DSMM,JBS,257254001
7877091,6DSC8,JBS,257254001
5568446,6DSM2,JBS,257254001
5568322,6DSC2,JBS,257254001
5568339,6DSBZ,JBS,257254001
5568361,6DSP3,JBS,257254001
5568415,6DSN2,JBS,257254001
5568424,6DSNH,JBS,257254001
5568428,6DSNB,JBS,257254001
5568442,6DSM4,JBS,257254001
5568188,KVCQ,JBS,257254001
5383909,KVC3,JBS,257254001
7068845,LNNK,J84,257254001
5567951,LNMR,J84,257254001
5383926,LNNH,J84,257254001
5568899,68M42,JBS,257254001
5383969,M73Q,JBS,257254001
5383971,M72N,JBS,257254001
9080185,CH37,62758,257254001
8911082,CGYL,62758,257254001
7576335,84JPQ,62758,257254001
7905507,CGXJ,62758,257254001
6109534,CH63,62758,257254001
6109611,CGZ8,62758,257254001
7323810,CH4F,62758,257254001
7323711,CH5Y,62758,257254001
7323341,5FJK8,62758,257254001
5384396,CGZV,62758,257254001
5384395,CGYJ,62758,257254001
5384401,CH6S,62758,257254001
5548401,CH6V,62758,257254001
5548011,5FJK9,62758,257254001
5547989,CGZG,62758,257254001
5384361,CGYP,62758,257254001
5384370,CH6K,62758,257254001
5384364,CH35,62758,257254001
5384383,CH76,62758,257254001
5384373,65Z9L,62758,257254001
5384393,CH52,62758,257254001
5384390,CGZR,62758,257254001
5384334,CH7N,62758,257254001
5384332,CH4M,62758,257254001
5384342,CH5H,62758,257254001
5384341,CGZM,62758,257254001
3083603,4L4LR,K6V,257254001
6447496,JLHB,JBS,257254001
3760099,JLPB,JBS,257254001
3083657,JLL4,JBS,257254001
3083702,JLR8,JBS,257254001
3083718,JLFD,JBS,257254001
3083667,JLPP,JBS,257254001
3083680,JLJJ,JBS,257254001
3083761,688F5,JBS,257254001
3083763,JLPX,JBS,257254001
3083745,JLNW,JBS,257254001
3083746,JLFT,JBS,257254001
3083771,JLQV,JBS,257254001
3083773,5W8F8,JBS,257254001
3083647,4Z547,JBS,257254001
7644304,TXP4,JBS,257254001
6035549,TXM8,JBS,257254001
3757189,TX9M,JBS,257254001
3756650,9K887,JBS,257254001
3756077,TXDF,JBS,257254001
3083903,9JZ9K,JBS,257254001
3083921,TXJT,JBS,257254001
3083934,69QPH,JBS,257254001
3083905,TXMG,JBS,257254001
3083920,TX9W,JBS,257254001
3083935,TXKJ,JBS,257254001
3083975,YFH7,JDH,257254001
7606014,C9DK,62758,257254001
3084922,C9J9,62758,257254001
3084939,C9KQ,62758,257254001
3084949,C9JX,62758,257254001
3084958,669XM,62758,257254001
3084611,43WQQ,63BJS,257254001
3084616,3G9GR,4NX9,257254001
3084015,4HM9F,BVBD9,257254001
3084022,4HM9C,BVBD9,257254001
4023424,6W7LQ,6V2R,257254001
4022617,4M2DF,6V2R,257254001
4023278,4M2DP,6V2R,257254001
4021919,4M2FJ,6V2R,257254001
4021920,4M28Q,6V2R,257254001
3084719,4M2DF,6V2R,257254001
3084700,6W7KX,6V2R,257254001
9376410,34H8G,K9X,257254001
5384307,7C2YJ,626T8,257254001
8185812,3ZYG4,628L9,257254001
3084837,3ZYYX,628L9,257254001
3084839,3ZYGR,628L9,257254001
3084842,RG7K,K9X,257254001
3084883,4WZYT,BV8QR,257254001
3084742,VWPF,KVZ82,257254001
5384459,3HXYR,KV2NL,257254001
5384458,3HXYC,KV2NL,257254001
5384466,6KVDK,KV2NL,257254001
5384465,3HY24,KV2NL,257254001
5585762,3HY4D,KV2NL,257254001
8993502,4XCDJ,KVT6S,257254001
7523432,4XBQK,KVT6S,257254001
7746901,4XCST,KVT6S,257254001
8184157,4XD9J,KVT6S,257254001
8150863,4XBY6,KVT6S,257254001
8279669,4XDFP,KVT6S,257254001
7267492,5L6WD,KVT6S,257254001
5384848,4XC79,KVT6S,257254001
5384852,4XBXD,KVT6S,257254001
5384741,4XBXJ,KVT6S,257254001
5384818,4XC27,KVT6S,257254001
5384773,6Z2GK,KVT6S,257254001
5585975,4XCP8,KVT6S,257254001
5584240,4XD5C,KVT6S,257254001
5584611,6YP73,KVT6S,257254001
7314281,4DRKB,KVMM4,257254001
5528747,765B5,KVMM4,257254001
3593900,3L2JR,KVMM4,257254001
3085357,79L79,KV2NL,257254001
3085360,6XL6Y,KV2NL,257254001
3085346,6Q236,KTY82,257254001
8012084,35B5B,KV2NL,257254001
6363496,35B5Q,KV2NL,257254001
7267631,5GVFQ,KV2NL,257254001
3085420,6CPZ5,KV2NL,257254001
3085412,6CQ4V,KV2NL,257254001
3085421,6CPY4,KV2NL,257254001
3085389,4TYGS,KVRH7,257254001
3085381,4L3GD,KVPY3,257254001
3085623,776HP,KV2NL,257254001
3085622,776HH,KV2NL,257254001
3085435,SK76,KTY82,257254001
3085438,SKLS,KTY82,257254001
3086240,43LGW,KVK78,257254001
8380575,54MBV,KVZZ3,257254001
2874706,7BJ8Q,KVZZ3,257254001
2874701,7BJ8B,KVZZ3,257254001
2874692,6JKZJ,4KZH,257254001
9018536,3RBX2,K6W,257254001
8773480,3RBYP,K6W,257254001
8720751,3RBXB,K6W,257254001
7510471,4L93P,K6W,257254001
5652131,5KKSB,K6W,257254001
5334386,6W5VH,K6W,257254001
5334439,4L9SN,K6W,257254001
5334430,6W5VJ,K6W,257254001
5334351,3DTQY,K6W,257254001
7291264,LX55,K6W,257254001
4033335,LX4Z,K6W,257254001
2889378,3DS9T,K6W,257254001
2889373,3DS8L,K6W,257254001
4034001,4F9V4,K6W,257254001
2889229,4F9VK,K6W,257254001
2889304,4F9QY,K6W,257254001
4038485,4RV9L,K6W,257254001
2889173,793ZB,K6W,257254001
2889088,6WRZD,K6W,257254001
2888859,44HSG,K6W,257254001
2888867,4S6BX,K6W,257254001
7415922,5KYG3,K6W,257254001
7911993,4TPVB,K6W,257254001
7901010,5KYFJ,K6W,257254001
8242651,4TQ2Y,K6W,257254001
6391417,4TPY7,K6W,257254001
4036957,5KYFZ,K6W,257254001
2889037,6X9D3,K6W,257254001
2889038,4TPM2,K6W,257254001
2889024,4TQ2Q,K6W,257254001
2889030,4TPHK,K6W,257254001
2889019,6WXCN,K6W,257254001
2889023,4TPXH,K6W,257254001
2888943,4TPL9,K6W,257254001
2888946,4TPRJ,K6W,257254001
2888948,4TPHH,K6W,257254001
2888987,4TPTD,K6W,257254001
2888993,4TPKF,K6W,257254001
2889005,4TPQQ,K6W,257254001
2889010,4TPLQ,K6W,257254001
3054368,6NFN8,JRQ,257254001
3054357,6NFM9,JRQ,257254001
3054352,3QRSG,JRQ,257254001
5333294,5XCVW,V58RW,257254001
8313153,4R5QY,V58RW,257254001
2879098,793PC,V58RW,257254001
2880539,4R5Z8,V58RW,257254001
2880580,4R4KH,V58RW,257254001
5332004,LPBR,V5CLG,257254001
5332120,LPCK,V5CLG,257254001
2875968,6B78B,V5CP7,257254001
2876049,YQ6C,V5CP7,257254001
9148577,5TWTV,V5CLG,257254001
4097656,C2T6,V5CLG,257254001
2876571,C2SG,V5CLG,257254001
2876607,C2P7,V5CLG,257254001
5331404,38HFQ,KVSYJ,257254001
2874680,38DKH,KV3DL,257254001
2874538,56HWX,KVW9D,257254001
2874508,329ZP,KV73F,257254001
2874655,4X7H6,KVSYJ,257254001
2874621,VMHN,KTZHL,257254001
2874569,6BPNL,KTZHL,257254001
2874570,329TQ,KTZHL,257254001
5384931,3MR6R,4YY9,257254001
5384932,6XRNV,7CTD,257254001
7313595,H4QT,KTYP5,257254001
2873991,GPQJ,KTXK7,257254001
2874019,GQ8K,KTXK7,257254001
8338793,43TG3,JV8,257254001
7116158,4YL7G,JV8,257254001
5406789,BH8Y,JV8,257254001
5617467,BH93,JV8,257254001
5406741,4X8G4,JV8,257254001
5406735,4X8DM,JV8,257254001
4259350,56WVQ,KFH,257254001
4939668,943Y9,JV8,257254001
3937506,MS9JX,JV8,257254001
7278926,3XQC6,JV8,257254001
3935421,3XQCC,JV8,257254001
3152493,673ZZ,JV8,257254001
3152560,58W7X,JV8,257254001
3152583,3LKBM,JV8,257254001
3152264,3XRFL,JV8,257254001
3152268,3XRH2,JV8,257254001
7823743,3XR8K,JV8,257254001
8402586,9Y3VT,JV8,257254001
3940960,3XRBD,JV8,257254001
3940423,3XRDG,JV8,257254001
3152372,3XRBH,JV8,257254001
3152377,6QT8R,JV8,257254001
3152378,73596,JV8,257254001
3152367,3XR9J,JV8,257254001
3152723,4X8LV,JV8,257254001
3152614,8NCQ,JV8,257254001
2874024,59J63,CTVQD,257254001
6369819,6XHYD,J3T,257254001
2888585,5BCFT,628MM,257254001
2888625,5BCDM,628MM,257254001
2888588,5BCH9,628MM,257254001
7902463,3VZBF,BVBBT,257254001
8242349,3VZ5T,BVBBT,257254001
5598839,Q4TH2,BVBBT,257254001
5598598,3VZ35,BVBBT,257254001
5598915,72MQM,BVBBT,257254001
5334253,3VZ9Z,BVBBT,257254001
5334275,3VZCL,BVBBT,257254001
5334227,3VZ56,BVBBT,257254001
5334239,3VZFS,BVBBT,257254001
5334240,6QN36,BVBBT,257254001
5334242,3VZH4,BVBBT,257254001
7504215,3R9X5,JGB,257254001
4102952,3R9XN,JGB,257254001
4102909,3VXCB,JGB,257254001
8201823,7FCD2,7NM4Q,257254001
4095186,7FCF7,7NM4Q,257254001
2888636,53PNG,BVBBT,257254001
2888706,3RCFL,BVBCW,257254001
7298858,7FBZP,7NM4Q,257254001
4095244,7FC3C,7NM4Q,257254001
2888773,7FBZ3,7NM4Q,257254001
2888797,5XJ6Q,JGB,257254001
2888806,6Y4QY,JGB,257254001
7443846,36Q8W,JGB,257254001
2888816,36Q8Q,JGB,257254001
2888814,36Q85,JGB,257254001
2888579,6Q6RT,BVBBT,257254001
3922770,5FDK2,K95,257254001
8246651,64SM6,K95,257254001
5371709,654KB,K95,257254001
5371702,749V4,K95,257254001
5371700,6S9TZ,K95,257254001
7823272,4RHB9,K95,257254001
7826351,4RGRM,K95,257254001
3927790,4RGG7,K95,257254001
3033318,4RH3M,K95,257254001
3033460,4RHZZ,K95,257254001
3033396,4RGWR,K95,257254001
3033434,9KP63,K95,257254001
3033289,7CVTJ,K95,257254001
3927746,DX6J,K95,257254001
3922888,DXJP,K95,257254001
3033242,DX7F,K95,257254001
3033261,DX8W,K95,257254001
6376216,VY8L,K95,257254001
6374790,VY4R,K95,257254001
3921611,VXYZ,K95,257254001
3033543,VYCS,K95,257254001
3033584,MQLN7,K95,257254001
3033518,VYJ6,K95,257254001
3033535,VYFJ,K95,257254001
3033227,6GB7B,K95,257254001
7277286,562J4,628B2,257254001
6374953,6LNKC,K95,257254001
3033107,6LNKM,K95,257254001
3033757,34J8G,K95,257254001
7695021,6G6K7,K6N,257254001
8044946,6G6LP,K6N,257254001
4938160,LJQG,J7X,257254001
4938153,LW3CQ,J7X,257254001
3981814,LKC5,J7X,257254001
3981543,68KBW,J7X,257254001
3033896,LK9J,J7X,257254001
3033905,68KB8,J7X,257254001
3033898,LKDK,J7X,257254001
5686494,34CRM,JSN,257254001
3033965,BDYW,JSN,257254001
7315023,798TW,K3G,257254001
5530881,YP2S,JL2,257254001
5530829,YP33,JL2,257254001
5334194,3WZNV,K3G,257254001
7315030,3G66Z,K3G,257254001
5334188,3G66N,K3G,257254001
2888485,GGC9,K3G,257254001
8144599,C7T44,K3G,257254001
8342911,4CJGW,K3G,257254001
7315072,4CJ8J,K3G,257254001
3602069,D22MK,K3G,257254001
2888553,35J88,JL2,257254001
7315063,4NWXP,JL2,257254001
2888513,6WFYW,JL2,257254001
2888559,3NMXN,BW69D,257254001
2888380,3BH52,K3G,257254001
7628663,5BGLF,KHG,257254001
7901652,7G44D,KHG,257254001
5646136,395CK,62QDL,257254001
8021567,3NPXK,KVH6F,257254001
3711846,Q4SMW,KVH6F,257254001
3711564,7VWR9,KVH6F,257254001
3189497,6N2D4,KVH6F,257254001
5380041,4T27V,V5BJG,257254001
3056259,8S36,V5BJG,257254001
3060710,3XV4N,V5J47,257254001
3064056,3CQ4B,V5GXB,257254001
3064669,3CPV8,V5GXB,257254001
3064495,3CP5Q,V5GXB,257254001
3065883,3CNYQ,V5GXB,257254001
3065244,5H945,V5GXB,257254001
3066179,6HB2T,V5GXB,257254001
3066112,3CNQJ,V5GXB,257254001
3066482,3CQ6Z,V5GXB,257254001
3066965,3CPFX,V5GXB,257254001
3066993,3CNKH,V5GXB,257254001
3067054,3CP7N,V5GXB,257254001
3067119,3CPMM,V5GXB,257254001
3067353,6GYTX,V5GXB,257254001
3067869,6GYTT,V5GXB,257254001
3067891,3CQCF,V5GXB,257254001
3068528,3CQCZ,V5GXB,257254001
3069300,3CR6P,V5GXB,257254001
3069460,6GZVQ,V5GXB,257254001
3070346,3CPYR,V5GXB,257254001
5381097,R48TR,V56VQ,257254001
3079631,DQP6,V56VQ,257254001
9153437,6XCD2,KVRLC,257254001
7645931,6XCGS,KVRLC,257254001
5582033,79DJG,KVRLC,257254001
5372827,6XBWV,KVRLC,257254001
5372854,79BZL,KVRLC,257254001
5372875,6XC9W,KVRLC,257254001
5372614,6XC6H,KVRLC,257254001
5372647,6XDRT,KVRLC,257254001
8190077,4LVK9,KVRLC,257254001
3040184,4LVJS,KVRLC,257254001
3040185,4LVSD,KVRLC,257254001
3040232,4LVKV,KVRLC,257254001
3040233,4LVJ5,KVRLC,257254001
7293222,5JDQ9,KVJ3T,257254001
2873926,3V4RT,KVJ3T,257254001
2873861,3V528,KVJ3T,257254001
2874190,4DYDM,7NLYF,257254001
2874199,4DY9K,7NLYF,257254001
2653321,6FNF9,C6XML,257253979
5281901,QHN7,9KTGM,257253156
2677047,758YN,9TJGD,257253156
5284950,4HQ47,C7ZVG,257253923
5284884,4HPZF,C7ZVG,257253923
5284827,4HQ4Z,C7ZVG,257253923
5825913,7KM6J,C7ZVG,257253923
7230699,7KM6B,C7ZVG,257253923
5285565,77KSH,C7ZVG,257253923
5285637,4J2J5,C7ZVG,257253923
5285074,VJVFN,C7ZVG,257253923
5285053,4J2F3,C7ZVG,257253923
5284982,4J2HY,C7ZVG,257253923
2685552,63Z83,C7ZVG,257253923
2685484,8K9Y,C7ZVG,257253923
2685361,8KCY,C7ZVG,257253923
2685796,6WHCL,C7ZVG,257253923
2686157,6NYW7,C7ZVG,257253923
2686212,VJVF9,C7ZVG,257253923
2687182,59HM6,C7ZVG,257253923
2687210,59HMG,C7ZVG,257253923
2684984,G67B,C66K2,257253923
5284237,ZY5W,C6N4C,257253923
2684178,56NTP,C6N4C,257253923
2684171,56NTV,C6N4C,257253923
2683894,C6JW9,C6N4C,257253923
2684191,5526G,C6N4C,257253923
2683866,TJJD,C6N4C,257253923
2688189,4WBXR,7F6X,257253987
5303040,55ZZ4,8VSGT,257253184
5328593,5VP92,8VV4T,257253184
5328909,4TYQL,8W392,257253184
2865565,3RVTM,8VYPL,257253184
2865526,7FDNP,8W4K8,257253184
2865501,7FDKC,8W4K8,257253184
5329212,39C89,8VX9D,257253184
2865448,39C7P,8VX9D,257253184
5330661,H2PT,8VR3L,257253184
5330085,5C2XH,8W4Q2,257253184
2869311,3WTZ6,8VZ3L,257253184
2868827,5CW7S,8W4SW,257253184
2868796,7GDB5,8W4SW,257253184
2867631,3T4TB,8VYS5,257253184
2867614,3T4SH,8VYS5,257253184
2870583,4J9VH,8W2GC,257253184
2873769,64MF2,8VT7M,257253184
6109699,4GKRK,8W2CJ,257253184
2739071,7CKZ6,8W494,257253184
5295044,4XWBM,8W3MJ,257253184
5295375,4XWSR,8W3MJ,257253184
2742119,7FNJH,8W4LD,257253184
5299675,59KYV,8W4GT,257253184
5299536,59L6K,8W4GT,257253184
5300102,6K87X,8VXR4,257253184
2752849,3BFFB,8VXHN,257253184
8418777,6PYGB,8VYWZ,257253184
2753146,6PXWW,8VYWZ,257253184
5305162,6NM42,8VYMP,257253184
2778358,685MG,8VV9J,257253184
2781074,3KKX8,8VY5Z,257253184
2781103,3KKXG,8VY5Z,257253184
5324959,3LXXT,8VY8Z,257253184
5314814,4WSRZ,8W3JF,257253184
2784401,57YHR,8W49S,257253184
2840931,3H2JG,8VXXY,257253184
9177060,5TWVL,8VTKZ,257253184
2855705,669F2,8VTKZ,257253184
2856456,65X7Q,8VTKZ,257253184
2855968,5TVJJ,8VTKZ,257253184
2856504,65XC2,8VTKZ,257253184
2856457,5TWX9,8VTKZ,257253184
2855825,66973,8VTKZ,257253184
2855823,65X6V,8VTKZ,257253184
2855893,5TWVW,8VTKZ,257253184
2855860,5TX7G,8VTKZ,257253184
2857679,5TXF5,8VTKZ,257253184
2857697,667JH,8VTKZ,257253184
2856920,669D2,8VTKZ,257253184
2857449,65X7X,8VTKZ,257253184
2855439,3F2F7,8VXR8,257253184
2855374,6JVSM,8VXR8,257253184
2855356,6JVSD,8VXR8,257253184
4013762,45PCV,8VZL3,257253184
2858581,6RSNC,8VZL3,257253184
5296015,4XSHW,8W3M4,257253184
5296178,4XSRC,8W3M4,257253184
5296218,CF45Z,8W3M4,257253184
5296432,6Z4NC,8W3M4,257253184
5298126,3Q24K,8VS52,257253184
5298069,3PZQ9,8VS52,257253184
5298765,3PZPD,8VS52,257253184
5298675,3Q225,8VS52,257253184
5298908,3PZQS,8VS52,257253184
2747564,ZL48,8VWK3,257253184
2747489,ZKTS,8VWK3,257253184
2747567,ZL4L,8VWK3,257253184
2747939,ZKPM,8VWJZ,257253184
3586046,3G4NM,8VXVR,257253184
2749791,3G4QL,8VXVR,257253184
7881150,4L8T5,8W2LK,257253184
5303891,343K6,8VRM5,257253184
5304294,3MV83,8VYDH,257253184
5304257,3MV7W,8VYDH,257253184
2775530,7GBH8,8W4SH,257253184
2775619,5CT79,8W4SH,257253184
2767229,6XXY5,8W3G6,257253184
2767271,4VJJB,8W3G6,257253184
2767031,662XT,8VR75,257253184
2769493,3XJB3,8VZ4P,257253184
2769435,735BG,8VZ4P,257253184
2769073,5G5GJ,8VVXJ,257253184
2769766,4TR9P,8W388,257253184
2772174,44PWL,8VZJD,257253184
2772082,742PL,8VZJD,257253184
2772958,6SWH7,8VZY8,257253184
2773281,758GT,8VZY8,257253184
2773453,74WFC,8VZY8,257253184
2772885,758JN,8VZY8,257253184
2772666,6MH3S,8VYDJ,257253184
2764179,XFFY,8VWFQ,257253184
2764202,XFH9,8VWFQ,257253184
2764337,XFPF,8VWFQ,257253184
2765156,7CLSL,8W49J,257253184
2765272,7CLWT,8W49J,257253184
2766030,4LTW3,8W2MK,257253184
5289503,59V6T,8W4H8,257253184
5289490,59V7N,8W4H8,257253184
5289492,59V78,8W4H8,257253184
7961815,6XX4P,8W3FJ,257253184
7421129,7JN8J,8VWNX,257253184
7070211,5GS4V,8VWNX,257253184
2714796,33C3B,8VWNX,257253184
2714722,33DBF,8VWNX,257253184
2714656,33BXD,8VWNX,257253184
2714453,33BZN,8VWNX,257253184
2714301,33BXG,8VWNX,257253184
2714233,33CGF,8VWNX,257253184
2713662,33BHC,8VWNX,257253184
2713519,33DCC,8VWNX,257253184
2716420,33DTD,8VWNX,257253184
2715482,33C6B,8VWNX,257253184
2716226,33C6P,8VWNX,257253184
2714818,33DCV,8VWNX,257253184
2715206,33C6V,8VWNX,257253184
2708808,6J49K,8VXPB,257253184
7795128,R8T2,8VRHY,257253184
7227181,5G8FZ,8VRHY,257253184
2726360,R9HN,8VRHY,257253184
2726538,5XCJ5,8VRHY,257253184
2726539,RBS5,8VRHY,257253184
2727875,RBSF,8VRHY,257253184
2728060,RCKN,8VRHY,257253184
2722973,5XB7C,8VRHY,257253184
2723271,5XB4F,8VRHY,257253184
2722380,R8SG,8VRHY,257253184
2722515,69B77,8VRHY,257253184
2718387,MBPF,8VVMQ,257253184
2718302,MBPY,8VVMQ,257253184
2716838,397BQ,8VX8V,257253184
2717467,397J6,8VX8V,257253184
7549853,36S55,8WF6S,257253184
7810452,349WS,8VWRN,257253184
7998563,5GWZY,8WF5C,257253184
8257546,5GWZX,8WF5C,257253184
8369366,5GX22,8WF5C,257253184
8362005,79P93,8W3BT,257253184
5679692,6FCSS,8VXCN,257253184
7361239,58ZZX,8W4FB,257253184
5676003,3DV5V,8VXNB,257253184
5674888,79WRJ,8W3F8,257253184
5677636,339M8,8VWNP,257253184
6109637,6C72Q,8VWNP,257253184
5674620,38FSH,8VX6X,257253184
5289814,6HH3Y,8VXLT,257253184
5289819,6HGRN,8VXLT,257253184
5289791,64XFK,8VTBX,257253184
5289793,659FB,8VTBX,257253184
5289781,659CQ,8VTBX,257253184
5289783,64XCK,8VTBX,257253184
5289762,3RYJ5,8VYPX,257253184
5289764,3FCWN,8VXSB,257253184
5289763,3FCWJ,8VXSB,257253184
5828216,S5FS,8VW2R,257253184
5671747,5XGM4,8VW2R,257253184
5289731,S5H6,8VW2R,257253184
5289739,S5FJ,8VW2R,257253184
8420312,4FRGB,8W2BB,257253184
5289752,4FRFR,8W2BB,257253184
5289753,4FRDM,8W2BB,257253184
5289756,4FRDZ,8W2BB,257253184
5289758,4FRG6,8W2BB,257253184
5289745,777GX,8W2BB,257253184
5289744,777GZ,8W2BB,257253184
5289751,6V7HD,8W2BB,257253184
5289746,4FRDR,8W2BB,257253184
7226776,6YMB6,8W3JT,257253184
5674218,4X2BZ,8W3JT,257253184
5289686,6YMB6,8W3JT,257253184
5289684,4X2NF,8W3JT,257253184
5289709,4X2LW,8W3JT,257253184
5289698,6YKG8,8W3JT,257253184
5289679,4X2HZ,8W3JT,257253184
5289666,4X2CK,8W3JT,257253184
5290170,6VFDZ,8W2DL,257253184
5290143,5WQ6Q,8VVQ6,257253184
5290144,MYMF,8VVQ6,257253184
5674919,57WSN,8W49N,257253184
5290130,57WSB,8W49N,257253184
5290126,57WT4,8W49N,257253184
5290129,57WSC,8W49N,257253184
5290069,4D8DS,8W25M,257253184
5290059,L65P,8VVHZ,257253184
5290052,5CXX5,8W4SX,257253184
5679952,4LHH8,8W2LR,257253184
5289919,4LHKM,8W2LR,257253184
5289917,4LHJN,8W2LR,257253184
5289913,786Z3,8W2LR,257253184
5289912,4LHHQ,8W2LR,257253184
5289911,4LHHJ,8W2LR,257253184
5289906,4TFNM,8W37L,257253184
5674047,45S8R,8VZLC,257253184
5674110,45S8C,8VZLC,257253184
5289836,45S8F,8VZLC,257253184
5289833,45SB4,8VZLC,257253184
5289831,45S9S,8VZLC,257253184
5678495,5Y8C6,8VW7H,257253184
5289620,5Y8DM,8VW7H,257253184
5289623,5Y8CG,8VW7H,257253184
5289631,69WPB,8VW7H,257253184
5289624,5Y8DH,8VW7H,257253184
5289629,5Y8DN,8VW7H,257253184
5676903,F9HQ,8VTZR,257253184
5289643,F9HR,8VTZR,257253184
5290177,3RXZ3,8VYPT,257253184
5290242,6K9LN,8VXSK,257253184
5290282,39DQV,8VXB4,257253184
4142326,987X,8VT6Z,257253184
4142153,3522P,8VWV6,257253184
4146512,4QBZ8,8W2WX,257253184
4152037,6LKHR,8VY5G,257253184
4932431,ZJGR,8VWJW,257253184
9484350,3RNWK,8WGYH,257253184
4135892,6NQXK,8WGYH,257253184
4136060,3RNWB,8WGYH,257253184
4135963,3RNWL,8WGYH,257253184
4136390,659ZT,8VTCD,257253184
4137839,6NMXL,8VYMV,257253184
4138669,4GMKK,8W2CP,257253184
4127352,6XP4T,8WKP7,257253184
4125930,B8S8,8VTGG,257253184
4127831,6ZVPW,8W3TX,257253184
4130246,6ZVS6,8W3TY,257253184
5676646,6D6JQ,8VWY2,257253184
5289995,363V6,8VWY2,257253184
5289972,363RV,8VWY2,257253184
5289957,363CY,8VWY2,257253184
5289929,6D6JX,8VWY2,257253184
4131963,6D6JY,8VWY2,257253184
4120602,4WG4D,8W3J3,257253184
7517279,78YXB,8W38D,257253184
4136338,6WYYK,8W38D,257253184
4121201,78Z9B,8W38D,257253184
4125110,3JRQX,8VY4G,257253184
4125808,56HBV,8WLGY,257253184
6710856,7JDP7,8WCCF,257253184
4104718,JY9T,8WCCF,257253184
4104890,5FVMD,8WCCF,257253184
4105208,JY8Z,8WCCF,257253184
4128347,ND3P,8VVRP,257253184
4131042,7JFZK,8VVRP,257253184
4122609,ND9B,8VVRP,257253184
2703765,68R5K,8VVRP,257253184
2703696,NCSL,8VVRP,257253184
2703698,NDDP,8VVRP,257253184
2703700,NDDV,8VVRP,257253184
2703704,NCXG,8VVRP,257253184
2703670,ND3L,8VVRP,257253184
2703682,NCV9,8VVRP,257253184
2703686,ND5Z,8VVRP,257253184
2703731,NCV5,8VVRP,257253184
2703733,ND4L,8VVRP,257253184
2703740,692V8,8VVRP,257253184
2703760,NCXX,8VVRP,257253184
2703711,6935S,8VVRP,257253184
2703720,NDCW,8VVRP,257253184
2703721,ND5R,8VVRP,257253184
2703723,NCVZ,8VVRP,257253184
4110879,4KMSZ,8W2K5,257253184
2704234,4KL8Z,8W2K5,257253184
2704194,4KLZC,8W2K5,257253184
2704394,VL7M8,8VWNR,257253184
2704341,4V8X3,8W3DG,257253184
2704038,44JKB,8VZHY,257253184
4152153,39VYC,8VXCH,257253184
2703892,39VXJ,8VXCH,257253184
4136695,VM4PD,8VWWH,257253184
2704112,MN8K,8VVPC,257253184
2704102,MN97,8VVPC,257253184
2702793,NBYD,8VVRF,257253184
2702792,NBY7,8VVRF,257253184
4270675,38H32,8VX72,257253184
4118773,38H2H,8VX72,257253184
4118753,38H2K,8VX72,257253184
2702822,VJS8Z,8VX72,257253184
2702798,7K2VQ,8VX72,257253184
2702808,38GZJ,8VX72,257253184
4134633,3B3N8,8VXGN,257253184
4134508,3B3NJ,8VXGN,257253184
2702519,3B3PL,8VXGN,257253184
2702527,3B3PK,8VXGN,257253184
2702529,3B3Q8,8VXGN,257253184
2703109,72YPP,8VZ8X,257253184
2703231,8X9SZ,8W4TH,257253184
2703240,6D84Z,8VWYQ,257253184
2705972,5VH25,8VTYC,257253184
2703346,67GRF,8VTYC,257253184
2702862,38V3N,8VX87,257253184
2703041,H3L8,8VV89,257253184
2703077,TQ2P,8VW65,257253184
2705737,74RRV,8VZX2,257253184
2705666,54GXW,8W3Y9,257253184
2705955,398KZ,8VX8Z,257253184
2705957,398HR,8VX8Z,257253184
2705953,398JK,8VX8Z,257253184
2705869,7DTQ6,8W4JD,257253184
2705932,5VYZ7,8VVDS,257253184
2705587,4DWJM,8W26D,257253184
2705565,4DW4Y,8W26D,257253184
2705622,4DW5G,8W26D,257253184
2705512,6KKRK,8VXWS,257253184
8174035,K2MM,8VVDD,257253184
7226804,5FVTC,8VVDD,257253184
4154800,5VZ6H,8VVDD,257253184
2705295,K2S4,8VVDD,257253184
2705300,K2DL,8VVDD,257253184
2705290,K2QJ,8VVDD,257253184
2705181,4YC6L,8W3NG,257253184
2705185,6YVQ5,8W3NG,257253184
8018483,6FZSS,8VXFL,257253184
8192063,6FZQD,8VXFL,257253184
4143386,6FZXM,8VXFL,257253184
4142741,6FZHB,8VXFL,257253184
4142399,6FZJH,8VXFL,257253184
4145354,6FZRF,8VXFL,257253184
4143912,6FZVH,8VXFL,257253184
4143852,6FZV4,8VXFL,257253184
4143702,6FZWC,8VXFL,257253184
4150636,6G9TT,8VXFL,257253184
4117648,6FY6V,8VXFL,257253184
4111606,6FZLJ,8VXFL,257253184
4113766,6FY99,8VXFL,257253184
2705325,6FZBF,8VXFL,257253184
2705339,6FZSS,8VXFL,257253184
2705341,6FY7F,8VXFL,257253184
2705350,6FZHD,8VXFL,257253184
2705362,6FY8S,8VXFL,257253184
2705452,6FXVK,8VXFL,257253184
2705449,6FZSX,8VXFL,257253184
2705431,6FXVB,8VXFL,257253184
2705393,6FZXK,8VXFL,257253184
2705378,6G9XL,8VXFL,257253184
2705373,6G9VQ,8VXFL,257253184
2705422,6FZRD,8VXFL,257253184
2705420,6FZWZ,8VXFL,257253184
2705401,6FZTW,8VXFL,257253184
2705400,6FZHM,8VXFL,257253184
9393876,4ZCTX,8W3QZ,257253184
8047362,4ZCH8,8W3QZ,257253184
4152259,4ZCDY,8W3QZ,257253184
4151306,6ZD3N,8W3QZ,257253184
2704778,4ZCJ6,8W3QZ,257253184
2704757,4ZCL7,8W3QZ,257253184
2704664,6GG5B,8VXG2,257253184
2704523,6B4FT,8VWH8,257253184
6449041,6TMS7,8W23T,257253184
4116709,6TMNL,8W23T,257253184
4125308,4CF6J,8W23T,257253184
4113402,4CDGV,8W23T,257253184
2705081,6TML2,8W23T,257253184
2705066,4CDY9,8W23T,257253184
2705092,4CDCB,8W23T,257253184
2705090,6TMS7,8W23T,257253184
2705141,CDG9G,CDG9F,257253184
2705144,4CDHS,8W23T,257253184
2705162,4CD8S,8W23T,257253184
4123970,6HSWN,8VXP2,257253184
2704966,6HTG5,8VXP2,257253184
2705031,6HT8H,8VXP2,257253184
2706209,78GY2,8W2TT,257253184
2706195,6RL7B,8VZF3,257253184
6431764,GP48,8VV79,257253184
4126800,67R9T,8VV79,257253184
4128792,67R9V,8VV79,257253184
2706277,GNQZ,8VV79,257253184
4129708,3VVXG,8VYZG,257253184
4133390,3VVVN,8VYZG,257253184
2706218,3VVXT,8VYZG,257253184
2706225,3VVXL,8VYZG,257253184
7795888,5944Q,8W4FX,257253184
7883427,594CW,8W4FX,257253184
2706403,5LMBH,8W4FX,257253184
2706406,594JL,8W4FX,257253184
2706301,WWPQ,8VWDG,257253184
2706526,B9M7,8VTGL,257253184
2706501,B9G9,8VTGL,257253184
2706457,B9X2,8VTGL,257253184
2706444,665FS,8VTGL,257253184
4139846,4GFY9,8W2CD,257253184
4139625,4GFYR,8W2CD,257253184
4139894,4GFY7,8W2CD,257253184
2706003,4GG26,8W2CD,257253184
2706002,4GFZG,8W2CD,257253184
2705966,4W83N,8W3HG,257253184
2706026,43MQZ,8VZFJ,257253184
8332019,5HZ7X,8VYC9,257253184
4148661,3MNX5,8VYC9,257253184
4148721,3MNWZ,8VYC9,257253184
4149167,3MNW2,8VYC9,257253184
2706070,3MP2L,8VYC9,257253184
2706052,3MNYC,8VYC9,257253184
2706067,3MNVH,8VYC9,257253184
2706056,6MDJP,8VYC9,257253184
2706190,6BYFM,8VWQB,257253184
2706188,6BYDW,8VWQB,257253184
4108297,4BDT3,8W223,257253184
4107552,C55L,8VTMD,257253184
4105652,CZHV,8WBWY,257253184
2701986,3QTKC,56Y4,257253184
2701618,3QTSV,56Y4,257253184
2701649,6NGYM,56Y4,257253184
2701578,3QTQD,56Y4,257253184
2701612,3QTP4,56Y4,257253184
2700646,3QTZP,56Y4,257253184
2701304,6NH73,56Y4,257253184
2701118,6NGX7,56Y4,257253184
2700768,3WHHP,5HGS,257253184
2687885,3G3B3,4NL8,257253994
2687948,6FYK9,4DLK,257253853
2650180,MPKQ,J8F,257253853
8241853,6742B,WCB,257253853
5274964,4LFND,B8X4C,257253853
5275398,4PV36,BV8QP,257253853
5275415,78KRP,BV8QP,257253853
5275404,78KZS,BV8QP,257253853
2651816,64RFJ,BV8P5,257253853
2651843,653V7,BV8P5,257253853
2650903,49L7W,68CH,257253853
7157952,37WD8,JGY,257253853
7319302,37W8G,JGY,257253853
7158449,BDFMJ,JGY,257253853
4046493,4LMYW,JGY,257253853
2650944,4TQ6Q,CN834,257253853
2650829,33MNJ,JGY,257253853
2650827,33MNM,JGY,257253853
5274858,79GKY,643NR,257253853
5274861,79GL6,643NR,257253853
2650107,67YM7,36X4,257253853
5892120,3G3MR,7NHDX,NA
5211250,43539,KTWM8,NA
5851603,6Q3Q4,KTWM8,NA
2287073,37M64,7NVY2,257253967
8946295,7WKSK,7NFK5,257254611
1152186,PNYT,KZYT4,257254066
9491873,35NGK,KTWM8,NA
9520065,6HQDF,7NVVQ,257253834
8014163,CL6W,7NVXY,257253834
7820753,3XGCW,7NGTP,257253967
4467502,4B3CG,KZYT4,257254066
4568269,4CXWZ,7NVXY,257253834
4598225,54NZS,7NVXY,257253834
7520678,6ZWZH,7NVXY,257253834
2294131,5TWQX,7NVXY,257253834
4562917,WN3R,7NVXY,257253834
2295309,3JWNT,7NVXY,257253834
2295425,7GF7W,7NVXY,257253834
5421557,MV9KS,D3NB7,257252993
5188774,KP9K,NA,NA
7425750,T854R,T854R,257253091
2501248,6RMT2,6RMT2,257254051
7461690,4GTW4,4GTW4,257253032
2495134,37PLM,V2,257253251
2495165,4S5KY,V2,257253251
2495190,74HFL,V2,257253251
2495342,48X5G,V2,257253251
2495494,3FQSD,V2,257253251
2495414,XBFW,V2,257253251
2495688,6ZXPT,V2,257253251
2495699,6ZY28,V2,257253251
2495691,6ZXPZ,V2,257253251
5959118,NKTR,V2,257253251
2497798,47FJV,V2,257253251
5232465,782LG,V2,257253251
5232423,5Y8W5,V2,257253251
5232422,5XX7T,V2,257253251
5232432,9HDDL,V2,257253251
5232435,9HFWP,V2,257253251
5232445,N74G,V2,257253251
5232452,N74B,V2,257253251
9450106,DGP8,V2,257253251
2498084,DGPM,V2,257253251
2498090,DGN4,V2,257253251
2498094,DGN8,V2,257253251
2498064,DGNK,V2,257253251
2498065,DGNM,V2,257253251
2498108,DGNW,V2,257253251
2498109,66KNP,V2,257253251
2498097,66KNQ,V2,257253251
2498104,DGNR,V2,257253251
2498156,9HBB7,V2,257253251
2498288,YTG8,V2,257253251
2498181,479P2,V2,257253251
2498329,NM24,V2,257253251
2498310,479P5,V2,257253251
2498313,479P4,V2,257253251
5232469,4BMPL,V2,257253251
2498384,PVJX,V2,257253251
8050384,MB6GN,NA,257253151
2869597,6Y3KD,8W3C8,257253184
2498380,6C4P6,V2,257253251
2498345,32ZQ5,V2,257253251
2498335,32ZQ8,V2,257253251
2498396,34Q36,V2,257253251
2498393,34Q2Z,V2,257253251
2498405,34Q33,V2,257253251
2498402,34Q32,V2,257253251
2498398,34Q2Y,V2,257253251
2498411,CKFW,V2,257253251
2498408,3W3GS,V2,257253251
2498011,54GHX,V2,257253251
2498010,54GHR,V2,257253251
2498007,54GHW,V2,257253251
2498001,79NZ8,V2,257253251
2498034,66Y8S,V2,257253251
2498054,6WLZV,V2,257253251
2498046,9HCXF,V2,257253251
5788513,4Z99W,V2,257253251
2480514,FZLX,V2,257253251
2480568,VN7BW,V2,257253251
2480542,69669,V2,257253251
2480410,4CN4R,V2,257253251
2480446,3JBJW,V2,257253251
2480445,3JBJZ,V2,257253251
2480454,CV8KP,V2,257253251
5229136,7FFGJ,V2,257253251
5229142,7FFK2,V2,257253251
5229134,7FFJC,V2,257253251
5229128,6LWTY,V2,257253251
2480762,4KKQ2,V2,257253251
9691034,4GKQ6,V2,257253251
4352332,4GKQ5,V2,257253251
2481110,4GKQ2,V2,257253251
2481104,6VBLL,V2,257253251
2481092,4FRJF,V2,257253251
9685907,3DTGT,V2,257253251
8014966,3DTFS,V2,257253251
2481034,6HNQ3,V2,257253251
2856037,BTXR,8VTKZ,257253184
5739357,6N597,V2,257253251
2859597,6N8ZR,8WGPG,257253184
2494066,4KH8M,V2,257253251
2494070,4KH8S,V2,257253251
7340811,6HCYB,V2,257253251
2494086,6HD8M,V2,257253251
2494088,6HCYG,V2,257253251
2494097,6HCWF,V2,257253251
8323485,6L8DR,V2,257253251
6100996,6BGMD,V2,257253251
6101013,5Y8C9,V2,257253251
2494303,4WV6K,V2,257253251
2494408,73SBN,V2,257253251
7690055,5XDQT,V2,257253251
2494514,5XDR7,V2,257253251
2494536,4QW2B,V2,257253251
2494787,4SJJC,V2,257253251
2484628,7FSFD,V2,257253251
2486131,4QMM8,V2,257253251
2486147,4QMM4,V2,257253251
2486132,4QMMS,V2,257253251
2486151,4QMMP,V2,257253251
2484608,MFZB,V2,257253251
2489362,5D8NQ,V2,257253251
5845390,3H5D3,V2,257253251
6091856,537Z7,V2,257253251
5230734,49R8L,V2,257253251
2774846,69XQP,8VW7N,257253184
2489075,3S5R8,V2,257253251
2489080,3S5R2,V2,257253251
2489089,3S5R7,V2,257253251
2489071,3S5QM,V2,257253251
2489073,3S5QW,V2,257253251
2489010,9KHM,V2,257253251
2489004,9KHP,V2,257253251
2489005,9KHT,V2,257253251
2488960,757GH,V2,257253251
9362842,6NFHF,V2,257253251
5231103,5D763,V2,257253251
2492196,3ZN55,V2,257253251
2492081,4DQDH,V2,257253251
2490789,59PLC,V2,257253251
2747750,ZKX7,8VWK3,257253184
5230862,4DXZ3,V2,257253251
2490384,R56G,V2,257253251
2489450,6L7RT,V2,257253251
5789082,3CGHB,V2,257253251
2493739,46CVB,V2,257253251
2493697,CDVW,V2,257253251
2493698,65XNN,V2,257253251
2493660,3BKGN,V2,257253251
2493633,54HRJ,V2,257253251
4845776,3VYFC,V2,257253251
2493598,3VYFF,V2,257253251
5231398,3T2RP,V2,257253251
2493447,3FBR8,V2,257253251
5844936,32NR9,V2,257253251
6100962,7DTRR,V2,257253251
2717402,5H3CS,8VX8V,257253184
2482519,6B5CD,V2,257253251
2482478,YNH9,V2,257253251
2482499,YNJJ,V2,257253251
2484103,5Z248,V2,257253251
2484155,4R7KG,V2,257253251
2484133,4R7KB,V2,257253251
2481875,D5K8L,V2,257253251
5229411,DH8P,V2,257253251
2481936,6RRZZ,V2,257253251
5959227,G22D,V2,257253251
5959231,G227,V2,257253251
5229110,32NXG,V2,257253251
6559940,3K9RN,8WG9V,257253184
5229045,4PKC7,V2,257253251
5229044,4PKCC,V2,257253251
5229072,4PKCD,V2,257253251
5229055,4PKCF,V2,257253251
2479226,4PKCM,V2,257253251
2479407,4532H,V2,257253251
2479329,4JP8G,V2,257253251
2479320,4JP8K,V2,257253251
2479311,4JP8F,V2,257253251
2479308,4JP8C,V2,257253251
2479977,486M2,V2,257253251
2480075,38N6H,V2,257253251
2479964,4KWM6,V2,257253251
2479955,4KWLW,V2,257253251
2480181,78JXM,V2,257253251
2480089,4NGTM,V2,257253251
2480102,C444Y,V2,257253251
2479498,4LPCY,V2,257253251
2479501,4LPCZ,V2,257253251
2479544,65MFH,V2,257253251
2479553,65MFM,V2,257253251
2479555,65MFJ,V2,257253251
2479798,3ZN3R,V2,257253251
2479851,4QW42,V2,257253251
2479612,CKF2,V2,257253251
2479666,5TZS9,V2,257253251
2479686,58CK3,V2,257253251
2476041,NMVD,V2,257253251
2475212,ZGDR,V2,257253251
2475679,T574,V2,257253251
2475648,33SX2,V2,257253251
2475373,Y99Z,V2,257253251
5229154,4VWL8,V2,257253251
5229205,3C2DJ,V2,257253251
5229204,3C2DL,V2,257253251
5229203,MMGJ,V2,257253251
2480770,3FWY9,V2,257253251
2480772,4K62M,V2,257253251
2480786,7BX4X,V2,257253251
2480800,4JMRB,V2,257253251
2480764,56LQB,V2,257253251
2480766,56LQG,V2,257253251
2480897,6DZ3D,V2,257253251
5229156,75YWF,V2,257253251
2480350,75YWG,V2,257253251
2480352,6TYWH,V2,257253251
2474416,787WV,V2,257253251
5228229,KGTN,V2,257253251
2474942,CND78,V2,257253251
2474944,3HFDG,V2,257253251
2474937,CNWNK,V2,257253251
2474936,CNWNW,V2,257253251
9791464,X2KZ,V2,257253251
5228080,PSBS,V2,257253251
2473341,6SCXZ,V2,257253251
9606290,3ZDJV,V2,257253251
9451184,6TWGZ,V2,257253251
9326020,3F72J,V2,257253251
5228034,5Z2F9,V2,257253251
5228033,5YQF9,V2,257253251
4134265,5VFLT,8WC3C,257253184
9752149,4FWMN,V2,257253251
5227775,4FWMP,V2,257253251
5227966,72MJW,V2,257253251
5227993,3W4V9,V2,257253251
2473477,542SH,V2,257253251
2474051,BLSJ,V2,257253251
2474029,BLSD,V2,257253251
2474055,5TVZF,V2,257253251
2474162,9K2P2,V2,257253251
2473421,3RXR6,V2,257253251
4154259,4DWQ2,8W26D,257253184
2399874,4343K,KTWM8,NA
2702820,38H3B,8VX72,257253184
2702816,38H32,8VX72,257253184
2351271,6XG35,KTWM8,NA
2331498,43VGP,7PK94,257253078
4354941,MPNZ,7NQZC,257253078
2331942,5387D,7Q36T,257253078
5200414,36N6W,7NX34,257253078
2330928,FNWY,7NPDS,257253078
4124350,VK6WL,8VX8Z,257253184
2320998,M8HX,84LVG,257253743
2320810,M8HK,84LVF,257253743
4565061,SZM8,7NVXY,257253834
2296807,WN3S,7NVXY,257253834
8485639,39X2R,7NVY2,257253967
4372686,4TMNJ,7NVY2,257253967
4283395,358C6,7NGQQ,257253828
2266009,6B288,7NJ4F,257253814
2266561,468SW,7NG62,257253814
2266754,3GWWV,7P44R,257253814
5166760,66DTZ,BV4YQ,257254723
2228667,6YRDL,84K42,257254611
3188829,74K2M,K22,257254001
4805565,LCHS2,V5JF4,257254899
2115724,MMNXQ,V5JF4,257254899
2115706,MMQ75,V5JF4,257254899
2110811,45GDG,7NJX7,257254744
2114326,3D72X,7NL97,257254744
8244019,57TR3,J5W,257254001
2114446,64FSN,7NFSL,257254744
5371753,5BKT5,J5W,257254001
10329298,3JMKQ,CV7GN,257254767
2053954,4MRMP,C3DW9,257254066
1728965,54C9Z,8NKFY,257254066
1450317,558DV,87CP4,257254066
3005039,4TD2S,628NC,257254001
10269496,NXQMV,KZYT4,257254066
4985433,5BD3Z,84KXC,257254913
8428595,694CM,84JXH,257254913
7668385,NPTC,84JXH,257254913
4984851,NPRJ,84JXH,257254913
1008955,6HQV3,84KF6,257254913
1007534,4FPNZ,84KDM,257254913
1008610,3JNZ6,84KG3,257254913
1008612,3JNZ7,84KG3,257254913
1002621,6NL4C,C97HQ,257254936
2940408,33RWL,9CKHF,257254001
2925870,66H6W,7NDYV,257254001
2888740,S8CR,7NM4Q,257254001
5371699,6LPZR,K95,257254001
3602227,4CJJN,K3G,257254001
5374922,5VQFD,C6GDD,257254001
2874515,329Z6,KV73F,257254001
3111758,5D5LY,J6T,257254001
8078031,GVZR,J6T,257254001
5384950,38NB2,J6T,257254001
5402340,367TY,J6T,257254001
3137686,796VV,J6T,257254001
3147815,5B32W,J6T,257254001
3145375,6CGGM,J6T,257254001
10411852,KS9NW,B3HBG,257254001
6300805,77K8G,JCD,257254001
9419993,3B94C,62RQR,257254001
7346102,3BCS5,KVZVC,257254001
5415009,6QGQN,BVBBB,257254001
3172099,5B6G4,7NLQD,257254001
3905825,5WJYH,V5N48,257254001
7331548,668HR,KVD,257254001
3084693,PF34,KVYXL,257254001
3757457,TXJQ,JBS,257254001
2888870,4TPXD,K6W,257254001
7938233,4ZRBT,KTY82,257254001
2725229,R7XF,8VRHY,257253184
9890104,7G9PR,7NVXY,257253834
7563173,ZZGC,7ZJK8,257254611
2855338,6JVSC,8VXR8,257253184
2858963,6S4MX,8VZL3,257253184
2720171,4VLWS,8W3GB,257253184
2703459,6SZF3,8VZYW,257253184
3189836,94GR,JP8,257254001
3667007,74JQN,K22,257254001
3666776,74K2K,K22,257254001
2888622,5BCCV,628MM,257254001
2874574,329RH,KTZHL,257254001
5331238,5BHLM,KHG,257254001
5395559,6PX95,J6T,257254001
8116963,92SR,62757,257254001
5341407,4428D,V5KN5,257254001
4086523,5B2KB,V592G,257254001
8701771,488VG,7NHN3,NA
4416161,375ZT,7NHN3,NA
2502810,P9YR,7NHN3,NA
2502805,6NN4V,7NHN3,NA
5241445,5BQBX,5BQBX,257253091
2527401,3DWQQ,3DWQQ,257253091
2598552,6YCLB,6YCLB,257253134
5270720,MPZQF,MPZQF,257253177
2685663,8KDF,C7ZVG,257253923
4938682,Q7RKX,C7ZVG,257253923
2286388,44JYJ,7NVY2,257253967
2288926,4M3GY,7NVY2,257253967
2651826,653M9,BV8P5,257253853
2651098,4LMKM,JGY,257253853
2651122,4LN37,JGY,257253853
7581174,3BSP6,7NZ9L,257253814
5185859,3W8FJ,7P7W7,257253814
5303524,56ZV2,8W47Y,257253184
2762737,CDNR3,8VZJC,257253184
8408816,5ZL45,8VWDM,257253184
5300716,6JPVK,8VRZ5,257253184
5549949,3VCXY,8VR4G,257253184
5304187,593TY,8W4FR,257253184
2774214,49Z2Y,8VZWN,257253184
2767428,4QKT4,8W2XD,257253184
2855398,6JW4N,8VXR8,257253184
2856891,65XDM,8VTKZ,257253184
2857341,65WWK,8VTKZ,257253184
2856780,667JB,8VTKZ,257253184
2701879,6NH8X,56Y4,257253184
6085036,DJYW2,8VXP2,257253184
9529916,NPMS,PH,257253701
2423441,68NNM,PH,257253701
10966302,363RV,8VWY2,257253184
2427555,3ND2Y,PH,257253701
2431781,6WZN4,PH,257253701
2431965,CQ4G,PH,257253701
2432063,4XR2J,PH,257253701
2703776,68R62,8VVRP,257253184
5218823,R6M2J,6224G,257252989
2367919,43NK4,KTWM8,NA
2374521,55DL2,KTWM8,NA
8953936,PBBP,RP,257253696
5221810,5WD9W,RP,257253122
5223725,3L997,RP,257253122
5225137,69QLK,RP,257253122
5225433,57RFH,RP,257253122
5221283,3BNV5,RP,257253122
8782549,WQP,RP,257253122
4287413,5V5QJ,RP,257253122
7582319,58VQG,RP,257253122
5221988,6K4Y8,RP,257253122
2449133,TK53,RP,257253122
9022569,5Z397,RP,257253122
9195230,4Z4Z7,RP,257253122
5222820,3WKZY,RP,257253122
5224503,3S4WF,RP,257253122
9187223,4JCGW,RP,257253122
2453826,4JCGM,RP,257253122
2458386,38YMJ,RP,257253122
2458438,38YMM,RP,257253122
2458538,5CVMG,RP,257253122
2455615,75LTS,RP,257253122
2455676,4CGYF,RP,257253122
2458916,3LVTR,RP,257253122
2457378,78CX,RP,257253122
2453882,62HCR,RP,257253122
2445034,54XLG,RP,257253122
6161340,6S63L,RP,257253122
6161327,6RTSY,RP,257253122
2457825,646HS,RP,257253122
5225659,6RPMC,RP,257253122
2454645,768S,RP,257253122
2465380,7925W,RP,257253122
2465369,4QY4N,RP,257253122
2465003,66Y45,RP,257253122
3169169,S2YQ,6275L,257254001
5226308,65K27,RP,257253122
2465626,63NN8,RP,257253122
2465641,4KV6Z,RP,257253122
2465649,4KV6R,RP,257253122
2465402,4HH84,RP,257253122
2466496,3FYP,RP,257253122
2459658,6MV3G,RP,257253122
2459675,53RF,RP,257253122
2470656,7FG7Z,RP,257253122
8566446,65BKY,JP8,257254001
6159223,6NRCH,RP,257253122
2470376,45KXC,RP,257253122
3767816,94BL,JP8,257254001
2444141,62HCQ,RP,257253122
2464899,M7TX,RP,257253122
3189882,94G9,JP8,257254001
2444356,6BJ5K,RP,257253122
2444339,5BJ7S,RP,257253122
2444221,63SCK,RP,257253122
2443876,38LQF,RP,257253122
2447418,6N56,RP,257253122
2447367,3FH5H,RP,257253122
5220394,52FSR,RP,257253646
2441454,7C3D6,RP,257253646
2441461,55JSJ,RP,257253646
2441533,S9KW,RP,257253646
2441658,646YY,RP,257253646
2443597,3YFWL,RP,257253646
2441905,TWRZ,RP,257253646
2442664,Y32,RP,257253646
2442665,F6QN,RP,257253646
8909809,39LXD,RP,257253646
2443173,55HWJ,RP,257253646
2443133,5YKRV,RP,257253646
2443002,C8JV7,RP,257253646
9228211,6KT7C,RP,257253646
2443079,6L57B,RP,257253646
2443074,6L57F,RP,257253646
5362054,6BBL4,626TX,257254001
9601519,78CBK,RP,257253646
7334489,6XZGL,KBM,257254001
8898408,4NM9N,RP,257253646
2442843,6WCBF,RP,257253646
5362046,4W9YJ,KBM,257254001
9803191,76FM7,RP,257253646
2442257,76CSF,RP,257253646
4194699,93C47,79VF,257254001
2308609,4M4PW,84KJK,257253763
2308549,6QDG9,84KJK,257253763
2321001,M8HY,84LVG,257253743
10578411,6NWRP,84KR7,257253743
3266899,Q4MT4,Q4MT4,257254607
4309705,8VJSN,9CK9N,257254611
2223840,9XW52,B3HG3,257254611
3036157,B7WSQ,B7XD4,257254001
6027176,75473,J5W,257254001
8307577,6BLKS,7ZJK8,257254611
2219149,3H7P6,7ZJK2,257254611
2220417,46NDT,CVHBS,257254611
8418338,3N6R9,JQ7,257254001
5166487,QJMH2,V5JF4,257254899
2114769,4NVZL,7NKQ7,257254744
5341797,4HFFL,628NX,257254001
2928759,VJTH7,JYX,257254001
2928805,6NCT5,628NX,257254001
7645889,9DM63,9CM2N,257254001
7484581,6CMK5,9CKK5,257254001
5632022,6QNPW,9CL83,257254001
5354799,3W83Q,9CL83,257254001
5354530,TJKG,9CS5H,257254001
4485843,PJGX6,BXWDD,257254066
4487799,59M3L,BXWD9,257254066
5156102,VFHJ3,BXWDD,257254066
2020688,52BVT,BXWD9,257254066
2041682,L26TX,BXWD8,257254066
4528099,B6LVP,623VV,257254066
3967193,9CXYX,V4RX7,257254001
7426824,5BCSN,9CMDW,257254001
3973636,5BCMT,9CMDW,257254001
1690276,3CMJY,8NKFY,257254066
2972703,49KXN,9CLHZ,257254001
5073820,8BXJH,BXX37,257254066
1551754,4HMWN,87CLS,257254066
1548900,373Z6,BY56X,257254066
2965331,3YNQS,9CLB5,257254001
2963569,53BWG,9CM5J,257254001
1421091,Q86XD,PR8KP,257254066
8193111,9CTBZ,9CLBB,257254001
2938473,LWRS,5T6NC,257254001
3966627,9D26H,9CKGJ,257254001
1342324,5CL3G,KZMNP,257254066
5376179,3MQ3V,C6GDD,257254001
3050595,3M43V,C6GDD,257254001
1195013,B6MN8,KZYT4,257254066
1194989,4B3C4,KZYT4,257254066
1194885,4B42W,KZYT4,257254066
3045803,68ZN2,C6GDD,257254001
4460066,MRT46,KZYT4,257254066
1047536,Q9SPH,KZYT4,257254066
2889980,PDHVM,4N5F,257254001
2890995,PD98J,4N5F,257254001
2890972,C77T9,4N5F,257254001
6070732,43HQ3,KVZ2X,257254001
5415463,56NV8,628B4,257254001
8251158,76KXB,7NLP6,257254001
7331874,7FPN7,7NLQD,257254001
5561475,T9Q5,KVHWS,257254001
3170873,4VZ5H,KVT64,257254001
3170862,79YQ9,KVT64,257254001
2926613,755LX,V5KN5,257254001
2926681,3S29J,V5N48,257254001
4067112,53QG9,BVBBM,257254001
7393329,6BPPB,KV73F,257254001
3596131,5GH2F,CTVQD,257254001
7296375,7G44X,KHG,257254001
5373039,7MLLH,KVRLC,257254001
3040241,4LVSS,KVRLC,257254001
4205640,3QRTV,JRQ,257254001
3033865,3XJ3H,J7X,257254001
3033833,34HZZ,K95,257254001
7278040,5626Y,628B2,257254001
5530855,YPBD,JL2,257254001
7153734,75M84,K3G,257254001
2888564,3S42P,JL2,257254001
8400045,9K9FX,JJP,257254001
7327719,P4DGT,JJP,257254001
2882631,6VJ8H,KH2,257254001
7475424,6XT35,JGB,257254001
8210972,BY3LY,J6T,257254001
8199647,V84S,JCD,257254001
5396125,3D389,J6T,257254001
6076957,5KSGF,J6T,257254001
4211590,5J8DM,JCD,257254001
4219118,5HSBL,JCD,257254001
3105508,DVQN,JCD,257254001
7344766,6X9QQ,J6T,257254001
3089140,7FV4L,J6T,257254001
3095939,99HVF,J6T,257254001
3119206,6LHPF,J6T,257254001
3115828,6HZZL,J6T,257254001
3190715,BLFR,BJ5YL,257254001
5384889,63ZXV,KVK78,257254001
3084872,37QK2,K9X,257254001
7975549,9XQKT,62758,257254001
3085196,BMHVM,62758,257254001
7655198,C9F5,62758,257254001
4038524,S8P5D,S8P58,257254001
8012649,93CJL,K6W,257254001
8096233,6YX5P,KVT6G,257254001
3039270,6DZVF,62QQB,257254001
3039267,38XFD,62QQB,257254001
5365717,4M5GT,628NC,257254001
5370829,8QDL,628NC,257254001
8381801,3475G,628NC,257254001
9382645,5KY2N,628NC,257254001
3020838,4N99T,BVBB9,257254001
10071055,V56MN,BVBB9,257254001
5422556,TRJJ4,7NFVQ,257252980
7261816,7TKLR,6224G,257252989
3197314,SQQZW,7NKXP,257252980
2432352,7TKL8,6224G,257252989
8699607,B24TM,B24TM,257253006
2440196,DJ4DD,6224G,257252989
2515982,9YPVH,9YPVH,257253032
5219702,RY7S,6224G,257252989
2515591,7DX77,7DX77,257253032
7239389,TVT3V,TVT3V,257253032
2515673,7DX88,7DX88,257253032
3377362,6WNSB,6WNSB,257253032
2439270,4RM6W,6224G,257252989
2514552,4QF4V,4QF4V,257253032
8427910,6WNZQ,6WNZQ,257253032
7805464,VJLYX,VJLYX,257253032
2514415,4QFF8,4QFF8,257253032
10797854,4QDGD,4QDGD,257253032
2514345,4QDJC,4QDJC,257253032
2514574,4QF8S,4QF8S,257253032
2514484,4QF55,4QF55,257253032
7954545,4QCV4,4QCV4,257253032
2437399,PW5W,6224G,257252989
2513597,6FHRB,6FHRB,257253081
2513637,6FHT2,6FHT2,257253081
3340858,6PDDM,6PDDM,257253091
5218899,F65D,6224G,257252989
5240299,5TZHP,5TZHP,257253091
2434126,7B5YQ,6224G,257252989
6164210,QLXF,6224G,257252989
7699567,3NL6B,3NL6B,257253141
4354937,MPMK,7NQZC,257253078
5299590,59L6R,8W4GT,257253184
2473221,62FS7,RP,257253122
2739769,5ZKCK,8VWDM,257253184
5298406,3Q22W,8VS52,257253184
5297966,6MXYP,8VS52,257253184
9340142,6MY9L,8VS52,257253184
9416124,5CVN5,RP,257253122
2458374,5CVN6,RP,257253122
2747718,ZL3G,8VWK3,257253184
9342283,563KY,RP,257253122
2457522,563LK,RP,257253122
2457577,563LG,RP,257253122
5224543,3S4V7,RP,257253122
5224481,3S4VF,RP,257253122
7576179,4CGYJ,RP,257253122
2457224,375Z5,RP,257253122
8889878,886JM,RP,257253122
9099408,6DZBH,RP,257253122
8080743,4VJN6,8W3G6,257253184
2767275,4VJFC,8W3G6,257253184
11205618,8H5XG,RP,257253122
6159238,3RMWM,RP,257253122
7444957,4KPHY,RP,257253122
2772094,44PWX,8VZJD,257253184
2769622,44PWS,8VZJD,257253184
2772206,44PWQ,8VZJD,257253184
2445496,6BS5,RP,257253122
2768763,HBB7,8VV9B,257253184
5221394,4V44,RP,257253122
5221528,3KNFX,RP,257253122
2769069,Q93N,8VVXJ,257253184
2858501,45PF3,8VZL3,257253184
2858909,45PDJ,8VZL3,257253184
2858846,45PCB,8VZL3,257253184
10755213,8XBWR,8VZL3,257253184
2459603,3276T,RP,257253122
5666,6247T,RP,257253122
2856681,6697C,8VTKZ,257253184
8228334,33SV2,RP,257253122
2857017,65X7P,8VTKZ,257253184
2856204,668VK,8VTKZ,257253184
8219807,7CTKS,RP,257253122
2805420,4Z6YC,8W3QJ,257253184
2481915,5YTT3,V2,257253251
5303515,7CB66,8W47Y,257253184
2765221,7CM73,8W49J,257253184
8991514,9F2RJ,V2,257253251
2763962,5ZSFR,8VWFQ,257253184
2480989,QZS5,V2,257253251
2481066,43DZ8,V2,257253251
2765942,4LTW6,8W2MK,257253184
5329038,4TYPW,8W392,257253184
2479027,3WHSC,V2,257253251
2870049,77LJS,8W2G2,257253184
2871376,4Z7WP,8W3QN,257253184
8082581,9N5W3,V2,257253251
5330001,37L55,8VX4P,257253184
2866850,GN4V,8VV75,257253184
10236166,VP2V4,8VZ3L,257253184
2869301,3WTZ7,8VZ3L,257253184
2474045,9JR7Z,V2,257253251
11055820,8WWNN,8VYDY,257253184
5227747,3W3VY,V2,257253251
5329263,39C7S,8VX9D,257253184
2865524,7FDKK,8W4K8,257253184
2498161,66XWT,V2,257253251
2498163,66XX4,V2,257253251
2498167,66XWS,V2,257253251
7529533,8XW6L,8VVYB,257253184
9235549,9HKDN,V2,257253251
2702084,6NGWJ,56Y4,257253184
2701120,3QTMT,56Y4,257253184
2702058,3QTGL,56Y4,257253184
2498177,479NZ,V2,257253251
2701831,3QTND,56Y4,257253184
2701564,3QTZS,56Y4,257253184
2498061,DGPS,V2,257253251
6431411,VL7PQ,8VX72,257253184
4104665,K2BM,8WCCJ,257253184
4135683,6WYXC,8W38D,257253184
4105744,6WYYZ,8W38D,257253184
2498155,3Y3C6,V2,257253251
9480191,9HJGR,V2,257253251
9508460,9HJGT,V2,257253251
9382716,4ZCS2,8W3QZ,257253184
9288935,9HKY5,V2,257253251
9583342,9HP5V,V2,257253251
9267300,4ZCDT,8W3QZ,257253184
9496048,9HP5T,V2,257253251
9632508,6ZD39,8W3QZ,257253184
9345027,9HKY4,V2,257253251
9462721,B77TZ,V2,257253251
9405036,B77TR,V2,257253251
9305555,9HP5X,V2,257253251
9398259,6ZD37,8W3QZ,257253184
9592414,4ZCN5,8W3QZ,257253184
9379326,4ZCDQ,8W3QZ,257253184
2498325,NM26,V2,257253251
4114502,5929P,8W4FF,257253184
4154206,4LHHZ,8W2LR,257253184
4845821,46CV9,V2,257253251
10920460,46CVB,V2,257253251
12246414,9M2GP,8W25M,257253184
2493618,3VYFJ,V2,257253251
4123394,6HT99,8VXP2,257253184
2702727,6HT4F,8VXP2,257253184
4129181,6HS2L,8VXP2,257253184
6431611,6HSWT,8VXP2,257253184
4129351,6HRPD,8VXP2,257253184
4121365,6HSP5,8VXP2,257253184
2704949,6HTSR,8VXP2,257253184
4128881,6HRQ9,8VXP2,257253184
4113111,6HSTR,8VXP2,257253184
5230852,4DXZG,V2,257253251
5674825,339MY,8VWNP,257253184
7341745,4Z65R,V2,257253251
4138275,5D92T,8WMB8,257253184
2705286,67YVX,8VVDD,257253184
10937982,9GD27,V2,257253251
2705287,BBFZ8,8VVDD,257253184
2704854,349WS,8VWRN,257253184
2703867,3689H,8VWYQ,257253184
6100941,537Z6,V2,257253251
4132902,5GWQP,8VWYQ,257253184
4132112,5GWQQ,8VWYQ,257253184
8010581,36GL3,8WF5C,257253184
4142335,987W,8VT6Z,257253184
8112114,39DVH,8VXB4,257253184
5289726,S5KZ,8VW2R,257253184
6068804,S5JJ,8VW2R,257253184
5290192,S5H5,8VW2R,257253184
4114858,RT8L3,8W2K5,257253184
2705098,4CDXS,8W23T,257253184
2475235,CP3N7,V2,257253251
2479509,46Q3Y,V2,257253251
8338571,5HZ77,8VYC9,257253184
2479925,BSLW,V2,257253251
5959228,G22K,V2,257253251
4270548,5HZ7C,8VYC9,257253184
4115425,5HZ7B,8VYC9,257253184
2479694,58CK8,V2,257253251
7738766,43MQX,8VZFJ,257253184
4121791,43VQR,8VZG3,257253184
2479598,6FJCY,V2,257253251
5289998,363DQ,8VWY2,257253184
2705621,4DWHJ,8W26D,257253184
2479804,4QW3Y,V2,257253251
2479720,KS32,V2,257253251
2702543,6D4CK,8VWWG,257253184
4932232,5GSV7,8VWQ7,257253184
2480317,69PL5,V2,257253251
8389446,7L6SV,8W4FX,257253184
6313049,7L6SW,8W4FX,257253184
6313051,7L6T7,8W4FX,257253184
12205713,L2SQ9,8W4FX,257253184
2481125,6NYNX,V2,257253251
4114348,77FDR,8W2DL,257253184
2705828,7DTQ3,8W4JD,257253184
2705854,7DTQ2,8W4JD,257253184
2705848,TV45S,8W4JD,257253184
2705875,7DTSS,8W4JD,257253184
4123912,B9NB,8VTGL,257253184
4155246,44BQ2,8WHVL,257253184
2497828,47FJS,V2,257253251
2703712,NCVX,8VVRP,257253184
4124881,NCYY,8VVRP,257253184
2497341,737WZ,V2,257253251
2703663,NDC3,8VVRP,257253184
2497509,532KQ,V2,257253251
8918909,5G2G9,8VVRP,257253184
5739284,CPCMT,V2,257253251
7226794,5G2GS,8VVRP,257253184
9473367,CND78,V2,257253251
2475364,5ZZQP,V2,257253251
2480668,3FVCC,V2,257253251
10986555,8X5YW,8WLGY,257253184
4132010,4K67Y,8W2JC,257253184
4132188,4K67L,8W2JC,257253184
2705196,5TTSM,8VTGH,257253184
2495840,TGJN,V2,257253251
6101223,4Z4BQ,V2,257253251
6101224,4Z4BP,V2,257253251
4121049,4W84H,8W3HG,257253184
4121360,CF3KS,8W3HG,257253184
6084799,BD2V,8VTH7,257253184
2495869,5ZPZY,V2,257253251
7948459,BCXY,8VTH7,257253184
9231612,3VVY7,8VYZG,257253184
10800064,8WXCS,8VYZG,257253184
12262171,9V3FY,8VWFJ,257253184
7738621,3689K,8VWYQ,257253184
4146851,76NSN,8W27Y,257253184
9317568,49998,8WJ8Y,257253184
8335191,49997,8WJ8Y,257253184
2367913,43NKK,KTWM8,NA
2350050,4KSF6,KTWM8,NA
8134874,6KMKM,8VXWS,257253184
2443339,QF536,RP,257253646
5289670,4X28M,8W3JT,257253184
5289693,6YKHQ,8W3JT,257253184
6156934,7GQBG,RP,257253646
4149175,6FY8K,8VXFL,257253184
2705391,6FXXB,8VXFL,257253184
2705369,6FY82,8VXFL,257253184
4139037,6FZFL,8VXFL,257253184
5220435,76CTF,RP,257253646
7594735,R8TW,8VRHY,257253184
2723909,RB78,8VRHY,257253184
2718377,MBPR,8VVMQ,257253184
2714166,5GS2H,8VWNX,257253184
2720120,4VLPX,8W3GB,257253184
2720269,4VM32,8W3GB,257253184
2426658,76CHM,PH,257253701
3746867,KTT7V,JBM,257253853
10857535,37VNM,PH,257253701
9662775,3FCQ4,BV8QP,257253853
10701161,4D375,PH,257253701
2650479,6VB3K,B8X4C,257253853
2431993,CQ5H,PH,257253701
7536754,37WS3,JGY,257253853
7577557,LWYX,84KR7,257253743
6387003,5H5FY,4DLK,257253853
2684120,4WSQK,C6N4C,257253923
5284231,42D4S,C6N4C,257253923
2307726,853HZ,84JTQ,257253763
2307447,MQCSM,MQCSM,257253763
5284702,69GTZ,C7ZVG,257253923
5284698,S24D,C7ZVG,257253923
2307929,RT9YN,RT9YN,257253763
5285750,4J24Y,C7ZVG,257253923
5284809,4J2D5,C7ZVG,257253923
5285385,4J2CJ,C7ZVG,257253923
5285635,4J2G9,C7ZVG,257253923
6476704,4CXLT,7NHN3,NA
6476579,6753W,7NHN3,NA
2653256,6FNG6,C6XML,257253979
6476679,P9ZD,7NHN3,NA
2653389,6FNFX,C6XML,257253979
2653392,5NQZY,C6XML,257253979
8740315,CQMZW,7NHN3,NA
2873995,7NGXR,KTXK7,257254001
3666422,7TQGP,K22,257254001
4561827,WNPB,7NGVY,257253834
5420957,VRN8,K22,257254001
4362883,7C7DR,7NXJ5,257253834
5421040,3WDB7,628LH,257254001
4368880,5ZPXY,7NGWV,257253834
4366527,3LGPC,7NJW5,257253834
4366460,3LGQ4,7NJW5,257253834
3188847,48XPC,K22,257254001
3188896,74JBC,K22,257254001
8045384,3H7LQ,7NVXY,257253834
3666059,7N7FF,K22,257254001
4567449,3G438,7NVXY,257253834
6427785,74JBJ,K22,257254001
2295442,6PZD8,7NVXY,257253834
6427623,5JYZW,K22,257254001
8305409,9697,7NVXY,257253834
8790531,7RXXP,7NVXY,257253834
4562529,6RPC6,7NVXY,257253834
3797084,BSSV,628NX,257254001
9537212,5M54K,628NX,257254001
2928859,84KDF,B7XDZ,257254001
5190912,55JJN,7NVXY,257253834
5795017,6HRKZ,7NVXY,257253834
3799170,99R35,JYX,257254001
7505521,5CYJQ,7NVXY,257253834
8791507,4HFJX,628NX,257254001
2294275,7R7HQ,7NVXY,257253834
6402873,4HFJX,628NX,257254001
5341792,4HFCY,628NX,257254001
7753992,6LLW9,7NVXY,257253834
5581279,5QPX8,628NX,257254001
2294284,4B22B,7NVXY,257253834
2928905,KV36P,B7XDZ,257254001
2930222,4XZGL,628NX,257254001
2929800,4XZHQ,628NX,257254001
2932147,4Y3H9,628NX,257254001
2931738,4Y3RT,628NX,257254001
7384449,4R9HS,7NVVQ,257253834
2932872,7WYCK,628NX,257254001
2931237,4Y4JB,628NX,257254001
2929505,4Y4PP,628NX,257254001
4362965,3Z8P3,7NY7W,257253834
2929847,6YTRH,628NX,257254001
3610757,32LNF,CQB8J,257254001
2927492,B3GQF,CQB8J,257254001
5724924,TPFQ,7NHWV,257253834
2928534,3PWL6,JD7,257254001
2928584,3PWCQ,JD7,257254001
8059430,3K4QF,7NGVW,257253834
9060332,6MX72,JD7,257254001
2928560,7VJKQ,JD7,257254001
7324507,3PWCQ,JD7,257254001
7162908,XZV9,JD7,257254001
7225712,5G5F5,JD7,257254001
5341725,3QJWB,CQ8VC,257254001
7293727,CYJ6,KHJ,257254001
3039203,4DTTH,KHJ,257254001
5855746,6QZMV,7NVY2,257253967
5729018,379T8,7NVY2,257253967
8864505,3WZYV,7NVY2,257253967
4194303,7MLCZ,79VF,257254001
2986111,4SY7V,79VF,257254001
3152839,SSJZ,3KYZ,257254001
4201709,4WHRZ,KBM,257254001
4202184,3NGQY,KBM,257254001
11162940,7ZCQW,KBM,257254001
7768495,8VF9F,KBM,257254001
4201695,4FXPN,KBM,257254001
4201688,4FXPP,KBM,257254001
7172831,4FXPG,KBM,257254001
2285504,5CS3F,7NLKY,257253967
5361977,4W9KQ,KBM,257254001
5690814,4W9JC,KBM,257254001
7863397,6V8DY,KBM,257254001
5688347,6V8CK,KBM,257254001
10933479,6L9HM,84NXG,257254031
10730110,6BBCD,626TX,257254001
2242011,44RVR,84QN6,257254031
3032762,6XR9D,KVSRN,257254001
4346612,8FT42,8FZBP,257254039
3169137,3CGW7,6275L,257254001
3790832,3CH2V,6275L,257254001
10773250,9DCJK,9CLBB,257254001
2971024,9CTBZ,9CLBB,257254001
6098843,N4X77,PR8KP,257254066
3973495,9DQGW,9CMDW,257254001
3973001,5BCRM,9CMDW,257254001
7769230,9F2YW,9CMDW,257254001
1707320,4V94G,8NKFS,257254066
2974811,7FSGL,9CMDW,257254001
7225456,5BCTL,9CMDW,257254001
1714140,48VC9,8NKFS,257254066
7302355,9FBB7,9CMDW,257254001
2975132,5BCTL,9CMDW,257254001
1683815,4RX2K,8NKFY,257254066
1720196,3MG29,8NKFV,257254066
2975135,5BCWV,9CMDW,257254001
1411953,VGTLS,VGP5B,257254066
2945513,VQL2,9CKCW,257254001
5347846,3SKYG,9CL5V,257254001
5359068,58Q7V,9CM9W,257254001
6109535,58PVM,9CM9W,257254001
5041422,4V4RW,KZMNP,257254066
5041471,4V4S5,KZMNP,257254066
5041423,4V4VJ,KZMNP,257254066
1346919,3Q8G7,KZMNP,257254066
5356892,3W86B,9CL83,257254001
7753114,5JFCZ,9CL83,257254001
9551728,CMXS4,KZMNP,257254066
2976091,KLPG,9CK48,257254001
8261015,58R6D,9CM9Y,257254001
5349991,6B4Q4,9CKFN,257254001
5350005,6B4B7,9CKFN,257254001
1276876,325CH,V7HJG,257254066
5869933,PXXM5,KZMNP,257254066
2956442,XD6X,9CKF4,257254001
1349836,3NDML,KZMNP,257254066
5354675,TJK8,9CS5H,257254001
1371011,3YZG5,V7HJG,257254066
4496869,S6BTM,V7HJG,257254066
5928735,9F2KB,9CT6C,257254001
1309635,LD6J2,V7HJG,257254066
2943190,QZWK,V4RX7,257254001
4496973,LQHW6,V7HJG,257254066
1309606,LQHZ2,V7HJG,257254066
4497054,VMTG4,VMTG4,257254066
4497120,LQHBZ,V7HJG,257254066
4497124,LQJSD,V7HJG,257254066
4497180,LQGX6,V7HJG,257254066
1309600,LQJ6P,V7HJG,257254066
1309652,NPBLZ,V7HJG,257254066
1795068,56TRH,CQPF8,257254066
1873903,5WTC7,FG2,257254066
1873890,695BW,FG2,257254066
8766638,48J2G,FG2,257254066
1873051,6BKKC,FG2,257254066
2970585,4WZ5H,9CM2N,257254001
1886729,72VH3,8MQ,257254066
1891245,7B572,8MQ,257254066
2965250,3YNQD,9CLB5,257254001
2965354,3YNKJ,9CLB5,257254001
1885213,6BGBH,8MQ,257254066
7373959,9DBXL,9CLB5,257254001
2965405,3YNLF,9CLB5,257254001
9776414,99VVS,C2K,257254066
8741260,8VLG2,8V4GK,257254066
1749580,4H645,8V4GK,257254066
1829659,3TDRY,CFVFX,257254066
4530608,93XJT,B3FTD,257254066
5358302,4VX3W,9CJVW,257254001
11141765,T5RS8,B3FTD,257254066
8149049,9DQYB,9CMFZ,257254001
1737131,6FV9H,B3FTD,257254066
1866356,6XHQQ,FYX,257254066
1865660,9SSR,FYX,257254066
5124716,JMDM,FYX,257254066
1910629,3NWQF,DGC,257254066
5128034,37TXP,DGC,257254066
5130444,6NHMQ,DGC,257254066
5133523,6RR5Y,DGC,257254066
2984306,3HMCZ,4RKW,257254001
7926816,449Y3,63CXJ,257254001
3826854,6H2L4,62RQR,257254001
1830823,4M9ZT,BW9YL,257254066
3826756,3B946,62RQR,257254001
5123474,5VFVG,86R,257254066
2891624,3B8ZG,62RQR,257254001
1835422,4V7ZD,B6LV4,257254066
1852787,68MG9,B6MYP,257254066
3828342,3B8YJ,62RQR,257254001
1852831,93VQ6,B6MYP,257254066
1830284,GJJ9,BW9VR,257254066
2890739,3FVB7,4N5F,257254001
1971998,4748M,C76TY,257254066
4535888,VJ77F,7FF,257254066
1751299,NLSB,7FF,257254066
2890957,3FV4M,4N5F,257254001
2049732,VFQMM,8PRTX,257254066
2049722,VF4TY,8PRTX,257254066
2049661,VGFM5,8PRTX,257254066
5152543,VG5WX,BXWDD,257254066
9711656,6TY34,6K7C,257254001
4486432,VFFD9,BXWDD,257254066
5152536,VF2D9,BXWDD,257254066
3034002,79QLB,KV6CJ,257254001
4483961,8JZ47,BXWD8,257254066
2037925,755LF,BXWD8,257254066
2049296,4JBX6,BXWD8,257254066
2928026,468K4,5YKG,257254001
4484009,8JYVN,BXWD8,257254066
6420901,468K4,5YKG,257254001
2037991,728VZ,BXWD8,257254066
2047706,BT6CG,BXWD8,257254066
2029899,3QLTV,BXWD8,257254066
9405645,B3GRZ,BVBBM,257254001
4483971,8JXZQ,BXWD8,257254066
2029273,7GG7W,BXWD8,257254066
2925874,D8DB,7NDYV,257254001
2038171,99RCC,BXWD8,257254066
4273336,BP8BP,7NDYV,257254001
2088481,7DHRT,C2KG4,257254066
4068166,38MDV,BVBBM,257254001
9139578,JQHJ,C2KG4,257254066
4063383,57TVP,BVBBM,257254001
4486243,VGPR8,BXWDD,257254066
2049512,VDX9B,8PRTX,257254066
7769968,59M99,BXWD9,257254066
9629001,3P7DX,7NDYV,257254001
5152721,59MB4,BXWD9,257254066
4487661,35P36,BXWD9,257254066
4487660,35P32,BXWD9,257254066
2010226,52HCH,BXWD9,257254066
4487598,WBGJ,BXWD9,257254066
8052025,6D4VT,BXWD9,257254066
4488819,34V8G,BXWD9,257254066
4488821,34VCM,BXWD9,257254066
4487610,46LWX,BXWD9,257254066
2008616,6F6VG,BXWD9,257254066
4059971,3G58H,BVBBM,257254001
10972541,V5G4,BXWD8,257254066
11104870,V629,BXWD8,257254066
5661914,DM3B,BVBBM,257254001
5341201,DLZL,BVBBM,257254001
9078997,SJR9Q,C2KG4,257254066
2091932,6WPDW,C2KG4,257254066
2092040,78PCW,C2KG4,257254066
8255921,78PBJ,C2KG4,257254066
5712981,N3S2S,C2KG4,257254066
4488933,52BVJ,BXWD9,257254066
2020686,52BVY,BXWD9,257254066
2020655,YT5N,BXWD9,257254066
5153082,3MHZG,C2K3W,257254066
4484176,5WTN2,C2K3W,257254066
4485839,PJH8C,BXWDD,257254066
2078852,QSBYQ,BXWDD,257254066
9823072,7NJ5M,BW6F9,257254001
7318131,4BBNF,BW6F9,257254001
7763534,3SMQZ,C2K3W,257254066
2080592,3P8SH,C2KG4,257254066
2077985,8PCF6,8PRTX,257254066
5159101,VFM3M,8PRTX,257254066
3988179,79LZD,K36,257254001
2095283,78DG8,C2KG4,257254066
2012520,6653R,C2K3W,257254066
3189824,9XFMX,JP8,257254001
2012132,7CP5X,C2KG2,257254066
3189807,65BL2,JP8,257254001
3189843,94L9,JP8,257254001
7427542,BR6B,C2KG2,257254066
2007665,VF4HP,BXWDD,257254066
7262943,948G,JP8,257254001
4486297,VFX8P,BXWDD,257254066
3189835,94DL,JP8,257254001
11107889,VG2HW,BXWDD,257254066
3768287,92R4R,JP8,257254001
4486382,VFR3T,BXWDD,257254066
7100404,946S,JP8,257254001
2020832,TQ2T9,BXWD9,257254066
2020779,MCMWP,BXWD9,257254066
4487243,LCFDR,BXWD9,257254066
2020879,PX74J,BXWD9,257254066
3190544,4SN3S,KVRN5,257254001
2064632,8SSP,C3DW9,257254066
5154481,52JY7,BXWD8,257254066
3837891,6YS9Q,8TK2G,257254001
3833284,69YSJ,8TK2G,257254001
4293134,46D9R,KZYT4,257254066
1111797,69XKH,KZYT4,257254066
9228111,6JRN9,JL2,257254001
7315286,6JRQQ,JL2,257254001
1119292,6RPQ7,KZYT4,257254066
8265082,4462G,KZYT4,257254066
8062758,VJ3FK,KZYT4,257254066
9587676,BRFHP,K3G,257254001
5997154,6QYY2,KZYT4,257254066
7569075,6X9ST,KZYT4,257254066
1133603,KYYX,KZYT4,257254066
4427283,P2RTC,KZRB3,257254066
4427319,LP9YP,KZRB3,257254066
1095946,SNLKZ,KZRB3,257254066
3602683,VJSR4,K3G,257254001
2888435,4CJ92,K3G,257254001
5806954,RXM4J,KZYT4,257254066
2888439,4CJK3,K3G,257254001
2888437,4CJFV,K3G,257254001
1045323,S6FKH,KZYT4,257254066
7300414,VK89Q,K6N,257254001
3982013,6G6LT,K6N,257254001
1247584,5239W,KZYT4,257254066
3033839,4KR3V,K6N,257254001
6132234,4SS63,KZYT4,257254066
7882289,TX9CB,KZYT4,257254066
7380533,MS5FM,KZYT4,257254066
3033888,3XJ3L,J7X,257254001
3033868,3XJ3H,J7X,257254001
3982284,936M2,J7X,257254001
4990175,CGB99,KZYT4,257254066
4470640,68Z3H,8KTL7,257254066
2000152,4F34V,8N9KS,257254066
2000204,4F359,8N9KS,257254066
5151589,M39Q,8N9KS,257254066
7967494,9G6Q,K95,257254001
1995681,68MDS,8MPBB,257254066
1995489,4C9XD,8MPBB,257254066
1998599,5XCGG,8MPF5,257254066
7277946,7J7XF,K95,257254001
1998083,NF832,8MPF5,257254066
1997215,5WLVY,8MPF5,257254066
9419395,6732J,K95,257254001
6376340,56246,628B2,257254001
1623077,55BY6,87CP5,257254066
1623354,QQFF,87CP5,257254066
7277106,VM6LP,K95,257254001
1622599,4RZ55,87CPP,257254066
3924221,3KF95,K95,257254001
1622658,4RZ56,87CPP,257254066
1626096,SLYS,V97QD,257254066
1579447,3DJKD,87CDN,257254066
9673106,6GPLN,K95,257254001
1577153,3KZZM,87CHR,257254066
9675867,3B2KS,K95,257254001
1523628,PVV6,87CL2,257254066
8429167,34JB8,K95,257254001
1521740,JNXJ,87CJJ,257254066
2211487,4LWHP,C7W9X,257254611
12187916,B6D55,7ST8,257254001
5375020,G27R,C6GDD,257254001
2204981,58JDR,C7W9X,257254611
2211599,6MSH5,7NFPD,257254611
5928306,6P8YX,C6GDD,257254001
5376961,6P8ZF,C6GDD,257254001
5178052,699LY,7ZJK2,257254611
10944522,8GMPQ,C6GDD,257254001
4417132,69NMB,7ZJK3,257254611
3045473,5JWQ9,C6GDD,257254001
5375920,3B9TG,C6GDD,257254001
5373440,5327W,C6GDD,257254001
3693541,87C5N,C6GDD,257254001
5373483,5GN4Z,C6GDD,257254001
5373475,6BB3N,C6GDD,257254001
3693336,4TCMY,C6GDD,257254001
3053399,4TCRF,C6GDD,257254001
2227289,7WLQN,7NFK5,257254611
3046929,4XRV5,C6GDD,257254001
8909595,7TVRJ,7NFK5,257254611
3049314,3BTX8,C6GDD,257254001
2225770,L26KC,B8WMW,257254611
5972004,7VDPQ,7NFK5,257254611
5376158,3MQ3W,C6GDD,257254001
5373124,3XMH7,C6GDD,257254001
5373160,3XMGD,C6GDD,257254001
5377163,3P79B,C6GDD,257254001
1014565,D6BL,7ZFKH,257254728
1016841,6T8N4,7ZFKH,257254728
1017419,4BBXS,7ZFKH,257254728
3045082,CCVS,C6GDD,257254001
5377378,7374F,C6GDD,257254001
5377395,6R6SC,C6GDD,257254001
7740944,5JK4Z,C6GDD,257254001
3048397,3BBFQ,C6GDD,257254001
3048073,6H48S,C6GDD,257254001
9040863,477FM,C6GDD,257254001
2234836,6CCT2,BRGBD,257254761
3047147,477FL,C6GDD,257254001
7711892,8FTBC,C6GDD,257254001
2152793,32FTR,CTZHT,257254767
3082270,YGHD,V5JRJ,257254001
7322122,34BXJ,V5BJM,257254001
9067615,3ZSGR,628KX,257254001
2138688,6RB57,CVDD7,257254767
2141622,CJHH,CTNR5,257254767
2986010,4G4MX,JPZ,257254001
2985986,3N49Q,JPZ,257254001
2985963,355N6,JPZ,257254001
11528335,99CB6,CVRM7,257254767
2985964,355NS,JPZ,257254001
8264893,46YHB,CVD69,257254767
3064221,3CQQN,V5GXB,257254001
3069053,6HB4M,V5GXB,257254001
3066321,3CP7X,V5GXB,257254001
8427207,6GCB4,CV4PK,257254767
3064282,3CQZV,V5GXB,257254001
3056384,8SC4,V5BJG,257254001
2173887,6MTVB,CV8JL,257254767
2873877,3V4MY,KVJ3T,257254001
7358677,5QWMQ,KVRLC,257254001
6362904,4LVR5,KVRLC,257254001
8345607,939J7,KVRLC,257254001
5372655,93CNT,KVRLC,257254001
8257857,SKXZS,KVRLC,257254001
5372559,6XC73,KVRLC,257254001
7104074,6XC84,KVRLC,257254001
7266656,6XDVY,KVRLC,257254001
7266343,5KZBL,KVRLC,257254001
5583195,79C65,KVRLC,257254001
7266329,5KZ7H,KVRLC,257254001
5372917,6XC94,KVRLC,257254001
5372639,6XCM7,KVRLC,257254001
8183217,79C5L,KVRLC,257254001
7427741,5GNGQ,KV6SV,257254001
6436603,3NPNS,KVH6F,257254001
2164198,5XRLM,CTXBD,257254767
3189457,3NPHQ,KVH6F,257254001
3189474,9KCCG,KVH6F,257254001
4553535,7X7CP,5H9,257254767
8332078,5BGTL,KHG,257254001
4553469,5BVR,5H9,257254767
6913500,NLS34,4F5,257254767
5774728,NLVXD,4F5,257254767
4544661,LZ564,4F5,257254767
4544517,LZ6VP,4F5,257254767
2128502,LZ4SX,4F5,257254767
6913023,LZ475,4F5,257254767
4544759,LZ54R,4F5,257254767
2128482,MQG3X,4F5,257254767
4553805,3D935,4H4X,257254767
4553820,55TX2,63V75,257254767
3707631,34H7D,K9X,257254001
4549071,7X76F,622WT,257254767
2188249,7X76D,622WT,257254767
4022910,4M2C3,6V2R,257254001
9554442,54MBV,KVZZ3,257254001
2874702,54M9K,KVZZ3,257254001
3084748,VWNC,KVZ82,257254001
7288892,9XSQT,KVYXL,257254001
7624620,93SP5,K6W,257254001
2888990,4TPWL,K6W,257254001
2888978,4TPVF,K6W,257254001
4036350,4TPYM,K6W,257254001
2888945,4TPKD,K6W,257254001
2888982,4TPNP,K6W,257254001
4985069,586SR,84K8Q,257254913
2888955,4TPVB,K6W,257254001
8909872,4TPQ8,K6W,257254001
6709291,7WRKV,K6W,257254001
1003567,6TVNM,6TVNM,257254931
2889358,4BK2P,K6W,257254001
5334315,4L93G,K6W,257254001
8336551,5KKRL,K6W,257254001
5334440,4L9TG,K6W,257254001
8848208,3RBY6,K6W,257254001
2889198,4F9VV,K6W,257254001
6391450,6V5F3,K6W,257254001
7291643,4F9S4,K6W,257254001
3082279,SQ5J,BV8FG,257254001
4088624,CFZ6F,KVHTL,257254001
7298085,7JBWX,KVHTL,257254001
8129694,5FS54,KVHTL,257254001
7136602,GS5G,KVHTL,257254001
3755928,TXGK,JBS,257254001
6035638,TXJW,JBS,257254001
3757050,5N2FJ,JBS,257254001
9454901,5FJKY,62758,257254001
5384359,CH5L,62758,257254001
7323251,5FJKF,62758,257254001
8577467,CH7D,62758,257254001
3083888,8RBN3,JBS,257254001
3759032,YFJB,JDH,257254001
5383936,BSH34,JBS,257254001
7685459,JLN6,JBS,257254001
3083659,67WFJ,JBS,257254001
8160803,C9FH,62758,257254001
9567226,4BCJP,JBS,257254001
7282357,38KB2,626SB,257254001
8091998,3HY44,KV2NL,257254001
5384464,3HXZH,KV2NL,257254001
7925372,94KC4,KTY82,257254001
9440906,4TYFG,KVRH7,257254001
6363863,GF2B,KTZF2,257254001
5587011,4TVT3,KVRH7,257254001
5588185,X5XS,KVRH7,257254001
3085366,6665S,KVT6S,257254001
5586656,6YP2H,KVT6S,257254001
5384782,93LVQ,KVT6S,257254001
5587240,5L73F,KVT6S,257254001
8406661,4XDDQ,KVT6S,257254001
10953644,9YJVD,KVT6S,257254001
8419625,4XD58,KVT6S,257254001
7757300,9YJVF,KVT6S,257254001
3814157,3BZZ8,KVT6S,257254001
7267630,BV9ZD,KV2NL,257254001
9254355,3VLMQ,V5FXY,257254001
5411353,QB9D,V5BF3,257254001
5410661,QBSX,V5BF3,257254001
4211074,B3TY9,B3HBG,257254001
3099650,4X4PZ,J6T,257254001
3088623,3HLH3,J6T,257254001
3117449,6GNJG,J6T,257254001
10852031,49JGV,J6T,257254001
3086845,6J7MB,J6T,257254001
5391928,LSLQ,J6T,257254001
3133446,CTFW,J6T,257254001
5392271,V84S,JCD,257254001
3108121,4WKYG,J6T,257254001
3107661,4WMRD,J6T,257254001
5403605,6BFL9,JCD,257254001
7223177,5GP6P,JCD,257254001
7222255,5J8DL,JCD,257254001
3140436,3RT8C,JCD,257254001
3144603,MZNC,J6T,257254001
5406261,PX46,J6T,257254001
10629881,76NHX,J6T,257254001
10108775,76NL8,J6T,257254001
3121474,5W4MN,J6T,257254001
3121228,GX24,J6T,257254001
3121593,GWDC,J6T,257254001
3121088,67SJZ,J6T,257254001
3120692,GW8F,J6T,257254001
3120790,67SN2,J6T,257254001
8370958,72V3R,J6T,257254001
3092083,WZQ4,J6T,257254001
3137579,3F29G,B3HBG,257254001
4233822,7FTG6,J6T,257254001
3111754,5D5LY,J6T,257254001
3104106,79JSW,J6T,257254001
11136683,7L27X,J6T,257254001
4250676,BP2YL,JCD,257254001
3123262,6VK9V,JCD,257254001
9541940,77JK9,JCD,257254001
3125893,6YNRN,J6T,257254001
5387537,67V28,J6T,257254001
5387396,HPKJ,J6T,257254001
3103158,3F8PC,J6T,257254001
10948891,7ZCTW,J6T,257254001
3092691,4Y7VW,J6T,257254001
3136320,3LL6V,JCD,257254001
4248063,5HW6T,JCD,257254001
4207403,7TJF2,B3HBG,257254001
3089549,S6FK,B3HBG,257254001
8708866,99GS4,B3HBG,257254001
6076279,7JHZ4,B3HBG,257254001
3128601,S72M,B3HBG,257254001
3128225,S73C,B3HBG,257254001
3128888,S7GJ,B3HBG,257254001
8421156,53Q86,J6T,257254001
3151434,53Q7F,J6T,257254001
6300531,5KB82,J6T,257254001
10676000,78TKC,B3HBG,257254001
3097496,3TJQ5,J6T,257254001
3097504,3TJQZ,J6T,257254001
3110905,5KQVM,JCD,257254001
3150935,6DW3C,J6T,257254001
3142967,37DVW,J6T,257254001
4230874,99HQF,J6T,257254001
11794300,99Y4W,J6T,257254001
3138949,3Z4J4,J6T,257254001
3169713,57P5S,J5Y,257254001
3169756,4768L,J5Y,257254001
3170260,H6PX,J6P,257254001
7671397,6VDFH,V58RX,257254001
8925248,NWL9B,V58RX,257254001
2913219,5P3MG,V58RX,257254001
2913169,3F68G,V58RX,257254001
12254070,9V4YC,V58RX,257254001
7480365,3N6NH,JQ7,257254001
3035420,398XY,B7XD4,257254001
7224069,5KBFC,J5W,257254001
7828157,6V8D2,J5W,257254001
3639337,6XJ3L,7NDYX,257254001
6026420,4WZDR,J5W,257254001
11921804,4T2QD,J5W,257254001
6550056,BMQWM,J5W,257254001
6027290,34BCR,J5W,257254001
3638303,74V9K,J5W,257254001
5539680,4HWVC,J5W,257254001
3034782,4XY7Y,J5W,257254001
8350395,32XSX,J5W,257254001
7400250,4JN38,6RKR,257254001
8428499,4X8MS,JV8,257254001
3152519,65XRK,JV8,257254001
3152521,3XRCH,JV8,257254001
3941038,QJSYJ,JV8,257254001
3940326,3XRDW,JV8,257254001
3935079,3XR2F,JV8,257254001
3933415,3XR9D,JV8,257254001
8237223,CY7CR,CTVQD,257254001
5332305,6TCXD,V5CP7,257254001
8326061,6X435,V58RW,257254001
2879411,4R678,V58RW,257254001
2878826,4R5WH,V58RW,257254001
2879520,4R4N4,V58RW,257254001
2882360,3DSJN,V5959,257254001
3054366,3QRRT,JRQ,257254001
8288647,78KVZ,JRQ,257254001
3856436,5BC6S,628MM,257254001
4103685,79SQX,JGB,257254001
8012439,99TB4,BVBBT,257254001
8212772,TGF3K,BVBBT,257254001
2888805,VL824,JGB,257254001
7298987,8V8LP,7NM4Q,257254001
5598788,99Q8Y,BVBBT,257254001
5599249,5PVPQ,BVBBT,257254001
5334247,6QMQX,BVBBT,257254001
2888799,B3GQ7,JGB,257254001
9771172,5LQBL,7NM4Q,257254001
4103351,72MYF,JGB,257254001
8011733,5BW8Y,7NLQC,257254001
3172276,74ZRF,V5BC8,257254001
3172327,6JN3T,V5BC8,257254001
7325877,6JMRS,V5BC8,257254001
5549698,8X5YV,V5BC8,257254001
5414976,68GMF,KVR2Z,257254001
7733140,5WGLJ,KVR2Z,257254001
7332517,5K2WW,KVMQY,257254001
7757431,W6PM,V5KN5,257254001
11007246,8W8W8,V5KN5,257254001
7437438,W6RV,V5KN5,257254001
7308335,7KC6W,V5KN5,257254001
3893979,72ZGH,V5KN5,257254001
10646747,KS9CT,V5LVH,257254001
3890974,5R2Y6,V5KN5,257254001
2927363,4QLWG,V5KN5,257254001
11064584,8X56X,V5KN5,257254001
10801424,8X597,V5KN5,257254001
3898065,5KZPP,V5KN5,257254001
10902460,8X58V,V5KN5,257254001
2927029,VLVGR,V5KN5,257254001
3882686,6XGJ2,V5KN5,257254001
5609603,46XXQ,V5KN5,257254001
3896203,55XJ9,V5LVH,257254001
7420038,S56T7,V5KN5,257254001
5341447,56R9L,V5KN5,257254001
5609719,79YD5,V58JK,257254001
3736228,4VZGT,KVT64,257254001
5563116,467Q2,KVD,257254001
9629891,B5GGM,KVT64,257254001
8602699,6QFSY,62YR4,257254001
7878507,6H3WW,KVZVC,257254001
7730307,3BCSP,KVZVC,257254001
2925303,3S7LR,V5QSD,257254001
5341112,4GZ6K,V5QSD,257254001
4083707,6KGWY,V592G,257254001
2925616,6KGWQ,V592G,257254001
3727713,5B77Q,7NLQD,257254001
5414989,3638W,7NLQD,257254001
5414991,3638D,7NLQD,257254001
5415006,72F7G,BVBBB,257254001
8006893,B548L,BVBBB,257254001
3189696,6VNYZ,7NLQD,257254001
7332416,5GCVT,BVBBB,257254001
7332415,T9NN,BVBBB,257254001
5559825,3369D,BVBBB,257254001
8200663,33698,BVBBB,257254001
3171302,3YJG3,62ZGP,257254001
4091345,3PL65,KVVYZ,257254001
3172549,B3FXV,KVVYZ,257254001
4094511,5X9XG,KVVYZ,257254001
5341548,3G2LV,K6Q,257254001
5371655,6L9TV,4SP8,257254001
2882841,B43YB,KH2,257254001
7327959,5GSTB,JJP,257254001
6400569,796FF,JJP,257254001
3169331,6R2P6,JY3,257254001
8076173,732QX,JY3,257254001
2874718,7RGNS,7NQM3,257254001
7885624,6BPN3,KTZHL,257254001
2874512,329YF,KV73F,257254001
6371424,4RZWK,KVQV9,257254001
2984537,6MFNV,4Z9F,257254001
2984492,5XGKD,3K3G,257254001
3025889,6B8NK,BVBB9,257254001
3026035,YXWB,BVBB9,257254001
3025764,YXTJ,BVBB9,257254001
3025770,YXTH,BVBB9,257254001
3025986,YXXX,BVBB9,257254001
11844792,8SLKH,628NC,257254001
5363613,GTT7,BVBB9,257254001
8356787,7WLCF,BVBB9,257254001
3000384,7WPPQ,BVBB9,257254001
10786206,3B2J8,BVBB9,257254001
2988188,4QPXZ,BVBB9,257254001
2988224,4QPY7,BVBB9,257254001
7219988,5GNCQ,BVBB9,257254001
7790614,6BB55,BVBB9,257254001
3000679,T9KY,BVBB9,257254001
5362573,4QWMZ,BVBB9,257254001
5363119,4QWL7,BVBB9,257254001
5370832,8QFX,628NC,257254001
5370688,8QG3,628NC,257254001
2987780,6LXYK,BVBB9,257254001
7848132,9Y3S4,BVBB9,257254001
3001362,7358Y,BVBB9,257254001
3001244,7NHJZ,BVBB9,257254001
3023903,CQNS,BVBB9,257254001
3013215,6B58W,BVBB9,257254001
2988040,9XQJ7,628NC,257254001
2996897,4TLP7,628NC,257254001
2994229,VK8NQ,628NC,257254001
4926534,4X5SR,628NC,257254001
7925720,5KMFP,628NC,257254001
7409013,5KPHR,BVBB9,257254001
7882872,4N8SY,BVBB9,257254001
3023671,93SNS,BVBB9,257254001
8149923,4N94F,BVBB9,257254001
3022609,4N97T,BVBB9,257254001
3021955,4N8WC,BVBB9,257254001
7272185,5KXZ6,628NC,257254001
3003244,4TDNJ,628NC,257254001
3002530,6WWCX,628NC,257254001
3026454,6ZBLQ,BVBB9,257254001
3026622,7NMFH,BVBB9,257254001
3026402,4Z6RR,BVBB9,257254001
3026906,4Z6FN,BVBB9,257254001
3026426,T4HLZ,BVBB9,257254001
3026406,4Z6FX,BVBB9,257254001
8031875,3475X,628NC,257254001
9245228,3JZCN,BVBB9,257254001
9306058,GLGV,BVBB9,257254001
5367294,4M5WP,628NC,257254001
5365494,5QXC6,628NC,257254001
