X,scientificName,taxonKey,rank,taxonomicStatus,kingdom,includes,classKey,gbifKey
1,Abies alba,2685484,SPECIES,ACCEPTED,Plantae,2685484: Abies alba Mill.,194,152546516
2,Abies grandis,2685361,SPECIES,ACCEPTED,Plantae,2685361: Abies grandis (Douglas ex D.Don) Lindl.,194,152546517
3,Abies homolepis,2685663,SPECIES,ACCEPTED,Plantae,2685663: Abies homolepis Siebold & Zucc. | 2685664: Abies homolepis var. umbellata (Mayr) E.H.Wilson,194,182132993
4,Abies nordmanniana,2685552,SPECIES,ACCEPTED,Plantae,2685552: Abies nordmanniana (Steven) Spach | 2685553: Abies nordmanniana subsp. equi-trojani (Asch. & Sint. ex Boiss.) Coode & Cullen,194,152546515
5,Abronia fragrans,5384889,SPECIES,ACCEPTED,Plantae,NA,220,182135021
6,Abutilon theophrasti,3152614,SPECIES,ACCEPTED,Plantae,3152614: Abutilon theophrasti Medik.,220,152546258
7,Acaena caesiiglauca,5370829,SPECIES,ACCEPTED,Plantae,5370829: Acaena caesiiglauca (Bitter) Bergmans,220,182135133
8,Acaena magellanica,5370832,SPECIES,ACCEPTED,Plantae,NA,220,213215686
9,Acaena microphylla,5370688,SPECIES,ACCEPTED,Plantae,NA,220,213215687
10,Acalypha indica,5386764,NA,NA,NA,NA,220,152546431
11,Acalypha rhomboidea,3056384,SPECIES,ACCEPTED,Plantae,NA,220,213214730
12,Acanalonia conica,2064632,SPECIES,ACCEPTED,Animalia,NA,216,213214253
13,Acanthospermum hispidum,3100375,SPECIES,ACCEPTED,Plantae,3100375: Acanthospermum hispidum DC.,220,152544353
14,Acanthus hungaricus,8116963,SPECIES,ACCEPTED,Plantae,8116963: Acanthus hungaricus (Borbás) Baen.,220,164252030
15,Acanthus mollis,5415455,SPECIES,ACCEPTED,Plantae,5415455: Acanthus mollis L.,220,152545551
16,Acanthus spinosus,5415453,SPECIES,ACCEPTED,Plantae,5415453: Acanthus spinosus L.,220,152545552
17,Acartia tonsa,2114446,SPECIES,ACCEPTED,Animalia,"2114446: Acartia tonsa Dana, 1849",11545536,159748111
18,Acer buergerianum,7100404,SPECIES,ACCEPTED,Plantae,NA,220,213214236
19,Acer cappadocicum,7262908,SPECIES,ACCEPTED,Plantae,7262908: Acer cappadocicum Gled.,220,152543368
20,Acer cissifolium,7877018,SPECIES,ACCEPTED,Plantae,3768287: Acer cissifolium (Siebold & Zucc.) K.Koch,220,213214232
21,Acer davidii,7262943,SPECIES,ACCEPTED,Plantae,NA,220,213214226
22,Acer japonicum,3767816,SPECIES,ACCEPTED,Plantae,3767816: Acer japonicum Thunb.,220,182133830
23,Acer macrophyllum,3189835,SPECIES,ACCEPTED,Plantae,NA,220,213214229
24,Acer monspessulanum,7262958,SPECIES,ACCEPTED,Plantae,7262958: Acer monspessulanum L.,220,152543366
25,Acer negundo,3189866,SPECIES,ACCEPTED,Plantae,3189866: Acer negundo L.,220,152543380
26,Acer palmatum,3189882,SPECIES,ACCEPTED,Plantae,3189882: Acer palmatum Thunb.,220,182133834
27,Acer pensylvanicum,3189836,SPECIES,ACCEPTED,Plantae,3189836: Acer pensylvanicum L.,220,164251122
28,Acer rubrum,3189883,SPECIES,ACCEPTED,Plantae,3189883: Acer rubrum L.,220,152543379
29,Acer rufinerve,7263145,SPECIES,ACCEPTED,Plantae,7263145: Acer rufinerve Siebold & Zucc.,220,152543363
30,Acer saccharinum,3189837,SPECIES,ACCEPTED,Plantae,3189837: Acer saccharinum L.,220,152543382
31,Acer tataricum,4925890,SUBSPECIES,ACCEPTED,Plantae,4925890: Acer tataricum subsp. ginnala (Maxim.) Wesm. | 3189845: Acer ginnala Maxim.,220,213214221
32,Acer tataricum,9537212,SPECIES,ACCEPTED,Plantae,NA,220,213214221
33,Acer tataricum,7226794,SPECIES,ACCEPTED,Plantae,NA,196,213214221
34,Acer tataricum,2769073,SPECIES,ACCEPTED,Plantae,NA,196,213214221
35,Acer tataricum,6164210,SPECIES,ACCEPTED,Plantae,NA,359,213214221
36,Acer tataricum,8991514,SPECIES,ACCEPTED,Plantae,NA,212,213214221
37,Acer tataricum,4274443,SPECIES,ACCEPTED,Plantae,NA,220,213214221
38,Acer tataricum,7227181,SPECIES,ACCEPTED,Plantae,NA,196,213214221
39,Acer tataricum,7227181,NA,NA,NA,NA,196,213214221
40,Acer tataricum ginnala,NA,NA,NA,NA,NA,NA,152543370
41,Aceria brachytarsus,2294131,NA,NA,NA,NA,225,213214813
42,Aceria erinea,2128502,SPECIES,ACCEPTED,Animalia,NA,367,213214812
43,Aceria heteronyx,7606014,NA,NA,NA,NA,220,213214815
44,Aceria ilicis,4544661,SPECIES,ACCEPTED,Animalia,NA,367,213214809
45,Aceria tristriata,4544517,SPECIES,ACCEPTED,Animalia,NA,367,213214810
46,Acharia stimulea,9776414,SPECIES,ACCEPTED,Animalia,NA,216,213213938
47,Achatina achatina,3084949,NA,NA,NA,NA,220,213213472
48,Acheta domesticus,1718308,SPECIES,ACCEPTED,Animalia,"1718308: Acheta domesticus (Linnaeus, 1758)",216,152544342
49,Achillea ageratum,3120391,SPECIES,ACCEPTED,Plantae,NA,220,152544041
50,Achillea filipendulina,3120284,SPECIES,ACCEPTED,Plantae,3120284: Achillea filipendulina Lam.,220,152544042
51,Achillea nobilis,3120024,SPECIES,ACCEPTED,Plantae,3120024: Achillea nobilis L.,220,152544046
52,Achillea salicifolia,5240299,NA,NA,NA,NA,186,NA
53,Achillea salicifolia,3746867,NA,NA,NA,NA,7228684,NA
54,Achillea salicifolia,6156934,NA,NA,NA,NA,11418114,NA
55,Achillea salicifolia,5544928,NA,NA,NA,NA,220,NA
56,Achillea salicifolia,7757431,NA,NA,NA,NA,220,NA
57,Achillea salicifolia,7427650,NA,NA,NA,NA,220,NA
58,Achillea salicifolia,3663237,NA,NA,NA,NA,220,NA
59,Achillea salicifolia,8421432,NA,NA,NA,NA,220,NA
60,Achillea salicifolia,7219988,NA,NA,NA,NA,220,NA
61,Achillea salicifolia,7427741,NA,NA,NA,NA,220,NA
62,Achillea salicifolia,7223177,NA,NA,NA,NA,220,NA
63,Achillea salicifolia,7331861,NA,NA,NA,NA,220,NA
64,Achillea salicifolia salicifolia,NA,NA,NA,NA,NA,NA,152544039
65,Achillea setacea,7323341,NA,NA,NA,NA,220,152544045
66,Achnatherum bromoides,5548011,NA,NA,NA,NA,220,213212844
67,Achnatherum calamagrostis,4142326,SPECIES,ACCEPTED,Plantae,4142326: Achnatherum calamagrostis (L.) P.Beauv.,196,152546894
68,Acipenser baerii,4287131,SPECIES,ACCEPTED,Animalia,"4287131: Acipenser baerii Brandt, 1869",NA,152543465
69,Acipenser gueldenstaedtii,2402129,SPECIES,ACCEPTED,Animalia,"2402129: Acipenser gueldenstaedtii Brandt & Ratzeburg, 1833",NA,152543468
70,Acipenser ruthenus,2402168,SPECIES,ACCEPTED,Animalia,"2402168: Acipenser ruthenus Linnaeus, 1758",NA,152543470
71,Acmella,NA,NA,NA,NA,NA,NA,152544419
72,Acmella NA,7267631,NA,NA,NA,NA,220,NA
73,Acmella NA,7350944,NA,NA,NA,NA,220,NA
74,Acmella NA,4932232,NA,NA,NA,NA,196,NA
75,Acmella NA,7327959,NA,NA,NA,NA,220,NA
76,Acmella NA,7421129,NA,NA,NA,NA,196,NA
77,Acmella NA,7331861,NA,NA,NA,NA,220,NA
78,Acmella NA,5831060,NA,NA,NA,NA,220,NA
79,Acmella NA,7427741,NA,NA,NA,NA,220,NA
80,Acmella NA,5373483,NA,NA,NA,NA,220,NA
81,Acmella NA,8421432,NA,NA,NA,NA,220,NA
82,Acmella NA,7427650,NA,NA,NA,NA,220,NA
83,Acmella NA,5384332,NA,NA,NA,NA,220,NA
84,Acmella oleracea,7576335,NA,NA,NA,NA,220,152544421
85,Aconitum cammarum,7967494,SPECIES,ACCEPTED,Plantae,NA,220,213214387
86,Aconitum napellus,5384370,VARIETY,SYNONYM,Plantae,NA,220,NA
87,Aconitum napellus,3922770,VARIETY,SYNONYM,Plantae,NA,220,NA
88,Aconitum napellus,7427741,VARIETY,SYNONYM,Plantae,NA,220,NA
89,Aconitum napellus,7070211,VARIETY,SYNONYM,Plantae,NA,196,NA
90,Aconitum napellus,8381801,VARIETY,SYNONYM,Plantae,NA,220,NA
91,Aconitum napellus,8257546,VARIETY,SYNONYM,Plantae,NA,196,NA
92,Aconitum napellus,4270675,VARIETY,SYNONYM,Plantae,NA,196,NA
93,Aconitum napellus,4123394,VARIETY,SYNONYM,Plantae,NA,196,NA
94,Aconitum napellus,2914404,VARIETY,SYNONYM,Plantae,NA,220,NA
95,Aconitum napellus,8134874,VARIETY,SYNONYM,Plantae,NA,196,NA
96,Aconitum napellus,3596131,VARIETY,SYNONYM,Plantae,NA,220,NA
97,Aconitum napellus,4048052,VARIETY,SYNONYM,Plantae,NA,220,NA
98,Aconitum napellus,4270548,NA,NA,NA,NA,196,NA
99,Aconitum napellus giganteum,NA,NA,NA,NA,NA,NA,152546322
100,Acorus calamus,2873769,SPECIES,ACCEPTED,Plantae,2873769: Acorus calamus L.,196,152546592
101,Acridotheres cristatellus,2489010,SPECIES,ACCEPTED,Animalia,"2489010: Acridotheres cristatellus (Linnaeus, 1758)",212,159747261
102,Acridotheres ginginianus,2489004,SPECIES,ACCEPTED,Animalia,"2489004: Acridotheres ginginianus (Latham, 1790)",212,159747262
103,Acridotheres tristis,2489005,SPECIES,ACCEPTED,Animalia,"2489005: Acridotheres tristis (Linnaeus, 1766)",212,159747264
104,Actias selene,1865660,SPECIES,ACCEPTED,Animalia,NA,216,213213970
105,Actinidia deliciosa,2498104,NA,NA,NA,NA,212,152545803
106,Adelges abietis,2049661,SPECIES,ACCEPTED,Animalia,NA,216,213214036
107,Adelges cooleyi,2049732,SPECIES,ACCEPTED,Animalia,NA,216,213214034
108,Adelges laricis,2049722,SPECIES,ACCEPTED,Animalia,NA,216,213214035
109,Adenostyles alliariae,5341202,NA,NA,NA,NA,220,152543997
110,Adiantum aleuticum,2651843,SPECIES,ACCEPTED,Plantae,2651843: Adiantum aleuticum (Rupr.) C.A.Paris,7228684,152547208
111,Adiantum capillus-veneris,2651816,SPECIES,ACCEPTED,Plantae,2651816: Adiantum capillus-veneris L.,7228684,152547207
112,Adiantum raddianum,2651826,SPECIES,ACCEPTED,Plantae,2651826: Adiantum raddianum C.Presl,7228684,182133060
113,Adonis aestivalis,7987143,SUBSPECIES,ACCEPTED,Plantae,NA,216,NA
114,Adonis aestivalis,7277946,SUBSPECIES,ACCEPTED,Plantae,NA,220,NA
115,Adonis aestivalis,2717402,SUBSPECIES,ACCEPTED,Plantae,NA,196,NA
116,Adonis aestivalis,2914404,SUBSPECIES,ACCEPTED,Plantae,NA,220,NA
117,Adonis aestivalis,8134874,SUBSPECIES,ACCEPTED,Plantae,NA,196,NA
118,Adonis aestivalis,4219118,SUBSPECIES,ACCEPTED,Plantae,NA,220,NA
119,Adonis aestivalis,4115425,SUBSPECIES,ACCEPTED,Plantae,NA,196,NA
120,Adonis aestivalis,7222255,SUBSPECIES,ACCEPTED,Plantae,NA,220,NA
121,Adonis aestivalis,9391215,SUBSPECIES,ACCEPTED,Plantae,NA,11592253,NA
122,Adonis aestivalis,4132112,SUBSPECIES,ACCEPTED,Plantae,NA,196,NA
123,Adonis aestivalis,9405645,SUBSPECIES,ACCEPTED,Plantae,NA,220,NA
124,Adonis aestivalis,2443339,SUBSPECIES,ACCEPTED,Plantae,NA,11418114,NA
125,Adonis aestivalis,6420901,NA,NA,NA,NA,220,NA
126,Adonis aestivalis aestivalis,NA,NA,NA,NA,NA,NA,213214398
127,Adonis annua,5371709,SPECIES,ACCEPTED,Plantae,5371709: Adonis annua L.,220,152546325
128,Adonis flammea,8246651,SPECIES,ACCEPTED,Plantae,7809794: Adonis flammea var. flammea | 8246651: Adonis flammea Jacq.,220,152546324
129,Aedes albopictus,1651430,SPECIES,ACCEPTED,Animalia,"1651430: Aedes albopictus (Skuse, 1894)",216,152544321
130,Aedes japonicus,1652212,SPECIES,ACCEPTED,Animalia,"7346173: Aedes japonicus japonicus | 4519733: Ochlerotatus japonicus (Theobald, 1901) | 1652212: Aedes japonicus (Theobald, 1901) | 10094233: BOLD:AAC5210",216,152544324
131,Aedes koreicus,1652150,SPECIES,ACCEPTED,Animalia,"1652150: Aedes koreicus (Edwards, 1917) | 10007333: BOLD:ACB6413",216,152544327
132,Aegilops cylindrica,5289783,SPECIES,ACCEPTED,Plantae,5289783: Aegilops cylindrica Host,196,152546809
133,Aegilops geniculata,5289781,SPECIES,ACCEPTED,Plantae,5289781: Aegilops geniculata Roth,196,152546808
134,Aegilops triuncialis,3202936,NA,NA,NA,NA,8179345,152546807
135,Aegilops ventricosa,4485839,NA,NA,NA,NA,216,152546806
136,Aegopinella nitens,5959227,NA,NA,NA,NA,212,152543600
137,Aeluropus littoralis,7068732,NA,NA,NA,NA,220,152546909
138,Aeschynomene americana,5375105,NA,NA,NA,NA,220,152545230
139,Aeschynomene indica,4128792,NA,NA,NA,NA,196,152545231
140,Aesculus flava,3189824,SPECIES,ACCEPTED,Plantae,NA,220,213214214
141,Aesculus hippocastanum,3189815,SPECIES,ACCEPTED,Plantae,3189815: Aesculus hippocastanum L.,220,152543393
142,Aesculus indica,2874019,NA,NA,NA,NA,220,182133821
143,Aesculus parviflora,3189828,SPECIES,ACCEPTED,Plantae,3189828: Aesculus parviflora Walter,220,152543391
144,Aesculus pavia,3189807,SPECIES,ACCEPTED,Plantae,NA,220,213214218
145,Agama agama,4090836,NA,NA,NA,NA,220,182133795
146,Agapornis canus,2479555,SPECIES,ACCEPTED,Animalia,"2479555: Agapornis canus (Gmelin, 1788)",212,159747416
147,Agapornis fischeri,2479544,SPECIES,ACCEPTED,Animalia,"2479544: Agapornis fischeri Reichenow, 1887",212,159747412
148,Agapornis personatus,2479553,SPECIES,ACCEPTED,Animalia,"2479553: Agapornis personatus Reichenow, 1887",212,159747415
149,Agapornis roseicollis,7780342,NA,NA,NA,NA,220,159747414
150,Agastache rugosa,7307327,SPECIES,ACCEPTED,Plantae,7307327: Agastache rugosa (Fisch. & C.A.Mey.) Kuntze,220,152545698
151,Agave americana,2767031,SPECIES,ACCEPTED,Plantae,2767031: Agave americana L.,196,152546698
152,Ageratina altissima,5400552,SPECIES,ACCEPTED,Plantae,5400552: Ageratina altissima (L.) R.King & H.Rob.,220,152543827
153,Ageratum houstonianum,5401760,SPECIES,ACCEPTED,Plantae,5401760: Ageratum houstonianum Mill.,220,152543782
154,Agonoscena succincta,5342681,NA,NA,NA,NA,220,213214212
155,Agrimonia repens,3001978,SPECIES,ACCEPTED,Plantae,3001978: Agrimonia repens L.,220,152544872
156,Agropogon lutosus,4125930,SPECIES,ACCEPTED,Plantae,4125930: Agropogon lutosus (Poir.) P.Fourn.,196,152546919
157,Agropyron cristatum,2705196,SPECIES,ACCEPTED,Plantae,NA,196,213213050
158,Agrostemma brachyloba,3085366,SPECIES,ACCEPTED,Plantae,NA,220,213214996
159,Agrostis castellana,2706501,SPECIES,ACCEPTED,Plantae,2706501: Agrostis castellana Boiss. & Reut.,196,152547132
160,Agrostis dimorpholemma,4123912,SPECIES,ACCEPTED,Plantae,NA,196,213212993
161,Agrostis exarata,2706526,SPECIES,ACCEPTED,Plantae,2706526: Agrostis exarata Trin.,196,152547131
162,Agrostis fouilladeana,4122968,SPECIES,ACCEPTED,Plantae,4122968: Agrostis fouilladeana Lambinon & Verloove,196,NA
163,Agrostis nebulosa,4105744,NA,NA,NA,NA,196,152547133
164,Agrostis scabra,2706444,SPECIES,ACCEPTED,Plantae,2706444: Agrostis scabra Willd.,196,152547134
165,Aidemosyne modesta,6710856,NA,NA,NA,NA,196,213212759
166,Ailanthus altissima,3190653,SPECIES,ACCEPTED,Plantae,3190653: Ailanthus altissima (Mill.) Swingle,220,152543298
167,Aira caryophyllea,4154800,SUBSPECIES,SYNONYM,Plantae,NA,196,NA
168,Aira caryophyllea,6084799,SUBSPECIES,SYNONYM,Plantae,NA,196,NA
169,Aira caryophyllea,7308335,SUBSPECIES,SYNONYM,Plantae,NA,220,NA
170,Aira caryophyllea,2161911,SUBSPECIES,SYNONYM,Plantae,NA,367,NA
171,Aira caryophyllea,7332517,SUBSPECIES,SYNONYM,Plantae,NA,220,NA
172,Aira caryophyllea,7466434,SUBSPECIES,SYNONYM,Plantae,NA,220,NA
173,Aira caryophyllea,2176168,SUBSPECIES,SYNONYM,Plantae,NA,367,NA
174,Aira caryophyllea,10948891,SUBSPECIES,SYNONYM,Plantae,NA,220,NA
175,Aira caryophyllea,8358048,SUBSPECIES,SYNONYM,Plantae,NA,220,NA
176,Aira caryophyllea,3023671,SUBSPECIES,SYNONYM,Plantae,NA,220,NA
177,Aira caryophyllea,3040999,SUBSPECIES,SYNONYM,Plantae,NA,220,NA
178,Aira caryophyllea,7901010,SUBSPECIES,SYNONYM,Plantae,NA,220,NA
179,Aira caryophyllea,8257857,NA,NA,NA,NA,220,NA
180,Aira caryophyllea plesiantha,NA,NA,NA,NA,NA,NA,213213067
181,Aira elegans,8322034,NA,NA,NA,NA,196,213213069
182,Aix galericulata,2498388,SPECIES,ACCEPTED,Animalia,"2498388: Aix galericulata (Linnaeus, 1758)",212,152543211
183,Aix sponsa,2498387,SPECIES,ACCEPTED,Animalia,"2498387: Aix sponsa (Linnaeus, 1758)",212,152543210
184,Akebia quinata,3033965,SPECIES,ACCEPTED,Plantae,3033965: Akebia quinata (Houtt.) Decne.,220,152546382
185,Alcea rosea,5406789,SPECIES,ACCEPTED,Plantae,5406789: Alcea rosea L. | 8271405: Alcea rosea subsp. ficifolia (L.) Govaerts | 5406791: Alcea ficifolia L.,220,152546224
186,Alcea rugosa,5617467,SPECIES,ACCEPTED,Plantae,5617467: Alcea rugosa Alef.,220,152546225
187,Alchemilla conjuncta,5188774,NA,NA,NA,NA,NA,152544851
188,Alchemilla micans,3027791,SPECIES,ACCEPTED,Plantae,8067405: Alchemilla acutiloba var. micans (Buser) B.Bock | 3027791: Alchemilla micans Buser,220,152544850
189,Alchemilla mollis,3028528,SPECIES,ACCEPTED,Plantae,3028528: Alchemilla mollis (Buser) Rothm.,220,152544852
190,Alchemilla tytthantha,3028586,SPECIES,ACCEPTED,Plantae,NA,220,152544853
191,Aldrovanda vesiculosa,7670473,NA,NA,NA,NA,10689325,182135018
192,Alectoris barbara,2474045,SPECIES,ACCEPTED,Animalia,NA,212,213212630
193,Alectoris chukar,2474029,SPECIES,ACCEPTED,Animalia,"2474029: Alectoris chukar (J.E.Gray, 1830)",212,159747542
194,Alectoris graeca,2474055,SPECIES,ACCEPTED,Animalia,"2474055: Alectoris graeca (Meisner, 1804)",212,159747544
195,Alectoris rufa,2474051,SPECIES,ACCEPTED,Animalia,"2474051: Alectoris rufa (Linnaeus, 1758) | 7191077: Alectoris rufa rufa",212,159747541
196,Aleurodothrips fasciapennis,8323119,NA,NA,NA,NA,220,152544422
197,Aleurotuba jelinekii,7427542,SPECIES,ACCEPTED,Animalia,NA,216,213214222
198,Alisterus scapularis,2479925,SPECIES,ACCEPTED,Animalia,NA,212,213212897
199,Alkekengi officinarum,3797084,SPECIES,ACCEPTED,Plantae,NA,220,213213485
200,Alkekengi officinarum,9537212,VARIETY,ACCEPTED,Plantae,NA,220,213213485
201,Alkekengi officinarum,2464899,SPECIES,ACCEPTED,Plantae,NA,11592253,213213485
202,Alkekengi officinarum,2176168,SPECIES,ACCEPTED,Plantae,NA,367,213213485
203,Alkekengi officinarum,7358677,SPECIES,ACCEPTED,Plantae,NA,220,213213485
204,Alkekengi officinarum,7925720,SPECIES,ACCEPTED,Plantae,NA,220,213213485
205,Alkekengi officinarum,7271631,SPECIES,ACCEPTED,Plantae,NA,220,213213485
206,Alkekengi officinarum,4035024,SPECIES,ACCEPTED,Plantae,NA,220,213213485
207,Alkekengi officinarum,7266343,SPECIES,ACCEPTED,Plantae,NA,220,213213485
208,Alkekengi officinarum,5587240,SPECIES,ACCEPTED,Plantae,NA,220,213213485
209,Alkekengi officinarum,2202786,SPECIES,ACCEPTED,Plantae,NA,229,213213485
210,Alkekengi officinarum,12205713,SPECIES,ACCEPTED,Plantae,NA,196,213213485
211,Alkekengi officinarum,7302355,SPECIES,ACCEPTED,Plantae,NA,220,213213485
212,Alkekengi officinarum,6085036,NA,NA,NA,NA,196,213213485
213,Alkekengi officinarum franchetii,NA,NA,NA,NA,NA,NA,213213487
214,Allium ampeloprasum,2856037,SPECIES,ACCEPTED,Plantae,7668251: Allium porrum L. | 2856037: Allium ampeloprasum L.,196,159747172
215,Allium carinatum,2855968,SPECIES,ACCEPTED,Plantae,2855968: Allium carinatum L.,196,152546643
216,Allium cepa,2857697,SPECIES,ACCEPTED,Plantae,2857697: Allium cepa L.,196,152546651
217,Allium cristophii,2856780,SPECIES,ACCEPTED,Plantae,2856780: Allium cristophii Trautv.,196,182133276
218,Allium fistulosum,2856504,SPECIES,ACCEPTED,Plantae,NA,196,152546644
219,Allium hollandicum,2856920,SPECIES,ACCEPTED,Plantae,2856920: Allium hollandicum R.M.Fritsch,196,152546652
220,Allium karataviense,2856891,SPECIES,ACCEPTED,Plantae,2856891: Allium karataviense Regel,196,182133271
221,Allium lusitanicum,2855705,SPECIES,ACCEPTED,Plantae,2855705: Allium lusitanicum Lam.,196,152546641
222,Allium macleanii,2857679,SPECIES,ACCEPTED,Plantae,2857679: Allium macleanii Baker,196,152546650
223,Allium moly,2855825,SPECIES,ACCEPTED,Plantae,2855825: Allium moly L.,196,152546646
224,Allium nigrum,2855823,SPECIES,ACCEPTED,Plantae,2855823: Allium nigrum L.,196,152546647
225,Allium paradoxum,2857017,SPECIES,ACCEPTED,Plantae,NA,196,213212550
226,Allium pendulinum,2856456,SPECIES,ACCEPTED,Plantae,2856456: Allium pendulinum Ten.,196,152546642
227,Allium ramosum,2857449,SPECIES,ACCEPTED,Plantae,2857449: Allium ramosum L.,196,152546653
228,Allium roseum,2855893,SPECIES,ACCEPTED,Plantae,2855893: Allium roseum L.,196,152546648
229,Allium sativum,2856681,SPECIES,ACCEPTED,Plantae,NA,196,213212546
230,Allium schoenoprasum,2855860,SPECIES,ACCEPTED,Plantae,2855860: Allium schoenoprasum L.,196,152546649
231,Allium scorodoprasum,9177060,SPECIES,ACCEPTED,Plantae,9177060: Allium scorodoprasum L.,196,152546639
232,Allium siculum,2856204,SPECIES,ACCEPTED,Plantae,NA,196,213212551
233,Allium triquetrum,2856457,SPECIES,ACCEPTED,Plantae,2856457: Allium triquetrum L.,196,152546645
234,Allium zebdanense,2857341,SPECIES,ACCEPTED,Plantae,2857341: Allium zebdanense Boiss. & Noë,196,182133273
235,Allopeas clavulinum,3172127,NA,NA,NA,NA,220,157092291
236,Alnus cordata,2876607,SPECIES,ACCEPTED,Plantae,2876607: Alnus cordata (Loisel.) Duby,220,152546185
237,Alnus incana,9148577,SPECIES,ACCEPTED,Plantae,9148577: Alnus incana (L.) Moench | 7226596: Alnus incana subsp. incana,220,152546182
238,Alnus pubescens,2876571,SPECIES,ACCEPTED,Plantae,2876571: Alnus pubescens Tausch,220,152546184
239,Alnus spaethii,4097656,SPECIES,ACCEPTED,Plantae,4097656: Alnus spaethii Callier,220,152546183
240,Alonsoa linearis,7331548,SPECIES,ACCEPTED,Plantae,3724078: Alonsoa intermedia Lodd.,220,159749052
241,Alopecurus magellanicus,8034409,NA,NA,NA,NA,196,152547160
242,Alopochen aegyptiaca,2498252,SPECIES,ACCEPTED,Animalia,"2498252: Alopochen aegyptiaca (Linnaeus, 1766) | 2498253: Alopochen aegyptiacus (Linnaeus, 1766)",212,152543218
243,Alternanthera angustifolia,4274443,NA,NA,NA,NA,220,152545993
244,Alternanthera caracasana,4211074,NA,NA,NA,NA,220,152545997
245,Alternanthera denticulata,2725229,NA,NA,NA,NA,196,182135060
246,Alternanthera ficoidea,8160803,SPECIES,ACCEPTED,Plantae,NA,220,213214959
247,Alternanthera paronychioides,7227181,NA,NA,NA,NA,196,152545994
248,Alternanthera pungens,2723909,NA,NA,NA,NA,196,152545996
249,Alternanthera sessilis,3084939,SPECIES,ACCEPTED,Plantae,3084939: Alternanthera sessilis (L.) DC.,220,152545995
250,Althaea cannabina,3152519,SPECIES,ACCEPTED,Plantae,NA,220,213215332
251,Althaea hirsuta,3152521,SPECIES,ACCEPTED,Plantae,NA,220,213215333
252,Alyssum hirsutum,5289726,NA,NA,NA,NA,196,152545431
253,Alyssum montanum,3044912,SPECIES,ACCEPTED,Plantae,3044912: Alyssum montanum L.,220,152545430
254,Alyssum simplex,3045042,SPECIES,ACCEPTED,Plantae,3045042: Alyssum simplex Rudolphi,220,152545429
255,Alyssum strigosum,4115425,NA,NA,NA,NA,196,152545427
256,Alyssum turkestanicum,4250826,NA,NA,NA,NA,220,213214614
257,Amandava amandava,2493698,SPECIES,ACCEPTED,Animalia,"2493698: Amandava amandava (Linnaeus, 1758)",212,159747311
258,Amandava subflava,7223276,NA,NA,NA,NA,220,159747309
259,Amanita inopinata,2441533,NA,NA,NA,NA,11418114,213212319
260,Amaranthus albus,7905507,SPECIES,ACCEPTED,Plantae,7905507: Amaranthus albus L.,220,152545934
261,Amaranthus blitoides,5384395,SPECIES,ACCEPTED,Plantae,5384395: Amaranthus blitoides S.Watson,220,152545942
262,Amaranthus blitum,8911082,SPECIES,ACCEPTED,Plantae,8911082: Amaranthus blitum L. | 7323358: Amaranthus blitum subsp. blitum,220,152545932
263,Amaranthus bouchonii,5384361,SPECIES,ACCEPTED,Plantae,5384361: Amaranthus bouchonii Thell. | 7482462: Amaranthus hybridus subsp. bouchonii (Thell.) Bolòs & Vigo,220,152545947
264,Amaranthus capensis,2475679,NA,NA,NA,NA,212,NA
265,Amaranthus capensis,7332416,NA,NA,NA,NA,220,NA
266,Amaranthus capensis,12205713,NA,NA,NA,NA,196,NA
267,Amaranthus capensis,2706403,NA,NA,NA,NA,196,NA
268,Amaranthus capensis,2974921,NA,NA,NA,NA,220,NA
269,Amaranthus capensis,7225471,NA,NA,NA,NA,220,NA
270,Amaranthus capensis,7764312,NA,NA,NA,NA,220,NA
271,Amaranthus capensis,3922770,NA,NA,NA,NA,220,NA
272,Amaranthus capensis,5548724,NA,NA,NA,NA,220,NA
273,Amaranthus capensis,4273336,NA,NA,NA,NA,220,NA
274,Amaranthus capensis,4090836,NA,NA,NA,NA,220,NA
275,Amaranthus capensis,4104890,NA,NA,NA,NA,196,NA
276,Amaranthus capensis,2444141,NA,NA,NA,NA,11592253,NA
277,Amaranthus capensis,2453882,NA,NA,NA,NA,11592253,NA
278,Amaranthus capensis,6164210,NA,NA,NA,NA,359,NA
279,Amaranthus capensis,8991514,NA,NA,NA,NA,212,NA
280,Amaranthus capensis,3746867,NA,NA,NA,NA,7228684,NA
281,Amaranthus capensis,7427650,NA,NA,NA,NA,220,NA
282,Amaranthus capensis,7323906,NA,NA,NA,NA,220,NA
283,Amaranthus capensis,7223177,NA,NA,NA,NA,220,NA
284,Amaranthus capensis,7331861,NA,NA,NA,NA,220,NA
285,Amaranthus capensis,7267631,NA,NA,NA,NA,220,NA
286,Amaranthus capensis,10966302,NA,NA,NA,NA,196,NA
287,Amaranthus capensis capensis,NA,NA,NA,NA,NA,NA,152545940
288,Amaranthus capensis uncinatus,NA,NA,NA,NA,NA,NA,152545945
289,Amaranthus caudatus,6109611,SPECIES,ACCEPTED,Plantae,6109611: Amaranthus caudatus L.,220,152545936
290,Amaranthus clementii,2153791,NA,NA,NA,NA,367,152545946
291,Amaranthus crispus,5384341,SPECIES,ACCEPTED,Plantae,5384341: Amaranthus crispus (Lesp. & Thévenau) N.Terracc.,220,152545958
292,Amaranthus cruentus,5384390,SPECIES,ACCEPTED,Plantae,5384390: Amaranthus cruentus L. | 5547889: Amaranthus hybridus var. chlorostachys (Willd.) Thell. | 7695818: Amaranthus hybridus subsp. cruentus (L.) Thell.,220,152545954
293,Amaranthus deflexus,5384396,SPECIES,ACCEPTED,Plantae,5384396: Amaranthus deflexus L.,220,152545941
294,Amaranthus emarginatus,2480317,NA,NA,NA,NA,212,NA
295,Amaranthus emarginatus,7225456,NA,NA,NA,NA,220,NA
296,Amaranthus emarginatus,7277946,NA,NA,NA,NA,220,NA
297,Amaranthus emarginatus,4273336,NA,NA,NA,NA,220,NA
298,Amaranthus emarginatus,8429888,NA,NA,NA,NA,196,NA
299,Amaranthus emarginatus,8918909,NA,NA,NA,NA,196,NA
300,Amaranthus emarginatus,6076279,NA,NA,NA,NA,220,NA
301,Amaranthus emarginatus,5544928,NA,NA,NA,NA,220,NA
302,Amaranthus emarginatus,5831060,NA,NA,NA,NA,220,NA
303,Amaranthus emarginatus,7267631,NA,NA,NA,NA,220,NA
304,Amaranthus emarginatus,4123394,NA,NA,NA,NA,196,NA
305,Amaranthus emarginatus,7190901,NA,NA,NA,NA,11418114,NA
306,Amaranthus emarginatus emarginatus,NA,NA,NA,NA,NA,NA,213214941
307,Amaranthus graecizans,5384373,SPECIES,ACCEPTED,Plantae,5384373: Amaranthus graecizans L. | 7826322: Amaranthus graecizans subsp. silvestris (Vill.) Brenan,220,152545952
308,Amaranthus hybridus,5384364,SPECIES,ACCEPTED,Plantae,5384364: Amaranthus hybridus L. | 7323184: Amaranthus hybridus var. hybridus | 5547885: Amaranthus hybridus var. erythrostachys Moq. | 7323185: Amaranthus hybridus subsp. hybridus,220,152545950
309,Amaranthus hypochondriacus,9080185,SPECIES,ACCEPTED,Plantae,9080185: Amaranthus hypochondriacus L.,220,152545931
310,Amaranthus macrocarpus,3757189,NA,NA,NA,NA,220,NA
311,Amaranthus macrocarpus,3757050,NA,NA,NA,NA,220,NA
312,Amaranthus macrocarpus,11794300,NA,NA,NA,NA,220,NA
313,Amaranthus macrocarpus,7066596,NA,NA,NA,NA,220,NA
314,Amaranthus macrocarpus,4273336,NA,NA,NA,NA,220,NA
315,Amaranthus macrocarpus,7295374,NA,NA,NA,NA,220,NA
316,Amaranthus macrocarpus,8429888,NA,NA,NA,NA,196,NA
317,Amaranthus macrocarpus,7226804,NA,NA,NA,NA,196,NA
318,Amaranthus macrocarpus,7225712,NA,NA,NA,NA,220,NA
319,Amaranthus macrocarpus,2769073,NA,NA,NA,NA,196,NA
320,Amaranthus macrocarpus,7332416,NA,NA,NA,NA,220,NA
321,Amaranthus macrocarpus,3746867,NA,NA,NA,NA,7228684,NA
322,Amaranthus macrocarpus,5373483,NA,NA,NA,NA,220,NA
323,Amaranthus macrocarpus,7219988,NA,NA,NA,NA,220,NA
324,Amaranthus macrocarpus,7350944,NA,NA,NA,NA,220,NA
325,Amaranthus macrocarpus,7267631,NA,NA,NA,NA,220,NA
326,Amaranthus macrocarpus,8925248,NA,NA,NA,NA,220,NA
327,Amaranthus macrocarpus,2914404,NA,NA,NA,NA,220,NA
328,Amaranthus macrocarpus,4248063,NA,NA,NA,NA,220,NA
329,Amaranthus macrocarpus,4048052,NA,NA,NA,NA,220,NA
330,Amaranthus macrocarpus,7308043,NA,NA,NA,NA,220,NA
331,Amaranthus macrocarpus,9391215,NA,NA,NA,NA,11592253,NA
332,Amaranthus macrocarpus,3935202,NA,NA,NA,NA,220,NA
333,Amaranthus macrocarpus macrocarpus,NA,NA,NA,NA,NA,NA,152545937
334,Amaranthus macrocarpus pallidus,NA,NA,NA,NA,NA,NA,213214939
335,Amaranthus mitchellii,7323810,SPECIES,ACCEPTED,Plantae,7323810: Amaranthus mitchellii Benth.,220,152545938
336,Amaranthus muricatus,3757457,NA,NA,NA,NA,220,152545956
337,Amaranthus ozanonii,3083921,NA,NA,NA,NA,220,152545933
338,Amaranthus palmeri,5384393,SPECIES,ACCEPTED,Plantae,5384393: Amaranthus palmeri S.Watson,220,152545953
339,Amaranthus polygonoides,6156934,NA,NA,NA,NA,11418114,152545957
340,Amaranthus powellii,5384359,SPECIES,ACCEPTED,Plantae,NA,220,213214940
341,Amaranthus quitensis,7323711,SPECIES,ACCEPTED,Plantae,7323711: Amaranthus quitensis Kunth,220,152545939
342,Amaranthus ralletii,7975549,SPECIES,ACCEPTED,Plantae,NA,220,182135052
343,Amaranthus retroflexus,6109534,SPECIES,ACCEPTED,Plantae,6109534: Amaranthus retroflexus L.,220,152545935
344,Amaranthus scleropoides,3084748,NA,NA,NA,NA,220,152545949
345,Amaranthus spinosus,5384401,SPECIES,ACCEPTED,Plantae,5384401: Amaranthus spinosus L.,220,152545943
346,Amaranthus standleyanus,5548401,SPECIES,ACCEPTED,Plantae,5548401: Amaranthus standleyanus Parodi ex Covas,220,152545944
347,Amaranthus thunbergii,5384383,SPECIES,ACCEPTED,Plantae,5384383: Amaranthus thunbergii Moq.,220,152545951
348,Amaranthus tuberculatus,5384347,SPECIES,ACCEPTED,Plantae,5384345: Amaranthus rudis J.D.Sauer | 5384346: Amaranthus tamariscinus Nutt. | 5384347: Amaranthus tuberculatus (Moq.) Sauer,220,213214942
349,Amaranthus viridis,5384334,SPECIES,ACCEPTED,Plantae,5384334: Amaranthus viridis L.,220,152545955
350,Amaranthus ×ralletii,7975549,SPECIES,ACCEPTED,Plantae,7975549: Amaranthus ×ralletii Contré,220,NA
351,Amaurobius erberi,2141622,SPECIES,ACCEPTED,Animalia,NA,367,213214681
352,Amazona amazonica,2479666,SPECIES,ACCEPTED,Animalia,"2479666: Amazona amazonica (Linnaeus, 1766)",212,159747426
353,Amazona ochrocephala,2479612,SPECIES,ACCEPTED,Animalia,"2479612: Amazona ochrocephala (Gmelin, 1788)",212,159747425
354,Amazonetta brasiliensis,2498411,SPECIES,ACCEPTED,Animalia,"2498411: Amazonetta brasiliensis (Gmelin, 1789)",212,159747092
355,Amberboa moschata,7323906,NA,NA,NA,NA,220,152544016
356,Ambigolimax valentianus,8014163,SPECIES,ACCEPTED,Animalia,"8014163: Ambigolimax valentianus (A.Férussac, 1821)",225,156872903
357,Amblonyx cinereus,5218899,SPECIES,ACCEPTED,Animalia,NA,359,213212318
358,Ambrosia artemisiifolia,8002952,SPECIES,ACCEPTED,Plantae,8002952: Ambrosia artemisiifolia L. | 3110599: Ambrosia elatior L.,220,152544211
359,Ambrosia psilostachya,3110686,SPECIES,ACCEPTED,Plantae,3110689: Ambrosia coronopifolia Torr. & A.Gray | 3110686: Ambrosia psilostachya DC.,220,152544215
360,Ambrosia trifida,3110588,SPECIES,ACCEPTED,Plantae,3110588: Ambrosia trifida L.,220,152544217
361,Ambystoma macrodactylum,2431965,SPECIES,ACCEPTED,Animalia,"2431965: Ambystoma macrodactylum Baird, 1850",131,182133522
362,Ambystoma tigrinum,3937506,NA,NA,NA,NA,220,213213247
363,Ameiurus melas,2340977,SPECIES,ACCEPTED,Animalia,"2340980: Ameirus melas (Rafinesque, 1820)",NA,152543496
364,Ameiurus nebulosus,2340989,SPECIES,ACCEPTED,Animalia,"2340989: Ameiurus nebulosus (Lesueur, 1819)",NA,152543498
365,Amelanchier humilis,3023903,SPECIES,ACCEPTED,Plantae,NA,220,213215699
366,Amelanchier lamarckii,3024109,SPECIES,ACCEPTED,Plantae,NA,220,152544815
367,Amelanchier spicata,3023852,SPECIES,ACCEPTED,Plantae,3023852: Amelanchier spicata (Lam.) K.Koch,220,NA
368,Amelanchier ×lamarckii,3024109,SPECIES,ACCEPTED,Plantae,3024109: Amelanchier ×lamarckii F.G.Schroed.,220,NA
369,Amethystea caerulea,4930999,SPECIES,ACCEPTED,Plantae,NA,220,152545725
370,Ammannia coccinea,3188711,SPECIES,ACCEPTED,Plantae,3188711: Ammannia coccinea Rottb.,220,152543399
371,Ammi majus,3034182,SPECIES,ACCEPTED,Plantae,3034182: Ammi majus L.,220,152544629
372,Ammobium alatum,3133446,SPECIES,ACCEPTED,Plantae,NA,220,213215055
373,Ammothea hilgendorfi,5166760,SPECIES,ACCEPTED,Animalia,NA,354,159747985
374,Amorpha fruticosa,5357407,SPECIES,ACCEPTED,Plantae,5357407: Amorpha fruticosa L.,220,152545041
375,Ampelopsis glandulosa,7293727,SPECIES,ACCEPTED,Plantae,NA,220,213213596
376,Amphiachyris dracunculoides,3110041,SPECIES,ACCEPTED,Plantae,3110041: Amphiachyris dracunculoides (DC.) Nutt.,220,152544292
377,Amphiareus obscuriceps,4487243,SPECIES,ACCEPTED,Animalia,NA,216,213214246
378,Amphibalanus amphitrite,4805564,SPECIES,ACCEPTED,Animalia,NA,203,152544017
379,Amphibalanus improvisus,6467647,SPECIES,ACCEPTED,Animalia,"2115717: Balanus improvisus Darwin, 1854",203,152544015
380,Amphibalanus reticulatus,1013526,NA,NA,NA,NA,361,152544011
381,Amphibalanus variegatus,7331861,NA,NA,NA,NA,220,159748086
382,Amphibromus recurvatus,4105652,SPECIES,ACCEPTED,Plantae,NA,196,152547162
383,Amphitomeus attemsi,1014565,SPECIES,ACCEPTED,Animalia,NA,361,213214601
384,Amsinckia eastwoodiae,2925879,SPECIES,ACCEPTED,Plantae,NA,220,152545535
385,Amsinckia lycopsoides,8386733,SPECIES,DOUBTFUL,Plantae,8386733: Amsinckia lycopsoides Lehm. ex Fisch. & C.A.Mey.,220,213214082
386,Amsinckia lycopsoides,8386733,SPECIES,DOUBTFUL,Plantae,8386733: Amsinckia lycopsoides Lehm. ex Fisch. & C.A.Mey.,220,152545534
387,Amsinckia menziesii,2925870,SPECIES,ACCEPTED,Plantae,4058401: Amsinckia micrantha Suksd. | 2925870: Amsinckia menziesii (Lehm.) A.Nelson & J.F.Macbr. | 6395044: Amsinckia menziesii var. menziesii,220,159748558
388,Amsinckia menziesii,2713519,SPECIES,ACCEPTED,Plantae,NA,196,159748558
389,Amsinckia menziesii,8421432,SPECIES,ACCEPTED,Plantae,NA,220,159748558
390,Amsinckia menziesii,2717402,SPECIES,ACCEPTED,Plantae,NA,196,159748558
391,Amsinckia menziesii,8925248,SPECIES,ACCEPTED,Plantae,NA,220,159748558
392,Amsinckia menziesii,8338571,SPECIES,ACCEPTED,Plantae,NA,196,159748558
393,Amsinckia menziesii,5224543,SPECIES,ACCEPTED,Plantae,NA,11592253,159748558
394,Amsinckia menziesii,7308335,SPECIES,ACCEPTED,Plantae,NA,220,159748558
395,Amsinckia menziesii,7332517,SPECIES,ACCEPTED,Plantae,NA,220,159748558
396,Amsinckia menziesii,5581279,SPECIES,ACCEPTED,Plantae,NA,220,159748558
397,Amsinckia menziesii,7925720,SPECIES,ACCEPTED,Plantae,NA,220,159748558
398,Amsinckia menziesii,7272185,SPECIES,ACCEPTED,Plantae,NA,220,159748558
399,Amsinckia menziesii,7226776,NA,NA,NA,NA,196,159748558
400,Amsinckia menziesii intermedia,NA,NA,NA,NA,NA,NA,213214087
401,Amsinckia tessellata,2925877,SPECIES,ACCEPTED,Plantae,NA,220,152545536
402,Anacridium aegyptium,1702101,SPECIES,ACCEPTED,Animalia,"1702101: Anacridium aegyptium (Linnaeus, 1764)",216,152544369
403,Anacyclus clavatus,3148589,SPECIES,ACCEPTED,Plantae,3148589: Anacyclus clavatus (Desf.) Pers.,220,152543868
404,Anacyclus radiatus,3148560,SPECIES,ACCEPTED,Plantae,3148560: Anacyclus radiatus Loisel.,220,152543870
405,Anacyclus valentinus,3148548,SPECIES,ACCEPTED,Plantae,3148548: Anacyclus valentinus L.,220,152543867
406,Anaphalis margaritacea,4926336,SPECIES,ACCEPTED,Plantae,4926336: Anaphalis margaritacea (L.) Benth.,220,152543982
407,Anaphalis triplinervis,3136929,SPECIES,ACCEPTED,Plantae,3136929: Anaphalis triplinervis (Sims) C.B.Clarke,220,152543986
408,Anarrhinum bellidifolium,8114833,SPECIES,ACCEPTED,Plantae,NA,220,152545635
409,Anas americana,2498154,SPECIES,ACCEPTED,Animalia,"2498155: Mareca americana (Gmelin, 1789) | 2498154: Anas americana Gmelin, 1789",212,NA
410,Anas bahamensis,2498090,SPECIES,ACCEPTED,Animalia,"2498090: Anas bahamensis Linnaeus, 1758",212,159747010
411,Anas capensis,2498094,SPECIES,ACCEPTED,Animalia,"2498094: Anas capensis Gmelin, 1789",212,159747012
412,Anas castanea,2498097,SPECIES,ACCEPTED,Animalia,"2498097: Anas castanea (Eyton, 1838)",212,159747023
413,Anas cyanoptera,2498139,SPECIES,ACCEPTED,Animalia,"2498139: Anas cyanoptera Vieillot, 1816 | 9345027: Spatula cyanoptera (Vieillot, 1816)",212,NA
414,Anas erythrorhyncha,2498064,SPECIES,ACCEPTED,Animalia,"2498064: Anas erythrorhyncha Gmelin, 1789",212,159747013
415,Anas falcata,2498096,SPECIES,ACCEPTED,Animalia,"9480191: Mareca falcata (Georgi, 1775) | 2498096: Anas falcata Georgi, 1775",212,NA
416,Anas flavirostris,2498065,SPECIES,ACCEPTED,Animalia,"2498065: Anas flavirostris Vieillot, 1816",212,159747014
417,Anas formosa,2498107,SPECIES,ACCEPTED,Animalia,"9235549: Sibirionetta formosa (Georgi, 1775) | 2498107: Anas formosa Georgi, 1775",212,NA
418,Anas gibberifrons,7998563,NA,NA,NA,NA,196,159747024
419,Anas hottentota,2498071,SPECIES,ACCEPTED,Animalia,"9496048: Spatula hottentota (Eyton, 1838)",212,NA
420,Anas laysanensis,5200414,NA,NA,NA,NA,356,159747018
421,Anas luzonica,2498108,SPECIES,ACCEPTED,Animalia,"2498108: Anas luzonica Fraser, 1839",212,159747016
422,Anas poecilorhyncha,9450106,SPECIES,ACCEPTED,Animalia,"9450106: Anas poecilorhyncha J.R.Forster, 1781",212,159747005
423,Anas puna,2498131,SPECIES,ACCEPTED,Animalia,"9583342: Spatula puna (Tschudi, 1844)",212,NA
424,Anas rhynchotis,2498145,SPECIES,ACCEPTED,Animalia,"9288935: Spatula rhynchotis (Latham, 1801)",212,NA
425,Anas sibilatrix,2498110,SPECIES,ACCEPTED,Animalia,"2498110: Anas sibilatrix Poeppig, 1829 | 9508460: Mareca sibilatrix (Poeppig, 1829)",212,NA
426,Anas superciliosa,2498084,SPECIES,ACCEPTED,Animalia,"2498084: Anas superciliosa Gmelin, 1789",212,159747008
427,Anas undulata,2498156,SPECIES,ACCEPTED,Animalia,"2498156: Anas undulata C.F.Dubois, 1839",212,159747028
428,Anas versicolor,2498114,SPECIES,ACCEPTED,Animalia,"2498114: Anas versicolor Vieillot, 1816 | 9305555: Spatula versicolor (Vieillot, 1816)",212,NA
429,Anas zonorhyncha,3190845,NA,NA,NA,NA,220,213212687
430,Anastomus lamelligerus,5229411,SPECIES,ACCEPTED,Animalia,"5229411: Anastomus lamelligerus Temminck, 1823",212,159747354
431,Anchusa azurea,5341198,SPECIES,ACCEPTED,Plantae,5341198: Anchusa azurea Mill.,220,152545495
432,Anchusa ochroleuca,5662089,SPECIES,ACCEPTED,Plantae,NA,220,152545494
433,Anchusa officinalis,7295374,SUBSPECIES,ACCEPTED,Plantae,7295374: Anchusa officinalis subsp. officinalis,220,213214148
434,Anchusa officinalis,7282357,SPECIES,ACCEPTED,Plantae,NA,220,213214148
435,Anchusa officinalis,4048052,SPECIES,ACCEPTED,Plantae,NA,220,213214148
436,Anchusa officinalis,7740944,SPECIES,ACCEPTED,Plantae,NA,220,213214148
437,Anchusa officinalis,7420522,SPECIES,ACCEPTED,Plantae,NA,220,213214148
438,Anchusa officinalis,5825913,SPECIES,ACCEPTED,Plantae,NA,194,213214148
439,Anchusa officinalis,3023671,SPECIES,ACCEPTED,Plantae,NA,220,213214148
440,Anchusa officinalis,7415922,SPECIES,ACCEPTED,Plantae,NA,220,213214148
441,Anchusa officinalis,4250676,SPECIES,ACCEPTED,Plantae,NA,220,213214148
442,Anchusa officinalis,6313049,SPECIES,ACCEPTED,Plantae,NA,196,213214148
443,Anchusa officinalis,7222196,SPECIES,ACCEPTED,Plantae,NA,220,213214148
444,Anchusa officinalis,8782549,NA,NA,NA,NA,11592253,213214148
445,Anchusa officinalis officinalis,NA,NA,NA,NA,NA,NA,152545493
446,Anchusa procera,5621983,NA,NA,NA,NA,220,152545492
447,Anchusa thessala,5661914,SPECIES,ACCEPTED,Plantae,NA,220,213214145
448,Andrachne telephioides,3079631,SPECIES,ACCEPTED,Plantae,NA,220,152546459
449,Andricus aries,4497180,SPECIES,ACCEPTED,Animalia,NA,216,213213896
450,Andricus corruptrix,4497120,SPECIES,ACCEPTED,Animalia,NA,216,213213894
451,Andricus gemmeus,4496973,SPECIES,ACCEPTED,Animalia,NA,216,213213890
452,Andricus grossulariae,1309606,SPECIES,ACCEPTED,Animalia,NA,216,213213891
453,Andricus kollari,1309600,SPECIES,ACCEPTED,Animalia,NA,216,213213897
454,Andricus lignicolus,4497054,SPECIES,ACCEPTED,Animalia,NA,216,213213893
455,Andricus quercuscalicis,4497124,SPECIES,ACCEPTED,Animalia,NA,216,213213895
456,Androsace maxima,3169329,SPECIES,ACCEPTED,Plantae,3169329: Androsace maxima L.,220,152545825
457,Andryala integrifolia,3105508,SPECIES,ACCEPTED,Plantae,3105508: Andryala integrifolia L.,220,182134934
458,Anemonastrum canadense,9419395,SPECIES,ACCEPTED,Plantae,NA,220,213214404
459,Anemone apennina,3927746,SPECIES,ACCEPTED,Plantae,3922062: Anemonoides apennina (L.) Holub | 3927746: Anemone apennina L.,220,152546340
460,Anemone blanda,3033242,SPECIES,ACCEPTED,Plantae,3922048: Anemonoides blanda (Schott & Kotschy) Holub | 3033242: Anemone blanda Schott & Kotschy,220,152546343
461,Anemone coronaria,3033261,SPECIES,ACCEPTED,Plantae,3033261: Anemone coronaria L.,220,152546344
462,Anemone sylvestris,3922888,SPECIES,ACCEPTED,Plantae,3922888: Anemone sylvestris L.,220,152546341
463,Anethum graveolens,3034646,SPECIES,ACCEPTED,Plantae,3034646: Anethum graveolens L.,220,152544635
464,Anethum ridolfia,11921804,SPECIES,ACCEPTED,Plantae,NA,220,213215292
465,Angelica archangelica,5371808,SPECIES,ACCEPTED,Plantae,5371808: Angelica archangelica L.,220,152544535
466,Anguillicola crassus,2705391,NA,NA,NA,NA,196,213213694
467,Anisocampium niponicum,8241853,SPECIES,ACCEPTED,Plantae,"8241853: Anisocampium niponicum (Mett.) Yea C.Liu, W.L.Chiou & M.Kato",7228684,152547195
468,Anoda cristata,3152493,SPECIES,ACCEPTED,Plantae,3152493: Anoda cristata (L.) Schltdl.,220,152546239
469,Anolis,NA,NA,NA,NA,NA,NA,182133725
470,Anolis NA,4274443,NA,NA,NA,NA,220,NA
471,Anolis NA,7068845,NA,NA,NA,NA,220,NA
472,Anolis NA,4273336,NA,NA,NA,NA,220,NA
473,Anolis NA,7066596,NA,NA,NA,NA,220,NA
474,Anolis NA,2706403,NA,NA,NA,NA,196,NA
475,Anolis NA,3047633,NA,NA,NA,NA,220,NA
476,Anolis NA,4035024,NA,NA,NA,NA,220,NA
477,Anolis NA,7925720,NA,NA,NA,NA,220,NA
478,Anolis NA,2447418,NA,NA,NA,NA,11592253,NA
479,Anolis NA,6300531,NA,NA,NA,NA,220,NA
480,Anolis NA,7740944,NA,NA,NA,NA,220,NA
481,Anolis NA,4145671,NA,NA,NA,NA,196,NA
482,Anolis sagrei,4145354,NA,NA,NA,NA,196,182133728
483,Anopheles pharoensis,1650106,SPECIES,ACCEPTED,Animalia,"1650106: Anopheles pharoensis Theobald, 1901",216,152544332
484,Anoplophora chinensis,4143912,NA,NA,NA,NA,196,152544536
485,Anoplophora glabripennis,7572133,SPECIES,ACCEPTED,Animalia,"7572133: Anoplophora glabripennis (Motschulsky, 1854)",216,152544533
486,Anser caerulescens,2498167,SPECIES,ACCEPTED,Animalia,NA,212,213212665
487,Anser canagicus,2498163,SPECIES,ACCEPTED,Animalia,NA,212,213212663
488,Anser cygnoides,2498034,SPECIES,ACCEPTED,Animalia,"9576332: Anser cygnoides f. domesticus | 2498034: Anser cygnoides (Linnaeus, 1758)",212,159747106
489,Anser indicus,2498035,SPECIES,ACCEPTED,Animalia,"2498035: Anser indicus (Latham, 1790)",212,152543235
490,Anser rossii,2498161,SPECIES,ACCEPTED,Animalia,NA,212,213212662
491,Antaresia childreni,8427207,NA,NA,NA,NA,367,182133789
492,Anthemis ruthenica,3102823,SPECIES,ACCEPTED,Plantae,3102823: Anthemis ruthenica M.Bieb.,220,152544308
493,Anthophila nemorana,5123474,SPECIES,ACCEPTED,Animalia,NA,216,213214005
494,Anthosachne scabra,4134265,SPECIES,ACCEPTED,Plantae,NA,196,159747527
495,Anthoxanthum aristatum,2705972,SPECIES,ACCEPTED,Plantae,2705972: Anthoxanthum aristatum Boiss.,196,152547011
496,Anthoxanthum nitens,2703346,SPECIES,ACCEPTED,Plantae,2703336: Hierochloe odorata (L.) P.Beauv. | 2703346: Anthoxanthum nitens (Weber) Y.Schouten & Veldkamp,196,152547012
497,Anthrenocerus australis,4427283,SPECIES,ACCEPTED,Animalia,NA,216,213214316
498,Anthrenus angustefasciatus,4427319,SPECIES,ACCEPTED,Animalia,NA,216,213214319
499,Anthriscus cerefolium,5371746,SPECIES,ACCEPTED,Plantae,5371746: Anthriscus cerefolium (L.) Hoffm. | 7851664: Cerefolium cerefolium (L.) Schinz & Thell.,220,152544543
500,Anthropoides paradiseus,4934102,NA,NA,NA,NA,220,159747497
501,Anthropoides virgo,2474936,SPECIES,ACCEPTED,Animalia,"5789355: Grus virgo (Linnaeus, 1758)",212,159747498
502,Anthyllis vulneraria,5352425,SUBSPECIES,ACCEPTED,Plantae,5352425: Anthyllis vulneraria subsp. carpatica (Pant.) Nyman | 11318069: Anthyllis vulneraria subsp. pseudovulneraria (Sagorski) Cullen | 5627160: Anthyllis vulneraria subsp. pseudovulneraria (Sagorski) J.Duvign.,220,NA
503,Anthyllis vulneraria,3048288,SUBSPECIES,ACCEPTED,Plantae,NA,220,NA
504,Anthyllis vulneraria,3048532,SUBSPECIES,ACCEPTED,Plantae,NA,220,NA
505,Anthyllis vulneraria,2176168,SUBSPECIES,ACCEPTED,Plantae,NA,367,NA
506,Anthyllis vulneraria,7455425,SUBSPECIES,ACCEPTED,Plantae,NA,220,NA
507,Anthyllis vulneraria,2457378,SUBSPECIES,ACCEPTED,Plantae,NA,11592253,NA
508,Anthyllis vulneraria,4194303,SUBSPECIES,ACCEPTED,Plantae,NA,220,NA
509,Anthyllis vulneraria,7415922,SUBSPECIES,ACCEPTED,Plantae,NA,220,NA
510,Anthyllis vulneraria,4036350,SUBSPECIES,ACCEPTED,Plantae,NA,220,NA
511,Anthyllis vulneraria,6157026,SUBSPECIES,ACCEPTED,Plantae,NA,11418114,NA
512,Anthyllis vulneraria,7062200,SUBSPECIES,ACCEPTED,Plantae,NA,11418114,NA
513,Anthyllis vulneraria,2974921,SUBSPECIES,ACCEPTED,Plantae,NA,220,NA
514,Anthyllis vulneraria,7225471,SUBSPECIES,ACCEPTED,Plantae,NA,220,NA
515,Anthyllis vulneraria,4273336,SUBSPECIES,ACCEPTED,Plantae,NA,220,NA
516,Anthyllis vulneraria,7295374,SUBSPECIES,ACCEPTED,Plantae,NA,220,NA
517,Anthyllis vulneraria,2444141,SUBSPECIES,ACCEPTED,Plantae,NA,11592253,NA
518,Anthyllis vulneraria,2453882,SUBSPECIES,ACCEPTED,Plantae,NA,11592253,NA
519,Anthyllis vulneraria,7332416,SUBSPECIES,ACCEPTED,Plantae,NA,220,NA
520,Anthyllis vulneraria,3746867,SUBSPECIES,ACCEPTED,Plantae,NA,7228684,NA
521,Anthyllis vulneraria,7223177,SUBSPECIES,ACCEPTED,Plantae,NA,220,NA
522,Anthyllis vulneraria,7331861,SUBSPECIES,ACCEPTED,Plantae,NA,220,NA
523,Anthyllis vulneraria,3065244,SUBSPECIES,ACCEPTED,Plantae,NA,220,NA
524,Anthyllis vulneraria,4123394,SUBSPECIES,ACCEPTED,Plantae,NA,196,NA
525,Anthyllis vulneraria,8338571,NA,NA,NA,NA,196,NA
526,Anthyllis vulneraria,4115425,NA,NA,NA,NA,196,NA
527,Anthyllis vulneraria carpatica,NA,NA,NA,NA,NA,NA,152545106
528,Anthyllis vulneraria polyphylla,NA,NA,NA,NA,NA,NA,152545105
529,Antigone vipio,1419894,NA,NA,NA,NA,216,213213020
530,Antirrhinum graniticum,7581174,NA,NA,NA,NA,205,152545687
531,Antirrhinum majus,3172001,SPECIES,ACCEPTED,Plantae,3172001: Antirrhinum majus L.,220,152545688
532,Apalone,NA,NA,NA,NA,NA,NA,182133882
533,Apalone NA,2442664,GENUS,ACCEPTED,Animalia,NA,11418114,NA
534,Apalone NA,2442664,GENUS,ACCEPTED,Animalia,NA,11418114,NA
535,Apalone ferox,3065244,NA,NA,NA,NA,220,182133884
536,Apera intermedia,5676903,SPECIES,ACCEPTED,Plantae,5676903: Apera intermedia Hack.,196,152546878
537,Apera interrupta,5289643,SPECIES,ACCEPTED,Plantae,5289643: Apera interrupta (L.) P.Beauv.,196,152546879
538,Aphanomyces astaci,2155807,NA,NA,NA,NA,367,152543102
539,Aphelonyx cerricola,1309635,SPECIES,DOUBTFUL,Animalia,NA,216,213213886
540,Aplidium glabrum,2330928,SPECIES,ACCEPTED,Animalia,"2330928: Aplidium glabrum (Verrill, 1871)",356,159747732
541,Apodiphus amygdali,5401239,NA,NA,NA,NA,220,213214179
542,Aponogeton distachyos,5328593,SPECIES,ACCEPTED,Plantae,5328593: Aponogeton distachyos L.f.,196,152546557
543,Aproceros leucopoda,8599762,SPECIES,ACCEPTED,Animalia,"8599762: Aproceros leucopoda Takeuchi, 1939",216,152544465
544,Aquila rapax,2480514,SPECIES,ACCEPTED,Animalia,"2480514: Aquila rapax (Temminck, 1828)",212,159747123
545,Ara ararauna,5959231,SPECIES,ACCEPTED,Animalia,"5959231: Ara ararauna (Linnaeus, 1758)",212,159747364
546,Ara macao,2988040,NA,NA,NA,NA,220,159747363
547,Ara severus,5959228,SPECIES,ACCEPTED,Animalia,NA,212,213212899
548,Arabidopsis arenosa,7068732,SUBSPECIES,ACCEPTED,Plantae,7292249: Cardaminopsis arenosa subsp. arenosa | 7525204: Cardaminopsis arenosa var. peregrina Lawalrée | 7068732: Arabidopsis arenosa subsp. arenosa,220,NA
549,Arabidopsis arenosa,6432925,SUBSPECIES,ACCEPTED,Plantae,NA,220,NA
550,Arabidopsis arenosa,3040999,SUBSPECIES,ACCEPTED,Plantae,NA,220,NA
551,Arabidopsis arenosa,6157026,SUBSPECIES,ACCEPTED,Plantae,NA,11418114,NA
552,Arabidopsis arenosa,8389446,SUBSPECIES,ACCEPTED,Plantae,NA,196,NA
553,Arabidopsis arenosa,6084799,SUBSPECIES,ACCEPTED,Plantae,NA,196,NA
554,Arabidopsis arenosa,8429888,SUBSPECIES,ACCEPTED,Plantae,NA,196,NA
555,Arabidopsis arenosa,8421432,SUBSPECIES,ACCEPTED,Plantae,NA,220,NA
556,Arabidopsis arenosa,4270675,SUBSPECIES,ACCEPTED,Plantae,NA,196,NA
557,Arabidopsis arenosa,4248063,SUBSPECIES,ACCEPTED,Plantae,NA,220,NA
558,Arabidopsis arenosa,4132112,SUBSPECIES,ACCEPTED,Plantae,NA,196,NA
559,Arabidopsis arenosa,2161911,NA,NA,NA,NA,367,NA
560,Arabidopsis arenosa arenosa,NA,NA,NA,NA,NA,NA,152545448
561,Arabidopsis halleri,3052450,SPECIES,ACCEPTED,Plantae,3052450: Arabidopsis halleri (L.) O'Kane & Al-Shehbaz | 3052453: Cardaminopsis halleri (L.) Hayek | 7225571: Arabidopsis halleri subsp. halleri,220,152545449
562,Arabis alpina,5375020,SPECIES,ACCEPTED,Plantae,NA,220,213214472
563,Arabis auriculata,5221988,NA,NA,NA,NA,11592253,152545334
564,Arabis caucasica,5374922,SPECIES,ACCEPTED,Plantae,5374922: Arabis caucasica Willd. | 5374930: Arabis alpina subsp. caucasica (Willd. ex Schlecht.) Briq. | 7678274: Arabis caucasica Willd. ex Schltdl.,220,159748707
565,Arabis collina,5374998,SPECIES,ACCEPTED,Plantae,5374998: Arabis collina Ten. | 5375003: Arabis muralis Bertol.,220,152545332
566,Arabis planisiliqua,5374933,SPECIES,ACCEPTED,Plantae,7652637: Arabis hirsuta subsp. gerrardii (Besser) C.Hartm.,220,152545333
567,Arabis procurrens,5375012,SPECIES,ACCEPTED,Plantae,5375012: Arabis procurrens Waldst. & Kit.,220,152545335
568,Arachis hypogaea,5353770,SPECIES,ACCEPTED,Plantae,5353770: Arachis hypogaea L.,220,152545115
569,Aralia cordata,3037015,SPECIES,ACCEPTED,Plantae,NA,220,152544478
570,Aralia elata,3036892,SPECIES,ACCEPTED,Plantae,3036892: Aralia elata (Miq.) Seem.,220,152544482
571,Aralia racemosa,3036958,SPECIES,ACCEPTED,Plantae,NA,220,152544480
572,Araucaria araucana,2684984,SPECIES,ACCEPTED,Plantae,2684984: Araucaria araucana (Molina) K.Koch,194,152546528
573,Arctotheca calendula,3114986,SPECIES,ACCEPTED,Plantae,3114986: Arctotheca calendula (L.) Levyns,220,152544125
574,Arenaria montana,6363863,SPECIES,ACCEPTED,Plantae,NA,220,213214988
575,Argemone mexicana,2888485,SPECIES,ACCEPTED,Plantae,2888485: Argemone mexicana L.,220,152546397
576,Argyranthemum frutescens,3104491,SPECIES,ACCEPTED,Plantae,3104491: Argyranthemum frutescens (L.) Sch.Bip.,220,152544249
577,Argyresthia thuiella,1830284,SPECIES,ACCEPTED,Animalia,NA,216,213214021
578,Arion vulgaris,7540164,SPECIES,ACCEPTED,Animalia,"7540164: Arion vulgaris Moquin-Tandon, 1855",225,152543593
579,Arisaema dracontium,2866850,SPECIES,ACCEPTED,Plantae,NA,196,213212620
580,Aristida adscensionis,2706277,SPECIES,ACCEPTED,Plantae,8389851: Aristida coerulescens Desf.,196,152547115
581,Aristida congesta,2443074,NA,NA,NA,NA,11418114,152547114
582,Aristida hordeacea,6157050,NA,NA,NA,NA,11418114,152547113
583,Aristida longespica,7190901,NA,NA,NA,NA,11418114,152547112
584,Aristolochia clematitis,2873991,SPECIES,ACCEPTED,Plantae,2873991: Aristolochia clematitis L.,220,152546214
585,Aristolochia rotunda,5384465,NA,NA,NA,NA,220,152546215
586,Armeria alliacea,2157335,NA,NA,NA,NA,367,213214926
587,Armeria arenaria,7136543,SPECIES,ACCEPTED,Plantae,7136543: Armeria arenaria (Pers.) Schult.,220,213214925
588,Armeria humilis,1010644,NA,NA,NA,NA,7742773,NA
589,Armeria humilis,5359402,NA,NA,NA,NA,220,NA
590,Armeria humilis,7323251,NA,NA,NA,NA,220,NA
591,Armeria humilis,7068732,NA,NA,NA,NA,220,NA
592,Armeria humilis,8991514,NA,NA,NA,NA,212,NA
593,Armeria humilis,3663237,NA,NA,NA,NA,220,NA
594,Armeria humilis,4270675,NA,NA,NA,NA,196,NA
595,Armeria humilis,4248063,NA,NA,NA,NA,220,NA
596,Armeria humilis,7753114,NA,NA,NA,NA,220,NA
597,Armeria humilis,6427623,NA,NA,NA,NA,220,NA
598,Armeria humilis,5347854,NA,NA,NA,NA,220,NA
599,Armeria humilis,7853188,NA,NA,NA,NA,220,NA
600,Armeria humilis humilis,NA,NA,NA,NA,NA,NA,213214924
601,Armeria maritima,4090836,SUBSPECIES,ACCEPTED,Plantae,4090836: Armeria maritima subsp. elongata (Hoffm.) Bonnier,220,NA
602,Armeria maritima,1008610,SUBSPECIES,ACCEPTED,Plantae,NA,252,NA
603,Armeria maritima,2706403,SUBSPECIES,ACCEPTED,Plantae,NA,196,NA
604,Armeria maritima,7295374,SUBSPECIES,ACCEPTED,Plantae,NA,220,NA
605,Armeria maritima,8429888,SUBSPECIES,ACCEPTED,Plantae,NA,196,NA
606,Armeria maritima,7223276,SUBSPECIES,ACCEPTED,Plantae,NA,220,NA
607,Armeria maritima,7331861,SUBSPECIES,ACCEPTED,Plantae,NA,220,NA
608,Armeria maritima,11844792,SUBSPECIES,ACCEPTED,Plantae,NA,220,NA
609,Armeria maritima,4211590,SUBSPECIES,ACCEPTED,Plantae,NA,220,NA
610,Armeria maritima,3611735,SUBSPECIES,ACCEPTED,Plantae,NA,220,NA
611,Armeria maritima,11162940,SUBSPECIES,ACCEPTED,Plantae,NA,220,NA
612,Armeria maritima,3023671,SUBSPECIES,ACCEPTED,Plantae,NA,220,NA
613,Armeria maritima,3898065,NA,NA,NA,NA,220,NA
614,Armeria maritima elongata,NA,NA,NA,NA,NA,NA,152545891
615,Armoracia rusticana,3041022,SPECIES,ACCEPTED,Plantae,"3041022: Armoracia rusticana P.Gaertn., B.Mey. & Scherb. | 3690611: Armoracia rustica Schur",220,152545402
616,Arnebia decumbens,2295309,NA,NA,NA,NA,225,152545490
617,Arocatus longiceps,4486297,SPECIES,ACCEPTED,Animalia,NA,216,213214228
618,Aronia melanocarpa,5363627,SPECIES,ACCEPTED,Plantae,5363627: Aronia melanocarpa (Michx.) Elliott,220,152544792
619,Aronia prunifolia,5363613,SPECIES,ACCEPTED,Plantae,NA,220,213215666
620,Artema atlanta,2150089,SPECIES,ACCEPTED,Animalia,"2150089: Artema atlanta Walckenaer, 1837",367,152544214
621,Artemisia abrotanum,8042568,SPECIES,ACCEPTED,Plantae,8042568: Artemisia abrotanum L.,220,152544020
622,Artemisia afra,2925790,NA,NA,NA,NA,220,159748820
623,Artemisia alba,3121088,SPECIES,ACCEPTED,Plantae,NA,220,213215089
624,Artemisia annua,8373355,SPECIES,ACCEPTED,Plantae,8373355: Artemisia annua L.,220,152544022
625,Artemisia austriaca,3121668,SPECIES,ACCEPTED,Plantae,NA,220,152544026
626,Artemisia biennis,3121226,SPECIES,ACCEPTED,Plantae,3121226: Artemisia biennis Willd. | 3121228: Artemisia tournefortiana Rchb.,220,152544033
627,Artemisia crithmifolia,3120692,SPECIES,ACCEPTED,Plantae,NA,220,213215090
628,Artemisia dracunculus,3121581,SPECIES,ACCEPTED,Plantae,3121581: Artemisia dracunculus L.,220,152544027
629,Artemisia gmelinii,4219118,NA,NA,NA,NA,220,213215088
630,Artemisia ludoviciana,3120950,SPECIES,ACCEPTED,Plantae,3120950: Artemisia ludoviciana Nutt.,220,152544034
631,Artemisia mongolica,4248063,NA,NA,NA,NA,220,213215086
632,Artemisia pontica,8195160,SPECIES,ACCEPTED,Plantae,8195160: Artemisia pontica L.,220,152544021
633,Artemisia princeps,3121258,SPECIES,ACCEPTED,Plantae,3121258: Artemisia princeps Pamp.,220,152544031
634,Artemisia rubripes,3121474,SPECIES,ACCEPTED,Plantae,NA,220,213215085
635,Artemisia scoparia,3120713,SPECIES,ACCEPTED,Plantae,3120713: Artemisia scoparia Waldst. & Kit.,220,152544036
636,Artemisia sieversiana,3121562,SPECIES,ACCEPTED,Plantae,3121562: Artemisia sieversiana Ehrh. ex Willd.,220,152544030
637,Artemisia tournefortiana,3121228,SPECIES,ACCEPTED,Plantae,NA,220,213215087
638,Artemisia verlotiorum,3120790,SPECIES,ACCEPTED,Plantae,NA,220,213215091
639,Arum italicum,5330661,SPECIES,ACCEPTED,Plantae,5330661: Arum italicum Mill. | 5330664: Arum italicum subsp. neglectum (F.Towns.) Prime | 7228304: Arum italicum subsp. italicum | 7383516: Arum italicum var. neglectum F.Towns. | 10984816: Arum italicum var. italicum,196,152546576
640,Aruncus dioicus,5362136,SPECIES,ACCEPTED,Plantae,5362136: Aruncus dioicus (Walter) Fernald,220,152544788
641,Arundo donax,2703041,SPECIES,ACCEPTED,Plantae,2703041: Arundo donax L.,196,152547016
642,Asarina procumbens,3729273,SPECIES,ACCEPTED,Plantae,3729273: Asarina procumbens Mill.,220,152545664
643,Asarum europaeum,7313595,SPECIES,ACCEPTED,Plantae,7313595: Asarum europaeum L.,220,152546212
644,Asclepias incarnata,3170266,SPECIES,ACCEPTED,Plantae,3170266: Asclepias incarnata L.,220,152545248
645,Asclepias speciosa,1349836,NA,NA,NA,NA,216,213215253
646,Asclepias syriaca,3170247,SPECIES,ACCEPTED,Plantae,3170247: Asclepias syriaca L.,220,152545247
647,Asparagus aethiopicus,2768763,SPECIES,ACCEPTED,Plantae,NA,196,213212517
648,Asperugo procumbens,2926055,SPECIES,ACCEPTED,Plantae,2926055: Asperugo procumbens L.,220,152545509
649,Asperula arvensis,2916662,SPECIES,ACCEPTED,Plantae,2916662: Asperula arvensis L.,220,152545256
650,Asperula laevigata,2916822,SPECIES,ACCEPTED,Plantae,2916822: Asperula laevigata L.,220,152545257
651,Asperula taurina,2916975,SPECIES,ACCEPTED,Plantae,2916975: Asperula taurina L.,220,152545258
652,Asperula tinctoria,2916767,SPECIES,ACCEPTED,Plantae,2916767: Asperula tinctoria L.,220,152545255
653,Asphodelus tenuifolius,2778358,SPECIES,ACCEPTED,Plantae,2778358: Asphodelus tenuifolius Cav.,196,152546624
654,Aster ageratoides,5387639,SPECIES,ACCEPTED,Plantae,5387639: Aster ageratoides Turcz.,220,152543765
655,Aster alpinus,5387396,SPECIES,ACCEPTED,Plantae,NA,220,213215160
656,Aster amellus,8133114,SPECIES,ACCEPTED,Plantae,8133114: Aster amellus L.,220,152543762
657,Aster indamellus,6302047,NA,NA,NA,NA,220,213215159
658,Asteriscus aquaticus,5393689,SPECIES,ACCEPTED,Plantae,5393689: Asteriscus aquaticus (L.) Less.,220,152543803
659,Astragalus boeticus,8006893,SPECIES,ACCEPTED,Plantae,NA,220,152545133
660,Astragalus cicer,5343253,SPECIES,ACCEPTED,Plantae,5343253: Astragalus cicer L.,220,152545135
661,Astragalus cymbicarpos,2502805,NA,NA,NA,NA,NA,152545134
662,Astragalus hamosus,6159238,NA,NA,NA,NA,11592253,152545137
663,Astragalus onobrychis,4136060,NA,NA,NA,NA,196,152545138
664,Astragalus oxyglottis,4135892,NA,NA,NA,NA,196,152545131
665,Astragalus stella,7222255,NA,NA,NA,NA,220,152545132
666,Astrantia major,3034915,SPECIES,ACCEPTED,Plantae,3034915: Astrantia major L.,220,152544592
667,Athanasia trifurcata,5608183,NA,NA,NA,NA,220,152544191
668,Atriplex eardleyae,6411098,NA,NA,NA,NA,220,213214957
669,Atriplex halimus,3083718,SPECIES,ACCEPTED,Plantae,3083718: Atriplex halimus L.,220,152545966
670,Atriplex holocarpa,3083746,SPECIES,ACCEPTED,Plantae,NA,220,152545972
671,Atriplex hortensis,3083761,SPECIES,ACCEPTED,Plantae,3083761: Atriplex hortensis L.,220,152545969
672,Atriplex leptocarpa,6447496,SPECIES,ACCEPTED,Plantae,NA,220,152545962
673,Atriplex micrantha,3083680,SPECIES,ACCEPTED,Plantae,3083680: Atriplex micrantha Ledeb.,220,152545968
674,Atriplex muelleri,3083773,SPECIES,ACCEPTED,Plantae,NA,220,152545974
675,Atriplex oblongifolia,7009279,NA,NA,NA,NA,256,152545964
676,Atriplex pseudocampanulata,2925754,NA,NA,NA,NA,220,213214956
677,Atriplex rosea,3083745,SPECIES,ACCEPTED,Plantae,3083745: Atriplex rosea L.,220,152545971
678,Atriplex sagittata,3760099,SPECIES,ACCEPTED,Plantae,3083677: Atriplex nitens Schkuhr,220,152545963
679,Atriplex semibaccata,3083667,SPECIES,ACCEPTED,Plantae,NA,220,152545967
680,Atriplex sibirica,3083763,SPECIES,ACCEPTED,Plantae,NA,220,152545970
681,Atriplex suberecta,3083771,SPECIES,ACCEPTED,Plantae,NA,220,152545973
682,Atriplex tatarica,3083702,SPECIES,ACCEPTED,Plantae,3083702: Atriplex tatarica L.,220,152545965
683,Attacus atlas,5124716,SPECIES,ACCEPTED,Animalia,NA,216,213213973
684,Atyaephyra desmarestii,4309705,SPECIES,ACCEPTED,Animalia,"4309705: Atyaephyra desmarestii (Millet, 1831)",229,182134001
685,Atypophthalmus umbratus,1521740,SPECIES,ACCEPTED,Animalia,NA,216,213214455
686,Aubrieta columnae,3054110,SPECIES,ACCEPTED,Plantae,3054110: Aubrieta columnae Guss.,220,152545442
687,Aubrieta deltoidea,3054117,SPECIES,ACCEPTED,Plantae,3054117: Aubrieta deltoidea (L.) DC.,220,152545441
688,Aucuba japonica,3033077,SPECIES,ACCEPTED,Plantae,3033077: Aucuba japonica Thunb. | 9485792: Aucuba japonica f. variegata (Dombrain) Rehder,220,152544461
689,Aulacaspis rosae,9139578,SPECIES,ACCEPTED,Animalia,NA,216,213214092
690,Aurantothrips orchidaceus,11205618,NA,NA,NA,NA,11592253,152544436
691,Aurinia saxatilis,5377778,SPECIES,ACCEPTED,Plantae,5377778: Aurinia saxatilis (L.) Desv. | 3054014: Alyssum saxatile L. | 7225675: Aurinia saxatilis subsp. saxatilis,220,152545346
692,Austrodanthonia racemosa,1420791,NA,NA,NA,NA,216,213212701
693,Austrominius modestus,2115769,SPECIES,ACCEPTED,Animalia,"2115741: Elminius modestus Darwin, 1854 | 2115769: Austrominius modestus (Darwin, 1854)",NA,152544035
694,Austrostipa nitida,4105208,SPECIES,ACCEPTED,Plantae,NA,196,152546945
695,Austrostipa scabra,2308541,NA,NA,NA,NA,255,NA
696,Austrostipa scabra,2308549,NA,NA,NA,NA,255,NA
697,Austrostipa scabra,7350944,NA,NA,NA,NA,220,NA
698,Austrostipa scabra,7267631,NA,NA,NA,NA,220,NA
699,Austrostipa scabra,8006893,NA,NA,NA,NA,220,NA
700,Austrostipa scabra,7222255,NA,NA,NA,NA,220,NA
701,Austrostipa scabra,7293222,NA,NA,NA,NA,220,NA
702,Austrostipa scabra,7753114,NA,NA,NA,NA,220,NA
703,Austrostipa scabra,2445496,NA,NA,NA,NA,11592253,NA
704,Austrostipa scabra,6449041,NA,NA,NA,NA,196,NA
705,Austrostipa scabra,7272439,NA,NA,NA,NA,220,NA
706,Austrostipa scabra,8045533,NA,NA,NA,NA,220,NA
707,Austrostipa scabra,7266343,NA,NA,NA,NA,220,NA
708,Austrostipa scabra,5373039,NA,NA,NA,NA,220,NA
709,Austrostipa scabra,2706403,NA,NA,NA,NA,196,NA
710,Austrostipa scabra,8389446,NA,NA,NA,NA,196,NA
711,Austrostipa scabra,7323341,NA,NA,NA,NA,220,NA
712,Austrostipa scabra,5548011,NA,NA,NA,NA,220,NA
713,Austrostipa scabra,2444141,NA,NA,NA,NA,11592253,NA
714,Austrostipa scabra,2453882,NA,NA,NA,NA,11592253,NA
715,Austrostipa scabra,6156934,NA,NA,NA,NA,11418114,NA
716,Austrostipa scabra,5544928,NA,NA,NA,NA,220,NA
717,Austrostipa scabra,10966302,NA,NA,NA,NA,196,NA
718,Austrostipa scabra,8257546,NA,NA,NA,NA,196,NA
719,Austrostipa scabra falcata,NA,NA,NA,NA,NA,NA,152546944
720,Austrostipa scabra scabra,NA,NA,NA,NA,NA,NA,152546942
721,Austrostipa verticillata,4104718,SPECIES,ACCEPTED,Plantae,NA,196,152546943
722,Avellinia festucoides,7293222,NA,NA,NA,NA,220,213212695
723,Avena barbata,2705300,SPECIES,ACCEPTED,Plantae,2705300: Avena barbata Pott ex Link,196,152547045
724,Avena brevis,1031512,NA,NA,NA,NA,216,152547043
725,Avena marquandii,1031524,NA,NA,NA,NA,216,152547041
726,Avena nuda,8174035,SPECIES,ACCEPTED,Plantae,8174035: Avena nuda L.,196,213212952
727,Avena nuda,8174035,SPECIES,ACCEPTED,Plantae,8174035: Avena nuda L.,196,152547040
728,Avena sativa,2705290,SPECIES,ACCEPTED,Plantae,2705290: Avena sativa L. | 6084789: Avena sativa subsp. sativa,196,152547046
729,Avena sterilis,7226804,SUBSPECIES,ACCEPTED,Plantae,7226804: Avena sterilis subsp. sterilis,196,213212821
730,Avena sterilis,7753114,SPECIES,ACCEPTED,Plantae,NA,220,213212821
731,Avena sterilis,5632022,SPECIES,ACCEPTED,Plantae,NA,220,213212821
732,Avena sterilis,8134874,SPECIES,ACCEPTED,Plantae,NA,196,213212821
733,Avena sterilis,6157050,SPECIES,ACCEPTED,Plantae,NA,11418114,213212821
734,Avena sterilis,7225621,SPECIES,ACCEPTED,Plantae,NA,220,213212821
735,Avena sterilis,3047147,SPECIES,ACCEPTED,Plantae,NA,220,213212821
736,Avena sterilis,6427623,SPECIES,ACCEPTED,Plantae,NA,220,213212821
737,Avena sterilis,9508942,SPECIES,ACCEPTED,Plantae,NA,220,213212821
738,Avena sterilis,7272439,SPECIES,ACCEPTED,Plantae,NA,220,213212821
739,Avena sterilis,8045533,SPECIES,ACCEPTED,Plantae,NA,220,213212821
740,Avena sterilis,5373039,SPECIES,ACCEPTED,Plantae,NA,220,213212821
741,Avena sterilis,3898065,SPECIES,ACCEPTED,Plantae,NA,220,213212821
742,Avena sterilis,8983123,SPECIES,ACCEPTED,Plantae,NA,220,213212821
743,Avena sterilis,7302355,SPECIES,ACCEPTED,Plantae,NA,220,213212821
744,Avena sterilis,4273336,SPECIES,ACCEPTED,Plantae,NA,220,213212821
745,Avena sterilis,7295374,SPECIES,ACCEPTED,Plantae,NA,220,213212821
746,Avena sterilis,6164210,SPECIES,ACCEPTED,Plantae,NA,359,213212821
747,Avena sterilis,8991514,SPECIES,ACCEPTED,Plantae,NA,212,213212821
748,Avena sterilis,7427741,SPECIES,ACCEPTED,Plantae,NA,220,213212821
749,Avena sterilis,5831060,SPECIES,ACCEPTED,Plantae,NA,220,213212821
750,Avena sterilis,11844792,SPECIES,ACCEPTED,Plantae,NA,220,213212821
751,Avena sterilis,7223680,SPECIES,ACCEPTED,Plantae,NA,220,213212821
752,Avena sterilis,5224543,NA,NA,NA,NA,11592253,213212821
753,Avena sterilis,5928306,NA,NA,NA,NA,220,213212821
754,Avena sterilis ludoviciana,NA,NA,NA,NA,NA,NA,213212823
755,Avena sterilis sterilis,NA,NA,NA,NA,NA,NA,152547042
756,Avena strigosa,2705295,SPECIES,ACCEPTED,Plantae,2705295: Avena strigosa Schreb.,196,152547044
757,Axonopus fissifolius,2705932,SPECIES,ACCEPTED,Plantae,2705933: Axonopus affinis Chase,196,152547032
758,Axyris amaranthoides,6447806,SPECIES,ACCEPTED,Plantae,6447806: Axyris amaranthoides L.,220,152545905
759,Azolla filiculoides,2650107,SPECIES,ACCEPTED,Plantae,2650107: Azolla filiculoides Lam.,7228684,152547230
760,Baccharis halimifolia,3129663,SPECIES,ACCEPTED,Plantae,3129663: Baccharis halimifolia L.,220,152543943
761,Badonnelia titei,4400961,SPECIES,ACCEPTED,Animalia,NA,216,152544578
762,Balanus glandula,2115706,SPECIES,ACCEPTED,Animalia,"2115706: Balanus glandula Darwin, 1854",203,159748095
763,Balanus trigonus,4007682,NA,NA,NA,NA,220,159748091
764,Balearica regulorum,5228229,SPECIES,ACCEPTED,Animalia,"5228229: Balearica regulorum (E.T.Bennett, 1834)",212,159747491
765,Ballerus ballerus,8864505,NA,NA,NA,NA,137,152543535
766,Ballota nigra,6409536,SUBSPECIES,ACCEPTED,Plantae,7411167: Ballota nigra subsp. meridionalis (Bég.) Bég. | 6409536: Ballota nigra subsp. nigra,220,NA
767,Ballota nigra,3140910,SUBSPECIES,ACCEPTED,Plantae,NA,220,NA
768,Ballota nigra,7222255,SUBSPECIES,ACCEPTED,Plantae,NA,220,NA
769,Ballota nigra,7224069,SUBSPECIES,ACCEPTED,Plantae,NA,220,NA
770,Ballota nigra,5825913,SUBSPECIES,ACCEPTED,Plantae,NA,194,NA
771,Ballota nigra,4036957,SUBSPECIES,ACCEPTED,Plantae,NA,220,NA
772,Ballota nigra,12205713,SUBSPECIES,ACCEPTED,Plantae,NA,196,NA
773,Ballota nigra,7323251,SUBSPECIES,ACCEPTED,Plantae,NA,220,NA
774,Ballota nigra,4131042,SUBSPECIES,ACCEPTED,Plantae,NA,196,NA
775,Ballota nigra,5373483,SUBSPECIES,ACCEPTED,Plantae,NA,220,NA
776,Ballota nigra,2914404,SUBSPECIES,ACCEPTED,Plantae,NA,220,NA
777,Ballota nigra,5224543,SUBSPECIES,ACCEPTED,Plantae,NA,11592253,NA
778,Ballota nigra,9508942,NA,NA,NA,NA,220,NA
779,Ballota nigra nigra,NA,NA,NA,NA,NA,NA,152545696
780,Baptisia australis,2976091,SPECIES,ACCEPTED,Plantae,NA,220,213213847
781,Barbarea stricta,5374614,SPECIES,ACCEPTED,Plantae,7560578: Barbarea stricta Andrz. | 5374614: Barbarea stricta Andrz. ex Besser,220,152545329
782,Barbarea verna,5374672,SPECIES,ACCEPTED,Plantae,5374672: Barbarea verna (Mill.) Asch.,220,152545330
783,Barbronia weberi,2307447,SPECIES,ACCEPTED,Animalia,NA,255,213213317
784,Barentsia ramosa,2284443,NA,NA,NA,NA,11133537,159746857
785,Barnardius zonarius,2479720,SPECIES,ACCEPTED,Animalia,NA,212,213212937
786,Basiliscus plumifrons,2443339,NA,NA,NA,NA,11418114,182133704
787,Bassia hyssopifolia,5383909,SPECIES,ACCEPTED,Plantae,5383909: Bassia hyssopifolia (Pall.) Kuntze,220,152545921
788,Bassia laniflora,5568188,SPECIES,ACCEPTED,Plantae,5568188: Bassia laniflora (S.G.Gmel.) A.J.Scott,220,152545920
789,Bassia scoparia,5383936,SPECIES,ACCEPTED,Plantae,NA,220,213214952
790,Bathilda ruficauda,2965226,NA,NA,NA,NA,220,213212760
791,Batocera lineolata,1133603,SPECIES,ACCEPTED,Animalia,NA,216,213214313
792,Batrachochytrium dendrobatidis,5166489,NA,NA,NA,NA,203,152543209
793,Batrachochytrium salamandrivorans,2497341,NA,NA,NA,NA,212,152543207
794,Beckmannia syzigachne,5290059,SPECIES,ACCEPTED,Plantae,5290059: Beckmannia syzigachne (Steud.) Fernald,196,152546852
795,Begonia semperflorens,4556286,NA,NA,NA,NA,11133537,213215616
796,Bellardia trixago,5414976,SPECIES,ACCEPTED,Plantae,NA,220,213215427
797,Bellardia viscosa,7733140,SPECIES,ACCEPTED,Plantae,NA,220,213215428
798,Belonochilus numenius,2007665,SPECIES,ACCEPTED,Animalia,NA,216,213214225
799,Berberis aquifolium,2394563,NA,NA,NA,NA,NA,213214364
800,Berberis darwinii,3033905,SPECIES,ACCEPTED,Plantae,3033905: Berberis darwinii Hook.,220,152546376
801,Berberis gagnepainii,4938160,SPECIES,ACCEPTED,Plantae,4938160: Berberis gagnepainii C.K.Schneid.,220,152546369
802,Berberis hybridogagnepainii,4938153,SPECIES,ACCEPTED,Plantae,NA,220,152546370
803,Berberis interposita,3981817,SPECIES,ACCEPTED,Plantae,NA,220,152546373
804,Berberis julianae,3981543,SPECIES,ACCEPTED,Plantae,3981543: Berberis julianae C.K.Schneid.,220,152546372
805,Berberis ottawensis,3033898,SPECIES,ACCEPTED,Plantae,NA,220,152546377
806,Berberis thunbergii,3033896,SPECIES,ACCEPTED,Plantae,3033896: Berberis thunbergii DC.,220,152546374
807,Berberis wilsoniae,3981814,SPECIES,ACCEPTED,Plantae,3981814: Berberis wilsoniae Hemsl.,220,152546371
808,Bergenia crassifolia,5567694,SPECIES,ACCEPTED,Plantae,5567698: Bergenia cordifolia (Haw.) Sternb. | 5567694: Bergenia crassifolia (L.) Fritsch,220,152544679
809,Bergenia schmidtii,6420901,NA,NA,NA,NA,220,152544677
810,Berteroa incana,3053522,SPECIES,ACCEPTED,Plantae,3053522: Berteroa incana (L.) DC.,220,152545446
811,Beta macrocarpa,5567951,SPECIES,ACCEPTED,Plantae,5567951: Beta macrocarpa Guss.,220,152545924
812,Beta trigyna,5383926,SPECIES,ACCEPTED,Plantae,NA,220,152545925
813,Beta vulgaris,7068845,SUBSPECIES,ACCEPTED,Plantae,7068845: Beta vulgaris subsp. vulgaris,220,NA
814,Beta vulgaris,7225621,SUBSPECIES,ACCEPTED,Plantae,NA,220,NA
815,Beta vulgaris,7224157,SUBSPECIES,ACCEPTED,Plantae,NA,220,NA
816,Beta vulgaris,7266343,SUBSPECIES,ACCEPTED,Plantae,NA,220,NA
817,Beta vulgaris,3047633,SUBSPECIES,ACCEPTED,Plantae,NA,220,NA
818,Beta vulgaris,7066596,SUBSPECIES,ACCEPTED,Plantae,NA,220,NA
819,Beta vulgaris,6409536,SUBSPECIES,ACCEPTED,Plantae,NA,220,NA
820,Beta vulgaris,5544928,SUBSPECIES,ACCEPTED,Plantae,NA,220,NA
821,Beta vulgaris,4270675,SUBSPECIES,ACCEPTED,Plantae,NA,196,NA
822,Beta vulgaris,4211590,SUBSPECIES,ACCEPTED,Plantae,NA,220,NA
823,Beta vulgaris,2161911,SUBSPECIES,ACCEPTED,Plantae,NA,367,NA
824,Beta vulgaris,7358677,SUBSPECIES,ACCEPTED,Plantae,NA,220,NA
825,Beta vulgaris,7266343,NA,NA,NA,NA,220,NA
826,Beta vulgaris vulgaris,NA,NA,NA,NA,NA,NA,152545923
827,Betonica macrantha,3905825,SPECIES,ACCEPTED,Plantae,3905825: Betonica macrantha K.Koch,220,159749036
828,Betula nana,5332004,SPECIES,ACCEPTED,Plantae,5332004: Betula nana L.,220,152546176
829,Betula papyrifera,5332120,SPECIES,ACCEPTED,Plantae,5332120: Betula papyrifera Marshall,220,152546177
830,Bidens bipinnata,5389402,SPECIES,ACCEPTED,Plantae,5389402: Bidens bipinnata L.,220,152543698
831,Bidens connata,5392083,SPECIES,ACCEPTED,Plantae,5392083: Bidens connata Muhl. ex Willd.,220,152543693
832,Bidens frondosa,5392174,SPECIES,ACCEPTED,Plantae,5392174: Bidens frondosa L. | 5700912: Bidens frondosa var. anomala Porter ex Fernald | 7872129: Bidens frondosa var. frondosa,220,152543687
833,Bidens pilosa,5391845,SPECIES,ACCEPTED,Plantae,5391845: Bidens pilosa L.,220,152543697
834,Bidens radiata,5392145,SPECIES,ACCEPTED,Plantae,5392145: Bidens radiata Thuill.,220,152543685
835,Bidens subalternans,5391882,SPECIES,ACCEPTED,Plantae,5391882: Bidens subalternans DC.,220,152543689
836,Bidens triplinervia,8323119,VARIETY,ACCEPTED,Plantae,8323119: Bidens triplinervia var. macrantha (Wedd.) Sherff,220,213215050
837,Bidens triplinervia,2495342,SPECIES,ACCEPTED,Plantae,NA,212,213215050
838,Bidens triplinervia,8336551,SPECIES,ACCEPTED,Plantae,NA,220,213215050
839,Bidens triplinervia,7062200,SPECIES,ACCEPTED,Plantae,NA,11418114,213215050
840,Bidens triplinervia,6313051,SPECIES,ACCEPTED,Plantae,NA,196,213215050
841,Bidens triplinervia,5352425,SPECIES,ACCEPTED,Plantae,NA,220,213215050
842,Bidens triplinervia,6076279,SPECIES,ACCEPTED,Plantae,NA,220,213215050
843,Bidens triplinervia,7350944,SPECIES,ACCEPTED,Plantae,NA,220,213215050
844,Bidens triplinervia,8338571,SPECIES,ACCEPTED,Plantae,NA,196,213215050
845,Bidens triplinervia,3611735,SPECIES,ACCEPTED,Plantae,NA,220,213215050
846,Bidens triplinervia,5347854,SPECIES,ACCEPTED,Plantae,NA,220,213215050
847,Bidens triplinervia,4036350,SPECIES,ACCEPTED,Plantae,NA,220,213215050
848,Bidens triplinervia,6313049,NA,NA,NA,NA,196,213215050
849,Bidens triplinervia macrantha,NA,NA,NA,NA,NA,NA,152543683
850,Bidens vulgata,5391810,SPECIES,ACCEPTED,Plantae,5391810: Bidens vulgata Greene,220,152543694
851,Bifora radians,5371870,SPECIES,ACCEPTED,Plantae,5371870: Bifora radians M.Bieb.,220,152544527
852,Bifora testiculata,7440977,NA,NA,NA,NA,220,213215304
853,Bipalium kewense,2502938,SPECIES,ACCEPTED,Animalia,NA,NA,152543192
854,Biserrula pelecinus,3188838,NA,NA,NA,NA,220,182134356
855,Bispira polyomma,7577557,SPECIES,ACCEPTED,Animalia,NA,256,213213267
856,Bistorta affinis,4033335,SPECIES,ACCEPTED,Plantae,4033335: Bistorta affinis (D.Don) Greene,220,152546119
857,Bistorta amplexicaulis,7291264,SPECIES,ACCEPTED,Plantae,7291264: Bistorta amplexicaulis (D.Don) Greene | 4036951: Persicaria amplexicaulis (D.Don) Ronse Decr.,220,152546118
858,Blanus,NA,NA,NA,NA,NA,NA,213212412
859,Blanus NA,6085036,NA,NA,NA,NA,196,NA
860,Blanus NA,5587240,NA,NA,NA,NA,220,NA
861,Blanus NA,7925720,NA,NA,NA,NA,220,NA
862,Blanus NA,9508942,NA,NA,NA,NA,220,NA
863,Blanus NA,7308043,NA,NA,NA,NA,220,NA
864,Blanus NA,3065244,NA,NA,NA,NA,220,NA
865,Blanus NA,5544928,NA,NA,NA,NA,220,NA
866,Blanus NA,6409536,NA,NA,NA,NA,220,NA
867,Blanus NA,7225471,NA,NA,NA,NA,220,NA
868,Blanus NA,9771172,NA,NA,NA,NA,220,NA
869,Blanus NA,7409013,NA,NA,NA,NA,220,NA
870,Blanus NA,3094899,NA,NA,NA,NA,220,NA
871,Blaptica dubia,1995681,SPECIES,ACCEPTED,Animalia,NA,216,213214388
872,Blastobasis adustella,1852831,SPECIES,ACCEPTED,Animalia,NA,216,213214017
873,Blastobasis lacticolella,1852787,SPECIES,ACCEPTED,Animalia,NA,216,213214015
874,Blatta orientalis,5151589,SPECIES,ACCEPTED,Animalia,NA,216,213214383
875,Blattella germanica,1997215,SPECIES,ACCEPTED,Animalia,NA,216,213214401
876,Blitum capitatum,5383971,SPECIES,ACCEPTED,Plantae,8232750: Chenopodium capitatum (L.) Ambrosi | 5383971: Blitum capitatum L.,220,152545929
877,Blitum nuttallianum,5568899,SPECIES,ACCEPTED,Plantae,5383905: Monolepis nuttalliana (Roem. & Schult.) Greene,220,152545927
878,Blitum virgatum,5383969,SPECIES,ACCEPTED,Plantae,3083844: Chenopodium foliosum (Moench) Asch. | 5383969: Blitum virgatum L. | 8245372: Chenopodium virgatum (L.) Ambrosi,220,152545928
879,Blumenbachia hieronymi,5646410,SPECIES,ACCEPTED,Plantae,NA,220,152544931
880,Boa,NA,NA,NA,NA,NA,NA,182133832
881,Boa NA,7298085,NA,NA,NA,NA,220,NA
882,Boa NA,7302355,NA,NA,NA,NA,220,NA
883,Boa NA,8257857,NA,NA,NA,NA,220,NA
884,Boa NA,10948891,NA,NA,NA,NA,220,NA
885,Boa NA,10755213,NA,NA,NA,NA,196,NA
886,Boa NA,8338571,NA,NA,NA,NA,196,NA
887,Boa NA,7327959,NA,NA,NA,NA,220,NA
888,Boa NA,4274443,NA,NA,NA,NA,220,NA
889,Boa NA,7323251,NA,NA,NA,NA,220,NA
890,Boa NA,7222196,NA,NA,NA,NA,220,NA
891,Boa NA,4035024,NA,NA,NA,NA,220,NA
892,Boa NA,7420522,NA,NA,NA,NA,220,NA
893,Boa constrictor,7846821,NA,NA,NA,NA,220,182133833
894,Boaedon,NA,NA,NA,NA,NA,NA,182133766
895,Boaedon NA,8918909,NA,NA,NA,NA,196,NA
896,Boaedon NA,3922770,NA,NA,NA,NA,220,NA
897,Boaedon NA,4250676,NA,NA,NA,NA,220,NA
898,Boaedon NA,7409013,NA,NA,NA,NA,220,NA
899,Boaedon NA,6427623,NA,NA,NA,NA,220,NA
900,Boaedon NA,6411098,NA,NA,NA,NA,220,NA
901,Boaedon NA,7998563,NA,NA,NA,NA,196,NA
902,Boaedon NA,2161467,NA,NA,NA,NA,367,NA
903,Boaedon NA,8782549,NA,NA,NA,NA,11592253,NA
904,Boaedon NA,6084799,NA,NA,NA,NA,196,NA
905,Boaedon NA,7415922,NA,NA,NA,NA,220,NA
906,Boaedon NA,4108297,NA,NA,NA,NA,196,NA
907,Boccardia proboscidea,2320810,SPECIES,ACCEPTED,Animalia,NA,256,159747758
908,Boccardiella hamata,2320998,SPECIES,ACCEPTED,Animalia,NA,256,159747756
909,Boccardiella ligerica,2705092,NA,NA,NA,NA,196,182133960
910,Boettgerilla pallens,4567717,SPECIES,ACCEPTED,Animalia,"4567717: Boettgerilla pallens Simroth, 1912",225,152543629
911,Bolboschoenus glaucus,2718387,SPECIES,ACCEPTED,Plantae,2718387: Bolboschoenus glaucus (Lam.) S.G.Sm.,196,152546773
912,Bolboschoenus planiculmis,2718377,SPECIES,ACCEPTED,Plantae,NA,196,213213183
913,Bolboschoenus yagara,2718302,SPECIES,ACCEPTED,Plantae,2718302: Bolboschoenus yagara (Ohwi) Y.C.Yang & M.Zhan | 8319769: Bolboschoenus yagara (Ohwi) A.E.Kozhevnikov,196,152546774
914,Bombina orientalis,2423441,SPECIES,ACCEPTED,Animalia,"2423441: Bombina orientalis (Boulenger, 1890)",131,182133501
915,Bombycilla japonica,7466434,NA,NA,NA,NA,220,159747235
916,Bonamia ostreae,9711656,NA,NA,NA,NA,220,159747067
917,Borago officinalis,2926110,SPECIES,ACCEPTED,Plantae,2926110: Borago officinalis L.,220,152545519
918,Bostrychia hagedash,5229203,SPECIES,ACCEPTED,Animalia,"5229203: Bostrychia hagedash (Latham, 1790)",212,159747461
919,Bothriochloa decipiens,2426658,NA,NA,NA,NA,131,152546982
920,Bothriochloa ischaemum,2704102,SPECIES,ACCEPTED,Plantae,2704102: Bothriochloa ischaemum (L.) Keng,196,152546983
921,Bothriochloa macra,4136695,SPECIES,ACCEPTED,Plantae,NA,196,152546981
922,Botrychium simplex,2650180,SPECIES,ACCEPTED,Plantae,2650180: Botrychium simplex E.Hitchc.,7228684,152547190
923,Botrylloides diegensis,4354937,SPECIES,ACCEPTED,Animalia,NA,356,213212366
924,Botrylloides violaceus,4354941,SPECIES,ACCEPTED,Animalia,"4354941: Botrylloides violaceus Oka, 1927",356,159747720
925,Brachiaria platyphylla,2705857,SPECIES,ACCEPTED,Plantae,2705857: Brachiaria platyphylla (Munro ex C.Wright) Nash | 2705854: Urochloa platyphylla (Munro ex C.Wright) R.D.Webster,196,NA
926,Brachypodium distachyon,5290143,SPECIES,ACCEPTED,Plantae,5290143: Brachypodium distachyon (L.) P.Beauv.,196,152546842
927,Brachypodium phoenicoides,5290144,SPECIES,ACCEPTED,Plantae,5290144: Brachypodium phoenicoides (L.) Roem. & Schult.,196,152546843
928,Brachyscome iberidifolia,3144603,SPECIES,ACCEPTED,Plantae,NA,220,213215078
929,Branchiodrilus hortensis,2928153,NA,NA,NA,NA,220,152543686
930,Branchiura sowerbyi,2308574,SPECIES,ACCEPTED,Animalia,"2308574: Branchiura sowerbyi Beddard, 1892",255,152543690
931,Branta canadensis,5232437,SPECIES,ACCEPTED,Animalia,"5232437: Branta canadensis (Linnaeus, 1758) | 5232443: Branta canadensis parvipes (Cassin, 1852) | 7191098: Branta canadensis canadensis",212,152543206
932,Branta hutchinsii,5232452,SPECIES,ACCEPTED,Animalia,"7191099: Branta hutchinsii hutchinsii | 5232452: Branta hutchinsii (Richardson, 1832) | 5232463: Branta canadensis hutchinsi (Richardson, 1832) | 5232453: Branta hutchinsii minima Ridgway, 1885 | 5232460: Branta hutchinsii taverneri Delacour, 1951",212,159747001
933,Branta sandvicensis,5232445,SPECIES,ACCEPTED,Animalia,"5232445: Branta sandvicensis (Vigors, 1834)",212,159746999
934,Brassica barrelieri,3042799,SPECIES,ACCEPTED,Plantae,3042799: Brassica barrelieri (L.) Janka,220,152545395
935,Brassica carinata,3042925,SPECIES,ACCEPTED,Plantae,3042925: Brassica carinata A.Braun,220,152545391
936,Brassica elongata,2447418,NA,NA,NA,NA,11592253,NA
937,Brassica elongata,9603492,NA,NA,NA,NA,220,NA
938,Brassica elongata,7227181,NA,NA,NA,NA,196,NA
939,Brassica elongata,5544928,NA,NA,NA,NA,220,NA
940,Brassica elongata,11844792,NA,NA,NA,NA,220,NA
941,Brassica elongata,9405645,NA,NA,NA,NA,220,NA
942,Brassica elongata,5581279,NA,NA,NA,NA,220,NA
943,Brassica elongata,4036350,NA,NA,NA,NA,220,NA
944,Brassica elongata,7226804,NA,NA,NA,NA,196,NA
945,Brassica elongata,7757431,NA,NA,NA,NA,220,NA
946,Brassica elongata,11844792,NA,NA,NA,NA,220,NA
947,Brassica elongata integrifolia,NA,NA,NA,NA,NA,NA,152545393
948,Brassica juncea,3042751,SPECIES,ACCEPTED,Plantae,3042751: Brassica juncea (L.) Czern.,220,152545394
949,Brassica napus,3042636,SPECIES,ACCEPTED,Plantae,3042636: Brassica napus L. | 7225635: Brassica napus subsp. napus | 7801836: Brassica napus subsp. napobrassica (L.) O.Schwarz | 6392906: Brassica napus var. napus,220,152545397
950,Brassica oleracea,3042845,SPECIES,ACCEPTED,Plantae,"3042845: Brassica oleracea L. | 3042853: Brassica oleracea subsp. caulorapa (DC.) Metzg. | 7836447: Brassica oleracea subsp. capitata (L.) Schübl. & G.Martens, 1834",220,152545392
951,Brassica rapa,7903057,SPECIES,ACCEPTED,Plantae,7903057: Brassica rapa L. | 3042723: Brassica rapa subsp. campestris (L.) A.R.Clapham | 7225636: Brassica rapa subsp. rapa | 6449378: Brassica rapa var. oleifera DC. | 3042702: Brassica rapa subsp. chinensis (L.) Hanelt,220,152545390
952,Brassica tournefortii,3042624,SPECIES,ACCEPTED,Plantae,3042624: Brassica tournefortii Gouan,220,152545396
953,Bratislavia dadayi,2152822,NA,NA,NA,NA,367,152543667
954,Briza maxima,2702792,SPECIES,ACCEPTED,Plantae,2702792: Briza maxima L.,196,152546989
955,Briza minor,2702793,SPECIES,ACCEPTED,Plantae,2702793: Briza minor L.,196,152546988
956,Bromus alopecuros,5381097,NA,NA,NA,NA,220,152546952
957,Bromus arenarius,5341768,NA,NA,NA,NA,220,152546951
958,Bromus brevis,2703731,SPECIES,ACCEPTED,Plantae,NA,196,152546959
959,Bromus briziformis,2703682,SPECIES,ACCEPTED,Plantae,NA,196,152546957
960,Bromus carinatus,2703712,SPECIES,ACCEPTED,Plantae,NA,196,213213003
961,Bromus catharticus,2703723,SPECIES,ACCEPTED,Plantae,2703723: Bromus catharticus Vahl | 2703727: Ceratochloa cathartica (Vahl) Herter | 2703724: Ceratochloa unioloides (Willd.) P.Beauv.,196,152546966
962,Bromus danthoniae,5539680,NA,NA,NA,NA,220,152546955
963,Bromus diandrus,2703760,SPECIES,ACCEPTED,Plantae,2703760: Bromus diandrus Roth | 8190105: Bromus diandrus subsp. diandrus | 2703761: Anisantha diandra (Roth) Tutin ex Tzvelev,196,152546962
964,Bromus ferronii,4124881,SPECIES,ACCEPTED,Plantae,NA,196,213213005
965,Bromus hordeaceus,4131042,SUBSPECIES,ACCEPTED,Plantae,4131042: Bromus hordeaceus subsp. longipedicellatus Spalton,196,NA
966,Bromus hordeaceus,5347854,SUBSPECIES,ACCEPTED,Plantae,NA,220,NA
967,Bromus hordeaceus,2453826,SUBSPECIES,ACCEPTED,Plantae,NA,11592253,NA
968,Bromus hordeaceus,8782549,SUBSPECIES,ACCEPTED,Plantae,NA,11592253,NA
969,Bromus hordeaceus,5352425,SUBSPECIES,ACCEPTED,Plantae,NA,220,NA
970,Bromus hordeaceus,7331861,SUBSPECIES,ACCEPTED,Plantae,NA,220,NA
971,Bromus hordeaceus,7421129,SUBSPECIES,ACCEPTED,Plantae,NA,196,NA
972,Bromus hordeaceus,2717402,SUBSPECIES,ACCEPTED,Plantae,NA,196,NA
973,Bromus hordeaceus,2653392,SUBSPECIES,ACCEPTED,Plantae,NA,282,NA
974,Bromus hordeaceus,7293222,SUBSPECIES,ACCEPTED,Plantae,NA,220,NA
975,Bromus hordeaceus,7753114,SUBSPECIES,ACCEPTED,Plantae,NA,220,NA
976,Bromus hordeaceus,2176168,SUBSPECIES,ACCEPTED,Plantae,NA,367,NA
977,Bromus hordeaceus,7455425,SUBSPECIES,ACCEPTED,Plantae,NA,220,NA
978,Bromus hordeaceus,8257857,SUBSPECIES,ACCEPTED,Plantae,NA,220,NA
979,Bromus hordeaceus,7266343,SUBSPECIES,ACCEPTED,Plantae,NA,220,NA
980,Bromus hordeaceus,2974921,SUBSPECIES,ACCEPTED,Plantae,NA,220,NA
981,Bromus hordeaceus,7225471,SUBSPECIES,ACCEPTED,Plantae,NA,220,NA
982,Bromus hordeaceus,2444141,SUBSPECIES,ACCEPTED,Plantae,NA,11592253,NA
983,Bromus hordeaceus,2453882,SUBSPECIES,ACCEPTED,Plantae,NA,11592253,NA
984,Bromus hordeaceus,5831060,SUBSPECIES,ACCEPTED,Plantae,NA,220,NA
985,Bromus hordeaceus,7223177,SUBSPECIES,ACCEPTED,Plantae,NA,220,NA
986,Bromus hordeaceus,4248063,SUBSPECIES,ACCEPTED,Plantae,NA,220,NA
987,Bromus hordeaceus,4048052,SUBSPECIES,ACCEPTED,Plantae,NA,220,NA
988,Bromus hordeaceus,7225621,NA,NA,NA,NA,220,NA
989,Bromus hordeaceus,3047147,NA,NA,NA,NA,220,NA
990,Bromus hordeaceus divaricatus,NA,NA,NA,NA,NA,NA,213213012
991,Bromus hordeaceus longipedicellatus,NA,NA,NA,NA,NA,NA,152546949
992,Bromus inermis,2703670,SPECIES,ACCEPTED,Plantae,2703670: Bromus inermis Leyss. | 4112404: Bromopsis inermis (Leyss.) Holub,196,152546956
993,Bromus intermedius,4128347,SPECIES,ACCEPTED,Plantae,4128347: Bromus intermedius Guss.,196,152546948
994,Bromus japonicus,3189760,NA,NA,NA,NA,220,NA
995,Bromus japonicus,4090836,NA,NA,NA,NA,220,NA
996,Bromus japonicus,7350944,NA,NA,NA,NA,220,NA
997,Bromus japonicus,11844792,NA,NA,NA,NA,220,NA
998,Bromus japonicus,2443339,NA,NA,NA,NA,11418114,NA
999,Bromus japonicus,7358677,NA,NA,NA,NA,220,NA
1000,Bromus japonicus,3802956,NA,NA,NA,NA,220,NA
1001,Bromus japonicus,9537212,NA,NA,NA,NA,220,NA
1002,Bromus japonicus,7998563,NA,NA,NA,NA,196,NA
1003,Bromus japonicus,5224481,NA,NA,NA,NA,11592253,NA
1004,Bromus japonicus,6300531,NA,NA,NA,NA,220,NA
1005,Bromus japonicus japonicus,NA,NA,NA,NA,NA,NA,213213019
1006,Bromus lanceolatus,2703733,SPECIES,ACCEPTED,Plantae,2703733: Bromus lanceolatus Roth,196,152546960
1007,Bromus lepidus,2703711,SPECIES,ACCEPTED,Plantae,2703711: Bromus lepidus Holmb.,196,152546963
1008,Bromus madritensis,2703721,SPECIES,ACCEPTED,Plantae,2703721: Bromus madritensis L. | 2703722: Anisantha madritensis (L.) Nevski,196,152546965
1009,Bromus marginatus,2703686,SPECIES,ACCEPTED,Plantae,NA,196,152546958
1010,Bromus pectinatus,4114858,NA,NA,NA,NA,196,152546950
1011,Bromus polyanthus,2703776,SPECIES,ACCEPTED,Plantae,NA,196,182133530
1012,Bromus rigidus,2703663,SPECIES,ACCEPTED,Plantae,NA,196,213213008
1013,Bromus rubens,2703740,SPECIES,ACCEPTED,Plantae,2703740: Bromus rubens L.,196,152546961
1014,Bromus scoparius,2703720,SPECIES,ACCEPTED,Plantae,NA,196,152546964
1015,Bromus sitchensis,2703698,SPECIES,ACCEPTED,Plantae,2703698: Bromus sitchensis Trin.,196,152546953
1016,Bromus squarrosus,2703700,SPECIES,ACCEPTED,Plantae,2703700: Bromus squarrosus L.,196,152546954
1017,Broussonetia papyrifera,5361944,SPECIES,ACCEPTED,Plantae,5361944: Broussonetia papyrifera (L.) Vent.,220,152544746
1018,Brunnera macrophylla,2926045,SPECIES,ACCEPTED,Plantae,2926045: Brunnera macrophylla (Adams) I.M.Johnst.,220,152545525
1019,Bubo virginianus,5959118,SPECIES,ACCEPTED,Animalia,"5959118: Bubo virginianus (J.F.Gmelin, 1788)",212,159746974
1020,Bucculatrix ainsliella,1751299,SPECIES,ACCEPTED,Animalia,NA,216,213214029
1021,Bucculatrix chrysanthemella,4535888,SPECIES,ACCEPTED,Animalia,NA,216,213214028
1022,Bucephala albeola,2498329,SPECIES,ACCEPTED,Animalia,"2498329: Bucephala albeola (Linnaeus, 1758)",212,159747051
1023,Bucephala islandica,2211487,NA,NA,NA,NA,229,213212733
1024,Buchananiella continua,2020779,SPECIES,ACCEPTED,Animalia,NA,216,213214243
1025,Bucorvus leadbeateri,2476041,SPECIES,ACCEPTED,Animalia,"2476041: Bucorvus leadbeateri (Vigors, 1825)",212,159747433
1026,Buddleja albiflora,4023424,NA,NA,NA,NA,220,152545611
1027,Buddleja davidii,3173338,SPECIES,ACCEPTED,Plantae,3173338: Buddleja davidii Franch. | 4055561: Buddleja variabilis Hemsl.,220,152545612
1028,Bufotes viridis,9529916,SPECIES,ACCEPTED,Animalia,"9529916: Bufotes viridis (Laurenti, 1768)",131,182133493
1029,Bugula neritina,4984851,SPECIES,ACCEPTED,Animalia,NA,252,159748463
1030,Bugulina simplex,7668385,SPECIES,ACCEPTED,Animalia,NA,252,159748461
1031,Bugulina stolonifera,7272439,NA,NA,NA,NA,220,159748459
1032,Bunias erucago,3050357,SPECIES,ACCEPTED,Plantae,3050357: Bunias erucago L.,220,152545455
1033,Bunias orientalis,3050364,SPECIES,ACCEPTED,Plantae,3050364: Bunias orientalis L.,220,152545456
1034,Bupleurum croceum,3639326,SPECIES,ACCEPTED,Plantae,3639326: Bupleurum croceum Fenzl,220,152544619
1035,Bupleurum fruticosum,3638793,SPECIES,ACCEPTED,Plantae,NA,220,152544622
1036,Bupleurum gerardi,6369140,NA,NA,NA,NA,220,152544614
1037,Bupleurum odontites,3034552,SPECIES,ACCEPTED,Plantae,NA,220,152544624
1038,Bupleurum praealtum,6026972,SPECIES,ACCEPTED,Plantae,6026972: Bupleurum praealtum L.,220,152544617
1039,Bupleurum subovatum,3034558,SPECIES,ACCEPTED,Plantae,3034558: Bupleurum subovatum Link ex Spreng.,220,152544625
1040,Buteo auguralis,2480568,SPECIES,ACCEPTED,Animalia,"2480568: Buteo auguralis Salvadori, 1865",212,159747126
1041,Buteo jamaicensis,2480542,SPECIES,ACCEPTED,Animalia,"2480542: Buteo jamaicensis (Gmelin, 1788)",212,159747128
1042,Cabomba caroliniana,2882443,SPECIES,ACCEPTED,Plantae,2882443: Cabomba caroliniana A.Gray,220,152545879
1043,Cacopsylla fulguralis,4484176,SPECIES,ACCEPTED,Animalia,NA,216,213214175
1044,Cacyreus marshalli,1932752,SPECIES,ACCEPTED,Animalia,"1932752: Cacyreus marshalli Butler, 1898",216,152544304
1045,Cadra cautella,1873890,SPECIES,ACCEPTED,Animalia,NA,216,213213915
1046,Cadra figulilella,1873903,SPECIES,ACCEPTED,Animalia,NA,216,213213914
1047,Caenoplana coerulea,2502810,SPECIES,ACCEPTED,Animalia,"2502810: Caenoplana coerulea Moseley, 1877",NA,182132854
1048,Caenoplana variegata,6476679,SPECIES,ACCEPTED,Animalia,NA,NA,213213352
1049,Caiman crocodilus,2514345,NA,NA,NA,NA,270,182133699
1050,Cairina moschata,7805464,NA,NA,NA,NA,270,159747040
1051,Calandrinia ciliata,3084693,SPECIES,ACCEPTED,Plantae,NA,220,159749078
1052,Calandrinia pilosiuscula,7288892,SPECIES,ACCEPTED,Plantae,NA,220,213214856
1053,Calceolaria chelidonioides,3377362,NA,NA,NA,NA,270,152545568
1054,Calendula arvensis,9182765,SPECIES,ACCEPTED,Plantae,9182765: Calendula arvensis L.,220,152543722
1055,Calendula officinalis,5391480,SPECIES,ACCEPTED,Plantae,5391480: Calendula officinalis L.,220,152543724
1056,Calibrachoa parviflora,2928905,SPECIES,ACCEPTED,Plantae,NA,220,213213526
1057,Callicarpa bodinieri,7309012,SPECIES,ACCEPTED,Plantae,7309012: Callicarpa bodinieri H.Lév.,220,152545700
1058,Callidiellum rufipennis,1152186,SPECIES,ACCEPTED,Animalia,"1152188: Callidiellum rufipenne N.Ohbayashi, Kimura & Satô, 1994",216,154368238
1059,Callinectes sapidus,2225646,SPECIES,ACCEPTED,Animalia,"2225646: Callinectes sapidus Rathbun, 1896",229,152543877
1060,Callipepla californica,5228080,SPECIES,ACCEPTED,Animalia,"5228080: Callipepla californica (Shaw, 1798)",212,159747507
1061,Callistephus chinensis,3092946,SPECIES,ACCEPTED,Plantae,3092946: Callistephus chinensis (L.) Nees,220,152544360
1062,Callobius nomeus,2494536,NA,NA,NA,NA,212,152544246
1063,Callonetta leucophrys,2498384,SPECIES,ACCEPTED,Animalia,"2498384: Callonetta leucophrys (Vieillot, 1816)",212,159747065
1064,Callopistria floridensis,5108665,SPECIES,ACCEPTED,Animalia,"5108665: Callopistria floridensis Guenée, 1852",216,152544299
1065,Callopistromyia annulipes,1523628,SPECIES,ACCEPTED,Animalia,NA,216,213214435
1066,Callosciurus erythraeus,2437394,SPECIES,ACCEPTED,Animalia,"2437394: Callosciurus erythraeus (Pallas, 1779)",359,152543314
1067,Callosciurus finlaysonii,2437399,SPECIES,ACCEPTED,Animalia,NA,359,213212296
1068,Callosciurus prevostii,2437397,SPECIES,ACCEPTED,Animalia,"2437397: Callosciurus prevostii (Desmarest, 1822)",359,152543313
1069,Calluna vulgaris,2882482,SPECIES,ACCEPTED,Plantae,NA,220,NA
1070,Calocephalus brownii,5406261,SPECIES,ACCEPTED,Plantae,NA,220,213215080
1071,Calotes,NA,NA,NA,NA,NA,NA,182133806
1072,Calotes NA,2466496,GENUS,ACCEPTED,Animalia,NA,11592253,NA
1073,Calotes NA,2466496,GENUS,ACCEPTED,Animalia,NA,11592253,NA
1074,Calotis cuneifolia,3098186,SPECIES,ACCEPTED,Plantae,3098186: Calotis cuneifolia R.Br.,220,152544339
1075,Calotis hispidula,3098176,SPECIES,ACCEPTED,Plantae,3098176: Calotis hispidula (F.Muell.) F.Muell.,220,152544336
1076,Calotis lappulacea,2494787,NA,NA,NA,NA,212,152544338
1077,Calystegia pulchra,3678949,SPECIES,ACCEPTED,Plantae,3678949: Calystegia pulchra Brumm. & Heywood,220,152545005
1078,Calystegia silvatica,7272185,NA,NA,NA,NA,220,NA
1079,Calystegia silvatica,4048052,NA,NA,NA,NA,220,NA
1080,Calystegia silvatica,5581279,NA,NA,NA,NA,220,NA
1081,Calystegia silvatica,3023671,NA,NA,NA,NA,220,NA
1082,Calystegia silvatica,12205713,NA,NA,NA,NA,196,NA
1083,Calystegia silvatica,7298085,NA,NA,NA,NA,220,NA
1084,Calystegia silvatica,7427650,NA,NA,NA,NA,220,NA
1085,Calystegia silvatica,6157050,NA,NA,NA,NA,11418114,NA
1086,Calystegia silvatica,6420901,NA,NA,NA,NA,220,NA
1087,Calystegia silvatica,8045533,NA,NA,NA,NA,220,NA
1088,Calystegia silvatica,9462721,NA,NA,NA,NA,212,NA
1089,Calystegia silvatica,5548724,NA,NA,NA,NA,220,NA
1090,Calystegia silvatica silvatica,NA,NA,NA,NA,NA,NA,213213583
1091,Camassia leichtlinii,2769069,SPECIES,ACCEPTED,Plantae,NA,196,213212521
1092,Camassia leichtlinii,2769073,SUBSPECIES,ACCEPTED,Plantae,NA,196,213212521
1093,Camassia leichtlinii,2888945,SPECIES,ACCEPTED,Plantae,NA,220,213212521
1094,Camassia leichtlinii,6302047,SPECIES,ACCEPTED,Plantae,NA,220,213212521
1095,Camassia leichtlinii,7358677,SPECIES,ACCEPTED,Plantae,NA,220,213212521
1096,Camassia leichtlinii,2457378,SPECIES,ACCEPTED,Plantae,NA,11592253,213212521
1097,Camassia leichtlinii,7225456,SPECIES,ACCEPTED,Plantae,NA,220,213212521
1098,Camassia leichtlinii,2473221,SPECIES,ACCEPTED,Plantae,NA,11592253,213212521
1099,Camassia leichtlinii,7421129,SPECIES,ACCEPTED,Plantae,NA,196,213212521
1100,Camassia leichtlinii,6449041,SPECIES,ACCEPTED,Plantae,NA,196,213212521
1101,Camassia leichtlinii,4194303,SPECIES,ACCEPTED,Plantae,NA,220,213212521
1102,Camassia leichtlinii,8983123,SPECIES,ACCEPTED,Plantae,NA,220,213212521
1103,Camassia leichtlinii,7068845,NA,NA,NA,NA,220,213212521
1104,Camassia leichtlinii suksdorfii,NA,NA,NA,NA,NA,NA,152546703
1105,Camelina alyssum,3042399,SPECIES,ACCEPTED,Plantae,3042399: Camelina alyssum (Mill.) Thell. | 3042406: Camelina dentata (Willd.) Pers.,220,152545387
1106,Camelina microcarpa,3042416,SPECIES,ACCEPTED,Plantae,3042416: Camelina microcarpa Andrz. ex DC. | 3042423: Camelina microcarpa subsp. sylvestris (Wallr.) Hiitonen | 9778381: Camelina microcarpa subsp. microcarpa,220,152545386
1107,Camelina rumelica,3042439,SPECIES,ACCEPTED,Plantae,3042439: Camelina rumelica Velen.,220,152545388
1108,Camelina sativa,9073641,SPECIES,ACCEPTED,Plantae,9073641: Camelina sativa (L.) Crantz | 3042435: Camelina sativa subsp. sativa,220,152545385
1109,Cameraria gaultheriella,5104748,SPECIES,ACCEPTED,Animalia,"5104748: Cameraria gaultheriella (Walsingham, 1889)",216,152544314
1110,Cameraria ohridella,1749449,SPECIES,ACCEPTED,Animalia,"10330573: BOLD:AAA1236 | 1749449: Cameraria ohridella Deschka & Dimic, 1986",216,152544315
1111,Campanula carpatica,5410826,SPECIES,ACCEPTED,Plantae,5410826: Campanula carpatica Jacq.,220,152543573
1112,Campanula erinus,5409852,SPECIES,ACCEPTED,Plantae,5409852: Campanula erinus L.,220,152543570
1113,Campanula fenestrellata,5410210,SPECIES,ACCEPTED,Plantae,5410210: Campanula fenestrellata Feer,220,152543569
1114,Campanula garganica,5411353,SPECIES,ACCEPTED,Plantae,NA,220,213215025
1115,Campanula lactiflora,5411392,SPECIES,ACCEPTED,Plantae,5411392: Campanula lactiflora M.Bieb.,220,152543575
1116,Campanula latifolia,5411408,SPECIES,ACCEPTED,Plantae,5411408: Campanula latifolia L.,220,152543578
1117,Campanula medium,5411453,SPECIES,ACCEPTED,Plantae,5411453: Campanula medium L.,220,152543579
1118,Campanula portenschlagiana,5410411,SPECIES,ACCEPTED,Plantae,5410411: Campanula portenschlagiana Schult.,220,152543576
1119,Campanula poscharskyana,5410151,SPECIES,ACCEPTED,Plantae,5410151: Campanula poscharskyana Degen,220,152543566
1120,Campanula pyramidalis,5410661,SPECIES,ACCEPTED,Plantae,NA,220,213215026
1121,Campanula rhomboidalis,5410480,SPECIES,ACCEPTED,Plantae,5410480: Campanula rhomboidalis L.,220,152543577
1122,Camponotus vagus,1313740,SPECIES,ACCEPTED,Animalia,"1313740: Camponotus vagus (Scopoli, 1763)",216,152544526
1123,Campsis grandiflora,4094511,SPECIES,ACCEPTED,Plantae,NA,220,213215567
1124,Campsis radicans,3172549,SPECIES,ACCEPTED,Plantae,NA,220,213215566
1125,Campylopus introflexus,5281901,SPECIES,ACCEPTED,Plantae,"5281901: Campylopus introflexus Bridel, 1819",327,152546494
1126,Canis lupus,2435451,SUBSPECIES,ACCEPTED,Animalia,NA,359,NA
1127,Canis lupus,6164210,SUBSPECIES,ACCEPTED,Animalia,NA,359,NA
1128,Canis lupus,6420901,SUBSPECIES,ACCEPTED,Animalia,NA,220,NA
1129,Canis lupus,7266343,SUBSPECIES,ACCEPTED,Animalia,NA,220,NA
1130,Canis lupus,6157035,SUBSPECIES,ACCEPTED,Animalia,NA,11418114,NA
1131,Canis lupus,4090836,SUBSPECIES,ACCEPTED,Animalia,NA,220,NA
1132,Canis lupus,3663237,SUBSPECIES,ACCEPTED,Animalia,NA,220,NA
1133,Canis lupus,4048052,SUBSPECIES,ACCEPTED,Animalia,NA,220,NA
1134,Canis lupus,3666059,SUBSPECIES,ACCEPTED,Animalia,NA,220,NA
1135,Canis lupus,7853188,SUBSPECIES,ACCEPTED,Animalia,NA,220,NA
1136,Canis lupus,6313049,SUBSPECIES,ACCEPTED,Animalia,NA,196,NA
1137,Canis lupus,7226804,SUBSPECIES,ACCEPTED,Animalia,NA,196,NA
1138,Canis lupus,7427741,NA,NA,NA,NA,220,NA
1139,Canis lupus familiaris,NA,NA,NA,NA,NA,NA,213212335
1140,Canna generalis,5602664,SPECIES,ACCEPTED,Plantae,5602664: Canna generalis L.H.Bailey,196,NA
1141,Canna hybrida,7529533,SPECIES,ACCEPTED,Plantae,NA,196,213212668
1142,Canna indica,6308164,NA,NA,NA,NA,220,213212670
1143,Cannabis sativa,5361880,SPECIES,ACCEPTED,Plantae,5361880: Cannabis sativa L.,220,152544738
1144,Capitites ramulosa,1623354,SPECIES,ACCEPTED,Animalia,NA,216,213214414
1145,Caprella equilibra,5178052,SPECIES,ACCEPTED,Animalia,NA,229,213214495
1146,Caprella mutica,5178057,SPECIES,ACCEPTED,Animalia,"5178057: Caprella mutica Schurin, 1935",229,152543947
1147,Capsicum annuum,2932944,SPECIES,ACCEPTED,Plantae,2932944: Capsicum annuum L.,220,152544999
1148,Carabus rutilans,4470640,SPECIES,ACCEPTED,Animalia,NA,216,213214375
1149,Caracara plancus,2480989,SPECIES,ACCEPTED,Animalia,NA,212,213212582
1150,Caracara plancus,3170878,SPECIES,ACCEPTED,Animalia,NA,220,213212582
1151,Caracara plancus,6449041,SPECIES,ACCEPTED,Animalia,NA,196,213212582
1152,Caracara plancus,2202786,SPECIES,ACCEPTED,Animalia,NA,229,213212582
1153,Caracara plancus,2974921,SPECIES,ACCEPTED,Animalia,NA,220,213212582
1154,Caracara plancus,7225712,SPECIES,ACCEPTED,Animalia,NA,220,213212582
1155,Caracara plancus,8257546,SPECIES,ACCEPTED,Animalia,NA,196,213212582
1156,Caracara plancus,7293222,SPECIES,ACCEPTED,Animalia,NA,220,213212582
1157,Caracara plancus,7230699,SPECIES,ACCEPTED,Animalia,NA,194,213212582
1158,Caracara plancus,2444221,SPECIES,ACCEPTED,Animalia,NA,11592253,213212582
1159,Caracara plancus,5548011,SPECIES,ACCEPTED,Animalia,NA,220,213212582
1160,Caracara plancus,2161467,SPECIES,ACCEPTED,Animalia,NA,367,213212582
1161,Caracara plancus,2914404,NA,NA,NA,NA,220,213212582
1162,Caracara plancus cheriway,NA,NA,NA,NA,NA,NA,213212580
1163,Caragana arborescens,2943190,SPECIES,ACCEPTED,Plantae,NA,220,213213889
1164,Caragana halodendron,3967193,SPECIES,ACCEPTED,Plantae,NA,220,182134288
1165,Carassius auratus,4286942,SPECIES,ACCEPTED,Animalia,"7193629: Carassius auratus auratus | 4286942: Carassius auratus (Linnaeus, 1758)",NA,152543532
1166,Carassius gibelio,2366634,SPECIES,ACCEPTED,Animalia,"2366634: Carassius gibelio (Bloch, 1782)",NA,152543533
1167,Carausius morosus,1411953,SPECIES,ACCEPTED,Animalia,NA,216,213213785
1168,Cardamine corymbosa,3046015,SPECIES,ACCEPTED,Plantae,3046015: Cardamine corymbosa Hook.f.,220,152545425
1169,Cardamine graeca,3045803,SPECIES,ACCEPTED,Plantae,3045803: Cardamine graeca L.,220,182134464
1170,Cardamine occulta,3690997,SPECIES,ACCEPTED,Plantae,3692264: Cardamine hamiltonii G.Don | 3690997: Cardamine occulta Hornem.,220,152545423
1171,Cardamine parviflora,3046092,SPECIES,ACCEPTED,Plantae,3046092: Cardamine parviflora L.,220,152545424
1172,Cardinalis cardinalis,2490384,SPECIES,ACCEPTED,Animalia,"2490384: Cardinalis cardinalis (Linnaeus, 1758)",212,159747292
1173,Cardiospermum grandiflorum,3189935,SPECIES,ACCEPTED,Plantae,NA,220,152543351
1174,Cardiospermum halicacabum,3189939,SPECIES,ACCEPTED,Plantae,3189939: Cardiospermum halicacabum L.,220,152543350
1175,Carduus acanthoides,3114643,SPECIES,ACCEPTED,Plantae,3114643: Carduus acanthoides L.,220,152544206
1176,Carduus hamulosus,3114679,SPECIES,ACCEPTED,Plantae,3114679: Carduus hamulosus Ehrh.,220,152544203
1177,Carduus nutans,9448191,SUBSPECIES,ACCEPTED,Plantae,9448191: Carduus nutans subsp. leiophyllus (Petrovic) Arènes,220,NA
1178,Carduus nutans,5586656,SUBSPECIES,ACCEPTED,Plantae,NA,220,NA
1179,Carduus nutans,7358677,SUBSPECIES,ACCEPTED,Plantae,NA,220,NA
1180,Carduus nutans,7225471,SUBSPECIES,ACCEPTED,Plantae,NA,220,NA
1181,Carduus nutans,8782549,SUBSPECIES,ACCEPTED,Plantae,NA,11592253,NA
1182,Carduus nutans,7323906,SUBSPECIES,ACCEPTED,Plantae,NA,220,NA
1183,Carduus nutans,4048052,SUBSPECIES,ACCEPTED,Plantae,NA,220,NA
1184,Carduus nutans,7420522,SUBSPECIES,ACCEPTED,Plantae,NA,220,NA
1185,Carduus nutans,4035024,SUBSPECIES,ACCEPTED,Plantae,NA,220,NA
1186,Carduus nutans,6085036,SUBSPECIES,ACCEPTED,Plantae,NA,196,NA
1187,Carduus nutans,7226794,SUBSPECIES,ACCEPTED,Plantae,NA,196,NA
1188,Carduus nutans,10966302,SUBSPECIES,ACCEPTED,Plantae,NA,196,NA
1189,Carduus nutans,4132112,NA,NA,NA,NA,196,NA
1190,Carduus nutans leiophyllus,NA,NA,NA,NA,NA,NA,152544195
1191,Carduus pycnocephalus,3114667,SPECIES,ACCEPTED,Plantae,3114667: Carduus pycnocephalus L.,220,152544200
1192,Carduus theriotii,8419625,NA,NA,NA,NA,220,213215030
1193,Carduus vivariensis,4210773,SPECIES,ACCEPTED,Plantae,4210773: Carduus vivariensis Jord.,220,152544198
1194,Carex agastachys,3047633,NA,NA,NA,NA,220,162644337
1195,Carex crawfordii,2722380,SPECIES,ACCEPTED,Plantae,2722380: Carex crawfordii Fernald,196,152546770
1196,Carex crus-corvi,2432063,NA,NA,NA,NA,131,152546761
1197,Carex curvata,7594735,SPECIES,ACCEPTED,Plantae,NA,196,213213177
1198,Carex grayi,2726360,SPECIES,ACCEPTED,Plantae,2726360: Carex grayi J.Carey,196,152546763
1199,Carex loliacea,2722973,SPECIES,ACCEPTED,Plantae,2722973: Carex loliacea L.,196,152546768
1200,Carex melanostachya,2723271,SPECIES,ACCEPTED,Plantae,2723271: Carex melanostachya M.Bieb. ex Willd.,196,152546769
1201,Carex morrowii,2722515,SPECIES,ACCEPTED,Plantae,2722515: Carex morrowii Boott,196,152546771
1202,Carex muricata,7227181,SUBSPECIES,ACCEPTED,Plantae,6311523: Carex muricata subsp. lamprocarpa (Wallr.) Celak. | 7227181: Carex muricata subsp. muricata,196,NA
1203,Carex muricata,9405036,SUBSPECIES,ACCEPTED,Plantae,NA,212,NA
1204,Carex muricata,7853188,SUBSPECIES,ACCEPTED,Plantae,NA,220,NA
1205,Carex muricata,5548724,SUBSPECIES,ACCEPTED,Plantae,NA,220,NA
1206,Carex muricata,3042889,SUBSPECIES,ACCEPTED,Plantae,NA,220,NA
1207,Carex muricata,8257546,SUBSPECIES,ACCEPTED,Plantae,NA,196,NA
1208,Carex muricata,7753114,SUBSPECIES,ACCEPTED,Plantae,NA,220,NA
1209,Carex muricata,7358677,SUBSPECIES,ACCEPTED,Plantae,NA,220,NA
1210,Carex muricata,2202786,SUBSPECIES,ACCEPTED,Plantae,NA,229,NA
1211,Carex muricata,7298085,SUBSPECIES,ACCEPTED,Plantae,NA,220,NA
1212,Carex muricata,3663237,SUBSPECIES,ACCEPTED,Plantae,NA,220,NA
1213,Carex muricata,8338571,SUBSPECIES,ACCEPTED,Plantae,NA,196,NA
1214,Carex muricata,2445496,NA,NA,NA,NA,11592253,NA
1215,Carex muricata muricata,NA,NA,NA,NA,NA,NA,152546762
1216,Carex muskingumensis,2726538,SPECIES,ACCEPTED,Plantae,2726538: Carex muskingumensis Schwein.,196,152546764
1217,Carex plantaginea,2149847,NA,NA,NA,NA,367,213213178
1218,Carex scoparia,2726539,SPECIES,ACCEPTED,Plantae,2726539: Carex scoparia Schkuhr ex Willd.,196,152546765
1219,Carex secalina,2727875,SPECIES,ACCEPTED,Plantae,2727875: Carex secalina Willd. ex Wahlenb.,196,152546766
1220,Carex vulpinoidea,2728060,SPECIES,ACCEPTED,Plantae,2728060: Carex vulpinoidea Michx.,196,152546767
1221,Cariblatta lutea,1998599,SPECIES,ACCEPTED,Animalia,NA,216,213214395
1222,Carpobrotus edulis,3084842,SPECIES,ACCEPTED,Plantae,3084842: Carpobrotus edulis (L.) N.E.Br.,220,152546026
1223,Carpodacus roseus,2494514,SPECIES,ACCEPTED,Animalia,"2494514: Carpodacus roseus (Pallas, 1776)",212,159747213
1224,Carpodacus sibiricus,7690055,SPECIES,ACCEPTED,Animalia,"7690055: Carpodacus sibiricus (Pallas, 1773)",212,159747211
1225,Carpophilus obsoletus,2927296,NA,NA,NA,NA,220,152544541
1226,Carrichtera annua,2157278,NA,NA,NA,NA,367,152545372
1227,Carthamus lanatus,3138230,SPECIES,ACCEPTED,Plantae,3138230: Carthamus lanatus L.,220,152543613
1228,Carthamus tinctorius,3138327,SPECIES,ACCEPTED,Plantae,3138327: Carthamus tinctorius L.,220,152543912
1229,Caryopteris incana,7308640,SPECIES,ACCEPTED,Plantae,7308640: Caryopteris incana (Thunb. ex Houtt.) Miq.,220,152545702
1230,Caryopteris incana,3125765,SPECIES,ACCEPTED,Plantae,NA,220,152545702
1231,Caryopteris incana,7267492,SPECIES,ACCEPTED,Plantae,NA,220,152545702
1232,Caryopteris incana,2444141,SPECIES,ACCEPTED,Plantae,NA,11592253,152545702
1233,Caryopteris incana,3757050,SPECIES,ACCEPTED,Plantae,NA,220,152545702
1234,Caryopteris incana,4219118,SPECIES,ACCEPTED,Plantae,NA,220,152545702
1235,Caryopteris incana,7332517,SPECIES,ACCEPTED,Plantae,NA,220,152545702
1236,Caryopteris incana,7415922,SPECIES,ACCEPTED,Plantae,NA,220,152545702
1237,Caryopteris incana,4925890,SPECIES,ACCEPTED,Plantae,NA,220,152545702
1238,Caryopteris incana,6076279,SPECIES,ACCEPTED,Plantae,NA,220,152545702
1239,Caryopteris incana,6432925,SPECIES,ACCEPTED,Plantae,NA,220,152545702
1240,Caryopteris incana,7308335,SPECIES,ACCEPTED,Plantae,NA,220,152545702
1241,Caryopteris incana,3023671,NA,NA,NA,NA,220,152545702
1242,Caryopteris incana x mongholica,NA,NA,NA,NA,NA,NA,213215451
1243,Castanea sativa,5333294,SPECIES,ACCEPTED,Plantae,5333294: Castanea sativa Mill. | 5333296: Castanea vulgaris Lam.,220,152546167
1244,Castor canadensis,2439838,SPECIES,ACCEPTED,Animalia,"2439838: Castor canadensis Kuhl, 1820",359,152543277
1245,Catalpa bignonioides,3172615,SPECIES,ACCEPTED,Plantae,3172615: Catalpa bignonioides Walter,220,152545591
1246,Catalpa erubescens,4926977,SPECIES,ACCEPTED,Plantae,NA,220,152545590
1247,Catalpa ovata,3172613,SPECIES,ACCEPTED,Plantae,3172613: Catalpa ovata G.Don,220,152545592
1248,Catananche caerulea,3134867,SPECIES,ACCEPTED,Plantae,3134867: Catananche caerulea L.,220,152543993
1249,Caucalis platycarpos,3034523,SPECIES,ACCEPTED,Plantae,3034523: Caucalis platycarpos L.,220,NA
1250,Cavia porcellus,5219702,SPECIES,ACCEPTED,Animalia,NA,359,213212262
1251,Caylusea abyssinica,3916499,SPECIES,ACCEPTED,Plantae,3916499: Caylusea abyssinica (Fresen.) Fisch. & C.A.Mey.,220,152545469
1252,Ceanothus delilianus,3875113,SPECIES,DOUBTFUL,Plantae,NA,220,152544759
1253,Cedrus atlantica,5284702,SPECIES,ACCEPTED,Plantae,NA,194,213213321
1254,Cedrus deodara,5284698,SPECIES,ACCEPTED,Plantae,NA,194,213213323
1255,Celastrus orbiculatus,3169169,SPECIES,ACCEPTED,Plantae,3169169: Celastrus orbiculatus Thunb.,220,182133792
1256,Celosia cristata,3085196,SPECIES,ACCEPTED,Plantae,3085196: Celosia cristata L.,220,182135058
1257,Celtis australis,2984492,SPECIES,ACCEPTED,Plantae,NA,220,213215654
1258,Cenchrus alopecuroides,5671747,SPECIES,ACCEPTED,Plantae,2706156: Pennisetum alopecuroides (L.) Spreng. | 5671589: Cenchrus purpurascens Thunb. | 5671747: Cenchrus alopecuroides (L.) Thunb.,196,152546817
1259,Cenchrus echinatus,5289739,SPECIES,ACCEPTED,Plantae,5289739: Cenchrus echinatus L.,196,152546819
1260,Cenchrus flaccidus,5828216,SPECIES,ACCEPTED,Plantae,2706137: Pennisetum flaccidum Griseb. | 5828216: Cenchrus flaccidus (Griseb.) Morrone,196,152546816
1261,Cenchrus longisetus,5290192,SPECIES,ACCEPTED,Plantae,NA,196,213212860
1262,Cenchrus longispinus,5289731,SPECIES,ACCEPTED,Plantae,5289731: Cenchrus longispinus (Hack.) Fernald,196,152546818
1263,Cenchrus petiolaris,6068804,SPECIES,ACCEPTED,Plantae,NA,196,213212858
1264,Cenchrus spinifex,6157026,NA,NA,NA,NA,11418114,213212856
1265,Centaurea adami,4207403,SPECIES,ACCEPTED,Plantae,NA,220,213215181
1266,Centaurea aspera,3128166,SPECIES,ACCEPTED,Plantae,3128166: Centaurea aspera L.,220,152543973
1267,Centaurea benedicta,3127691,SPECIES,ACCEPTED,Plantae,3127691: Centaurea benedicta (L.) L.,220,152543979
1268,Centaurea calocephala,3128279,SPECIES,ACCEPTED,Plantae,NA,220,152543963
1269,Centaurea depressa,3089549,SPECIES,ACCEPTED,Plantae,NA,220,213215182
1270,Centaurea diffusa,3128962,SPECIES,ACCEPTED,Plantae,3128962: Centaurea diffusa Lam.,220,152543966
1271,Centaurea diluta,3129010,SPECIES,ACCEPTED,Plantae,3129010: Centaurea diluta Aiton | 4207003: Centaurea algeriensis Durand & Coss.,220,152543961
1272,Centaurea diluta,4987920,SPECIES,ACCEPTED,Plantae,NA,216,152543961
1273,Centaurea diluta,7222196,SPECIES,ACCEPTED,Plantae,NA,220,152543961
1274,Centaurea diluta,5831060,SPECIES,ACCEPTED,Plantae,NA,220,152543961
1275,Centaurea diluta,2914404,SPECIES,ACCEPTED,Plantae,NA,220,152543961
1276,Centaurea diluta,3047147,SPECIES,ACCEPTED,Plantae,NA,220,152543961
1277,Centaurea diluta,2457378,SPECIES,ACCEPTED,Plantae,NA,11592253,152543961
1278,Centaurea diluta,6085036,SPECIES,ACCEPTED,Plantae,NA,196,152543961
1279,Centaurea diluta,8991514,SPECIES,ACCEPTED,Plantae,NA,212,152543961
1280,Centaurea diluta,6432925,SPECIES,ACCEPTED,Plantae,NA,220,152543961
1281,Centaurea diluta,7308335,SPECIES,ACCEPTED,Plantae,NA,220,152543961
1282,Centaurea diluta,3023671,SPECIES,ACCEPTED,Plantae,NA,220,152543961
1283,Centaurea diluta,9771172,NA,NA,NA,NA,220,152543961
1284,Centaurea diluta algeriensis,NA,NA,NA,NA,NA,NA,213215184
1285,Centaurea glaberrima,5359402,NA,NA,NA,NA,220,152543969
1286,Centaurea hyalolepis,3127837,SPECIES,ACCEPTED,Plantae,3127837: Centaurea hyalolepis Boiss.,220,152543971
1287,Centaurea jacea,5359118,NA,NA,NA,NA,220,NA
1288,Centaurea jacea,6084799,NA,NA,NA,NA,196,NA
1289,Centaurea jacea,7327959,NA,NA,NA,NA,220,NA
1290,Centaurea jacea,7190901,NA,NA,NA,NA,11418114,NA
1291,Centaurea jacea,7420522,NA,NA,NA,NA,220,NA
1292,Centaurea jacea,6362724,NA,NA,NA,NA,220,NA
1293,Centaurea jacea,9537212,NA,NA,NA,NA,220,NA
1294,Centaurea jacea,3755928,NA,NA,NA,NA,220,NA
1295,Centaurea jacea,4219118,NA,NA,NA,NA,220,NA
1296,Centaurea jacea,7332517,NA,NA,NA,NA,220,NA
1297,Centaurea jacea,7415922,NA,NA,NA,NA,220,NA
1298,Centaurea jacea,3922770,NA,NA,NA,NA,220,NA
1299,Centaurea jacea x nigrescens,NA,NA,NA,NA,NA,NA,159748902
1300,Centaurea macrocephala,3129064,SPECIES,ACCEPTED,Plantae,3129064: Centaurea macrocephala Muss.Puschk. ex Willd.,220,152543960
1301,Centaurea melitensis,3128091,SPECIES,ACCEPTED,Plantae,3128091: Centaurea melitensis L.,220,152543974
1302,Centaurea napifolia,3128601,SPECIES,ACCEPTED,Plantae,NA,220,213215185
1303,Centaurea nemenyiana,5360451,NA,NA,NA,NA,220,152543957
1304,Centaurea nigra,3128225,SPECIES,ACCEPTED,Plantae,NA,220,213215186
1305,Centaurea nigrescens,3128228,SPECIES,ACCEPTED,Plantae,3128228: Centaurea nigrescens Willd.,220,152543964
1306,Centaurea orientalis,8219807,NA,NA,NA,NA,11592253,152543970
1307,Centaurea paniculata,3127613,SPECIES,ACCEPTED,Plantae,3127613: Centaurea paniculata L.,220,152543976
1308,Centaurea pectinata,8018277,SPECIES,ACCEPTED,Plantae,8018277: Centaurea pectinata L.,220,152543950
1309,Centaurea phrygia,8305028,SPECIES,ACCEPTED,Plantae,8305028: Centaurea phrygia L.,220,152543951
1310,Centaurea psammogena,8708866,SPECIES,ACCEPTED,Plantae,NA,220,213215183
1311,Centaurea solstitialis,7223276,SUBSPECIES,ACCEPTED,Plantae,7223276: Centaurea solstitialis subsp. solstitialis,220,213215187
1312,Centaurea solstitialis,6313049,SPECIES,ACCEPTED,Plantae,NA,196,213215187
1313,Centaurea solstitialis,4104890,SPECIES,ACCEPTED,Plantae,NA,196,213215187
1314,Centaurea solstitialis,11844792,SPECIES,ACCEPTED,Plantae,NA,220,213215187
1315,Centaurea solstitialis,5224481,SPECIES,ACCEPTED,Plantae,NA,11592253,213215187
1316,Centaurea solstitialis,5652131,SPECIES,ACCEPTED,Plantae,NA,220,213215187
1317,Centaurea solstitialis,5359402,SPECIES,ACCEPTED,Plantae,NA,220,213215187
1318,Centaurea solstitialis,8323119,SPECIES,ACCEPTED,Plantae,NA,220,213215187
1319,Centaurea solstitialis,7350944,SPECIES,ACCEPTED,Plantae,NA,220,213215187
1320,Centaurea solstitialis,9405645,SPECIES,ACCEPTED,Plantae,NA,220,213215187
1321,Centaurea solstitialis,7272439,SPECIES,ACCEPTED,Plantae,NA,220,213215187
1322,Centaurea solstitialis,2706403,SPECIES,ACCEPTED,Plantae,NA,196,213215187
1323,Centaurea solstitialis,2444141,NA,NA,NA,NA,11592253,213215187
1324,Centaurea solstitialis solstitialis,NA,NA,NA,NA,NA,NA,152543956
1325,Centaurea stoebe,3127727,SPECIES,ACCEPTED,Plantae,3127727: Centaurea stoebe L.,220,152543977
1326,Centipeda minima,5391292,SPECIES,ACCEPTED,Plantae,5391292: Centipeda minima (L.) A.Br. & Asch.,220,152543728
1327,Centranthus calcitrapae,7298987,SPECIES,ACCEPTED,Plantae,NA,220,213215395
1328,Centranthus ruber,2888740,SPECIES,ACCEPTED,Plantae,2888740: Centranthus ruber (L.) DC.,220,159748639
1329,Centrochelys sulcata,5289490,NA,NA,NA,NA,196,182133869
1330,Centromadia pungens,3141046,SPECIES,ACCEPTED,Plantae,3145384: Hemizonia pungens (Hook. & Arn.) Torr. & A.Gray,220,152543893
1331,Cephalaria alpina,2162464,NA,NA,NA,NA,367,213215401
1332,Cephalaria gigantea,2888797,SPECIES,ACCEPTED,Plantae,2888797: Cephalaria gigantea (Ledeb.) Bobrov,220,152546310
1333,Cephalaria syriaca,8355821,SPECIES,ACCEPTED,Plantae,8355821: Cephalaria syriaca (L.) Schrad.,220,213215410
1334,Cerastium arvense,10172912,SPECIES,ACCEPTED,Plantae,7925372: Cerastium ×maureri Schulze,220,NA
1335,Cerastium dichotomum,2515673,NA,NA,NA,NA,270,152546087
1336,Cerastium maureri,7925372,SPECIES,ACCEPTED,Plantae,NA,220,213214983
1337,Cerastium tomentosum,3085438,SPECIES,ACCEPTED,Plantae,3085438: Cerastium tomentosum L.,220,152546088
1338,Ceratitis capitata,1626096,SPECIES,ACCEPTED,Animalia,NA,216,213214423
1339,Ceratomegilla notata,7380533,SPECIES,ACCEPTED,Animalia,NA,216,213214361
1340,Ceratostigma plumbaginoides,3082279,SPECIES,ACCEPTED,Plantae,NA,220,213214920
1341,Cerbalus,NA,NA,NA,NA,NA,NA,152544085
1342,Cerbalus NA,7332416,NA,NA,NA,NA,220,NA
1343,Cerbalus NA,7764312,NA,NA,NA,NA,220,NA
1344,Cerbalus NA,4036957,NA,NA,NA,NA,220,NA
1345,Cerbalus NA,9508942,NA,NA,NA,NA,220,NA
1346,Cerbalus NA,8134874,NA,NA,NA,NA,196,NA
1347,Cerbalus NA,7223276,NA,NA,NA,NA,220,NA
1348,Cerbalus NA,7066596,NA,NA,NA,NA,220,NA
1349,Cerbalus NA,4194303,NA,NA,NA,NA,220,NA
1350,Cerbalus NA,6420901,NA,NA,NA,NA,220,NA
1351,Cerbalus NA,7222255,NA,NA,NA,NA,220,NA
1352,Cerbalus NA,8991514,NA,NA,NA,NA,212,NA
1353,Cerbalus NA,4095244,NA,NA,NA,NA,220,NA
1354,Cercidiphyllum japonicum,8060423,SPECIES,ACCEPTED,Plantae,8060423: Cercidiphyllum japonicum Siebold & Zucc.,220,213213627
1355,Cercidiphyllum japonicum,8060423,SPECIES,ACCEPTED,Plantae,8060423: Cercidiphyllum japonicum Siebold & Zucc.,220,152544663
1356,Cercis siliquastrum,5353590,SPECIES,ACCEPTED,Plantae,5353590: Cercis siliquastrum L.,220,152545103
1357,Cereopsis novaehollandiae,5232432,SPECIES,ACCEPTED,Animalia,"5232432: Cereopsis novaehollandiae Latham, 1802",212,159746992
1358,Cerinthe major,2926108,SPECIES,ACCEPTED,Plantae,2926108: Cerinthe major L.,220,152545517
1359,Cerinthe minor,7294722,SPECIES,ACCEPTED,Plantae,NA,220,152545516
1360,Cerithium vulgatum,4362883,SPECIES,ACCEPTED,Animalia,NA,225,213213425
1361,Cernuella aginnica,4565134,SPECIES,ACCEPTED,Animalia,"4565134: Cernuella aginnica (Locard, 1882)",225,152543649
1362,Cernuella cisalpina,4565140,SPECIES,ACCEPTED,Animalia,NA,225,152543651
1363,Cernuella neglecta,4565061,SPECIES,ACCEPTED,Animalia,"4565061: Cernuella neglecta (Draparnaud, 1805)",225,159747879
1364,Cernuella virgata,8624880,SPECIES,DOUBTFUL,Animalia,NA,225,213213533
1365,Cerobasis annulata,7225456,NA,NA,NA,NA,220,152544620
1366,Cervus nippon,2440954,SPECIES,ACCEPTED,Animalia,"2440954: Cervus nippon Temminck, 1838",359,152543260
1367,Ceryle rudis,7068379,NA,NA,NA,NA,220,159747442
1368,Chaenomeles japonica,3000610,SPECIES,ACCEPTED,Plantae,3000610: Chaenomeles japonica (Thunb.) Lindl. ex Spach,220,152544889
1369,Chaenomeles speciosa,3000679,SPECIES,ACCEPTED,Plantae,NA,220,213215681
1370,Chaenorhinum origanifolium,7332415,SPECIES,ACCEPTED,Plantae,NA,220,213215553
1371,Chaenorhinum origanifolium,2484628,SPECIES,ACCEPTED,Plantae,NA,212,213215553
1372,Chaenorhinum origanifolium,7427741,SPECIES,ACCEPTED,Plantae,NA,220,213215553
1373,Chaenorhinum origanifolium,3666059,SPECIES,ACCEPTED,Plantae,NA,220,213215553
1374,Chaenorhinum origanifolium,7230699,SPECIES,ACCEPTED,Plantae,NA,194,213215553
1375,Chaenorhinum origanifolium,5359402,SPECIES,ACCEPTED,Plantae,NA,220,213215553
1376,Chaenorhinum origanifolium,2473221,SPECIES,ACCEPTED,Plantae,NA,11592253,213215553
1377,Chaenorhinum origanifolium,8369366,SPECIES,ACCEPTED,Plantae,NA,196,213215553
1378,Chaenorhinum origanifolium,2443339,SPECIES,ACCEPTED,Plantae,NA,11418114,213215553
1379,Chaenorhinum origanifolium,3040999,SPECIES,ACCEPTED,Plantae,NA,220,213215553
1380,Chaenorhinum origanifolium,7225471,SPECIES,ACCEPTED,Plantae,NA,220,213215553
1381,Chaenorhinum origanifolium,5659657,NA,NA,NA,NA,220,213215553
1382,Chaenorhinum origanifolium origanifolium,NA,NA,NA,NA,NA,NA,213215552
1383,Chaenostoma cordatum,5561475,SPECIES,ACCEPTED,Plantae,3728734: Sutera cordata (Thunb.) Kuntze | 5561475: Chaenostoma cordatum Benth.,220,182134595
1384,Chaerophyllum aureum,3642531,SPECIES,ACCEPTED,Plantae,3642531: Chaerophyllum aureum L.,220,152544642
1385,Chaerophyllum bulbosum,3034653,SPECIES,ACCEPTED,Plantae,3034653: Chaerophyllum bulbosum L.,220,152544644
1386,Chaerophyllum byzantinum,3642339,SPECIES,ACCEPTED,Plantae,3642339: Chaerophyllum byzantinum Boiss.,220,152544639
1387,Chaetanaphothrips orchidii,6085036,NA,NA,NA,NA,196,152544453
1388,Chaetogammarus trichiatus,4417132,SPECIES,ACCEPTED,Animalia,NA,229,213214511
1389,Chaetopelma olivaceum,11794300,NA,NA,NA,NA,220,152544188
1390,Chalcides ocellatus,4564944,NA,NA,NA,NA,225,182133715
1391,Chalcophaps indica,2495840,SPECIES,ACCEPTED,Animalia,NA,212,213213055
1392,Chamaecyparis lawsoniana,2683866,SPECIES,ACCEPTED,Plantae,2683866: Chamaecyparis lawsoniana (A.Murray bis) Parl.,194,152546540
1393,Chamaecytisus elongatus,7066596,NA,NA,NA,NA,220,213213877
1394,Chamaecytisus hirsutus,5354530,SPECIES,ACCEPTED,Plantae,5354500: Cytisus hirsutus L.,220,182134211
1395,Chamaeleo calyptratus,2449133,SPECIES,ACCEPTED,Animalia,"2449133: Chamaeleo calyptratus Duméril & Duméril, 1851",11592253,182133737
1396,Chamaemelum nobile,5391599,SPECIES,ACCEPTED,Plantae,3105279: Anthemis nobilis L. | 5391599: Chamaemelum nobile (L.) All.,220,152543666
1397,Chamaenerion dodonaei,3666422,SPECIES,ACCEPTED,Plantae,NA,220,213213417
1398,Chara braunii,4925890,NA,NA,NA,NA,220,182132946
1399,Charadrius pecuarius,6913023,NA,NA,NA,NA,367,213212951
1400,Charonia lampas,5724924,SPECIES,ACCEPTED,Animalia,NA,225,213213564
1401,Chasmanthium latifolium,2703077,SPECIES,ACCEPTED,Plantae,NA,196,152547018
1402,Cheilanthes viridis,7222196,NA,NA,NA,NA,220,NA
1403,Cheilanthes viridis,8925248,NA,NA,NA,NA,220,NA
1404,Cheilanthes viridis,5652131,NA,NA,NA,NA,220,NA
1405,Cheilanthes viridis,4035024,NA,NA,NA,NA,220,NA
1406,Cheilanthes viridis,9537212,NA,NA,NA,NA,220,NA
1407,Cheilanthes viridis,7757431,NA,NA,NA,NA,220,NA
1408,Cheilanthes viridis,7222255,NA,NA,NA,NA,220,NA
1409,Cheilanthes viridis,5825913,NA,NA,NA,NA,194,NA
1410,Cheilanthes viridis,6157035,NA,NA,NA,NA,11418114,NA
1411,Cheilanthes viridis,7068845,NA,NA,NA,NA,220,NA
1412,Cheilanthes viridis,10966302,NA,NA,NA,NA,196,NA
1413,Cheilanthes viridis,2284443,NA,NA,NA,NA,11133537,NA
1414,Cheilanthes viridis macrophylla,NA,NA,NA,NA,NA,NA,213213226
1415,Cheiracanthium furculatum,2164194,SPECIES,ACCEPTED,Animalia,NA,367,152544131
1416,Cheiracanthium mildei,2164198,SPECIES,ACCEPTED,Animalia,NA,367,213214777
1417,Chelicorophium curvispinum,4314683,SPECIES,ACCEPTED,Animalia,"4314683: Chelicorophium curvispinum (G.O.Sars, 1895)",229,152543938
1418,Chelone obliqua,5414932,SPECIES,ACCEPTED,Plantae,5414932: Chelone obliqua L.,220,152545658
1419,Chelydra serpentina,2441905,SPECIES,ACCEPTED,Animalia,"2441905: Chelydra serpentina (Linnaeus, 1758)",11418114,182133879
1420,Chen caerulescens,2498165,SPECIES,ACCEPTED,Animalia,"2498167: Anser caerulescens (Linnaeus, 1758) | 8191839: Anser caerulescens caerulescens",212,NA
1421,Chen canagica,2498162,SPECIES,ACCEPTED,Animalia,"2498163: Anser canagicus (Sevastianov, 1802)",212,NA
1422,Chen rossii,2498160,SPECIES,ACCEPTED,Animalia,"2498161: Anser rossii Cassin, 1861",212,NA
1423,Chenonetta jubata,2498046,SPECIES,ACCEPTED,Animalia,"2498046: Chenonetta jubata (Latham, 1802)",212,159747114
1424,Chenopodiastrum simplex,5289791,NA,NA,NA,NA,196,152545896
1425,Chenopodium album,4562566,NA,NA,NA,NA,225,NA
1426,Chenopodium album,4048052,NA,NA,NA,NA,220,NA
1427,Chenopodium album,7271631,NA,NA,NA,NA,220,NA
1428,Chenopodium album,3047633,NA,NA,NA,NA,220,NA
1429,Chenopodium album,6710856,NA,NA,NA,NA,196,NA
1430,Chenopodium album,7350944,NA,NA,NA,NA,220,NA
1431,Chenopodium album,7740944,NA,NA,NA,NA,220,NA
1432,Chenopodium album,4925890,NA,NA,NA,NA,220,NA
1433,Chenopodium album,2161467,NA,NA,NA,NA,367,NA
1434,Chenopodium album,4219118,NA,NA,NA,NA,220,NA
1435,Chenopodium album,7466434,NA,NA,NA,NA,220,NA
1436,Chenopodium album missouriense,NA,NA,NA,NA,NA,NA,213214932
1437,Chenopodium auricomiforme,4136390,NA,NA,NA,NA,196,152545981
1438,Chenopodium berlandieri,3083920,SPECIES,ACCEPTED,Plantae,3083920: Chenopodium berlandieri Moq.,220,152545988
1439,Chenopodium berlandieri,2949250,SPECIES,ACCEPTED,Plantae,NA,220,152545988
1440,Chenopodium berlandieri,7324507,SPECIES,ACCEPTED,Plantae,NA,220,152545988
1441,Chenopodium berlandieri,7272185,SPECIES,ACCEPTED,Plantae,NA,220,152545988
1442,Chenopodium berlandieri,2202786,SPECIES,ACCEPTED,Plantae,NA,229,152545988
1443,Chenopodium berlandieri,2444141,SPECIES,ACCEPTED,Plantae,NA,11592253,152545988
1444,Chenopodium berlandieri,2653392,SPECIES,ACCEPTED,Plantae,NA,282,152545988
1445,Chenopodium berlandieri,2161911,SPECIES,ACCEPTED,Plantae,NA,367,152545988
1446,Chenopodium berlandieri,4036350,SPECIES,ACCEPTED,Plantae,NA,220,152545988
1447,Chenopodium berlandieri,5548724,SPECIES,ACCEPTED,Plantae,NA,220,152545988
1448,Chenopodium berlandieri,8421432,SPECIES,ACCEPTED,Plantae,NA,220,152545988
1449,Chenopodium berlandieri,9391215,SPECIES,ACCEPTED,Plantae,NA,11592253,152545988
1450,Chenopodium berlandieri,7358677,NA,NA,NA,NA,220,152545988
1451,Chenopodium berlandieri bushianum,NA,NA,NA,NA,NA,NA,213214934
1452,Chenopodium borbasioides,8566446,SPECIES,ACCEPTED,Plantae,NA,220,152545979
1453,Chenopodium giganteum,3756077,SPECIES,ACCEPTED,Plantae,3756077: Chenopodium giganteum D.Don,220,152545983
1454,Chenopodium hircinum,3083934,SPECIES,ACCEPTED,Plantae,3083934: Chenopodium hircinum Schrad.,220,152545986
1455,Chenopodium opulifolium,3083903,SPECIES,ACCEPTED,Plantae,NA,220,152545984
1456,Chenopodium pelgrimsianum,3757660,SPECIES,DOUBTFUL,Plantae,NA,220,213214935
1457,Chenopodium polygonoides,4845821,NA,NA,NA,NA,212,159749099
1458,Chenopodium pratericola,6084799,NA,NA,NA,NA,196,152545985
1459,Chenopodium probstii,6035638,SPECIES,ACCEPTED,Plantae,NA,220,213214933
1460,Chenopodium quinoa,3083935,SPECIES,ACCEPTED,Plantae,3083935: Chenopodium quinoa Willd.,220,152545989
1461,Chenopodium reynieri,3756650,SPECIES,ACCEPTED,Plantae,NA,220,152545982
1462,Chenopodium striatiforme,1420197,NA,NA,NA,NA,216,152545980
1463,Chenopodium suecicum,3083905,SPECIES,ACCEPTED,Plantae,NA,220,152545987
1464,Chloephaga melanoptera,5232422,SPECIES,ACCEPTED,Animalia,"5232422: Chloephaga melanoptera (Eyton, 1838)",212,159746989
1465,Chloephaga picta,5232428,SPECIES,ACCEPTED,Animalia,"5232428: Chloephaga picta (Gmelin, 1789)",212,152543200
1466,Chloephaga poliocephala,5232423,SPECIES,ACCEPTED,Animalia,"5232423: Chloephaga poliocephala P.L.Sclater, 1857",212,159746987
1467,Chloris divaricata,5289631,SPECIES,ACCEPTED,Plantae,5289631: Chloris divaricata R.Br.,196,152546874
1468,Chloris pectinata,5289623,SPECIES,ACCEPTED,Plantae,5289623: Chloris pectinata Benth.,196,152546873
1469,Chloris pycnothrix,5678495,SPECIES,ACCEPTED,Plantae,5678495: Chloris pycnothrix Trin.,196,152546871
1470,Chloris spinoides,6101013,SPECIES,ACCEPTED,Animalia,NA,212,159747203
1471,Chloris truncata,5289620,SPECIES,ACCEPTED,Plantae,5289620: Chloris truncata R.Br.,196,152546872
1472,Chloris ventricosa,5289629,SPECIES,ACCEPTED,Plantae,5289629: Chloris ventricosa R.Br.,196,152546876
1473,Chloris virgata,5289624,SPECIES,ACCEPTED,Plantae,5289624: Chloris virgata Sw.,196,152546875
1474,Chlorophorus annularis,1111797,SPECIES,ACCEPTED,Animalia,NA,216,213214293
1475,Chlorophytum comosum,2774846,SPECIES,ACCEPTED,Plantae,2774846: Chlorophytum comosum (Thunb.) Jacques,196,159747252
1476,Choisya ternata,3833284,SPECIES,ACCEPTED,Plantae,NA,220,213214273
1477,Chondrilla juncea,8537667,SPECIES,ACCEPTED,Plantae,8537667: Chondrilla juncea L.,220,152543652
1478,Choreutis nemorana,7675186,SPECIES,ACCEPTED,Animalia,"7675186: Choreutis nemorana (Hübner, 1799)",216,NA
1479,Chorispora tenella,3044349,SPECIES,ACCEPTED,Plantae,3044349: Chorispora tenella (Pall.) DC.,220,152545434
1480,Chrysemys picta,2443133,SPECIES,ACCEPTED,Animalia,"2443133: Chrysemys picta (Schneider, 1783) | 6156934: Chrysemys picta bellii (Gray, 1831)",11418114,182133895
1481,Chrysemys picta,5548724,SPECIES,ACCEPTED,Animalia,NA,220,182133895
1482,Chrysemys picta,6427623,SPECIES,ACCEPTED,Animalia,NA,220,182133895
1483,Chrysemys picta,7302355,SPECIES,ACCEPTED,Animalia,NA,220,182133895
1484,Chrysemys picta,4273336,SPECIES,ACCEPTED,Animalia,NA,220,182133895
1485,Chrysemys picta,7421129,SPECIES,ACCEPTED,Animalia,NA,196,182133895
1486,Chrysemys picta,9405645,SPECIES,ACCEPTED,Animalia,NA,220,182133895
1487,Chrysemys picta,7271631,SPECIES,ACCEPTED,Animalia,NA,220,182133895
1488,Chrysemys picta,4925890,SPECIES,ACCEPTED,Animalia,NA,220,182133895
1489,Chrysemys picta,5544928,SPECIES,ACCEPTED,Animalia,NA,220,182133895
1490,Chrysemys picta,7324507,SPECIES,ACCEPTED,Animalia,NA,220,182133895
1491,Chrysemys picta,5825913,SPECIES,ACCEPTED,Animalia,NA,194,182133895
1492,Chrysemys picta,5359402,NA,NA,NA,NA,220,182133895
1493,Chrysemys picta bellii,NA,NA,NA,NA,NA,NA,213213141
1494,Chrysolina americana,4460066,SPECIES,ACCEPTED,Animalia,"4460066: Chrysolina americana (Linnaeus, 1758)",216,182134475
1495,Chrysolophus amherstiae,5228033,SPECIES,ACCEPTED,Animalia,"5228033: Chrysolophus amherstiae (Leadbeater, 1829)",212,159747524
1496,Chrysolophus pictus,5228034,SPECIES,ACCEPTED,Animalia,"5228034: Chrysolophus pictus (Linnaeus, 1758)",212,159747523
1497,Chrysomus icterocephalus,2484103,SPECIES,ACCEPTED,Animalia,"2484103: Chrysomus icterocephalus (Linnaeus, 1766)",212,159747339
1498,Chrysopelea ornata,3122190,NA,NA,NA,NA,220,182133741
1499,Cicada barbara,10972541,SPECIES,DOUBTFUL,Animalia,NA,216,213214143
1500,Cicada orni,11104870,SPECIES,DOUBTFUL,Animalia,NA,216,213214144
1501,Cicer arietinum,2947311,SPECIES,ACCEPTED,Plantae,2947311: Cicer arietinum L.,220,152545226
1502,Cichorium calvum,8199647,SPECIES,DOUBTFUL,Plantae,NA,220,213215057
1503,Cichorium calvum,8199647,SPECIES,DOUBTFUL,Plantae,NA,220,182134906
1504,Cichorium calvum,5392271,SPECIES,ACCEPTED,Plantae,NA,220,213215057
1505,Cichorium calvum,5392271,SPECIES,ACCEPTED,Plantae,NA,220,182134906
1506,Cichorium endivia,5392243,SPECIES,ACCEPTED,Plantae,5392243: Cichorium endivia L.,220,152543679
1507,Cichorium pumilum,5392270,SPECIES,ACCEPTED,Plantae,7943507: Cichorium endivia subsp. pumilum (Jacq.) Cout.,220,152543677
1508,Ciconia abdimii,2481915,SPECIES,ACCEPTED,Animalia,NA,212,213212570
1509,Cipangopaludina chinensis,8782549,NA,NA,NA,NA,11592253,156872873
1510,Cirsium heterophyllum,3113745,SPECIES,ACCEPTED,Plantae,3113745: Cirsium heterophyllum (L.) Hill,220,152544164
1511,Cirsium rivulare,3113637,SPECIES,ACCEPTED,Plantae,3113637: Cirsium rivulare (Jacq.) All. | 8172088: Cirsium rivulare (Jacq.) Link,220,152544162
1512,Cirsium subalpinum,3112994,SPECIES,ACCEPTED,Plantae,NA,220,152544166
1513,Cirsium ×subalpinum,3112994,SPECIES,ACCEPTED,Plantae,3112994: Cirsium ×subalpinum Gaudich.,220,NA
1514,Citrullus lanatus,2874621,SPECIES,ACCEPTED,Plantae,2874621: Citrullus lanatus (Thunb.) Matsum. & Nakai,220,152546200
1515,Citrus aurantium,8077391,SPECIES,ACCEPTED,Plantae,NA,220,152543324
1516,Citrus ×aurantium,8077391,SPECIES,ACCEPTED,Plantae,8206387: Citrus ×sinensis (L.) Osbeck,220,NA
1517,Cladanthus mixtus,3110767,SPECIES,ACCEPTED,Plantae,3110782: Anthemis mixta L.,220,152544228
1518,Cladrastis kentukea,2945513,SPECIES,ACCEPTED,Plantae,NA,220,213213797
1519,Clarias gariepinus,5202793,SPECIES,ACCEPTED,Animalia,"5202793: Clarias gariepinus (Burchell, 1822)",NA,152543481
1520,Clarkia amoena,5420978,SPECIES,ACCEPTED,Plantae,5545047: Clarkia amoena subsp. lindleyi (Douglas) F.H.Lewis & M.E.Lewis | 5420978: Clarkia amoena (Lehm.) A.Nelson & J.F.Macbr.,220,152543422
1521,Clarkia bottae,5959227,NA,NA,NA,NA,212,152543416
1522,Clarkia pulchella,5420982,SPECIES,ACCEPTED,Plantae,NA,220,152543423
1523,Clarkia purpurea,5375105,NA,NA,NA,NA,220,NA
1524,Clarkia purpurea,3040999,NA,NA,NA,NA,220,NA
1525,Clarkia purpurea,2769073,NA,NA,NA,NA,196,NA
1526,Clarkia purpurea,7332416,NA,NA,NA,NA,220,NA
1527,Clarkia purpurea,6302047,NA,NA,NA,NA,220,NA
1528,Clarkia purpurea,10948891,NA,NA,NA,NA,220,NA
1529,Clarkia purpurea,6313049,NA,NA,NA,NA,196,NA
1530,Clarkia purpurea,8991514,NA,NA,NA,NA,212,NA
1531,Clarkia purpurea,3596131,NA,NA,NA,NA,220,NA
1532,Clarkia purpurea,7224157,NA,NA,NA,NA,220,NA
1533,Clarkia purpurea,3802956,NA,NA,NA,NA,220,NA
1534,Clarkia purpurea,7226804,NA,NA,NA,NA,196,NA
1535,Clarkia purpurea quadrivulnera,NA,NA,NA,NA,NA,NA,152543418
1536,Clarkia unguiculata,5420957,SPECIES,ACCEPTED,Plantae,NA,220,213213423
1537,Claytonia perfoliata,4126800,NA,NA,NA,NA,196,213214852
1538,Claytonia sibirica,3084742,SPECIES,ACCEPTED,Plantae,3084742: Claytonia sibirica L.,220,152546033
1539,Clematis flammula,3921611,SPECIES,ACCEPTED,Plantae,3921611: Clematis flammula L.,220,152546348
1540,Clematis integrifolia,7136602,SPECIES,ACCEPTED,Plantae,NA,220,152546347
1541,Clematis jackmanii,7298085,NA,NA,NA,NA,220,152546350
1542,Clematis montana,6376216,SPECIES,ACCEPTED,Plantae,6376216: Clematis montana Buch.-Ham. ex DC.,220,152546346
1543,Clematis recta,3033543,SPECIES,ACCEPTED,Plantae,3033543: Clematis recta L.,220,152546349
1544,Clematis tangutica,3033535,SPECIES,ACCEPTED,Plantae,3033535: Clematis tangutica (Maxim.) Korsh.,220,152546352
1545,Clematis viticella,3033518,SPECIES,ACCEPTED,Plantae,3033518: Clematis viticella L.,220,152546351
1546,Clepsis peritana,4530608,SPECIES,ACCEPTED,Animalia,NA,216,213213953
1547,Clerodendrum bungei,2925351,SPECIES,ACCEPTED,Plantae,2925351: Clerodendrum bungei Steud.,220,152545784
1548,Clerodendrum trichotomum,2925366,SPECIES,ACCEPTED,Plantae,2925366: Clerodendrum trichotomum Thunb.,220,152545783
1549,Clethra alnifolia,2888323,SPECIES,ACCEPTED,Plantae,2888323: Clethra alnifolia L.,220,152545872
1550,Clinopodium grandiflorum,7437438,SPECIES,ACCEPTED,Plantae,NA,220,213215446
1551,Clinopodium menthifolium,3883897,SPECIES,ACCEPTED,Plantae,5610623: Calamintha ascendens Jord. | 7309177: Calamintha menthifolia Host | 3888200: Clinopodium ascendens (Jord.) Samp. | 3883897: Clinopodium menthifolium (Host) Stace,220,213215445
1552,Clinopodium nepeta,7096205,SUBSPECIES,ACCEPTED,Plantae,7309157: Calamintha nepeta subsp. nepeta,220,NA
1553,Clinopodium nepeta,5345430,SUBSPECIES,ACCEPTED,Plantae,NA,220,NA
1554,Clinopodium nepeta,5345210,SUBSPECIES,ACCEPTED,Plantae,NA,220,NA
1555,Clinopodium nepeta,2444221,SUBSPECIES,ACCEPTED,Plantae,NA,11592253,NA
1556,Clinopodium nepeta,3802956,SUBSPECIES,ACCEPTED,Plantae,NA,220,NA
1557,Clinopodium nepeta,5373483,SUBSPECIES,ACCEPTED,Plantae,NA,220,NA
1558,Clinopodium nepeta,7219988,SUBSPECIES,ACCEPTED,Plantae,NA,220,NA
1559,Clinopodium nepeta,7267631,SUBSPECIES,ACCEPTED,Plantae,NA,220,NA
1560,Clinopodium nepeta,10966302,SUBSPECIES,ACCEPTED,Plantae,NA,196,NA
1561,Clinopodium nepeta,7225621,SUBSPECIES,ACCEPTED,Plantae,NA,220,NA
1562,Clinopodium nepeta,3047147,SUBSPECIES,ACCEPTED,Plantae,NA,220,NA
1563,Clinopodium nepeta,7266343,SUBSPECIES,ACCEPTED,Plantae,NA,220,NA
1564,Clinopodium nepeta,5373039,SUBSPECIES,ACCEPTED,Plantae,NA,220,NA
1565,Clinopodium nepeta,7298085,SUBSPECIES,ACCEPTED,Plantae,NA,220,NA
1566,Clinopodium nepeta,4090836,SUBSPECIES,ACCEPTED,Plantae,NA,220,NA
1567,Clinopodium nepeta,7652364,SUBSPECIES,ACCEPTED,Plantae,NA,367,NA
1568,Clinopodium nepeta,7901010,SUBSPECIES,ACCEPTED,Plantae,NA,220,NA
1569,Clinopodium nepeta,4036957,SUBSPECIES,ACCEPTED,Plantae,NA,220,NA
1570,Clinopodium nepeta,7323251,SUBSPECIES,ACCEPTED,Plantae,NA,220,NA
1571,Clinopodium nepeta,7323834,SUBSPECIES,ACCEPTED,Plantae,NA,220,NA
1572,Clinopodium nepeta,5831060,NA,NA,NA,NA,220,NA
1573,Clinopodium nepeta,7223177,NA,NA,NA,NA,220,NA
1574,Clinopodium nepeta nepeta,NA,NA,NA,NA,NA,NA,152545727
1575,Clinopodium nepeta spruneri,NA,NA,NA,NA,NA,NA,213215444
1576,Closterotomus trivialis,4487598,SPECIES,ACCEPTED,Animalia,NA,216,213214121
1577,Coccinella miranda,8765358,SPECIES,ACCEPTED,Animalia,"8765358: Coccinella miranda Wollaston, 1864",216,152544551
1578,Coccus hesperidum,5712981,SPECIES,ACCEPTED,Animalia,NA,216,213214157
1579,Cochlicella acuta,4562917,SPECIES,ACCEPTED,Animalia,"4562917: Cochlicella acuta (O.F.Müller, 1774)",225,157092295
1580,Cochlicella barbara,2296807,SPECIES,ACCEPTED,Animalia,"2296807: Cochlicella barbara (Linnaeus, 1758)",225,159747884
1581,Cochlostoma septemspirale,4105744,NA,NA,NA,NA,196,213213418
1582,Coix lacryma-jobi,2706301,SPECIES,ACCEPTED,Plantae,2706301: Coix lacryma-jobi L.,196,152547128
1583,Colchicum byzantinum,8408816,SPECIES,ACCEPTED,Plantae,8408816: Colchicum byzantinum Ker Gawl.,196,182133173
1584,Colchicum lusitanum,4104665,NA,NA,NA,NA,196,213212416
1585,Coleosoma floridanum,2155867,SPECIES,ACCEPTED,Animalia,"2155867: Coleosoma floridanum Banks, 1900",367,152544148
1586,Coleostephus myconis,3092083,SPECIES,ACCEPTED,Plantae,NA,220,213215103
1587,Colinus virginianus,9791464,SPECIES,ACCEPTED,Animalia,"9791464: Colinus virginianus (Linnaeus, 1758)",212,159747504
1588,Collinsia heterophylla,5414959,SPECIES,ACCEPTED,Plantae,5414959: Collinsia heterophylla Buist ex Graham,220,152545645
1589,Colobanthus subulatus,2115724,NA,NA,NA,NA,203,213214992
1590,Colomerus vitis,2128482,SPECIES,ACCEPTED,Animalia,NA,367,213214818
1591,Colpodium pisidicum,12262171,SPECIES,ACCEPTED,Plantae,NA,196,213213080
1592,Columba livia,2495414,SPECIES,ACCEPTED,Animalia,"10729360: Columba livia var. domestica J.F.Gmelin, 1789 | 2495414: Columba livia J.F.Gmelin, 1789 | 7191490: Columba livia livia | 9310871: Columba livia f. domestica | 10887517: Columba livia domestica",212,159746959
1593,Columbella rustica,4368880,SPECIES,ACCEPTED,Animalia,NA,225,213213431
1594,Columbina passerina,2495869,SPECIES,ACCEPTED,Animalia,NA,212,213213068
1595,Colutea arborescens,7844167,SPECIES,ACCEPTED,Plantae,7844167: Colutea arborescens L.,220,152545187
1596,Colutea media,2956441,SPECIES,ACCEPTED,Plantae,NA,220,152545188
1597,Colutea orientalis,2956442,SPECIES,ACCEPTED,Plantae,NA,220,213213871
1598,Colutea ×media,2956441,SPECIES,ACCEPTED,Plantae,2956441: Colutea ×media Willd.,220,NA
1599,Commelina communis,2764179,SPECIES,ACCEPTED,Plantae,2764179: Commelina communis L.,196,152546721
1600,Commelina diffusa,2764202,SPECIES,ACCEPTED,Plantae,NA,196,152546723
1601,Commelina obliqua,8323119,NA,NA,NA,NA,220,152546724
1602,Commelina tuberosa,2763962,SPECIES,ACCEPTED,Plantae,NA,196,213212581
1603,Conringia austriaca,2938473,NA,NA,NA,NA,220,152545410
1604,Conringia orientalis,3040913,SPECIES,ACCEPTED,Plantae,3040913: Conringia orientalis (L.) Dumort.,220,152545409
1605,Conringia planisiliqua,3040928,SPECIES,ACCEPTED,Plantae,3040928: Conringia planisiliqua Fisch. & C.A.Mey.,220,152545408
1606,Convolvulus tricolor,7323906,SUBSPECIES,ACCEPTED,Plantae,7323906: Convolvulus tricolor subsp. tricolor,220,213213578
1607,Convolvulus tricolor,7427650,SUBSPECIES,ACCEPTED,Plantae,7427650: Convolvulus tricolor subsp. cupanianus (Tod.) Cavara & Grande,220,213213578
1608,Convolvulus tricolor,2321001,SPECIES,ACCEPTED,Plantae,NA,256,213213578
1609,Convolvulus tricolor,2484608,SPECIES,ACCEPTED,Plantae,NA,212,213213578
1610,Convolvulus tricolor,5548724,SPECIES,ACCEPTED,Plantae,NA,220,213213578
1611,Convolvulus tricolor,4273336,SPECIES,ACCEPTED,Plantae,NA,220,213213578
1612,Convolvulus tricolor,7222255,SPECIES,ACCEPTED,Plantae,NA,220,213213578
1613,Convolvulus tricolor,4211590,SPECIES,ACCEPTED,Plantae,NA,220,213213578
1614,Convolvulus tricolor,5545159,SPECIES,ACCEPTED,Plantae,NA,220,213213578
1615,Convolvulus tricolor,9405645,SPECIES,ACCEPTED,Plantae,NA,220,213213578
1616,Convolvulus tricolor,7272185,SPECIES,ACCEPTED,Plantae,NA,220,213213578
1617,Convolvulus tricolor,4035024,SPECIES,ACCEPTED,Plantae,NA,220,213213578
1618,Convolvulus tricolor,4932232,SPECIES,ACCEPTED,Plantae,NA,196,213213578
1619,Convolvulus tricolor,8381801,SPECIES,ACCEPTED,Plantae,NA,220,213213578
1620,Convolvulus tricolor,2443339,SPECIES,ACCEPTED,Plantae,NA,11418114,213213578
1621,Convolvulus tricolor,7308335,SPECIES,ACCEPTED,Plantae,NA,220,213213578
1622,Convolvulus tricolor,4036350,SPECIES,ACCEPTED,Plantae,NA,220,213213578
1623,Convolvulus tricolor,6362724,SPECIES,ACCEPTED,Plantae,NA,220,213213578
1624,Convolvulus tricolor,7421129,SPECIES,ACCEPTED,Plantae,NA,196,213213578
1625,Convolvulus tricolor,7070211,SPECIES,ACCEPTED,Plantae,NA,196,213213578
1626,Convolvulus tricolor,3935202,NA,NA,NA,NA,220,213213578
1627,Convolvulus tricolor,2284443,NA,NA,NA,NA,11133537,213213578
1628,Convolvulus tricolor cupanianus,NA,NA,NA,NA,NA,NA,152545002
1629,Convolvulus tricolor tricolor,NA,NA,NA,NA,NA,NA,152545003
1630,Coracias abyssinicus,8050384,NA,NA,NA,NA,232,159747449
1631,Coracias cyanogaster,2475364,SPECIES,ACCEPTED,Animalia,NA,212,213213025
1632,Corbicula fluminalis,5189032,SPECIES,ACCEPTED,Animalia,"5189032: Corbicula fluminalis (O.F.Müller, 1774)",137,152543781
1633,Corbicula fluminea,8190231,SPECIES,ACCEPTED,Animalia,NA,137,152543778
1634,Cordioniscus stebbingi,2203165,SPECIES,ACCEPTED,Animalia,NA,229,152543904
1635,Cordylocarpus muricatus,2703696,NA,NA,NA,NA,196,152545404
1636,Cordylophora caspia,2266009,SPECIES,ACCEPTED,Animalia,NA,205,159747961
1637,Coregonus lavaretus,2351211,SPECIES,ACCEPTED,Animalia,NA,NA,152543512
1638,Coregonus nasus,8918909,NA,NA,NA,NA,196,152543510
1639,Coregonus peled,4131042,NA,NA,NA,NA,196,152543513
1640,Coreopsis lanceolata,3133938,SPECIES,ACCEPTED,Plantae,3133938: Coreopsis lanceolata L.,220,152544002
1641,Coreopsis tinctoria,3133950,SPECIES,ACCEPTED,Plantae,3133950: Coreopsis tinctoria Nutt.,220,152544004
1642,Coreopsis verticillata,3133887,SPECIES,ACCEPTED,Plantae,3133887: Coreopsis verticillata L.,220,152544000
1643,Coriandrum sativum,3034871,SPECIES,ACCEPTED,Plantae,3034871: Coriandrum sativum L.,220,152544595
1644,Corispermum pallasii,3083975,SPECIES,ACCEPTED,Plantae,3083977: Corispermum leptopterum (Asch.) Iljin | 3083975: Corispermum pallasii Stev.,220,152545991
1645,Corispermum tylocarpum,3759032,SPECIES,ACCEPTED,Plantae,NA,220,213214949
1646,Cormus domestica,3013215,SPECIES,ACCEPTED,Plantae,NA,220,213215701
1647,Cornus canadensis,3082270,SPECIES,ACCEPTED,Plantae,NA,220,213214664
1648,Cornus sanguinea,3663237,SUBSPECIES,ACCEPTED,Plantae,"3663237: Cornus sanguinea subsp. australis (C.A.Mey.) Jáv. | 8207659: Cornus sanguinea subsp. australis (C.A.Mey.) Soó, 1978",220,NA
1649,Cornus sanguinea,8421432,SUBSPECIES,ACCEPTED,Plantae,8421432: Cornus sanguinea subsp. hungarica (Kárpáti) Soó,220,NA
1650,Cornus sanguinea,3098183,SUBSPECIES,ACCEPTED,Plantae,NA,220,NA
1651,Cornus sanguinea,7225712,SUBSPECIES,ACCEPTED,Plantae,NA,220,NA
1652,Cornus sanguinea,2769073,SUBSPECIES,ACCEPTED,Plantae,NA,196,NA
1653,Cornus sanguinea,6164210,SUBSPECIES,ACCEPTED,Plantae,NA,359,NA
1654,Cornus sanguinea,2161911,SUBSPECIES,ACCEPTED,Plantae,NA,367,NA
1655,Cornus sanguinea,7440977,SUBSPECIES,ACCEPTED,Plantae,NA,220,NA
1656,Cornus sanguinea,11162940,SUBSPECIES,ACCEPTED,Plantae,NA,220,NA
1657,Cornus sanguinea,2447418,SUBSPECIES,ACCEPTED,Plantae,NA,11592253,NA
1658,Cornus sanguinea,6313051,SUBSPECIES,ACCEPTED,Plantae,NA,196,NA
1659,Cornus sanguinea,6313049,SUBSPECIES,ACCEPTED,Plantae,NA,196,NA
1660,Cornus sanguinea,7223276,SUBSPECIES,ACCEPTED,Plantae,NA,220,NA
1661,Cornus sanguinea,2161467,SUBSPECIES,ACCEPTED,Plantae,NA,367,NA
1662,Cornus sanguinea,4211590,SUBSPECIES,ACCEPTED,Plantae,NA,220,NA
1663,Cornus sanguinea,6411098,SUBSPECIES,ACCEPTED,Plantae,NA,220,NA
1664,Cornus sanguinea,7272439,SUBSPECIES,ACCEPTED,Plantae,NA,220,NA
1665,Cornus sanguinea,8045533,SUBSPECIES,ACCEPTED,Plantae,NA,220,NA
1666,Cornus sanguinea,4925890,SUBSPECIES,ACCEPTED,Plantae,NA,220,NA
1667,Cornus sanguinea,7222196,SUBSPECIES,ACCEPTED,Plantae,NA,220,NA
1668,Cornus sanguinea,7096205,SUBSPECIES,ACCEPTED,Plantae,NA,220,NA
1669,Cornus sanguinea,7757431,SUBSPECIES,ACCEPTED,Plantae,NA,220,NA
1670,Cornus sanguinea,5224543,SUBSPECIES,ACCEPTED,Plantae,NA,11592253,NA
1671,Cornus sanguinea,5928306,SUBSPECIES,ACCEPTED,Plantae,NA,220,NA
1672,Cornus sanguinea,3023671,NA,NA,NA,NA,220,NA
1673,Cornus sanguinea,11136683,NA,NA,NA,NA,220,NA
1674,Cornus sanguinea australis,NA,NA,NA,NA,NA,NA,152544935
1675,Cornus sanguinea hungarica,NA,NA,NA,NA,NA,NA,152544934
1676,Cornus sericea,3082244,SPECIES,ACCEPTED,Plantae,3082244: Cornus sericea L.,220,152544936
1677,Coronilla scorpioides,5348644,SPECIES,ACCEPTED,Plantae,5348644: Coronilla scorpioides (L.) W.D.J.Koch,220,152545088
1678,Coronilla securidaca,5349991,SPECIES,ACCEPTED,Plantae,NA,220,213213860
1679,Coronilla varia,5350005,SPECIES,ACCEPTED,Plantae,NA,220,213213861
1680,Cortaderia selloana,2704523,SPECIES,ACCEPTED,Plantae,2704523: Cortaderia selloana (Schult. & Schult.f.) Asch. & Graebn.,196,152547090
1681,Corvus albicollis,2482478,SPECIES,ACCEPTED,Animalia,"2482478: Corvus albicollis Latham, 1790",212,159747334
1682,Corvus albus,2482519,SPECIES,ACCEPTED,Animalia,"2482519: Corvus albus Statius Muller, 1776",212,159747333
1683,Corvus splendens,2482499,SPECIES,ACCEPTED,Animalia,"2482499: Corvus splendens Vieillot, 1817",212,159747335
1684,Corydalis cava,5530881,SPECIES,ACCEPTED,Plantae,5530881: Corydalis cava (L.) Schweigg. & Körte,220,152546389
1685,Corydalis cheilanthifolia,5530829,SPECIES,ACCEPTED,Plantae,5530829: Corydalis cheilanthifolia Hemsl.,220,152546390
1686,Corydalis linstowiana,5530855,SPECIES,ACCEPTED,Plantae,5530855: Corydalis linstowiana Fedde,220,182134793
1687,Corylus colurna,2875968,SPECIES,ACCEPTED,Plantae,2875968: Corylus colurna L.,220,152546179
1688,Corylus maxima,2876049,SPECIES,ACCEPTED,Plantae,2876049: Corylus maxima Mill.,220,152546180
1689,Corynabutilon suntense,5289726,NA,NA,NA,NA,196,152546234
1690,Corythucha ciliata,2020655,SPECIES,ACCEPTED,Animalia,NA,216,213214165
1691,Coscinodiscus wailesii,3128437,NA,NA,NA,NA,220,159746847
1692,Coscoroba coscoroba,2498288,SPECIES,ACCEPTED,Animalia,"2498288: Coscoroba coscoroba (Molina, 1782)",212,159747043
1693,Cosmos bipinnatus,3098912,SPECIES,ACCEPTED,Plantae,3098912: Cosmos bipinnatus Cav.,220,152544329
1694,Cosmos sulphureus,3098951,SPECIES,ACCEPTED,Plantae,3098951: Cosmos sulphureus Cav.,220,152544328
1695,Cota altissima,5390611,SPECIES,ACCEPTED,Plantae,3102730: Anthemis altissima L. | 7827319: Anthemis arvensis Pall. ex M.Bieb. | 5390611: Cota altissima (L.) Gay,220,152543733
1696,Cota austriaca,5390636,SPECIES,ACCEPTED,Plantae,3102828: Anthemis austriaca Jacq.,220,152543731
1697,Cotinus coggygria,3190522,SPECIES,ACCEPTED,Plantae,3190522: Cotinus coggygria Scop.,220,152543310
1698,Cotoneaster acutifolius,3025770,SPECIES,ACCEPTED,Plantae,NA,220,213215660
1699,Cotoneaster adpressus,2161467,NA,NA,NA,NA,367,213215659
1700,Cotoneaster ambiguus,3025858,SPECIES,ACCEPTED,Plantae,3025858: Cotoneaster ambiguus Rehder & E.H.Wilson,220,152544821
1701,Cotoneaster ascendens,3026024,SPECIES,ACCEPTED,Plantae,3026024: Cotoneaster ascendens Flinck & B.Hylmö,220,152544834
1702,Cotoneaster beimashanensis,3025889,SPECIES,ACCEPTED,Plantae,NA,220,213215657
1703,Cotoneaster bullatus,3026294,SPECIES,ACCEPTED,Plantae,3026294: Cotoneaster bullatus Bois ex Bilm. & Bois,220,152544848
1704,Cotoneaster conspicuus,3025875,SPECIES,ACCEPTED,Plantae,3025875: Cotoneaster conspicuus Comber ex Marquand,220,152544826
1705,Cotoneaster coriaceus,3026035,SPECIES,ACCEPTED,Plantae,NA,220,213215658
1706,Cotoneaster dammeri,3026049,SPECIES,ACCEPTED,Plantae,3026049: Cotoneaster dammeri C.K.Schneid.,220,152544832
1707,Cotoneaster dielsianus,3025896,SPECIES,ACCEPTED,Plantae,3025896: Cotoneaster dielsianus E.Pritz.,220,152544827
1708,Cotoneaster divaricatus,3026334,SPECIES,ACCEPTED,Plantae,3026334: Cotoneaster divaricatus Rehder & E.H.Wilson,220,152544847
1709,Cotoneaster fangianus,3025932,SPECIES,ACCEPTED,Plantae,3025932: Cotoneaster fangianus T.T.Yu,220,NA
1710,Cotoneaster franchetii,3026162,SPECIES,ACCEPTED,Plantae,3026162: Cotoneaster franchetii Boiss.,220,152544843
1711,Cotoneaster fruticosus,3025986,SPECIES,ACCEPTED,Plantae,NA,220,213215661
1712,Cotoneaster ganghobaensis,3025989,SPECIES,ACCEPTED,Plantae,NA,220,152544828
1713,Cotoneaster hjelmqvistii,3026092,SPECIES,ACCEPTED,Plantae,3026092: Cotoneaster hjelmqvistii Flinck & B.Hylmö,220,152544840
1714,Cotoneaster horizontalis,3025617,SPECIES,ACCEPTED,Plantae,3025617: Cotoneaster horizontalis Decne.,220,152544836
1715,Cotoneaster hylmoei,3025758,SPECIES,ACCEPTED,Plantae,3025758: Cotoneaster hylmoei Flinck & J.Fryer | 3026076: Cotoneaster salicifolius var. rugosus Rehder & E.H.Wilson,220,NA
1716,Cotoneaster integrifolius,3026105,SPECIES,ACCEPTED,Plantae,3026105: Cotoneaster integrifolius (Roxb.) Klotz,220,152544839
1717,Cotoneaster mairei,3025944,SPECIES,ACCEPTED,Plantae,3025944: Cotoneaster mairei H.Lév.,220,NA
1718,Cotoneaster moupinensis,3025731,SPECIES,ACCEPTED,Plantae,NA,220,152544822
1719,Cotoneaster qungbixiensis,3025907,SPECIES,ACCEPTED,Plantae,3025907: Cotoneaster qungbixiensis J.Fryer & B.Hylmö,220,152544824
1720,Cotoneaster rehderi,3026160,SPECIES,ACCEPTED,Plantae,3026160: Cotoneaster rehderi Pojark. | 3026161: Cotoneaster bullatus var. macrophyllus Rehder & E.H.Wilson,220,NA
1721,Cotoneaster salicifolius,3026074,SPECIES,ACCEPTED,Plantae,3026074: Cotoneaster salicifolius Franch.,220,152544833
1722,Cotoneaster simonsii,3026107,SPECIES,ACCEPTED,Plantae,3026107: Cotoneaster simonsii Baker,220,152544842
1723,Cotoneaster sternianus,3026154,SPECIES,ACCEPTED,Plantae,3026154: Cotoneaster sternianus (Turrill) Boom,220,NA
1724,Cotoneaster suecicus,3026040,SPECIES,ACCEPTED,Plantae,NA,220,152544835
1725,Cotoneaster villosulus,3025564,SPECIES,ACCEPTED,Plantae,3025564: Cotoneaster villosulus (Rehder & E.H.Wilson) Flinck & B.Hylmö,220,NA
1726,Cotoneaster watereri,3026004,SPECIES,ACCEPTED,Plantae,NA,220,152544829
1727,Cotoneaster zabelii,3025605,SPECIES,ACCEPTED,Plantae,3025605: Cotoneaster zabelii C.K.Schneid.,220,152544837
1728,Cotoneaster ×suecicus,3026040,SPECIES,ACCEPTED,Plantae,3026040: Cotoneaster ×suecicus G.Klotz,220,NA
1729,Cotoneaster ×watereri,3026004,SPECIES,ACCEPTED,Plantae,3026004: Cotoneaster ×watereri Exell,220,NA
1730,Cotula anthemoides,5588185,NA,NA,NA,NA,220,152544235
1731,Cotula australis,8542672,SPECIES,ACCEPTED,Plantae,8542672: Cotula australis (Sieber ex Spreng.) Hook.fil.,220,152544233
1732,Cotula coronopifolia,3112110,SPECIES,ACCEPTED,Plantae,3112110: Cotula coronopifolia L.,220,152544237
1733,Cotula turbinata,3112098,SPECIES,ACCEPTED,Plantae,3112098: Cotula turbinata L.,220,152544239
1734,Coturnix japonica,2474162,SPECIES,ACCEPTED,Animalia,"2474162: Coturnix japonica Temminck & Schlegel, 1849",212,159747547
1735,Crambe hispanica,5373483,SUBSPECIES,ACCEPTED,Plantae,5373483: Crambe hispanica subsp. abyssinica (Hochst. ex R.E.Fr.) Prina,220,213214562
1736,Crambe hispanica,3041109,SPECIES,ACCEPTED,Plantae,NA,220,213214562
1737,Crambe hispanica,7222255,SPECIES,ACCEPTED,Plantae,NA,220,213214562
1738,Crambe hispanica,6157035,SPECIES,ACCEPTED,Plantae,NA,11418114,213214562
1739,Crambe hispanica,2974921,SPECIES,ACCEPTED,Plantae,NA,220,213214562
1740,Crambe hispanica,7323906,SPECIES,ACCEPTED,Plantae,NA,220,213214562
1741,Crambe hispanica,5545159,SPECIES,ACCEPTED,Plantae,NA,220,213214562
1742,Crambe hispanica,7901010,SPECIES,ACCEPTED,Plantae,NA,220,213214562
1743,Crambe hispanica,7295374,SPECIES,ACCEPTED,Plantae,NA,220,213214562
1744,Crambe hispanica,8257546,SPECIES,ACCEPTED,Plantae,NA,196,213214562
1745,Crambe hispanica,7225621,SPECIES,ACCEPTED,Plantae,NA,220,213214562
1746,Crambe hispanica,6308164,SPECIES,ACCEPTED,Plantae,NA,220,213214562
1747,Crambe hispanica,8429888,NA,NA,NA,NA,196,213214562
1748,Crambe hispanica abyssinica,NA,NA,NA,NA,NA,NA,213214560
1749,Crangonyx pseudogracilis,2217982,SPECIES,ACCEPTED,Animalia,"2217982: Crangonyx pseudogracilis Bousfield, 1958",229,152543992
1750,Crassostrea virginica,2351136,NA,NA,NA,NA,NA,152543744
1751,Crassula decumbens,7334263,SPECIES,ACCEPTED,Plantae,7334263: Crassula decumbens Thunb.,220,152544703
1752,Crassula helmsii,5362054,SPECIES,ACCEPTED,Plantae,5362054: Crassula helmsii (Kirk) Cockayne | 8035075: Crassula helmsii (Kirk) A.Berger,220,182133908
1753,Crassula peduncularis,3937506,NA,NA,NA,NA,220,213213675
1754,Crataegus coccinea,7790614,SPECIES,ACCEPTED,Plantae,NA,220,213215679
1755,Crataegus microphylla,3025764,NA,NA,NA,NA,220,NA
1756,Crataegus microphylla,4132902,NA,NA,NA,NA,196,NA
1757,Crataegus microphylla,8983123,NA,NA,NA,NA,220,NA
1758,Crataegus microphylla,6084799,NA,NA,NA,NA,196,NA
1759,Crataegus microphylla,7327959,NA,NA,NA,NA,220,NA
1760,Crataegus microphylla,7225621,NA,NA,NA,NA,220,NA
1761,Crataegus microphylla,3047633,NA,NA,NA,NA,220,NA
1762,Crataegus microphylla,2473221,NA,NA,NA,NA,11592253,NA
1763,Crataegus microphylla,6157050,NA,NA,NA,NA,11418114,NA
1764,Crataegus microphylla,11162940,NA,NA,NA,NA,220,NA
1765,Crataegus microphylla,2706403,NA,NA,NA,NA,196,NA
1766,Crataegus microphylla microphylla,NA,NA,NA,NA,NA,NA,213215678
1767,Crataegus pedicellata,3015577,SPECIES,ACCEPTED,Plantae,3015577: Crataegus pedicellata Sarg.,220,NA
1768,Crataegus persimilis,3015457,SPECIES,ACCEPTED,Plantae,3015457: Crataegus persimilis Sarg.,220,152544907
1769,Cratoxylum sumatranum,2286079,NA,NA,NA,NA,137,NA
1770,Cratoxylum sumatranum,5545159,NA,NA,NA,NA,220,NA
1771,Cratoxylum sumatranum,2974921,NA,NA,NA,NA,220,NA
1772,Cratoxylum sumatranum,5548724,NA,NA,NA,NA,220,NA
1773,Cratoxylum sumatranum,7998563,NA,NA,NA,NA,196,NA
1774,Cratoxylum sumatranum,7420522,NA,NA,NA,NA,220,NA
1775,Cratoxylum sumatranum,6157035,NA,NA,NA,NA,11418114,NA
1776,Cratoxylum sumatranum,8991514,NA,NA,NA,NA,212,NA
1777,Cratoxylum sumatranum,6302047,NA,NA,NA,NA,220,NA
1778,Cratoxylum sumatranum,5365494,NA,NA,NA,NA,220,NA
1779,Cratoxylum sumatranum,11794300,NA,NA,NA,NA,220,NA
1780,Cratoxylum sumatranum,7323906,NA,NA,NA,NA,220,NA
1781,Cratoxylum sumatranum blancoi,NA,NA,NA,NA,NA,NA,213214773
1782,Crepidula fornicata,5192789,SPECIES,ACCEPTED,Animalia,"5192789: Crepidula fornicata (Linnaeus, 1758)",225,152543585
1783,Crepis bursifolia,5403541,SPECIES,ACCEPTED,Plantae,5403541: Crepis bursifolia L.,220,152543858
1784,Crepis foetida,5831060,SUBSPECIES,ACCEPTED,Plantae,5831060: Crepis foetida subsp. rhoeadifolia (M.Bieb.) Celak.,220,NA
1785,Crepis foetida,7740944,SUBSPECIES,ACCEPTED,Plantae,NA,220,NA
1786,Crepis foetida,7222196,SUBSPECIES,ACCEPTED,Plantae,NA,220,NA
1787,Crepis foetida,7068732,SUBSPECIES,ACCEPTED,Plantae,NA,220,NA
1788,Crepis foetida,6432925,SUBSPECIES,ACCEPTED,Plantae,NA,220,NA
1789,Crepis foetida,11162940,SUBSPECIES,ACCEPTED,Plantae,NA,220,NA
1790,Crepis foetida,8983123,SUBSPECIES,ACCEPTED,Plantae,NA,220,NA
1791,Crepis foetida,3755928,SUBSPECIES,ACCEPTED,Plantae,NA,220,NA
1792,Crepis foetida,4132112,SUBSPECIES,ACCEPTED,Plantae,NA,196,NA
1793,Crepis foetida,3040999,SUBSPECIES,ACCEPTED,Plantae,NA,220,NA
1794,Crepis foetida,5548724,SUBSPECIES,ACCEPTED,Plantae,NA,220,NA
1795,Crepis foetida,7350944,NA,NA,NA,NA,220,NA
1796,Crepis foetida rhoeadifolia,NA,NA,NA,NA,NA,NA,152543856
1797,Crepis nicaeensis,7706146,SPECIES,ACCEPTED,Plantae,7706146: Crepis nicaeensis Balb.,220,152543850
1798,Crepis pulchra,5403272,SPECIES,ACCEPTED,Plantae,5403272: Crepis pulchra L.,220,152543860
1799,Crepis sancta,5403605,SPECIES,ACCEPTED,Plantae,NA,220,213215070
1800,Crepis sancta,5336632,SPECIES,ACCEPTED,Plantae,NA,220,213215070
1801,Crepis sancta,6420901,SPECIES,ACCEPTED,Plantae,NA,220,213215070
1802,Crepis sancta,7323341,SPECIES,ACCEPTED,Plantae,NA,220,213215070
1803,Crepis sancta,6409536,SPECIES,ACCEPTED,Plantae,NA,220,213215070
1804,Crepis sancta,7190901,SPECIES,ACCEPTED,Plantae,NA,11418114,213215070
1805,Crepis sancta,8336551,SPECIES,ACCEPTED,Plantae,NA,220,213215070
1806,Crepis sancta,4925890,SPECIES,ACCEPTED,Plantae,NA,220,213215070
1807,Crepis sancta,7219988,SPECIES,ACCEPTED,Plantae,NA,220,213215070
1808,Crepis sancta,3611735,SPECIES,ACCEPTED,Plantae,NA,220,213215070
1809,Crepis sancta,5373039,SPECIES,ACCEPTED,Plantae,NA,220,213215070
1810,Crepis sancta,7068845,SPECIES,ACCEPTED,Plantae,NA,220,213215070
1811,Crepis sancta,7223680,NA,NA,NA,NA,220,213215070
1812,Crepis sancta sancta,NA,NA,NA,NA,NA,NA,213215071
1813,Crepis setosa,4245384,SPECIES,ACCEPTED,Plantae,4245384: Crepis setosa Hallier fil.,220,152543863
1814,Crepis tectorum,5403508,SPECIES,ACCEPTED,Plantae,5403508: Crepis tectorum L.,220,152543861
1815,Crinifer zonurus,2475212,SPECIES,ACCEPTED,Animalia,"2475212: Crinifer zonurus (Ruppell, 1835)",212,159747438
1816,Crithagra mozambica,6100996,SPECIES,ACCEPTED,Animalia,"6100996: Crithagra mozambica (P.L.Statius Müller, 1776)",212,159747200
1817,Crithopsis delileana,1013526,NA,NA,NA,NA,361,152546902
1818,Crocidophora butleri,1885213,SPECIES,ACCEPTED,Animalia,NA,216,213213932
1819,Crocosmia crocosmiiflora,2747939,SPECIES,ACCEPTED,Plantae,2747939: Crocosmia crocosmiiflora (Lemoine) N.E.Br.,196,152546678
1820,Crocus chrysanthus,2747489,SPECIES,ACCEPTED,Plantae,2747489: Crocus chrysanthus (Herb.) Herb.,196,152546675
1821,Crocus luteus,2747750,SPECIES,ACCEPTED,Plantae,3586380: Crocus stellaris Haw.,196,159747289
1822,Crocus speciosus,2747718,SPECIES,ACCEPTED,Plantae,NA,196,213212449
1823,Crocus tommasinianus,2747564,SPECIES,ACCEPTED,Plantae,2747564: Crocus tommasinianus Herb.,196,152546674
1824,Crocus vernus,2747567,SPECIES,ACCEPTED,Plantae,2747567: Crocus vernus (L.) Hill | 2747570: Crocus albiflorus Kit. ex Schult.,196,152546676
1825,Crossopriza lyoni,2150043,SPECIES,ACCEPTED,Animalia,"2150043: Crossopriza lyoni (Blackwall, 1867)",367,152544209
1826,Crotalus atrox,7327959,NA,NA,NA,NA,220,182133838
1827,Crucianella angustifolia,8228334,NA,NA,NA,NA,11592253,152545253
1828,Cryptachaea blattea,6718178,SPECIES,ACCEPTED,Animalia,NA,367,152544135
1829,Cryptachaea veruculata,4550810,SPECIES,ACCEPTED,Animalia,"2157642: Achaearanea veruculata (Urquhart, 1885)",367,152544136
1830,Cryptoblabes gnidiella,1873051,SPECIES,ACCEPTED,Animalia,NA,216,213213920
1831,Cryptolaemus montrouzieri,1043717,SPECIES,ACCEPTED,Animalia,"1043717: Cryptolaemus montrouzieri Mulsant, 1853",216,152544566
1832,Cryptomeria japonica,5284237,SPECIES,ACCEPTED,Plantae,5284237: Cryptomeria japonica (Thunb. ex L.f.) D.Don,194,152546531
1833,Cryptorchestia cavimana,7563173,SPECIES,ACCEPTED,Animalia,"2218567: Orchestia cavimana Heller, 1865",229,162644821
1834,Cryptorchestia garbinii,8307577,SPECIES,ACCEPTED,Animalia,NA,229,182134043
1835,Ctenochares bicolorus,1276876,SPECIES,ACCEPTED,Animalia,NA,216,213213865
1836,Ctenolepisma lineata,1421095,SPECIES,ACCEPTED,Animalia,"1421095: Ctenolepisma lineata (Fabricius, 1775)",216,152544397
1837,Ctenolepisma longicaudatum,6098843,SPECIES,ACCEPTED,Animalia,"6098843: Ctenolepisma longicaudatum Escherich, 1905",216,213213744
1838,Ctenopharyngodon idella,2362030,SPECIES,ACCEPTED,Animalia,"2362030: Ctenopharyngodon idella (Valenciennes, 1844)",NA,152543553
1839,Ctenosaura similis,5414989,NA,NA,NA,NA,220,213212540
1840,Cucumis dipsaceus,2874574,SPECIES,ACCEPTED,Plantae,2874574: Cucumis dipsaceus Ehrenb. ex Spach,220,164251831
1841,Cucumis melo,2874570,SPECIES,ACCEPTED,Plantae,2874570: Cucumis melo L.,220,152546203
1842,Cucumis myriocarpus,7885624,SPECIES,ACCEPTED,Plantae,NA,220,213215622
1843,Cucumis sativus,2874569,SPECIES,ACCEPTED,Plantae,2874569: Cucumis sativus L.,220,152546202
1844,Cucurbita ficifolia,2874512,SPECIES,ACCEPTED,Plantae,NA,220,213215624
1845,Cucurbita maxima,2874515,SPECIES,ACCEPTED,Plantae,8315192: Cucurbita maxima Duchesne ex Lam. | 2874515: Cucurbita maxima Duchesne,220,159748747
1846,Cucurbita moschata,7393329,SPECIES,ACCEPTED,Plantae,7393329: Cucurbita moschata (Duchesne) Duchesne ex Poir. | 2874509: Cucurbita moschata Duchesne,220,182134695
1847,Cucurbita pepo,2874508,SPECIES,ACCEPTED,Plantae,2874508: Cucurbita pepo L.,220,152546196
1848,Cullen americanum,2948921,SPECIES,ACCEPTED,Plantae,2948923: Psoralea americana L.,220,152545228
1849,Cullen cinereum,3966627,SPECIES,ACCEPTED,Plantae,NA,220,182134368
1850,Cumminsiella mirabilissima,2516075,SPECIES,ACCEPTED,Fungi,2516079: Puccinia mirabilissima Peck,270,152543171
1851,Cupiennius getazi,3142974,NA,NA,NA,NA,220,213214657
1852,Cuscuta campestris,3610757,SPECIES,ACCEPTED,Plantae,NA,220,213213559
1853,Cuscuta epilinum,2927530,SPECIES,ACCEPTED,Plantae,2927530: Cuscuta epilinum Weihe,220,152545022
1854,Cuscuta gronovii,7694392,SPECIES,ACCEPTED,Plantae,2927492: Cuscuta gronovii Willd. ex Schult.,220,213213560
1855,Cuscuta lupuliformis,3678256,SPECIES,ACCEPTED,Plantae,3678256: Cuscuta lupuliformis Krock.,220,152545019
1856,Cuscuta planiflora,7536754,NA,NA,NA,NA,7228684,152545021
1857,Cuscuta suaveolens,2927484,SPECIES,ACCEPTED,Plantae,2927484: Cuscuta suaveolens Ser.,220,152545020
1858,Cyanochen cyanoptera,2498380,SPECIES,ACCEPTED,Animalia,"2498380: Cyanochen cyanoptera (Ruppell, 1845)",212,159747070
1859,Cyanopica cooki,5844936,SPECIES,ACCEPTED,Animalia,NA,212,159747326
1860,Cyanoramphus novaezelandiae,5229110,SPECIES,ACCEPTED,Animalia,"5229110: Cyanoramphus novaezelandiae (Sparrman, 1787)",212,159747367
1861,Cyanus triumfettii,2443876,NA,NA,NA,NA,11592253,152543611
1862,Cyclachaena xanthiifolia,3141890,SPECIES,ACCEPTED,Plantae,5696453: Iva xanthifolia Nutt.,220,152543922
1863,Cyclamen coum,7127354,SPECIES,ACCEPTED,Plantae,7127354: Cyclamen coum Mill.,220,152545813
1864,Cyclamen hederifolium,7127810,SPECIES,ACCEPTED,Plantae,7127810: Cyclamen hederifolium Aiton,220,152545814
1865,Cyclospermum leptophyllum,8350395,SPECIES,ACCEPTED,Plantae,NA,220,213215316
1866,Cydalima perspectalis,4532122,SPECIES,ACCEPTED,Animalia,"4532122: Cydalima perspectalis (Walker, 1859)",216,152544293
1867,Cydonia oblonga,5362215,SPECIES,ACCEPTED,Plantae,5362215: Cydonia oblonga Mill.,220,152544790
1868,Cygnus atratus,2498344,SPECIES,ACCEPTED,Animalia,"2498344: Cygnus atratus (Latham, 1790)",212,152543224
1869,Cygnus buccinator,2498345,SPECIES,ACCEPTED,Animalia,"2498345: Cygnus buccinator Richardson, 1831",212,159747073
1870,Cygnus melancoryphus,2498335,SPECIES,ACCEPTED,Animalia,"2498335: Cygnus melancoryphus (Molina, 1782)",212,159747074
1871,Cylindroiulus britannicus,2513597,NA,NA,NA,NA,151,152544645
1872,Cymbalaria muralis,7331861,SUBSPECIES,ACCEPTED,Plantae,7331861: Cymbalaria muralis subsp. muralis | 5414985: Linaria cymbalaria (L.) Mill.,220,213215557
1873,Cymbalaria muralis,2653392,SPECIES,ACCEPTED,Plantae,NA,282,213215557
1874,Cymbalaria muralis,3802956,SPECIES,ACCEPTED,Plantae,NA,220,213215557
1875,Cymbalaria muralis,7998563,SPECIES,ACCEPTED,Plantae,NA,196,213215557
1876,Cymbalaria muralis,4271356,SPECIES,ACCEPTED,Plantae,NA,220,213215557
1877,Cymbalaria muralis,7272439,SPECIES,ACCEPTED,Plantae,NA,220,213215557
1878,Cymbalaria muralis,6084799,SPECIES,ACCEPTED,Plantae,NA,196,213215557
1879,Cymbalaria muralis,7350944,SPECIES,ACCEPTED,Plantae,NA,220,213215557
1880,Cymbalaria muralis,3666059,SPECIES,ACCEPTED,Plantae,NA,220,213215557
1881,Cymbalaria muralis,7062200,SPECIES,ACCEPTED,Plantae,NA,11418114,213215557
1882,Cymbalaria muralis,8991514,SPECIES,ACCEPTED,Plantae,NA,212,213215557
1883,Cymbalaria muralis,6302047,SPECIES,ACCEPTED,Plantae,NA,220,213215557
1884,Cymbalaria muralis,6369140,NA,NA,NA,NA,220,213215557
1885,Cymbalaria muralis muralis,NA,NA,NA,NA,NA,NA,152545641
1886,Cymbalaria pallida,5559837,SPECIES,ACCEPTED,Plantae,5559837: Cymbalaria pallida (Ten.) Wettst.,220,152545643
1887,Cymbalaria pubescens,7261816,NA,NA,NA,NA,359,213215556
1888,Cynanchica aristata,12254070,SPECIES,ACCEPTED,Plantae,NA,220,213215263
1889,Cynara cardunculus,3112364,SPECIES,ACCEPTED,Plantae,3112364: Cynara cardunculus L. | 4241131: Cynara cardunculus subsp. flavescens Wiklund,220,152544242
1890,Cynara scolymus,3112361,SPECIES,ACCEPTED,Plantae,3112361: Cynara scolymus L.,220,152544244
1891,Cynodon convergens,5677636,SPECIES,ACCEPTED,Plantae,NA,196,152546798
1892,Cynodon dactylon,6109637,SPECIES,ACCEPTED,Plantae,6109637: Cynodon dactylon (L.) Pers.,196,152546799
1893,Cynodon incompletus,5674825,SPECIES,ACCEPTED,Plantae,NA,196,213212789
1894,Cynoglossum amabile,2925816,SPECIES,ACCEPTED,Plantae,2925816: Cynoglossum amabile Stapf & Drumm.,220,152545530
1895,Cynoglossum clandestinum,4145671,NA,NA,NA,NA,196,152545529
1896,Cynomys ludovicianus,2437232,SPECIES,ACCEPTED,Animalia,"2437232: Cynomys ludovicianus (Ord, 1815)",359,152543309
1897,Cynosurus echinatus,2704394,SPECIES,ACCEPTED,Plantae,2704394: Cynosurus echinatus L.,196,152546972
1898,Cyperus aggregatus,4143912,NA,NA,NA,NA,196,152546751
1899,Cyperus congestus,2714656,SPECIES,ACCEPTED,Plantae,NA,196,152546747
1900,Cyperus conglomeratus,2714301,SPECIES,ACCEPTED,Plantae,NA,196,152546749
1901,Cyperus cyperoides,2714453,SPECIES,ACCEPTED,Plantae,2714453: Cyperus cyperoides (L.) Kuntze,196,152546748
1902,Cyperus difformis,2714796,SPECIES,ACCEPTED,Plantae,NA,196,152546745
1903,Cyperus eragrostis,2715482,SPECIES,ACCEPTED,Plantae,2715482: Cyperus eragrostis Lam.,196,152546754
1904,Cyperus esculentus,2716226,SPECIES,ACCEPTED,Plantae,2716226: Cyperus esculentus L.,196,152546755
1905,Cyperus exaltatus,2715206,SPECIES,ACCEPTED,Plantae,NA,196,152546757
1906,Cyperus imbricatus,2714233,SPECIES,ACCEPTED,Plantae,2714233: Cyperus imbricatus Retz.,196,152546750
1907,Cyperus involucratus,7327719,NA,NA,NA,NA,220,213213191
1908,Cyperus longus,7070211,SUBSPECIES,ACCEPTED,Plantae,7070211: Cyperus longus subsp. longus,196,213213188
1909,Cyperus longus,7421129,SUBSPECIES,ACCEPTED,Plantae,7421129: Cyperus longus subsp. badius (Desf.) Bonnier & Layens,196,213213188
1910,Cyperus longus,4134508,SUBSPECIES,ACCEPTED,Plantae,NA,196,213213188
1911,Cyperus longus,6913500,SUBSPECIES,ACCEPTED,Plantae,NA,367,213213188
1912,Cyperus longus,7222196,SUBSPECIES,ACCEPTED,Plantae,NA,220,213213188
1913,Cyperus longus,7764312,SUBSPECIES,ACCEPTED,Plantae,NA,220,213213188
1914,Cyperus longus,6411098,SUBSPECIES,ACCEPTED,Plantae,NA,220,213213188
1915,Cyperus longus,7308043,SUBSPECIES,ACCEPTED,Plantae,NA,220,213213188
1916,Cyperus longus,3611735,SUBSPECIES,ACCEPTED,Plantae,NA,220,213213188
1917,Cyperus longus,6420901,SUBSPECIES,ACCEPTED,Plantae,NA,220,213213188
1918,Cyperus longus,9405036,SUBSPECIES,ACCEPTED,Plantae,NA,212,213213188
1919,Cyperus longus,9462721,SUBSPECIES,ACCEPTED,Plantae,NA,212,213213188
1920,Cyperus longus,6076279,SUBSPECIES,ACCEPTED,Plantae,NA,220,213213188
1921,Cyperus longus,5224481,SUBSPECIES,ACCEPTED,Plantae,NA,11592253,213213188
1922,Cyperus longus,5224543,SUBSPECIES,ACCEPTED,Plantae,NA,11592253,213213188
1923,Cyperus longus,2457378,SUBSPECIES,ACCEPTED,Plantae,NA,11592253,213213188
1924,Cyperus longus,4194303,SUBSPECIES,ACCEPTED,Plantae,NA,220,213213188
1925,Cyperus longus,4104890,SUBSPECIES,ACCEPTED,Plantae,NA,196,213213188
1926,Cyperus longus,6710856,SUBSPECIES,ACCEPTED,Plantae,NA,196,213213188
1927,Cyperus longus,6432925,SUBSPECIES,ACCEPTED,Plantae,NA,220,213213188
1928,Cyperus longus,8925248,SUBSPECIES,ACCEPTED,Plantae,NA,220,213213188
1929,Cyperus longus,2176168,SUBSPECIES,ACCEPTED,Plantae,NA,367,213213188
1930,Cyperus longus,7455425,SUBSPECIES,ACCEPTED,Plantae,NA,220,213213188
1931,Cyperus longus,7225456,NA,NA,NA,NA,220,213213188
1932,Cyperus longus,9603492,NA,NA,NA,NA,220,213213188
1933,Cyperus longus badius,NA,NA,NA,NA,NA,NA,152546743
1934,Cyperus longus longus,NA,NA,NA,NA,NA,NA,152546744
1935,Cyperus reflexus,2714722,SPECIES,ACCEPTED,Plantae,NA,196,152546746
1936,Cyperus rigens,3826756,NA,NA,NA,NA,220,152546752
1937,Cyperus rotundus,2714818,SPECIES,ACCEPTED,Plantae,2714818: Cyperus rotundus L.,196,152546756
1938,Cyperus virens,2716420,SPECIES,ACCEPTED,Plantae,NA,196,152546753
1939,Cyprinus carpio,4286975,SPECIES,ACCEPTED,Animalia,"4286975: Cyprinus carpio Linnaeus, 1758 | 7059109: Cyprinus carpio carpio | 8732936: Cyprinus carpio var. carpio",NA,152543526
1940,Cyrtomium falcatum,2650829,SPECIES,ACCEPTED,Plantae,2650829: Cyrtomium falcatum (L.fil.) C.Presl,7228684,152547222
1941,Cyrtomium fortunei,2650827,SPECIES,ACCEPTED,Plantae,2650827: Cyrtomium fortunei J.Sm.,7228684,152547223
1942,Cytisophyllum sessilifolium,2940408,SPECIES,ACCEPTED,Plantae,NA,220,159748507
1943,Cytisus decumbens,5354676,SPECIES,ACCEPTED,Plantae,NA,220,152545111
1944,Cytisus multiflorus,7681436,SPECIES,ACCEPTED,Plantae,7681436: Cytisus multiflorus (L'Hér.) Sweet,220,152545110
1945,Cytisus striatus,5354707,SPECIES,ACCEPTED,Plantae,5354707: Cytisus striatus (Hill) Rothm.,220,152545112
1946,Daboecia cantabrica,8400045,SPECIES,ACCEPTED,Plantae,NA,220,182134828
1947,Daboecia cantabrica,3067869,SPECIES,ACCEPTED,Plantae,NA,220,182134828
1948,Daboecia cantabrica,5352372,SPECIES,ACCEPTED,Plantae,NA,220,182134828
1949,Daboecia cantabrica,2443339,SPECIES,ACCEPTED,Plantae,NA,11418114,182134828
1950,Daboecia cantabrica,6300531,SPECIES,ACCEPTED,Plantae,NA,220,182134828
1951,Daboecia cantabrica,7068379,SPECIES,ACCEPTED,Plantae,NA,220,182134828
1952,Daboecia cantabrica,7427741,SPECIES,ACCEPTED,Plantae,NA,220,182134828
1953,Daboecia cantabrica,3047147,SPECIES,ACCEPTED,Plantae,NA,220,182134828
1954,Daboecia cantabrica,9405036,SPECIES,ACCEPTED,Plantae,NA,212,182134828
1955,Daboecia cantabrica,6411098,SPECIES,ACCEPTED,Plantae,NA,220,182134828
1956,Daboecia cantabrica,7853188,SPECIES,ACCEPTED,Plantae,NA,220,182134828
1957,Daboecia cantabrica,5352372,NA,NA,NA,NA,220,182134828
1958,Daboecia cantabrica cantabrica,NA,NA,NA,NA,NA,NA,213215596
1959,Daboia palaestinae,7340811,NA,NA,NA,NA,212,213212549
1960,Dacelo novaeguineae,2475648,SPECIES,ACCEPTED,Animalia,"2475648: Dacelo novaeguineae (Hermann, 1783)",212,159747445
1961,Dactylis glomerata,2114326,SUBSPECIES,ACCEPTED,Plantae,NA,11545536,NA
1962,Dactylis glomerata,4932232,SUBSPECIES,ACCEPTED,Plantae,NA,196,NA
1963,Dactylis glomerata,6710856,SUBSPECIES,ACCEPTED,Plantae,NA,196,NA
1964,Dactylis glomerata,7225621,SUBSPECIES,ACCEPTED,Plantae,NA,220,NA
1965,Dactylis glomerata,5825913,SUBSPECIES,ACCEPTED,Plantae,NA,194,NA
1966,Dactylis glomerata,7764312,SUBSPECIES,ACCEPTED,Plantae,NA,220,NA
1967,Dactylis glomerata,7350944,SUBSPECIES,ACCEPTED,Plantae,NA,220,NA
1968,Dactylis glomerata,3602069,SUBSPECIES,ACCEPTED,Plantae,NA,220,NA
1969,Dactylis glomerata,6313051,SUBSPECIES,ACCEPTED,Plantae,NA,196,NA
1970,Dactylis glomerata,7323906,SUBSPECIES,ACCEPTED,Plantae,NA,220,NA
1971,Dactylis glomerata,3935202,SUBSPECIES,ACCEPTED,Plantae,NA,220,NA
1972,Dactylis glomerata,6308164,SUBSPECIES,ACCEPTED,Plantae,NA,220,NA
1973,Dactylis glomerata,8918909,NA,NA,NA,NA,196,NA
1974,Dactylis glomerata lobata,NA,NA,NA,NA,NA,NA,213212947
1975,Dactyloctenium aegyptium,2706188,SPECIES,ACCEPTED,Plantae,2706188: Dactyloctenium aegyptium (L.) Willd.,196,152547156
1976,Dactyloctenium radulans,2706190,SPECIES,ACCEPTED,Plantae,NA,196,152547155
1977,Dahlia coccinea,5387098,SPECIES,ACCEPTED,Plantae,5387098: Dahlia coccinea Cav.,220,152543758
1978,Dahlia cultorum,5701337,SPECIES,ACCEPTED,Plantae,NA,220,152543756
1979,Dahlia ×cultorum,5701337,SPECIES,ACCEPTED,Plantae,5701337: Dahlia ×cultorum Thorsrud & Reisaeter,220,NA
1980,Daktulosphaira vitifoliae,2049512,SPECIES,ACCEPTED,Animalia,NA,216,213214101
1981,Dama dama,5220136,SPECIES,ACCEPTED,Animalia,"5220136: Dama dama (Linnaeus, 1758)",359,152543258
1982,Danae racemosa,5303891,SPECIES,ACCEPTED,Plantae,5303891: Danae racemosa (L.) Moench,196,152546686
1983,Daphnia ambigua,2234836,SPECIES,ACCEPTED,Animalia,NA,281,213214646
1984,Darmera peltata,3032611,SPECIES,ACCEPTED,Plantae,3032611: Darmera peltata (Torr. ex Benth.) Voss,220,152544694
1985,Dasiphora davurica,8381801,VARIETY,ACCEPTED,Plantae,8381801: Dasiphora davurica var. mandshurica (Maxim.) Verloove & Lambinon,220,213215733
1986,Dasiphora davurica,7481364,SPECIES,ACCEPTED,Plantae,NA,216,213215733
1987,Dasiphora davurica,2769073,SPECIES,ACCEPTED,Plantae,NA,196,213215733
1988,Dasiphora davurica,11162940,SPECIES,ACCEPTED,Plantae,NA,220,213215733
1989,Dasiphora davurica,6076957,SPECIES,ACCEPTED,Plantae,NA,220,213215733
1990,Dasiphora davurica,4090836,SPECIES,ACCEPTED,Plantae,NA,220,213215733
1991,Dasiphora davurica,6157050,SPECIES,ACCEPTED,Plantae,NA,11418114,213215733
1992,Dasiphora davurica,7272439,SPECIES,ACCEPTED,Plantae,NA,220,213215733
1993,Dasiphora davurica,7323341,SPECIES,ACCEPTED,Plantae,NA,220,213215733
1994,Dasiphora davurica,2717402,SPECIES,ACCEPTED,Plantae,NA,196,213215733
1995,Dasiphora davurica,7466434,SPECIES,ACCEPTED,Plantae,NA,220,213215733
1996,Dasiphora davurica,7302355,SPECIES,ACCEPTED,Plantae,NA,220,213215733
1997,Dasiphora davurica,3663237,NA,NA,NA,NA,220,213215733
1998,Dasiphora davurica mandshurica,NA,NA,NA,NA,NA,NA,182135135
1999,Dasiphora fruticosa,5370380,SPECIES,ACCEPTED,Plantae,7740434: Potentilla fruticosa L. | 5370380: Dasiphora fruticosa (L.) Rydb. | 8276788: Potentilla ×friedrichsenii Späth,220,152544794
2000,Dasypyrum villosum,7810452,SPECIES,DOUBTFUL,Plantae,7810452: Dasypyrum villosum (L.) P.Candargy,196,213212827
2001,Dasypyrum villosum,7810452,SPECIES,DOUBTFUL,Plantae,7810452: Dasypyrum villosum (L.) P.Candargy,196,152546782
2002,Datura ferox,7894250,SPECIES,ACCEPTED,Plantae,7894250: Datura ferox L.,220,152544970
2003,Datura innoxia,2928755,SPECIES,ACCEPTED,Plantae,2928755: Datura innoxia Mill.,220,152544971
2004,Datura stramonium,2928751,SPECIES,ACCEPTED,Plantae,2928751: Datura stramonium L. | 2928753: Datura stramonium var. tatula (L.) Torr. | 6402349: Datura stramonium var. stramonium,220,152544972
2005,Daucus aureus,6027382,SPECIES,ACCEPTED,Plantae,6027382: Daucus aureus Desf.,220,152544550
2006,Daucus carota,5370043,VARIETY,ACCEPTED,Plantae,NA,220,NA
2007,Daucus carota,6550056,VARIETY,ACCEPTED,Plantae,NA,220,NA
2008,Daucus carota,3755928,VARIETY,ACCEPTED,Plantae,NA,220,NA
2009,Daucus carota,6369140,VARIETY,ACCEPTED,Plantae,NA,220,NA
2010,Daucus carota,4036350,VARIETY,ACCEPTED,Plantae,NA,220,NA
2011,Daucus carota,4131042,VARIETY,ACCEPTED,Plantae,NA,196,NA
2012,Daucus carota,4211590,VARIETY,ACCEPTED,Plantae,NA,220,NA
2013,Daucus carota,4035024,VARIETY,ACCEPTED,Plantae,NA,220,NA
2014,Daucus carota,7226804,VARIETY,ACCEPTED,Plantae,NA,196,NA
2015,Daucus carota,4048052,VARIETY,ACCEPTED,Plantae,NA,220,NA
2016,Daucus carota,8045533,VARIETY,ACCEPTED,Plantae,NA,220,NA
2017,Daucus carota,7323834,VARIETY,ACCEPTED,Plantae,NA,220,NA
2018,Daucus carota,2717402,NA,NA,NA,NA,196,NA
2019,Daucus carota sativus,NA,NA,NA,NA,NA,NA,213215299
2020,Daucus durieua,3641853,SPECIES,ACCEPTED,Plantae,NA,220,152544552
2021,Daucus glochidiatus,6027313,SPECIES,ACCEPTED,Plantae,NA,220,152544549
2022,Daucus littoralis,6027290,SPECIES,ACCEPTED,Plantae,NA,220,213215300
2023,Davidia involucrata,7322122,SPECIES,ACCEPTED,Plantae,NA,220,213214669
2024,Decaisnea insignis,5686494,SPECIES,ACCEPTED,Plantae,5686494: Decaisnea insignis (Griff.) Hook.fil. & Thomson,220,152546380
2025,Deinandra fasciculata,3145375,SPECIES,ACCEPTED,Plantae,3145372: Hemizonia fasciculata (DC.) Torr. & A.Gray,220,159748887
2026,Delosperma aberdeenense,3707631,SPECIES,ACCEPTED,Plantae,NA,220,213214826
2027,Delosperma cooperi,9376410,SPECIES,ACCEPTED,Plantae,9376410: Delosperma cooperi (Hook.fil.) L.Bolus,220,213214828
2028,Delosperma cooperi,9376410,SPECIES,ACCEPTED,Plantae,9376410: Delosperma cooperi (Hook.fil.) L.Bolus,220,152546018
2029,Delphinium ajacis,3033833,SPECIES,ACCEPTED,Plantae,3033830: Consolida ajacis (L.) Schur | 3033833: Delphinium ajacis L.,220,182134779
2030,Delphinium elatum,3033757,SPECIES,ACCEPTED,Plantae,3033757: Delphinium elatum L.,220,152546363
2031,Delphinium hispanicum,8429167,SPECIES,ACCEPTED,Plantae,NA,220,213214442
2032,Delphinium orientale,3033829,SPECIES,ACCEPTED,Plantae,7277406: Consolida hispanica (Costa) Greuter & Burdet | 3033829: Delphinium orientale Gay,220,NA
2033,Dendrocoelum romanodanubiale,4344674,SPECIES,ACCEPTED,Animalia,"4344674: Dendrocoelum romanodanubiale (Codreanu, 1949)",NA,152543178
2034,Dendrocygna arcuata,2498398,SPECIES,ACCEPTED,Animalia,"2498398: Dendrocygna arcuata (Horsfield, 1824)",212,159747084
2035,Dendrocygna autumnalis,2498393,SPECIES,ACCEPTED,Animalia,"2498393: Dendrocygna autumnalis (Linnaeus, 1758)",212,159747078
2036,Dendrocygna bicolor,2498402,SPECIES,ACCEPTED,Animalia,"2498402: Dendrocygna bicolor (Vieillot, 1816)",212,159747082
2037,Dendrocygna eytoni,2498405,SPECIES,ACCEPTED,Animalia,"2498405: Dendrocygna eytoni (Eyton, 1838)",212,159747080
2038,Dendrocygna viduata,2498396,SPECIES,ACCEPTED,Animalia,"2498396: Dendrocygna viduata (Linnaeus, 1766)",212,159747077
2039,Deraeocoris annulipes,4488819,SPECIES,ACCEPTED,Animalia,NA,216,213214129
2040,Deraeocoris flavilinea,4488821,SPECIES,ACCEPTED,Animalia,NA,216,213214130
2041,Deroceras invadens,8745918,SPECIES,ACCEPTED,Animalia,"8745918: Deroceras invadens Reise, Hutchinson, Schunack & Schlitt, 2011",225,152543607
2042,Deroceras panormitanum,3725805,NA,NA,NA,NA,220,152543609
2043,Descurainia incisa,5704991,NA,NA,NA,NA,220,152545437
2044,Descurainia pinnata,3044133,SPECIES,ACCEPTED,Plantae,3044133: Descurainia pinnata (Walter) Britton,220,152545436
2045,Desmanthus illinoensis,4152037,NA,NA,NA,NA,196,182134182
2046,Desmazeria sicula,1420795,NA,NA,NA,NA,216,152546896
2047,Deutzia crenata,2985963,SPECIES,ACCEPTED,Plantae,NA,220,213214690
2048,Deutzia gracilis,2985964,SPECIES,ACCEPTED,Plantae,NA,220,213214693
2049,Deutzia scabra,2985965,SPECIES,ACCEPTED,Plantae,2985965: Deutzia scabra Thunb.,220,152544946
2050,Diadumene lineata,4283395,SPECIES,ACCEPTED,Animalia,"4283395: Diadumene lineata (Verrill, 1869)",206,159747952
2051,Dianthus barbatus,3085421,SPECIES,ACCEPTED,Plantae,3085421: Dianthus barbatus L.,220,152546078
2052,Dianthus caryophyllus,3085420,SPECIES,ACCEPTED,Plantae,3085420: Dianthus caryophyllus L.,220,152546076
2053,Dianthus giganteus,7267630,SPECIES,ACCEPTED,Plantae,NA,220,213215013
2054,Dianthus giganteus,7267631,SUBSPECIES,ACCEPTED,Plantae,NA,220,213215013
2055,Dianthus giganteus,7569785,SPECIES,ACCEPTED,Plantae,NA,220,213215013
2056,Dianthus giganteus,7190901,SPECIES,ACCEPTED,Plantae,NA,11418114,213215013
2057,Dianthus giganteus,7225456,SPECIES,ACCEPTED,Plantae,NA,220,213215013
2058,Dianthus giganteus,7764312,SPECIES,ACCEPTED,Plantae,NA,220,213215013
2059,Dianthus giganteus,8369366,SPECIES,ACCEPTED,Plantae,NA,196,213215013
2060,Dianthus giganteus,7455425,SPECIES,ACCEPTED,Plantae,NA,220,213215013
2061,Dianthus giganteus,7222196,SPECIES,ACCEPTED,Plantae,NA,220,213215013
2062,Dianthus giganteus,8381801,SPECIES,ACCEPTED,Plantae,NA,220,213215013
2063,Dianthus giganteus,6300531,SPECIES,ACCEPTED,Plantae,NA,220,213215013
2064,Dianthus giganteus,8983123,SPECIES,ACCEPTED,Plantae,NA,220,213215013
2065,Dianthus giganteus,5373483,SPECIES,ACCEPTED,Plantae,NA,220,213215013
2066,Dianthus giganteus,7225621,NA,NA,NA,NA,220,213215013
2067,Dianthus giganteus giganteus,NA,NA,NA,NA,NA,NA,152546075
2068,Dianthus plumarius,3085412,SPECIES,ACCEPTED,Plantae,3085412: Dianthus plumarius L.,220,152546077
2069,Dianthus subacaulis,4243464,NA,NA,NA,NA,220,152546073
2070,Dianthus superbus,6363496,SPECIES,ACCEPTED,Plantae,6363496: Dianthus superbus L.,220,152546074
2071,Dicentra formosa,2888553,SPECIES,ACCEPTED,Plantae,2888553: Dicentra formosa (Andrews) Walp.,220,152546405
2072,Dichanthelium clandestinum,2702543,SPECIES,ACCEPTED,Plantae,NA,196,213212944
2073,Dichondra argentea,2928668,SPECIES,ACCEPTED,Plantae,2928668: Dichondra argentea Humb. & Bonpl. ex Willd.,220,152545015
2074,Dichondra micrantha,2928666,SPECIES,ACCEPTED,Plantae,2928666: Dichondra micrantha Urb.,220,152545016
2075,Dichotomyctere fluviatilis,4148661,NA,NA,NA,NA,196,156872745
2076,Dichrooscytus gustavi,8338571,NA,NA,NA,NA,196,213214116
2077,Dichrooscytus intermedius,4487661,SPECIES,ACCEPTED,Animalia,NA,216,213214114
2078,Dicyphus escalerae,8052025,SPECIES,ACCEPTED,Animalia,NA,216,213214126
2079,Dieuches armatipes,4486432,SPECIES,ACCEPTED,Animalia,NA,216,213214043
2080,Digitalis ferruginea,5414991,SPECIES,ACCEPTED,Plantae,NA,220,213215541
2081,Digitalis lanata,7480365,NA,NA,NA,NA,220,213215540
2082,Digitaria abyssinica,5289929,SPECIES,ACCEPTED,Plantae,NA,196,152546929
2083,Digitaria acuminatissima,4131963,SPECIES,ACCEPTED,Plantae,NA,196,152546930
2084,Digitaria aequiglumis,5676646,SPECIES,ACCEPTED,Plantae,5676646: Digitaria aequiglumis (Hack. & Arechav.) Parodi,196,152546925
2085,Digitaria brownii,5289957,SPECIES,ACCEPTED,Plantae,NA,196,152546928
2086,Digitaria ciliaris,5289998,SPECIES,ACCEPTED,Plantae,NA,196,213212924
2087,Digitaria sanguinalis,5289972,SPECIES,ACCEPTED,Plantae,5289972: Digitaria sanguinalis (L.) Scop. | 5675253: Digitaria sanguinalis subsp. pectiniformis Henrard | 10966302: Digitaria sanguinalis subsp. sanguinalis,196,152546927
2088,Digitaria sanguinalis,2928624,SPECIES,ACCEPTED,Plantae,NA,220,152546927
2089,Digitaria sanguinalis,7753114,SPECIES,ACCEPTED,Plantae,NA,220,152546927
2090,Digitaria sanguinalis,7068732,SPECIES,ACCEPTED,Plantae,NA,220,152546927
2091,Digitaria sanguinalis,2473221,SPECIES,ACCEPTED,Plantae,NA,11592253,152546927
2092,Digitaria sanguinalis,7222255,SPECIES,ACCEPTED,Plantae,NA,220,152546927
2093,Digitaria sanguinalis,7901010,SPECIES,ACCEPTED,Plantae,NA,220,152546927
2094,Digitaria sanguinalis,2453882,SPECIES,ACCEPTED,Plantae,NA,11592253,152546927
2095,Digitaria sanguinalis,7324507,SPECIES,ACCEPTED,Plantae,NA,220,152546927
2096,Digitaria sanguinalis,7272185,SPECIES,ACCEPTED,Plantae,NA,220,152546927
2097,Digitaria sanguinalis,6710856,SPECIES,ACCEPTED,Plantae,NA,196,152546927
2098,Digitaria sanguinalis,4271356,SPECIES,ACCEPTED,Plantae,NA,220,152546927
2099,Digitaria sanguinalis,6369140,NA,NA,NA,NA,220,152546927
2100,Digitaria sanguinalis sanguinalis,NA,NA,NA,NA,NA,NA,182133502
2101,Digitaria violascens,5289995,SPECIES,ACCEPTED,Plantae,5289995: Digitaria violascens Link,196,152546926
2102,Dikerogammarus villosus,4315705,SPECIES,ACCEPTED,Animalia,"4315705: Dikerogammarus villosus (Sowinsky, 1894)",229,152543975
2103,Dimorphotheca jucunda,5402340,SPECIES,ACCEPTED,Plantae,3093587: Osteospermum jucundum (E.Phillips) Norl.,220,159748857
2104,Dimorphotheca pluvialis,5402363,SPECIES,ACCEPTED,Plantae,5402363: Dimorphotheca pluvialis (L.) Moench,220,152543793
2105,Dinebra divaricatissima,5130444,NA,NA,NA,NA,216,213213093
2106,Dinebra retroflexa,2703240,SPECIES,ACCEPTED,Plantae,2703240: Dinebra retroflexa (Vahl) Panz.,196,152547009
2107,Diplachne fusca,8257546,SUBSPECIES,ACCEPTED,Plantae,8257546: Diplachne fusca subsp. fascicularis (Lam.) P.M.Peterson & N.Snow,196,213212838
2108,Diplachne fusca,8369366,SUBSPECIES,ACCEPTED,Plantae,4122460: Diplachne uninervia (J.Presl) Parodi,196,213212838
2109,Diplachne fusca,8720751,SPECIES,ACCEPTED,Plantae,NA,220,213212838
2110,Diplachne fusca,2502805,SPECIES,ACCEPTED,Plantae,NA,NA,213212838
2111,Diplachne fusca,6159238,SPECIES,ACCEPTED,Plantae,NA,11592253,213212838
2112,Diplachne fusca,2161911,SPECIES,ACCEPTED,Plantae,NA,367,213212838
2113,Diplachne fusca,7440977,SPECIES,ACCEPTED,Plantae,NA,220,213212838
2114,Diplachne fusca,3666059,SPECIES,ACCEPTED,Plantae,NA,220,213212838
2115,Diplachne fusca,4274443,SPECIES,ACCEPTED,Plantae,NA,220,213212838
2116,Diplachne fusca,7227181,SPECIES,ACCEPTED,Plantae,NA,196,213212838
2117,Diplachne fusca,3746867,SPECIES,ACCEPTED,Plantae,NA,7228684,213212838
2118,Diplachne fusca,3755928,SPECIES,ACCEPTED,Plantae,NA,220,213212838
2119,Diplachne fusca,3757050,SPECIES,ACCEPTED,Plantae,NA,220,213212838
2120,Diplachne fusca,7652364,SPECIES,ACCEPTED,Plantae,NA,367,213212838
2121,Diplachne fusca,7225621,SPECIES,ACCEPTED,Plantae,NA,220,213212838
2122,Diplachne fusca,3047147,SPECIES,ACCEPTED,Plantae,NA,220,213212838
2123,Diplachne fusca,2706403,SPECIES,ACCEPTED,Plantae,NA,196,213212838
2124,Diplachne fusca,8389446,SPECIES,ACCEPTED,Plantae,NA,196,213212838
2125,Diplachne fusca,6313051,SPECIES,ACCEPTED,Plantae,NA,196,213212838
2126,Diplachne fusca,7219988,SPECIES,ACCEPTED,Plantae,NA,220,213212838
2127,Diplachne fusca,7427741,SPECIES,ACCEPTED,Plantae,NA,220,213212838
2128,Diplachne fusca,5831060,SPECIES,ACCEPTED,Plantae,NA,220,213212838
2129,Diplachne fusca,6427623,SPECIES,ACCEPTED,Plantae,NA,220,213212838
2130,Diplachne fusca,9508942,SPECIES,ACCEPTED,Plantae,NA,220,213212838
2131,Diplachne fusca,7332517,SPECIES,ACCEPTED,Plantae,NA,220,213212838
2132,Diplachne fusca,7225456,SPECIES,ACCEPTED,Plantae,NA,220,213212838
2133,Diplachne fusca,9603492,SPECIES,ACCEPTED,Plantae,NA,220,213212838
2134,Diplachne fusca,7068379,SPECIES,ACCEPTED,Plantae,NA,220,213212838
2135,Diplachne fusca,7223177,SPECIES,ACCEPTED,Plantae,NA,220,213212838
2136,Diplachne fusca,7420522,SPECIES,ACCEPTED,Plantae,NA,220,213212838
2137,Diplachne fusca,2445496,SPECIES,ACCEPTED,Plantae,NA,11592253,213212838
2138,Diplachne fusca,6313049,NA,NA,NA,NA,196,213212838
2139,Diplachne fusca,9771172,NA,NA,NA,NA,220,213212838
2140,Diplachne fusca,8983123,NA,NA,NA,NA,220,213212838
2141,Diplachne fusca fascicularis,NA,NA,NA,NA,NA,NA,152546785
2142,Diplachne fusca fusca,NA,NA,NA,NA,NA,NA,152546784
2143,Diplachne fusca uninervia,NA,NA,NA,NA,NA,NA,152546786
2144,Diplosoma listerianum,4136060,NA,NA,NA,NA,196,159747729
2145,Diplotaxis erucoides,5376309,SPECIES,ACCEPTED,Plantae,5376309: Diplotaxis erucoides (L.) DC.,220,152545348
2146,Diplotaxis virgata,5376326,SPECIES,ACCEPTED,Plantae,5376326: Diplotaxis virgata (Cav.) DC.,220,152545349
2147,Dipsacus laciniatus,2888814,SPECIES,ACCEPTED,Plantae,2888814: Dipsacus laciniatus L.,220,152546316
2148,Dipsacus sativus,2888816,SPECIES,ACCEPTED,Plantae,2888816: Dipsacus sativus (L.) Honck.,220,152546315
2149,Dipsacus strigosus,7443846,SPECIES,ACCEPTED,Plantae,4104284: Dipsacus strigosus Willd. ex Roem. & Schult.,220,152546314
2150,Disakisperma dubium,7308043,NA,NA,NA,NA,220,152546780
2151,Dittrichia graveolens,3101193,SPECIES,ACCEPTED,Plantae,3101193: Dittrichia graveolens (L.) Greuter,220,152544345
2152,Dittrichia viscosa,3101184,SPECIES,ACCEPTED,Plantae,3101184: Dittrichia viscosa (L.) Greuter,220,152544346
2153,Dohrniphora cornuta,5224481,NA,NA,NA,NA,11592253,182134330
2154,Dolichophis caspius,5224543,NA,NA,NA,NA,11592253,213212475
2155,Dolichoplana signata,2489073,NA,NA,NA,NA,212,213213344
2156,Dolichoplana striata,7009279,NA,NA,NA,NA,256,182132848
2157,Dolichotis patagonum,2437619,SPECIES,ACCEPTED,Animalia,"2437619: Dolichotis patagonum (Zimmermann, 1780)",359,152543284
2158,Donax serra,5729018,SPECIES,ACCEPTED,Animalia,NA,137,213213615
2159,Doronicum columnae,3143034,SPECIES,ACCEPTED,Plantae,3143034: Doronicum columnae Ten.,220,152543934
2160,Doronicum excelsum,2157928,NA,NA,NA,NA,367,152543935
2161,Doronicum orientale,3142967,SPECIES,ACCEPTED,Plantae,NA,220,213215222
2162,Doronicum willdenowii,4230874,SPECIES,ACCEPTED,Plantae,NA,220,213215223
2163,Dorypteryx domestica,1031742,SPECIES,ACCEPTED,Animalia,"1031742: Dorypteryx domestica (Smithers, 1958)",216,152544599
2164,Dorypteryx longipennis,4401285,SPECIES,ACCEPTED,Animalia,"4401285: Dorypteryx longipennis Smithers, 1991",216,152544597
2165,Dorypteryx pallida,5376874,NA,NA,NA,NA,220,152544600
2166,Dracocephalum moldavica,2927222,SPECIES,ACCEPTED,Plantae,2927222: Dracocephalum moldavica L.,220,152545757
2167,Dracocephalum parviflorum,2927220,SPECIES,ACCEPTED,Plantae,2927220: Dracocephalum parviflorum Nutt.,220,152545758
2168,Dracocephalum thymiflorum,2703867,NA,NA,NA,NA,196,152545756
2169,Dracunculus vulgaris,5330001,SPECIES,ACCEPTED,Plantae,NA,196,213212615
2170,Dreissena bugensis,2287073,SPECIES,ACCEPTED,Animalia,NA,137,154367717
2171,Dreissena polymorpha,2287072,SPECIES,ACCEPTED,Animalia,"2287072: Dreissena polymorpha (Pallas, 1771)",137,152543761
2172,Dromaius novaehollandiae,2495134,SPECIES,ACCEPTED,Animalia,"2495134: Dromaius novaehollandiae (Latham, 1790)",212,159746940
2173,Drosanthemum floribundum,3084872,SPECIES,ACCEPTED,Plantae,3084872: Drosanthemum floribundum (Haw.) Schwantes,220,182135028
2174,Drosera linearis,3092604,NA,NA,NA,NA,220,152545886
2175,Drosophila suzukii,5073820,SPECIES,ACCEPTED,Animalia,NA,216,182134318
2176,Dryas iulia,5128034,SPECIES,ACCEPTED,Animalia,NA,216,213213979
2177,Dryocosmus kuriphilus,1309652,SPECIES,ACCEPTED,Animalia,NA,216,213213900
2178,Dryophytes japonicus,5415014,NA,NA,NA,NA,220,213213227
2179,Dryopteris cycadina,7319302,SPECIES,ACCEPTED,Plantae,7319302: Dryopteris cycadina (Franch. & Sav.) C.Chr.,7228684,152547215
2180,Dryopteris erythrosora,7157952,SPECIES,ACCEPTED,Plantae,7157952: Dryopteris erythrosora (D.C.Eaton) Kuntze,7228684,152547214
2181,Dryopteris lacunosa,1031512,NA,NA,NA,NA,216,213213266
2182,Dysphania ambrosioides,5568446,SPECIES,ACCEPTED,Plantae,3083836: Chenopodium ambrosioides L. | 5568446: Dysphania ambrosioides (L.) Mosyakin & Clemants,220,152545911
2183,Dysphania anthelmintica,5568442,SPECIES,ACCEPTED,Plantae,5568442: Dysphania anthelmintica (L.) Mosyakin & Clemants,220,152545918
2184,Dysphania botrys,5568428,SPECIES,ACCEPTED,Plantae,3083858: Chenopodium botrys L. | 5568428: Dysphania botrys (L.) Mosyakin & Clemants,220,152545917
2185,Dysphania carinata,5568424,SPECIES,ACCEPTED,Plantae,3083833: Chenopodium carinatum R.Br. | 5568424: Dysphania carinata (R.Br.) Mosyakin & Clemants,220,152545916
2186,Dysphania cristata,5568415,SPECIES,ACCEPTED,Plantae,NA,220,152545915
2187,Dysphania glomulifera,7707087,SPECIES,ACCEPTED,Plantae,7707087: Dysphania glomulifera (Nees) Paul G.Wilson,220,152545909
2188,Dysphania multifida,5568361,SPECIES,ACCEPTED,Plantae,3083880: Chenopodium multifidum L.,220,152545914
2189,Dysphania pseudomultiflora,7877091,SPECIES,ACCEPTED,Plantae,NA,220,152545910
2190,Dysphania pumilio,5568339,SPECIES,ACCEPTED,Plantae,3083831: Chenopodium pumilio R.Br. | 5568339: Dysphania pumilio (R.Br.) Mosyakin & Clemants,220,152545913
2191,Dysphania schraderiana,5568322,SPECIES,ACCEPTED,Plantae,5568322: Dysphania schraderiana (Schult.) Mosyakin & Clemants | 3083909: Chenopodium schraderianum Roem. ex Schult.,220,152545912
2192,Ecballium elaterium,2874680,SPECIES,ACCEPTED,Plantae,2874680: Ecballium elaterium (L.) A.Rich.,220,152546191
2193,Echinacea purpurea,3150935,SPECIES,ACCEPTED,Plantae,NA,220,213215218
2194,Echinaria capitata,5674620,SPECIES,ACCEPTED,Plantae,NA,196,152546801
2195,Echinochloa colona,2702812,SPECIES,ACCEPTED,Plantae,2702812: Echinochloa colona (L.) Link,196,NA
2196,Echinochloa colonum,6431411,SPECIES,ACCEPTED,Plantae,NA,196,213212692
2197,Echinochloa crus-galli,2702808,SPECIES,ACCEPTED,Plantae,2702808: Echinochloa crus-galli (L.) P.Beauv. | 7226834: Echinochloa crus-galli subsp. crus-galli,196,152546997
2198,Echinochloa esculenta,2702798,SPECIES,ACCEPTED,Plantae,2702798: Echinochloa esculenta (A.Braun) H.Scholz,196,152546996
2199,Echinochloa frumentacea,2702822,SPECIES,ACCEPTED,Plantae,2702822: Echinochloa frumentacea Link,196,152546994
2200,Echinochloa inundata,4118773,SPECIES,ACCEPTED,Plantae,NA,196,152546992
2201,Echinochloa jubata,3982284,NA,NA,NA,NA,220,152546993
2202,Echinochloa muricata,2702816,SPECIES,ACCEPTED,Plantae,2702816: Echinochloa muricata (P.Beauv.) Fernald | 6313067: Echinochloa muricata subsp. microstachya (Wiegand) Jauzein | 9308029: Echinochloa muricata subsp. muricata | 4118560: Echinochloa muricata var. wiegandii (Fassett) Mohlenbr. | 4270675: Echinochloa muricata var. muricata,196,159747684
2203,Echinochloa muricata,4270675,VARIETY,ACCEPTED,Plantae,4270675: Echinochloa muricata var. muricata,196,159747684
2204,Echinochloa muricata,3905970,SPECIES,ACCEPTED,Plantae,NA,220,159747684
2205,Echinochloa muricata,7062200,SPECIES,ACCEPTED,Plantae,NA,11418114,159747684
2206,Echinochloa muricata,5224543,SPECIES,ACCEPTED,Plantae,NA,11592253,159747684
2207,Echinochloa muricata,2202786,SPECIES,ACCEPTED,Plantae,NA,229,159747684
2208,Echinochloa muricata,7427650,SPECIES,ACCEPTED,Plantae,NA,220,159747684
2209,Echinochloa muricata,3666059,SPECIES,ACCEPTED,Plantae,NA,220,159747684
2210,Echinochloa muricata,6313049,SPECIES,ACCEPTED,Plantae,NA,196,159747684
2211,Echinochloa muricata,7421129,SPECIES,ACCEPTED,Plantae,NA,196,159747684
2212,Echinochloa muricata,7420522,SPECIES,ACCEPTED,Plantae,NA,220,159747684
2213,Echinochloa muricata,9603492,SPECIES,ACCEPTED,Plantae,NA,220,159747684
2214,Echinochloa muricata,7331861,NA,NA,NA,NA,220,159747684
2215,Echinochloa muricata muricata,NA,NA,NA,NA,NA,NA,152546991
2216,Echinochloa oryzoides,2702820,SPECIES,ACCEPTED,Plantae,2702817: Echinochloa oryzicola Vasinger,196,159747683
2217,Echinocystis lobata,5331404,SPECIES,ACCEPTED,Plantae,NA,220,152546189
2218,Echinogammarus berilloni,4315760,SPECIES,ACCEPTED,Animalia,"4315760: Echinogammarus berilloni (Catta, 1878)",229,152543967
2219,Echinogammarus trichiatus,4417131,SPECIES,ACCEPTED,Animalia,"4417131: Echinogammarus trichiatus (Martynov, 1932)",229,NA
2220,Echinops bannaticus,5392859,SPECIES,ACCEPTED,Plantae,5392859: Echinops bannaticus Rochel ex Schrad.,220,152543670
2221,Echinops exaltatus,5392683,SPECIES,ACCEPTED,Plantae,5392683: Echinops exaltatus Schrad.,220,152543673
2222,Echinops sphaerocephalus,5392883,SPECIES,ACCEPTED,Plantae,5392883: Echinops sphaerocephalus L.,220,152543672
2223,Echinopsis albispinosa,2965461,NA,NA,NA,NA,220,213214974
2224,Echinopsis silvestrii,5166489,NA,NA,NA,NA,203,152545883
2225,Echinothrips americanus,1420846,SPECIES,ACCEPTED,Animalia,NA,216,152544431
2226,Echis carinatus,3138949,NA,NA,NA,NA,220,182133846
2227,Echium pininana,4068166,SPECIES,ACCEPTED,Plantae,NA,220,213214091
2228,Echium plantagineum,2925895,SPECIES,ACCEPTED,Plantae,2925895: Echium plantagineum L.,220,152545532
2229,Eclectus roratus,2480075,SPECIES,ACCEPTED,Animalia,"2480075: Eclectus roratus (Statius Muller, 1776)",212,159747394
2230,Eclipta prostrata,5384950,SPECIES,ACCEPTED,Plantae,5384950: Eclipta prostrata (L.) L.,220,159748835
2231,Ectobius vittiventris,1998083,SPECIES,ACCEPTED,Animalia,NA,216,213214399
2232,Ectopsocus briggsi,1031400,SPECIES,ACCEPTED,Animalia,"1031400: Ectopsocus briggsi McLachlan, 1899",216,152544636
2233,Ectopsocus petersi,1031394,SPECIES,ACCEPTED,Animalia,"1031394: Ectopsocus petersi Smithers, 1978",216,152544634
2234,Egeria densa,5329260,SPECIES,ACCEPTED,Plantae,5329260: Egeria densa Planch.,196,NA
2235,Egretta novaehollandiae,2480897,SPECIES,ACCEPTED,Animalia,"2480897: Egretta novaehollandiae (Latham, 1790)",212,159747477
2236,Ehrharta longiflora,2470376,NA,NA,NA,NA,11592253,152547014
2237,Eichhornia crassipes,2765940,SPECIES,ACCEPTED,Plantae,2765940: Eichhornia crassipes (Mart.) Solms,196,NA
2238,Elaeagnus angustifolia,3039269,SPECIES,ACCEPTED,Plantae,3039269: Elaeagnus angustifolia L.,220,152544754
2239,Elaeagnus macrophylla,7293094,SPECIES,ACCEPTED,Plantae,NA,220,152544751
2240,Elaeagnus multiflora,3039272,SPECIES,ACCEPTED,Plantae,3039272: Elaeagnus multiflora Thunb.,220,152544753
2241,Elaeagnus pungens,3039270,SPECIES,ACCEPTED,Plantae,3039270: Elaeagnus pungens Thunb.,220,182135113
2242,Elaeagnus submacrophylla,4048240,SPECIES,ACCEPTED,Plantae,NA,220,152544752
2243,Elaeagnus umbellata,3039267,SPECIES,ACCEPTED,Plantae,3039267: Elaeagnus umbellata Thunb.,220,182135114
2244,Elaeagnus ×submacrophylla,4048240,SPECIES,ACCEPTED,Plantae,4048240: Elaeagnus ×submacrophylla Serv. | 7293098: Elaeagnus ×ebbingei J.Door.,220,NA
2245,Elaphe quatuorlineata,9099408,SPECIES,ACCEPTED,Animalia,7190632: Elaphe quatuorlineata quatuorlineata,11592253,213212483
2246,Elaphe sauromates,7225621,NA,NA,NA,NA,220,182133754
2247,Elaphe schrenckii,3047147,NA,NA,NA,NA,220,182133755
2248,Elaphe taeniura,8889878,SPECIES,ACCEPTED,Animalia,NA,11592253,213212482
2249,Elatine alsinastrum,5646136,SPECIES,ACCEPTED,Plantae,5646136: Elatine alsinastrum L.,220,152546420
2250,Eleocharis engelmannii,2716838,SPECIES,ACCEPTED,Plantae,2716838: Eleocharis engelmannii Steud.,196,152546776
2251,Eleocharis mamillata,2717402,SUBSPECIES,ACCEPTED,Plantae,2717405: Eleocharis austriaca Hayek,196,NA
2252,Eleocharis mamillata,2497828,SUBSPECIES,ACCEPTED,Plantae,NA,212,NA
2253,Eleocharis mamillata,7298085,SUBSPECIES,ACCEPTED,Plantae,NA,220,NA
2254,Eleocharis mamillata,5825913,SUBSPECIES,ACCEPTED,Plantae,NA,194,NA
2255,Eleocharis mamillata,7272439,SUBSPECIES,ACCEPTED,Plantae,NA,220,NA
2256,Eleocharis mamillata,4090836,SUBSPECIES,ACCEPTED,Plantae,NA,220,NA
2257,Eleocharis mamillata,4270548,SUBSPECIES,ACCEPTED,Plantae,NA,196,NA
2258,Eleocharis mamillata,4036957,SUBSPECIES,ACCEPTED,Plantae,NA,220,NA
2259,Eleocharis mamillata,4131042,SUBSPECIES,ACCEPTED,Plantae,NA,196,NA
2260,Eleocharis mamillata,4132112,SUBSPECIES,ACCEPTED,Plantae,NA,196,NA
2261,Eleocharis mamillata,3898065,SUBSPECIES,ACCEPTED,Plantae,NA,220,NA
2262,Eleocharis mamillata,7293222,NA,NA,NA,NA,220,NA
2263,Eleocharis mamillata austriaca,NA,NA,NA,NA,NA,NA,159747332
2264,Eleocharis obtusa,2717467,SPECIES,ACCEPTED,Plantae,2717467: Eleocharis obtusa (Willd.) Schult.,196,152546777
2265,Eleusine africana,4124350,SPECIES,ACCEPTED,Plantae,NA,196,159747740
2266,Eleusine coracana,2705957,SPECIES,ACCEPTED,Plantae,2705957: Eleusine coracana (L.) Gaertn.,196,152547027
2267,Eleusine indica,2705953,SPECIES,ACCEPTED,Plantae,2705953: Eleusine indica (L.) Gaertn.,196,152547028
2268,Eleusine tristachya,2705955,SPECIES,ACCEPTED,Plantae,2705955: Eleusine tristachya (Lam.) Lam.,196,152547026
2269,Eleutherococcus simonii,3035420,SPECIES,ACCEPTED,Plantae,NA,220,213215272
2270,Ellisiophyllum pinnatum,7333320,SPECIES,ACCEPTED,Plantae,7333320: Ellisiophyllum pinnatum (Wall. ex Benth.) Makino,220,152545637
2271,Elodea canadensis,2865448,SPECIES,ACCEPTED,Plantae,2865448: Elodea canadensis Michx.,196,152546573
2272,Elodea densa,5329263,SPECIES,ACCEPTED,Plantae,NA,196,213212644
2273,Elodea nuttallii,5329212,SPECIES,ACCEPTED,Plantae,5329212: Elodea nuttallii (Planch.) H.St.John,196,152546572
2274,Elsholtzia ciliata,2927075,SPECIES,ACCEPTED,Plantae,NA,220,152545750
2275,Elymus canadensis,5290282,SPECIES,ACCEPTED,Plantae,5290282: Elymus canadensis L.,196,152546890
2276,Elymus hystrix,4206362,NA,NA,NA,NA,220,213212852
2277,Emilia fosbergii,3094899,NA,NA,NA,NA,220,152543779
2278,Empicoris rubromaculatus,2008616,SPECIES,ACCEPTED,Animalia,NA,216,213214137
2279,Emys orbicularis,8909809,SPECIES,ACCEPTED,Animalia,"8909809: Emys orbicularis (Linnaeus, 1758)",11418114,182133889
2280,Enarthrocarpus lyratus,9508942,NA,NA,NA,NA,220,152545439
2281,Enderleinellus kumadai,2488960,NA,NA,NA,NA,212,152544591
2282,Enneapogon desvauxii,2703892,SPECIES,ACCEPTED,Plantae,NA,196,152546979
2283,Enneapogon scaber,4152153,SPECIES,ACCEPTED,Plantae,NA,196,152546978
2284,Ensis directus,2287249,SPECIES,ACCEPTED,Animalia,"2287249: Ensis directus (Conrad, 1844)",137,152543805
2285,Ensis leei,8485639,SPECIES,ACCEPTED,Animalia,"2287253: Ensis americanus (Gould, 1870) | 8485639: Ensis leei M.Huber, 2015",137,159747921
2286,Enteropogon acicularis,5679692,SPECIES,ACCEPTED,Plantae,NA,196,152546790
2287,Entyloma calendulae,7420522,NA,NA,NA,NA,220,152543197
2288,Entyloma dahliae,7846821,NA,NA,NA,NA,220,213212299
2289,Entyloma eschscholziae,4108297,NA,NA,NA,NA,196,213212302
2290,Eobania vermiculata,2294275,SPECIES,ACCEPTED,Animalia,NA,225,213213513
2291,Eolophus roseicapilla,2479598,SPECIES,ACCEPTED,Animalia,NA,212,213212922
2292,Ephedra distachya,2653321,SPECIES,ACCEPTED,Plantae,2653321: Ephedra distachya L.,282,152546489
2293,Ephedra gerardiana,2653392,VARIETY,ACCEPTED,Plantae,NA,282,213213353
2294,Ephedra gerardiana,6449041,VARIETY,ACCEPTED,Plantae,NA,196,213213353
2295,Ephedra gerardiana,5544928,VARIETY,ACCEPTED,Plantae,NA,220,213213353
2296,Ephedra gerardiana,3898065,VARIETY,ACCEPTED,Plantae,NA,220,213213353
2297,Ephedra gerardiana,9462721,VARIETY,ACCEPTED,Plantae,NA,212,213213353
2298,Ephedra gerardiana,7323906,VARIETY,ACCEPTED,Plantae,NA,220,213213353
2299,Ephedra gerardiana,7420522,VARIETY,ACCEPTED,Plantae,NA,220,213213353
2300,Ephedra gerardiana,6085036,VARIETY,ACCEPTED,Plantae,NA,196,213213353
2301,Ephedra gerardiana,10966302,VARIETY,ACCEPTED,Plantae,NA,196,213213353
2302,Ephedra gerardiana,10948891,VARIETY,ACCEPTED,Plantae,NA,220,213213353
2303,Ephedra gerardiana,7323341,VARIETY,ACCEPTED,Plantae,NA,220,213213353
2304,Ephedra gerardiana,2914404,VARIETY,ACCEPTED,Plantae,NA,220,213213353
2305,Ephedra gerardiana,5365494,NA,NA,NA,NA,220,213213353
2306,Ephedra gerardiana sikkimensis,NA,NA,NA,NA,NA,NA,213213355
2307,Ephedra intermedia,2653256,SPECIES,ACCEPTED,Plantae,NA,282,213213351
2308,Epilobium brachycarpum,3189073,SPECIES,ACCEPTED,Plantae,3189073: Epilobium brachycarpum C.Presl,220,152543502
2309,Epilobium ciliatum,9188840,SPECIES,ACCEPTED,Plantae,6427720: Epilobium adenocaulon Hausskn. | 9188840: Epilobium ciliatum Raf.,220,152543494
2310,Epilobium floridulum,3665966,SPECIES,ACCEPTED,Plantae,NA,220,152543500
2311,Epimedium alpinum,7695021,SPECIES,ACCEPTED,Plantae,7695021: Epimedium alpinum L.,220,152546366
2312,Epimedium pinnatum,8044946,SPECIES,ACCEPTED,Plantae,8044946: Epimedium pinnatum DC.,220,213214344
2313,Epimedium pinnatum,8044946,SPECIES,ACCEPTED,Plantae,8044946: Epimedium pinnatum DC.,220,152546367
2314,Epimedium pubigerum,2426658,NA,NA,NA,NA,131,213214346
2315,Epiphyas postvittana,1737131,SPECIES,ACCEPTED,Animalia,NA,216,213213963
2316,Eptesicus fuscus,2432352,SPECIES,ACCEPTED,Animalia,NA,359,213212213
2317,Eptesicus nilssonii,4146851,NA,NA,NA,NA,196,213212211
2318,Epuraea imperialis,10629881,NA,NA,NA,NA,220,159748397
2319,Equisetum hyemale,6387033,SUBSPECIES,ACCEPTED,Plantae,6387033: Equisetum hyemale subsp. affine (Engelm.) Calder & Roy L.Taylor,7228684,NA
2320,Equisetum praealtum,6387003,SPECIES,ACCEPTED,Plantae,NA,7228684,213213278
2321,Equisetum scirpoides,2687948,SPECIES,ACCEPTED,Plantae,2687948: Equisetum scirpoides Michx.,7228684,152547185
2322,Eragrostis alveiformis,4150636,SPECIES,ACCEPTED,Plantae,NA,196,152547060
2323,Eragrostis atrovirens,2705341,SPECIES,ACCEPTED,Plantae,NA,196,152547066
2324,Eragrostis bahiensis,2705452,SPECIES,ACCEPTED,Plantae,NA,196,152547069
2325,Eragrostis barrelieri,2705431,SPECIES,ACCEPTED,Plantae,NA,196,152547071
2326,Eragrostis bicolor,2481875,NA,NA,NA,NA,212,152547061
2327,Eragrostis brownii,5289751,NA,NA,NA,NA,196,213213143
2328,Eragrostis cilianensis,8621843,SPECIES,ACCEPTED,Plantae,8621843: Eragrostis cilianensis (All.) Janch.,196,213213149
2329,Eragrostis ciliaris,11162940,NA,NA,NA,NA,220,152547074
2330,Eragrostis curvula,2705378,SPECIES,ACCEPTED,Plantae,2705378: Eragrostis curvula (Schrad.) Nees,196,152547073
2331,Eragrostis cylindriflora,2447418,NA,NA,NA,NA,11592253,213213148
2332,Eragrostis dielsii,2176168,NA,NA,NA,NA,367,152547063
2333,Eragrostis elongata,3645346,NA,NA,NA,NA,220,152547068
2334,Eragrostis lacunaria,4139625,NA,NA,NA,NA,196,152547052
2335,Eragrostis leptocarpa,2149992,NA,NA,NA,NA,367,152547056
2336,Eragrostis leptostachya,5170395,NA,NA,NA,NA,367,152547076
2337,Eragrostis mexicana,2705339,SPECIES,ACCEPTED,Plantae,8289271: Eragrostis neomexicana Vasey ex L.H.Dewey | 2705339: Eragrostis mexicana (Hornem.) Link | 6084851: Eragrostis virescens subsp. verloovei Portal,196,152547065
2338,Eragrostis minor,2705449,SPECIES,ACCEPTED,Plantae,2705449: Eragrostis minor Host,196,152547070
2339,Eragrostis multicaulis,2705401,SPECIES,ACCEPTED,Plantae,5940708: Eragrostis pilosa subsp. damiensiana (Bonnier) Thell. | 2705401: Eragrostis multicaulis Steud.,196,152547078
2340,Eragrostis neesii,5381097,NA,NA,NA,NA,220,152547057
2341,Eragrostis neomexicana,5341768,NA,NA,NA,NA,220,152547051
2342,Eragrostis nigra,6402873,NA,NA,NA,NA,220,152547058
2343,Eragrostis obtusa,4143702,SPECIES,ACCEPTED,Plantae,NA,196,152547059
2344,Eragrostis papposa,2465402,NA,NA,NA,NA,11592253,152547053
2345,Eragrostis parviflora,2705393,SPECIES,ACCEPTED,Plantae,NA,196,152547072
2346,Eragrostis pectinacea,2705420,SPECIES,ACCEPTED,Plantae,2705420: Eragrostis pectinacea (Michx.) Nees,196,152547077
2347,Eragrostis pilosa,2705400,SPECIES,ACCEPTED,Plantae,2705400: Eragrostis pilosa (L.) P.Beauv. | 7226830: Eragrostis pilosa subsp. pilosa,196,152547079
2348,Eragrostis plana,5825913,NA,NA,NA,NA,194,152547067
2349,Eragrostis planiculmis,7230699,NA,NA,NA,NA,194,152547054
2350,Eragrostis procumbens,4142399,SPECIES,ACCEPTED,Plantae,NA,196,152547055
2351,Eragrostis rotifer,2453826,NA,NA,NA,NA,11592253,152547062
2352,Eragrostis tef,2705325,SPECIES,ACCEPTED,Plantae,2705325: Eragrostis tef (Zuccagni) Trotter,196,152547064
2353,Eragrostis virescens,4139037,SPECIES,ACCEPTED,Plantae,NA,196,213213150
2354,Eranthis hyemalis,3033227,SPECIES,ACCEPTED,Plantae,3033227: Eranthis hyemalis (L.) Salisb.,220,152546354
2355,Eratigena fuesslini,7727786,NA,NA,NA,NA,220,213214723
2356,Eremopyrum bonaepartis,4132188,NA,NA,NA,NA,196,152547088
2357,Erica carnea,5682465,SPECIES,ACCEPTED,Plantae,7973745: Erica herbacea L.,220,152545853
2358,Erica darleyensis,2704234,NA,NA,NA,NA,196,182134831
2359,Erica vagans,5333408,SPECIES,ACCEPTED,Plantae,5333408: Erica vagans L.,220,152545854
2360,Erigeron annuus,3117449,SPECIES,ACCEPTED,Plantae,NA,220,213215039
2361,Erigeron bonariensis,3146717,SPECIES,ACCEPTED,Plantae,5404795: Conyza bonariensis (L.) Cronquist | 3146717: Erigeron bonariensis L.,220,152544056
2362,Erigeron canadensis,3146791,SPECIES,ACCEPTED,Plantae,3146791: Erigeron canadensis L. | 5404801: Conyza canadensis (L.) Cronquist,220,152544057
2363,Erigeron floribundus,3147018,SPECIES,ACCEPTED,Plantae,3147018: Erigeron floribundus (Kunth) Sch.Bip. | 5398201: Conyza bilbaoana J.Rémy | 3146589: Erigeron bilbaoanus (J.Rémy) Cabrera,220,152544053
2364,Erigeron huelsenii,3095939,SPECIES,ACCEPTED,Plantae,NA,220,182134960
2365,Erigeron karvinskianus,3147168,SPECIES,ACCEPTED,Plantae,3147168: Erigeron karvinskianus DC.,220,152544054
2366,Erigeron pampeanus,7510471,NA,NA,NA,NA,220,152544062
2367,Erigeron philadelphicus,3119285,SPECIES,ACCEPTED,Plantae,3119285: Erigeron philadelphicus L.,220,152544060
2368,Erigeron speciosus,3147146,SPECIES,ACCEPTED,Plantae,3147146: Erigeron speciosus (Lindl.) DC.,220,152544052
2369,Erigeron sumatrensis,3146683,SPECIES,ACCEPTED,Plantae,5398027: Conyza sumatrensis (Retz.) E.Walker | 3146683: Erigeron sumatrensis Retz.,220,152544058
2370,Erigeron ×huelsenii,3095939,SPECIES,ACCEPTED,Plantae,3095939: Erigeron ×huelsenii Vatke,220,NA
2371,Erigone dentosa,7358677,NA,NA,NA,NA,220,152544234
2372,Erinus alpinus,3741446,SPECIES,ACCEPTED,Plantae,3741446: Erinus alpinus L.,220,152545662
2373,Eriocapitella hybrida,9673106,SPECIES,ACCEPTED,Plantae,NA,220,213214428
2374,Eriocapitella tomentosa,9675867,SPECIES,ACCEPTED,Plantae,NA,220,213214431
2375,Eriocheir sinensis,2225776,SPECIES,ACCEPTED,Animalia,"2225776: Eriocheir sinensis H.Milne Edwards, 1853",229,152543883
2376,Eriochloa australiensis,4134633,SPECIES,ACCEPTED,Plantae,NA,196,152546999
2377,Eriochloa crebra,2308605,NA,NA,NA,NA,255,152547000
2378,Eriochloa procera,2702527,SPECIES,ACCEPTED,Plantae,NA,196,152547002
2379,Eriochloa pseudoacrotricha,2702519,SPECIES,ACCEPTED,Plantae,NA,196,152547001
2380,Eriochloa villosa,2702529,SPECIES,ACCEPTED,Plantae,NA,196,152547003
2381,Eriophyes alniincanae,8045533,NA,NA,NA,NA,220,213214803
2382,Eriophyes pyri,5774728,SPECIES,ACCEPTED,Animalia,NA,367,213214805
2383,Erodium botrys,2891628,SPECIES,ACCEPTED,Plantae,2891628: Erodium botrys (Cav.) Bertol.,220,152545297
2384,Erodium brachycarpum,2891617,SPECIES,ACCEPTED,Plantae,2891617: Erodium brachycarpum (Godr.) Thell.,220,152545298
2385,Erodium carolinianum,3828342,SPECIES,ACCEPTED,Plantae,NA,220,213214016
2386,Erodium chium,7409013,NA,NA,NA,NA,220,152545295
2387,Erodium ciconium,9429152,SPECIES,ACCEPTED,Plantae,9429152: Erodium ciconium (L.) L'Hér.,220,152545289
2388,Erodium crinitum,3827980,SPECIES,ACCEPTED,Plantae,3827980: Erodium crinitum Carolin,220,152545296
2389,Erodium cygnorum,2891624,SPECIES,ACCEPTED,Plantae,NA,220,213214007
2390,Erodium malacoides,9297163,SPECIES,ACCEPTED,Plantae,9297163: Erodium malacoides (L.) L'Hér.,220,213214009
2391,Erodium malacoides,9297163,SPECIES,ACCEPTED,Plantae,9297163: Erodium malacoides (L.) L'Hér.,220,152545290
2392,Erodium manescavi,3826854,SPECIES,ACCEPTED,Plantae,NA,220,213213998
2393,Erodium manescavii,4934105,SPECIES,ACCEPTED,Plantae,4934105: Erodium manescavii Coss.,220,NA
2394,Erodium meynieri,2498054,NA,NA,NA,NA,212,213214004
2395,Erodium moschatum,9419993,SPECIES,ACCEPTED,Plantae,9419993: Erodium moschatum (L.) L'Hér.,220,213214001
2396,Erodium moschatum,9419993,SPECIES,ACCEPTED,Plantae,9419993: Erodium moschatum (L.) L'Hér.,220,159748955
2397,Erodium salzmannii,10797854,NA,NA,NA,NA,270,152545292
2398,Erodium stephanianum,3829143,SPECIES,ACCEPTED,Plantae,3829143: Erodium stephanianum Willd.,220,152545294
2399,Erodium trifolium,7619206,SPECIES,ACCEPTED,Plantae,7619206: Erodium trifolium (Cav.) Cav.,220,152545291
2400,Eruca vesicaria,5375920,SPECIES,ACCEPTED,Plantae,NA,220,213214535
2401,Erucaria hispanica,3376286,NA,NA,NA,NA,270,152545344
2402,Erucastrum gallicum,5375547,SPECIES,ACCEPTED,Plantae,5375547: Erucastrum gallicum (Willd.) O.E.Schulz,220,152545369
2403,Erucastrum nasturtiifolium,5375555,SPECIES,ACCEPTED,Plantae,5375555: Erucastrum nasturtiifolium (Poir.) O.E.Schulz,220,152545370
2404,Eryngium bourgatii,7318448,SPECIES,ACCEPTED,Plantae,7318448: Eryngium bourgatii Gouan,220,152544601
2405,Eryngium giganteum,3631129,SPECIES,ACCEPTED,Plantae,3631129: Eryngium giganteum M.Bieb.,220,152544605
2406,Eryngium planum,3034393,SPECIES,ACCEPTED,Plantae,3034393: Eryngium planum L.,220,152544609
2407,Erysimum bicolor,3048397,SPECIES,ACCEPTED,Plantae,NA,220,213214625
2408,Erysimum cheiri,3048203,SPECIES,ACCEPTED,Plantae,3048203: Erysimum cheiri (L.) Crantz | 5375597: Cheiranthus cheiri L.,220,152545460
2409,Erysimum collisparsum,3890974,NA,NA,NA,NA,220,213214628
2410,Erysimum diffusum,2486147,NA,NA,NA,NA,212,152545461
2411,Erysimum marshallii,2494536,NA,NA,NA,NA,212,152545462
2412,Erysimum repandum,3048166,SPECIES,ACCEPTED,Plantae,3048166: Erysimum repandum L.,220,152545463
2413,Erythranthe cuprea,7878507,SPECIES,ACCEPTED,Plantae,NA,220,213215517
2414,Erythranthe guttata,7346102,SPECIES,ACCEPTED,Plantae,7346102: Erythranthe guttata (DC.) G.L.Nesom | 6070603: Mimulus guttatus Fisch. ex DC.,220,159748962
2415,Erythranthe lutea,7730307,SPECIES,ACCEPTED,Plantae,NA,220,213215518
2416,Erythranthe moschata,7346090,SPECIES,ACCEPTED,Plantae,6070793: Mimulus moschatus Douglas ex Lindl. | 7346090: Erythranthe moschata (Douglas ex Lindl.) G.L.Nesom,220,152545548
2417,Erythronium dens-canis,2752849,SPECIES,ACCEPTED,Plantae,2752849: Erythronium dens-canis L.,196,152546614
2418,Eschscholzia californica,2888380,SPECIES,ACCEPTED,Plantae,"2888380: Eschscholzia californica Cham. | 7314755: Eschscholzia douglasii (Hook. & Arn. ex Torr. & A.Gray) A.Gray, 1853",220,152546412
2419,Estrilda astrild,2493660,SPECIES,ACCEPTED,Animalia,"2493660: Estrilda astrild (Linnaeus, 1758)",212,159747313
2420,Eublepharis macularius,5221283,SPECIES,ACCEPTED,Animalia,NA,11592253,182133721
2421,Euborellia annulipes,3137686,NA,NA,NA,NA,220,152544459
2422,Eucheilota menoni,2494787,NA,NA,NA,NA,212,182133082
2423,Euchiton sphaericus,4194303,NA,NA,NA,NA,220,152543631
2424,Euclidium syriacum,3049314,SPECIES,ACCEPTED,Plantae,NA,220,213214577
2425,Eudianthe coeli-rosa,3814157,SPECIES,ACCEPTED,Plantae,NA,220,213215010
2426,Eudocimus albus,5229205,SPECIES,ACCEPTED,Animalia,"5229205: Eudocimus albus (Linnaeus, 1758)",212,159747457
2427,Eudocimus ruber,5229204,SPECIES,ACCEPTED,Animalia,"5229204: Eudocimus ruber (Linnaeus, 1758)",212,159747458
2428,Eumodicogryllus bordigalensis,1722140,SPECIES,ACCEPTED,Animalia,"1722140: Eumodicogryllus bordigalensis (Latreille, 1804)",216,152544359
2429,Euodice malabarica,5789082,SPECIES,ACCEPTED,Animalia,"5789082: Euodice malabarica (Linnaeus, 1758)",212,159747303
2430,Euonymus alatus,3169120,SPECIES,ACCEPTED,Plantae,3169120: Euonymus alatus (Thunb.) Siebold,220,152543545
2431,Euonymus fortunei,3169137,SPECIES,ACCEPTED,Plantae,NA,220,213213723
2432,Euonymus japonicus,7102937,SPECIES,ACCEPTED,Plantae,7102937: Euonymus japonicus Thunb.,220,152543541
2433,Euonymus latifolius,7433196,SPECIES,ACCEPTED,Plantae,7433196: Euonymus latifolius (L.) Mill.,220,152543537
2434,Euonymus oxyphyllus,3790832,SPECIES,ACCEPTED,Plantae,NA,220,213213724
2435,Eupatorium perfoliatum,4136338,NA,NA,NA,NA,196,152543800
2436,Eupholidoptera chabrieri,1690276,SPECIES,ACCEPTED,Animalia,"1690276: Eupholidoptera chabrieri (Charpentier, 1825)",216,182134304
2437,Euphorbia amygdaloides,3065244,SUBSPECIES,ACCEPTED,Plantae,3065244: Euphorbia amygdaloides subsp. robbiae (Turrill) Stace,220,NA
2438,Euphorbia amygdaloides,6362724,SUBSPECIES,ACCEPTED,Plantae,NA,220,NA
2439,Euphorbia amygdaloides,6157026,SUBSPECIES,ACCEPTED,Plantae,NA,11418114,NA
2440,Euphorbia amygdaloides,10755213,SUBSPECIES,ACCEPTED,Plantae,NA,196,NA
2441,Euphorbia amygdaloides,9405645,SUBSPECIES,ACCEPTED,Plantae,NA,220,NA
2442,Euphorbia amygdaloides,7062200,SUBSPECIES,ACCEPTED,Plantae,NA,11418114,NA
2443,Euphorbia amygdaloides,7219988,SUBSPECIES,ACCEPTED,Plantae,NA,220,NA
2444,Euphorbia amygdaloides,7224157,SUBSPECIES,ACCEPTED,Plantae,NA,220,NA
2445,Euphorbia amygdaloides,7066596,SUBSPECIES,ACCEPTED,Plantae,NA,220,NA
2446,Euphorbia amygdaloides,8336551,SUBSPECIES,ACCEPTED,Plantae,NA,220,NA
2447,Euphorbia amygdaloides,4273336,SUBSPECIES,ACCEPTED,Plantae,NA,220,NA
2448,Euphorbia amygdaloides,7223680,NA,NA,NA,NA,220,NA
2449,Euphorbia amygdaloides robbiae,NA,NA,NA,NA,NA,NA,152546440
2450,Euphorbia chamaesyce,5583195,SPECIES,ACCEPTED,Plantae,NA,220,152546449
2451,Euphorbia characias,3067353,SPECIES,ACCEPTED,Plantae,3067353: Euphorbia characias L. | 7225838: Euphorbia characias subsp. characias | 3067369: Euphorbia characias subsp. wulfenii (Hoppe ex W.D.J.Koch) Radcl.-Sm.,220,152546448
2452,Euphorbia dentata,3066993,SPECIES,ACCEPTED,Plantae,3066993: Euphorbia dentata Michx.,220,152546445
2453,Euphorbia epithymoides,3066112,SPECIES,ACCEPTED,Plantae,3066112: Euphorbia epithymoides L.,220,152546442
2454,Euphorbia esula,3064269,SUBSPECIES,ACCEPTED,Plantae,3064269: Euphorbia esula subsp. tommasiniana (Bertol.) Kuzmanov | 6289401: Euphorbia esula subsp. saratoi (Ardoino) P.Fourn.,220,NA
2455,Euphorbia glyptosperma,3065883,SPECIES,ACCEPTED,Plantae,3065883: Euphorbia glyptosperma Engelm.,220,152546439
2456,Euphorbia heterophylla,3064495,SPECIES,ACCEPTED,Plantae,3064495: Euphorbia heterophylla L.,220,152546438
2457,Euphorbia humifusa,3067054,SPECIES,ACCEPTED,Plantae,3067054: Euphorbia humifusa Willd.,220,152546446
2458,Euphorbia hypericifolia,3066321,SPECIES,ACCEPTED,Plantae,NA,220,213214720
2459,Euphorbia lathyris,3066965,SPECIES,ACCEPTED,Plantae,3066965: Euphorbia lathyris L.,220,152546444
2460,Euphorbia maculata,3067119,SPECIES,ACCEPTED,Plantae,3067119: Euphorbia maculata L. | 3067128: Chamaesyce maculata (L.) Small,220,152546447
2461,Euphorbia myrsinites,3064669,SPECIES,ACCEPTED,Plantae,3064669: Euphorbia myrsinites L.,220,152546437
2462,Euphorbia nutans,3070346,SPECIES,ACCEPTED,Plantae,NA,220,152546454
2463,Euphorbia oblongata,3069460,SPECIES,ACCEPTED,Plantae,3069460: Euphorbia oblongata Griseb.,220,152546453
2464,Euphorbia palustris,3064056,SPECIES,ACCEPTED,Plantae,3064056: Euphorbia palustris L.,220,152546436
2465,Euphorbia peplis,3066482,SPECIES,ACCEPTED,Plantae,3066482: Euphorbia peplis L.,220,152546443
2466,Euphorbia prostrata,3067891,SPECIES,ACCEPTED,Plantae,3067891: Euphorbia prostrata Aiton | 3069518: Chamaesyce prostrata (Aiton) Small,220,152546450
2467,Euphorbia pseudoesula,3068528,SPECIES,ACCEPTED,Plantae,NA,220,152546451
2468,Euphorbia seguieriana,3066179,SPECIES,ACCEPTED,Plantae,3066179: Euphorbia seguieriana Neck.,220,152546441
2469,Euphorbia serpens,3064221,SPECIES,ACCEPTED,Plantae,NA,220,213214715
2470,Euphorbia tommasiniana,3064282,SPECIES,ACCEPTED,Plantae,NA,220,213214727
2471,Euphorbia vermiculata,3069300,SPECIES,ACCEPTED,Plantae,3069300: Euphorbia vermiculata Raf.,220,152546452
2472,Euphorbia verrucosa,3069053,SPECIES,ACCEPTED,Plantae,NA,220,213214718
2473,Euplectes afer,2494097,SPECIES,ACCEPTED,Animalia,"2494097: Euplectes afer (Gmelin, 1789)",212,159747192
2474,Euplectes franciscanus,2494086,SPECIES,ACCEPTED,Animalia,"2494086: Euplectes franciscanus (Isert, 1789)",212,159747189
2475,Euplectes macroura,5688347,NA,NA,NA,NA,220,159747187
2476,Euplectes orix,2494088,SPECIES,ACCEPTED,Animalia,"2494088: Euplectes orix (Linnaeus, 1758)",212,159747191
2477,Eurybia divaricata,5396125,SPECIES,ACCEPTED,Plantae,5396125: Eurybia divaricata (L.) G.L.Nesom,220,182134908
2478,Euryopis episinoides,3107896,NA,NA,NA,NA,220,152544145
2479,Eurytemora americana,3108121,NA,NA,NA,NA,220,159748106
2480,Euscorpius carpathicus,4553805,SPECIES,ACCEPTED,Animalia,NA,367,213214823
2481,Euscorpius flavicaudis,4553820,SPECIES,ACCEPTED,Animalia,NA,367,213214825
2482,Eustachys neglecta,5289814,SPECIES,ACCEPTED,Plantae,NA,196,152546803
2483,Eustachys retusa,5289819,SPECIES,ACCEPTED,Plantae,NA,196,152546804
2484,Euthamia graminifolia,3092782,SPECIES,ACCEPTED,Plantae,5387035: Solidago graminifolia (L.) Salisb.,220,152544363
2485,Eutrochium maculatum,3138195,SPECIES,ACCEPTED,Plantae,5401612: Eupatorium maculatum L.,220,152543901
2486,Eutrochium purpureum,3138192,SPECIES,ACCEPTED,Plantae,5401611: Eupatorium purpureum L.,220,152543903
2487,Evarcha jucunda,2172885,SPECIES,ACCEPTED,Animalia,"2172885: Evarcha jucunda (Lucas, 1846)",367,152544115
2488,Exaireta spinigera,1579447,SPECIES,ACCEPTED,Animalia,NA,216,213214427
2489,Facelis retusa,8419625,NA,NA,NA,NA,220,152544222
2490,Fagopyrum esculentum,2889373,SPECIES,ACCEPTED,Plantae,2889373: Fagopyrum esculentum Moench,220,152546122
2491,Fagopyrum tataricum,2889378,SPECIES,ACCEPTED,Plantae,2889378: Fagopyrum tataricum (L.) Gaertn.,220,152546121
2492,Fagus orientalis,2882360,SPECIES,ACCEPTED,Plantae,NA,220,213215368
2493,Falco biarmicus,8014966,SPECIES,ACCEPTED,Animalia,"8014966: Falco biarmicus Temminck, 1825",212,159747169
2494,Falco cherrug,2481034,SPECIES,ACCEPTED,Animalia,"2481034: Falco cherrug J.E.Gray, 1834",212,159747170
2495,Falco sparverius,9685907,SPECIES,ACCEPTED,Animalia,"9685907: Falco sparverius Linnaeus, 1758",212,159747168
2496,Fallopia baldschuanica,5334351,SPECIES,ACCEPTED,Plantae,5334351: Fallopia baldschuanica (Regel) Holub | 5334436: Fallopia aubertii (L.Henry) Holub,220,152546116
2497,Fargesia spathacea,5676003,SPECIES,ACCEPTED,Plantae,NA,196,152546794
2498,Fatsia japonica,3039046,SPECIES,ACCEPTED,Plantae,3039046: Fatsia japonica (Thunb.) Decne. & Planch.,220,152544468
2499,Favolaschia calocera,2527401,SPECIES,ACCEPTED,Fungi,NA,186,182132869
2500,Faxonius limosus,8909595,SPECIES,ACCEPTED,Animalia,NA,229,213214572
2501,Felicia tenella,9462721,NA,NA,NA,NA,212,152543776
2502,Felis catus,2435035,SPECIES,ACCEPTED,Animalia,"2435035: Felis catus Linnaeus, 1758",359,152543337
2503,Fenestrulina delicia,1008955,SPECIES,ACCEPTED,Animalia,"1008955: Fenestrulina delicia Winston, Hayward & Craig, 2000",252,159748466
2504,Ferrissia californica,9520065,SPECIES,ACCEPTED,Animalia,"2291152: Ferrissia fragilis (Tryon, 1863) | 8075198: Ferrissia wautieri (Mirolli, 1960)",225,156872882
2505,Ferussacia folliculum,2871376,NA,NA,NA,NA,196,213213497
2506,Festuca alopecuros,4129351,SPECIES,ACCEPTED,Plantae,NA,196,213212775
2507,Festuca ambigua,4129181,SPECIES,ACCEPTED,Plantae,NA,196,213212772
2508,Festuca ambigua,6085036,SUBSPECIES,DOUBTFUL,Plantae,NA,196,213212772
2509,Festuca antucensis,4128881,SPECIES,ACCEPTED,Plantae,NA,196,213212780
2510,Festuca gautieri,2927296,NA,NA,NA,NA,220,152547104
2511,Festuca geniculata,6431611,SPECIES,ACCEPTED,Plantae,NA,196,213212773
2512,Festuca glauca,2705031,SPECIES,ACCEPTED,Plantae,2705031: Festuca glauca Vill.,196,152547106
2513,Festuca guestfalica,5220394,SUBSPECIES,ACCEPTED,Plantae,NA,11418114,NA
2514,Festuca guestfalica,4123394,SUBSPECIES,ACCEPTED,Plantae,NA,196,NA
2515,Festuca guestfalica,7332416,SUBSPECIES,ACCEPTED,Plantae,NA,220,NA
2516,Festuca guestfalica,9405036,SUBSPECIES,ACCEPTED,Plantae,NA,212,NA
2517,Festuca guestfalica,7267492,SUBSPECIES,ACCEPTED,Plantae,NA,220,NA
2518,Festuca guestfalica,6156934,SUBSPECIES,ACCEPTED,Plantae,NA,11418114,NA
2519,Festuca guestfalica,6427623,SUBSPECIES,ACCEPTED,Plantae,NA,220,NA
2520,Festuca guestfalica,7225471,SUBSPECIES,ACCEPTED,Plantae,NA,220,NA
2521,Festuca guestfalica,8257546,SUBSPECIES,ACCEPTED,Plantae,NA,196,NA
2522,Festuca guestfalica,7358677,SUBSPECIES,ACCEPTED,Plantae,NA,220,NA
2523,Festuca guestfalica,4273336,SUBSPECIES,ACCEPTED,Plantae,NA,220,NA
2524,Festuca guestfalica,7190901,SUBSPECIES,ACCEPTED,Plantae,NA,11418114,NA
2525,Festuca guestfalica,11136683,NA,NA,NA,NA,220,NA
2526,Festuca guestfalica hirtula,NA,NA,NA,NA,NA,NA,213212768
2527,Festuca ligustica,4121365,SPECIES,ACCEPTED,Plantae,NA,196,213212776
2528,Festuca myuros,2702727,SPECIES,ACCEPTED,Plantae,NA,196,213212770
2529,Festuca octoflora,5928735,NA,NA,NA,NA,220,213212782
2530,Festuca trachyphylla,2704949,SPECIES,ACCEPTED,Plantae,NA,196,213212779
2531,Festuca valesiaca,2704966,SPECIES,ACCEPTED,Plantae,NA,196,152547105
2532,Ficopomatus enigmaticus,2327735,SPECIES,ACCEPTED,Animalia,"2327735: Ficopomatus enigmaticus (Fauvel, 1923)",256,152543718
2533,Ficus carica,5361909,SPECIES,ACCEPTED,Plantae,5361909: Ficus carica L.,220,152544744
2534,Filago congesta,3115828,SPECIES,ACCEPTED,Plantae,3115828: Filago congesta Guss. ex DC.,220,182134977
2535,Filipendula camtschatica,7272312,SPECIES,ACCEPTED,Plantae,NA,220,152544784
2536,Filipendula digitata,9479629,NA,NA,NA,NA,255,213215704
2537,Fimbristylis dichotoma,1623077,NA,NA,NA,NA,216,152546759
2538,Flaveria trinervia,3086845,SPECIES,ACCEPTED,Plantae,NA,220,213215046
2539,Foeniculum vulgare,3034922,SPECIES,ACCEPTED,Plantae,3034922: Foeniculum vulgare Mill.,220,152544573
2540,Forsythia intermedia,5415054,SPECIES,ACCEPTED,Plantae,5415054: Forsythia intermedia Zabel,220,152545574
2541,Forsythia suspensa,5415056,SPECIES,ACCEPTED,Plantae,5415056: Forsythia suspensa (Thunb.) Vahl,220,152545576
2542,Forsythia viridissima,5415053,SPECIES,ACCEPTED,Plantae,5415053: Forsythia viridissima Lindl.,220,152545575
2543,Fragaria ananassa,3029912,SPECIES,ACCEPTED,Plantae,NA,220,152544855
2544,Fragaria ×ananassa,3029912,SPECIES,ACCEPTED,Plantae,3029912: Fragaria ×ananassa (Weston) Rozier,220,NA
2545,Frankenia pulverulenta,2874692,SPECIES,ACCEPTED,Plantae,2874692: Frankenia pulverulenta L.,220,152546101
2546,Frankliniella occidentalis,10986555,NA,NA,NA,NA,196,152544425
2547,Fraxinus americana,3172327,SPECIES,ACCEPTED,Plantae,NA,220,213215419
2548,Fraxinus angustifolia,6432925,SUBSPECIES,ACCEPTED,Plantae,6432925: Fraxinus angustifolia subsp. oxycarpa (M.Bieb. ex Willd.) Franco & Rocha Afonso,220,213215420
2549,Fraxinus angustifolia,8364220,SPECIES,ACCEPTED,Plantae,NA,220,213215420
2550,Fraxinus angustifolia,10966302,SPECIES,ACCEPTED,Plantae,NA,196,213215420
2551,Fraxinus angustifolia,3922770,SPECIES,ACCEPTED,Plantae,NA,220,213215420
2552,Fraxinus angustifolia,6085036,SPECIES,ACCEPTED,Plantae,NA,196,213215420
2553,Fraxinus angustifolia,3065244,SPECIES,ACCEPTED,Plantae,NA,220,213215420
2554,Fraxinus angustifolia,7409013,SPECIES,ACCEPTED,Plantae,NA,220,213215420
2555,Fraxinus angustifolia,8323119,SPECIES,ACCEPTED,Plantae,NA,220,213215420
2556,Fraxinus angustifolia,7308043,SPECIES,ACCEPTED,Plantae,NA,220,213215420
2557,Fraxinus angustifolia,3047633,SPECIES,ACCEPTED,Plantae,NA,220,213215420
2558,Fraxinus angustifolia,7332416,SPECIES,ACCEPTED,Plantae,NA,220,213215420
2559,Fraxinus angustifolia,6420901,SPECIES,ACCEPTED,Plantae,NA,220,213215420
2560,Fraxinus angustifolia,12205713,NA,NA,NA,NA,196,213215420
2561,Fraxinus angustifolia oxycarpa,NA,NA,NA,NA,NA,NA,152545580
2562,Fraxinus latifolia,3172343,SPECIES,ACCEPTED,Plantae,NA,220,152545583
2563,Fraxinus ornus,3172347,SPECIES,ACCEPTED,Plantae,3172347: Fraxinus ornus L.,220,152545582
2564,Fraxinus pennsylvanica,3172348,SPECIES,ACCEPTED,Plantae,3172348: Fraxinus pennsylvanica Marshall,220,152545581
2565,Fritillaria imperialis,5300716,SPECIES,ACCEPTED,Plantae,5300716: Fritillaria imperialis L.,196,182133180
2566,Fulvius anthocoroides,5290129,NA,NA,NA,NA,196,152544272
2567,Fulvius subnitens,2140406,NA,NA,NA,NA,367,152544270
2568,Fumaria bastardii,7153712,SPECIES,ACCEPTED,Plantae,7153712: Fumaria bastardii Bor.,220,213214294
2569,Fumaria muralis,7315286,SPECIES,ACCEPTED,Plantae,NA,220,213214296
2570,Furcifer pardalis,4987920,NA,NA,NA,NA,216,182133734
2571,Gagea pratensis,5300102,SPECIES,ACCEPTED,Plantae,5300102: Gagea pratensis (Pers.) Dumort.,196,152546612
2572,Gaillardia grandiflora,5387817,SPECIES,ACCEPTED,Plantae,NA,220,152543747
2573,Gaillardia ×grandiflora,5387817,SPECIES,ACCEPTED,Plantae,5387817: Gaillardia ×grandiflora Van Houtte,220,NA
2574,Galactites tomentosa,3137579,SPECIES,ACCEPTED,Plantae,NA,220,213215120
2575,Galanthus elwesii,2855398,SPECIES,ACCEPTED,Plantae,2855398: Galanthus elwesii Hook.f.,196,182133263
2576,Galanthus ikariae,2855374,SPECIES,ACCEPTED,Plantae,NA,196,152546656
2577,Galanthus nivalis,2855356,SPECIES,ACCEPTED,Plantae,2855356: Galanthus nivalis L. | 2855360: Galanthus scharlokii (Casp.) Baker | 2855358: Galanthus nivalis var. scharlockii Casp. | 10963973: Galanthus nivalis var. nivalis,196,152546657
2578,Galanthus plicatus,2855338,SPECIES,ACCEPTED,Plantae,2855338: Galanthus plicatus M.Bieb.,196,164250535
2579,Galanthus woronowii,2855439,SPECIES,ACCEPTED,Plantae,2855439: Galanthus woronowii Losinsk.,196,152546655
2580,Galega officinalis,2975667,SPECIES,ACCEPTED,Plantae,2975667: Galega officinalis L.,220,152545147
2581,Galeopsis pubescens,5341310,SPECIES,ACCEPTED,Plantae,5341310: Galeopsis pubescens Besser,220,152545712
2582,Galinsoga parviflora,3132570,SPECIES,ACCEPTED,Plantae,3132570: Galinsoga parviflora Cav.,220,152544013
2583,Galinsoga quadriradiata,8298495,SPECIES,ACCEPTED,Plantae,8298495: Galinsoga quadriradiata Ruiz & Pav. | 3132590: Galinsoga ciliata (Raf.) S.F.Blake,220,213215214
2584,Galinsoga quadriradiata,8298495,SPECIES,ACCEPTED,Plantae,8298495: Galinsoga quadriradiata Ruiz & Pav. | 3132590: Galinsoga ciliata (Raf.) S.F.Blake,220,152544012
2585,Galium anglicum,2913219,SPECIES,ACCEPTED,Plantae,NA,220,213215260
2586,Galium divaricatum,6313049,NA,NA,NA,NA,196,152545265
2587,Galium murale,2914590,SPECIES,ACCEPTED,Plantae,2914590: Galium murale (L.) All.,220,152545266
2588,Galium parisiense,2913169,SPECIES,ACCEPTED,Plantae,NA,220,213215261
2589,Galium parisiense,8925248,VARIETY,ACCEPTED,Plantae,NA,220,213215261
2590,Galium parisiense,2490789,SPECIES,ACCEPTED,Plantae,NA,212,213215261
2591,Galium parisiense,9391215,SPECIES,ACCEPTED,Plantae,NA,11592253,213215261
2592,Galium parisiense,2444141,SPECIES,ACCEPTED,Plantae,NA,11592253,213215261
2593,Galium parisiense,7753114,SPECIES,ACCEPTED,Plantae,NA,220,213215261
2594,Galium parisiense,6157035,SPECIES,ACCEPTED,Plantae,NA,11418114,213215261
2595,Galium parisiense,7223177,SPECIES,ACCEPTED,Plantae,NA,220,213215261
2596,Galium parisiense,7224069,SPECIES,ACCEPTED,Plantae,NA,220,213215261
2597,Galium parisiense,7323251,SPECIES,ACCEPTED,Plantae,NA,220,213215261
2598,Galium parisiense,7223680,SPECIES,ACCEPTED,Plantae,NA,220,213215261
2599,Galium parisiense,6076957,SPECIES,ACCEPTED,Plantae,NA,220,213215261
2600,Galium parisiense,6409536,NA,NA,NA,NA,220,213215261
2601,Galium parisiense parisiense,NA,NA,NA,NA,NA,NA,213215259
2602,Galium tenuissimum,2914501,SPECIES,ACCEPTED,Plantae,NA,220,152545267
2603,Galium verrucosum,2914754,SPECIES,ACCEPTED,Plantae,NA,220,152545263
2604,Galium verum,2914404,SUBSPECIES,ACCEPTED,Plantae,2914404: Galium verum subsp. wirtgenii (F.W.Schultz) Oborny,220,NA
2605,Galium verum,5250090,SUBSPECIES,ACCEPTED,Plantae,NA,148,NA
2606,Galium verum,4132112,SUBSPECIES,ACCEPTED,Plantae,NA,196,NA
2607,Galium verum,3757050,SUBSPECIES,ACCEPTED,Plantae,NA,220,NA
2608,Galium verum,2769073,SUBSPECIES,ACCEPTED,Plantae,NA,196,NA
2609,Galium verum,7308335,SUBSPECIES,ACCEPTED,Plantae,NA,220,NA
2610,Galium verum,8983123,SUBSPECIES,ACCEPTED,Plantae,NA,220,NA
2611,Galium verum,8257546,SUBSPECIES,ACCEPTED,Plantae,NA,196,NA
2612,Galium verum,5652131,SUBSPECIES,ACCEPTED,Plantae,NA,220,NA
2613,Galium verum,6710856,SUBSPECIES,ACCEPTED,Plantae,NA,196,NA
2614,Galium verum,7324507,SUBSPECIES,ACCEPTED,Plantae,NA,220,NA
2615,Galium verum,8257857,SUBSPECIES,ACCEPTED,Plantae,NA,220,NA
2616,Galium verum,7227181,NA,NA,NA,NA,196,NA
2617,Galium verum wirtgenii,NA,NA,NA,NA,NA,NA,152545264
2618,Gallus gallus,9326020,SPECIES,ACCEPTED,Animalia,"9457155: Gallus gallus f. domesticus | 9326020: Gallus gallus (Linnaeus, 1758) | 7548673: Gallus gallus domesticus (Linnaeus, 1758) | 11004366: Gallus domesticus",212,159747521
2619,Gammarus roeselii,5864277,SPECIES,ACCEPTED,Animalia,"5864277: Gammarus roeselii Gervais, 1835",229,152543981
2620,Gammarus tigrinus,2219863,SPECIES,ACCEPTED,Animalia,"2219863: Gammarus tigrinus Sexton, 1939",229,152543983
2621,Gamochaeta americana,3103158,SPECIES,ACCEPTED,Plantae,NA,220,213215166
2622,Gamochaeta antillana,3103180,SPECIES,ACCEPTED,Plantae,NA,220,152544300
2623,Gamochaeta antillanum,3103180,SPECIES,ACCEPTED,Plantae,5694924: Gnaphalium subfalcatum Cabrera,220,NA
2624,Gamochaeta pensylvanica,3103082,SPECIES,ACCEPTED,Plantae,3103082: Gamochaeta pensylvanica (Willd.) Cabrera | 5390730: Gnaphalium pensylvanicum Willd.,220,152544302
2625,Garrulax leucolophus,9771172,NA,NA,NA,NA,220,159747323
2626,Gastoniella chaerophylla,4095244,NA,NA,NA,NA,220,213213238
2627,Gastridium phleoides,5289763,SPECIES,ACCEPTED,Plantae,NA,196,152546814
2628,Gastridium ventricosum,5289764,SPECIES,ACCEPTED,Plantae,5289764: Gastridium ventricosum (Gouan) Schinz & Thell.,196,152546813
2629,Gastrodes abietum,5152536,SPECIES,ACCEPTED,Animalia,NA,216,213214047
2630,Gaudinia fragilis,5290242,SPECIES,ACCEPTED,Plantae,5290242: Gaudinia fragilis (L.) P.Beauv.,196,152546888
2631,Gaultheria procumbens,2882753,SPECIES,ACCEPTED,Plantae,2882753: Gaultheria procumbens L.,220,152545858
2632,Gekko gecko,2925492,NA,NA,NA,NA,220,182133852
2633,Gekkonidae,NA,NA,NA,NA,NA,NA,213212543
2634,Gekkonidae NA,5666,FAMILY,ACCEPTED,Animalia,NA,11592253,NA
2635,Gekkonidae NA,5666,FAMILY,ACCEPTED,Animalia,NA,11592253,NA
2636,Gentiana acaulis,6366597,SPECIES,ACCEPTED,Plantae,6366597: Gentiana acaulis L.,220,152545235
2637,Gentiana asclepiadea,7270381,SPECIES,ACCEPTED,Plantae,7270381: Gentiana asclepiadea L.,220,152545236
2638,Gentiana lutea,3170040,SPECIES,ACCEPTED,Plantae,3170040: Gentiana lutea L.,220,152545237
2639,Geopelia cuneata,2495494,SPECIES,ACCEPTED,Animalia,"2495494: Geopelia cuneata (Latham, 1801)",212,159746956
2640,Geranium cantabrigiense,2890995,SPECIES,ACCEPTED,Plantae,NA,220,182134538
2641,Geranium carolinianum,2890623,SPECIES,ACCEPTED,Plantae,2890623: Geranium carolinianum L.,220,152545303
2642,Geranium divaricatum,2890013,SPECIES,ACCEPTED,Plantae,2890013: Geranium divaricatum Ehrh.,220,152545309
2643,Geranium endressii,2890502,SPECIES,ACCEPTED,Plantae,2890502: Geranium endressii J.Gay,220,152545305
2644,Geranium macrorrhizum,2891079,SPECIES,ACCEPTED,Plantae,2891079: Geranium macrorrhizum L.,220,152545301
2645,Geranium magnificum,2889980,SPECIES,ACCEPTED,Plantae,NA,220,182134537
2646,Geranium nodosum,2890287,SPECIES,ACCEPTED,Plantae,2890287: Geranium nodosum L.,220,152545306
2647,Geranium oxonianum,2890035,SPECIES,ACCEPTED,Plantae,NA,220,152545308
2648,Geranium phaeum,2891390,SPECIES,ACCEPTED,Plantae,2891390: Geranium phaeum L.,220,152545300
2649,Geranium psilostemon,2890651,SPECIES,ACCEPTED,Plantae,2890651: Geranium psilostemon Ledeb.,220,152545302
2650,Geranium purpureum,2890541,SPECIES,ACCEPTED,Plantae,2890541: Geranium purpureum Vill.,220,152545304
2651,Geranium pyrenaicum,2890122,SPECIES,ACCEPTED,Plantae,2890122: Geranium pyrenaicum Burm.f.,220,152545307
2652,Geranium renardii,2890957,SPECIES,ACCEPTED,Plantae,NA,220,213214033
2653,Geranium versicolor,2890739,SPECIES,ACCEPTED,Plantae,NA,220,213214022
2654,Geranium wallichianum,2890972,SPECIES,ACCEPTED,Plantae,2890972: Geranium wallichianum D.Don ex Sweet,220,182134539
2655,Geranium ×cantabrigiense,2890995,SPECIES,ACCEPTED,Plantae,2890995: Geranium ×cantabrigiense P.F.Yeo,220,NA
2656,Geranium ×magnificum,2889980,SPECIES,ACCEPTED,Plantae,2889980: Geranium ×magnificum Hyl.,220,NA
2657,Geranium ×oxonianum,2890035,SPECIES,ACCEPTED,Plantae,2890035: Geranium ×oxonianum P.F.Yeo,220,NA
2658,Geranoaetus melanoleucus,2480668,SPECIES,ACCEPTED,Animalia,NA,212,213213038
2659,Geronticus eremita,2480770,SPECIES,ACCEPTED,Animalia,"2480770: Geronticus eremita (Linnaeus, 1758)",212,159747464
2660,Geum macrophyllum,5369784,SPECIES,ACCEPTED,Plantae,5369784: Geum macrophyllum Willd.,220,152544798
2661,Geum quellyon,3056259,NA,NA,NA,NA,220,152544797
2662,Geum ternatum,5370006,SPECIES,ACCEPTED,Plantae,2986317: Waldsteinia ternata (Stephan) Fritsch,220,152544796
2663,Geum ternatum,6913023,SPECIES,ACCEPTED,Plantae,NA,367,152544796
2664,Geum ternatum,8045533,SPECIES,ACCEPTED,Plantae,NA,220,152544796
2665,Geum ternatum,7324507,SPECIES,ACCEPTED,Plantae,NA,220,152544796
2666,Geum ternatum,5659657,SPECIES,ACCEPTED,Plantae,NA,220,152544796
2667,Geum ternatum,4035024,SPECIES,ACCEPTED,Plantae,NA,220,152544796
2668,Geum ternatum,6076279,SPECIES,ACCEPTED,Plantae,NA,220,152544796
2669,Geum ternatum,7225621,SPECIES,ACCEPTED,Plantae,NA,220,152544796
2670,Geum ternatum,7225456,SPECIES,ACCEPTED,Plantae,NA,220,152544796
2671,Geum ternatum,2717402,SPECIES,ACCEPTED,Plantae,NA,196,152544796
2672,Geum ternatum,5365494,SPECIES,ACCEPTED,Plantae,NA,220,152544796
2673,Geum ternatum,4104890,SPECIES,ACCEPTED,Plantae,NA,196,152544796
2674,Geum ternatum,7324507,NA,NA,NA,NA,220,152544796
2675,Geum ternatum ternatum,NA,NA,NA,NA,NA,NA,213215664
2676,Gilia achilleifolia,5341540,SPECIES,ACCEPTED,Plantae,5341540: Gilia achilleifolia Benth.,220,152545831
2677,Gilia capitata,5341548,SPECIES,ACCEPTED,Plantae,NA,220,213215574
2678,Gilia capitata,7222196,SPECIES,ACCEPTED,Plantae,NA,220,213215574
2679,Gilia capitata,3120066,SPECIES,ACCEPTED,Plantae,NA,220,213215574
2680,Gilia capitata,11136683,SPECIES,ACCEPTED,Plantae,NA,220,213215574
2681,Gilia capitata,6076957,SPECIES,ACCEPTED,Plantae,NA,220,213215574
2682,Gilia capitata,9391215,SPECIES,ACCEPTED,Plantae,NA,11592253,213215574
2683,Gilia capitata,5224481,SPECIES,ACCEPTED,Plantae,NA,11592253,213215574
2684,Gilia capitata,8338571,SPECIES,ACCEPTED,Plantae,NA,196,213215574
2685,Gilia capitata,4115425,SPECIES,ACCEPTED,Plantae,NA,196,213215574
2686,Gilia capitata,7226776,SPECIES,ACCEPTED,Plantae,NA,196,213215574
2687,Gilia capitata,7267492,SPECIES,ACCEPTED,Plantae,NA,220,213215574
2688,Gilia capitata,7323906,SPECIES,ACCEPTED,Plantae,NA,220,213215574
2689,Gilia capitata,3663237,SPECIES,ACCEPTED,Plantae,NA,220,213215574
2690,Gilia capitata,7224069,SPECIES,ACCEPTED,Plantae,NA,220,213215574
2691,Gilia capitata,11162940,SPECIES,ACCEPTED,Plantae,NA,220,213215574
2692,Gilia capitata,7323251,SPECIES,ACCEPTED,Plantae,NA,220,213215574
2693,Gilia capitata,7323834,SPECIES,ACCEPTED,Plantae,NA,220,213215574
2694,Gilia capitata,4270548,SPECIES,ACCEPTED,Plantae,NA,196,213215574
2695,Gilia capitata,4036350,SPECIES,ACCEPTED,Plantae,NA,220,213215574
2696,Gilia capitata,6362724,SPECIES,ACCEPTED,Plantae,NA,220,213215574
2697,Gilia capitata,7223276,SPECIES,ACCEPTED,Plantae,NA,220,213215574
2698,Gilia capitata,10755213,NA,NA,NA,NA,196,213215574
2699,Gilia capitata,3611735,NA,NA,NA,NA,220,213215574
2700,Gilia capitata capitata,NA,NA,NA,NA,NA,NA,152545828
2701,Gilia capitata mediomontana,NA,NA,NA,NA,NA,NA,152545829
2702,Gilia tricolor,5341558,SPECIES,ACCEPTED,Plantae,5341558: Gilia tricolor Benth.,220,152545830
2703,Ginkgo biloba,2687885,SPECIES,ACCEPTED,Plantae,2687885: Ginkgo biloba L.,244,152547179
2704,Girardia tigrina,5892120,SPECIES,ACCEPTED,Animalia,"2502879: Dugesia tigrina (Girard, 1850) | 5892120: Girardia tigrina (Girard, 1850)",NA,154367077
2705,Gittenbergia sororcula,3922770,NA,NA,NA,NA,220,213213455
2706,Gladiolus hortulanus,3586046,SPECIES,DOUBTFUL,Plantae,NA,196,152546680
2707,Gladiolus italicus,2749791,SPECIES,ACCEPTED,Plantae,2749791: Gladiolus italicus Mill.,196,152546681
2708,Gladiolus ×hortulanus,3586046,SPECIES,ACCEPTED,Plantae,3586046: Gladiolus ×hortulanus L.H.Bailey,196,NA
2709,Glandora diffusa,4059971,SPECIES,ACCEPTED,Plantae,NA,220,213214139
2710,Glandularia aristigera,5667614,SPECIES,ACCEPTED,Plantae,5667614: Glandularia aristigera (S.Moore) Tronc.,220,NA
2711,Glaucium corniculatum,5334188,SPECIES,ACCEPTED,Plantae,5334188: Glaucium corniculatum (L.) Rudolph,220,152546395
2712,Glaucium grandiflorum,7315030,SPECIES,ACCEPTED,Plantae,7315030: Glaucium grandiflorum Boiss. & A.Huet,220,152546394
2713,Glebionis coronaria,7627205,SPECIES,ACCEPTED,Plantae,3141115: Glebionis coronaria (L.) Cass. ex Spach | 7627205: Glebionis coronaria (L.) Tzvelev | 3141119: Chrysanthemum coronarium L.,220,152543636
2714,Gleditsia triacanthos,2959443,SPECIES,ACCEPTED,Plantae,2959443: Gleditsia triacanthos L. | 6376465: Gleditsia triacanthos f. inermis (L.) C.K.Schneid.,220,152545196
2715,Glinus lotoides,8566446,NA,NA,NA,NA,220,152546002
2716,Glyceria canadensis,2705512,SPECIES,ACCEPTED,Plantae,2705512: Glyceria canadensis (Michx.) Trin.,196,152547038
2717,Glyceria striata,2479550,SUBSPECIES,SYNONYM,Plantae,NA,212,NA
2718,Glyceria striata,8134874,SUBSPECIES,SYNONYM,Plantae,NA,196,NA
2719,Glyceria striata,6308164,SUBSPECIES,SYNONYM,Plantae,NA,220,NA
2720,Glyceria striata,7225621,SUBSPECIES,SYNONYM,Plantae,NA,220,NA
2721,Glyceria striata,3935202,SUBSPECIES,SYNONYM,Plantae,NA,220,NA
2722,Glyceria striata,7302355,SUBSPECIES,SYNONYM,Plantae,NA,220,NA
2723,Glyceria striata,3065244,SUBSPECIES,SYNONYM,Plantae,NA,220,NA
2724,Glyceria striata,7271631,SUBSPECIES,SYNONYM,Plantae,NA,220,NA
2725,Glyceria striata,7225712,SUBSPECIES,SYNONYM,Plantae,NA,220,NA
2726,Glyceria striata,3611735,SUBSPECIES,SYNONYM,Plantae,NA,220,NA
2727,Glyceria striata,9771172,SUBSPECIES,SYNONYM,Plantae,NA,220,NA
2728,Glyceria striata,10966302,SUBSPECIES,SYNONYM,Plantae,NA,196,NA
2729,Glyceria striata,8336551,NA,NA,NA,NA,220,NA
2730,Glyceria striata difformis,NA,NA,NA,NA,NA,NA,213213124
2731,Glycine max,5359660,SPECIES,ACCEPTED,Plantae,5359660: Glycine max (L.) Merr.,220,152545117
2732,Gobiosoma bosc,5208832,SPECIES,ACCEPTED,Animalia,NA,NA,152543426
2733,Gomphocarpus fruticosus,7150619,SPECIES,ACCEPTED,Plantae,7150619: Gomphocarpus fruticosus (L.) W.T.Aiton,220,152545240
2734,Gonionemus vertens,2266754,SPECIES,ACCEPTED,Animalia,"2266754: Gonionemus vertens A.Agassiz, 1862",205,159747976
2735,Goodyera repens,2840931,SPECIES,ACCEPTED,Plantae,2840931: Goodyera repens (L.) R.Br.,196,152546636
2736,Gracupica nigricollis,3028431,NA,NA,NA,NA,220,159747243
2737,Grammostola rosea,3190715,NA,NA,NA,NA,220,152544182
2738,Granaria frumentum,1420197,NA,NA,NA,NA,216,213213449
2739,Grandidierella japonica,9537212,NA,NA,NA,NA,220,182134074
2740,Graphocephala fennahi,2041682,SPECIES,ACCEPTED,Animalia,"2041682: Graphocephala fennahi Young Jr., 1977",216,182134261
2741,Graptemys geographica,4107552,NA,NA,NA,NA,196,182133907
2742,Graptemys ouachitensis,2443079,SPECIES,ACCEPTED,Animalia,"2443079: Graptemys ouachitensis Cagle, 1953",11418114,182133906
2743,Graptemys pseudogeographica,9228211,SPECIES,ACCEPTED,Animalia,"7190901: Graptemys pseudogeographica pseudogeographica | 9228211: Graptemys pseudogeographica (Gray, 1831) | 6157050: Graptemys pseudogeographica kohnii (Baur, 1890)",11418114,182133904
2744,Graptemys pseudogeographica,6157050,SUBSPECIES,ACCEPTED,Animalia,"6157050: Graptemys pseudogeographica kohnii (Baur, 1890)",11418114,182133904
2745,Graptemys pseudogeographica,7190901,SUBSPECIES,ACCEPTED,Animalia,7190901: Graptemys pseudogeographica pseudogeographica,11418114,182133904
2746,Graptemys pseudogeographica,3084949,SPECIES,ACCEPTED,Animalia,NA,220,182133904
2747,Graptemys pseudogeographica,3045006,SPECIES,ACCEPTED,Animalia,NA,220,182133904
2748,Graptemys pseudogeographica,6313049,SPECIES,ACCEPTED,Animalia,NA,196,182133904
2749,Graptemys pseudogeographica,9771172,SPECIES,ACCEPTED,Animalia,NA,220,182133904
2750,Graptemys pseudogeographica,10948891,SPECIES,ACCEPTED,Animalia,NA,220,182133904
2751,Graptemys pseudogeographica,8336551,SPECIES,ACCEPTED,Animalia,NA,220,182133904
2752,Graptemys pseudogeographica,7224069,SPECIES,ACCEPTED,Animalia,NA,220,182133904
2753,Graptemys pseudogeographica,11162940,SPECIES,ACCEPTED,Animalia,NA,220,182133904
2754,Graptemys pseudogeographica,7068732,SPECIES,ACCEPTED,Animalia,NA,220,182133904
2755,Graptemys pseudogeographica,7298085,SPECIES,ACCEPTED,Animalia,NA,220,182133904
2756,Graptemys pseudogeographica,5224543,SPECIES,ACCEPTED,Animalia,NA,11592253,182133904
2757,Graptemys pseudogeographica,5928306,SPECIES,ACCEPTED,Animalia,NA,220,182133904
2758,Graptemys pseudogeographica,5359402,SPECIES,ACCEPTED,Animalia,NA,220,182133904
2759,Graptemys pseudogeographica,7224427,SPECIES,ACCEPTED,Animalia,NA,220,182133904
2760,Graptemys pseudogeographica,4932232,SPECIES,ACCEPTED,Animalia,NA,196,182133904
2761,Graptemys pseudogeographica,8381801,SPECIES,ACCEPTED,Animalia,NA,220,182133904
2762,Graptemys pseudogeographica,8045533,SPECIES,ACCEPTED,Animalia,NA,220,182133904
2763,Graptemys pseudogeographica,7925720,SPECIES,ACCEPTED,Animalia,NA,220,182133904
2764,Graptemys pseudogeographica,7068845,SPECIES,ACCEPTED,Animalia,NA,220,182133904
2765,Graptemys pseudogeographica,8323119,SPECIES,ACCEPTED,Animalia,NA,220,182133904
2766,Graptemys pseudogeographica,4132112,SPECIES,ACCEPTED,Animalia,NA,196,182133904
2767,Graptemys pseudogeographica,7293222,SPECIES,ACCEPTED,Animalia,NA,220,182133904
2768,Graptemys pseudogeographica,2202786,NA,NA,NA,NA,229,182133904
2769,Graptemys pseudogeographica,6157026,NA,NA,NA,NA,11418114,182133904
2770,Graptemys pseudogeographica kohnii,NA,NA,NA,NA,NA,NA,152543132
2771,Graptemys pseudogeographica pseudogeographica,NA,NA,NA,NA,NA,NA,152543136
2772,Graptostethus servus,11107889,SPECIES,ACCEPTED,Animalia,NA,216,213214231
2773,Grindelia squarrosa,3146219,SPECIES,ACCEPTED,Plantae,3146219: Grindelia squarrosa (Pursh) Dunal,220,152543915
2774,Grus japonensis,2474944,SPECIES,ACCEPTED,Animalia,"2474944: Grus japonensis (Statius Muller, 1776)",212,159747495
2775,Grus vipio,2474942,SPECIES,ACCEPTED,Animalia,"9473367: Antigone vipio (Pallas, 1811)",212,159747494
2776,Gryllodes sigillatus,1722299,SPECIES,ACCEPTED,Animalia,"1722299: Gryllodes sigillatus (Walker, 1869)",216,152544364
2777,Gryllomorpha dalmatina,1719204,SPECIES,ACCEPTED,Animalia,"1719204: Gryllomorpha dalmatina (Ocskay, 1832)",216,152544350
2778,Gryllus bimaculatus,1713034,SPECIES,ACCEPTED,Animalia,"1713034: Gryllus bimaculatus De Geer, 1773",216,152544356
2779,Guizotia abyssinica,8584304,SPECIES,ACCEPTED,Plantae,8584304: Guizotia abyssinica (L.fil.) Cass.,220,152544402
2780,Guizotia scabra,3088623,SPECIES,ACCEPTED,Plantae,NA,220,213215037
2781,Guizotia schimperi,5548724,NA,NA,NA,NA,220,152544404
2782,Gunnera tinctoria,2984306,SPECIES,ACCEPTED,Plantae,NA,220,213213988
2783,Gutenbergia rueppellii,3113852,SPECIES,ACCEPTED,Plantae,3113852: Gutenbergia rueppellii Sch.Bip.,220,152544172
2784,Gymnorhina tibicen,2489450,SPECIES,ACCEPTED,Animalia,"2489450: Gymnorhina tibicen (Latham, 1802)",212,159747296
2785,Gymnosporangium confusum,2516117,SPECIES,ACCEPTED,Fungi,NA,270,152543166
2786,Gymnosporangium sabinae,2516137,SPECIES,ACCEPTED,Fungi,2516137: Gymnosporangium sabinae (Dicks.) G.Winter,270,152543167
2787,Gypsophila elegans,5384466,SPECIES,ACCEPTED,Plantae,5384466: Gypsophila elegans M.Bieb.,220,152546039
2788,Gypsophila paniculata,5384458,SPECIES,ACCEPTED,Plantae,5384458: Gypsophila paniculata L.,220,152546038
2789,Gypsophila pilosa,5384459,SPECIES,ACCEPTED,Plantae,5384459: Gypsophila pilosa Huds.,220,152546037
2790,Gypsophila repens,5384464,SPECIES,ACCEPTED,Plantae,NA,220,213214981
2791,Gypsophila scorzonerifolia,2498104,NA,NA,NA,NA,212,152546040
2792,Gypsophila vaccaria,8091998,SPECIES,ACCEPTED,Plantae,NA,220,213214980
2793,Gypsophila viscosa,5585762,SPECIES,ACCEPTED,Plantae,NA,220,152546041
2794,Gyrodactylus proterorhini,5740285,SPECIES,ACCEPTED,Animalia,"5740285: Gyrodactylus proterorhini Ergens, 1967",7774442,152543101
2795,Hadrotarsus ornatus,5341202,NA,NA,NA,NA,220,152544161
2796,Haemorhous mexicanus,8323485,SPECIES,ACCEPTED,Animalia,"8323485: Haemorhous mexicanus (P.L.Statius Müller, 1776)",212,159747197
2797,Hainardia cylindrica,2705690,SPECIES,ACCEPTED,Plantae,2705692: Monerma cylindrica (Willd.) Coss. & Durieu | 2705690: Hainardia cylindrica (Willd.) Greuter,196,NA
2798,Halesia carolina,5371655,SPECIES,ACCEPTED,Plantae,NA,220,213215584
2799,Haliaeetus leucocephalus,2480446,SPECIES,ACCEPTED,Animalia,"2480446: Haliaeetus leucocephalus (Linnaeus, 1766)",212,159747133
2800,Haliaeetus pelagicus,2480445,SPECIES,ACCEPTED,Animalia,"2480445: Haliaeetus pelagicus (Pallas, 1811)",212,159747134
2801,Haliaeetus vocifer,2480454,SPECIES,ACCEPTED,Animalia,"2480454: Haliaeetus vocifer (Daudin, 1800)",212,159747135
2802,Haliclona xena,5182343,SPECIES,ACCEPTED,Animalia,"5182343: Haliclona xena De Weerdt, 1986",199,213213671
2803,Halimium lasianthum,3596131,SUBSPECIES,ACCEPTED,Plantae,7331240: Halimium alyssoides (Lam.) K.Koch | 3596131: Halimium lasianthum subsp. alyssoides (Lam.) Greuter,220,213215352
2804,Halimium lasianthum,9473367,SPECIES,ACCEPTED,Plantae,NA,212,213215352
2805,Halimium lasianthum,6409536,SPECIES,ACCEPTED,Plantae,NA,220,213215352
2806,Halimium lasianthum,4250676,SPECIES,ACCEPTED,Plantae,NA,220,213215352
2807,Halimium lasianthum,5373039,SPECIES,ACCEPTED,Plantae,NA,220,213215352
2808,Halimium lasianthum,8421432,SPECIES,ACCEPTED,Plantae,NA,220,213215352
2809,Halimium lasianthum,7230699,SPECIES,ACCEPTED,Plantae,NA,194,213215352
2810,Halimium lasianthum,7226804,SPECIES,ACCEPTED,Plantae,NA,196,213215352
2811,Halimium lasianthum,4132112,SPECIES,ACCEPTED,Plantae,NA,196,213215352
2812,Halimium lasianthum,6313051,SPECIES,ACCEPTED,Plantae,NA,196,213215352
2813,Halimium lasianthum,7267631,SPECIES,ACCEPTED,Plantae,NA,220,213215352
2814,Halimium lasianthum,7272439,SPECIES,ACCEPTED,Plantae,NA,220,213215352
2815,Halimium lasianthum,6409536,NA,NA,NA,NA,220,213215352
2816,Halimium lasianthum alyssoides,NA,NA,NA,NA,NA,NA,182134719
2817,Halyomorpha halys,4485843,SPECIES,ACCEPTED,Animalia,"4485843: Halyomorpha halys (Stål, 1855)",216,182134239
2818,Hanseniella caldaria,2442665,NA,NA,NA,NA,11418114,152544653
2819,Haplodrassus securifer,3202936,NA,NA,NA,NA,8179345,159748235
2820,Haplopoma graniferum,4485839,NA,NA,NA,NA,216,159748473
2821,Haplopoma impressum,5959227,NA,NA,NA,NA,212,159748474
2822,Harmonia axyridis,4989904,SPECIES,ACCEPTED,Animalia,"4989904: Harmonia axyridis (Pallas, 1773) | 10364473: Harmonia axyridis f. spectabilis | 11134183: Harmonia axyridis f. succinea | 10120173: Harmonia axyridis f. conspicua | 11206794: Harmonia axyridis f. axyridis | 9986462: BOLD:AAB5640",216,152544558
2823,Harpachne schimperi,4125110,SPECIES,ACCEPTED,Plantae,NA,196,152546938
2824,Hasarius adansoni,2177741,SPECIES,ACCEPTED,Animalia,"2177741: Hasarius adansoni (Audouin, 1826)",367,152544098
2825,Hawaiia minuscula,4126800,NA,NA,NA,NA,196,157092306
2826,Hebenstretia integrifolia,6431764,NA,NA,NA,NA,196,152545609
2827,Hedera colchica,3036033,SPECIES,ACCEPTED,Plantae,3036033: Hedera colchica (K.Koch) K.Koch,220,152544473
2828,Hedera hibernica,3036157,SPECIES,DOUBTFUL,Plantae,3036157: Hedera hibernica (G.Kirchn.) Carrière,220,182134023
2829,Hedera hibernica,3036157,SPECIES,DOUBTFUL,Plantae,3036157: Hedera hibernica (G.Kirchn.) Carrière,220,213215274
2830,Hedera maroccana,3036169,SPECIES,ACCEPTED,Plantae,3036169: Hedera maroccana McAll.,220,213215275
2831,Hedlundia hybrida,9245228,SPECIES,ACCEPTED,Plantae,NA,220,213215736
2832,Helenium autumnale,5401877,SPECIES,ACCEPTED,Plantae,5401877: Helenium autumnale L.,220,152543788
2833,Helenium clementii,3121593,NA,NA,NA,NA,220,152543786
2834,Heleobia charruana,8059430,SPECIES,ACCEPTED,Animalia,NA,225,213213569
2835,Helianthus annuus,9206251,SPECIES,ACCEPTED,Plantae,9206251: Helianthus annuus L.,220,152544146
2836,Helianthus debilis,3119191,SPECIES,ACCEPTED,Plantae,3119191: Helianthus debilis Nutt.,220,152544154
2837,Helianthus decapetalus,3119185,SPECIES,ACCEPTED,Plantae,3119185: Helianthus decapetalus L.,220,152544156
2838,Helianthus laetiflorus,3119181,SPECIES,ACCEPTED,Plantae,NA,220,152544157
2839,Helianthus maximiliani,3119206,SPECIES,ACCEPTED,Plantae,3119206: Helianthus maximiliani Schrad.,220,182134971
2840,Helianthus petiolaris,3119225,SPECIES,ACCEPTED,Plantae,3119225: Helianthus petiolaris Nutt.,220,152544150
2841,Helianthus salicifolius,3119219,SPECIES,ACCEPTED,Plantae,3119219: Helianthus salicifolius A.Dietr.,220,152544153
2842,Helianthus tuberosus,3119175,SPECIES,ACCEPTED,Plantae,3119175: Helianthus tuberosus L.,220,152544158
2843,Helianthus ×laetiflorus,3119181,SPECIES,ACCEPTED,Plantae,3119181: Helianthus ×laetiflorus Pers.,220,NA
2844,Helichrysum italicum,3131614,SPECIES,ACCEPTED,Plantae,3131614: Helichrysum italicum (Roth) G.Don,220,152544009
2845,Helichrysum petiolare,3131367,SPECIES,ACCEPTED,Plantae,3131367: Helichrysum petiolare Hilliard & B.L.Burtt,220,152544007
2846,Helictochloa bromoides,6448072,NA,NA,NA,NA,220,159747368
2847,Helictotrichon sempervirens,1420769,NA,NA,NA,NA,216,152546900
2848,Heliophanus kochii,2172103,SPECIES,ACCEPTED,Animalia,NA,367,152544122
2849,Heliopsis helianthoides,5396474,SPECIES,ACCEPTED,Plantae,NA,220,152543811
2850,Heliothrips haemorrhoidalis,6710856,NA,NA,NA,NA,196,152544441
2851,Heliotropium amplexicaule,4104665,NA,NA,NA,NA,196,152545543
2852,Heliotropium europaeum,2925767,SPECIES,ACCEPTED,Plantae,2925767: Heliotropium europaeum L.,220,152545544
2853,Heliotropium suaveolens,7294771,SPECIES,ACCEPTED,Plantae,7294771: Heliotropium suaveolens M.Bieb.,220,152545542
2854,Helix lucorum,7753992,SPECIES,ACCEPTED,Animalia,NA,225,213213518
2855,Helleborus argutifolius,3924221,SPECIES,ACCEPTED,Plantae,NA,220,213214419
2856,Helleborus lividus,7277106,SPECIES,DOUBTFUL,Plantae,NA,220,213214417
2857,Helleborus niger,3033107,SPECIES,ACCEPTED,Plantae,3033107: Helleborus niger L.,220,152546361
2858,Helleborus orientalis,6374953,SPECIES,ACCEPTED,Plantae,6374953: Helleborus orientalis Lam.,220,152546360
2859,Hemerocallis fulva,2781074,SPECIES,ACCEPTED,Plantae,2781074: Hemerocallis fulva (L.) L.,196,152546626
2860,Hemerocallis lilioasphodelus,2781103,SPECIES,ACCEPTED,Plantae,2781103: Hemerocallis lilioasphodelus L.,196,152546627
2861,Hemidactylus,NA,NA,NA,NA,NA,NA,213212518
2862,Hemidactylus NA,5221394,GENUS,ACCEPTED,Animalia,NA,11592253,NA
2863,Hemidactylus NA,5221394,GENUS,ACCEPTED,Animalia,NA,11592253,NA
2864,Hemidactylus turcicus,5221528,SPECIES,ACCEPTED,Animalia,NA,11592253,213212520
2865,Hemigrapsus penicillatus,2225770,SPECIES,ACCEPTED,Animalia,NA,229,213214578
2866,Hemigrapsus sanguineus,2225772,SPECIES,ACCEPTED,Animalia,"2225772: Hemigrapsus sanguineus (de Haan, 1835)",229,152543889
2867,Hemigrapsus takanoi,4382841,SPECIES,ACCEPTED,Animalia,"4382841: Hemigrapsus takanoi Asakura & Watanabe, 2005",229,152543886
2868,Hemimysis anomala,2220312,SPECIES,ACCEPTED,Animalia,"2220312: Hemimysis anomala G.O.Sars, 1907",229,152543839
2869,Hepatica nobilis,5371699,SPECIES,ACCEPTED,Plantae,5371699: Hepatica nobilis Schreb. | 6375391: Anemone hepatica L.,220,159748656
2870,Heracleum mantegazzianum,3034825,SPECIES,ACCEPTED,Plantae,3034825: Heracleum mantegazzianum Sommier & Levier,220,152544579
2871,Heracleum sphondylium,4271356,SUBSPECIES,ACCEPTED,Plantae,4271356: Heracleum sphondylium subsp. sibiricum (L.) Simonk.,220,NA
2872,Heracleum sphondylium,2938473,SUBSPECIES,ACCEPTED,Plantae,NA,220,NA
2873,Heracleum sphondylium,11844792,SUBSPECIES,ACCEPTED,Plantae,NA,220,NA
2874,Heracleum sphondylium,7227181,SUBSPECIES,ACCEPTED,Plantae,NA,196,NA
2875,Heracleum sphondylium,7068845,SUBSPECIES,ACCEPTED,Plantae,NA,220,NA
2876,Heracleum sphondylium,7740944,SUBSPECIES,ACCEPTED,Plantae,NA,220,NA
2877,Heracleum sphondylium,7225471,SUBSPECIES,ACCEPTED,Plantae,NA,220,NA
2878,Heracleum sphondylium,8134874,SUBSPECIES,ACCEPTED,Plantae,NA,196,NA
2879,Heracleum sphondylium,7415922,SUBSPECIES,ACCEPTED,Plantae,NA,220,NA
2880,Heracleum sphondylium,7096205,SUBSPECIES,ACCEPTED,Plantae,NA,220,NA
2881,Heracleum sphondylium,3602069,SUBSPECIES,ACCEPTED,Plantae,NA,220,NA
2882,Heracleum sphondylium,7323251,SUBSPECIES,ACCEPTED,Plantae,NA,220,NA
2883,Heracleum sphondylium,4248063,NA,NA,NA,NA,220,NA
2884,Heracleum sphondylium sibiricum,NA,NA,NA,NA,NA,NA,152544576
2885,Hercinothrips bicinctus,2473221,NA,NA,NA,NA,11592253,152544443
2886,Hercinothrips femoralis,2444141,NA,NA,NA,NA,11592253,152544445
2887,Hermetia illucens,1577153,SPECIES,ACCEPTED,Animalia,NA,216,213214430
2888,Herniaria cinerea,3593900,SPECIES,ACCEPTED,Plantae,3593900: Herniaria cinerea DC.,220,152546064
2889,Hesperis matronalis,3042291,SPECIES,ACCEPTED,Plantae,3042291: Hesperis matronalis L.,220,152545383
2890,Heteranthemis viscidehirta,2484608,NA,NA,NA,NA,212,152544312
2891,Heterodon nasicus,8050384,NA,NA,NA,NA,232,182133709
2892,Heteropoda venatoria,2704112,NA,NA,NA,NA,196,152544080
2893,Heuchera micrantha,3032646,SPECIES,DOUBTFUL,Plantae,3032646: Heuchera micrantha Douglas ex Lindl.,220,152544699
2894,Heuchera sanguinea,3032653,SPECIES,ACCEPTED,Plantae,3032653: Heuchera sanguinea Engelm.,220,152544698
2895,Hexaplex cichoreum,4366527,SPECIES,ACCEPTED,Animalia,NA,225,213213435
2896,Hexaplex trunculus,4366460,SPECIES,ACCEPTED,Animalia,NA,225,213213436
2897,Hibiscus syriacus,3152583,SPECIES,ACCEPTED,Plantae,3152583: Hibiscus syriacus L.,220,152546242
2898,Hibiscus trionum,3152560,SPECIES,ACCEPTED,Plantae,3152560: Hibiscus trionum L.,220,152546241
2899,Hieracium amplexicaule,3136320,SPECIES,ACCEPTED,Plantae,NA,220,213215178
2900,Hieracium glaucinum,4219118,SUBSPECIES,ACCEPTED,Plantae,4219118: Hieracium glaucinum subsp. recensitum (Jord. ex Boreau) Gottschl.,220,NA
2901,Hieracium glaucinum,7226794,SUBSPECIES,ACCEPTED,Plantae,NA,196,NA
2902,Hieracium glaucinum,4211590,SUBSPECIES,ACCEPTED,Plantae,NA,220,NA
2903,Hieracium glaucinum,7219988,SUBSPECIES,ACCEPTED,Plantae,NA,220,NA
2904,Hieracium glaucinum,7332416,SUBSPECIES,ACCEPTED,Plantae,NA,220,NA
2905,Hieracium glaucinum,6300531,SUBSPECIES,ACCEPTED,Plantae,NA,220,NA
2906,Hieracium glaucinum,7298085,SUBSPECIES,ACCEPTED,Plantae,NA,220,NA
2907,Hieracium glaucinum,4132112,SUBSPECIES,ACCEPTED,Plantae,NA,196,NA
2908,Hieracium glaucinum,2706403,SUBSPECIES,ACCEPTED,Plantae,NA,196,NA
2909,Hieracium glaucinum,2653392,SUBSPECIES,ACCEPTED,Plantae,NA,282,NA
2910,Hieracium glaucinum,6076957,SUBSPECIES,ACCEPTED,Plantae,NA,220,NA
2911,Hieracium glaucinum,6164210,SUBSPECIES,ACCEPTED,Plantae,NA,359,NA
2912,Hieracium glaucinum,10755213,NA,NA,NA,NA,196,NA
2913,Hieracium glaucinum recensitum,NA,NA,NA,NA,NA,NA,182134921
2914,Hieracium pilosum,4122609,NA,NA,NA,NA,196,152543843
2915,Hieracium pulmonarioides,2498325,NA,NA,NA,NA,212,NA
2916,Hieracium pulmonarioides,9391215,NA,NA,NA,NA,11592253,NA
2917,Hieracium pulmonarioides,7331861,NA,NA,NA,NA,220,NA
2918,Hieracium pulmonarioides,5544928,NA,NA,NA,NA,220,NA
2919,Hieracium pulmonarioides,5581279,NA,NA,NA,NA,220,NA
2920,Hieracium pulmonarioides,7068845,NA,NA,NA,NA,220,NA
2921,Hieracium pulmonarioides,7740944,NA,NA,NA,NA,220,NA
2922,Hieracium pulmonarioides,7068379,NA,NA,NA,NA,220,NA
2923,Hieracium pulmonarioides,6157050,NA,NA,NA,NA,11418114,NA
2924,Hieracium pulmonarioides,7415922,NA,NA,NA,NA,220,NA
2925,Hieracium pulmonarioides,3757050,NA,NA,NA,NA,220,NA
2926,Hieracium pulmonarioides,2445496,NA,NA,NA,NA,11592253,NA
2927,Hieracium pulmonarioides spelaeum,NA,NA,NA,NA,NA,NA,213215179
2928,Hieracium speciosum,4055853,NA,NA,NA,NA,220,152543845
2929,Hierophis viridiflavus,2458916,SPECIES,ACCEPTED,Animalia,9360895: Coluber viridiflavus viridiflavus,11592253,182133763
2930,Himantoglossum robertianum,5324959,SPECIES,ACCEPTED,Plantae,5324959: Himantoglossum robertianum (Loisel.) P.Delforge,196,152546630
2931,Himantopus mexicanus,5229128,SPECIES,ACCEPTED,Animalia,"5229128: Himantopus mexicanus (Statius Muller, 1776)",212,159747148
2932,Hippocrepis emerus,5353705,SPECIES,ACCEPTED,Plantae,5353705: Hippocrepis emerus (L.) Lassen,220,152545101
2933,Hippodamia convergens,3172127,NA,NA,NA,NA,220,152544554
2934,Hippophae rhamnoides,2141241,SUBSPECIES,ACCEPTED,Plantae,NA,367,NA
2935,Hippophae rhamnoides,4048052,SUBSPECIES,ACCEPTED,Plantae,NA,220,NA
2936,Hippophae rhamnoides,9405645,SUBSPECIES,ACCEPTED,Plantae,NA,220,NA
2937,Hippophae rhamnoides,7998563,SUBSPECIES,ACCEPTED,Plantae,NA,196,NA
2938,Hippophae rhamnoides,7223177,SUBSPECIES,ACCEPTED,Plantae,NA,220,NA
2939,Hippophae rhamnoides,7925720,SUBSPECIES,ACCEPTED,Plantae,NA,220,NA
2940,Hippophae rhamnoides,4274443,SUBSPECIES,ACCEPTED,Plantae,NA,220,NA
2941,Hippophae rhamnoides,7332517,SUBSPECIES,ACCEPTED,Plantae,NA,220,NA
2942,Hippophae rhamnoides,7323251,SUBSPECIES,ACCEPTED,Plantae,NA,220,NA
2943,Hippophae rhamnoides,7308043,SUBSPECIES,ACCEPTED,Plantae,NA,220,NA
2944,Hippophae rhamnoides,2202786,SUBSPECIES,ACCEPTED,Plantae,NA,229,NA
2945,Hippophae rhamnoides,4932232,SUBSPECIES,ACCEPTED,Plantae,NA,196,NA
2946,Hippophae rhamnoides,5365494,NA,NA,NA,NA,220,NA
2947,Hippophae rhamnoides caucasica,NA,NA,NA,NA,NA,NA,152544749
2948,Hirschfeldia incana,3050595,SPECIES,ACCEPTED,Plantae,3050595: Hirschfeldia incana (L.) Lagr.-Foss.,220,182134448
2949,Holocnemus pluchei,2149679,SPECIES,ACCEPTED,Animalia,"2149679: Holocnemus pluchei (Scopoli, 1763)",367,152544199
2950,Holodiscus discolor,2987780,SPECIES,ACCEPTED,Plantae,NA,220,213215693
2951,Homarus americanus,5972004,SPECIES,ACCEPTED,Animalia,NA,229,213214583
2952,Homoeogryllus reticulatus,1720196,SPECIES,ACCEPTED,Animalia,NA,216,213213777
2953,Homotoma ficus,5153082,SPECIES,ACCEPTED,Animalia,NA,216,213214169
2954,Hoplopleura erismata,4274443,NA,NA,NA,NA,220,152544587
2955,Hordeum bulbosum,2706067,SPECIES,ACCEPTED,Plantae,NA,196,152547152
2956,Hordeum comosum,2725229,NA,NA,NA,NA,196,152547149
2957,Hordeum distichon,8332019,SPECIES,ACCEPTED,Plantae,8332019: Hordeum distichon L. | 6313805: Hordeum vulgare subsp. distichon (L.) Körn.,196,152547146
2958,Hordeum euclaston,7227181,NA,NA,NA,NA,196,152547148
2959,Hordeum flexuosum,2723909,NA,NA,NA,NA,196,152547147
2960,Hordeum jubatum,2706052,SPECIES,ACCEPTED,Plantae,2706052: Hordeum jubatum L.,196,152547151
2961,Hordeum marinum,5375285,SUBSPECIES,ACCEPTED,Plantae,NA,220,NA
2962,Hordeum marinum,8338571,SUBSPECIES,ACCEPTED,Plantae,NA,196,NA
2963,Hordeum marinum,6427623,SUBSPECIES,ACCEPTED,Plantae,NA,220,NA
2964,Hordeum marinum,4271356,SUBSPECIES,ACCEPTED,Plantae,NA,220,NA
2965,Hordeum marinum,6432925,SUBSPECIES,ACCEPTED,Plantae,NA,220,NA
2966,Hordeum marinum,8257857,SUBSPECIES,ACCEPTED,Plantae,NA,220,NA
2967,Hordeum marinum,7219988,SUBSPECIES,ACCEPTED,Plantae,NA,220,NA
2968,Hordeum marinum,5365494,SUBSPECIES,ACCEPTED,Plantae,NA,220,NA
2969,Hordeum marinum,8918909,SUBSPECIES,ACCEPTED,Plantae,NA,196,NA
2970,Hordeum marinum,2161911,SUBSPECIES,ACCEPTED,Plantae,NA,367,NA
2971,Hordeum marinum,7764312,SUBSPECIES,ACCEPTED,Plantae,NA,220,NA
2972,Hordeum marinum,4248063,SUBSPECIES,ACCEPTED,Plantae,NA,220,NA
2973,Hordeum marinum,3898065,NA,NA,NA,NA,220,NA
2974,Hordeum marinum gussoneanum,NA,NA,NA,NA,NA,NA,213212895
2975,Hordeum murinum,4115425,SUBSPECIES,ACCEPTED,Plantae,NA,196,NA
2976,Hordeum murinum,5289726,SUBSPECIES,ACCEPTED,Plantae,NA,196,NA
2977,Hordeum murinum,4270548,SUBSPECIES,ACCEPTED,Plantae,NA,196,NA
2978,Hordeum murinum,6449041,SUBSPECIES,ACCEPTED,Plantae,NA,196,NA
2979,Hordeum murinum,3602069,SUBSPECIES,ACCEPTED,Plantae,NA,220,NA
2980,Hordeum murinum,7324507,SUBSPECIES,ACCEPTED,Plantae,NA,220,NA
2981,Hordeum murinum,6302047,SUBSPECIES,ACCEPTED,Plantae,NA,220,NA
2982,Hordeum murinum,7190901,SUBSPECIES,ACCEPTED,Plantae,NA,11418114,NA
2983,Hordeum murinum,3596131,SUBSPECIES,ACCEPTED,Plantae,NA,220,NA
2984,Hordeum murinum,3802956,SUBSPECIES,ACCEPTED,Plantae,NA,220,NA
2985,Hordeum murinum,4250676,SUBSPECIES,ACCEPTED,Plantae,NA,220,NA
2986,Hordeum murinum,10966302,SUBSPECIES,ACCEPTED,Plantae,NA,196,NA
2987,Hordeum murinum,8257546,SUBSPECIES,ACCEPTED,Plantae,NA,196,NA
2988,Hordeum murinum,2457378,SUBSPECIES,ACCEPTED,Plantae,NA,11592253,NA
2989,Hordeum murinum,4194303,SUBSPECIES,ACCEPTED,Plantae,NA,220,NA
2990,Hordeum murinum,3755928,SUBSPECIES,ACCEPTED,Plantae,NA,220,NA
2991,Hordeum murinum,3757050,SUBSPECIES,ACCEPTED,Plantae,NA,220,NA
2992,Hordeum murinum,5581279,SUBSPECIES,ACCEPTED,Plantae,NA,220,NA
2993,Hordeum murinum,5825913,SUBSPECIES,ACCEPTED,Plantae,NA,194,NA
2994,Hordeum murinum,8429888,SUBSPECIES,ACCEPTED,Plantae,NA,196,NA
2995,Hordeum murinum,7226804,SUBSPECIES,ACCEPTED,Plantae,NA,196,NA
2996,Hordeum murinum,3935202,SUBSPECIES,ACCEPTED,Plantae,NA,220,NA
2997,Hordeum murinum,8983123,NA,NA,NA,NA,220,NA
2998,Hordeum murinum,7302355,NA,NA,NA,NA,220,NA
2999,Hordeum murinum glaucum,NA,NA,NA,NA,NA,NA,213212901
3000,Hordeum murinum leporinum,NA,NA,NA,NA,NA,NA,213212900
3001,Hordeum pusillum,6076279,NA,NA,NA,NA,220,152547150
3002,Hordeum vulgare,2706056,SPECIES,ACCEPTED,Plantae,2706056: Hordeum vulgare L. | 2706063: Hordeum hexastichon L. | 4932619: Hordeum vulgare subsp. vulgare | 6313801: Hordeum vulgare subsp. hexastichon (L.) Celak. | 7940113: Hordeum distichon subsp. distichon,196,152547153
3003,Hornungia alpina,5376139,SPECIES,ACCEPTED,Plantae,5376139: Hornungia alpina (L.) O.Appel,220,152545351
3004,Hornungia petraea,5376179,SPECIES,ACCEPTED,Plantae,5376179: Hornungia petraea (L.) Rchb.,220,182134433
3005,Hornungia procumbens,5376158,SPECIES,ACCEPTED,Plantae,NA,220,213214584
3006,Hosta,NA,NA,NA,NA,NA,NA,152546618
3007,Hosta NA,2771094,GENUS,DOUBTFUL,Plantae,NA,196,NA
3008,Hosta NA,2771094,GENUS,DOUBTFUL,Plantae,NA,196,NA
3009,Houttuynia cordata,5384931,SPECIES,ACCEPTED,Plantae,5384931: Houttuynia cordata Thunb.,220,152546207
3010,Hucho hucho,2888799,NA,NA,NA,NA,220,152543517
3011,Humulus scandens,2984537,SPECIES,ACCEPTED,Plantae,NA,220,213215651
3012,Hyacinthoides hispanica,5304257,SPECIES,ACCEPTED,Plantae,5304257: Hyacinthoides hispanica (Mill.) Rothm.,196,152546689
3013,Hyacinthoides massartiana,5304294,SPECIES,ACCEPTED,Plantae,5304294: Hyacinthoides massartiana Geerinck,196,152546688
3014,Hyacinthus orientalis,2772666,SPECIES,ACCEPTED,Plantae,2772666: Hyacinthus orientalis L.,196,152546715
3015,Hydrangea arborescens,2985986,SPECIES,ACCEPTED,Plantae,NA,220,213214687
3016,Hydrangea macrophylla,2985994,SPECIES,ACCEPTED,Plantae,2985994: Hydrangea macrophylla (Thunb.) Ser.,220,152544939
3017,Hydrangea paniculata,2985995,SPECIES,ACCEPTED,Plantae,2985995: Hydrangea paniculata Siebold,220,152544940
3018,Hydrocharis laevigata,11055820,SPECIES,ACCEPTED,Plantae,NA,196,213212638
3019,Hydrochoerus hydrochaeris,5786666,SPECIES,ACCEPTED,Animalia,"2437610: Hydrochaeris hydrochaeris (Linnaeus, 1766)",359,152543282
3020,Hydrocotyle moschata,5270720,NA,NA,NA,NA,328,213215270
3021,Hydrocotyle ranunculoides,7978544,SPECIES,ACCEPTED,Plantae,7978544: Hydrocotyle ranunculoides L.fil.,220,152544647
3022,Hydrocotyle sibthorpioides,8418338,SPECIES,ACCEPTED,Plantae,8418338: Hydrocotyle sibthorpioides Lam.,220,182134097
3023,Hydrocotyle verticillata,3034602,SPECIES,ACCEPTED,Plantae,3034602: Hydrocotyle verticillata Thunb.,220,152544652
3024,Hygromia cinctella,4565039,SPECIES,ACCEPTED,Animalia,"4565039: Hygromia cinctella (Draparnaud, 1801)",225,152543624
3025,Hyla meridionalis,2427555,SPECIES,ACCEPTED,Animalia,"2427555: Hyla meridionalis Boettger, 1874",131,182133511
3026,Hylaeus absolutus,3757050,NA,NA,NA,NA,220,213213874
3027,Hylotelephium anacampseros,7644304,NA,NA,NA,NA,220,213213642
3028,Hylotelephium maximum,7334631,SPECIES,ACCEPTED,Plantae,"9340574: Sedum telephium subsp. maximum (L.) Rouy & E.G.Camus, 1901 | 6709141: Sedum telephium subsp. maximum (L.) Krock. | 5690647: Sedum maximum Suter | 4201737: Hylotelephium telephium subsp. maximum (L.) H.Ohba | 7334631: Hylotelephium maximum (L.) Holub",220,152544717
3029,Hylotelephium spectabile,2985863,SPECIES,ACCEPTED,Plantae,5362067: Sedum spectabile Bor. | 2985863: Hylotelephium spectabile (Boreau) H.Ohba,220,152544718
3030,Hymenoscyphus pseudoalbidus,7699567,SPECIES,ACCEPTED,Fungi,NA,179,213212357
3031,Hyoscyamus albus,2928979,SPECIES,ACCEPTED,Plantae,2928979: Hyoscyamus albus L.,220,152544980
3032,Hypania invalida,5199161,SPECIES,ACCEPTED,Animalia,"5199161: Hypania invalida (Grube, 1860)",256,152543706
3033,Hypecoum pendulum,2888559,SPECIES,ACCEPTED,Plantae,2888559: Hypecoum pendulum L.,220,152546410
3034,Hypericum calycinum,3189497,SPECIES,ACCEPTED,Plantae,3189497: Hypericum calycinum L.,220,152546426
3035,Hypericum densiflorum,3189457,SPECIES,ACCEPTED,Plantae,NA,220,213214780
3036,Hypericum hidcoteense,3711846,SPECIES,ACCEPTED,Plantae,NA,220,152546424
3037,Hypericum hircinum,6436603,SPECIES,ACCEPTED,Plantae,NA,220,213214776
3038,Hypericum inodorum,3711564,SPECIES,ACCEPTED,Plantae,NA,220,152546425
3039,Hypericum moserianum,3189474,SPECIES,ACCEPTED,Plantae,NA,220,213214781
3040,Hypericum olympicum,8021567,SPECIES,ACCEPTED,Plantae,8021567: Hypericum olympicum L.,220,152546423
3041,Hypericum ×inodorum,3711564,SPECIES,ACCEPTED,Plantae,3711564: Hypericum ×inodorum Mill.,220,NA
3042,Hypochaeris microcephala,2739769,NA,NA,NA,NA,196,152544355
3043,Hypolimnas bolina,1910629,SPECIES,ACCEPTED,Animalia,NA,216,213213977
3044,Hypophthalmichthys molitrix,2362473,SPECIES,ACCEPTED,Animalia,"2362473: Hypophthalmichthys molitrix (Valenciennes, 1844)",NA,152543550
3045,Hypophthalmichthys nobilis,2362486,SPECIES,ACCEPTED,Animalia,"2362486: Hypophthalmichthys nobilis (Richardson, 1845)",NA,152543548
3046,Hypoponera punctatissima,1326634,SPECIES,ACCEPTED,Animalia,"1326634: Hypoponera punctatissima (Roger, 1859)",216,152544500
3047,Hypoponera schauinslandi,8455382,SPECIES,ACCEPTED,Animalia,"8455382: Hypoponera schauinslandi (Emery, 1899)",216,152544498
3048,Hypsopygia nostralis,8766638,SPECIES,ACCEPTED,Animalia,NA,216,213213918
3049,Hyssopus officinalis,5341387,SPECIES,ACCEPTED,Plantae,5341387: Hyssopus officinalis L. | 7522399: Hyssopus officinalis var. aristatus (Godr.) Briq.,220,152545708
3050,Ianiropsis serricaudis,2211599,SPECIES,ACCEPTED,Animalia,NA,229,213214484
3051,Iberis amara,5377163,SPECIES,ACCEPTED,Plantae,NA,220,213214594
3052,Iberis odorata,3663237,NA,NA,NA,NA,220,152545381
3053,Iberis pinnata,5377286,SPECIES,ACCEPTED,Plantae,5377286: Iberis pinnata L.,220,152545379
3054,Iberis sempervirens,5551241,SPECIES,ACCEPTED,Plantae,5551241: Iberis sempervirens L.,220,152545378
3055,Iberis umbellata,5377303,SPECIES,ACCEPTED,Plantae,5377303: Iberis umbellata L.,220,152545380
3056,Iberodes linifolia,9629001,SPECIES,ACCEPTED,Plantae,NA,220,213214110
3057,Ibicella lutea,3172647,SPECIES,ACCEPTED,Plantae,NA,220,152545600
3058,Icerya purchasi,2080592,SPECIES,ACCEPTED,Animalia,NA,216,213214193
3059,Icius subinermis,2286079,NA,NA,NA,NA,137,213214732
3060,Ictalurus punctatus,5690854,NA,NA,NA,NA,220,152543493
3061,Iduna rama,5739357,SPECIES,ACCEPTED,Animalia,"5739357: Iduna rama (Sykes, 1832)",212,159747178
3062,Iguana,NA,NA,NA,NA,NA,NA,182133813
3063,Iguana NA,2459675,GENUS,ACCEPTED,Animalia,NA,11592253,NA
3064,Iguana NA,2459675,GENUS,ACCEPTED,Animalia,NA,11592253,NA
3065,Iguana iguana,2459658,SPECIES,ACCEPTED,Animalia,"2459658: Iguana iguana (Linnaeus, 1758)",11592253,182133812
3066,Ilex altaclerensis,5930559,SPECIES,ACCEPTED,Plantae,NA,220,152543248
3067,Ilex crenata,5414239,SPECIES,ACCEPTED,Plantae,5414239: Ilex crenata Thunb.,220,152543250
3068,Ilex meserveae,5533814,SPECIES,ACCEPTED,Plantae,NA,220,152543251
3069,Ilex ×altaclerensis,5930559,SPECIES,ACCEPTED,Plantae,5930559: Ilex ×altaclerensis (Loud.) Dallim.,220,NA
3070,Impatiens balfourii,2891783,SPECIES,ACCEPTED,Plantae,2891783: Impatiens balfourii Hook.fil.,220,152545844
3071,Impatiens capensis,2891774,SPECIES,ACCEPTED,Plantae,2891774: Impatiens capensis Meerb.,220,152545843
3072,Impatiens glandulifera,2891770,SPECIES,ACCEPTED,Plantae,2891770: Impatiens glandulifera Royle | 2891771: Impatiens roylei Walp.,220,152545845
3073,Impatiens parviflora,2891782,SPECIES,ACCEPTED,Plantae,2891782: Impatiens parviflora DC.,220,152545842
3074,Impatientinum asiaticum,2077985,SPECIES,ACCEPTED,Animalia,NA,216,213214197
3075,Imperatoria ostruthium,5538108,SPECIES,ACCEPTED,Plantae,3034230: Peucedanum ostruthium (L.) Koch | 5538108: Imperatoria ostruthium L.,220,152544521
3076,Incarvillea delavayi,4091345,SPECIES,ACCEPTED,Plantae,NA,220,213215563
3077,Incisocalliope aestuarius,5177825,SPECIES,ACCEPTED,Animalia,"5177825: Incisocalliope aestuarius (Watling & Maurer, 1973)",229,152543953
3078,Inula helenium,3148340,SPECIES,ACCEPTED,Plantae,3148340: Inula helenium L.,220,152543885
3079,Inula racemosa,4933624,SPECIES,ACCEPTED,Plantae,4933624: Inula racemosa Hook.fil.,220,152543880
3080,Ipheion uniflorum,2859597,SPECIES,ACCEPTED,Plantae,2859597: Ipheion uniflorum (Lindl.) Raf.,196,159747181
3081,Ipomoea coccinea,2928560,SPECIES,ACCEPTED,Plantae,NA,220,213213572
3082,Ipomoea hederacea,2928538,SPECIES,ACCEPTED,Plantae,2928538: Ipomoea hederacea Jacq. | 2928622: Ipomoea hederacea var. integriuscula A.Gray,220,152545013
3083,Ipomoea hederifolia,7327959,NA,NA,NA,NA,220,152545008
3084,Ipomoea heptaphylla,9060332,SPECIES,ACCEPTED,Plantae,NA,220,213213570
3085,Ipomoea lacunosa,2928584,SPECIES,ACCEPTED,Plantae,NA,220,213213568
3086,Ipomoea lacunosa,8381801,SPECIES,ACCEPTED,Plantae,NA,220,213213568
3087,Ipomoea lacunosa,7323251,SPECIES,ACCEPTED,Plantae,NA,220,213213568
3088,Ipomoea lacunosa,4250676,SPECIES,ACCEPTED,Plantae,NA,220,213213568
3089,Ipomoea lacunosa,3898065,SPECIES,ACCEPTED,Plantae,NA,220,213213568
3090,Ipomoea lacunosa,7327959,SPECIES,ACCEPTED,Plantae,NA,220,213213568
3091,Ipomoea lacunosa,7271631,SPECIES,ACCEPTED,Plantae,NA,220,213213568
3092,Ipomoea lacunosa,3757050,SPECIES,ACCEPTED,Plantae,NA,220,213213568
3093,Ipomoea lacunosa,2176168,SPECIES,ACCEPTED,Plantae,NA,367,213213568
3094,Ipomoea lacunosa,2444141,SPECIES,ACCEPTED,Plantae,NA,11592253,213213568
3095,Ipomoea lacunosa,7308335,SPECIES,ACCEPTED,Plantae,NA,220,213213568
3096,Ipomoea lacunosa,4925890,SPECIES,ACCEPTED,Plantae,NA,220,213213568
3097,Ipomoea lacunosa,3596131,NA,NA,NA,NA,220,213213568
3098,Ipomoea lacunosa lacunosa,NA,NA,NA,NA,NA,NA,213213574
3099,Ipomoea leucantha,2928583,SPECIES,ACCEPTED,Plantae,3681600: Ipomoea lacunosa f. purpurata Fernald | 2928583: Ipomoea leucantha Jacq.,220,152545011
3100,Ipomoea nil,2928534,SPECIES,ACCEPTED,Plantae,NA,220,213213565
3101,Ipomoea purpurea,2928576,SPECIES,ACCEPTED,Plantae,2928576: Ipomoea purpurea (L.) Roth,220,152545012
3102,Ipomoea tricolor,2928589,SPECIES,ACCEPTED,Plantae,2928589: Ipomoea tricolor Cav.,220,152545010
3103,Iris foetidissima,5298765,SPECIES,ACCEPTED,Plantae,5298765: Iris foetidissima L.,196,152546670
3104,Iris germanica,5298069,SPECIES,ACCEPTED,Plantae,5298069: Iris germanica L.,196,152546669
3105,Iris graminea,5298908,SPECIES,ACCEPTED,Plantae,NA,196,152546672
3106,Iris hollandica,9340142,SPECIES,ACCEPTED,Plantae,NA,196,213212442
3107,Iris pumila,5298675,SPECIES,ACCEPTED,Plantae,5298675: Iris pumila L.,196,152546671
3108,Iris reticulata,5298406,SPECIES,ACCEPTED,Plantae,NA,196,213212438
3109,Iris sibirica,5298126,SPECIES,ACCEPTED,Plantae,5298126: Iris sibirica L.,196,152546668
3110,Iris xiphium,5297966,SPECIES,ACCEPTED,Plantae,NA,196,213212440
3111,Isatis quadrialata,7711892,SPECIES,ACCEPTED,Plantae,NA,220,213214651
3112,Isatis tinctoria,5374118,SPECIES,ACCEPTED,Plantae,5374118: Isatis tinctoria L.,220,152545337
3113,Ischnura senegalensis,1423286,SPECIES,ACCEPTED,Animalia,"1423286: Ischnura senegalensis Rambur, 1842",216,152544407
3114,Isodontia mexicana,1346919,SPECIES,ACCEPTED,Animalia,NA,216,213213830
3115,Isotrema macrophyllum,2873995,SPECIES,ACCEPTED,Plantae,NA,220,213213397
3116,Iva annua,1548900,NA,NA,NA,NA,216,152543796
3117,Jacobaea albescens,8210972,SPECIES,ACCEPTED,Plantae,NA,220,182134890
3118,Jacobaea maritima,5388595,SPECIES,ACCEPTED,Plantae,5388595: Jacobaea maritima (L.) Pelser & Meijden | 3097222: Senecio cineraria DC. | 11153937: Jacobaea maritima subsp. maritima,220,152543752
3119,Jacquemontia tamnifolia,5341725,SPECIES,ACCEPTED,Plantae,NA,220,213213588
3120,Jaera istri,5177089,SPECIES,ACCEPTED,Animalia,"5177089: Jaera istri Veuille, 1979",229,152543897
3121,Jaltomata procumbens,2928805,SPECIES,ACCEPTED,Plantae,2928805: Jaltomata procumbens (Cav.) J.L.Gentry,220,182134170
3122,Japananus hyalinus,2029899,SPECIES,ACCEPTED,Animalia,NA,216,213214074
3123,Jasminum nudiflorum,3172266,SPECIES,ACCEPTED,Plantae,3172266: Jasminum nudiflorum Lindl.,220,152545578
3124,Juglans ailantifolia,3054366,SPECIES,ACCEPTED,Plantae,NA,220,213215372
3125,Juglans cinerea,3054352,SPECIES,ACCEPTED,Plantae,3054352: Juglans cinerea L.,220,152546164
3126,Juglans mandshurica,4205640,SPECIES,ACCEPTED,Plantae,4205640: Juglans mandshurica Maxim.,220,182134756
3127,Juglans nigra,3054357,SPECIES,ACCEPTED,Plantae,3054357: Juglans nigra L.,220,152546163
3128,Juglans regia,3054368,SPECIES,ACCEPTED,Plantae,3054368: Juglans regia L.,220,152546162
3129,Junco hyemalis,9362842,SPECIES,ACCEPTED,Animalia,"9362842: Junco hyemalis (Linnaeus, 1758)",212,159747272
3130,Juncus anthelatus,2702058,SPECIES,ACCEPTED,Plantae,NA,196,213212682
3131,Juncus canadensis,2701986,SPECIES,DOUBTFUL,Plantae,NA,196,152547165
3132,Juncus dichotomus,2701120,SPECIES,ACCEPTED,Plantae,NA,196,213212679
3133,Juncus dudleyi,2701831,SPECIES,ACCEPTED,Plantae,NA,196,213212685
3134,Juncus ensifolius,2701612,SPECIES,ACCEPTED,Plantae,2701612: Juncus ensifolius Wikstr.,196,152547169
3135,Juncus foliosus,2701578,SPECIES,ACCEPTED,Plantae,2701578: Juncus foliosus Desf.,196,152547168
3136,Juncus imbricatus,5401508,NA,NA,NA,NA,220,152547166
3137,Juncus pallescens,3053950,NA,NA,NA,NA,220,152547170
3138,Juncus pallidus,2701564,SPECIES,ACCEPTED,Plantae,NA,196,213212686
3139,Juncus radula,2701304,SPECIES,ACCEPTED,Plantae,NA,196,152547171
3140,Juncus striatus,2701879,SPECIES,ACCEPTED,Plantae,2701879: Juncus striatus Schousb. ex E.Mey.,196,182133353
3141,Juncus subsecundus,2701118,SPECIES,ACCEPTED,Plantae,NA,196,152547172
3142,Juncus tenuis,2702084,SPECIES,ACCEPTED,Plantae,NA,196,213212678
3143,Juncus xiphioides,2701649,SPECIES,ACCEPTED,Plantae,2701649: Juncus xiphioides E.Mey.,196,152547167
3144,Junonia iphita,7261816,NA,NA,NA,NA,359,213213981
3145,Kalanchoe blossfeldiana,2985944,SPECIES,ACCEPTED,Plantae,2985944: Kalanchoe blossfeldiana Poelln.,220,152544720
3146,Kalimeris incisa,4117648,NA,NA,NA,NA,196,NA
3147,Kalimeris incisa,7219988,NA,NA,NA,NA,220,NA
3148,Kalimeris incisa,7068845,NA,NA,NA,NA,220,NA
3149,Kalimeris incisa,7298085,NA,NA,NA,NA,220,NA
3150,Kalimeris incisa,2443339,NA,NA,NA,NA,11418114,NA
3151,Kalimeris incisa,6084799,NA,NA,NA,NA,196,NA
3152,Kalimeris incisa,7308043,NA,NA,NA,NA,220,NA
3153,Kalimeris incisa,8389446,NA,NA,NA,NA,196,NA
3154,Kalimeris incisa,5659657,NA,NA,NA,NA,220,NA
3155,Kalimeris incisa,7266343,NA,NA,NA,NA,220,NA
3156,Kalimeris incisa,10948891,NA,NA,NA,NA,220,NA
3157,Kalimeris incisa incisa,NA,NA,NA,NA,NA,NA,213215190
3158,Kalmia angustifolia,2883007,SPECIES,ACCEPTED,Plantae,2883007: Kalmia angustifolia L.,220,152545867
3159,Karpatiosorbus latifolia,9306058,SPECIES,ACCEPTED,Plantae,NA,220,213215738
3160,Keratella tropica,2705391,NA,NA,NA,NA,196,159748482
3161,Kerria japonica,5371450,SPECIES,ACCEPTED,Plantae,5371450: Kerria japonica (L.) DC.,220,152544813
3162,Kickxia elatine,2705362,NA,NA,NA,NA,196,NA
3163,Kickxia elatine,7070211,NA,NA,NA,NA,196,NA
3164,Kickxia elatine,4131042,NA,NA,NA,NA,196,NA
3165,Kickxia elatine,8323119,NA,NA,NA,NA,220,NA
3166,Kickxia elatine,7440977,NA,NA,NA,NA,220,NA
3167,Kickxia elatine,5352425,NA,NA,NA,NA,220,NA
3168,Kickxia elatine,6085036,NA,NA,NA,NA,196,NA
3169,Kickxia elatine,7324507,NA,NA,NA,NA,220,NA
3170,Kickxia elatine,2202786,NA,NA,NA,NA,229,NA
3171,Kickxia elatine,7998563,NA,NA,NA,NA,196,NA
3172,Kickxia elatine,7271631,NA,NA,NA,NA,220,NA
3173,Kickxia elatine sieberi,NA,NA,NA,NA,NA,NA,213215546
3174,Kitaibela vitifolia,4939668,SPECIES,ACCEPTED,Plantae,NA,220,152546232
3175,Knautia integrifolia,7504215,SPECIES,ACCEPTED,Plantae,7504215: Knautia integrifolia (L.) Bertol.,220,152546291
3176,Knautia macedonica,4102952,SPECIES,ACCEPTED,Plantae,4102952: Knautia macedonica Griseb.,220,152546292
3177,Kniphofia praecox,5305162,SPECIES,ACCEPTED,Plantae,5305162: Kniphofia praecox Baker,196,152546622
3178,Koeleria glauca,4137839,SPECIES,ACCEPTED,Plantae,4137839: Koeleria glauca (Spreng.) DC.,196,152546911
3179,Koelreuteria paniculata,5421180,SPECIES,ACCEPTED,Plantae,5421180: Koelreuteria paniculata Laxm.,220,152543345
3180,Koenigia campanulata,9018536,SPECIES,ACCEPTED,Plantae,6391389: Aconogonon campanulatum (Hook.fil.) Hara,220,152546104
3181,Koenigia divaricata,2705350,NA,NA,NA,NA,196,152546106
3182,Koenigia fennica,8773480,SPECIES,ACCEPTED,Plantae,NA,220,152546105
3183,Koenigia polystachya,8848208,SPECIES,ACCEPTED,Plantae,NA,220,213214913
3184,Kolkwitzia amabilis,2888706,SPECIES,ACCEPTED,Plantae,2888706: Kolkwitzia amabilis Graebn.,220,152546301
3185,Kontikia ventrolineata,2704664,NA,NA,NA,NA,196,182132858
3186,Laburnum anagyroides,5356345,SPECIES,ACCEPTED,Plantae,5356345: Laburnum anagyroides Medik.,220,152545026
3187,Lacerta agilis,6159223,SPECIES,ACCEPTED,Animalia,"9785084: Lacerta agilis agilis | 6159223: Lacerta agilis Linnaeus, 1758",11592253,182133823
3188,Lacerta strigata,5168461,NA,NA,NA,NA,367,213212495
3189,Lacerta viridis,6159273,SPECIES,ACCEPTED,Animalia,"6159273: Lacerta viridis (Laurenti, 1768) | 7190778: Lacerta viridis viridis",11592253,152543163
3190,Lachnagrostis billardierei,6913500,NA,NA,NA,NA,367,152546906
3191,Lachnagrostis eriantha,9484350,SPECIES,ACCEPTED,Plantae,4123480: Agrostis eriantha Hack.,196,152546904
3192,Lachnagrostis filiformis,4135963,SPECIES,ACCEPTED,Plantae,2706451: Agrostis avenacea J.F.Gmel.,196,152546907
3193,Lachnagrostis lachnantha,4934102,NA,NA,NA,NA,220,152546905
3194,Lactuca macrophylla,3140436,SPECIES,ACCEPTED,Plantae,NA,220,213215074
3195,Lactuca macrophylla,3048073,SPECIES,ACCEPTED,Plantae,NA,220,213215074
3196,Lactuca macrophylla,3048288,SPECIES,ACCEPTED,Plantae,NA,220,213215074
3197,Lactuca macrophylla,3596131,SPECIES,ACCEPTED,Plantae,NA,220,213215074
3198,Lactuca macrophylla,4271356,SPECIES,ACCEPTED,Plantae,NA,220,213215074
3199,Lactuca macrophylla,7219988,SPECIES,ACCEPTED,Plantae,NA,220,213215074
3200,Lactuca macrophylla,7427741,SPECIES,ACCEPTED,Plantae,NA,220,213215074
3201,Lactuca macrophylla,7323906,SPECIES,ACCEPTED,Plantae,NA,220,213215074
3202,Lactuca macrophylla,3663237,SPECIES,ACCEPTED,Plantae,NA,220,213215074
3203,Lactuca macrophylla,6369140,SPECIES,ACCEPTED,Plantae,NA,220,213215074
3204,Lactuca macrophylla,7409013,SPECIES,ACCEPTED,Plantae,NA,220,213215074
3205,Lactuca macrophylla,3755928,SPECIES,ACCEPTED,Plantae,NA,220,213215074
3206,Lactuca macrophylla,3757050,SPECIES,ACCEPTED,Plantae,NA,220,213215074
3207,Lactuca macrophylla,10948891,SPECIES,ACCEPTED,Plantae,NA,220,213215074
3208,Lactuca macrophylla,8336551,SPECIES,ACCEPTED,Plantae,NA,220,213215074
3209,Lactuca macrophylla,7226794,SPECIES,ACCEPTED,Plantae,NA,196,213215074
3210,Lactuca macrophylla,7225712,SPECIES,ACCEPTED,Plantae,NA,220,213215074
3211,Lactuca macrophylla,3602069,SPECIES,ACCEPTED,Plantae,NA,220,213215074
3212,Lactuca macrophylla,7224157,SPECIES,ACCEPTED,Plantae,NA,220,213215074
3213,Lactuca macrophylla,7298085,SPECIES,ACCEPTED,Plantae,NA,220,213215074
3214,Lactuca macrophylla,4090836,SPECIES,ACCEPTED,Plantae,NA,220,213215074
3215,Lactuca macrophylla,3935202,SPECIES,ACCEPTED,Plantae,NA,220,213215074
3216,Lactuca macrophylla,2284443,SPECIES,ACCEPTED,Plantae,NA,11133537,213215074
3217,Lactuca macrophylla,7225471,NA,NA,NA,NA,220,213215074
3218,Lactuca macrophylla,6085036,NA,NA,NA,NA,196,213215074
3219,Lactuca macrophylla macrophylla,NA,NA,NA,NA,NA,NA,213215073
3220,Lactuca macrophylla uralensis,NA,NA,NA,NA,NA,NA,182134919
3221,Lactuca sativa,7403263,SPECIES,ACCEPTED,Plantae,7403263: Lactuca sativa L. | 4210893: Lactuca serriola var. integrata Farw.,220,152543625
3222,Laelius pedatus,5869933,SPECIES,ACCEPTED,Animalia,NA,216,213213869
3223,Lagarosiphon major,2865565,SPECIES,ACCEPTED,Plantae,2865565: Lagarosiphon major (Ridl.) Moss,196,152546567
3224,Lagopus lagopus,2473421,SPECIES,ACCEPTED,Animalia,"2473421: Lagopus lagopus (Linnaeus, 1758)",212,159747550
3225,Lagurus ovatus,5290177,SPECIES,ACCEPTED,Plantae,5290177: Lagurus ovatus L.,196,152546886
3226,Lallemantia iberica,3065244,NA,NA,NA,NA,220,152545706
3227,Lamarckia aurea,5289762,SPECIES,ACCEPTED,Plantae,NA,196,152546811
3228,Lamium confertum,2926681,SPECIES,ACCEPTED,Plantae,2926681: Lamium confertum Fr.,220,182134658
3229,Lamium galeobdolon,6411098,SUBSPECIES,ACCEPTED,Plantae,6411098: Lamium galeobdolon subsp. argentatum (Smejkal) J.Duvign. | 3894182: Lamiastrum galeobdolon subsp. argentatum (Smejkal) Stace | 3893849: Lamium argentatum (Smejkal) Henker ex G.H.Loos,220,NA
3230,Lamium galeobdolon,2114326,SUBSPECIES,ACCEPTED,Plantae,NA,11545536,NA
3231,Lamium galeobdolon,4211590,SUBSPECIES,ACCEPTED,Plantae,NA,220,NA
3232,Lamium galeobdolon,8257546,SUBSPECIES,ACCEPTED,Plantae,NA,196,NA
3233,Lamium galeobdolon,7350944,SUBSPECIES,ACCEPTED,Plantae,NA,220,NA
3234,Lamium galeobdolon,7415922,SUBSPECIES,ACCEPTED,Plantae,NA,220,NA
3235,Lamium galeobdolon,7421129,SUBSPECIES,ACCEPTED,Plantae,NA,196,NA
3236,Lamium galeobdolon,7853188,SUBSPECIES,ACCEPTED,Plantae,NA,220,NA
3237,Lamium galeobdolon,7096205,SUBSPECIES,ACCEPTED,Plantae,NA,220,NA
3238,Lamium galeobdolon,7272439,SUBSPECIES,ACCEPTED,Plantae,NA,220,NA
3239,Lamium galeobdolon,4274443,SUBSPECIES,ACCEPTED,Plantae,NA,220,NA
3240,Lamium galeobdolon,7224157,SUBSPECIES,ACCEPTED,Plantae,NA,220,NA
3241,Lamium galeobdolon,7298085,NA,NA,NA,NA,220,NA
3242,Lamium galeobdolon argentatum,NA,NA,NA,NA,NA,NA,152545739
3243,Lamium garganicum,3110293,SUBSPECIES,ACCEPTED,Plantae,NA,220,NA
3244,Lamium garganicum,7308043,SUBSPECIES,ACCEPTED,Plantae,NA,220,NA
3245,Lamium garganicum,9391215,SUBSPECIES,ACCEPTED,Plantae,NA,11592253,NA
3246,Lamium garganicum,2717402,SUBSPECIES,ACCEPTED,Plantae,NA,196,NA
3247,Lamium garganicum,8369366,SUBSPECIES,ACCEPTED,Plantae,NA,196,NA
3248,Lamium garganicum,3898065,SUBSPECIES,ACCEPTED,Plantae,NA,220,NA
3249,Lamium garganicum,10966302,SUBSPECIES,ACCEPTED,Plantae,NA,196,NA
3250,Lamium garganicum,4036350,SUBSPECIES,ACCEPTED,Plantae,NA,220,NA
3251,Lamium garganicum,5831060,SUBSPECIES,ACCEPTED,Plantae,NA,220,NA
3252,Lamium garganicum,3040999,SUBSPECIES,ACCEPTED,Plantae,NA,220,NA
3253,Lamium garganicum,6156934,SUBSPECIES,ACCEPTED,Plantae,NA,11418114,NA
3254,Lamium garganicum,10948891,SUBSPECIES,ACCEPTED,Plantae,NA,220,NA
3255,Lamium garganicum,8918909,NA,NA,NA,NA,196,NA
3256,Lamium garganicum garganicum,NA,NA,NA,NA,NA,NA,152545740
3257,Lamium orvala,3892732,SPECIES,ACCEPTED,Plantae,3892732: Lamium orvala L.,220,152545741
3258,Lamprocapnos spectabilis,2888564,SPECIES,ACCEPTED,Plantae,7606812: Dicentra spectabilis (L.) Lem. | 2888564: Lamprocapnos spectabilis (L.) Fukuhara,220,182134802
3259,Lampropeltis,NA,NA,NA,NA,NA,NA,182133994
3260,Lampropeltis NA,7225712,NA,NA,NA,NA,220,NA
3261,Lampropeltis NA,7358677,NA,NA,NA,NA,220,NA
3262,Lampropeltis NA,7757431,NA,NA,NA,NA,220,NA
3263,Lampropeltis NA,4194303,NA,NA,NA,NA,220,NA
3264,Lampropeltis NA,7421129,NA,NA,NA,NA,196,NA
3265,Lampropeltis NA,7266343,NA,NA,NA,NA,220,NA
3266,Lampropeltis NA,8369366,NA,NA,NA,NA,196,NA
3267,Lampropeltis NA,7267492,NA,NA,NA,NA,220,NA
3268,Lampropeltis NA,2653392,NA,NA,NA,NA,282,NA
3269,Lampropeltis NA,4123394,NA,NA,NA,NA,196,NA
3270,Lampropeltis NA,5928306,NA,NA,NA,NA,220,NA
3271,Lampropeltis NA,4123970,NA,NA,NA,NA,196,NA
3272,Lampropeltis californiae,5224481,SUBSPECIES,SYNONYM,Animalia,NA,11592253,NA
3273,Lampropeltis getula,4123394,NA,NA,NA,NA,196,213212464
3274,Lampropeltis getula,4113111,NA,NA,NA,NA,196,213212464
3275,Lampropeltis getula,5545159,NA,NA,NA,NA,220,213212464
3276,Lampropeltis getula,8134874,NA,NA,NA,NA,196,213212464
3277,Lampropeltis getula,6157035,NA,NA,NA,NA,11418114,213212464
3278,Lampropeltis getula,6157026,NA,NA,NA,NA,11418114,213212464
3279,Lampropeltis getula,2444221,NA,NA,NA,NA,11592253,213212464
3280,Lampropeltis getula,10966302,NA,NA,NA,NA,196,213212464
3281,Lampropeltis getula,4036957,NA,NA,NA,NA,220,213212464
3282,Lampropeltis getula,8421432,NA,NA,NA,NA,220,213212464
3283,Lampropeltis getula californiae,NA,NA,NA,NA,NA,NA,213212468
3284,Lampropeltis triangulum,5224503,SPECIES,ACCEPTED,Animalia,"5224503: Lampropeltis triangulum (Lacépède, 1789)",11592253,182133747
3285,Lampropeltis triangulum,2708808,SPECIES,ACCEPTED,Animalia,NA,196,182133747
3286,Lampropeltis triangulum,3935202,SPECIES,ACCEPTED,Animalia,NA,220,182133747
3287,Lampropeltis triangulum,4271356,SPECIES,ACCEPTED,Animalia,NA,220,182133747
3288,Lampropeltis triangulum,4219118,SPECIES,ACCEPTED,Animalia,NA,220,182133747
3289,Lampropeltis triangulum,6313051,SPECIES,ACCEPTED,Animalia,NA,196,182133747
3290,Lampropeltis triangulum,4048052,SPECIES,ACCEPTED,Animalia,NA,220,182133747
3291,Lampropeltis triangulum,7190901,SPECIES,ACCEPTED,Animalia,NA,11418114,182133747
3292,Lampropeltis triangulum,5359402,SPECIES,ACCEPTED,Animalia,NA,220,182133747
3293,Lampropeltis triangulum,8925248,SPECIES,ACCEPTED,Animalia,NA,220,182133747
3294,Lampropeltis triangulum,5587240,SPECIES,ACCEPTED,Animalia,NA,220,182133747
3295,Lampropeltis triangulum,7350944,NA,NA,NA,NA,220,182133747
3296,Lampropeltis triangulum hondurensis,NA,NA,NA,NA,NA,NA,213212466
3297,Lamprotornis chalybaeus,2489071,SPECIES,ACCEPTED,Animalia,"2489071: Lamprotornis chalybaeus Hemprich & Ehrenberg, 1828",212,159747257
3298,Lamprotornis nitens,6432925,NA,NA,NA,NA,220,159747259
3299,Lamprotornis purpureus,2489080,SPECIES,ACCEPTED,Animalia,"2489080: Lamprotornis purpureus (Statius Muller, 1776)",212,159747255
3300,Lamprotornis splendidus,2489089,SPECIES,ACCEPTED,Animalia,"2489089: Lamprotornis splendidus (Vieillot, 1822)",212,159747256
3301,Lamprotornis superbus,2489075,SPECIES,ACCEPTED,Animalia,"2489075: Lamprotornis superbus Rüppell, 1845",212,159747253
3302,Lantana camara,2925303,SPECIES,ACCEPTED,Plantae,NA,220,213215523
3303,Laonome calida,8925248,NA,NA,NA,NA,220,152543712
3304,Laonome xeprovala,10578411,SPECIES,ACCEPTED,Animalia,NA,256,182133971
3305,Laportea aestuans,2984466,SPECIES,ACCEPTED,Plantae,2984466: Laportea aestuans (L.) Chew,220,152544775
3306,Lappula marginata,9662775,NA,NA,NA,NA,7228684,152545539
3307,Lappula squarrosa,2925756,SPECIES,ACCEPTED,Plantae,2925756: Lappula squarrosa (Retz.) Dumort. | 8266202: Lappula echinata Gilib. ex Fritsch,220,152545538
3308,Larix decidua,2686212,SPECIES,ACCEPTED,Plantae,2686212: Larix decidua Mill.,194,152546522
3309,Larix kaempferi,2686157,SPECIES,ACCEPTED,Plantae,2686157: Larix kaempferi (Lamb.) Carrière,194,152546521
3310,Larix marschlinsii,4938682,SPECIES,ACCEPTED,Plantae,NA,194,182132997
3311,Larix ×marschlinsii,4938682,SPECIES,ACCEPTED,Plantae,4938682: Larix ×marschlinsii Coaz,194,NA
3312,Larosterna inca,2481125,SPECIES,ACCEPTED,Animalia,NA,212,213212966
3313,Lasius neglectus,7358948,SPECIES,ACCEPTED,Animalia,"7358948: Lasius neglectus Van Loon, Boomsma & Andrasfalvy, 1990",216,152544490
3314,Lathyrus angulatus,8134874,NA,NA,NA,NA,196,152545028
3315,Lathyrus annuus,5356361,SPECIES,ACCEPTED,Plantae,5356361: Lathyrus annuus L.,220,152545031
3316,Lathyrus cicera,5356481,SPECIES,ACCEPTED,Plantae,NA,220,152545136
3317,Lathyrus clymenum,5356407,SPECIES,ACCEPTED,Plantae,NA,220,152545029
3318,Lathyrus heterophyllus,5356541,SPECIES,ACCEPTED,Plantae,5356541: Lathyrus heterophyllus L.,220,152545038
3319,Lathyrus inconspicuus,5356614,SPECIES,ACCEPTED,Plantae,NA,220,152545033
3320,Lathyrus latifolius,5356517,SPECIES,ACCEPTED,Plantae,5356517: Lathyrus latifolius L.,220,152545039
3321,Lathyrus niger,5356662,SPECIES,ACCEPTED,Plantae,5356662: Lathyrus niger (L.) Bernh.,220,152545032
3322,Lathyrus ochrus,5356441,SPECIES,ACCEPTED,Plantae,NA,220,152545030
3323,Lathyrus odoratus,5356514,SPECIES,ACCEPTED,Plantae,5356514: Lathyrus odoratus L.,220,152545036
3324,Lathyrus oleraceus,5347846,SPECIES,ACCEPTED,Plantae,NA,220,213213804
3325,Lathyrus oleraceus,5347854,VARIETY,SYNONYM,Plantae,NA,220,213213804
3326,Lathyrus sativus,5356488,SPECIES,ACCEPTED,Plantae,5356488: Lathyrus sativus L.,220,152545037
3327,Lathyrus sphaericus,5356680,SPECIES,ACCEPTED,Plantae,NA,220,152545035
3328,Lathyrus vernus,5356704,SPECIES,ACCEPTED,Plantae,5356704: Lathyrus vernus (L.) Bernh.,220,152545034
3329,Latrodectus geometricus,1008612,NA,NA,NA,NA,252,152544168
3330,Latrodectus hasselti,2295309,NA,NA,NA,NA,225,152544167
3331,Latrodectus hesperus,3725805,NA,NA,NA,NA,220,152544170
3332,Latrodectus mactans,5704991,NA,NA,NA,NA,220,152544165
3333,Lauritrioza alacris,7763534,SPECIES,ACCEPTED,Animalia,NA,216,213214190
3334,Laurus nobilis,3034015,SPECIES,ACCEPTED,Plantae,3034015: Laurus nobilis L.,220,152544657
3335,Lavandula angustifolia,2927305,SPECIES,ACCEPTED,Plantae,2927305: Lavandula angustifolia Mill.,220,152545762
3336,Lavandula dentata,7307829,SPECIES,ACCEPTED,Plantae,7307829: Lavandula dentata L.,220,152545760
3337,Lavandula stoechas,2927303,SPECIES,ACCEPTED,Plantae,2927303: Lavandula stoechas L.,220,152545761
3338,Leiobunum,NA,NA,NA,NA,NA,NA,213214796
3339,Leiobunum NA,4553469,GENUS,ACCEPTED,Animalia,NA,367,NA
3340,Leiobunum NA,4553469,GENUS,ACCEPTED,Animalia,NA,367,NA
3341,Leiobunum blackwalli,4553482,SPECIES,ACCEPTED,Animalia,"4553482: Leiobunum blackwalli Meade, 1861",367,NA
3342,Leiobunum rotundum,4553472,SPECIES,ACCEPTED,Animalia,"4553472: Leiobunum rotundum (Latreille, 1798)",367,NA
3343,Leiothrix lutea,5231398,SPECIES,ACCEPTED,Animalia,"5231398: Leiothrix lutea (Scopoli, 1786)",212,159747321
3344,Lemna minuta,2867614,SPECIES,ACCEPTED,Plantae,2867614: Lemna minuta Kunth,196,152546586
3345,Lemna turionifera,2867631,SPECIES,ACCEPTED,Plantae,2867631: Lemna turionifera Landolt,196,152546585
3346,Lentinula edodes,2537743,SPECIES,ACCEPTED,Fungi,2537743: Lentinula edodes (Berk.) Pegler,186,152543142
3347,Leonurus japonicus,6410563,SPECIES,ACCEPTED,Plantae,NA,220,152545693
3348,Leonurus quinquelobatus,7307492,SPECIES,ACCEPTED,Plantae,6449515: Leonurus cardiaca subsp. villosus (Desf. ex d'Urv.) Hyl.,220,152545694
3349,Lepidium africanum,5376530,SPECIES,ACCEPTED,Plantae,NA,220,152545362
3350,Lepidium bonariense,5376925,SPECIES,ACCEPTED,Plantae,5376925: Lepidium bonariense L.,220,152545356
3351,Lepidium densiflorum,5377064,SPECIES,ACCEPTED,Plantae,"5377064: Lepidium densiflorum Schrad. | 7529254: Lepidium densiflorum subsp. neglectum (Thell.) P.Fourn., 1936 | 5377072: Lepidium neglectum Thell.",220,152545358
3352,Lepidium desertorum,4149167,NA,NA,NA,NA,196,152545363
3353,Lepidium didymum,5377060,SPECIES,ACCEPTED,Plantae,5377060: Lepidium didymum L. | 5377061: Coronopus didymus (L.) Sm.,220,152545359
3354,Lepidium draba,5376961,SPECIES,ACCEPTED,Plantae,NA,220,213214489
3355,Lepidium draba,8338571,SPECIES,ACCEPTED,Plantae,NA,196,213214489
3356,Lepidium draba,6362724,SPECIES,ACCEPTED,Plantae,NA,220,213214489
3357,Lepidium draba,7358677,SPECIES,ACCEPTED,Plantae,NA,220,213214489
3358,Lepidium draba,8358048,SPECIES,ACCEPTED,Plantae,NA,220,213214489
3359,Lepidium draba,5544928,SPECIES,ACCEPTED,Plantae,NA,220,213214489
3360,Lepidium draba,6369140,SPECIES,ACCEPTED,Plantae,NA,220,213214489
3361,Lepidium draba,7757431,SPECIES,ACCEPTED,Plantae,NA,220,213214489
3362,Lepidium draba,7272439,SPECIES,ACCEPTED,Plantae,NA,220,213214489
3363,Lepidium draba,6156934,SPECIES,ACCEPTED,Plantae,NA,11418114,213214489
3364,Lepidium draba,8336551,SPECIES,ACCEPTED,Plantae,NA,220,213214489
3365,Lepidium draba,6300531,NA,NA,NA,NA,220,213214489
3366,Lepidium draba chalepense,NA,NA,NA,NA,NA,NA,213214486
3367,Lepidium fasciculatum,5376785,SPECIES,ACCEPTED,Plantae,NA,220,152545366
3368,Lepidium graminifolium,5376994,SPECIES,ACCEPTED,Plantae,5376994: Lepidium graminifolium L.,220,152545354
3369,Lepidium heterophyllum,5376846,SPECIES,ACCEPTED,Plantae,5376846: Lepidium heterophyllum Benth.,220,152545364
3370,Lepidium hirtum,2351413,NA,NA,NA,NA,NA,152545357
3371,Lepidium latifolium,5376692,SPECIES,ACCEPTED,Plantae,5376692: Lepidium latifolium L.,220,152545367
3372,Lepidium perfoliatum,5376816,SPECIES,ACCEPTED,Plantae,5376816: Lepidium perfoliatum L.,220,152545365
3373,Lepidium sativum,5376565,SPECIES,ACCEPTED,Plantae,5376565: Lepidium sativum L.,220,152545361
3374,Lepidium schinzii,3093891,NA,NA,NA,NA,220,152545353
3375,Lepidium virginicum,5376648,SPECIES,ACCEPTED,Plantae,5376648: Lepidium virginicum L.,220,152545360
3376,Lepidotarphius perornatella,1829659,SPECIES,ACCEPTED,Animalia,NA,216,213213949
3377,Lepinotus patruelis,1031684,SPECIES,ACCEPTED,Animalia,"1031684: Lepinotus patruelis Pearman, 1931",216,152544612
3378,Lepinotus reticulatus,2928624,NA,NA,NA,NA,220,152544613
3379,Lepiota elaiophylla,3340858,SPECIES,ACCEPTED,Fungi,NA,186,213212313
3380,Lepisma saccharinum,1421091,SPECIES,ACCEPTED,Animalia,"1421091: Lepisma saccharinum Linnaeus, 1758",216,182134345
3381,Lepomis gibbosus,2394486,SPECIES,ACCEPTED,Animalia,"2394486: Lepomis gibbosus (Linnaeus, 1758)",NA,152543450
3382,Leptinella dispersa,3097496,SPECIES,ACCEPTED,Plantae,NA,220,213215210
3383,Leptinella squalida,3097504,SPECIES,ACCEPTED,Plantae,NA,220,213215211
3384,Leptinotarsa decemlineata,1047536,SPECIES,ACCEPTED,Animalia,"1047536: Leptinotarsa decemlineata (Say, 1824)",216,182134477
3385,Leptochloa decipiens,1002621,NA,NA,NA,NA,307,213212831
3386,Leptochloa decipiens,8006893,NA,NA,NA,NA,220,213212831
3387,Leptochloa decipiens,12205713,NA,NA,NA,NA,196,213212831
3388,Leptochloa decipiens,4036350,NA,NA,NA,NA,220,213212831
3389,Leptochloa decipiens,7266343,NA,NA,NA,NA,220,213212831
3390,Leptochloa decipiens,4270675,NA,NA,NA,NA,196,213212831
3391,Leptochloa decipiens,5587240,NA,NA,NA,NA,220,213212831
3392,Leptochloa decipiens,4123394,NA,NA,NA,NA,196,213212831
3393,Leptochloa decipiens,7267492,NA,NA,NA,NA,220,213212831
3394,Leptochloa decipiens,3065244,NA,NA,NA,NA,220,213212831
3395,Leptochloa decipiens,3898065,NA,NA,NA,NA,220,213212831
3396,Leptochloa decipiens,10966302,NA,NA,NA,NA,196,213212831
3397,Leptochloa decipiens,4035024,NA,NA,NA,NA,220,213212831
3398,Leptochloa decipiens peacockii,NA,NA,NA,NA,NA,NA,213212833
3399,Leptochloa panicea,8720751,NA,NA,NA,NA,220,NA
3400,Leptochloa panicea,8389446,NA,NA,NA,NA,196,NA
3401,Leptochloa panicea,7266343,NA,NA,NA,NA,220,NA
3402,Leptochloa panicea,7226776,NA,NA,NA,NA,196,NA
3403,Leptochloa panicea,6432925,NA,NA,NA,NA,220,NA
3404,Leptochloa panicea,9462721,NA,NA,NA,NA,212,NA
3405,Leptochloa panicea,8134874,NA,NA,NA,NA,196,NA
3406,Leptochloa panicea,2202786,NA,NA,NA,NA,229,NA
3407,Leptochloa panicea,6157050,NA,NA,NA,NA,11418114,NA
3408,Leptochloa panicea,2914404,NA,NA,NA,NA,220,NA
3409,Leptochloa panicea,7226776,NA,NA,NA,NA,196,NA
3410,Leptochloa panicea brachiata,NA,NA,NA,NA,NA,NA,213212834
3411,Leptodeira ashmeadii,2502805,NA,NA,NA,NA,NA,213212490
3412,Leptoglossus occidentalis,5156102,SPECIES,ACCEPTED,Animalia,"5156102: Leptoglossus occidentalis Heidemann, 1910",216,182134253
3413,Leptoptilos crumenifer,4136060,NA,NA,NA,NA,196,182133220
3414,Lepyrodiclis holosteoides,3085346,SPECIES,ACCEPTED,Plantae,3085346: Lepyrodiclis holosteoides (C.A.Mey.) Fenzl ex Fisch. & C.A.Mey.,220,152546069
3415,Leucanthemella serotina,3088405,SPECIES,ACCEPTED,Plantae,3088405: Leucanthemella serotina (L.) Tzvelev,220,152544415
3416,Leucanthemum superbum,5401007,SPECIES,ACCEPTED,Plantae,NA,220,152543830
3417,Leucanthemum ×superbum,5401007,SPECIES,ACCEPTED,Plantae,5401007: Leucanthemum ×superbum (Bergmans ex J.W.Ingram) D.H.Kent,220,NA
3418,Leucaspius delineatus,2362881,SPECIES,ACCEPTED,Animalia,"2362881: Leucaspius delineatus (Heckel, 1843)",NA,152543543
3419,Leuciscus aspius,5851603,SPECIES,ACCEPTED,Animalia,"2360181: Aspius aspius (Linnaeus, 1758) | 5851603: Leuciscus aspius (Linnaeus, 1758)",NA,154367468
3420,Leuciscus idus,4409643,SPECIES,ACCEPTED,Animalia,"4409643: Leuciscus idus (Linnaeus, 1758)",NA,152543524
3421,Leucothoe fontanesiana,5333354,SPECIES,ACCEPTED,Plantae,5333354: Leucothoe fontanesiana (Steud.) Sleumer,220,152545856
3422,Leucothrips nigripennis,5224481,NA,NA,NA,NA,11592253,152544438
3423,Leuzea repens,10676000,SPECIES,ACCEPTED,Plantae,NA,220,213215208
3424,Levisticum officinale,5371772,SPECIES,ACCEPTED,Plantae,5371772: Levisticum officinale Koch,220,152544539
3425,Leycesteria formosa,2888579,SPECIES,ACCEPTED,Plantae,2888579: Leycesteria formosa Wall.,220,152546318
3426,Leysera tenella,2925754,NA,NA,NA,NA,220,152544368
3427,Liatris spicata,3104314,SPECIES,ACCEPTED,Plantae,3104314: Liatris spicata (L.) Willd.,220,152544258
3428,Ligularia dentata,5395475,SPECIES,ACCEPTED,Plantae,5395475: Ligularia dentata (A.Gray) Hara,220,152543809
3429,Ligularia przewalskii,5395559,SPECIES,ACCEPTED,Plantae,5395559: Ligularia przewalskii (Maxim.) Diels,220,164251911
3430,Liguropia juniperi,2037991,SPECIES,ACCEPTED,Animalia,NA,216,213214069
3431,Ligustrum ovalifolium,3172291,SPECIES,ACCEPTED,Plantae,3172291: Ligustrum ovalifolium Hassk.,220,152545587
3432,Ligustrum sinense,3172294,SPECIES,ACCEPTED,Plantae,3172294: Ligustrum sinense Lour.,220,152545586
3433,Ligustrum vicaryi,3685073,SPECIES,ACCEPTED,Plantae,NA,220,152545585
3434,Lilium hollandicum,5376874,NA,NA,NA,NA,220,152546616
3435,Lilium martagon,2753146,SPECIES,ACCEPTED,Plantae,2753146: Lilium martagon L.,196,152546617
3436,Limacus flavus,2295442,SPECIES,ACCEPTED,Animalia,NA,225,213213459
3437,Limnanthes douglasii,5334527,SPECIES,ACCEPTED,Plantae,5334527: Limnanthes douglasii R.Br.,220,152545313
3438,Limnobium laevigatum,5329643,SPECIES,ACCEPTED,Plantae,5329643: Limnobium laevigatum (Humb. & Bonpl. ex Willd.) Heine,196,NA
3439,Limnodrilus cervix,4132112,NA,NA,NA,NA,196,152543699
3440,Limnodrilus maumeensis,11205618,NA,NA,NA,NA,11592253,182133944
3441,Limnomysis benedeni,2220347,SPECIES,ACCEPTED,Animalia,"2220347: Limnomysis benedeni Czerniavsky, 1882",229,152543842
3442,Limonium platyphyllum,4088624,SPECIES,ACCEPTED,Plantae,NA,220,213214922
3443,Limonium sinuatum,3082297,SPECIES,ACCEPTED,Plantae,3082297: Limonium sinuatum (L.) Mill.,220,152545893
3444,Linaria angustissima,4072124,SPECIES,ACCEPTED,Plantae,NA,196,152545655
3445,Linaria bipartita,5415006,SPECIES,ACCEPTED,Plantae,NA,220,213215544
3446,Linaria chalepensis,7963687,SPECIES,ACCEPTED,Plantae,7963687: Linaria chalepensis (L.) Mill.,220,152545649
3447,Linaria genistifolia,5415013,SPECIES,ACCEPTED,Plantae,5415013: Linaria genistifolia (L.) Mill.,220,152545654
3448,Linaria hirta,7683374,SPECIES,ACCEPTED,Plantae,7683374: Linaria hirta (L.) Moench,220,152545647
3449,Linaria incarnata,5415018,SPECIES,ACCEPTED,Plantae,NA,220,152545652
3450,Linaria maroccana,5415016,SPECIES,ACCEPTED,Plantae,5415016: Linaria maroccana Hook.fil.,220,152545656
3451,Linaria purpurea,5415012,SPECIES,ACCEPTED,Plantae,5415012: Linaria purpurea (L.) Mill.,220,152545653
3452,Linaria simplex,8287616,SPECIES,ACCEPTED,Plantae,8133383: Linaria simplex Desf.,220,152545650
3453,Linaria supina,5415009,SPECIES,ACCEPTED,Plantae,5415009: Linaria supina (L.) Chaz.,220,159748985
3454,Linaria triornithophora,7848321,SPECIES,ACCEPTED,Plantae,7538068: Linaria triornithophora (L.) Cav.,220,152545648
3455,Lindernia dubia,3171888,SPECIES,ACCEPTED,Plantae,3171888: Lindernia dubia (L.) Pennell,220,152545630
3456,Lindernia procumbens,8602699,SPECIES,ACCEPTED,Plantae,NA,220,213215510
3457,Linepithema humile,1316908,SPECIES,ACCEPTED,Animalia,"1316908: Linepithema humile (Mayr, 1868)",216,152544523
3458,Linum austriacum,7293222,SUBSPECIES,ACCEPTED,Plantae,7293222: Linum austriacum subsp. austriacum,220,213214736
3459,Linum austriacum,5185859,SPECIES,ACCEPTED,Plantae,NA,205,213214736
3460,Linum austriacum,8991514,SPECIES,ACCEPTED,Plantae,NA,212,213214736
3461,Linum austriacum,7298085,SPECIES,ACCEPTED,Plantae,NA,220,213214736
3462,Linum austriacum,8429888,SPECIES,ACCEPTED,Plantae,NA,196,213214736
3463,Linum austriacum,6449041,SPECIES,ACCEPTED,Plantae,NA,196,213214736
3464,Linum austriacum,4131042,SPECIES,ACCEPTED,Plantae,NA,196,213214736
3465,Linum austriacum,2176168,SPECIES,ACCEPTED,Plantae,NA,367,213214736
3466,Linum austriacum,2769073,SPECIES,ACCEPTED,Plantae,NA,196,213214736
3467,Linum austriacum,5825913,SPECIES,ACCEPTED,Plantae,NA,194,213214736
3468,Linum austriacum,6164210,SPECIES,ACCEPTED,Plantae,NA,359,213214736
3469,Linum austriacum,3042889,NA,NA,NA,NA,220,213214736
3470,Linum austriacum austriacum,NA,NA,NA,NA,NA,NA,152546478
3471,Linum grandiflorum,2873926,SPECIES,ACCEPTED,Plantae,2873926: Linum grandiflorum Desf.,220,152546479
3472,Linum usitatissimum,2873861,SPECIES,ACCEPTED,Plantae,2873861: Linum usitatissimum L.,220,152546480
3473,Liposcelis bostrychophila,9405645,NA,NA,NA,NA,220,152544628
3474,Liposcelis brunnea,5605751,NA,NA,NA,NA,220,152544627
3475,Liposcelis paeta,3045193,NA,NA,NA,NA,220,152544630
3476,Liquidambar styraciflua,3152824,SPECIES,ACCEPTED,Plantae,3152824: Liquidambar styraciflua L.,220,152544670
3477,Liriodendron tulipifera,3152861,SPECIES,ACCEPTED,Plantae,3152861: Liriodendron tulipifera L.,220,152543521
3478,Liriope muscari,5549949,SPECIES,ACCEPTED,Plantae,5549949: Liriope muscari (Decne.) L.H.Bailey,196,182133214
3479,Lissachatina fulica,8790531,SPECIES,ACCEPTED,Animalia,NA,225,213213476
3480,Lithobates catesbeianus,2427091,SPECIES,ACCEPTED,Animalia,"2427091: Lithobates catesbeianus (Shaw, 1802)",131,152543388
3481,Lithoglyphus naticoides,5777912,SPECIES,ACCEPTED,Animalia,"5777912: Lithoglyphus naticoides (C.Pfeiffer, 1828)",225,152543572
3482,Lithotoma axillaris,9254355,SPECIES,ACCEPTED,Plantae,NA,220,213215021
3483,Lobelia erinus,5408087,SPECIES,ACCEPTED,Plantae,5408087: Lobelia erinus L.,220,152543592
3484,Lobelia pedunculata,5408682,SPECIES,ACCEPTED,Plantae,3160435: Pratia pedunculata (R.Br.) Benth. | 5408682: Lobelia pedunculata R.Br.,220,152543589
3485,Lobelia sessilifolia,2284443,NA,NA,NA,NA,11133537,152543587
3486,Lobelia siphilitica,5409120,SPECIES,ACCEPTED,Plantae,5409120: Lobelia siphilitica L.,220,152543586
3487,Lobularia maritima,5373358,SPECIES,ACCEPTED,Plantae,5373358: Lobularia maritima (L.) Desv. | 5373359: Lobularia maritima subsp. maritima,220,152545339
3488,Lolium boucheanum,4133390,SPECIES,ACCEPTED,Plantae,4133390: Lolium boucheanum Kunth,196,152547118
3489,Lolium elongatum,10800064,SPECIES,ACCEPTED,Plantae,NA,196,213213074
3490,Lolium multiflorum,4129708,SPECIES,ACCEPTED,Plantae,4129708: Lolium multiflorum Lam.,196,152547117
3491,Lolium persicum,2706225,SPECIES,ACCEPTED,Plantae,2706225: Lolium persicum Boiss. & Hohen.,196,152547120
3492,Lolium rigidum,2706218,SPECIES,ACCEPTED,Plantae,2706218: Lolium rigidum Gaudin | 9231612: Lolium subulatum Vis.,196,152547119
3493,Lolium subulatum,9231612,SPECIES,ACCEPTED,Plantae,NA,196,213213072
3494,Lomelosia caucasica,4103351,SPECIES,ACCEPTED,Plantae,NA,220,213215405
3495,Lomelosia stellata,4102909,SPECIES,ACCEPTED,Plantae,4102909: Lomelosia stellata (L.) Raf.,220,152546294
3496,Lonchura oryzivora,4845776,SPECIES,ACCEPTED,Animalia,"2493591: Padda oryzivora (Linnaeus, 1758)",212,159747317
3497,Lonchura punctulata,2493598,SPECIES,ACCEPTED,Animalia,"2493598: Lonchura punctulata (Linnaeus, 1758)",212,159747318
3498,Lonchura striata,2493618,SPECIES,ACCEPTED,Animalia,NA,212,213212766
3499,Lonicera acuminata,5598598,SPECIES,ACCEPTED,Plantae,5598598: Lonicera acuminata Wall.,220,152546282
3500,Lonicera americana,2394563,NA,NA,NA,NA,NA,213215397
3501,Lonicera caprifolium,5334227,SPECIES,ACCEPTED,Plantae,5334227: Lonicera caprifolium L.,220,152546286
3502,Lonicera chrysantha,8242349,SPECIES,ACCEPTED,Plantae,5334246: Lonicera chrysantha Turcz. ex Ledeb.,220,152546280
3503,Lonicera etrusca,5334247,SPECIES,ACCEPTED,Plantae,NA,220,213215399
3504,Lonicera involucrata,5334253,SPECIES,ACCEPTED,Plantae,5599006: Lonicera involucrata var. ledebourii (Eschsch.) Jeps. | 5334253: Lonicera involucrata (Richards.) Banks ex Spreng.,220,152546284
3505,Lonicera japonica,5334240,SPECIES,ACCEPTED,Plantae,7697298: Lonicera japonica Thunb. ex Murray | 5334240: Lonicera japonica Thunb.,220,152546288
3506,Lonicera maackii,7902463,SPECIES,ACCEPTED,Plantae,7902463: Lonicera maackii (Rupr.) Maxim.,220,152546278
3507,Lonicera morrowii,5334275,SPECIES,ACCEPTED,Plantae,5334275: Lonicera morrowii Gray,220,152546285
3508,Lonicera nitida,5674047,NA,NA,NA,NA,196,213215398
3509,Lonicera pileata,5598915,SPECIES,ACCEPTED,Plantae,5599249: Lonicera nitida E.H.Wilson | 5598915: Lonicera pileata Oliv. | 7691172: Lonicera ligustrina var. yunnanensis Franch. | 8125558: Lonicera ligustrina var. pileata (Oliv.) Franch. | 10932036: Lonicera ligustrina subsp. pileata (Oliv.) Franch.,220,152546283
3510,Lonicera purpusii,5598839,SPECIES,ACCEPTED,Plantae,NA,220,152546281
3511,Lonicera sempervirens,5334239,SPECIES,ACCEPTED,Plantae,5334239: Lonicera sempervirens L.,220,152546287
3512,Lonicera tatarica,5334242,SPECIES,ACCEPTED,Plantae,5334242: Lonicera tatarica L.,220,152546289
3513,Lonicera ×italica,8325800,SPECIES,ACCEPTED,Plantae,8325800: Lonicera ×italica Tausch,220,NA
3514,Lonicera ×purpusii,5598839,SPECIES,ACCEPTED,Plantae,5598839: Lonicera ×purpusii Rehder,220,NA
3515,Lopezia racemosa,7161168,SPECIES,ACCEPTED,Plantae,3664517: Lopezia coronata Andr.,220,152543413
3516,Lophocolea semiteres,6096602,SPECIES,ACCEPTED,Plantae,6096602: Lophocolea semiteres (Lehm.) Mitt.,126,152543236
3517,Lophodytes cucullatus,2498408,SPECIES,ACCEPTED,Animalia,"2498408: Lophodytes cucullatus (Linnaeus, 1758)",212,159747094
3518,Lophophorus impejanus,5227747,SPECIES,ACCEPTED,Animalia,NA,212,213212639
3519,Lophura leucomelanos,5227993,SPECIES,ACCEPTED,Animalia,"5227993: Lophura leucomelanos (Latham, 1790)",212,159747534
3520,Lophura nycthemera,5227966,SPECIES,ACCEPTED,Animalia,"5227966: Lophura nycthemera (Linnaeus, 1758)",212,159747533
3521,Lotus angustissimus,5356931,SPECIES,ACCEPTED,Plantae,5356931: Lotus angustissimus L.,220,152545048
3522,Lotus conimbricensis,2497798,NA,NA,NA,NA,212,152545049
3523,Lotus corniculatus,2161911,VARIETY,SYNONYM,Plantae,NA,367,NA
3524,Lotus corniculatus,7753114,VARIETY,SYNONYM,Plantae,NA,220,NA
3525,Lotus corniculatus,4048052,VARIETY,SYNONYM,Plantae,NA,220,NA
3526,Lotus corniculatus,4270675,VARIETY,SYNONYM,Plantae,NA,196,NA
3527,Lotus corniculatus,6432925,VARIETY,SYNONYM,Plantae,NA,220,NA
3528,Lotus corniculatus,6157035,VARIETY,SYNONYM,Plantae,NA,11418114,NA
3529,Lotus corniculatus,4248063,VARIETY,SYNONYM,Plantae,NA,220,NA
3530,Lotus corniculatus,7302355,VARIETY,SYNONYM,Plantae,NA,220,NA
3531,Lotus corniculatus,7324507,VARIETY,SYNONYM,Plantae,NA,220,NA
3532,Lotus corniculatus,7225471,VARIETY,SYNONYM,Plantae,NA,220,NA
3533,Lotus corniculatus,7222255,VARIETY,SYNONYM,Plantae,NA,220,NA
3534,Lotus corniculatus,2974921,VARIETY,SYNONYM,Plantae,NA,220,NA
3535,Lotus corniculatus,4270548,NA,NA,NA,NA,196,NA
3536,Lotus corniculatus sativus,NA,NA,NA,NA,NA,NA,213213837
3537,Lotus dorycnium,7294644,NA,NA,NA,NA,220,182134198
3538,Lotus hirsutus,2926041,NA,NA,NA,NA,220,182134200
3539,Lotus hispidus,5356955,SPECIES,ACCEPTED,Plantae,5356955: Lotus hispidus Desf. ex DC.,220,NA
3540,Lotus maritimus,5356973,SPECIES,ACCEPTED,Plantae,2963137: Tetragonolobus maritimus (L.) Roth | 5356973: Lotus maritimus L.,220,152545046
3541,Lotus parviflorus,5356892,SPECIES,ACCEPTED,Plantae,NA,220,213213836
3542,Lotus tetragonolobus,5356862,SPECIES,ACCEPTED,Plantae,5356862: Lotus tetragonolobus L.,220,152545047
3543,Lovenella assimilis,3666059,NA,NA,NA,NA,220,182133085
3544,Ludwigia grandiflora,5421039,SPECIES,ACCEPTED,Plantae,5421039: Ludwigia grandiflora (Michx.) Greuter & Burdet,220,152543429
3545,Ludwigia hexapetala,5421040,SPECIES,ACCEPTED,Plantae,NA,220,213213429
3546,Ludwigia peploides,5420991,SPECIES,ACCEPTED,Plantae,5420991: Ludwigia peploides (Kunth) P.H.Raven,220,152543431
3547,Ludwigia peploides,4206362,SPECIES,ACCEPTED,Plantae,NA,220,152543431
3548,Ludwigia peploides,5224543,SPECIES,ACCEPTED,Plantae,NA,11592253,152543431
3549,Ludwigia peploides,4271356,SPECIES,ACCEPTED,Plantae,NA,220,152543431
3550,Ludwigia peploides,4115425,SPECIES,ACCEPTED,Plantae,NA,196,152543431
3551,Ludwigia peploides,6085036,SPECIES,ACCEPTED,Plantae,NA,196,152543431
3552,Ludwigia peploides,4132112,SPECIES,ACCEPTED,Plantae,NA,196,152543431
3553,Ludwigia peploides,7323251,SPECIES,ACCEPTED,Plantae,NA,220,152543431
3554,Ludwigia peploides,2284443,SPECIES,ACCEPTED,Plantae,NA,11133537,152543431
3555,Ludwigia peploides,5352372,SPECIES,ACCEPTED,Plantae,NA,220,152543431
3556,Ludwigia peploides,3611735,SPECIES,ACCEPTED,Plantae,NA,220,152543431
3557,Ludwigia peploides,7068732,SPECIES,ACCEPTED,Plantae,NA,220,152543431
3558,Ludwigia peploides,7308335,NA,NA,NA,NA,220,152543431
3559,Ludwigia peploides montevidensis,NA,NA,NA,NA,NA,NA,152543427
3560,Lunaria annua,5373324,SPECIES,ACCEPTED,Plantae,5373324: Lunaria annua L.,220,152545327
3561,Lupinus albus,2964167,SPECIES,ACCEPTED,Plantae,2964167: Lupinus albus L.,220,152545203
3562,Lupinus angustifolius,2964025,SPECIES,ACCEPTED,Plantae,2964025: Lupinus angustifolius L.,220,152545201
3563,Lupinus luteus,2963817,SPECIES,ACCEPTED,Plantae,2963817: Lupinus luteus L.,220,152545202
3564,Lupinus polyphyllus,2964355,SPECIES,ACCEPTED,Plantae,2964355: Lupinus polyphyllus Lindl.,220,152545204
3565,Luzula nivea,2700768,SPECIES,ACCEPTED,Plantae,2700768: Luzula nivea (L.) DC.,196,152547174
3566,Lybius dubius,2479027,SPECIES,ACCEPTED,Animalia,NA,212,213212599
3567,Lycium barbarum,2928835,SPECIES,ACCEPTED,Plantae,2928835: Lycium barbarum L.,220,152544974
3568,Lycium chinense,2928809,SPECIES,ACCEPTED,Plantae,2928809: Lycium chinense Mill.,220,152544975
3569,Lycodon capucinus,1194885,NA,NA,NA,NA,216,182133745
3570,Lycopsis arvensis,8167990,SUBSPECIES,ACCEPTED,Plantae,5662067: Anchusa ovata Lehm.,220,NA
3571,Lycopsis arvensis,7846821,NA,NA,NA,NA,220,NA
3572,Lycopsis arvensis,7308335,NA,NA,NA,NA,220,NA
3573,Lycopsis arvensis,9391215,NA,NA,NA,NA,11592253,NA
3574,Lycopsis arvensis,7293222,NA,NA,NA,NA,220,NA
3575,Lycopsis arvensis,7295374,NA,NA,NA,NA,220,NA
3576,Lycopsis arvensis,2161911,NA,NA,NA,NA,367,NA
3577,Lycopsis arvensis,2473221,NA,NA,NA,NA,11592253,NA
3578,Lycopsis arvensis,3602069,NA,NA,NA,NA,220,NA
3579,Lycopsis arvensis,6164210,NA,NA,NA,NA,359,NA
3580,Lycopsis arvensis,2176168,NA,NA,NA,NA,367,NA
3581,Lycopsis arvensis,7227181,NA,NA,NA,NA,196,NA
3582,Lycopsis arvensis,2176168,NA,NA,NA,NA,367,NA
3583,Lycopsis arvensis orientalis,NA,NA,NA,NA,NA,NA,213214077
3584,Lycopus exaltatus,4108297,NA,NA,NA,NA,196,152545704
3585,Lyctocoris campestris,2020879,SPECIES,ACCEPTED,Animalia,NA,216,213214249
3586,Lysichiton americanus,2869311,SPECIES,ACCEPTED,Plantae,2869311: Lysichiton americanus Hultén & H.St.John,196,152546580
3587,Lysichiton americanus,2705092,SPECIES,ACCEPTED,Plantae,NA,196,152546580
3588,Lysichiton americanus,7225621,SPECIES,ACCEPTED,Plantae,NA,220,152546580
3589,Lysichiton americanus,7293222,SPECIES,ACCEPTED,Plantae,NA,220,152546580
3590,Lysichiton americanus,7740944,SPECIES,ACCEPTED,Plantae,NA,220,152546580
3591,Lysichiton americanus,6710856,SPECIES,ACCEPTED,Plantae,NA,196,152546580
3592,Lysichiton americanus,3602069,SPECIES,ACCEPTED,Plantae,NA,220,152546580
3593,Lysichiton americanus,8991514,SPECIES,ACCEPTED,Plantae,NA,212,152546580
3594,Lysichiton americanus,7230699,SPECIES,ACCEPTED,Plantae,NA,194,152546580
3595,Lysichiton americanus,3757050,SPECIES,ACCEPTED,Plantae,NA,220,152546580
3596,Lysichiton americanus,8045533,SPECIES,ACCEPTED,Plantae,NA,220,152546580
3597,Lysichiton americanus,7427650,SPECIES,ACCEPTED,Plantae,NA,220,152546580
3598,Lysichiton americanus,6369140,NA,NA,NA,NA,220,152546580
3599,Lysichiton americanus × camtschatcensis,NA,NA,NA,NA,NA,NA,213212627
3600,Lysichiton camtschatcensis,2869301,SPECIES,ACCEPTED,Plantae,NA,196,213212629
3601,Lysimachia ciliata,3169391,SPECIES,ACCEPTED,Plantae,3169391: Lysimachia ciliata L.,220,152545822
3602,Lysimachia clethroides,3169331,SPECIES,ACCEPTED,Plantae,NA,220,213215608
3603,Lysimachia fortunei,4005004,SPECIES,ACCEPTED,Plantae,4005004: Lysimachia fortunei Maxim.,220,152545820
3604,Lysimachia linum-stellatum,7224157,NA,NA,NA,NA,220,152545821
3605,Lysimachia monelli,8076173,SPECIES,ACCEPTED,Plantae,NA,220,213215609
3606,Lysimachia monellii,7862391,SPECIES,ACCEPTED,Plantae,3169306: Anagallis monellii L.,220,NA
3607,Lysimachia punctata,3169340,SPECIES,ACCEPTED,Plantae,3169340: Lysimachia punctata L.,220,152545823
3608,Lythrum acutangulum,2442257,NA,NA,NA,NA,11418114,152543401
3609,Lythrum junceum,3988701,SPECIES,ACCEPTED,Plantae,3988701: Lythrum junceum Banks & Sol.,220,152543404
3610,Lythrum virgatum,3188735,SPECIES,ACCEPTED,Plantae,3188735: Lythrum virgatum L.,220,152543405
3611,Macaroeris nidicolens,2169430,SPECIES,ACCEPTED,Animalia,"2169430: Macaroeris nidicolens (Walckenaer, 1802)",367,152544126
3612,Macleaya cordata,5334194,SPECIES,ACCEPTED,Plantae,5334194: Macleaya cordata (Willd.) R.Br.,220,152546392
3613,Macomopsis melo,10629881,NA,NA,NA,NA,220,213213618
3614,Macropus rufogriseus,2440196,SPECIES,ACCEPTED,Animalia,NA,359,213212253
3615,Macrosaccus robiniella,8741260,SPECIES,ACCEPTED,Animalia,NA,216,213213942
3616,Macrothele calpeiana,6300531,NA,NA,NA,NA,220,152544257
3617,Madia sativa,7863397,NA,NA,NA,NA,220,152543898
3618,Magallana gigas,7820753,SPECIES,ACCEPTED,Animalia,"2286069: Crassostrea gigas (Thunberg, 1793) | 7820753: Magallana gigas (Thunberg, 1793)",137,156872991
3619,Mahonia aquifolium,3033865,SPECIES,ACCEPTED,Plantae,3033868: Berberis aquifolium Pursh | 3033865: Mahonia aquifolium (Pursh) Nutt.,220,182134768
3620,Mahonia bealei,3033888,SPECIES,ACCEPTED,Plantae,NA,220,213214363
3621,Mahonia wagneri,2481875,NA,NA,NA,NA,212,213214366
3622,Maianthemum dilatatum,2769435,SPECIES,ACCEPTED,Plantae,NA,196,152546701
3623,Maianthemum stellatum,2769493,SPECIES,ACCEPTED,Plantae,2769493: Maianthemum stellatum (L.) Link | 2769495: Smilacina stellata (L.) Desf.,196,152546700
3624,Malacorhynchus membranaceus,5232435,SPECIES,ACCEPTED,Animalia,"5232435: Malacorhynchus membranaceus (Latham, 1802)",212,159746996
3625,Malcolmia flexuosa,5373160,SPECIES,ACCEPTED,Plantae,NA,220,213214591
3626,Malcolmia maritima,7372514,SPECIES,DOUBTFUL,Plantae,7372514: Malcolmia maritima (L.) R.Br.,220,213214589
3627,Malcolmia maritima,7372514,SPECIES,DOUBTFUL,Plantae,7372514: Malcolmia maritima (L.) R.Br.,220,152545325
3628,Malope malacoides,7278926,SPECIES,ACCEPTED,Plantae,7278926: Malope malacoides L.,220,152546236
3629,Malope trifida,3935421,SPECIES,ACCEPTED,Plantae,3935421: Malope trifida Cav.,220,152546237
3630,Malus baccata,3001362,SPECIES,ACCEPTED,Plantae,NA,220,213215696
3631,Malus domestica,3001244,SPECIES,ACCEPTED,Plantae,NA,220,213215697
3632,Malus purpurea,3001270,SPECIES,ACCEPTED,Plantae,NA,220,152544886
3633,Malus toringo,7848132,SPECIES,ACCEPTED,Plantae,NA,220,213215695
3634,Malva alcea,7455425,NA,NA,NA,NA,220,NA
3635,Malva alcea,3890974,NA,NA,NA,NA,220,NA
3636,Malva alcea,8358048,NA,NA,NA,NA,220,NA
3637,Malva alcea,8045533,NA,NA,NA,NA,220,NA
3638,Malva alcea,5831060,NA,NA,NA,NA,220,NA
3639,Malva alcea,8257857,NA,NA,NA,NA,220,NA
3640,Malva alcea,4123394,NA,NA,NA,NA,196,NA
3641,Malva alcea,9462721,NA,NA,NA,NA,212,NA
3642,Malva alcea,4248063,NA,NA,NA,NA,220,NA
3643,Malva alcea,6313049,NA,NA,NA,NA,196,NA
3644,Malva alcea,8006893,NA,NA,NA,NA,220,NA
3645,Malva alcea,7225456,NA,NA,NA,NA,220,NA
3646,Malva alcea ribifolia,NA,NA,NA,NA,NA,NA,213215339
3647,Malva arborea,3935079,SPECIES,ACCEPTED,Plantae,NA,220,213215337
3648,Malva clementii,8402586,SPECIES,ACCEPTED,Plantae,NA,220,152546248
3649,Malva maroccana,7823743,SPECIES,ACCEPTED,Plantae,NA,220,152546247
3650,Malva multiflora,3933415,SPECIES,ACCEPTED,Plantae,NA,220,213215338
3651,Malva nicaeensis,3152367,SPECIES,ACCEPTED,Plantae,3152367: Malva nicaeensis All.,220,152546254
3652,Malva parviflora,3152378,SPECIES,ACCEPTED,Plantae,3152378: Malva parviflora L.,220,152546253
3653,Malva preissiana,3941038,SPECIES,ACCEPTED,Plantae,NA,220,213215335
3654,Malva punctata,3940960,SPECIES,ACCEPTED,Plantae,3940960: Malva punctata (All.) Alef.,220,152546249
3655,Malva pusilla,3152372,SPECIES,ACCEPTED,Plantae,3152372: Malva pusilla Sm.,220,152546251
3656,Malva thuringiaca,3940423,SPECIES,ACCEPTED,Plantae,3152771: Lavatera thuringiaca L. | 9257133: Lavatera thuringiaca subsp. thuringiaca | 3940423: Malva thuringiaca (L.) Vis.,220,152546250
3657,Malva trimestris,3940326,SPECIES,ACCEPTED,Plantae,NA,220,213215336
3658,Malva verticillata,3152377,SPECIES,ACCEPTED,Plantae,3152377: Malva verticillata L. | 3152370: Malva verticillata var. crispa L.,220,152546252
3659,Malva ×clementii,8402586,SPECIES,ACCEPTED,Plantae,8402586: Malva ×clementii (Cheek) Stace,220,NA
3660,Malvastrum americanum,3152264,SPECIES,ACCEPTED,Plantae,3152264: Malvastrum americanum (L.) Torr.,220,152546244
3661,Malvastrum coromandelianum,3152268,SPECIES,ACCEPTED,Plantae,3152268: Malvastrum coromandelianum (L.) Garcke,220,152546245
3662,Manihot grahamii,3060710,SPECIES,ACCEPTED,Plantae,3060710: Manihot grahamii Hook.,220,152546433
3663,Mantisalca salmantica,4132188,NA,NA,NA,NA,196,152543930
3664,Mareca americana,2498155,SPECIES,ACCEPTED,Animalia,NA,212,213212712
3665,Mareca falcata,9480191,SPECIES,ACCEPTED,Animalia,NA,212,213212713
3666,Mareca sibilatrix,9508460,SPECIES,ACCEPTED,Animalia,NA,212,213212714
3667,Marenzelleria neglecta,2321010,SPECIES,ACCEPTED,Animalia,"2321010: Marenzelleria neglecta Sikorski & Bick, 2004",256,152543725
3668,Marenzelleria viridis,2321012,SPECIES,ACCEPTED,Animalia,"2321012: Marenzelleria viridis (Verrill, 1873)",256,152543727
3669,Marionfyfea adventor,8740315,SPECIES,ACCEPTED,Animalia,NA,NA,213213359
3670,Marmaronetta angustirostris,2498390,SPECIES,ACCEPTED,Animalia,"2498390: Marmaronetta angustirostris (Ménétries, 1832)",212,152543214
3671,Marrubium peregrinum,2465641,NA,NA,NA,NA,11592253,152545743
3672,Maruca vitrata,1886729,SPECIES,ACCEPTED,Animalia,NA,216,213213926
3673,Mastophorus,NA,NA,NA,NA,NA,NA,152543820
3674,Mastophorus NA,4090836,NA,NA,NA,NA,220,NA
3675,Mastophorus NA,2161911,NA,NA,NA,NA,367,NA
3676,Mastophorus NA,5352425,NA,NA,NA,NA,220,NA
3677,Mastophorus NA,7308335,NA,NA,NA,NA,220,NA
3678,Mastophorus NA,7277946,NA,NA,NA,NA,220,NA
3679,Mastophorus NA,5224543,NA,NA,NA,NA,11592253,NA
3680,Mastophorus NA,7302355,NA,NA,NA,NA,220,NA
3681,Mastophorus NA,7190901,NA,NA,NA,NA,11418114,NA
3682,Mastophorus NA,5587240,NA,NA,NA,NA,220,NA
3683,Mastophorus NA,7226776,NA,NA,NA,NA,196,NA
3684,Mastophorus NA,2202786,NA,NA,NA,NA,229,NA
3685,Mastophorus NA,7510471,NA,NA,NA,NA,220,NA
3686,Matricaria chamomilla,8370958,SPECIES,ACCEPTED,Plantae,NA,220,213215099
3687,Matricaria discoidea,3103791,SPECIES,ACCEPTED,Plantae,3103791: Matricaria discoidea DC.,220,152544325
3688,Matthiola incana,8207952,SPECIES,DOUBTFUL,Plantae,8207952: Matthiola incana (L.) R.Br.,220,213214617
3689,Matthiola incana,8207952,SPECIES,DOUBTFUL,Plantae,8207952: Matthiola incana (L.) R.Br.,220,152545319
3690,Matthiola longipetala,5377395,SPECIES,ACCEPTED,Plantae,NA,220,213214619
3691,Matthiola longipetala,7740944,SUBSPECIES,ACCEPTED,Plantae,NA,220,213214619
3692,Matthiola longipetala,5739284,SPECIES,ACCEPTED,Plantae,NA,212,213214619
3693,Matthiola longipetala,8983123,SPECIES,ACCEPTED,Plantae,NA,220,213214619
3694,Matthiola longipetala,6313049,SPECIES,ACCEPTED,Plantae,NA,196,213214619
3695,Matthiola longipetala,2706403,SPECIES,ACCEPTED,Plantae,NA,196,213214619
3696,Matthiola longipetala,9391215,SPECIES,ACCEPTED,Plantae,NA,11592253,213214619
3697,Matthiola longipetala,7323251,SPECIES,ACCEPTED,Plantae,NA,220,213214619
3698,Matthiola longipetala,2161911,SPECIES,ACCEPTED,Plantae,NA,367,213214619
3699,Matthiola longipetala,8323119,SPECIES,ACCEPTED,Plantae,NA,220,213214619
3700,Matthiola longipetala,7455425,SPECIES,ACCEPTED,Plantae,NA,220,213214619
3701,Matthiola longipetala,6076279,SPECIES,ACCEPTED,Plantae,NA,220,213214619
3702,Matthiola longipetala,7272439,SPECIES,ACCEPTED,Plantae,NA,220,213214619
3703,Matthiola longipetala,6156934,NA,NA,NA,NA,11418114,213214619
3704,Matthiola longipetala bicornis,NA,NA,NA,NA,NA,NA,213214621
3705,Mauranthemum paludosum,3096529,SPECIES,ACCEPTED,Plantae,7452956: Leucanthemum paludosum (Poir.) Bonnet & Barratte | 3096529: Mauranthemum paludosum (Poir.) Vogt & Oberpr.,220,152544333
3706,Mauremys,NA,NA,NA,NA,NA,NA,213213129
3707,Mauremys NA,7096205,NA,NA,NA,NA,220,NA
3708,Mauremys NA,7925720,NA,NA,NA,NA,220,NA
3709,Mauremys NA,7223276,NA,NA,NA,NA,220,NA
3710,Mauremys NA,5825913,NA,NA,NA,NA,194,NA
3711,Mauremys NA,2444141,NA,NA,NA,NA,11592253,NA
3712,Mauremys NA,3666059,NA,NA,NA,NA,220,NA
3713,Mauremys NA,5548724,NA,NA,NA,NA,220,NA
3714,Mauremys NA,5224543,NA,NA,NA,NA,11592253,NA
3715,Mauremys NA,6313051,NA,NA,NA,NA,196,NA
3716,Mauremys NA,8983123,NA,NA,NA,NA,220,NA
3717,Mauremys NA,7225456,NA,NA,NA,NA,220,NA
3718,Mauremys NA,4023424,NA,NA,NA,NA,220,NA
3719,Mauremys reevesii,4307880,NA,NA,NA,NA,255,182133875
3720,Mazus miquelii,3171302,SPECIES,ACCEPTED,Plantae,NA,220,213215560
3721,Mazus pumilus,3171304,SPECIES,ACCEPTED,Plantae,3171304: Mazus pumilus (Burm.fil.) Steenis,220,152545606
3722,Meconema meridionale,1690429,SPECIES,ACCEPTED,Animalia,"1690429: Meconema meridionale Costa, 1860",216,152544377
3723,Medicago carstiensis,2965232,SPECIES,ACCEPTED,Plantae,2965232: Medicago carstiensis Wulfen,220,152545213
3724,Medicago ciliaris,8045533,NA,NA,NA,NA,220,213213933
3725,Medicago doliata,2965459,SPECIES,ACCEPTED,Plantae,NA,220,152545209
3726,Medicago falcata,2965354,SPECIES,ACCEPTED,Plantae,NA,220,213213931
3727,Medicago fischeriana,2965233,SPECIES,ACCEPTED,Plantae,NA,220,152545214
3728,Medicago intertexta,6369140,NA,NA,NA,NA,220,213213935
3729,Medicago laciniata,2965221,SPECIES,ACCEPTED,Plantae,2965221: Medicago laciniata (L.) Mill.,220,152545215
3730,Medicago littoralis,2965485,SPECIES,ACCEPTED,Plantae,2965485: Medicago littoralis Rohde ex Loisel.,220,152545211
3731,Medicago monantha,1422818,NA,NA,NA,NA,216,152545216
3732,Medicago monspeliaca,2965434,SPECIES,ACCEPTED,Plantae,2965434: Medicago monspeliaca (L.) Trautv. | 5357345: Trigonella monspeliaca L.,220,152545222
3733,Medicago murex,2965209,SPECIES,ACCEPTED,Plantae,NA,220,152545212
3734,Medicago orbicularis,2965299,SPECIES,ACCEPTED,Plantae,2965299: Medicago orbicularis (L.) Bartal.,220,152545217
3735,Medicago polymorpha,2965531,SPECIES,ACCEPTED,Plantae,2965531: Medicago polymorpha L.,220,152545207
3736,Medicago praecox,2965419,SPECIES,ACCEPTED,Plantae,NA,220,152545221
3737,Medicago rigidula,2965438,SPECIES,ACCEPTED,Plantae,2965438: Medicago rigidula (L.) All.,220,152545208
3738,Medicago sativa,9151957,SPECIES,ACCEPTED,Plantae,9151957: Medicago sativa L.,220,152545206
3739,Medicago scutellata,2965397,SPECIES,ACCEPTED,Plantae,2965397: Medicago scutellata (L.) Mill.,220,152545218
3740,Medicago tornata,2965250,SPECIES,ACCEPTED,Plantae,NA,220,213213929
3741,Medicago truncatula,2965280,SPECIES,ACCEPTED,Plantae,2965280: Medicago truncatula Gaertn.,220,152545220
3742,Medicago turbinata,7805464,NA,NA,NA,NA,270,152545210
3743,Medicago varia,2965331,SPECIES,ACCEPTED,Plantae,NA,220,182134332
3744,Medicago ×varia,2965331,SPECIES,ACCEPTED,Plantae,2965331: Medicago ×varia Martyn | 11395396: Medicago falcata var. sativa Schur | 2965344: Medicago sativa subsp. ambigua (Trautv.) Tutin,220,NA
3745,Megabalanus coccopoma,3377362,NA,NA,NA,NA,270,152544023
3746,Megabalanus tintinnabulum,5166487,SPECIES,ACCEPTED,Animalia,"2115692: Balanus tintinnabulum (Linnaeus, 1758)",203,182134118
3747,Megabunus diadema,4553535,SPECIES,ACCEPTED,Animalia,NA,367,213214793
3748,Megascops kennicottii,2514574,NA,NA,NA,NA,270,213213006
3749,Megastigmus spermotrophus,1371011,SPECIES,ACCEPTED,Animalia,NA,216,213213878
3750,Melampodium divaricatum,11136683,NA,NA,NA,NA,220,213215231
3751,Melampodium montanum,3139003,SPECIES,ACCEPTED,Plantae,3139003: Melampodium montanum Benth.,220,152543888
3752,Melampodium perfoliatum,3138953,SPECIES,ACCEPTED,Plantae,3138953: Melampodium perfoliatum (Cav.) Kunth,220,152543890
3753,Melampsoridium betulinum,2516809,SPECIES,ACCEPTED,Fungi,2516809: Melampsoridium betulinum (Pers.) Kleb.,270,152543152
3754,Melampyrum nemorosum,7331666,SPECIES,ACCEPTED,Plantae,7331666: Melampyrum nemorosum L.,220,152545563
3755,Melanoides tuberculata,4362965,SPECIES,ACCEPTED,Animalia,NA,225,213213546
3756,Meleagris gallopavo,9606290,SPECIES,ACCEPTED,Animalia,"9606290: Meleagris gallopavo Linnaeus, 1758",212,159747515
3757,Melia azedarach,5914287,SPECIES,ACCEPTED,Plantae,5914287: Melia azedarach L.,220,152543292
3758,Melica altissima,2703109,SPECIES,ACCEPTED,Plantae,2703109: Melica altissima L.,196,152547005
3759,Melilotus albus,2971095,SPECIES,ACCEPTED,Plantae,2971095: Melilotus albus Medik. | 9616723: Trigonella alba (Medik.) Coulot & Rabaute,220,152545154
3760,Melilotus elegans,2971036,SPECIES,ACCEPTED,Plantae,2971036: Melilotus elegans Salzm. ex Ser.,220,152545159
3761,Melilotus indicus,2971016,SPECIES,ACCEPTED,Plantae,2971016: Melilotus indicus (L.) All. | 7592856: Trigonella smallii Coulot & Rabaute,220,152545157
3762,Melilotus infestus,2971033,SPECIES,ACCEPTED,Plantae,2971033: Melilotus infestus Guss.,220,152545158
3763,Melilotus officinalis,8193111,SPECIES,ACCEPTED,Plantae,8193111: Melilotus officinalis (L.) Lam. | 7520471: Trigonella officinalis (L.) Coulot & Rabaute,220,213213743
3764,Melilotus officinalis,8193111,SPECIES,ACCEPTED,Plantae,8193111: Melilotus officinalis (L.) Lam. | 7520471: Trigonella officinalis (L.) Coulot & Rabaute,220,182134346
3765,Melilotus siculus,10773250,SPECIES,ACCEPTED,Plantae,NA,220,213213740
3766,Melilotus sulcatus,2971112,SPECIES,ACCEPTED,Plantae,2971112: Melilotus sulcatus Desf.,220,152545156
3767,Melilotus wolgicus,2971068,SPECIES,ACCEPTED,Plantae,NA,220,152545160
3768,Melissa officinalis,5341501,SPECIES,ACCEPTED,Plantae,5341501: Melissa officinalis L.,220,152545714
3769,Melita nitida,2215949,SPECIES,ACCEPTED,Animalia,"2215949: Melita nitida S.I.Smith, 1873",229,152543999
3770,Meloidogyne artiellia,2888945,NA,NA,NA,NA,220,152543814
3771,Melopsittacus undulatus,2479798,SPECIES,ACCEPTED,Animalia,"2479798: Melopsittacus undulatus (Shaw, 1805)",212,159747419
3772,Melospiza melodia,2492196,SPECIES,ACCEPTED,Animalia,"2492196: Melospiza melodia (A.Wilson, 1810)",212,159747277
3773,Menetus dilatatus,5189713,SPECIES,ACCEPTED,Animalia,"5189713: Menetus dilatatus (A.Gould, 1841)",225,152543565
3774,Mentha cervina,3902360,SPECIES,ACCEPTED,Plantae,3902360: Mentha cervina L.,220,152545747
3775,Mentha requienii,2927174,SPECIES,ACCEPTED,Plantae,2927174: Mentha requienii Benth.,220,152545748
3776,Mentha spicata,7415922,SUBSPECIES,ACCEPTED,Plantae,NA,220,NA
3777,Mentha spicata,7308335,SUBSPECIES,ACCEPTED,Plantae,NA,220,NA
3778,Mentha spicata,3663237,SUBSPECIES,ACCEPTED,Plantae,NA,220,NA
3779,Mentha spicata,7427741,SUBSPECIES,ACCEPTED,Plantae,NA,220,NA
3780,Mentha spicata,7757431,SUBSPECIES,ACCEPTED,Plantae,NA,220,NA
3781,Mentha spicata,4036350,SUBSPECIES,ACCEPTED,Plantae,NA,220,NA
3782,Mentha spicata,8925248,SUBSPECIES,ACCEPTED,Plantae,NA,220,NA
3783,Mentha spicata,6313049,SUBSPECIES,ACCEPTED,Plantae,NA,196,NA
3784,Mentha spicata,6411098,SUBSPECIES,ACCEPTED,Plantae,NA,220,NA
3785,Mentha spicata,7323251,SUBSPECIES,ACCEPTED,Plantae,NA,220,NA
3786,Mentha spicata,3611735,SUBSPECIES,ACCEPTED,Plantae,NA,220,NA
3787,Mentha spicata,6409536,SUBSPECIES,ACCEPTED,Plantae,NA,220,NA
3788,Mentha spicata,2445496,NA,NA,NA,NA,11592253,NA
3789,Mentha spicata spicata,NA,NA,NA,NA,NA,NA,213215448
3790,Mentha wirtgeniana,3893979,SPECIES,ACCEPTED,Plantae,NA,220,213215449
3791,Mentzelia albicaulis,4136338,NA,NA,NA,NA,196,213214673
3792,Mephitis mephitis,5219380,SPECIES,ACCEPTED,Animalia,"5219380: Mephitis mephitis (Schreber, 1776)",359,152543323
3793,Mercenaria mercenaria,2287668,SPECIES,ACCEPTED,Animalia,NA,137,152543797
3794,Meretrix lyrata,5855746,SPECIES,ACCEPTED,Animalia,NA,137,213213603
3795,Meriones unguiculatus,5219721,SPECIES,ACCEPTED,Animalia,"5219721: Meriones unguiculatus (Milne-Edwards, 1867)",359,152543289
3796,Merionoeda hirsuta,5997154,SPECIES,ACCEPTED,Animalia,NA,216,213214307
3797,Mermessus denticulatus,7104074,NA,NA,NA,NA,220,152544238
3798,Mermessus trilobatus,2138688,SPECIES,ACCEPTED,Animalia,NA,367,213214674
3799,Mesembryanthemum cordifolium,8185812,SPECIES,ACCEPTED,Plantae,NA,220,152546022
3800,Mesembryanthemum crystallinum,3084839,SPECIES,ACCEPTED,Plantae,3084839: Mesembryanthemum crystallinum L.,220,152546024
3801,Mesembryanthemum nodiflorum,3084837,SPECIES,ACCEPTED,Plantae,3084837: Mesembryanthemum nodiflorum L.,220,152546023
3802,Mespilus germanica,3031774,SPECIES,ACCEPTED,Plantae,3031774: Mespilus germanica L. | 3015106: Crataegus germanica (L.) Kuntze,220,152544857
3803,Metasequoia glyptostroboides,5284231,SPECIES,ACCEPTED,Plantae,NA,194,213213300
3804,Micropholcus fauroti,2149761,SPECIES,ACCEPTED,Animalia,"2149761: Micropholcus fauroti (Simon, 1887)",367,152544205
3805,Micropogonias undulatus,2399874,SPECIES,ACCEPTED,Animalia,NA,NA,159747656
3806,Micropterus dolomieu,5211250,SPECIES,ACCEPTED,Animalia,NA,NA,154367400
3807,Micropterus salmoides,4103685,NA,NA,NA,NA,220,152543455
3808,Microscolex phosphoreus,2307726,SPECIES,ACCEPTED,Animalia,NA,255,213213312
3809,Milax gagates,2297108,SPECIES,ACCEPTED,Animalia,"2297108: Milax gagates (Draparnaud, 1801)",225,152543641
3810,Milium vernale,2706195,SPECIES,ACCEPTED,Plantae,NA,196,152547110
3811,Milvago chimachima,2481066,SPECIES,ACCEPTED,Animalia,NA,212,213212584
3812,Mimulus ringens,6070732,SPECIES,ACCEPTED,Plantae,6070732: Mimulus ringens L.,220,182134562
3813,Mirabilis jalapa,3086240,SPECIES,ACCEPTED,Plantae,3086240: Mirabilis jalapa L.,220,152546093
3814,Miscanthus sacchariflorus,7738766,SPECIES,ACCEPTED,Plantae,NA,196,213212907
3815,Miscanthus sinensis,2706026,SPECIES,ACCEPTED,Plantae,2706026: Miscanthus sinensis Andersson,196,152547144
3816,Misgurnus anguillicaudatus,2367919,SPECIES,ACCEPTED,Animalia,"2367919: Misgurnus anguillicaudatus (Cantor, 1842)",NA,182133615
3817,Misgurnus bipartitus,3736228,NA,NA,NA,NA,220,213213114
3818,Misopates calycinum,3738796,SPECIES,ACCEPTED,Plantae,3738796: Misopates calycinum (Vent.) Rothm.,220,152545660
3819,Mnemiopsis leidyi,2501248,SPECIES,ACCEPTED,Animalia,"2501248: Mnemiopsis leidyi A.Agassiz, 1865",365,159746903
3820,Modiola caroliniana,8338793,SPECIES,ACCEPTED,Plantae,8338793: Modiola caroliniana (L.) G.Don,220,152546220
3821,Molgula manhattensis,2331498,SPECIES,ACCEPTED,Animalia,"2331498: Molgula manhattensis (De Kay, 1843)",356,159747716
3822,Molinia arundinacea,4121791,SPECIES,ACCEPTED,Plantae,NA,196,213212917
3823,Mollugo verticillata,3084611,SPECIES,ACCEPTED,Plantae,3084611: Mollugo verticillata L.,220,152546000
3824,Monarda didyma,5341407,SPECIES,ACCEPTED,Plantae,5341407: Monarda didyma L.,220,164252088
3825,Moneses uniflora,2888298,SPECIES,ACCEPTED,Plantae,2888298: Moneses uniflora (L.) A.Gray,220,152545865
3826,Monochamus galloprovincialis,8062758,SPECIES,ACCEPTED,Animalia,NA,216,213214304
3827,Monochamus sartor,8265082,SPECIES,ACCEPTED,Animalia,NA,216,213214302
3828,Monocorophium sextonae,4314702,SPECIES,ACCEPTED,Animalia,"4314702: Monocorophium sextonae (Crawford, 1937) | 7621724: Corophium sextonae Crawford, 1937",229,152543942
3829,Monomorium pharaonis,1314773,SPECIES,ACCEPTED,Animalia,"1314773: Monomorium pharaonis (Linnaeus, 1758)",216,152544518
3830,Monopylephorus limosus,7757300,NA,NA,NA,NA,220,152543671
3831,Monsonia angustifolia,5384782,NA,NA,NA,NA,220,213213995
3832,Monsonia brevirostrata,3827967,SPECIES,ACCEPTED,Plantae,NA,220,152545284
3833,Moorochloa eruciformis,4155246,SPECIES,ACCEPTED,Plantae,NA,196,213212997
3834,Morelia spilota,8419625,NA,NA,NA,NA,220,182133781
3835,Moricandia arvensis,5376035,SPECIES,ACCEPTED,Plantae,5376035: Moricandia arvensis (L.) DC.,220,152545374
3836,Morimus asper,1119292,SPECIES,ACCEPTED,Animalia,NA,216,213214299
3837,Morlina glabra,4562529,SPECIES,ACCEPTED,Animalia,NA,225,213213482
3838,Morpho menelaus,5133523,SPECIES,ACCEPTED,Animalia,NA,216,213213984
3839,Morus alba,5361889,SPECIES,ACCEPTED,Plantae,5361889: Morus alba L.,220,152544742
3840,Morus nigra,5361888,SPECIES,ACCEPTED,Plantae,5361888: Morus nigra L.,220,152544741
3841,Muehlenbeckia complexa,2888859,SPECIES,ACCEPTED,Plantae,2888859: Muehlenbeckia complexa (A.Cunn.) Meisn.,220,152546132
3842,Muhlenbergia mexicana,2704038,SPECIES,ACCEPTED,Plantae,2704038: Muhlenbergia mexicana (L.) Trin.,196,152546976
3843,Mulinia lateralis,2286388,SPECIES,ACCEPTED,Animalia,"2286388: Mulinia lateralis (Say, 1822)",137,182133040
3844,Mummenhoffia alliacea,10944522,SPECIES,ACCEPTED,Plantae,NA,220,213214497
3845,Muntiacus reevesi,2440946,SPECIES,ACCEPTED,Animalia,"2440946: Muntiacus reevesi (Ogilby, 1839)",359,152543264
3846,Musa basjoo,2762737,SPECIES,ACCEPTED,Plantae,2762737: Musa basjoo Siebold & Zucc. ex Iinuma,196,182133135
3847,Muscari armeniacum,2772174,SPECIES,DOUBTFUL,Plantae,2772174: Muscari armeniacum Leichtlin ex Baker,196,152546707
3848,Muscari aucheri,2772206,SPECIES,ACCEPTED,Plantae,NA,196,213212503
3849,Muscari azureum,2769622,SPECIES,ACCEPTED,Plantae,NA,196,213212501
3850,Muscari botryoides,2772094,SPECIES,ACCEPTED,Plantae,NA,196,213212500
3851,Muscari latifolium,2772082,SPECIES,ACCEPTED,Plantae,2772082: Muscari latifolium J.Kirk,196,152546708
3852,Mustela vison,5218823,SPECIES,ACCEPTED,Animalia,"2433652: Neovison vison (Schreber, 1777)",359,182133584
3853,Mya arenaria,7791733,SPECIES,ACCEPTED,Animalia,NA,137,152543750
3854,Myagrum perfoliatum,3047811,SPECIES,ACCEPTED,Plantae,3047811: Myagrum perfoliatum L.,220,152545458
3855,Mycale micracanthoxea,2242011,SPECIES,ACCEPTED,Animalia,NA,199,213213677
3856,Mycerobas icterioides,2494408,SPECIES,ACCEPTED,Animalia,"2494408: Mycerobas icterioides (Vigors, 1830)",212,159747209
3857,Mycosarcoma maydis,8699607,SPECIES,ACCEPTED,Fungi,NA,148,213212227
3858,Mycteria ibis,2481936,SPECIES,ACCEPTED,Animalia,"2481936: Mycteria ibis (Linnaeus, 1766)",212,159747357
3859,Myiopsitta monachus,2479407,SPECIES,ACCEPTED,Animalia,"2479407: Myiopsitta monachus (Boddaert, 1783)",212,159747381
3860,Myocastor coypus,4264680,SPECIES,ACCEPTED,Animalia,"4264680: Myocastor coypus (Molina, 1782)",359,152543273
3861,Myosotis alpestris,5341187,SPECIES,ACCEPTED,Plantae,5341187: Myosotis alpestris F.W.Schmidt,220,152545503
3862,Myriophyllum aquaticum,5361785,SPECIES,ACCEPTED,Plantae,5361785: Myriophyllum aquaticum (Vell.) Verdc.,220,152544667
3863,Myriophyllum heterophyllum,5361762,SPECIES,ACCEPTED,Plantae,5361762: Myriophyllum heterophyllum Michx.,220,152544666
3864,Myrrhis odorata,3034681,SPECIES,ACCEPTED,Plantae,3034681: Myrrhis odorata (L.) Scop.,220,152544586
3865,Mytilicola intestinalis,2110811,SPECIES,ACCEPTED,Animalia,NA,11545536,159748101
3866,Mytilopsis leucophaeata,2287076,SPECIES,ACCEPTED,Animalia,"2287076: Mytilopsis leucophaeata (Conrad, 1831) | 5728957: Congeria cochleata (Nyst, 1835)",137,152543757
3867,Myzocallis walshii,5159101,SPECIES,ACCEPTED,Animalia,NA,216,213214201
3868,Nagurus cristatus,2209044,SPECIES,ACCEPTED,Animalia,NA,229,152543918
3869,Naja melanoleuca,1623077,NA,NA,NA,NA,216,182133829
3870,Nandayus nenday,2374521,NA,NA,NA,NA,NA,159747407
3871,Narcissus bulbocodium,2858846,SPECIES,ACCEPTED,Plantae,NA,196,213212535
3872,Narcissus cyclazetta,4013762,SPECIES,ACCEPTED,Plantae,NA,196,152546659
3873,Narcissus hispanicus,3895710,NA,NA,NA,NA,220,NA
3874,Narcissus hispanicus,2447418,NA,NA,NA,NA,11592253,NA
3875,Narcissus hispanicus,7230699,NA,NA,NA,NA,194,NA
3876,Narcissus hispanicus,11162940,NA,NA,NA,NA,220,NA
3877,Narcissus hispanicus,5544928,NA,NA,NA,NA,220,NA
3878,Narcissus hispanicus,7901010,NA,NA,NA,NA,220,NA
3879,Narcissus hispanicus,4123394,NA,NA,NA,NA,196,NA
3880,Narcissus hispanicus,5359402,NA,NA,NA,NA,220,NA
3881,Narcissus hispanicus,6411098,NA,NA,NA,NA,220,NA
3882,Narcissus hispanicus,3922770,NA,NA,NA,NA,220,NA
3883,Narcissus hispanicus,7308335,NA,NA,NA,NA,220,NA
3884,Narcissus hispanicus,7068732,NA,NA,NA,NA,220,NA
3885,Narcissus hispanicus hispanicus,NA,NA,NA,NA,NA,NA,213212537
3886,Narcissus jonquilla,2858909,SPECIES,ACCEPTED,Plantae,NA,196,213212533
3887,Narcissus poeticus,2858581,SPECIES,ACCEPTED,Plantae,2858581: Narcissus poeticus L.,196,152546660
3888,Narcissus tazetta,2858963,SPECIES,ACCEPTED,Plantae,2858963: Narcissus tazetta L.,196,164250541
3889,Narcissus triandrus,2858501,SPECIES,ACCEPTED,Plantae,NA,196,213212531
3890,Nassella filiculmis,5674110,SPECIES,ACCEPTED,Plantae,NA,196,152546866
3891,Nassella formicarum,5289836,SPECIES,ACCEPTED,Plantae,NA,196,152546867
3892,Nassella hyalina,11528335,NA,NA,NA,NA,367,152546865
3893,Nassella neesiana,5289831,SPECIES,ACCEPTED,Plantae,NA,196,152546869
3894,Nassella tenuissima,5289833,SPECIES,ACCEPTED,Plantae,2703611: Stipa tenuissima Trin. | 5289833: Nassella tenuissima (Trin.) Barkworth,196,152546868
3895,Nasua nasua,2433536,SPECIES,ACCEPTED,Animalia,"2433536: Nasua nasua (Linnaeus, 1766)",359,152543332
3896,Natrix helvetica,9350124,SPECIES,ACCEPTED,Animalia,"5223511: Natrix natrix helvetica Lacépède, 1789 | 11213766: Natrix helvetica helvetica | 9350124: Natrix helvetica (Lacépède, 1789)",11592253,152543147
3897,Natrix maura,6161340,SPECIES,ACCEPTED,Animalia,"6161340: Natrix maura (Linnaeus, 1758)",11592253,182133773
3898,Natrix tessellata,6161327,SPECIES,ACCEPTED,Animalia,"6161327: Natrix tessellata (Laurenti, 1768)",11592253,182133774
3899,Navarretia squarrosa,2927684,SPECIES,ACCEPTED,Plantae,2927684: Navarretia squarrosa (Eschsch.) Hook. & Arn.,220,152545839
3900,Neillia incisa,3853033,SPECIES,ACCEPTED,Plantae,2987953: Stephanandra incisa (Thunb.) Zabel | 3853033: Neillia incisa (Thunb.) S.H.Oh,220,152544924
3901,Neillia tanakae,2987948,SPECIES,ACCEPTED,Plantae,2987946: Stephanandra tanakae Franch. & Sav. | 10935457: Neillia tanakae (Franch. & Sav.) Franch. & Sav. ex S.H.Oh,220,152544925
3902,Nemesia caerulea,5563116,SPECIES,ACCEPTED,Plantae,NA,220,213215500
3903,Nemophila maculata,2928034,SPECIES,ACCEPTED,Plantae,2928034: Nemophila maculata Benth. ex Lindl.,220,152545487
3904,Nemophila menziesii,2928026,SPECIES,ACCEPTED,Plantae,NA,220,213214064
3905,Nemophila menziesii,5359118,SPECIES,ACCEPTED,Plantae,NA,220,213214064
3906,Nemophila menziesii,5359263,SPECIES,ACCEPTED,Plantae,NA,220,213214064
3907,Nemophila menziesii,7271631,SPECIES,ACCEPTED,Plantae,NA,220,213214064
3908,Nemophila menziesii,3040999,SPECIES,ACCEPTED,Plantae,NA,220,213214064
3909,Nemophila menziesii,7901010,SPECIES,ACCEPTED,Plantae,NA,220,213214064
3910,Nemophila menziesii,4036957,SPECIES,ACCEPTED,Plantae,NA,220,213214064
3911,Nemophila menziesii,2457378,SPECIES,ACCEPTED,Plantae,NA,11592253,213214064
3912,Nemophila menziesii,4194303,SPECIES,ACCEPTED,Plantae,NA,220,213214064
3913,Nemophila menziesii,4123394,SPECIES,ACCEPTED,Plantae,NA,196,213214064
3914,Nemophila menziesii,6432925,SPECIES,ACCEPTED,Plantae,NA,220,213214064
3915,Nemophila menziesii,9771172,SPECIES,ACCEPTED,Plantae,NA,220,213214064
3916,Nemophila menziesii,8983123,SPECIES,ACCEPTED,Plantae,NA,220,213214064
3917,Nemophila menziesii,7753114,SPECIES,ACCEPTED,Plantae,NA,220,213214064
3918,Nemophila menziesii,5545159,SPECIES,ACCEPTED,Plantae,NA,220,213214064
3919,Nemophila menziesii,5352372,SPECIES,ACCEPTED,Plantae,NA,220,213214064
3920,Nemophila menziesii,7068732,SPECIES,ACCEPTED,Plantae,NA,220,213214064
3921,Nemophila menziesii,6300531,SPECIES,ACCEPTED,Plantae,NA,220,213214064
3922,Nemophila menziesii,7224069,SPECIES,ACCEPTED,Plantae,NA,220,213214064
3923,Nemophila menziesii,6076279,SPECIES,ACCEPTED,Plantae,NA,220,213214064
3924,Nemophila menziesii,7409013,SPECIES,ACCEPTED,Plantae,NA,220,213214064
3925,Nemophila menziesii,3023671,SPECIES,ACCEPTED,Plantae,NA,220,213214064
3926,Nemophila menziesii,7219988,NA,NA,NA,NA,220,213214064
3927,Nemophila menziesii,7427741,NA,NA,NA,NA,220,213214064
3928,Nemophila menziesii integrifolia,NA,NA,NA,NA,NA,NA,152545485
3929,Nemophila menziesii menziesii,NA,NA,NA,NA,NA,NA,213214066
3930,Nemopsis bachei,2266561,SPECIES,ACCEPTED,Animalia,"2266561: Nemopsis bachei L.Agassiz, 1849",205,159747966
3931,Neochmia ruficauda,2493739,SPECIES,ACCEPTED,Animalia,"10920460: Bathilda ruficauda (Gould, 1837)",212,159747307
3932,Neoclytus acuminatus,4293134,SPECIES,ACCEPTED,Animalia,NA,216,213214287
3933,Neogobius fluviatilis,2379105,SPECIES,ACCEPTED,Animalia,"2379105: Neogobius fluviatilis (Pallas, 1814)",NA,152543432
3934,Neogobius melanostomus,2379089,SPECIES,ACCEPTED,Animalia,"2379089: Neogobius melanostomus (Pallas, 1814)",NA,152543430
3935,Neolygus populi,4487610,SPECIES,ACCEPTED,Animalia,NA,216,213214133
3936,Neomysis americana,7582319,NA,NA,NA,NA,11592253,182134080
3937,Neophema pulchella,2479509,SPECIES,ACCEPTED,Animalia,NA,212,213212893
3938,Neoscona nautica,2706403,NA,NA,NA,NA,196,152544093
3939,Nepeta faassenii,7350989,SPECIES,ACCEPTED,Plantae,7350989: Nepeta faassenii Bergmans ex Stearn,220,152545716
3940,Nepeta grandiflora,5341498,SPECIES,ACCEPTED,Plantae,NA,220,152545717
3941,Nepeta racemosa,5341497,SPECIES,ACCEPTED,Plantae,5341497: Nepeta racemosa Lam. | 5341500: Nepeta mussinii Spreng. ex Henckel,220,152545718
3942,Nepeta subsessilis,5609603,SPECIES,ACCEPTED,Plantae,NA,220,213215475
3943,Nephila,NA,NA,NA,NA,NA,NA,152544089
3944,Nephila NA,8369366,NA,NA,NA,NA,196,NA
3945,Nephila NA,4036350,NA,NA,NA,NA,220,NA
3946,Nephila NA,8421432,NA,NA,NA,NA,220,NA
3947,Nephila NA,8358048,NA,NA,NA,NA,220,NA
3948,Nephila NA,8918909,NA,NA,NA,NA,196,NA
3949,Nephila NA,2161911,NA,NA,NA,NA,367,NA
3950,Nephila NA,7277946,NA,NA,NA,NA,220,NA
3951,Nephila NA,8338571,NA,NA,NA,NA,196,NA
3952,Nephila NA,7267492,NA,NA,NA,NA,220,NA
3953,Nephila NA,3802956,NA,NA,NA,NA,220,NA
3954,Nephila NA,3898065,NA,NA,NA,NA,220,NA
3955,Nephila NA,1031677,NA,NA,NA,NA,216,NA
3956,Nephilingis cruentata,7769968,NA,NA,NA,NA,216,213214700
3957,Nepytia phantasmaria,1971998,SPECIES,ACCEPTED,Animalia,NA,216,213214025
3958,Nerium oleander,3169756,SPECIES,ACCEPTED,Plantae,NA,220,213215248
3959,Neslia paniculata,7225621,SUBSPECIES,ACCEPTED,Plantae,7225621: Neslia paniculata subsp. paniculata,220,213214644
3960,Neslia paniculata,2162464,SPECIES,ACCEPTED,Plantae,NA,367,213214644
3961,Neslia paniculata,5250090,SPECIES,ACCEPTED,Plantae,NA,148,213214644
3962,Neslia paniculata,9462721,SPECIES,ACCEPTED,Plantae,NA,212,213214644
3963,Neslia paniculata,2202786,SPECIES,ACCEPTED,Plantae,NA,229,213214644
3964,Neslia paniculata,9771172,SPECIES,ACCEPTED,Plantae,NA,220,213214644
3965,Neslia paniculata,8983123,SPECIES,ACCEPTED,Plantae,NA,220,213214644
3966,Neslia paniculata,8389446,SPECIES,ACCEPTED,Plantae,NA,196,213214644
3967,Neslia paniculata,6313051,SPECIES,ACCEPTED,Plantae,NA,196,213214644
3968,Neslia paniculata,9405645,SPECIES,ACCEPTED,Plantae,NA,220,213214644
3969,Neslia paniculata,6409536,SPECIES,ACCEPTED,Plantae,NA,220,213214644
3970,Neslia paniculata,7068845,SPECIES,ACCEPTED,Plantae,NA,220,213214644
3971,Neslia paniculata,5652131,SPECIES,ACCEPTED,Plantae,NA,220,213214644
3972,Neslia paniculata,7358677,SPECIES,ACCEPTED,Plantae,NA,220,213214644
3973,Neslia paniculata,7219988,SPECIES,ACCEPTED,Plantae,NA,220,213214644
3974,Neslia paniculata,7427741,SPECIES,ACCEPTED,Plantae,NA,220,213214644
3975,Neslia paniculata,3047633,SPECIES,ACCEPTED,Plantae,NA,220,213214644
3976,Neslia paniculata,2444221,SPECIES,ACCEPTED,Plantae,NA,11592253,213214644
3977,Neslia paniculata,4271356,SPECIES,ACCEPTED,Plantae,NA,220,213214644
3978,Neslia paniculata,4219118,SPECIES,ACCEPTED,Plantae,NA,220,213214644
3979,Neslia paniculata,11794300,SPECIES,ACCEPTED,Plantae,NA,220,213214644
3980,Neslia paniculata,7066596,SPECIES,ACCEPTED,Plantae,NA,220,213214644
3981,Neslia paniculata,9405645,NA,NA,NA,NA,220,213214644
3982,Neslia paniculata paniculata,NA,NA,NA,NA,NA,NA,152545323
3983,Neslia paniculata thracica,NA,NA,NA,NA,NA,NA,213214647
3984,Nesticodes rufipes,2515982,NA,NA,NA,NA,270,152544141
3985,Netta erythrophthalma,2498177,SPECIES,ACCEPTED,Animalia,NA,212,213212683
3986,Netta peposaca,2498181,SPECIES,ACCEPTED,Animalia,"2498181: Netta peposaca (Vieillot, 1816)",212,159747047
3987,Nettapus auritus,2498313,SPECIES,ACCEPTED,Animalia,"2498313: Nettapus auritus (Boddaert, 1783)",212,159747056
3988,Nettapus coromandelianus,2498310,SPECIES,ACCEPTED,Animalia,"2498310: Nettapus coromandelianus (Gmelin, 1789)",212,159747054
3989,Neuroterus saliens,4496869,SPECIES,ACCEPTED,Animalia,NA,216,213213882
3990,Nezara viridula,2078852,SPECIES,ACCEPTED,Animalia,NA,216,213214183
3991,Nicandra physalodes,5341754,SPECIES,ACCEPTED,Plantae,5341754: Nicandra physalodes (L.) Gaertn.,220,152544958
3992,Nicoletia phytophila,4095244,NA,NA,NA,NA,220,152544386
3993,Nicotiana alata,2928761,SPECIES,ACCEPTED,Plantae,2928761: Nicotiana alata Link & Otto,220,152544967
3994,Nicotiana forgetiana,2928779,SPECIES,ACCEPTED,Plantae,2928779: Nicotiana forgetiana Hort.Sand. ex Hemsl.,220,152544964
3995,Nicotiana glauca,2928783,SPECIES,ACCEPTED,Plantae,2928783: Nicotiana glauca Graham,220,152544962
3996,Nicotiana langsdorffii,2928759,SPECIES,DOUBTFUL,Plantae,2928759: Nicotiana langsdorffii Weinm.,220,182134151
3997,Nicotiana longiflora,2925515,NA,NA,NA,NA,220,152544968
3998,Nicotiana rustica,2928775,SPECIES,ACCEPTED,Plantae,2928775: Nicotiana rustica L.,220,152544963
3999,Nicotiana sanderae,3799170,SPECIES,ACCEPTED,Plantae,NA,220,213213501
4000,Nicotiana sylvestris,2928767,SPECIES,ACCEPTED,Plantae,2928767: Nicotiana sylvestris Speg.,220,152544965
4001,Nicotiana tabacum,2928774,SPECIES,ACCEPTED,Plantae,2928774: Nicotiana tabacum L.,220,152544966
4002,Nicotiana velutina,7302355,NA,NA,NA,NA,220,152544961
4003,Nigella damascena,5371702,SPECIES,ACCEPTED,Plantae,5371702: Nigella damascena L.,220,152546327
4004,Nigella sativa,5371700,SPECIES,ACCEPTED,Plantae,5371700: Nigella sativa L.,220,152546328
4005,Ninox boobook,9603492,NA,NA,NA,NA,220,213213001
4006,Ninox connivens,7068379,NA,NA,NA,NA,220,159746977
4007,Noccaea brachypetala,3045473,SPECIES,ACCEPTED,Plantae,NA,220,213214517
4008,Nolavia,NA,NA,NA,NA,NA,NA,152544084
4009,Nolavia NA,7224069,NA,NA,NA,NA,220,NA
4010,Nolavia NA,6409536,NA,NA,NA,NA,220,NA
4011,Nolavia NA,2284443,NA,NA,NA,NA,11133537,NA
4012,Nolavia NA,11794300,NA,NA,NA,NA,220,NA
4013,Nolavia NA,5659657,NA,NA,NA,NA,220,NA
4014,Nolavia NA,7266343,NA,NA,NA,NA,220,NA
4015,Nolavia NA,5544928,NA,NA,NA,NA,220,NA
4016,Nolavia NA,7224069,NA,NA,NA,NA,220,NA
4017,Nolavia NA,4273336,NA,NA,NA,NA,220,NA
4018,Nolavia NA,5352425,NA,NA,NA,NA,220,NA
4019,Nolavia NA,3922770,NA,NA,NA,NA,220,NA
4020,Nolavia NA,7225471,NA,NA,NA,NA,220,NA
4021,Nonea lutea,2926042,SPECIES,ACCEPTED,Plantae,2926042: Nonea lutea (Desr.) DC.,220,152545523
4022,Nonea pulla,2484628,NA,NA,NA,NA,212,152545521
4023,Nonea rosea,2360504,NA,NA,NA,NA,NA,152545522
4024,Notobasis syriaca,3122323,SPECIES,ACCEPTED,Plantae,3122323: Notobasis syriaca (L.) Cass.,220,152544096
4025,Numida meleagris,2473341,SPECIES,ACCEPTED,Animalia,"2473341: Numida meleagris (Linnaeus, 1758)",212,159747511
4026,Nyctereutes procyonoides,2434552,SPECIES,ACCEPTED,Animalia,"2434552: Nyctereutes procyonoides (Gray, 1834)",359,152543341
4027,Nymphaea marliacea,7802465,SPECIES,ACCEPTED,Plantae,NA,220,213213379
4028,Nymphaea marliacea,7802465,SPECIES,ACCEPTED,Plantae,NA,220,152545876
4029,Nymphaea ×marliacea,7802465,SPECIES,ACCEPTED,Plantae,7802465: Nymphaea ×marliacea hort. ex Lat.-Marl.,220,NA
4030,Nymphicus hollandicus,2479977,SPECIES,ACCEPTED,Animalia,"2479977: Nymphicus hollandicus (Kerr, 1792)",212,159747391
4031,Nysius huttoni,4486365,SPECIES,ACCEPTED,Animalia,"4486365: Nysius huttoni White, 1878",216,152544283
4032,Obama nungara,8701771,SPECIES,ACCEPTED,Animalia,"8701771: Obama nungara Carbayo, Alvarez-Presas, Jones & Riutort, 2016",NA,182132844
4033,Ocimum basilicum,2927096,SPECIES,ACCEPTED,Plantae,2927096: Ocimum basilicum L.,220,152545745
4034,Ocyphaps lophotes,2495190,SPECIES,ACCEPTED,Animalia,"2495190: Ocyphaps lophotes (Temminck, 1822)",212,159746950
4035,Odontarrhena muralis,3693541,SPECIES,ACCEPTED,Plantae,NA,220,213214557
4036,Odontites jaubertianus,7564934,SPECIES,ACCEPTED,Plantae,7564934: Odontites jaubertianus (Boreau) D.Dietr. ex Walp.,220,152545555
4037,Odontites luteus,7855120,SPECIES,ACCEPTED,Plantae,7855120: Odontites luteus (L.) Clairv.,220,213215433
4038,Odontites luteus,7855120,SPECIES,ACCEPTED,Plantae,7855120: Odontites luteus (L.) Clairv.,220,152545556
4039,Oecobius amboseli,2162525,SPECIES,ACCEPTED,Animalia,NA,367,152544075
4040,Oecobius navus,2162537,SPECIES,ACCEPTED,Animalia,"2162537: Oecobius navus Blackwall, 1859",367,152544076
4041,Oedaleus decorus,1714140,SPECIES,ACCEPTED,Animalia,NA,216,213213759
4042,Oena capensis,7222196,NA,NA,NA,NA,220,159746953
4043,Oenanthe pimpinelloides,5371889,SPECIES,ACCEPTED,Plantae,5371889: Oenanthe pimpinelloides L.,220,152544532
4044,Oenothera affinis,4142335,NA,NA,NA,NA,196,213213437
4045,Oenothera angustissima,3188889,SPECIES,ACCEPTED,Plantae,3188889: Oenothera angustissima R.R.Gates,220,NA
4046,Oenothera biennis,3188924,SPECIES,ACCEPTED,Plantae,3188924: Oenothera biennis L.,220,152543486
4047,Oenothera cambrica,7322292,SPECIES,ACCEPTED,Plantae,7322292: Oenothera cambrica Rostanski,220,152543447
4048,Oenothera canovirens,6427797,SPECIES,ACCEPTED,Plantae,6427797: Oenothera canovirens Steele,220,NA
4049,Oenothera casimiri,3664287,SPECIES,ACCEPTED,Plantae,3664287: Oenothera casimiri Rostanski,220,152543469
4050,Oenothera curtiflora,7277946,NA,NA,NA,NA,220,152543458
4051,Oenothera deflexa,7322773,SPECIES,ACCEPTED,Plantae,7322773: Oenothera deflexa R.R.Gates,220,NA
4052,Oenothera drawertii,3667007,SPECIES,ACCEPTED,Plantae,3667007: Oenothera drawertii Renner ex Rostanski,220,164251179
4053,Oenothera elata,3188829,SPECIES,ACCEPTED,Plantae,3188829: Oenothera elata Kunth,220,159748065
4054,Oenothera ersteinensis,3666776,SPECIES,ACCEPTED,Plantae,3666776: Oenothera ersteinensis Linder & R.Jean,220,164251181
4055,Oenothera fallax,7915783,SPECIES,ACCEPTED,Plantae,7915783: Oenothera fallax Renner,220,152543437
4056,Oenothera glazioviana,3188894,SPECIES,ACCEPTED,Plantae,3188894: Oenothera glazioviana Micheli | 7440977: Oenothera glazioviana var. azorica Rostański | 7322569: Oenothera glazioviana f. glazioviana | 3188895: Oenothera erythrosepala (Borbás) Borbás,220,152543487
4057,Oenothera glazioviana,8566446,SPECIES,ACCEPTED,Plantae,NA,220,152543487
4058,Oenothera glazioviana,5226308,SPECIES,ACCEPTED,Plantae,NA,11592253,152543487
4059,Oenothera glazioviana,6156934,SPECIES,ACCEPTED,Plantae,NA,11418114,152543487
4060,Oenothera glazioviana,5544928,SPECIES,ACCEPTED,Plantae,NA,220,152543487
4061,Oenothera glazioviana,4270675,SPECIES,ACCEPTED,Plantae,NA,196,152543487
4062,Oenothera glazioviana,2717402,SPECIES,ACCEPTED,Plantae,NA,196,152543487
4063,Oenothera glazioviana,5831060,SPECIES,ACCEPTED,Plantae,NA,220,152543487
4064,Oenothera glazioviana,7223177,SPECIES,ACCEPTED,Plantae,NA,220,152543487
4065,Oenothera glazioviana,6157026,SPECIES,ACCEPTED,Plantae,NA,11418114,152543487
4066,Oenothera glazioviana,7062200,SPECIES,ACCEPTED,Plantae,NA,11418114,152543487
4067,Oenothera glazioviana,5224481,SPECIES,ACCEPTED,Plantae,NA,11592253,152543487
4068,Oenothera glazioviana,5224543,SPECIES,ACCEPTED,Plantae,NA,11592253,152543487
4069,Oenothera glazioviana,8429888,SPECIES,ACCEPTED,Plantae,NA,196,152543487
4070,Oenothera glazioviana,7226804,SPECIES,ACCEPTED,Plantae,NA,196,152543487
4071,Oenothera glazioviana,5825913,SPECIES,ACCEPTED,Plantae,NA,194,152543487
4072,Oenothera glazioviana,7230699,SPECIES,ACCEPTED,Plantae,NA,194,152543487
4073,Oenothera glazioviana,7331861,SPECIES,ACCEPTED,Plantae,NA,220,152543487
4074,Oenothera glazioviana,5587240,SPECIES,ACCEPTED,Plantae,NA,220,152543487
4075,Oenothera glazioviana,3047633,SPECIES,ACCEPTED,Plantae,NA,220,152543487
4076,Oenothera glazioviana,4048052,SPECIES,ACCEPTED,Plantae,NA,220,152543487
4077,Oenothera glazioviana,8338571,SPECIES,ACCEPTED,Plantae,NA,196,152543487
4078,Oenothera glazioviana,7066596,NA,NA,NA,NA,220,152543487
4079,Oenothera glazioviana,4925890,NA,NA,NA,NA,220,152543487
4080,Oenothera glazioviana azorica,NA,NA,NA,NA,NA,NA,213213443
4081,Oenothera glazioviana rubricalyx,NA,NA,NA,NA,NA,NA,213213452
4082,Oenothera indecora,7322393,SPECIES,ACCEPTED,Plantae,NA,220,152543452
4083,Oenothera issleri,7322373,SPECIES,ACCEPTED,Plantae,NA,220,152543454
4084,Oenothera laciniata,3188867,SPECIES,ACCEPTED,Plantae,NA,220,152543478
4085,Oenothera lindheimeri,3664589,SPECIES,ACCEPTED,Plantae,3664589: Oenothera lindheimeri (Engelm. & A.Gray) W.L.Wagner & Hoch | 3189268: Gaura lindheimeri Engelm. & Gray,220,152543471
4086,Oenothera moravica,3663772,SPECIES,ACCEPTED,Plantae,3663772: Oenothera moravica V.Jehlík & Rostanski,220,152543473
4087,Oenothera nuda,3667628,SPECIES,ACCEPTED,Plantae,NA,220,152543463
4088,Oenothera oakesiana,3188884,SPECIES,ACCEPTED,Plantae,3188884: Oenothera oakesiana (A.Gray) S.Watson,220,152543482
4089,Oenothera oehlkersii,8153538,SPECIES,ACCEPTED,Plantae,8153538: Oenothera oehlkersii Kappus,220,152543438
4090,Oenothera paradoxa,3667238,SPECIES,ACCEPTED,Plantae,3667238: Oenothera paradoxa Hudziok,220,152543459
4091,Oenothera parviflora,8994150,SPECIES,ACCEPTED,Plantae,8994150: Oenothera parviflora L.,220,152543434
4092,Oenothera perennis,2294131,NA,NA,NA,NA,225,152543476
4093,Oenothera pycnocarpa,3188926,SPECIES,ACCEPTED,Plantae,3188926: Oenothera pycnocarpa Atk. & Bartlett,220,NA
4094,Oenothera rosea,3188875,SPECIES,ACCEPTED,Plantae,NA,220,152543480
4095,Oenothera royfraseri,3665940,SPECIES,ACCEPTED,Plantae,3665940: Oenothera royfraseri R.R.Gates,220,NA
4096,Oenothera rubricalyx,3665866,SPECIES,ACCEPTED,Plantae,3665866: Oenothera rubricalyx R.R.Gates,220,NA
4097,Oenothera rubricaulis,7322529,SPECIES,ACCEPTED,Plantae,7322529: Oenothera rubricaulis Kleb.,220,152543451
4098,Oenothera rubricauloides,3665817,SPECIES,ACCEPTED,Plantae,3665817: Oenothera rubricauloides Rostanski,220,152543467
4099,Oenothera speciosa,3188859,SPECIES,ACCEPTED,Plantae,3188859: Oenothera speciosa Nutt.,220,152543477
4100,Oenothera stricta,3188830,SPECIES,ACCEPTED,Plantae,3188830: Oenothera stricta Link,220,152543475
4101,Oenothera suaveolens,8302634,SPECIES,ACCEPTED,Plantae,8302634: Oenothera suaveolens Desf. ex Pers.,220,152543440
4102,Oenothera subterminalis,3664677,SPECIES,ACCEPTED,Plantae,3664677: Oenothera subterminalis R.R.Gates,220,NA
4103,Oenothera tetragona,6427785,SPECIES,ACCEPTED,Plantae,NA,220,213213458
4104,Oenothera victorinii,7322143,SPECIES,ACCEPTED,Plantae,7322143: Oenothera victorinii R.R.Gates & Catches.,220,NA
4105,Oenothera villosa,3188896,SPECIES,ACCEPTED,Plantae,NA,220,213213446
4106,Oenothera villosa,5547989,SPECIES,ACCEPTED,Plantae,NA,220,213213446
4107,Oenothera villosa,2653392,SPECIES,ACCEPTED,Plantae,NA,282,213213446
4108,Oenothera villosa,7308043,SPECIES,ACCEPTED,Plantae,NA,220,213213446
4109,Oenothera villosa,4271356,SPECIES,ACCEPTED,Plantae,NA,220,213213446
4110,Oenothera villosa,7323251,SPECIES,ACCEPTED,Plantae,NA,220,213213446
4111,Oenothera villosa,7224157,SPECIES,ACCEPTED,Plantae,NA,220,213213446
4112,Oenothera villosa,7323906,SPECIES,ACCEPTED,Plantae,NA,220,213213446
4113,Oenothera villosa,3898065,SPECIES,ACCEPTED,Plantae,NA,220,213213446
4114,Oenothera villosa,4270548,SPECIES,ACCEPTED,Plantae,NA,196,213213446
4115,Oenothera villosa,9537212,SPECIES,ACCEPTED,Plantae,NA,220,213213446
4116,Oenothera villosa,6427623,SPECIES,ACCEPTED,Plantae,NA,220,213213446
4117,Oenothera villosa,6164210,NA,NA,NA,NA,359,213213446
4118,Oenothera villosa villosa,NA,NA,NA,NA,NA,NA,213213461
4119,Oenothera wratislaviensis,3667721,SPECIES,ACCEPTED,Plantae,NA,220,152543462
4120,Olios NA,2162003,GENUS,ACCEPTED,Animalia,NA,367,NA
4121,Olios argelasius,2162049,SPECIES,ACCEPTED,Animalia,NA,367,152544083
4122,Oloptum miliaceum,8335191,SPECIES,ACCEPTED,Plantae,NA,196,213213109
4123,Oloptum thomasii,9317568,SPECIES,ACCEPTED,Plantae,NA,196,213213107
4124,Omphalodes verna,2926048,SPECIES,ACCEPTED,Plantae,2926048: Omphalodes verna Moench,220,152545527
4125,Oncorhynchus kisutch,5384342,NA,NA,NA,NA,220,152543507
4126,Oncorhynchus mykiss,5204019,SPECIES,ACCEPTED,Animalia,"5204019: Oncorhynchus mykiss (Walbaum, 1792)",NA,152543505
4127,Oncosiphon pilulifer,10852031,SPECIES,ACCEPTED,Plantae,NA,220,213215042
4128,Oncosiphon piluliferum,3118650,SPECIES,ACCEPTED,Plantae,3118650: Oncosiphon piluliferum (L.fil.) Källersjö,220,NA
4129,Ondatra zibethicus,5219858,SPECIES,ACCEPTED,Animalia,"5219858: Ondatra zibethicus (Linnaeus, 1766)",359,152543269
4130,Onobrychis caput-galli,2972703,SPECIES,ACCEPTED,Plantae,NA,220,182134308
4131,Onobrychis viciifolia,2972595,SPECIES,ACCEPTED,Plantae,2972595: Onobrychis viciifolia Scop.,220,152545150
4132,Onoclea sensibilis,2650903,SPECIES,ACCEPTED,Plantae,2650903: Onoclea sensibilis L.,7228684,152547211
4133,Ononis alopecuroides,2977222,SPECIES,ACCEPTED,Plantae,2977222: Ononis alopecuroides L.,220,152545144
4134,Ononis natrix,2977234,SPECIES,ACCEPTED,Plantae,2977234: Ononis natrix L.,220,152545145
4135,Onopordum beckianum,7295374,NA,NA,NA,NA,220,152544378
4136,Onopordum macracanthum,5341202,NA,NA,NA,NA,220,152544381
4137,Onopordum tauricum,3094939,SPECIES,ACCEPTED,Plantae,3094939: Onopordum tauricum Willd.,220,152544379
4138,Onychognathus tristramii,5230734,SPECIES,ACCEPTED,Animalia,"5230734: Onychognathus tristramii (P.L.Sclater, 1858)",212,159747249
4139,Ophiopogon jaburan,2774214,SPECIES,ACCEPTED,Plantae,2774214: Ophiopogon jaburan (Siebold) G.Lodd.,196,182133241
4140,Oplismenus hirtellus,7987143,NA,NA,NA,NA,216,152547020
4141,Opopanax chironium,6027176,SPECIES,ACCEPTED,Plantae,6027176: Opopanax chironium (L.) Koch,220,182134042
4142,Opsius stactogalus,2038171,SPECIES,ACCEPTED,Animalia,NA,216,213214084
4143,Oreochromis niloticus,5352425,NA,NA,NA,NA,220,152543417
4144,Orientus ishidae,2037925,SPECIES,ACCEPTED,Animalia,NA,216,213214056
4145,Origanum onites,2926613,SPECIES,ACCEPTED,Plantae,2926613: Origanum onites L.,220,182134656
4146,Origanum vulgare,7333212,SUBSPECIES,ACCEPTED,Plantae,NA,220,NA
4147,Origanum vulgare,9508942,SUBSPECIES,ACCEPTED,Plantae,NA,220,NA
4148,Origanum vulgare,5928306,SUBSPECIES,ACCEPTED,Plantae,NA,220,NA
4149,Origanum vulgare,6449041,SUBSPECIES,ACCEPTED,Plantae,NA,196,NA
4150,Origanum vulgare,6420901,SUBSPECIES,ACCEPTED,Plantae,NA,220,NA
4151,Origanum vulgare,4035024,SUBSPECIES,ACCEPTED,Plantae,NA,220,NA
4152,Origanum vulgare,3596131,SUBSPECIES,ACCEPTED,Plantae,NA,220,NA
4153,Origanum vulgare,7764312,SUBSPECIES,ACCEPTED,Plantae,NA,220,NA
4154,Origanum vulgare,7420522,SUBSPECIES,ACCEPTED,Plantae,NA,220,NA
4155,Origanum vulgare,7223276,SUBSPECIES,ACCEPTED,Plantae,NA,220,NA
4156,Origanum vulgare,4194303,SUBSPECIES,ACCEPTED,Plantae,NA,220,NA
4157,Origanum vulgare,2717402,NA,NA,NA,NA,196,NA
4158,Origanum vulgare hirtum,NA,NA,NA,NA,NA,NA,152545691
4159,Oriolus auratus,2442665,NA,NA,NA,NA,11418114,159747269
4160,Orlaya daucoides,3638303,SPECIES,ACCEPTED,Plantae,NA,220,213215302
4161,Ornithogalum divergens,2773453,SPECIES,ACCEPTED,Plantae,9424795: Ornithogalum umbellatum subsp. divergens (Boreau) Bonnier & Layens | 6316566: Ornithogalum umbellatum subsp. divergens (Boreau) Asch. & Graebn.,196,152546712
4162,Ornithogalum narbonense,2772958,SPECIES,ACCEPTED,Plantae,2772958: Ornithogalum narbonense L.,196,152546710
4163,Ornithogalum nutans,2773281,SPECIES,ACCEPTED,Plantae,2773281: Ornithogalum nutans L.,196,152546711
4164,Ornithogalum pyramidale,2772885,SPECIES,ACCEPTED,Plantae,2772885: Ornithogalum pyramidale L.,196,152546713
4165,Ornithopus compressus,5358265,SPECIES,ACCEPTED,Plantae,5358265: Ornithopus compressus L.,220,152545043
4166,Ornithopus sativus,5358266,SPECIES,ACCEPTED,Plantae,5358266: Ornithopus sativus Brot.,220,152545044
4167,Orobanche amethystea,7519710,SPECIES,ACCEPTED,Plantae,7519710: Orobanche amethystea Thuill.,220,152545560
4168,Orobanche flava,7332516,SPECIES,DOUBTFUL,Plantae,7332516: Orobanche flava Mart. ex F.W.Schultz,220,NA
4169,Orobanche flava,7136602,NA,NA,NA,NA,220,NA
4170,Orobanche flava,7308335,NA,NA,NA,NA,220,NA
4171,Orobanche flava,5347854,NA,NA,NA,NA,220,NA
4172,Orobanche flava,7224157,NA,NA,NA,NA,220,NA
4173,Orobanche flava,5373483,NA,NA,NA,NA,220,NA
4174,Orobanche flava,3802956,NA,NA,NA,NA,220,NA
4175,Orobanche flava,5224543,NA,NA,NA,NA,11592253,NA
4176,Orobanche flava,4104890,NA,NA,NA,NA,196,NA
4177,Orobanche flava,7358677,NA,NA,NA,NA,220,NA
4178,Orobanche flava,7421129,NA,NA,NA,NA,196,NA
4179,Orobanche flava,9462721,NA,NA,NA,NA,212,NA
4180,Orobanche flava,6302047,NA,NA,NA,NA,220,NA
4181,Orobanche flava flava,NA,NA,NA,NA,NA,NA,213215431
4182,Orsillus depressus,4486382,SPECIES,ACCEPTED,Animalia,NA,216,213214235
4183,Orthilia secunda,2888310,SPECIES,ACCEPTED,Plantae,2888310: Orthilia secunda (L.) House,220,152545869
4184,Orthodontium lineare,2677047,SPECIES,ACCEPTED,Plantae,"2677047: Orthodontium lineare Schwaegrichen, 1827",327,152546498
4185,Orthomorpha coarctata,1016841,SPECIES,ACCEPTED,Animalia,NA,361,213214605
4186,Oryctolagus cuniculus,2436940,SPECIES,ACCEPTED,Animalia,"2436940: Oryctolagus cuniculus (Linnaeus, 1758)",359,152543356
4187,Oryza sativa,2703459,SPECIES,ACCEPTED,Plantae,2703459: Oryza sativa L.,196,164250924
4188,Osmanthus heterophyllus,3172276,SPECIES,ACCEPTED,Plantae,NA,220,213215417
4189,Ostrya carpinifolia,5332305,SPECIES,ACCEPTED,Plantae,NA,220,213215358
4190,Otala lactea,2294284,SPECIES,ACCEPTED,Animalia,NA,225,213213522
4191,Otiorhynchus aurifer,5344424,NA,NA,NA,NA,220,182134454
4192,Otiorhynchus cribricollis,5342681,NA,NA,NA,NA,220,182134455
4193,Otiorhynchus indefinitus,5342618,NA,NA,NA,NA,220,156873354
4194,Otiorhynchus meridionalis,5345430,NA,NA,NA,NA,220,182134456
4195,Ovis ammon,2441122,SPECIES,ACCEPTED,Animalia,"2441122: Ovis ammon (Linnaeus, 1758)",359,152543254
4196,Oxalis articulata,2891664,SPECIES,ACCEPTED,Plantae,2891664: Oxalis articulata Savigny,220,152545276
4197,Oxalis corniculata,8427624,SPECIES,ACCEPTED,Plantae,"8427624: Oxalis corniculata L. | 8361358: Oxalis corniculata var. corniculata | 2891739: Oxalis corniculata var. atropurpurea Planch. | 7509145: Oxalis corniculata var. atropurpurea (Van Houtte) P.Fourn., 1937 | 3627235: Oxalis uittienii J.T.Jansen",220,152545272
4198,Oxalis debilis,2891707,SPECIES,ACCEPTED,Plantae,2891707: Oxalis debilis Kunth | 3626865: Oxalis corymbosa DC.,220,152545279
4199,Oxalis dillenii,2891677,SPECIES,ACCEPTED,Plantae,2891677: Oxalis dillenii Jacq.,220,152545277
4200,Oxalis latifolia,2891755,SPECIES,ACCEPTED,Plantae,2891755: Oxalis latifolia Kunth,220,152545275
4201,Oxalis stricta,9823072,SPECIES,ACCEPTED,Plantae,NA,220,213214186
4202,Oxalis tetraphylla,7560711,SPECIES,ACCEPTED,Plantae,7560711: Oxalis tetraphylla Cav.,220,213214184
4203,Oxalis tetraphylla,7560711,SPECIES,ACCEPTED,Plantae,7560711: Oxalis tetraphylla Cav.,220,152545271
4204,Oxalis triangularis,7156971,SPECIES,ACCEPTED,Plantae,7156971: Oxalis triangularis A.St.-Hil.,220,152545273
4205,Oxalis valdiviensis,7318131,SPECIES,ACCEPTED,Plantae,NA,220,213214189
4206,Oxidus gracilis,1017419,SPECIES,ACCEPTED,Animalia,NA,361,213214608
4207,Oxybasis glauca,8429888,NA,NA,NA,NA,196,NA
4208,Oxybasis glauca,10948891,NA,NA,NA,NA,220,NA
4209,Oxybasis glauca,7267492,NA,NA,NA,NA,220,NA
4210,Oxybasis glauca,7853188,NA,NA,NA,NA,220,NA
4211,Oxybasis glauca,7190901,NA,NA,NA,NA,11418114,NA
4212,Oxybasis glauca,6084799,NA,NA,NA,NA,196,NA
4213,Oxybasis glauca,6300531,NA,NA,NA,NA,220,NA
4214,Oxybasis glauca,7427650,NA,NA,NA,NA,220,NA
4215,Oxybasis glauca,3802956,NA,NA,NA,NA,220,NA
4216,Oxybasis glauca,8006893,NA,NA,NA,NA,220,NA
4217,Oxybasis glauca,7295374,NA,NA,NA,NA,220,NA
4218,Oxybasis glauca,3602069,NA,NA,NA,NA,220,NA
4219,Oxybasis glauca salina,NA,NA,NA,NA,NA,NA,213214961
4220,Oxybasis macrosperma,7226804,NA,NA,NA,NA,196,152545899
4221,Oxybasis salina,9567226,VARIETY,SYNONYM,Plantae,NA,220,NA
4222,Oxycarenus lavaterae,4486243,SPECIES,ACCEPTED,Animalia,NA,216,213214097
4223,Oxychloris scariosa,2367033,NA,NA,NA,NA,NA,152547158
4224,Oxyria digyna,2889358,SPECIES,ACCEPTED,Plantae,NA,220,213214903
4225,Oxyura jamaicensis,2498305,SPECIES,ACCEPTED,Animalia,"2498305: Oxyura jamaicensis (Gmelin, 1789)",212,152543221
4226,Oxyura vittata,5232469,SPECIES,ACCEPTED,Animalia,"5232469: Oxyura vittata (Philippi, 1860)",212,159747060
4227,Pachydactylus,NA,NA,NA,NA,NA,NA,213212513
4228,Pachydactylus NA,7455425,NA,NA,NA,NA,220,NA
4229,Pachydactylus NA,6710856,NA,NA,NA,NA,196,NA
4230,Pachydactylus NA,5928306,NA,NA,NA,NA,220,NA
4231,Pachydactylus NA,5359402,NA,NA,NA,NA,220,NA
4232,Pachydactylus NA,7223177,NA,NA,NA,NA,220,NA
4233,Pachydactylus NA,7230699,NA,NA,NA,NA,194,NA
4234,Pachydactylus NA,7295374,NA,NA,NA,NA,220,NA
4235,Pachydactylus NA,4270548,NA,NA,NA,NA,196,NA
4236,Pachydactylus NA,4036350,NA,NA,NA,NA,220,NA
4237,Pachydactylus NA,2202786,NA,NA,NA,NA,229,NA
4238,Pachydactylus NA,7925720,NA,NA,NA,NA,220,NA
4239,Pachydactylus NA,10920460,NA,NA,NA,NA,212,NA
4240,Pachysandra terminalis,2984676,SPECIES,ACCEPTED,Plantae,2984676: Pachysandra terminalis Siebold & Zucc.,220,152544734
4241,Pacifastacus leniusculus,2226990,SPECIES,ACCEPTED,Animalia,"2226990: Pacifastacus leniusculus (Dana, 1852)",229,152543859
4242,Paeonia lactiflora,3083486,SPECIES,ACCEPTED,Plantae,3083486: Paeonia lactiflora Pall.,220,152544673
4243,Paeonia officinalis,3083488,SPECIES,ACCEPTED,Plantae,3083488: Paeonia officinalis L.,220,152544674
4244,Palaemon macrodactylus,2224970,SPECIES,ACCEPTED,Animalia,"2224970: Palaemon macrodactylus Rathbun, 1902",229,152543854
4245,Paliurus spina-christi,7068845,NA,NA,NA,NA,220,152544757
4246,Panchlora nivea,1995489,SPECIES,ACCEPTED,Animalia,NA,216,213214391
4247,Panicum antidotale,2705141,SPECIES,ACCEPTED,Plantae,NA,196,152547100
4248,Panicum capillare,2705162,SPECIES,ACCEPTED,Plantae,2705162: Panicum capillare L. | 6449040: Panicum capillare subsp. capillare | 6313647: Panicum capillare subsp. barbipulvinatum (Nash ex Rydb.) Tzvelev | 7638217: Panicum barbipulvinatum Nash,196,152547102
4249,Panicum clandestinum,2702544,SPECIES,ACCEPTED,Plantae,2702544: Panicum clandestinum L.,196,NA
4250,Panicum coloratum,2444141,NA,NA,NA,NA,11592253,152547098
4251,Panicum decompositum,4113402,SPECIES,ACCEPTED,Plantae,NA,196,152547095
4252,Panicum dichotomiflorum,2705144,SPECIES,ACCEPTED,Plantae,2705144: Panicum dichotomiflorum Michx. | 8357651: Panicum chloroticum Nees ex Trin.,196,152547101
4253,Panicum hillmanii,2705098,SPECIES,ACCEPTED,Plantae,NA,196,213212881
4254,Panicum hirticaule,2484608,NA,NA,NA,NA,212,152547097
4255,Panicum laevinode,4116709,SPECIES,ACCEPTED,Plantae,NA,196,152547093
4256,Panicum miliaceum,2705090,SPECIES,ACCEPTED,Plantae,2705090: Panicum miliaceum L. | 6449041: Panicum miliaceum subsp. miliaceum | 4134741: Panicum miliaceum subsp. ruderale (Kitag.) Tzvelev | 4134826: Panicum miliaceum subsp. agricola H.Scholz & Mikolá | 10920235: Panicum miliaceum subsp. ruderale (Kitag.) Tzelev,196,152547099
4257,Panicum miliaceum,6449041,SUBSPECIES,ACCEPTED,Plantae,6449041: Panicum miliaceum subsp. miliaceum,196,152547099
4258,Panicum miliaceum,3042889,SPECIES,ACCEPTED,Plantae,NA,220,152547099
4259,Panicum miliaceum,3898065,SPECIES,ACCEPTED,Plantae,NA,220,152547099
4260,Panicum miliaceum,3922770,SPECIES,ACCEPTED,Plantae,NA,220,152547099
4261,Panicum miliaceum,6313049,SPECIES,ACCEPTED,Plantae,NA,196,152547099
4262,Panicum miliaceum,7225621,SPECIES,ACCEPTED,Plantae,NA,220,152547099
4263,Panicum miliaceum,7223276,SPECIES,ACCEPTED,Plantae,NA,220,152547099
4264,Panicum miliaceum,4270548,SPECIES,ACCEPTED,Plantae,NA,196,152547099
4265,Panicum miliaceum,7068732,SPECIES,ACCEPTED,Plantae,NA,220,152547099
4266,Panicum miliaceum,5581279,SPECIES,ACCEPTED,Plantae,NA,220,152547099
4267,Panicum miliaceum,5831060,SPECIES,ACCEPTED,Plantae,NA,220,152547099
4268,Panicum miliaceum,2444221,NA,NA,NA,NA,11592253,152547099
4269,Panicum miliaceum miliaceum,NA,NA,NA,NA,NA,NA,152547092
4270,Panicum schinzii,4125308,SPECIES,ACCEPTED,Plantae,4125308: Panicum schinzii Hack.,196,152547094
4271,Panicum virgatum,2705081,SPECIES,ACCEPTED,Plantae,2705081: Panicum virgatum L.,196,152547096
4272,Pantherophis guttatus,2455615,SPECIES,ACCEPTED,Animalia,"2455615: Pantherophis guttatus (Linnaeus, 1766)",11592253,182133760
4273,Pantherophis obsoletus,2455676,SPECIES,ACCEPTED,Animalia,"7387949: Elaphe obsoleta (Say, 1823)",11592253,182133761
4274,Pantherophis spiloides,8918909,NA,NA,NA,NA,196,213212473
4275,Papaver atlanticum,7315072,SPECIES,ACCEPTED,Plantae,7315072: Papaver atlanticum (Ball) Coss.,220,152546401
4276,Papaver bracteatum,2888435,SPECIES,ACCEPTED,Plantae,NA,220,213214325
4277,Papaver cambricum,3602683,SPECIES,ACCEPTED,Plantae,NA,220,213214323
4278,Papaver commutatum,7153734,SPECIES,ACCEPTED,Plantae,7153734: Papaver commutatum Fisch. & C.A.Mey.,220,182134799
4279,Papaver hybridum,2888446,SPECIES,ACCEPTED,Plantae,2888446: Papaver hybridum L.,220,NA
4280,Papaver nudicaule,8144599,SPECIES,ACCEPTED,Plantae,8144599: Papaver nudicaule L.,220,152546399
4281,Papaver orientale,2888437,SPECIES,ACCEPTED,Plantae,NA,220,213214331
4282,Papaver setiferum,8342911,SPECIES,ACCEPTED,Plantae,2888462: Papaver pseudo-orientale (Fedde) Medw. | 8342911: Papaver setiferum Goldblatt,220,152546400
4283,Papaver setigerum,3602227,SPECIES,ACCEPTED,Plantae,8242032: Papaver somniferum subsp. setigerum (DC.) Arcang.,220,159748679
4284,Papaver somniferum,3602069,SUBSPECIES,ACCEPTED,Plantae,3602069: Papaver somniferum subsp. somniferum,220,213214330
4285,Papaver somniferum,2141241,SPECIES,ACCEPTED,Plantae,NA,367,213214330
4286,Papaver somniferum,2706403,SPECIES,ACCEPTED,Plantae,NA,196,213214330
4287,Papaver somniferum,7226804,SPECIES,ACCEPTED,Plantae,NA,196,213214330
4288,Papaver somniferum,5548011,SPECIES,ACCEPTED,Plantae,NA,220,213214330
4289,Papaver somniferum,5825913,SPECIES,ACCEPTED,Plantae,NA,194,213214330
4290,Papaver somniferum,7327959,SPECIES,ACCEPTED,Plantae,NA,220,213214330
4291,Papaver somniferum,8983123,SPECIES,ACCEPTED,Plantae,NA,220,213214330
4292,Papaver somniferum,10755213,SPECIES,ACCEPTED,Plantae,NA,196,213214330
4293,Papaver somniferum,7272185,SPECIES,ACCEPTED,Plantae,NA,220,213214330
4294,Papaver somniferum,6157050,SPECIES,ACCEPTED,Plantae,NA,11418114,213214330
4295,Papaver somniferum,4925890,NA,NA,NA,NA,220,213214330
4296,Papaver somniferum somniferum,NA,NA,NA,NA,NA,NA,152546402
4297,Parabuteo unicinctus,2480410,SPECIES,ACCEPTED,Animalia,"2480410: Parabuteo unicinctus (Temminck, 1824)",212,159747130
4298,Parakontikia ventrolineata,6476704,SPECIES,ACCEPTED,Animalia,NA,NA,213213341
4299,Paralaoma servilis,4568269,SPECIES,ACCEPTED,Animalia,"4568269: Paralaoma servilis (Shuttleworth, 1852)",225,157092273
4300,Paramesotriton labiatus,10701161,SPECIES,ACCEPTED,Animalia,NA,131,213213239
4301,Parapholis cylindrica,12246414,SPECIES,ACCEPTED,Plantae,NA,196,213212764
4302,Parapholis incurva,5290069,SPECIES,ACCEPTED,Plantae,5290069: Parapholis incurva (L.) C.E.Hubb.,196,152546850
4303,Paratrechina longicornis,1325561,SPECIES,ACCEPTED,Animalia,"1325561: Paratrechina longicornis (Latreille, 1802)",216,152544494
4304,Parentucellia latifolia,8049400,SPECIES,ACCEPTED,Plantae,8049400: Parentucellia latifolia (L.) Caruel,220,152545558
4305,Paroaria coronata,2492081,SPECIES,ACCEPTED,Animalia,"2492081: Paroaria coronata (J.F.Miller, 1776)",212,159747281
4306,Paronychia argentea,5528747,SPECIES,ACCEPTED,Plantae,5528747: Paronychia argentea Lam.,220,152546062
4307,Paronychia brasiliana,7314281,SPECIES,ACCEPTED,Plantae,NA,220,152546061
4308,Parthenium hysterophorus,3086784,SPECIES,ACCEPTED,Plantae,3086784: Parthenium hysterophorus L.,220,152544111
4309,Parthenocissus inserta,3039203,SPECIES,ACCEPTED,Plantae,NA,220,213213599
4310,Parthenocissus quinquefolia,3039194,SPECIES,ACCEPTED,Plantae,3039194: Parthenocissus quinquefolia (L.) Planch.,220,152544449
4311,Parthenocissus tricuspidata,3039209,SPECIES,ACCEPTED,Plantae,3039209: Parthenocissus tricuspidata (Siebold & Zucc.) Planch.,220,152544447
4312,Parthenocissus vitacea,3039193,SPECIES,ACCEPTED,Plantae,3039203: Parthenocissus inserta (A.Kern.) Fritsch | 3039193: Parthenocissus vitacea (Knerr) Hitchc.,220,NA
4313,Parthenothrips dracaenae,1420857,SPECIES,ACCEPTED,Animalia,NA,216,152544428
4314,Paspalum dilatatum,2705565,SPECIES,ACCEPTED,Plantae,2705565: Paspalum dilatatum Poir.,196,152547035
4315,Paspalum distichum,2705622,SPECIES,ACCEPTED,Plantae,2705622: Paspalum distichum L.,196,152547036
4316,Paspalum notatum,2705621,SPECIES,ACCEPTED,Plantae,NA,196,213212931
4317,Paspalum paniculatum,2705587,SPECIES,ACCEPTED,Plantae,2705587: Paspalum paniculatum L.,196,152547034
4318,Paspalum saurae,4154259,SPECIES,ACCEPTED,Plantae,NA,196,159747653
4319,Passerina caerulea,5230862,SPECIES,ACCEPTED,Animalia,"5230862: Passerina caerulea (Linnaeus, 1758)",212,159747290
4320,Passerina ciris,5230852,SPECIES,ACCEPTED,Animalia,NA,212,213212788
4321,Passiflora caerulea,2874199,SPECIES,ACCEPTED,Plantae,2874199: Passiflora caerulea L.,220,152546484
4322,Passiflora edulis,2874190,SPECIES,ACCEPTED,Plantae,2874190: Passiflora edulis Sims,220,152546483
4323,Pastinaca sativa,7224157,SUBSPECIES,ACCEPTED,Plantae,7224157: Pastinaca sativa subsp. sativa,220,NA
4324,Pastinaca sativa,7466434,SUBSPECIES,ACCEPTED,Plantae,7466434: Pastinaca sativa subsp. urens (Req. ex Godr.) Celak.,220,NA
4325,Pastinaca sativa,7332416,SUBSPECIES,ACCEPTED,Plantae,NA,220,NA
4326,Pastinaca sativa,1420765,SUBSPECIES,ACCEPTED,Plantae,NA,216,NA
4327,Pastinaca sativa,5352372,SUBSPECIES,ACCEPTED,Plantae,NA,220,NA
4328,Pastinaca sativa,7068732,SUBSPECIES,ACCEPTED,Plantae,NA,220,NA
4329,Pastinaca sativa,8421432,SUBSPECIES,ACCEPTED,Plantae,NA,220,NA
4330,Pastinaca sativa,5373483,SUBSPECIES,ACCEPTED,Plantae,NA,220,NA
4331,Pastinaca sativa,7223276,SUBSPECIES,ACCEPTED,Plantae,NA,220,NA
4332,Pastinaca sativa,2161467,SUBSPECIES,ACCEPTED,Plantae,NA,367,NA
4333,Pastinaca sativa,5587240,SUBSPECIES,ACCEPTED,Plantae,NA,220,NA
4334,Pastinaca sativa,3047633,SUBSPECIES,ACCEPTED,Plantae,NA,220,NA
4335,Pastinaca sativa,5224481,SUBSPECIES,ACCEPTED,Plantae,NA,11592253,NA
4336,Pastinaca sativa,5224543,SUBSPECIES,ACCEPTED,Plantae,NA,11592253,NA
4337,Pastinaca sativa,8918909,SUBSPECIES,ACCEPTED,Plantae,NA,196,NA
4338,Pastinaca sativa,4131042,SUBSPECIES,ACCEPTED,Plantae,NA,196,NA
4339,Pastinaca sativa,7271631,SUBSPECIES,ACCEPTED,Plantae,NA,220,NA
4340,Pastinaca sativa,3040999,SUBSPECIES,ACCEPTED,Plantae,NA,220,NA
4341,Pastinaca sativa,7190901,SUBSPECIES,ACCEPTED,Plantae,NA,11418114,NA
4342,Pastinaca sativa,3596131,SUBSPECIES,ACCEPTED,Plantae,NA,220,NA
4343,Pastinaca sativa,7277946,SUBSPECIES,ACCEPTED,Plantae,NA,220,NA
4344,Pastinaca sativa,6084799,SUBSPECIES,ACCEPTED,Plantae,NA,196,NA
4345,Pastinaca sativa,7096205,NA,NA,NA,NA,220,NA
4346,Pastinaca sativa,7757431,NA,NA,NA,NA,220,NA
4347,Pastinaca sativa sativa,NA,NA,NA,NA,NA,NA,152544506
4348,Pastinaca sativa urens,NA,NA,NA,NA,NA,NA,152544504
4349,Paulownia tomentosa,3170823,SPECIES,ACCEPTED,Plantae,3170823: Paulownia tomentosa (Thunb.) Steud.,220,152545603
4350,Pavo cristatus,9451184,SPECIES,ACCEPTED,Animalia,"9451184: Pavo cristatus Linnaeus, 1758",212,159747518
4351,Paysandisia archon,1941864,SPECIES,ACCEPTED,Animalia,NA,216,152544309
4352,Pectinatella magnifica,1003567,SPECIES,ACCEPTED,Animalia,NA,139,213214894
4353,Pelargonium candicans,3827975,SPECIES,ACCEPTED,Plantae,3827975: Pelargonium candicans Spreng.,220,152545286
4354,Pelargonium capitatum,3746867,NA,NA,NA,NA,7228684,213214042
4355,Pelecanus conspicillatus,5229156,SPECIES,ACCEPTED,Animalia,"5229156: Pelecanus conspicillatus Temminck, 1824",212,159747481
4356,Pelecanus onocrotalus,2480350,SPECIES,ACCEPTED,Animalia,"2480350: Pelecanus onocrotalus Linnaeus, 1758",212,159747482
4357,Pelecanus rufescens,2480352,SPECIES,ACCEPTED,Animalia,"2480352: Pelecanus rufescens Gmelin, 1789",212,159747483
4358,Pellenes geniculatus,3757050,NA,NA,NA,NA,220,152544112
4359,Pelodiscus sinensis,5220435,SPECIES,ACCEPTED,Animalia,NA,11418114,213213157
4360,Pelomedusa subrufa,3757457,NA,NA,NA,NA,220,182133921
4361,Pelophylax bedriagae,2426640,SPECIES,ACCEPTED,Animalia,"2426640: Pelophylax bedriagae (Camerano, 1882)",131,152543392
4362,Pelophylax perezi,6035549,NA,NA,NA,NA,220,213213205
4363,Pelophylax ridibundus,2426661,SPECIES,ACCEPTED,Animalia,"2426661: Pelophylax ridibundus (Pallas, 1771) | 2426662: Rana ridibunda Pallas, 1771",131,152543390
4364,Pelusios castaneus,9022569,NA,NA,NA,NA,11592253,182133918
4365,Penaeus aztecus,9738098,NA,NA,NA,NA,225,182134007
4366,Penstemon digitalis,8251158,SPECIES,ACCEPTED,Plantae,3171358: Penstemon digitalis Nutt. ex Sims,220,182134574
4367,Pentaglottis sempervirens,2926130,SPECIES,ACCEPTED,Plantae,2926130: Pentaglottis sempervirens (L.) L.H.Bailey,220,152545507
4368,Pentameris airoides,3084748,NA,NA,NA,NA,220,213213104
4369,Pentanema hirtum,6374790,NA,NA,NA,NA,220,213215082
4370,Pentanema spiraeifolium,3033584,NA,NA,NA,NA,220,213215083
4371,Perilla frutescens,5341394,SPECIES,ACCEPTED,Plantae,5341394: Perilla frutescens (L.) Britton,220,152545723
4372,Periplaneta americana,2000152,SPECIES,ACCEPTED,Animalia,NA,216,213214380
4373,Periplaneta australasiae,2000204,SPECIES,ACCEPTED,Animalia,NA,216,213214381
4374,Periploca graeca,2739769,NA,NA,NA,NA,196,152545242
4375,Perovskia abrotanoides,3889083,SPECIES,ACCEPTED,Plantae,3889083: Perovskia abrotanoides Kar.,220,NA
4376,Perovskia atriplicifolia,3889056,SPECIES,ACCEPTED,Plantae,10801424: Salvia yangii B.T.Drew | 3889056: Perovskia atriplicifolia Benth.,220,NA
4377,Persea americana,3034046,SPECIES,ACCEPTED,Plantae,3034046: Persea americana Mill.,220,152544659
4378,Persicaria capitata,2889304,SPECIES,ACCEPTED,Plantae,5334454: Polygonum capitatum Buch.-Ham. ex D.Don | 2889304: Persicaria capitata (Buch.-Ham. ex D.Don) H.Gross,220,152546126
4379,Persicaria filiformis,7291643,SPECIES,ACCEPTED,Plantae,NA,220,213214917
4380,Persicaria glabra,6391450,SPECIES,ACCEPTED,Plantae,NA,220,213214916
4381,Persicaria nepalensis,4034001,SPECIES,ACCEPTED,Plantae,8207955: Persicaria nepalensis (Meisn.) Miyabe,220,152546124
4382,Persicaria orientalis,2889229,SPECIES,ACCEPTED,Plantae,2889229: Persicaria orientalis (L.) Spach | 5334392: Polygonum orientale L.,220,152546125
4383,Persicaria pensylvanica,2889198,SPECIES,ACCEPTED,Plantae,NA,220,213214915
4384,Petasites albus,7749287,SPECIES,ACCEPTED,Plantae,7749287: Petasites albus (L.) Gaertn.,220,152544116
4385,Petasites japonicus,3088310,SPECIES,ACCEPTED,Plantae,3088310: Petasites japonicus (Siebold & Zucc.) Maxim.,220,152544120
4386,Petasites japonicus,3937506,SPECIES,ACCEPTED,Plantae,NA,220,152544120
4387,Petasites japonicus,8421432,SPECIES,ACCEPTED,Plantae,NA,220,152544120
4388,Petasites japonicus,6302047,SPECIES,ACCEPTED,Plantae,NA,220,152544120
4389,Petasites japonicus,8134874,SPECIES,ACCEPTED,Plantae,NA,196,152544120
4390,Petasites japonicus,8782549,SPECIES,ACCEPTED,Plantae,NA,11592253,152544120
4391,Petasites japonicus,8336551,SPECIES,ACCEPTED,Plantae,NA,220,152544120
4392,Petasites japonicus,2653392,SPECIES,ACCEPTED,Plantae,NA,282,152544120
4393,Petasites japonicus,11794300,SPECIES,ACCEPTED,Plantae,NA,220,152544120
4394,Petasites japonicus,3602069,SPECIES,ACCEPTED,Plantae,NA,220,152544120
4395,Petasites japonicus,7757431,SPECIES,ACCEPTED,Plantae,NA,220,152544120
4396,Petasites japonicus,3802956,SPECIES,ACCEPTED,Plantae,NA,220,152544120
4397,Petasites japonicus,6411098,NA,NA,NA,NA,220,152544120
4398,Petasites japonicus japonicus,NA,NA,NA,NA,NA,NA,213215199
4399,Petasites pyrenaicus,3088282,SPECIES,ACCEPTED,Plantae,3088282: Petasites pyrenaicus (L.) G.López,220,152544121
4400,Petricolaria pholadiformis,2287615,SPECIES,ACCEPTED,Animalia,"8180054: Petricola pholadiformis Lamarck, 1818 | 2287615: Petricolaria pholadiformis (Lamarck, 1818)",137,152543792
4401,Petrorhagia nanteuilii,3085622,SPECIES,ACCEPTED,Plantae,NA,220,152546085
4402,Petrorhagia saxifraga,3085623,SPECIES,ACCEPTED,Plantae,3085623: Petrorhagia saxifraga (L.) Link,220,152546084
4403,Petrosedum ochroleucum,2286079,NA,NA,NA,NA,137,213213666
4404,Petrosedum sediforme,4201784,SPECIES,ACCEPTED,Plantae,5362017: Sedum anopetalum DC. | 5688347: Sedum sediforme (Jacq.) Pau,220,NA
4405,Petroselinum crispum,7828157,SPECIES,ACCEPTED,Plantae,NA,220,213215280
4406,Petroselinum crispum,7427741,SPECIES,ACCEPTED,Plantae,NA,220,213215280
4407,Petroselinum crispum,7327959,SPECIES,ACCEPTED,Plantae,NA,220,213215280
4408,Petroselinum crispum,4132902,SPECIES,ACCEPTED,Plantae,NA,196,213215280
4409,Petroselinum crispum,7324507,SPECIES,ACCEPTED,Plantae,NA,220,213215280
4410,Petroselinum crispum,8323119,SPECIES,ACCEPTED,Plantae,NA,220,213215280
4411,Petroselinum crispum,3890974,SPECIES,ACCEPTED,Plantae,NA,220,213215280
4412,Petroselinum crispum,4219118,SPECIES,ACCEPTED,Plantae,NA,220,213215280
4413,Petroselinum crispum,7295374,SPECIES,ACCEPTED,Plantae,NA,220,213215280
4414,Petroselinum crispum,7358677,SPECIES,ACCEPTED,Plantae,NA,220,213215280
4415,Petroselinum crispum,7267631,SPECIES,ACCEPTED,Plantae,NA,220,213215280
4416,Petroselinum crispum,7225456,SPECIES,ACCEPTED,Plantae,NA,220,213215280
4417,Petroselinum crispum,3611735,NA,NA,NA,NA,220,213215280
4418,Petroselinum crispum crispum,NA,NA,NA,NA,NA,NA,213215279
4419,Petunia atkinsiana,2928859,SPECIES,ACCEPTED,Plantae,NA,220,213213490
4420,Petunia integrifolia,2928861,SPECIES,ACCEPTED,Plantae,2928861: Petunia integrifolia (Hook.) Schinz & Thell.,220,152544978
4421,Phacelia campanularia,2928238,SPECIES,ACCEPTED,Plantae,2928238: Phacelia campanularia A.Gray,220,152545483
4422,Phacelia purshii,2444356,NA,NA,NA,NA,11592253,152545482
4423,Phacelia tanacetifolia,2928226,SPECIES,ACCEPTED,Plantae,2928226: Phacelia tanacetifolia Benth.,220,152545481
4424,Phaeostachys spinifera,2459603,NA,NA,NA,NA,11592253,159748469
4425,Phalacrocorax auritus,2152793,NA,NA,NA,NA,367,159747348
4426,Phalaris angusta,5289753,SPECIES,ACCEPTED,Plantae,NA,196,152546823
4427,Phalaris aquatica,5289746,SPECIES,ACCEPTED,Plantae,5289746: Phalaris aquatica L.,196,152546829
4428,Phalaris arundinacea,5289756,SPECIES,ACCEPTED,Plantae,5289756: Phalaris arundinacea L. | 5289757: Phalaris arundinacea var. picta L.,196,152546824
4429,Phalaris brachystachys,5289745,SPECIES,ACCEPTED,Plantae,5289745: Phalaris brachystachys Link,196,152546826
4430,Phalaris canariensis,5289744,SPECIES,ACCEPTED,Plantae,5289744: Phalaris canariensis L.,196,152546827
4431,Phalaris coerulescens,4064572,NA,NA,NA,NA,220,152546828
4432,Phalaris minor,5289752,SPECIES,ACCEPTED,Plantae,5289752: Phalaris minor Retz.,196,152546822
4433,Phalaris paradoxa,5289758,SPECIES,ACCEPTED,Plantae,5289758: Phalaris paradoxa L.,196,152546825
4434,Phalaris platensis,7421129,NA,NA,NA,NA,196,152546821
4435,Phalcoboenus megalopterus,2481092,SPECIES,ACCEPTED,Animalia,"2481092: Phalcoboenus megalopterus (Meyen, 1834)",212,159747166
4436,Phaseolus coccineus,5350466,SPECIES,ACCEPTED,Plantae,5350466: Phaseolus coccineus L.,220,152545095
4437,Phaseolus vulgaris,5350452,SPECIES,ACCEPTED,Plantae,5350452: Phaseolus vulgaris L.,220,152545096
4438,Phasianus colchicus,9752149,SPECIES,ACCEPTED,Animalia,"9752149: Phasianus colchicus Linnaeus, 1758 | 5227796: Phasianus colchicus torquatus Gmelin, 1789 | 9208710: Phasianus colchicus colchicus",212,159747528
4439,Phasianus versicolor,5227775,SPECIES,ACCEPTED,Animalia,"5227775: Phasianus versicolor Vieillot, 1825",212,159747530
4440,Phedimus aizoon,7172831,SPECIES,ACCEPTED,Plantae,NA,220,213213654
4441,Phedimus hybridus,4201695,SPECIES,ACCEPTED,Plantae,NA,220,213213650
4442,Phedimus kamtschaticus,4201688,SPECIES,ACCEPTED,Plantae,NA,220,213213653
4443,Phedimus spurius,4201607,SPECIES,ACCEPTED,Plantae,4201607: Phedimus spurius (M.Bieb.) 't Hart | 5362018: Sedum spurium M.Bieb.,220,152544714
4444,Phedimus spurius,7484581,SPECIES,ACCEPTED,Plantae,NA,220,152544714
4445,Phedimus spurius,4048052,SPECIES,ACCEPTED,Plantae,NA,220,152544714
4446,Phedimus spurius,7224157,SPECIES,ACCEPTED,Plantae,NA,220,152544714
4447,Phedimus spurius,2161911,SPECIES,ACCEPTED,Plantae,NA,367,152544714
4448,Phedimus spurius,8421432,SPECIES,ACCEPTED,Plantae,NA,220,152544714
4449,Phedimus spurius,5359402,SPECIES,ACCEPTED,Plantae,NA,220,152544714
4450,Phedimus spurius,7652364,SPECIES,ACCEPTED,Plantae,NA,367,152544714
4451,Phedimus spurius,3746867,SPECIES,ACCEPTED,Plantae,NA,7228684,152544714
4452,Phedimus spurius,3802956,SPECIES,ACCEPTED,Plantae,NA,220,152544714
4453,Phedimus spurius,5224481,SPECIES,ACCEPTED,Plantae,NA,11592253,152544714
4454,Phedimus spurius,2444141,SPECIES,ACCEPTED,Plantae,NA,11592253,152544714
4455,Phedimus spurius,7409013,NA,NA,NA,NA,220,152544714
4456,Phedimus spurius spurius,NA,NA,NA,NA,NA,NA,213213646
4457,Phedimus stolonifer,7768495,SPECIES,ACCEPTED,Plantae,NA,220,213213648
4458,Pheidole anastasii,1322674,SPECIES,ACCEPTED,Animalia,"1322674: Pheidole anastasii Emery, 1896",216,152544507
4459,Pheidole bilimeki,8012084,NA,NA,NA,NA,220,152544508
4460,Phelipanche ramosa,3728894,SPECIES,ACCEPTED,Plantae,3173272: Orobanche ramosa L. | 3728894: Phelipanche ramosa (L.) Pomel,220,152545565
4461,Phelsuma,NA,NA,NA,NA,NA,NA,182133849
4462,Phelsuma NA,7271631,NA,NA,NA,NA,220,NA
4463,Phelsuma NA,7226794,NA,NA,NA,NA,196,NA
4464,Phelsuma NA,7293222,NA,NA,NA,NA,220,NA
4465,Phelsuma NA,6157026,NA,NA,NA,NA,11418114,NA
4466,Phelsuma NA,7096205,NA,NA,NA,NA,220,NA
4467,Phelsuma NA,3666059,NA,NA,NA,NA,220,NA
4468,Phelsuma NA,6313051,NA,NA,NA,NA,196,NA
4469,Phelsuma NA,7223177,NA,NA,NA,NA,220,NA
4470,Phelsuma NA,7332517,NA,NA,NA,NA,220,NA
4471,Phelsuma NA,2447418,NA,NA,NA,NA,11592253,NA
4472,Phelsuma NA,6302047,NA,NA,NA,NA,220,NA
4473,Phelsuma NA,4487660,NA,NA,NA,NA,216,NA
4474,Phidippus,NA,NA,NA,NA,NA,NA,152544105
4475,Phidippus NA,8257857,NA,NA,NA,NA,220,NA
4476,Phidippus NA,2161467,NA,NA,NA,NA,367,NA
4477,Phidippus NA,10755213,NA,NA,NA,NA,196,NA
4478,Phidippus NA,6313049,NA,NA,NA,NA,196,NA
4479,Phidippus NA,7427741,NA,NA,NA,NA,220,NA
4480,Phidippus NA,3602069,NA,NA,NA,NA,220,NA
4481,Phidippus NA,9603492,NA,NA,NA,NA,220,NA
4482,Phidippus NA,4932232,NA,NA,NA,NA,196,NA
4483,Phidippus NA,5581279,NA,NA,NA,NA,220,NA
4484,Phidippus NA,7222255,NA,NA,NA,NA,220,NA
4485,Phidippus NA,5414989,NA,NA,NA,NA,220,NA
4486,Philadelphus coronarius,2986045,SPECIES,ACCEPTED,Plantae,2986045: Philadelphus coronarius L.,220,152544944
4487,Philadelphus microphyllus,2986010,SPECIES,ACCEPTED,Plantae,NA,220,213214682
4488,Philadelphus pubescens,2986022,SPECIES,ACCEPTED,Plantae,2986022: Philadelphus pubescens Loisel.,220,152544943
4489,Philadelphus virginalis,7998563,NA,NA,NA,NA,196,152544942
4490,Philadelphus ×virginalis,3645346,SPECIES,ACCEPTED,Plantae,3645346: Philadelphus ×virginalis Rehder,220,NA
4491,Philaeus chrysops,2176858,SPECIES,ACCEPTED,Animalia,"2176858: Philaeus chrysops (Poda, 1761)",367,152544103
4492,Phlebodium aureum,2650479,SPECIES,ACCEPTED,Plantae,NA,7228684,213213243
4493,Phleum echinatum,4139894,SPECIES,ACCEPTED,Plantae,NA,196,152547138
4494,Phleum exaratum,4139846,SPECIES,ACCEPTED,Plantae,4139846: Phleum exaratum Griseb.,196,152547136
4495,Phleum hirsutum,6476579,NA,NA,NA,NA,NA,152547137
4496,Phleum paniculatum,2706002,SPECIES,ACCEPTED,Plantae,2706002: Phleum paniculatum Huds.,196,152547140
4497,Phleum subulatum,2706003,SPECIES,ACCEPTED,Plantae,NA,196,152547139
4498,Phlomis russeliana,3886505,SPECIES,ACCEPTED,Plantae,3886505: Phlomis russeliana (Sims) Lag. ex Benth.,220,152545733
4499,Phlox maculata,2927783,SPECIES,ACCEPTED,Plantae,2927783: Phlox maculata L.,220,152545837
4500,Phlox paniculata,2927744,SPECIES,ACCEPTED,Plantae,2927744: Phlox paniculata L.,220,152545836
4501,Phlox subulata,2927727,SPECIES,ACCEPTED,Plantae,2927727: Phlox subulata L.,220,152545835
4502,Phoeniconaias minor,2481104,SPECIES,ACCEPTED,Animalia,"2481104: Phoeniconaias minor (É.Geoffroy Saint-Hilaire, 1798)",212,159747162
4503,Phoenicopterus chilensis,2481110,SPECIES,ACCEPTED,Animalia,"2481110: Phoenicopterus chilensis Molina, 1782",212,159747160
4504,Phoenicopterus roseus,4352332,SPECIES,ACCEPTED,Animalia,"4352332: Phoenicopterus roseus Pallas, 1811",212,159747159
4505,Phoenicopterus ruber,9691034,SPECIES,ACCEPTED,Animalia,"9691034: Phoenicopterus ruber Linnaeus, 1758",212,159747158
4506,Phoenix dactylifera,6109699,SPECIES,ACCEPTED,Plantae,6109699: Phoenix dactylifera L.,196,152546596
4507,Pholcus NA,2149911,GENUS,ACCEPTED,Animalia,NA,367,NA
4508,Pholcus opilionoides,2443876,NA,NA,NA,NA,11592253,152544212
4509,Pholcus phalangioides,2149937,SPECIES,ACCEPTED,Animalia,"2149937: Pholcus phalangioides (Fuesslin, 1775)",367,NA
4510,Pholiurus pannonicus,4138669,SPECIES,ACCEPTED,Plantae,NA,196,152546913
4511,Phoneutria boliviensis,2458438,NA,NA,NA,NA,11592253,152544220
4512,Phoneutria nigriventer,2717402,NA,NA,NA,NA,196,152544221
4513,Phonipara canora,10937982,SPECIES,ACCEPTED,Animalia,NA,212,213212822
4514,Phormictopus cancerides,5401508,NA,NA,NA,NA,220,152544186
4515,Phragmidium mexicanum,7461690,SPECIES,ACCEPTED,Fungi,"7461690: Phragmidium mexicanum (Mains) H.Y.Yun, Minnis & Aime",270,159746912
4516,Phuopsis stylosa,7671397,SPECIES,ACCEPTED,Plantae,NA,220,213215257
4517,Phyla nodiflora,7455425,VARIETY,ACCEPTED,Plantae,5667352: Phyla canescens (Kunth) Greene,220,213215525
4518,Phyla nodiflora,2513597,SPECIES,ACCEPTED,Plantae,NA,151,213215525
4519,Phyla nodiflora,3602069,SPECIES,ACCEPTED,Plantae,NA,220,213215525
4520,Phyla nodiflora,7267492,SPECIES,ACCEPTED,Plantae,NA,220,213215525
4521,Phyla nodiflora,6362724,SPECIES,ACCEPTED,Plantae,NA,220,213215525
4522,Phyla nodiflora,4132902,SPECIES,ACCEPTED,Plantae,NA,196,213215525
4523,Phyla nodiflora,6164210,SPECIES,ACCEPTED,Plantae,NA,359,213215525
4524,Phyla nodiflora,7226776,SPECIES,ACCEPTED,Plantae,NA,196,213215525
4525,Phyla nodiflora,5928306,SPECIES,ACCEPTED,Plantae,NA,220,213215525
4526,Phyla nodiflora,7901010,SPECIES,ACCEPTED,Plantae,NA,220,213215525
4527,Phyla nodiflora,4270548,SPECIES,ACCEPTED,Plantae,NA,196,213215525
4528,Phyla nodiflora,7068732,NA,NA,NA,NA,220,213215525
4529,Phyla nodiflora minor,NA,NA,NA,NA,NA,NA,152545787
4530,Phyllanthus tenellus,2513637,NA,NA,NA,NA,151,152546457
4531,Phyllocnistis citrella,1749580,SPECIES,ACCEPTED,Animalia,NA,216,213213945
4532,Phyllonorycter robiniella,1749886,SPECIES,ACCEPTED,Animalia,"8741260: Macrosaccus robiniellus (Clemens, 1859) | 10423949: BOLD:AAC4327",216,NA
4533,Phyllostachys sulphurea,4114348,SPECIES,ACCEPTED,Plantae,NA,196,213212972
4534,Phyllostachys viridiglaucescens,5290170,SPECIES,ACCEPTED,Plantae,5290170: Phyllostachys viridiglaucescens (Carrière) Rivière & C.Rivière,196,152546840
4535,Physalis angulata,5341792,SPECIES,ACCEPTED,Plantae,NA,220,213213517
4536,Physalis cinerascens,4149175,NA,NA,NA,NA,196,152544954
4537,Physalis grisea,5341797,SPECIES,ACCEPTED,Plantae,5341797: Physalis grisea (Waterf.) M.Martínez,220,182134142
4538,Physalis ixocarpa,2705391,NA,NA,NA,NA,196,213213515
4539,Physalis longifolia,4113766,NA,NA,NA,NA,196,NA
4540,Physalis longifolia,7230699,NA,NA,NA,NA,194,NA
4541,Physalis longifolia,5359402,NA,NA,NA,NA,220,NA
4542,Physalis longifolia,9405036,NA,NA,NA,NA,212,NA
4543,Physalis longifolia,6420901,NA,NA,NA,NA,220,NA
4544,Physalis longifolia,7096205,NA,NA,NA,NA,220,NA
4545,Physalis longifolia,2706403,NA,NA,NA,NA,196,NA
4546,Physalis longifolia,7225621,NA,NA,NA,NA,220,NA
4547,Physalis longifolia,7323906,NA,NA,NA,NA,220,NA
4548,Physalis longifolia,2202786,NA,NA,NA,NA,229,NA
4549,Physalis longifolia,2284443,NA,NA,NA,NA,11133537,NA
4550,Physalis longifolia,4274443,NA,NA,NA,NA,220,NA
4551,Physalis longifolia subglabrata,NA,NA,NA,NA,NA,NA,213213519
4552,Physalis peruviana,5341784,SPECIES,ACCEPTED,Plantae,5341784: Physalis peruviana L.,220,152544956
4553,Physalis philadelphica,8969026,SPECIES,ACCEPTED,Plantae,8969026: Physalis philadelphica Lam. | 6402873: Physalis ixocarpa Brot. ex Hornem.,220,213213511
4554,Physalis philadelphica,8969026,SPECIES,ACCEPTED,Plantae,8969026: Physalis philadelphica Lam. | 6402873: Physalis ixocarpa Brot. ex Hornem.,220,152544953
4555,Physalis pubescens,5341819,SPECIES,ACCEPTED,Plantae,5341819: Physalis pubescens L.,220,152544955
4556,Physella acuta,5189806,SPECIES,ACCEPTED,Animalia,"2291118: Physa acuta Draparnaud, 1805 | 5189806: Physella acuta (Draparnaud, 1805) | 7790194: Haitia acuta (Draparnaud, 1805) | 5189807: Physella heterostropha (Say, 1817)",225,152543615
4557,Physignathus cocincinus,8018483,NA,NA,NA,NA,196,182133805
4558,Physocarpus opulifolius,2988354,SPECIES,ACCEPTED,Plantae,7428335: Physocarpus opulifolius Raf. | 2988354: Physocarpus opulifolius (L.) Maxim.,220,152544913
4559,Physostegia virginiana,2926572,SPECIES,ACCEPTED,Plantae,2926572: Physostegia virginiana (L.) Benth.,220,152545775
4560,Phytolacca acinosa,3084022,SPECIES,ACCEPTED,Plantae,3084022: Phytolacca acinosa Roxb. | 4192546: Phytolacca esculenta Van Houtte,220,152546006
4561,Phytolacca americana,3084015,SPECIES,ACCEPTED,Plantae,3084015: Phytolacca americana L.,220,152546005
4562,Phytomyza jucunda,1551754,SPECIES,ACCEPTED,Animalia,NA,216,182134322
4563,Picea abies,5284884,SPECIES,ACCEPTED,Plantae,5284884: Picea abies (L.) H.Karst.,194,152546504
4564,Picea omorika,5284950,SPECIES,ACCEPTED,Plantae,"5284950: Picea omorika (Pancic) Purk. | 7763625: Picea omorika (Pančić) Mast., 1884",194,152546503
4565,Picea sitchensis,5284827,SPECIES,ACCEPTED,Plantae,5284827: Picea sitchensis (Bong.) Carrière,194,152546505
4566,Pieris japonica,2882631,SPECIES,ACCEPTED,Plantae,2882631: Pieris japonica (Thunb.) D.Don ex G.Don,220,182134838
4567,Pilea hyalina,7300922,SPECIES,ACCEPTED,Plantae,NA,220,152544771
4568,Pilea microphylla,5361841,SPECIES,ACCEPTED,Plantae,5361841: Pilea microphylla (L.) Liebm.,220,152544773
4569,Pilea peperomioides,5669632,SPECIES,ACCEPTED,Plantae,5669632: Pilea peperomioides Diels,220,152544772
4570,Pilosella aurantiaca,3122924,SPECIES,ACCEPTED,Plantae,3122924: Pilosella aurantiaca (L.) F.W.Schultz & Sch.Bip. | 3136120: Hieracium aurantiacum L.,220,152544090
4571,Pilosella bauhini,6300805,SPECIES,ACCEPTED,Plantae,7893931: Hieracium bauhini Besser | 6300805: Pilosella bauhini (Schult.) Arv.-Touv. | 8111836: Pilosella piloselloides subsp. bauhini (Schult.) S.Bräut. & Greuter | 3134956: Hieracium bauhini Schult.,220,159748939
4572,Pilosella caespitosa,3123663,SPECIES,ACCEPTED,Plantae,3135273: Hieracium caespitosum Dumort. | 3123663: Pilosella caespitosa (Dumort.) P.D.Sell & C.West,220,152544088
4573,Pilosella flagellaris,3123262,SPECIES,ACCEPTED,Plantae,NA,220,213215142
4574,Pilosella fuscoatra,3048073,NA,NA,NA,NA,220,152544087
4575,Pilosella piloselloides,8288930,SPECIES,ACCEPTED,Plantae,3135608: Hieracium piloselloides Vill. | 6083825: Pilosella piloselloides subsp. piloselloides | 8288930: Pilosella piloselloides (Vill.) Soják,220,152544082
4576,Pilosella prussica,9321334,SPECIES,ACCEPTED,Plantae,3134985: Hieracium duplex Peter,220,152544079
4577,Pilosella stoloniflora,3123249,SPECIES,ACCEPTED,Plantae,3136819: Hieracium stoloniflorum Waldst. & Kit.,220,152544091
4578,Pilosella visianii,9541940,SPECIES,ACCEPTED,Plantae,NA,220,213215143
4579,Pimephales promelas,2367742,SPECIES,ACCEPTED,Animalia,"2367742: Pimephales promelas Rafinesque, 1820",NA,152543538
4580,Pimpinella anisum,8080300,SPECIES,ACCEPTED,Plantae,8080300: Pimpinella anisum L.,220,152544511
4581,Pimpinella aromatica,3065244,NA,NA,NA,NA,220,213215309
4582,Pimpinella peregrina,5538946,SPECIES,ACCEPTED,Plantae,5538946: Pimpinella peregrina L.,220,152544515
4583,Pinellia tripartita,7340811,NA,NA,NA,NA,212,213212605
4584,Pinus contorta,5285750,SPECIES,ACCEPTED,Plantae,NA,194,213213328
4585,Pinus mugo,5285385,SPECIES,ACCEPTED,Plantae,NA,194,213213333
4586,Pinus nigra,5825913,SUBSPECIES,ACCEPTED,Plantae,5825913: Pinus nigra subsp. laricio (Poir.) Maire | 6712388: Pinus nigra var. corsicana (Loudon) Hyl.,194,213213332
4587,Pinus nigra,7230699,SUBSPECIES,ACCEPTED,Plantae,7230699: Pinus nigra subsp. nigra | 8184740: Pinus nigra var. austriaca (Höss) Badoux,194,213213332
4588,Pinus nigra,5795017,SPECIES,ACCEPTED,Plantae,NA,225,213213332
4589,Pinus nigra,4123970,SPECIES,ACCEPTED,Plantae,NA,196,213213332
4590,Pinus nigra,2202786,SPECIES,ACCEPTED,Plantae,NA,229,213213332
4591,Pinus nigra,6157026,SPECIES,ACCEPTED,Plantae,NA,11418114,213213332
4592,Pinus nigra,7226794,SPECIES,ACCEPTED,Plantae,NA,196,213213332
4593,Pinus nigra,7225712,SPECIES,ACCEPTED,Plantae,NA,220,213213332
4594,Pinus nigra,6710856,SPECIES,ACCEPTED,Plantae,NA,196,213213332
4595,Pinus nigra,8429888,SPECIES,ACCEPTED,Plantae,NA,196,213213332
4596,Pinus nigra,4035024,SPECIES,ACCEPTED,Plantae,NA,220,213213332
4597,Pinus nigra,7901010,SPECIES,ACCEPTED,Plantae,NA,220,213213332
4598,Pinus nigra,4211590,SPECIES,ACCEPTED,Plantae,NA,220,213213332
4599,Pinus nigra,6411098,SPECIES,ACCEPTED,Plantae,NA,220,213213332
4600,Pinus nigra,6164210,SPECIES,ACCEPTED,Plantae,NA,359,213213332
4601,Pinus nigra,8991514,SPECIES,ACCEPTED,Plantae,NA,212,213213332
4602,Pinus nigra,5373039,SPECIES,ACCEPTED,Plantae,NA,220,213213332
4603,Pinus nigra,3898065,SPECIES,ACCEPTED,Plantae,NA,220,213213332
4604,Pinus nigra,7293222,SPECIES,ACCEPTED,Plantae,NA,220,213213332
4605,Pinus nigra,7753114,SPECIES,ACCEPTED,Plantae,NA,220,213213332
4606,Pinus nigra,2769073,SPECIES,ACCEPTED,Plantae,NA,196,213213332
4607,Pinus nigra,8257857,SPECIES,ACCEPTED,Plantae,NA,220,213213332
4608,Pinus nigra,7266343,SPECIES,ACCEPTED,Plantae,NA,220,213213332
4609,Pinus nigra,8006893,NA,NA,NA,NA,220,213213332
4610,Pinus nigra,7222255,NA,NA,NA,NA,220,213213332
4611,Pinus nigra laricio,NA,NA,NA,NA,NA,NA,152546507
4612,Pinus nigra nigra,NA,NA,NA,NA,NA,NA,152546508
4613,Pinus pinaster,5285565,SPECIES,ACCEPTED,Plantae,5285565: Pinus pinaster Aiton,194,152546509
4614,Pinus ponderosa,5285053,SPECIES,ACCEPTED,Plantae,5285053: Pinus ponderosa Douglas ex C.Lawson | 7983588: Pinus ponderosa subsp. scopulorum (Engelm.) E.Murray,194,152546512
4615,Pinus rigida,5285635,SPECIES,ACCEPTED,Plantae,NA,194,213213335
4616,Pinus strobus,5284982,SPECIES,ACCEPTED,Plantae,5284982: Pinus strobus L.,194,152546513
4617,Pinus sylvestris,5285637,SPECIES,ACCEPTED,Plantae,5285637: Pinus sylvestris L.,194,152546510
4618,Pinus wallichiana,5285074,SPECIES,ACCEPTED,Plantae,5285074: Pinus wallichiana A.B.Jacks.,194,152546511
4619,Pistia stratiotes,2870583,SPECIES,ACCEPTED,Plantae,2870583: Pistia stratiotes L.,196,152546588
4620,Pisum sativum,5347854,VARIETY,DOUBTFUL,Plantae,5347854: Pisum sativum var. sativum | 7224462: Pisum sativum subsp. sativum,220,NA
4621,Pisum sativum,5221988,NA,NA,NA,NA,11592253,NA
4622,Pisum sativum,9771172,NA,NA,NA,NA,220,NA
4623,Pisum sativum,7332416,NA,NA,NA,NA,220,NA
4624,Pisum sativum,7225712,NA,NA,NA,NA,220,NA
4625,Pisum sativum,3047633,NA,NA,NA,NA,220,NA
4626,Pisum sativum,2284443,NA,NA,NA,NA,11133537,NA
4627,Pisum sativum,7757431,NA,NA,NA,NA,220,NA
4628,Pisum sativum,7224427,NA,NA,NA,NA,220,NA
4629,Pisum sativum,3666059,NA,NA,NA,NA,220,NA
4630,Pisum sativum,7323906,NA,NA,NA,NA,220,NA
4631,Pisum sativum,12205713,NA,NA,NA,NA,196,NA
4632,Pisum sativum,10755213,NA,NA,NA,NA,196,NA
4633,Pisum sativum sativum,NA,NA,NA,NA,NA,NA,152545091
4634,Pithyotettix abietinus,2049296,SPECIES,ACCEPTED,Animalia,NA,216,213214059
4635,Pituophis catenifer,8925248,NA,NA,NA,NA,220,182133751
4636,Pituophis melanoleucus,2914404,NA,NA,NA,NA,220,182133749
4637,Placobdella ornata,2307929,SPECIES,ACCEPTED,Animalia,NA,255,213213324
4638,Plagiolepis pygmaea,1320777,SPECIES,ACCEPTED,Animalia,"1320777: Plagiolepis pygmaea (Latreille, 1798)",216,152544503
4639,Plantago afra,7303104,SPECIES,ACCEPTED,Plantae,7303104: Plantago afra L.,220,152545668
4640,Plantago arenaria,3189762,SPECIES,ACCEPTED,Plantae,3189762: Plantago arenaria Waldst. & Kit.,220,152545672
4641,Plantago aristata,11844792,NA,NA,NA,NA,220,213215549
4642,Plantago heterophylla,7223680,NA,NA,NA,NA,220,152545673
4643,Plantago lagopus,8022932,SPECIES,ACCEPTED,Plantae,8022932: Plantago lagopus L.,220,152545667
4644,Plantago loeflingii,4567449,NA,NA,NA,NA,225,152545666
4645,Plantago myosuros,7303024,SPECIES,ACCEPTED,Plantae,NA,220,152545669
4646,Plantago ovata,3189723,SPECIES,ACCEPTED,Plantae,NA,220,152545671
4647,Plantago sempervirens,7303117,SPECIES,ACCEPTED,Plantae,7303117: Plantago sempervirens Crantz,220,152545670
4648,Platalea alba,2480800,SPECIES,ACCEPTED,Animalia,"2480800: Platalea alba Scopoli, 1786",212,159747470
4649,Platanus hispanica,7400250,SPECIES,ACCEPTED,Plantae,NA,220,213215324
4650,Platanus orientalis,3152816,SPECIES,ACCEPTED,Plantae,3152816: Platanus orientalis L.,220,152543511
4651,Platycercus adscitus,2479308,SPECIES,ACCEPTED,Animalia,NA,212,159747388
4652,Platycercus elegans,2479311,SPECIES,ACCEPTED,Animalia,"2479311: Platycercus elegans (Gmelin, 1788)",212,159747387
4653,Platycercus eximius,2479329,SPECIES,ACCEPTED,Animalia,"2479329: Platycercus eximius (Shaw, 1792)",212,159747384
4654,Platycercus icterotis,2479320,SPECIES,ACCEPTED,Animalia,"2479320: Platycercus icterotis (Temminck & Kuhl, 1820)",212,159747385
4655,Platycodon grandiflorus,3164340,SPECIES,ACCEPTED,Plantae,3164340: Platycodon grandiflorus (Jacq.) A.DC.,220,152543605
4656,Plectropterus gambensis,5232465,SPECIES,ACCEPTED,Animalia,"5232465: Plectropterus gambensis (Linnaeus, 1766)",212,159746983
4657,Plegadis ridgwayi,2480772,SPECIES,ACCEPTED,Animalia,"2480772: Plegadis ridgwayi (Allen, 1876)",212,159747466
4658,Pleioblastus argenteostriatus,1010644,NA,NA,NA,NA,7742773,213213048
4659,Pleioblastus distichus,10329298,NA,NA,NA,NA,367,213213046
4660,Pleurodeles waltl,2431875,SPECIES,ACCEPTED,Animalia,"2431875: Pleurodeles waltl Michahelles, 1830",131,152543365
4661,Plexippus paykulli,2171214,SPECIES,ACCEPTED,Animalia,NA,367,152544118
4662,Ploceus jacksoni,2494066,SPECIES,ACCEPTED,Animalia,"2494066: Ploceus jacksoni Shelley, 1888",212,159747184
4663,Ploceus melanocephalus,2494070,SPECIES,ACCEPTED,Animalia,"2494070: Ploceus melanocephalus (Linnaeus, 1758)",212,159747185
4664,Pluvianus aegyptius,2480762,SPECIES,ACCEPTED,Animalia,"2480762: Pluvianus aegyptius (Linnaeus, 1758)",212,159747153
4665,Poa alpina,6559940,NA,NA,NA,NA,196,152546969
4666,Poa infirma,2704194,SPECIES,ACCEPTED,Plantae,2704194: Poa infirma Kunth,196,152546970
4667,Poa persica,1420795,NA,NA,NA,NA,216,213212866
4668,Poa sieberiana,2925790,NA,NA,NA,NA,220,152546968
4669,Podarcis liolepis,4271356,NA,NA,NA,NA,220,213212499
4670,Podarcis muralis,2469188,SPECIES,ACCEPTED,Animalia,"2469188: Podarcis muralis (Laurenti, 1768) | 7061790: Podarcis muralis muralis | 9084494: Podarcis muralis brongniardii (Daudin, 1802)",11592253,152543169
4671,Podarcis siculus,9185677,SPECIES,ACCEPTED,Animalia,"9185677: Podarcis siculus (Rafinesque-Schmaltz, 1810)",11592253,152543168
4672,Podolepis aristata,3104078,NA,NA,NA,NA,220,NA
4673,Podolepis aristata,2453882,NA,NA,NA,NA,11592253,NA
4674,Podolepis aristata,6157050,NA,NA,NA,NA,11418114,NA
4675,Podolepis aristata,2653392,NA,NA,NA,NA,282,NA
4676,Podolepis aristata,5352425,NA,NA,NA,NA,220,NA
4677,Podolepis aristata,11136683,NA,NA,NA,NA,220,NA
4678,Podolepis aristata,6302047,NA,NA,NA,NA,220,NA
4679,Podolepis aristata,8257857,NA,NA,NA,NA,220,NA
4680,Podolepis aristata,6411098,NA,NA,NA,NA,220,NA
4681,Podolepis aristata,4131042,NA,NA,NA,NA,196,NA
4682,Podolepis aristata,4035024,NA,NA,NA,NA,220,NA
4683,Podolepis aristata auriculata,NA,NA,NA,NA,NA,NA,213215173
4684,Podophyllum peltatum,3033839,SPECIES,ACCEPTED,Plantae,NA,220,213214350
4685,Poecilia reticulata,2350050,SPECIES,ACCEPTED,Animalia,NA,NA,213213119
4686,Pogona,NA,NA,NA,NA,NA,NA,182133797
4687,Pogona NA,2465626,GENUS,ACCEPTED,Animalia,NA,11592253,NA
4688,Pogona NA,2465626,GENUS,ACCEPTED,Animalia,NA,11592253,NA
4689,Pogona henrylawsoni,7569785,NA,NA,NA,NA,220,182133800
4690,Pogona vitticeps,4248063,NA,NA,NA,NA,220,182133799
4691,Poicephalus cryptoxanthus,2479955,SPECIES,ACCEPTED,Animalia,"2479955: Poicephalus cryptoxanthus (W.Peters, 1854)",212,159747399
4692,Poicephalus senegalus,2479964,SPECIES,ACCEPTED,Animalia,"2479964: Poicephalus senegalus (Linnaeus, 1766)",212,159747397
4693,Polemonium caeruleum,2927850,SPECIES,ACCEPTED,Plantae,2927850: Polemonium caeruleum L.,220,152545833
4694,Polycarpon tetraphyllum,3085381,SPECIES,ACCEPTED,Plantae,3085381: Polycarpon tetraphyllum (L.) L.,220,152546082
4695,Polycnemum arvense,3083603,SPECIES,ACCEPTED,Plantae,3083603: Polycnemum arvense L.,220,152545960
4696,Polygonatum hybridum,7881150,SPECIES,ACCEPTED,Plantae,7881150: Polygonatum hybridum Brügger,196,152546684
4697,Polygonum achoreum,5334386,SPECIES,ACCEPTED,Plantae,NA,220,152546111
4698,Polygonum arenarium,5334315,SPECIES,ACCEPTED,Plantae,NA,220,213214906
4699,Polygonum arenarium,8336551,SUBSPECIES,ACCEPTED,Plantae,NA,220,213214906
4700,Polygonum arenarium,4270548,SPECIES,ACCEPTED,Plantae,NA,196,213214906
4701,Polygonum arenarium,3755928,SPECIES,ACCEPTED,Plantae,NA,220,213214906
4702,Polygonum arenarium,4132902,SPECIES,ACCEPTED,Plantae,NA,196,213214906
4703,Polygonum arenarium,6302047,SPECIES,ACCEPTED,Plantae,NA,220,213214906
4704,Polygonum arenarium,8991514,SPECIES,ACCEPTED,Plantae,NA,212,213214906
4705,Polygonum arenarium,3047633,SPECIES,ACCEPTED,Plantae,NA,220,213214906
4706,Polygonum arenarium,6420901,SPECIES,ACCEPTED,Plantae,NA,220,213214906
4707,Polygonum arenarium,7323906,SPECIES,ACCEPTED,Plantae,NA,220,213214906
4708,Polygonum arenarium,8983123,SPECIES,ACCEPTED,Plantae,NA,220,213214906
4709,Polygonum arenarium,6427623,SPECIES,ACCEPTED,Plantae,NA,220,213214906
4710,Polygonum arenarium,5831060,SPECIES,ACCEPTED,Plantae,NA,220,213214906
4711,Polygonum arenarium,6313051,NA,NA,NA,NA,196,213214906
4712,Polygonum arenarium pulchellum,NA,NA,NA,NA,NA,NA,213214907
4713,Polygonum argyrocoleum,2706070,NA,NA,NA,NA,196,152546108
4714,Polygonum aviculare,5652131,SUBSPECIES,ACCEPTED,Plantae,5334432: Polygonum rurivagum Jord. ex Boreau | 5652131: Polygonum aviculare subsp. rurivagum (Boreau) Berher,220,NA
4715,Polygonum aviculare,7480365,SUBSPECIES,ACCEPTED,Plantae,NA,220,NA
4716,Polygonum aviculare,7096205,SUBSPECIES,ACCEPTED,Plantae,NA,220,NA
4717,Polygonum aviculare,9405645,SUBSPECIES,ACCEPTED,Plantae,NA,220,NA
4718,Polygonum aviculare,9391215,SUBSPECIES,ACCEPTED,Plantae,NA,11592253,NA
4719,Polygonum aviculare,2161467,SUBSPECIES,ACCEPTED,Plantae,NA,367,NA
4720,Polygonum aviculare,7062200,SUBSPECIES,ACCEPTED,Plantae,NA,11418114,NA
4721,Polygonum aviculare,7332517,SUBSPECIES,ACCEPTED,Plantae,NA,220,NA
4722,Polygonum aviculare,7070211,SUBSPECIES,ACCEPTED,Plantae,NA,196,NA
4723,Polygonum aviculare,7222196,SUBSPECIES,ACCEPTED,Plantae,NA,220,NA
4724,Polygonum aviculare,2447418,SUBSPECIES,ACCEPTED,Plantae,NA,11592253,NA
4725,Polygonum aviculare,8369366,SUBSPECIES,ACCEPTED,Plantae,NA,196,NA
4726,Polygonum aviculare,7222196,NA,NA,NA,NA,220,NA
4727,Polygonum aviculare rurivagum,NA,NA,NA,NA,NA,NA,152546110
4728,Polygonum bellardii,5334430,SPECIES,ACCEPTED,Plantae,5334430: Polygonum bellardii All.,220,152546113
4729,Polygonum patulum,4202184,NA,NA,NA,NA,220,152546112
4730,Polygonum plebeium,5334440,SPECIES,ACCEPTED,Plantae,NA,220,213214908
4731,Polypodium hesperium,5377196,NA,NA,NA,NA,220,152547198
4732,Polypogon chilensis,5679952,SPECIES,ACCEPTED,Plantae,NA,196,152546856
4733,Polypogon elongatus,5289911,SPECIES,ACCEPTED,Plantae,NA,196,152546861
4734,Polypogon fugax,5289912,SPECIES,ACCEPTED,Plantae,NA,196,152546860
4735,Polypogon imberbis,4154206,SPECIES,ACCEPTED,Plantae,NA,196,213212744
4736,Polypogon maritimus,5289913,SPECIES,ACCEPTED,Plantae,5289913: Polypogon maritimus Willd.,196,152546859
4737,Polypogon monspeliensis,5289917,SPECIES,ACCEPTED,Plantae,5289917: Polypogon monspeliensis (L.) Desf.,196,152546858
4738,Polypogon viridis,5289919,SPECIES,ACCEPTED,Plantae,5289919: Polypogon viridis (Gouan) Breistr.,196,152546857
4739,Polystichum acrostichoides,2651098,SPECIES,ACCEPTED,Plantae,2651098: Polystichum acrostichoides (Michx.) Schott,7228684,182133073
4740,Polystichum luctuosum,4046493,SPECIES,ACCEPTED,Plantae,2651108: Polystichum tsus-simense (Hook.) J.Sm.,7228684,152547218
4741,Polystichum munitum,2651122,SPECIES,ACCEPTED,Plantae,2651122: Polystichum munitum (Kaulf.) C.Presl,7228684,182133075
4742,Polystichum polyblepharon,7158449,SPECIES,ACCEPTED,Plantae,NA,7228684,152547217
4743,Polystichum polyblepharum,7158449,SPECIES,ACCEPTED,Plantae,7158449: Polystichum polyblepharum (Roem. ex Kunze) C.Presl,7228684,NA
4744,Polytelis anthopeplus,2479498,SPECIES,ACCEPTED,Animalia,"2479498: Polytelis anthopeplus (Lear, 1831)",212,159747409
4745,Polytelis swainsonii,2479501,SPECIES,ACCEPTED,Animalia,"2479501: Polytelis swainsonii (Desmarest, 1826)",212,159747410
4746,Pontastacus leptodactylus,8946295,SPECIES,ACCEPTED,Animalia,"4417551: Astacus leptodactylus Eschscholtz, 1823 | 8946295: Pontastacus leptodactylus (Eschscholtz, 1823)",229,154367787
4747,Pontederia cordata,2766030,SPECIES,ACCEPTED,Plantae,2766030: Pontederia cordata L.,196,152546732
4748,Pontederia crassipes,2765942,SPECIES,ACCEPTED,Plantae,NA,196,213212588
4749,Ponticola kessleri,4285968,SPECIES,ACCEPTED,Animalia,"2379062: Neogobius kessleri (Günther, 1861) | 4285968: Ponticola kessleri (Günther, 1861)",NA,152543421
4750,Populicerus albicans,4483971,SPECIES,ACCEPTED,Animalia,NA,216,213214078
4751,Populus alba,3040233,SPECIES,ACCEPTED,Plantae,3040233: Populus alba L.,220,152546475
4752,Populus balsamifera,3040184,SPECIES,ACCEPTED,Plantae,6362904: Populus trichocarpa Torr. & A.Gray ex Hook. | 3040184: Populus balsamifera L. | 7554126: Populus balsamifera Lyall | 3806052: Populus balsamifera subsp. trichocarpa (Torr. & A.Gray) Brayshaw,220,152546472
4753,Populus berolinensis,9391215,NA,NA,NA,NA,11592253,213214746
4754,Populus canadensis,8190077,SPECIES,ACCEPTED,Plantae,NA,220,152546471
4755,Populus canescens,3040185,SPECIES,ACCEPTED,Plantae,NA,220,152546473
4756,Populus deltoides,3040232,SPECIES,ACCEPTED,Plantae,3040232: Populus deltoides W.Bartram ex Marshall,220,152546474
4757,Populus jackii,3040241,SPECIES,ACCEPTED,Plantae,NA,220,182134733
4758,Populus nigra,7009279,VARIETY,ACCEPTED,Plantae,NA,256,NA
4759,Populus nigra,7358677,VARIETY,ACCEPTED,Plantae,NA,220,NA
4760,Populus nigra,5659657,VARIETY,ACCEPTED,Plantae,NA,220,NA
4761,Populus nigra,5347854,VARIETY,ACCEPTED,Plantae,NA,220,NA
4762,Populus nigra,7224069,VARIETY,ACCEPTED,Plantae,NA,220,NA
4763,Populus nigra,8925248,VARIETY,ACCEPTED,Plantae,NA,220,NA
4764,Populus nigra,7068732,VARIETY,ACCEPTED,Plantae,NA,220,NA
4765,Populus nigra,4035024,VARIETY,ACCEPTED,Plantae,NA,220,NA
4766,Populus nigra,9391215,VARIETY,ACCEPTED,Plantae,NA,11592253,NA
4767,Populus nigra,6076279,VARIETY,ACCEPTED,Plantae,NA,220,NA
4768,Populus nigra,5587240,VARIETY,ACCEPTED,Plantae,NA,220,NA
4769,Populus nigra,2284443,VARIETY,ACCEPTED,Plantae,NA,11133537,NA
4770,Populus nigra,2161467,NA,NA,NA,NA,367,NA
4771,Populus nigra italica,NA,NA,NA,NA,NA,NA,213214743
4772,Populus trichocarpa,6362904,SPECIES,ACCEPTED,Plantae,NA,220,213214744
4773,Populus ×canadensis,8190077,SPECIES,ACCEPTED,Plantae,8190077: Populus ×canadensis Moench | 3040205: Populus canadensis Castigl.,220,NA
4774,Populus ×canescens,3040185,SPECIES,ACCEPTED,Plantae,3040185: Populus ×canescens (Aiton) Sm.,220,NA
4775,Populus ×jackii,3040241,SPECIES,ACCEPTED,Plantae,3040241: Populus ×jackii Sarg. | 3040245: Populus ×generosa A.Henry,220,NA
4776,Porcellionides cingendus,2157942,NA,NA,NA,NA,367,213214464
4777,Porphyrio poliocephalus,2157949,NA,NA,NA,NA,367,213213014
4778,Porphyrio porphyrio,2474416,SPECIES,ACCEPTED,Animalia,"5739284: Porphyrio poliocephalus (Latham, 1801)",212,159747487
4779,Portulaca cypria,4021920,SPECIES,ACCEPTED,Plantae,NA,220,152546013
4780,Portulaca grandiflora,3084700,SPECIES,ACCEPTED,Plantae,3084700: Portulaca grandiflora Hook.,220,152546015
4781,Portulaca granulatostellulata,4023278,SPECIES,ACCEPTED,Plantae,4023278: Portulaca granulatostellulata (Poelln.) Ricceri & Arrigoni,220,152546011
4782,Portulaca macrantha,1031685,NA,NA,NA,NA,216,213214842
4783,Portulaca nitida,4022617,SPECIES,ACCEPTED,Plantae,NA,220,152546010
4784,Portulaca oleracea,3084719,SPECIES,ACCEPTED,Plantae,3084719: Portulaca oleracea L. | 6388110: Portulaca oleracea subsp. oleracea,220,152546014
4785,Portulaca sativa,4021919,SPECIES,ACCEPTED,Plantae,4021919: Portulaca sativa Haw. | 7643669: Portulaca oleracea subsp. sativa (Haw.) Celak.,220,152546012
4786,Portulaca trituberculata,11205618,NA,NA,NA,NA,11592253,152546009
4787,Potamocorbula amurensis,2288926,SPECIES,ACCEPTED,Animalia,"2288926: Potamocorbula amurensis (Schrenck, 1861)",137,182133056
4788,Potamopyrgus antipodarum,5192470,SPECIES,ACCEPTED,Animalia,"5192470: Potamopyrgus antipodarum (Gray, 1843) | 5725386: Potamopyrgus jenkinsi (E.A.Smith, 1889)",225,152543581
4789,Potamothrix heuscheri,3092604,NA,NA,NA,NA,220,152543692
4790,Potamothrix moldaviensis,2308609,SPECIES,ACCEPTED,Animalia,"2308609: Potamothrix moldaviensis Vejdovský & Mrázek, 1903",255,182133941
4791,Potamothrix vejdovskyi,2308541,NA,NA,NA,NA,255,152543695
4792,Potentilla argyrophylla,2308549,NA,NA,NA,NA,255,NA
4793,Potentilla argyrophylla,5928306,NA,NA,NA,NA,220,NA
4794,Potentilla argyrophylla,7901010,NA,NA,NA,NA,220,NA
4795,Potentilla argyrophylla,7271631,NA,NA,NA,NA,220,NA
4796,Potentilla argyrophylla,5224543,NA,NA,NA,NA,11592253,NA
4797,Potentilla argyrophylla,7223276,NA,NA,NA,NA,220,NA
4798,Potentilla argyrophylla,2706403,NA,NA,NA,NA,196,NA
4799,Potentilla argyrophylla,7420522,NA,NA,NA,NA,220,NA
4800,Potentilla argyrophylla,10966302,NA,NA,NA,NA,196,NA
4801,Potentilla argyrophylla,7222196,NA,NA,NA,NA,220,NA
4802,Potentilla argyrophylla,5347854,NA,NA,NA,NA,220,NA
4803,Potentilla argyrophylla,2653392,NA,NA,NA,NA,282,NA
4804,Potentilla argyrophylla atrosanguinea,NA,NA,NA,NA,NA,NA,213215744
4805,Potentilla inclinata,5365888,SPECIES,ACCEPTED,Plantae,5365888: Potentilla inclinata Vill.,220,152544806
4806,Potentilla indica,5365717,SPECIES,ACCEPTED,Plantae,5365717: Potentilla indica (Andr.) Wolf | 3031919: Duchesnea indica (Andr.) Focke,220,182135127
4807,Potentilla intermedia,5365705,SPECIES,ACCEPTED,Plantae,5365705: Potentilla intermedia L.,220,152544809
4808,Potentilla montana,5366327,SPECIES,ACCEPTED,Plantae,5366327: Potentilla montana Brot.,220,152544807
4809,Potentilla nepalensis,5367214,SPECIES,ACCEPTED,Plantae,5367214: Potentilla nepalensis Hook.,220,152544805
4810,Potentilla norvegica,5365305,SPECIES,ACCEPTED,Plantae,5365305: Potentilla norvegica L. | 5365321: Potentilla norvegica subsp. monspeliensis (L.) Asch. & Graebn. | 8042863: Potentilla norvegica var. norvegica | 5365312: Potentilla norvegica subsp. hirsuta (Michx.) Hyl.,220,152544808
4811,Potentilla recta,7272439,SUBSPECIES,ACCEPTED,Plantae,7272439: Potentilla recta subsp. recta,220,213215743
4812,Potentilla recta,8358048,SUBSPECIES,ACCEPTED,Plantae,8358048: Potentilla recta subsp. obscura (Willd.) Arcang.,220,213215743
4813,Potentilla recta,5356971,SPECIES,ACCEPTED,Plantae,NA,220,213215743
4814,Potentilla recta,7753114,SPECIES,ACCEPTED,Plantae,NA,220,213215743
4815,Potentilla recta,10755213,SPECIES,ACCEPTED,Plantae,NA,196,213215743
4816,Potentilla recta,3611735,SPECIES,ACCEPTED,Plantae,NA,220,213215743
4817,Potentilla recta,9405036,SPECIES,ACCEPTED,Plantae,NA,212,213215743
4818,Potentilla recta,9462721,SPECIES,ACCEPTED,Plantae,NA,212,213215743
4819,Potentilla recta,7226776,SPECIES,ACCEPTED,Plantae,NA,196,213215743
4820,Potentilla recta,7267492,SPECIES,ACCEPTED,Plantae,NA,220,213215743
4821,Potentilla recta,3047147,SPECIES,ACCEPTED,Plantae,NA,220,213215743
4822,Potentilla recta,2161911,SPECIES,ACCEPTED,Plantae,NA,367,213215743
4823,Potentilla recta,7070211,SPECIES,ACCEPTED,Plantae,NA,196,213215743
4824,Potentilla recta,7327959,SPECIES,ACCEPTED,Plantae,NA,220,213215743
4825,Potentilla recta,5548011,SPECIES,ACCEPTED,Plantae,NA,220,213215743
4826,Potentilla recta,7323251,SPECIES,ACCEPTED,Plantae,NA,220,213215743
4827,Potentilla recta,6369140,SPECIES,ACCEPTED,Plantae,NA,220,213215743
4828,Potentilla recta,7409013,SPECIES,ACCEPTED,Plantae,NA,220,213215743
4829,Potentilla recta,6302047,SPECIES,ACCEPTED,Plantae,NA,220,213215743
4830,Potentilla recta,8006893,SPECIES,ACCEPTED,Plantae,NA,220,213215743
4831,Potentilla recta,3042889,SPECIES,ACCEPTED,Plantae,NA,220,213215743
4832,Potentilla recta,8918909,SPECIES,ACCEPTED,Plantae,NA,196,213215743
4833,Potentilla recta,3898065,SPECIES,ACCEPTED,Plantae,NA,220,213215743
4834,Potentilla recta,6308164,SPECIES,ACCEPTED,Plantae,NA,220,213215743
4835,Potentilla recta,7293222,NA,NA,NA,NA,220,213215743
4836,Potentilla recta,7753114,NA,NA,NA,NA,220,213215743
4837,Potentilla recta obscura,NA,NA,NA,NA,NA,NA,152544802
4838,Potentilla recta recta,NA,NA,NA,NA,NA,NA,152544803
4839,Potentilla rivalis,5367186,SPECIES,ACCEPTED,Plantae,5367186: Potentilla rivalis Nutt. ex Torr. & A.Gray,220,152544804
4840,Potentilla supina,8045533,SUBSPECIES,ACCEPTED,Plantae,8045533: Potentilla supina subsp. costata Soják,220,NA
4841,Potentilla supina,5185859,SUBSPECIES,ACCEPTED,Plantae,NA,205,NA
4842,Potentilla supina,3047147,SUBSPECIES,ACCEPTED,Plantae,NA,220,NA
4843,Potentilla supina,5359402,SUBSPECIES,ACCEPTED,Plantae,NA,220,NA
4844,Potentilla supina,9405036,SUBSPECIES,ACCEPTED,Plantae,NA,212,NA
4845,Potentilla supina,2445496,SUBSPECIES,ACCEPTED,Plantae,NA,11592253,NA
4846,Potentilla supina,8369366,SUBSPECIES,ACCEPTED,Plantae,NA,196,NA
4847,Potentilla supina,7298085,SUBSPECIES,ACCEPTED,Plantae,NA,220,NA
4848,Potentilla supina,7272185,SUBSPECIES,ACCEPTED,Plantae,NA,220,NA
4849,Potentilla supina,7293222,SUBSPECIES,ACCEPTED,Plantae,NA,220,NA
4850,Potentilla supina,7223276,SUBSPECIES,ACCEPTED,Plantae,NA,220,NA
4851,Potentilla supina,6157035,SUBSPECIES,ACCEPTED,Plantae,NA,11418114,NA
4852,Potentilla supina,3047147,NA,NA,NA,NA,220,NA
4853,Potentilla supina costata,NA,NA,NA,NA,NA,NA,152544800
4854,Poterium sanguisorba,5545159,NA,NA,NA,NA,220,NA
4855,Poterium sanguisorba,7440977,NA,NA,NA,NA,220,NA
4856,Poterium sanguisorba,2706403,NA,NA,NA,NA,196,NA
4857,Poterium sanguisorba,7062200,NA,NA,NA,NA,11418114,NA
4858,Poterium sanguisorba,6300531,NA,NA,NA,NA,220,NA
4859,Poterium sanguisorba,6432925,NA,NA,NA,NA,220,NA
4860,Poterium sanguisorba,7068845,NA,NA,NA,NA,220,NA
4861,Poterium sanguisorba,7266343,NA,NA,NA,NA,220,NA
4862,Poterium sanguisorba,7308335,NA,NA,NA,NA,220,NA
4863,Poterium sanguisorba,7427650,NA,NA,NA,NA,220,NA
4864,Poterium sanguisorba,7225456,NA,NA,NA,NA,220,NA
4865,Poterium sanguisorba,7466434,NA,NA,NA,NA,220,NA
4866,Poterium sanguisorba polygamum,NA,NA,NA,NA,NA,NA,213215712
4867,Pourthiaea beauverdiana,5222820,NA,NA,NA,NA,11592253,213215669
4868,Pourthiaea villosa,8356787,SPECIES,ACCEPTED,Plantae,NA,220,213215668
4869,Prays citri,1830823,SPECIES,ACCEPTED,Animalia,NA,216,213214000
4870,Prenanthes purpurea,3090783,SPECIES,ACCEPTED,Plantae,3090783: Prenanthes purpurea L.,220,152544430
4871,Primula denticulata,5641274,SPECIES,ACCEPTED,Plantae,5641274: Primula denticulata Sm.,220,152545817
4872,Primula florindae,5640518,SPECIES,ACCEPTED,Plantae,5640518: Primula florindae Kingdon-Ward,220,152545816
4873,Proasellus coxalis,2205951,SPECIES,ACCEPTED,Animalia,"2205951: Proasellus coxalis (Dollfus, 1892)",229,152543924
4874,Proasellus meridianus,2206086,SPECIES,DOUBTFUL,Animalia,"2206086: Proasellus meridianus (Racovitza, 1919) | 11110385: Asellus meridianus Racovitza, 1919",229,152543925
4875,Proboscidea louisianica,5415100,SPECIES,ACCEPTED,Plantae,5415100: Proboscidea louisianica (Mill.) Thell.,220,152545598
4876,Procambarus acutus,2227289,SPECIES,ACCEPTED,Animalia,NA,229,213214569
4877,Procambarus clarkii,2227300,SPECIES,ACCEPTED,Animalia,"2227300: Procambarus clarkii (Girard, 1852)",229,152543866
4878,Procyon cancrivorus,3141571,NA,NA,NA,NA,220,152543327
4879,Procyon lotor,5218786,SPECIES,ACCEPTED,Animalia,"5218786: Procyon lotor (Linnaeus, 1758)",359,152543329
4880,Prokelisia marginata,2053954,SPECIES,ACCEPTED,Animalia,"2053954: Prokelisia marginata (Van Duzee, 1897)",216,159748251
4881,Proterorhinus semilunaris,2379245,SPECIES,ACCEPTED,Animalia,"2379245: Proterorhinus semilunaris (Heckel, 1837)",NA,152543436
4882,Prunella grandiflora,7420038,SPECIES,DOUBTFUL,Plantae,NA,220,213215480
4883,Prunus armeniaca,7818643,SPECIES,ACCEPTED,Plantae,7818643: Prunus armeniaca L.,220,213215717
4884,Prunus armeniaca,7818643,SPECIES,ACCEPTED,Plantae,7818643: Prunus armeniaca L.,220,152544896
4885,Prunus cerasifera,3021730,SPECIES,ACCEPTED,Plantae,"3021730: Prunus cerasifera Ehrh. | 8211558: Prunus cerasifera var. pissardii (Carrière) L.H.Bailey | 7272186: Prunus cerasifera var. cerasifera | 6712231: Prunus cerasifera var. pissardii (Carrière) C.K.Schneid., 1906",220,152544901
4886,Prunus cerasus,3021922,SPECIES,ACCEPTED,Plantae,3021922: Prunus cerasus L.,220,152544780
4887,Prunus domestica,6369140,SUBSPECIES,ACCEPTED,Plantae,6369140: Prunus domestica subsp. domestica,220,213215715
4888,Prunus domestica,5166489,SUBSPECIES,ACCEPTED,Plantae,NA,203,213215715
4889,Prunus domestica,2497341,SUBSPECIES,ACCEPTED,Plantae,NA,212,213215715
4890,Prunus domestica,3138949,SUBSPECIES,ACCEPTED,Plantae,NA,220,213215715
4891,Prunus domestica,7272439,SUBSPECIES,ACCEPTED,Plantae,NA,220,213215715
4892,Prunus domestica,8045533,SUBSPECIES,ACCEPTED,Plantae,NA,220,213215715
4893,Prunus domestica,7925720,SUBSPECIES,ACCEPTED,Plantae,NA,220,213215715
4894,Prunus domestica,4090836,SUBSPECIES,ACCEPTED,Plantae,NA,220,213215715
4895,Prunus domestica,4104890,SUBSPECIES,ACCEPTED,Plantae,NA,196,213215715
4896,Prunus domestica,6710856,SUBSPECIES,ACCEPTED,Plantae,NA,196,213215715
4897,Prunus domestica,5548724,SUBSPECIES,ACCEPTED,Plantae,NA,220,213215715
4898,Prunus domestica,4273336,SUBSPECIES,ACCEPTED,Plantae,NA,220,213215715
4899,Prunus domestica,7295374,SUBSPECIES,ACCEPTED,Plantae,NA,220,213215715
4900,Prunus domestica,7415922,SUBSPECIES,ACCEPTED,Plantae,NA,220,213215715
4901,Prunus domestica,4036350,SUBSPECIES,ACCEPTED,Plantae,NA,220,213215715
4902,Prunus domestica,6362724,SUBSPECIES,ACCEPTED,Plantae,NA,220,213215715
4903,Prunus domestica,7740944,SUBSPECIES,ACCEPTED,Plantae,NA,220,213215715
4904,Prunus domestica,2443339,SUBSPECIES,ACCEPTED,Plantae,NA,11418114,213215715
4905,Prunus domestica,7308335,SUBSPECIES,ACCEPTED,Plantae,NA,220,213215715
4906,Prunus domestica,7327959,SUBSPECIES,ACCEPTED,Plantae,NA,220,213215715
4907,Prunus domestica,4932232,SUBSPECIES,ACCEPTED,Plantae,NA,196,213215715
4908,Prunus domestica,8381801,SUBSPECIES,ACCEPTED,Plantae,NA,220,213215715
4909,Prunus domestica,5548011,SUBSPECIES,ACCEPTED,Plantae,NA,220,213215715
4910,Prunus domestica,7323251,SUBSPECIES,ACCEPTED,Plantae,NA,220,213215715
4911,Prunus domestica,7323834,SUBSPECIES,ACCEPTED,Plantae,NA,220,213215715
4912,Prunus domestica,7853188,SUBSPECIES,ACCEPTED,Plantae,NA,220,213215715
4913,Prunus domestica,2457378,SUBSPECIES,ACCEPTED,Plantae,NA,11592253,213215715
4914,Prunus domestica,4194303,SUBSPECIES,ACCEPTED,Plantae,NA,220,213215715
4915,Prunus domestica,7308043,SUBSPECIES,ACCEPTED,Plantae,NA,220,213215715
4916,Prunus domestica,9391215,SUBSPECIES,ACCEPTED,Plantae,NA,11592253,213215715
4917,Prunus domestica,5224481,SUBSPECIES,ACCEPTED,Plantae,NA,11592253,213215715
4918,Prunus domestica,2161467,SUBSPECIES,ACCEPTED,Plantae,NA,367,213215715
4919,Prunus domestica,7332416,SUBSPECIES,ACCEPTED,Plantae,NA,220,213215715
4920,Prunus domestica,3746867,SUBSPECIES,ACCEPTED,Plantae,NA,7228684,213215715
4921,Prunus domestica,6157035,NA,NA,NA,NA,11418114,213215715
4922,Prunus domestica,5359402,NA,NA,NA,NA,220,213215715
4923,Prunus domestica,7224427,NA,NA,NA,NA,220,213215715
4924,Prunus domestica domestica,NA,NA,NA,NA,NA,NA,152544898
4925,Prunus domestica insititia,NA,NA,NA,NA,NA,NA,213215714
4926,Prunus domestica syriaca,NA,NA,NA,NA,NA,NA,213215716
4927,Prunus fruticans,3022203,SPECIES,ACCEPTED,Plantae,NA,220,152544904
4928,Prunus incisa,3021955,SPECIES,ACCEPTED,Plantae,NA,220,213215720
4929,Prunus laurocerasus,3021496,SPECIES,ACCEPTED,Plantae,3021496: Prunus laurocerasus L.,220,152544902
4930,Prunus lusitanica,3020871,SPECIES,ACCEPTED,Plantae,3020871: Prunus lusitanica L.,220,152544903
4931,Prunus persica,8149923,SPECIES,ACCEPTED,Plantae,NA,220,213215718
4932,Prunus serotina,3021850,SPECIES,ACCEPTED,Plantae,3021850: Prunus serotina Ehrh.,220,152544899
4933,Prunus serrulata,3022609,SPECIES,ACCEPTED,Plantae,NA,220,213215719
4934,Prunus tomentosa,3020838,SPECIES,ACCEPTED,Plantae,3020838: Prunus tomentosa Thunb.,220,182135153
4935,Prunus virginiana,3022668,SPECIES,ACCEPTED,Plantae,3022668: Prunus virginiana L.,220,152544900
4936,Prunus ×fruticans,3022203,SPECIES,ACCEPTED,Plantae,3022203: Prunus ×fruticans Weihe,220,NA
4937,Psammoryctides moravicus,4410056,SPECIES,ACCEPTED,Animalia,"4410056: Psammoryctides moravicus (Hrabĕ, 1934)",255,152543682
4938,Psephellus dealbatus,3137829,SPECIES,ACCEPTED,Plantae,NA,220,152543908
4939,Psephotus haematonotus,2480089,SPECIES,ACCEPTED,Animalia,"2480089: Psephotus haematonotus (Gould, 1838)",212,159747404
4940,Pseudagrion microcephalum,3611735,NA,NA,NA,NA,220,152544412
4941,Pseudemys concinna,8898408,SPECIES,ACCEPTED,Animalia,"8898408: Pseudemys concinna (Le Conte, 1830) | 7190904: Pseudemys concinna concinna",11418114,182133913
4942,Pseudemys nelsoni,2442843,SPECIES,ACCEPTED,Animalia,"2442843: Pseudemys nelsoni Carr, 1938",11418114,182133914
4943,Pseudemys rubriventris,2158821,NA,NA,NA,NA,367,182133911
4944,Pseudococcus longispinus,2095283,SPECIES,ACCEPTED,Animalia,NA,216,213214206
4945,Pseudodiaptomus marinus,2114769,SPECIES,ACCEPTED,Animalia,NA,11545536,182134126
4946,Pseudofumaria alba,7315063,SPECIES,ACCEPTED,Plantae,7315063: Pseudofumaria alba (Mill.) Lidén | 3602797: Pseudofumaria alba subsp. acaulis (Wulfen) Lidén,220,152546407
4947,Pseudofumaria lutea,2888513,SPECIES,ACCEPTED,Plantae,2888513: Pseudofumaria lutea (L.) Borkh. | 5334195: Corydalis lutea (L.) DC.,220,152546408
4948,Pseudognaphalium undulatum,3100968,SPECIES,ACCEPTED,Plantae,NA,220,152544343
4949,Pseudomuscari azureum,2769620,SPECIES,ACCEPTED,Plantae,2769622: Muscari azureum Fenzl,196,NA
4950,Pseudorasbora parva,2362868,SPECIES,ACCEPTED,Animalia,"2362868: Pseudorasbora parva (Temminck & Schlegel, 1846)",NA,152543546
4951,Pseudosasa japonica,2706209,SPECIES,DOUBTFUL,Plantae,2706209: Pseudosasa japonica (Siebold & Zucc. ex Steud.) Makino,196,152547108
4952,Pseudotsuga menziesii,2685796,SPECIES,ACCEPTED,Plantae,2685796: Pseudotsuga menziesii (Mirb.) Franco | 2685825: Pseudotsuga menziesii var. glauca (Beissn.) Franco,194,152546519
4953,Pseudoturritis turrita,3042086,SPECIES,ACCEPTED,Plantae,5373604: Arabis turrita L. | 3042086: Pseudoturritis turrita (L.) Al-Shehbaz,220,152545406
4954,Psiloteredo megotara,2161911,NA,NA,NA,NA,367,152543766
4955,Psittacula alexandri,5229045,SPECIES,ACCEPTED,Animalia,NA,212,159747373
4956,Psittacula cyanocephala,5229044,SPECIES,ACCEPTED,Animalia,"5229044: Psittacula cyanocephala (Linnaeus, 1766)",212,159747374
4957,Psittacula derbiana,2495342,NA,NA,NA,NA,212,159747376
4958,Psittacula eupatria,5229055,SPECIES,ACCEPTED,Animalia,"5229055: Psittacula eupatria (Linnaeus, 1766)",212,159747377
4959,Psittacula krameri,2479226,SPECIES,ACCEPTED,Animalia,"2479226: Psittacula krameri (Scopoli, 1769)",212,159747378
4960,Psittacus erithacus,2480181,SPECIES,ACCEPTED,Animalia,"2480181: Psittacus erithacus Linnaeus, 1758",212,159747401
4961,Psoquilla marginepunctata,3666059,NA,NA,NA,NA,220,152544607
4962,Psyllipsocus ramburii,1031737,SPECIES,ACCEPTED,Animalia,"1031737: Psyllipsocus ramburii Selys-Longchamps, 1872",216,152544603
4963,Ptelea trifoliata,3190411,SPECIES,ACCEPTED,Plantae,3190411: Ptelea trifoliata L.,220,152543334
4964,Pteris cretica,5275404,SPECIES,ACCEPTED,Plantae,5275404: Pteris cretica L.,7228684,152547205
4965,Pteris multifida,5275415,SPECIES,ACCEPTED,Plantae,5275415: Pteris multifida Poir.,7228684,152547204
4966,Pteris vittata,5275398,SPECIES,ACCEPTED,Plantae,NA,7228684,152547203
4967,Pterocarya fraxinifolia,8288647,SPECIES,ACCEPTED,Plantae,NA,220,213215375
4968,Pterocarya rehderiana,4285694,NA,NA,NA,NA,NA,213215374
4969,Pteronetta hartlaubii,9508942,NA,NA,NA,NA,220,159747111
4970,Pterostyrax hispidus,3646556,SPECIES,ACCEPTED,Plantae,3646556: Pterostyrax hispidus Siebold & Zucc.,220,152545810
4971,Ptilotus spicatus,7332517,NA,NA,NA,NA,220,152545907
4972,Puccinellia stricta,4146512,SPECIES,ACCEPTED,Plantae,NA,196,152546898
4973,Puccinia antirrhini,2515236,SPECIES,ACCEPTED,Fungi,NA,270,152543183
4974,Puccinia conglomerata,4467502,NA,NA,NA,NA,216,213212288
4975,Puccinia grisea,1194885,NA,NA,NA,NA,216,213212281
4976,Puccinia helianthi-mollis,7420522,NA,NA,NA,NA,220,213212282
4977,Puccinia komarovii,2514972,SPECIES,DOUBTFUL,Fungi,2514972: Puccinia komarovii Tranzschel,270,152543185
4978,Puccinia nigrescens,4108297,NA,NA,NA,NA,196,213212276
4979,Puccinia oreoselini,2445496,NA,NA,NA,NA,11592253,213212274
4980,Puccinia oxalidis,2515351,SPECIES,ACCEPTED,Fungi,2515351: Puccinia oxalidis Dietel & Ellis,270,152543181
4981,Puccinia pazschkei,2705092,NA,NA,NA,NA,196,152543176
4982,Puccinia porphyrogenita,2705066,NA,NA,NA,NA,196,213212271
4983,Puccinia smyrnii,2514552,SPECIES,ACCEPTED,Fungi,NA,270,213212273
4984,Puccinia soldanellae,7576179,NA,NA,NA,NA,11592253,213212286
4985,Puccinia sorghi,3602069,NA,NA,NA,NA,220,152543187
4986,Puccinia subnitens,7224157,NA,NA,NA,NA,220,213212284
4987,Puccinia umbilici,7466434,NA,NA,NA,NA,220,213212278
4988,Pulicaria arabica,6076957,SUBSPECIES,ACCEPTED,Plantae,6076957: Pulicaria arabica subsp. hispanica (Boiss.) Murb. | 3095595: Pulicaria paludosa Link,220,NA
4989,Pulicaria arabica,2172282,SUBSPECIES,ACCEPTED,Plantae,NA,367,NA
4990,Pulicaria arabica,2442257,SUBSPECIES,ACCEPTED,Plantae,NA,11418114,NA
4991,Pulicaria arabica,7323834,SUBSPECIES,ACCEPTED,Plantae,NA,220,NA
4992,Pulicaria arabica,5548724,SUBSPECIES,ACCEPTED,Plantae,NA,220,NA
4993,Pulicaria arabica,3596131,SUBSPECIES,ACCEPTED,Plantae,NA,220,NA
4994,Pulicaria arabica,4271356,SUBSPECIES,ACCEPTED,Plantae,NA,220,NA
4995,Pulicaria arabica,11844792,SUBSPECIES,ACCEPTED,Plantae,NA,220,NA
4996,Pulicaria arabica,7223680,SUBSPECIES,ACCEPTED,Plantae,NA,220,NA
4997,Pulicaria arabica,7225712,SUBSPECIES,ACCEPTED,Plantae,NA,220,NA
4998,Pulicaria arabica,2769073,SUBSPECIES,ACCEPTED,Plantae,NA,196,NA
4999,Pulicaria arabica,6157035,SUBSPECIES,ACCEPTED,Plantae,NA,11418114,NA
5000,Pulicaria arabica,5359402,SUBSPECIES,ACCEPTED,Plantae,NA,220,NA
5001,Pulicaria arabica,7455425,SUBSPECIES,ACCEPTED,Plantae,NA,220,NA
5002,Pulicaria arabica,5581279,SUBSPECIES,ACCEPTED,Plantae,NA,220,NA
5003,Pulicaria arabica,7190901,SUBSPECIES,ACCEPTED,Plantae,NA,11418114,NA
5004,Pulicaria arabica,6164210,SUBSPECIES,ACCEPTED,Plantae,NA,359,NA
5005,Pulicaria arabica,3802956,SUBSPECIES,ACCEPTED,Plantae,NA,220,NA
5006,Pulicaria arabica,4250676,SUBSPECIES,ACCEPTED,Plantae,NA,220,NA
5007,Pulicaria arabica,3666059,SUBSPECIES,ACCEPTED,Plantae,NA,220,NA
5008,Pulicaria arabica,6427623,SUBSPECIES,ACCEPTED,Plantae,NA,220,NA
5009,Pulicaria arabica,4932232,NA,NA,NA,NA,196,NA
5010,Pulicaria arabica,8381801,NA,NA,NA,NA,220,NA
5011,Pulicaria arabica arabica,NA,NA,NA,NA,NA,NA,213215131
5012,Pulicaria arabica hispanica,NA,NA,NA,NA,NA,NA,182134916
5013,Pulmonaria longifolia,7294681,SPECIES,ACCEPTED,Plantae,7294681: Pulmonaria longifolia (Bastard) Boreau,220,152545498
5014,Pulmonaria mollis,7958783,SPECIES,ACCEPTED,Plantae,7958783: Pulmonaria mollis Hornem.,220,213214104
5015,Pulmonaria mollis,7958783,SPECIES,ACCEPTED,Plantae,7958783: Pulmonaria mollis Hornem.,220,152545497
5016,Pulmonaria officinalis,5341204,SPECIES,ACCEPTED,Plantae,5341204: Pulmonaria officinalis L.,220,152545501
5017,Pulmonaria rubra,5660450,SPECIES,ACCEPTED,Plantae,5660450: Pulmonaria rubra Schott,220,152545499
5018,Pulmonaria saccharata,5341203,SPECIES,ACCEPTED,Plantae,5341203: Pulmonaria saccharata Mill.,220,152545500
5019,Pulvinaria floccifera,8255921,SPECIES,ACCEPTED,Animalia,NA,216,213214154
5020,Pulvinaria hydrangeae,2091932,SPECIES,ACCEPTED,Animalia,NA,216,213214151
5021,Pulvinaria regalis,2092040,SPECIES,ACCEPTED,Animalia,NA,216,213214153
5022,Puschkinia scilloides,2767428,SPECIES,ACCEPTED,Plantae,2767428: Puschkinia scilloides Adams,196,182133250
5023,Pycnanthemum verticillatum,2927363,SPECIES,ACCEPTED,Plantae,NA,220,213215454
5024,Pycnanthemum verticillatum,1007534,SPECIES,ACCEPTED,Plantae,NA,252,213215454
5025,Pycnanthemum verticillatum,8323119,SPECIES,ACCEPTED,Plantae,NA,220,213215454
5026,Pycnanthemum verticillatum,7293222,SPECIES,ACCEPTED,Plantae,NA,220,213215454
5027,Pycnanthemum verticillatum,8006893,SPECIES,ACCEPTED,Plantae,NA,220,213215454
5028,Pycnanthemum verticillatum,7096205,SPECIES,ACCEPTED,Plantae,NA,220,213215454
5029,Pycnanthemum verticillatum,7066596,SPECIES,ACCEPTED,Plantae,NA,220,213215454
5030,Pycnanthemum verticillatum,3890974,SPECIES,ACCEPTED,Plantae,NA,220,213215454
5031,Pycnanthemum verticillatum,4132902,SPECIES,ACCEPTED,Plantae,NA,196,213215454
5032,Pycnanthemum verticillatum,8421432,SPECIES,ACCEPTED,Plantae,NA,220,213215454
5033,Pycnanthemum verticillatum,7225471,SPECIES,ACCEPTED,Plantae,NA,220,213215454
5034,Pycnanthemum verticillatum,7358677,SPECIES,ACCEPTED,Plantae,NA,220,213215454
5035,Pycnanthemum verticillatum,4219118,NA,NA,NA,NA,220,213215454
5036,Pycnanthemum verticillatum pilosum,NA,NA,NA,NA,NA,NA,213215453
5037,Pycnomerus sulcicollis,1045323,SPECIES,ACCEPTED,Animalia,NA,216,213214336
5038,Pycnonotus barbatus,5289751,NA,NA,NA,NA,196,159747229
5039,Pycnonotus cafer,2486131,SPECIES,ACCEPTED,Animalia,"2486131: Pycnonotus cafer (Linnaeus, 1766)",212,159747228
5040,Pycnonotus jocosus,2486151,SPECIES,ACCEPTED,Animalia,"2486151: Pycnonotus jocosus (Linnaeus, 1758)",212,159747232
5041,Pycnonotus leucotis,2486132,SPECIES,ACCEPTED,Animalia,"2486132: Pycnonotus leucotis (Gould, 1836)",212,159747230
5042,Pyracantha coccinea,2988188,SPECIES,ACCEPTED,Plantae,NA,220,213215675
5043,Pyracantha fortuneana,2988224,SPECIES,ACCEPTED,Plantae,NA,220,213215676
5044,Pyrrhula erythaca,3645346,NA,NA,NA,NA,220,159747216
5045,Pyrrhura molinae,2479804,SPECIES,ACCEPTED,Animalia,NA,212,213212934
5046,Pyrrhura perlata,2149992,NA,NA,NA,NA,367,159747422
5047,Pyrus calleryana,5363119,SPECIES,ACCEPTED,Plantae,NA,220,213215684
5048,Pyrus communis,7271631,SUBSPECIES,ACCEPTED,Plantae,7271631: Pyrus communis subsp. communis,220,213215683
5049,Pyrus communis,2153759,SPECIES,ACCEPTED,Plantae,NA,367,213215683
5050,Pyrus communis,6076279,SPECIES,ACCEPTED,Plantae,NA,220,213215683
5051,Pyrus communis,7440977,SPECIES,ACCEPTED,Plantae,NA,220,213215683
5052,Pyrus communis,2284443,SPECIES,ACCEPTED,Plantae,NA,11133537,213215683
5053,Pyrus communis,7267631,SPECIES,ACCEPTED,Plantae,NA,220,213215683
5054,Pyrus communis,7298085,SPECIES,ACCEPTED,Plantae,NA,220,213215683
5055,Pyrus communis,5587240,SPECIES,ACCEPTED,Plantae,NA,220,213215683
5056,Pyrus communis,6427623,SPECIES,ACCEPTED,Plantae,NA,220,213215683
5057,Pyrus communis,4123394,SPECIES,ACCEPTED,Plantae,NA,196,213215683
5058,Pyrus communis,4090836,SPECIES,ACCEPTED,Plantae,NA,220,213215683
5059,Pyrus communis,8257857,SPECIES,ACCEPTED,Plantae,NA,220,213215683
5060,Pyrus communis,2284443,NA,NA,NA,NA,11133537,213215683
5061,Pyrus communis communis,NA,NA,NA,NA,NA,NA,152544786
5062,Python,NA,NA,NA,NA,NA,NA,182133783
5063,Python NA,2454645,GENUS,ACCEPTED,Animalia,NA,11592253,NA
5064,Python NA,2454645,GENUS,ACCEPTED,Animalia,NA,11592253,NA
5065,Python molurus,5381097,NA,NA,NA,NA,220,182133787
5066,Python regius,2465380,SPECIES,ACCEPTED,Animalia,"2465380: Python regius (Shaw, 1802)",11592253,182133785
5067,Quercus cerris,2880580,SPECIES,ACCEPTED,Plantae,2880580: Quercus cerris L.,220,152546173
5068,Quercus coccinea,5581279,SPECIES,ACCEPTED,Plantae,NA,220,213215363
5069,Quercus conferta,2879520,SPECIES,ACCEPTED,Plantae,NA,220,213215366
5070,Quercus frainetto,2879504,SPECIES,ACCEPTED,Plantae,2879504: Quercus frainetto Ten.,220,NA
5071,Quercus ilex,2879098,SPECIES,ACCEPTED,Plantae,2879098: Quercus ilex L.,220,152546170
5072,Quercus palustris,8313153,SPECIES,ACCEPTED,Plantae,8313153: Quercus palustris Münchh.,220,152546169
5073,Quercus pyrenaica,2878826,SPECIES,ACCEPTED,Plantae,NA,220,213215365
5074,Quercus rubra,2880539,SPECIES,ACCEPTED,Plantae,2880539: Quercus rubra L.,220,152546172
5075,Quercus suber,2879411,SPECIES,ACCEPTED,Plantae,NA,220,213215364
5076,Quiscalus major,2484133,SPECIES,ACCEPTED,Animalia,"2484133: Quiscalus major Vieillot, 1819",212,159747343
5077,Quiscalus quiscula,2484155,SPECIES,ACCEPTED,Animalia,"2484155: Quiscalus quiscula (Linnaeus, 1758)",212,159747342
5078,Quistadrilus multisetosus,4410088,SPECIES,ACCEPTED,Animalia,"4410088: Quistadrilus multisetosus (Smith, 1900)",255,152543676
5079,Radix rubiginosa,7384449,SPECIES,ACCEPTED,Animalia,NA,225,213213540
5080,Raglius alboacuminatus,5152543,SPECIES,ACCEPTED,Animalia,NA,216,213214039
5081,Rangia cuneata,5188971,SPECIES,ACCEPTED,Animalia,"5188971: Rangia cuneata (G.B.Sowerby I, 1832)",137,152543787
5082,Ranunculus gramineus,3927790,SPECIES,ACCEPTED,Plantae,3927790: Ranunculus gramineus L.,220,152546332
5083,Ranunculus lanuginosus,7826351,SPECIES,ACCEPTED,Plantae,NA,220,152546331
5084,Ranunculus marginatus,3033396,SPECIES,ACCEPTED,Plantae,3033396: Ranunculus marginatus d'Urv.,220,152546335
5085,Ranunculus muricatus,3033318,SPECIES,ACCEPTED,Plantae,3033318: Ranunculus muricatus L.,220,152546333
5086,Ranunculus parviflorus,3033434,SPECIES,ACCEPTED,Plantae,3033434: Ranunculus parviflorus L.,220,152546336
5087,Ranunculus pensylvanicus,7823272,SPECIES,ACCEPTED,Plantae,7823272: Ranunculus pensylvanicus L.fil.,220,152546330
5088,Ranunculus trilobus,3033460,SPECIES,ACCEPTED,Plantae,3033460: Ranunculus trilobus Desf.,220,152546334
5089,Rapana venosa,4363583,SPECIES,ACCEPTED,Animalia,"4363583: Rapana venosa (Valenciennes, 1846)",225,152543560
5090,Raphanus raphanistrum,3040999,SUBSPECIES,ACCEPTED,Plantae,3040999: Raphanus raphanistrum subsp. landra (Moretti ex DC.) Bonnier & Layens,220,NA
5091,Raphanus raphanistrum,7510471,SUBSPECIES,ACCEPTED,Plantae,NA,220,NA
5092,Raphanus raphanistrum,8257546,SUBSPECIES,ACCEPTED,Plantae,NA,196,NA
5093,Raphanus raphanistrum,3023671,SUBSPECIES,ACCEPTED,Plantae,NA,220,NA
5094,Raphanus raphanistrum,8336551,SUBSPECIES,ACCEPTED,Plantae,NA,220,NA
5095,Raphanus raphanistrum,9391215,SUBSPECIES,ACCEPTED,Plantae,NA,11592253,NA
5096,Raphanus raphanistrum,7427650,SUBSPECIES,ACCEPTED,Plantae,NA,220,NA
5097,Raphanus raphanistrum,7323341,SUBSPECIES,ACCEPTED,Plantae,NA,220,NA
5098,Raphanus raphanistrum,2457378,SUBSPECIES,ACCEPTED,Plantae,NA,11592253,NA
5099,Raphanus raphanistrum,7740944,SUBSPECIES,ACCEPTED,Plantae,NA,220,NA
5100,Raphanus raphanistrum,7219988,SUBSPECIES,ACCEPTED,Plantae,NA,220,NA
5101,Raphanus raphanistrum,7277946,SUBSPECIES,ACCEPTED,Plantae,NA,220,NA
5102,Raphanus raphanistrum,6369140,NA,NA,NA,NA,220,NA
5103,Raphanus raphanistrum landra,NA,NA,NA,NA,NA,NA,152545400
5104,Raphanus sativus,7678610,SPECIES,ACCEPTED,Plantae,7678610: Raphanus sativus L. | 4928064: Raphanus sativus var. oleiformis Pers. | 3040973: Raphanus sativus var. niger (Mill.) J.Kern.,220,152545399
5105,Rapistrum perenne,5373365,SPECIES,ACCEPTED,Plantae,5373365: Rapistrum perenne (L.) All.,220,152545342
5106,Rapistrum rugosum,5373368,SPECIES,ACCEPTED,Plantae,5373368: Rapistrum rugosum (L.) All. | 5373370: Rapistrum rugosum subsp. orientale (L.) Arcang. | 5373377: Rapistrum rugosum subsp. rugosum | 5373375: Rapistrum rugosum subsp. linnaeanum Rouy & Foucaud,220,152545341
5107,Rattus norvegicus,2439261,SPECIES,ACCEPTED,Animalia,"2439261: Rattus norvegicus (Berkenhout, 1769)",359,152543293
5108,Rattus rattus,2439270,SPECIES,ACCEPTED,Animalia,NA,359,213212272
5109,Reductoniscus costulatus,2202641,SPECIES,ACCEPTED,Animalia,NA,229,152543911
5110,Reesa vespulae,1095946,SPECIES,ACCEPTED,Animalia,NA,216,213214322
5111,Reseda alba,3040254,SPECIES,ACCEPTED,Plantae,3040254: Reseda alba L.,220,152545473
5112,Reseda lutea,4023424,NA,NA,NA,NA,220,NA
5113,Reseda lutea,2914404,NA,NA,NA,NA,220,NA
5114,Reseda lutea,7901010,NA,NA,NA,NA,220,NA
5115,Reseda lutea,6076957,NA,NA,NA,NA,220,NA
5116,Reseda lutea,7740944,NA,NA,NA,NA,220,NA
5117,Reseda lutea,8381801,NA,NA,NA,NA,220,NA
5118,Reseda lutea,8429888,NA,NA,NA,NA,196,NA
5119,Reseda lutea,5587240,NA,NA,NA,NA,220,NA
5120,Reseda lutea,6449041,NA,NA,NA,NA,196,NA
5121,Reseda lutea,2653392,NA,NA,NA,NA,282,NA
5122,Reseda lutea,7226804,NA,NA,NA,NA,196,NA
5123,Reseda lutea,5373039,NA,NA,NA,NA,220,NA
5124,Reseda lutea vivantii,NA,NA,NA,NA,NA,NA,152545471
5125,Reseda odorata,3040255,SPECIES,ACCEPTED,Plantae,3040255: Reseda odorata L.,220,152545474
5126,Reseda phyteuma,3040253,SPECIES,ACCEPTED,Plantae,3040253: Reseda phyteuma L.,220,152545472
5127,Reyllopia conollyana,4038524,SPECIES,ACCEPTED,Plantae,NA,220,182135072
5128,Reynoutria bohemica,4038485,SPECIES,ACCEPTED,Plantae,NA,220,152546128
5129,Reynoutria compacta,6709291,SPECIES,ACCEPTED,Plantae,NA,220,213214891
5130,Reynoutria japonica,2889173,SPECIES,ACCEPTED,Plantae,2889173: Reynoutria japonica Houtt. | 5334357: Fallopia japonica (Houtt.) Ronse Decr. | 7128523: Fallopia japonica var. japonica | 5334352: Polygonum cuspidatum Siebold & Zucc.,220,152546129
5131,Reynoutria sachalinensis,2889088,SPECIES,ACCEPTED,Plantae,5334293: Fallopia sachalinensis (F.Schmidt) Ronse Decr. | 2889088: Reynoutria sachalinensis (F.Schmidt) Nakai,220,152546130
5132,Reynoutria ×bohemica,4038485,SPECIES,ACCEPTED,Plantae,5652296: Fallopia ×bohemica (Chrtek & Chrtková) J.P.Bailey | 4038485: Reynoutria ×bohemica Chrtek & Chrtková,220,NA
5133,Rhacocleis annulata,1683815,SPECIES,ACCEPTED,Animalia,NA,216,213213773
5134,Rhagadiolus stellatus,5399550,SPECIES,ACCEPTED,Plantae,5399550: Rhagadiolus stellatus (L.) Gaertn.,220,152543823
5135,Rhagoletis cingulata,1622599,SPECIES,ACCEPTED,Animalia,NA,216,213214418
5136,Rhagoletis completa,1622658,SPECIES,ACCEPTED,Animalia,NA,216,213214420
5137,Rhamnus alaternus,6371424,SPECIES,ACCEPTED,Plantae,NA,220,213215639
5138,Rhamphiophis,NA,NA,NA,NA,NA,NA,182133765
5139,Rhamphiophis NA,7062200,NA,NA,NA,NA,11418114,NA
5140,Rhamphiophis NA,8991514,NA,NA,NA,NA,212,NA
5141,Rhamphiophis NA,4219118,NA,NA,NA,NA,220,NA
5142,Rhamphiophis NA,10948891,NA,NA,NA,NA,220,NA
5143,Rhamphiophis NA,2706403,NA,NA,NA,NA,196,NA
5144,Rhamphiophis NA,6164210,NA,NA,NA,NA,359,NA
5145,Rhamphiophis NA,2914404,NA,NA,NA,NA,220,NA
5146,Rhamphiophis NA,7332517,NA,NA,NA,NA,220,NA
5147,Rhamphiophis NA,8257857,NA,NA,NA,NA,220,NA
5148,Rhamphiophis NA,2444221,NA,NA,NA,NA,11592253,NA
5149,Rhamphiophis NA,4270548,NA,NA,NA,NA,196,NA
5150,Rhamphiophis NA,9601519,NA,NA,NA,NA,11418114,NA
5151,Rhaphiolepis bibas,10786206,SPECIES,ACCEPTED,Plantae,NA,220,213215673
5152,Rhaponticum repens,3142208,SPECIES,ACCEPTED,Plantae,3142209: Centaurea repens L.,220,NA
5153,Rhea americana,2495165,SPECIES,ACCEPTED,Animalia,"2495165: Rhea americana (Linnaeus, 1758)",212,159746945
5154,Rheum rhabarbarum,2888867,SPECIES,ACCEPTED,Plantae,2888867: Rheum rhabarbarum L.,220,152546134
5155,Rhinella marina,2498054,NA,NA,NA,NA,212,152543377
5156,Rhithropanopeus harrisii,2227663,SPECIES,ACCEPTED,Animalia,"2227663: Rhithropanopeus harrisii (Gould, 1841)",229,152543849
5157,Rhodanthe floribunda,7954545,NA,NA,NA,NA,270,152543990
5158,Rhodanthe stricta,10797854,NA,NA,NA,NA,270,159748874
5159,Rhododendron luteum,7135755,SPECIES,ACCEPTED,Plantae,7135755: Rhododendron luteum Sweet,220,152545850
5160,Rhododendron ponticum,7327990,SPECIES,ACCEPTED,Plantae,7327990: Rhododendron ponticum L.,220,152545851
5161,Rhododendron tomentosum,6400569,SPECIES,ACCEPTED,Plantae,NA,220,213215599
5162,Rhodospiza obsoleta,3376286,NA,NA,NA,NA,270,159747219
5163,Rhodotypos scandens,3032442,SPECIES,ACCEPTED,Plantae,3032442: Rhodotypos scandens (Thunb.) Makino,220,152544859
5164,Rhus glabra,3190544,SPECIES,ACCEPTED,Plantae,NA,220,213214250
5165,Rhus pulvinata,3190551,SPECIES,ACCEPTED,Plantae,NA,220,152543306
5166,Rhus typhina,3190538,SPECIES,ACCEPTED,Plantae,3190538: Rhus typhina L. | 3190535: Rhus hirta (L.) Südw.,220,152543305
5167,Rhus ×pulvinata,3190551,SPECIES,ACCEPTED,Plantae,3190551: Rhus ×pulvinata Greene,220,NA
5168,Rhynchophorus ferrugineus,6132234,SPECIES,ACCEPTED,Animalia,NA,216,213214354
5169,Rhyzobius forestieri,4990176,SPECIES,ACCEPTED,Animalia,"4990176: Rhyzobius forestieri (Mulsant, 1853)",216,152544563
5170,Rhyzobius lophanthae,4990175,SPECIES,ACCEPTED,Animalia,NA,216,213214372
5171,Ribes alpinum,2986184,SPECIES,ACCEPTED,Plantae,2986184: Ribes alpinum L.,220,152544730
5172,Ribes aureum,2986111,SPECIES,ACCEPTED,Plantae,NA,220,213213621
5173,Ribes aureum,2479851,SPECIES,ACCEPTED,Plantae,NA,212,213213621
5174,Ribes aureum,3611735,SPECIES,ACCEPTED,Plantae,NA,220,213213621
5175,Ribes aureum,4925890,SPECIES,ACCEPTED,Plantae,NA,220,213213621
5176,Ribes aureum,9603492,SPECIES,ACCEPTED,Plantae,NA,220,213213621
5177,Ribes aureum,3890974,SPECIES,ACCEPTED,Plantae,NA,220,213213621
5178,Ribes aureum,3935202,SPECIES,ACCEPTED,Plantae,NA,220,213213621
5179,Ribes aureum,8257546,SPECIES,ACCEPTED,Plantae,NA,196,213213621
5180,Ribes aureum,8429888,SPECIES,ACCEPTED,Plantae,NA,196,213213621
5181,Ribes aureum,9405036,SPECIES,ACCEPTED,Plantae,NA,212,213213621
5182,Ribes aureum,7420522,SPECIES,ACCEPTED,Plantae,NA,220,213213621
5183,Ribes aureum,8925248,SPECIES,ACCEPTED,Plantae,NA,220,213213621
5184,Ribes aureum,7068845,NA,NA,NA,NA,220,213213621
5185,Ribes aureum villosum,NA,NA,NA,NA,NA,NA,213213619
5186,Ribes divaricatum,2986132,SPECIES,ACCEPTED,Plantae,2986132: Ribes divaricatum Douglas,220,152544728
5187,Ribes nidigrolaria,4194699,SPECIES,ACCEPTED,Plantae,NA,220,182133937
5188,Ribes sanguineum,2986130,SPECIES,ACCEPTED,Plantae,2986130: Ribes sanguineum Pursh,220,152544729
5189,Ribes spicatum,2986129,SPECIES,ACCEPTED,Plantae,2986129: Ribes spicatum E.Robson,220,152544727
5190,Ricinus communis,5380041,SPECIES,ACCEPTED,Plantae,5380041: Ricinus communis L.,220,152546429
5191,Ridolfia segetum,3640194,SPECIES,ACCEPTED,Plantae,3640194: Ridolfia segetum (L.) Moris,220,NA
5192,Robinia pseudoacacia,5352251,SPECIES,ACCEPTED,Plantae,5352251: Robinia pseudoacacia L.,220,152545093
5193,Rodgersia aesculifolia,7339492,SPECIES,ACCEPTED,Plantae,NA,220,152544685
5194,Rodgersia podophylla,3754587,SPECIES,ACCEPTED,Plantae,3754587: Rodgersia podophylla A.Gray,220,152544686
5195,Roemeria hispida,9587676,SPECIES,ACCEPTED,Plantae,NA,220,213214305
5196,Roemeria hybrida,7315023,SPECIES,ACCEPTED,Plantae,7315023: Roemeria hybrida (L.) DC.,220,152546387
5197,Rorippa anceps,3693336,SPECIES,ACCEPTED,Plantae,NA,220,213214564
5198,Rorippa austriaca,3053406,SPECIES,ACCEPTED,Plantae,3053406: Rorippa austriaca (Crantz) Besser,220,152545444
5199,Rorippa pyrenaica,3053399,SPECIES,ACCEPTED,Plantae,NA,220,213214566
5200,Rosa blanda,3002372,SPECIES,ACCEPTED,Plantae,NA,220,152544877
5201,Rosa carolina,2889024,NA,NA,NA,NA,220,NA
5202,Rosa carolina,6300531,NA,NA,NA,NA,220,NA
5203,Rosa carolina,7298085,NA,NA,NA,NA,220,NA
5204,Rosa carolina,4273336,NA,NA,NA,NA,220,NA
5205,Rosa carolina,5587240,NA,NA,NA,NA,220,NA
5206,Rosa carolina,7224157,NA,NA,NA,NA,220,NA
5207,Rosa carolina,8338571,NA,NA,NA,NA,196,NA
5208,Rosa carolina,7332416,NA,NA,NA,NA,220,NA
5209,Rosa carolina,4925890,NA,NA,NA,NA,220,NA
5210,Rosa carolina,6369140,NA,NA,NA,NA,220,NA
5211,Rosa carolina,5928306,NA,NA,NA,NA,220,NA
5212,Rosa carolina,7757431,NA,NA,NA,NA,220,NA
5213,Rosa carolina carolina,NA,NA,NA,NA,NA,NA,213215722
5214,Rosa chinensis,3005039,SPECIES,ACCEPTED,Plantae,3006932: Rosa semperflorens Curtis | 3005039: Rosa chinensis Jacq.,220,159748319
5215,Rosa gallica,3002530,SPECIES,ACCEPTED,Plantae,NA,220,213215724
5216,Rosa glauca,3003709,SPECIES,ACCEPTED,Plantae,3003709: Rosa glauca Pourr. | 8684350: Rosa ferruginea Vill.,220,152544881
5217,Rosa majalis,3002263,SPECIES,ACCEPTED,Plantae,NA,220,152544876
5218,Rosa multiflora,7501634,SPECIES,DOUBTFUL,Plantae,7501634: Rosa multiflora Murray,220,213215723
5219,Rosa multiflora,7501634,SPECIES,DOUBTFUL,Plantae,7501634: Rosa multiflora Murray,220,152544875
5220,Rosa nitida,3011247,SPECIES,ACCEPTED,Plantae,3011247: Rosa nitida Willd.,220,152544878
5221,Rosa pendulina,3006974,SPECIES,ACCEPTED,Plantae,3006974: Rosa pendulina L.,220,152544879
5222,Rosa rugosa,3003979,SPECIES,ACCEPTED,Plantae,3003979: Rosa rugosa Thunb.,220,152544880
5223,Rosa virginiana,9382645,SPECIES,ACCEPTED,Plantae,9382645: Rosa virginiana Herrm.,220,182135146
5224,Rosalia alpina,7569075,SPECIES,ACCEPTED,Animalia,NA,216,213214310
5225,Rostraria cristata,5289906,SPECIES,ACCEPTED,Plantae,5289906: Rostraria cristata (L.) Tzvelev | 2705915: Koeleria cristata (L.) Bertol.,196,152546863
5226,Rubia tinctorum,2892272,SPECIES,ACCEPTED,Plantae,2892272: Rubia tinctorum L.,220,152545260
5227,Rubus armeniacus,2996525,SPECIES,ACCEPTED,Plantae,2996525: Rubus armeniacus Focke,220,152544915
5228,Rubus cockburnianus,2994120,SPECIES,ACCEPTED,Plantae,2994120: Rubus cockburnianus Hemsl.,220,152544921
5229,Rubus laciniatus,2992543,SPECIES,ACCEPTED,Plantae,2992543: Rubus laciniatus Willd.,220,152544919
5230,Rubus nutkanus,2994229,SPECIES,ACCEPTED,Plantae,NA,220,213215707
5231,Rubus odoratus,2994912,SPECIES,ACCEPTED,Plantae,2994912: Rubus odoratus L.,220,152544916
5232,Rubus phoenicolasius,2995149,SPECIES,ACCEPTED,Plantae,2995149: Rubus phoenicolasius Maxim.,220,152544917
5233,Rubus setchuenensis,2996897,SPECIES,ACCEPTED,Plantae,NA,220,213215706
5234,Rubus spectabilis,2993761,SPECIES,ACCEPTED,Plantae,2993761: Rubus spectabilis Pursh,220,152544922
5235,Rubus tricolor,2989222,SPECIES,ACCEPTED,Plantae,2989222: Rubus tricolor Focke,220,152544918
5236,Rudbeckia amplexicaulis,4103685,NA,NA,NA,NA,220,152544178
5237,Rudbeckia fulgida,7344766,SPECIES,ACCEPTED,Plantae,7344766: Rudbeckia fulgida Aiton,220,182134946
5238,Rudbeckia hirta,3114225,SPECIES,ACCEPTED,Plantae,3114225: Rudbeckia hirta L.,220,152544185
5239,Rudbeckia laciniata,3114229,SPECIES,ACCEPTED,Plantae,3114229: Rudbeckia laciniata L.,220,152544181
5240,Ruditapes philippinarum,4372686,SPECIES,ACCEPTED,Animalia,"4372686: Ruditapes philippinarum (A.Adams & Reeve, 1850)",137,159747938
5241,Rumex alpinus,2888948,SPECIES,ACCEPTED,Plantae,2888948: Rumex alpinus L.,220,152546152
5242,Rumex altissimus,7933495,NA,NA,NA,NA,220,152546147
5243,Rumex brownii,5358301,NA,NA,NA,NA,220,213214875
5244,Rumex bucephalophorus,2888993,SPECIES,ACCEPTED,Plantae,2888993: Rumex bucephalophorus L.,220,152546156
5245,Rumex confertus,2888943,SPECIES,ACCEPTED,Plantae,2888943: Rumex confertus Willd.,220,152546150
5246,Rumex confusus,3736228,NA,NA,NA,NA,220,152546146
5247,Rumex crispus,8186932,NA,NA,NA,NA,220,NA
5248,Rumex crispus,8257857,NA,NA,NA,NA,220,NA
5249,Rumex crispus,5831060,NA,NA,NA,NA,220,NA
5250,Rumex crispus,6156934,NA,NA,NA,NA,11418114,NA
5251,Rumex crispus,7323251,NA,NA,NA,NA,220,NA
5252,Rumex crispus,6449041,NA,NA,NA,NA,196,NA
5253,Rumex crispus,8134874,NA,NA,NA,NA,196,NA
5254,Rumex crispus,6076279,NA,NA,NA,NA,220,NA
5255,Rumex crispus,6313049,NA,NA,NA,NA,196,NA
5256,Rumex crispus,5652131,NA,NA,NA,NA,220,NA
5257,Rumex crispus,7324507,NA,NA,NA,NA,220,NA
5258,Rumex crispus robustus,NA,NA,NA,NA,NA,NA,213214862
5259,Rumex cristatus,2889010,SPECIES,ACCEPTED,Plantae,2889010: Rumex cristatus DC.,220,152546158
5260,Rumex dentatus,2889038,SPECIES,ACCEPTED,Plantae,2889038: Rumex dentatus L.,220,152546145
5261,Rumex erubescens,8242651,SPECIES,ACCEPTED,Plantae,NA,220,152546140
5262,Rumex fueginus,2888982,SPECIES,ACCEPTED,Plantae,NA,220,213214878
5263,Rumex hybridus,3107896,NA,NA,NA,NA,220,182135076
5264,Rumex hypogaeus,8909872,SPECIES,ACCEPTED,Plantae,NA,220,213214887
5265,Rumex kerneri,2889005,SPECIES,ACCEPTED,Plantae,2889005: Rumex kerneri Borbás | 4034971: Rumex cristatus subsp. kerneri (Borbás) Akeroyd & D.A.Webb,220,152546157
5266,Rumex longifolius,2888946,SPECIES,ACCEPTED,Plantae,2888946: Rumex longifolius DC.,220,152546151
5267,Rumex obovatus,2888987,SPECIES,ACCEPTED,Plantae,2888987: Rumex obovatus Danser,220,152546154
5268,Rumex obtusifolius,7901010,SUBSPECIES,ACCEPTED,Plantae,7901010: Rumex obtusifolius subsp. sylvestris (Lam.) Celak.,220,NA
5269,Rumex obtusifolius,3152723,SUBSPECIES,ACCEPTED,Plantae,NA,220,NA
5270,Rumex obtusifolius,9405036,SUBSPECIES,ACCEPTED,Plantae,NA,212,NA
5271,Rumex obtusifolius,8369366,SUBSPECIES,ACCEPTED,Plantae,NA,196,NA
5272,Rumex obtusifolius,7421129,SUBSPECIES,ACCEPTED,Plantae,NA,196,NA
5273,Rumex obtusifolius,6409536,SUBSPECIES,ACCEPTED,Plantae,NA,220,NA
5274,Rumex obtusifolius,7062200,SUBSPECIES,ACCEPTED,Plantae,NA,11418114,NA
5275,Rumex obtusifolius,7358677,SUBSPECIES,ACCEPTED,Plantae,NA,220,NA
5276,Rumex obtusifolius,9391215,SUBSPECIES,ACCEPTED,Plantae,NA,11592253,NA
5277,Rumex obtusifolius,5831060,SUBSPECIES,ACCEPTED,Plantae,NA,220,NA
5278,Rumex obtusifolius,5548011,SUBSPECIES,ACCEPTED,Plantae,NA,220,NA
5279,Rumex obtusifolius,4036957,SUBSPECIES,ACCEPTED,Plantae,NA,220,NA
5280,Rumex obtusifolius,7308335,NA,NA,NA,NA,220,NA
5281,Rumex obtusifolius sylvestris,NA,NA,NA,NA,NA,NA,152546138
5282,Rumex patientia,2889019,SPECIES,ACCEPTED,Plantae,2889019: Rumex patientia L.,220,152546148
5283,Rumex pseudonatronatus,7911993,SPECIES,ACCEPTED,Plantae,7911993: Rumex pseudonatronatus (Borbás) Borbás ex Murb.,220,213214880
5284,Rumex pseudonatronatus,7911993,SPECIES,ACCEPTED,Plantae,7911993: Rumex pseudonatronatus (Borbás) Borbás ex Murb.,220,152546137
5285,Rumex pulcher,7415922,SUBSPECIES,ACCEPTED,Plantae,7415922: Rumex pulcher subsp. woodsii (De Not.) Arcang.,220,213214869
5286,Rumex pulcher,8419625,SPECIES,ACCEPTED,Plantae,NA,220,213214869
5287,Rumex pulcher,5587240,SPECIES,ACCEPTED,Plantae,NA,220,213214869
5288,Rumex pulcher,6313051,SPECIES,ACCEPTED,Plantae,NA,196,213214869
5289,Rumex pulcher,6313049,SPECIES,ACCEPTED,Plantae,NA,196,213214869
5290,Rumex pulcher,4048052,SPECIES,ACCEPTED,Plantae,NA,220,213214869
5291,Rumex pulcher,8338571,SPECIES,ACCEPTED,Plantae,NA,196,213214869
5292,Rumex pulcher,2653392,SPECIES,ACCEPTED,Plantae,NA,282,213214869
5293,Rumex pulcher,3065244,SPECIES,ACCEPTED,Plantae,NA,220,213214869
5294,Rumex pulcher,7227181,SPECIES,ACCEPTED,Plantae,NA,196,213214869
5295,Rumex pulcher,2974921,SPECIES,ACCEPTED,Plantae,NA,220,213214869
5296,Rumex pulcher,7225471,SPECIES,ACCEPTED,Plantae,NA,220,213214869
5297,Rumex pulcher,4035024,SPECIES,ACCEPTED,Plantae,NA,220,213214869
5298,Rumex pulcher,7901010,SPECIES,ACCEPTED,Plantae,NA,220,213214869
5299,Rumex pulcher,7225621,SPECIES,ACCEPTED,Plantae,NA,220,213214869
5300,Rumex pulcher,3047147,SPECIES,ACCEPTED,Plantae,NA,220,213214869
5301,Rumex pulcher,11844792,SPECIES,ACCEPTED,Plantae,NA,220,213214869
5302,Rumex pulcher,7223680,SPECIES,ACCEPTED,Plantae,NA,220,213214869
5303,Rumex pulcher,4131042,SPECIES,ACCEPTED,Plantae,NA,196,213214869
5304,Rumex pulcher,7226794,SPECIES,ACCEPTED,Plantae,NA,196,213214869
5305,Rumex pulcher,8389446,SPECIES,ACCEPTED,Plantae,NA,196,213214869
5306,Rumex pulcher,5347854,NA,NA,NA,NA,220,213214869
5307,Rumex pulcher,10948891,NA,NA,NA,NA,220,213214869
5308,Rumex pulcher pulcher,NA,NA,NA,NA,NA,NA,152546143
5309,Rumex pulcher woodsii,NA,NA,NA,NA,NA,NA,152546136
5310,Rumex rugosus,2889037,SPECIES,ACCEPTED,Plantae,2889037: Rumex rugosus Campd.,220,152546144
5311,Rumex salicifolius,2888990,SPECIES,ACCEPTED,Plantae,NA,220,213214867
5312,Rumex salicifolius,2432063,SPECIES,ACCEPTED,Plantae,NA,131,213214867
5313,Rumex salicifolius,7225456,SPECIES,ACCEPTED,Plantae,NA,220,213214867
5314,Rumex salicifolius,8006893,SPECIES,ACCEPTED,Plantae,NA,220,213214867
5315,Rumex salicifolius,7223680,SPECIES,ACCEPTED,Plantae,NA,220,213214867
5316,Rumex salicifolius,3755928,SPECIES,ACCEPTED,Plantae,NA,220,213214867
5317,Rumex salicifolius,7277946,SPECIES,ACCEPTED,Plantae,NA,220,213214867
5318,Rumex salicifolius,6308164,SPECIES,ACCEPTED,Plantae,NA,220,213214867
5319,Rumex salicifolius,3602069,SPECIES,ACCEPTED,Plantae,NA,220,213214867
5320,Rumex salicifolius,4115425,SPECIES,ACCEPTED,Plantae,NA,196,213214867
5321,Rumex salicifolius,7332416,SPECIES,ACCEPTED,Plantae,NA,220,213214867
5322,Rumex salicifolius,4925890,SPECIES,ACCEPTED,Plantae,NA,220,213214867
5323,Rumex salicifolius,3890974,NA,NA,NA,NA,220,213214867
5324,Rumex salicifolius triangulivalvis,NA,NA,NA,NA,NA,NA,213214873
5325,Rumex spinosus,2888870,SPECIES,ACCEPTED,Plantae,NA,220,159749116
5326,Rumex stenophyllus,2889023,SPECIES,ACCEPTED,Plantae,2889023: Rumex stenophyllus Ledeb.,220,152546149
5327,Rumex thyrsiflorus,6391417,SPECIES,ACCEPTED,Plantae,6391417: Rumex thyrsiflorus Fingerh.,220,152546141
5328,Rumex triangulivalvis,4036350,VARIETY,SYNONYM,Plantae,NA,220,NA
5329,Rumex ×erubescens,8242651,SPECIES,ACCEPTED,Plantae,8242651: Rumex ×erubescens Simonk.,220,NA
5330,Rumohra adiantiformis,2650944,SPECIES,ACCEPTED,Plantae,NA,7228684,152547220
5331,Rupicapra rupicapra,5220170,SPECIES,ACCEPTED,Animalia,"5220170: Rupicapra rupicapra (Linnaeus, 1758)",359,152543252
5332,Ruscus aculeatus,2769766,SPECIES,ACCEPTED,Plantae,2769766: Ruscus aculeatus L.,196,152546705
5333,Ruta graveolens,3190382,SPECIES,ACCEPTED,Plantae,3190382: Ruta graveolens L.,220,152543330
5334,Rytidosperma gracile,2149847,NA,NA,NA,NA,367,152546935
5335,Rytidosperma setaceum,4135683,SPECIES,ACCEPTED,Plantae,NA,196,213212700
5336,Rytidosperma tenuius,2805420,NA,NA,NA,NA,196,152546934
5337,Rytidosperma thomsonii,2871376,NA,NA,NA,NA,196,152546936
5338,Sabulina mediterranea,5587011,SPECIES,ACCEPTED,Plantae,NA,220,213214990
5339,Sagina alexandrae,9440906,SPECIES,ACCEPTED,Plantae,NA,220,213214985
5340,Sagina japonica,3085389,SPECIES,ACCEPTED,Plantae,3085389: Sagina japonica (Sw. ex Steud.) Ohwi,220,152546080
5341,Sagittaria graminea,5329038,SPECIES,ACCEPTED,Plantae,NA,196,213212594
5342,Sagittaria latifolia,5328909,SPECIES,ACCEPTED,Plantae,5328909: Sagittaria latifolia Willd.,196,152546560
5343,Saissetia oleae,9078997,SPECIES,ACCEPTED,Animalia,NA,216,213214149
5344,Saitis barbipes,2174528,SPECIES,ACCEPTED,Animalia,NA,367,152544108
5345,Salamandra atra,2431781,SPECIES,ACCEPTED,Animalia,"2431781: Salamandra atra Laurenti, 1768",131,182133517
5346,Salix acutifolia,7645931,SPECIES,ACCEPTED,Plantae,7645931: Salix acutifolia Willd.,220,152546463
5347,Salix alba,3125765,SUBSPECIES,ACCEPTED,Plantae,NA,220,NA
5348,Salix alba,7266329,SUBSPECIES,ACCEPTED,Plantae,NA,220,NA
5349,Salix alba,7068732,SUBSPECIES,ACCEPTED,Plantae,NA,220,NA
5350,Salix alba,3047147,SUBSPECIES,ACCEPTED,Plantae,NA,220,NA
5351,Salix alba,7753114,SUBSPECIES,ACCEPTED,Plantae,NA,220,NA
5352,Salix alba,2717402,SUBSPECIES,ACCEPTED,Plantae,NA,196,NA
5353,Salix alba,7226794,SUBSPECIES,ACCEPTED,Plantae,NA,196,NA
5354,Salix alba,11794300,SUBSPECIES,ACCEPTED,Plantae,NA,220,NA
5355,Salix alba,2457378,SUBSPECIES,ACCEPTED,Plantae,NA,11592253,NA
5356,Salix alba,7440977,SUBSPECIES,ACCEPTED,Plantae,NA,220,NA
5357,Salix alba,4123394,SUBSPECIES,ACCEPTED,Plantae,NA,196,NA
5358,Salix alba,7225712,SUBSPECIES,ACCEPTED,Plantae,NA,220,NA
5359,Salix alba,8389446,NA,NA,NA,NA,196,NA
5360,Salix alba alba,NA,NA,NA,NA,NA,NA,213214764
5361,Salix babylonica,5372639,SPECIES,ACCEPTED,Plantae,NA,220,213214766
5362,Salix daphnoides,9153437,SPECIES,ACCEPTED,Plantae,9153437: Salix daphnoides Vill.,220,152546462
5363,Salix dolichostachya,3151666,NA,NA,NA,NA,220,213214763
5364,Salix elaeagnos,2202786,NA,NA,NA,NA,229,NA
5365,Salix elaeagnos,8429888,NA,NA,NA,NA,196,NA
5366,Salix elaeagnos,7332517,NA,NA,NA,NA,220,NA
5367,Salix elaeagnos,2443339,NA,NA,NA,NA,11418114,NA
5368,Salix elaeagnos,7223680,NA,NA,NA,NA,220,NA
5369,Salix elaeagnos,7323341,NA,NA,NA,NA,220,NA
5370,Salix elaeagnos,7266343,NA,NA,NA,NA,220,NA
5371,Salix elaeagnos,6300531,NA,NA,NA,NA,220,NA
5372,Salix elaeagnos,4219118,NA,NA,NA,NA,220,NA
5373,Salix elaeagnos,3755928,NA,NA,NA,NA,220,NA
5374,Salix elaeagnos,4925890,NA,NA,NA,NA,220,NA
5375,Salix elaeagnos angustifolia,NA,NA,NA,NA,NA,NA,213214752
5376,Salix eleagnos,5372655,SPECIES,ACCEPTED,Plantae,NA,220,213214751
5377,Salix eleagnos,8257857,SUBSPECIES,ACCEPTED,Plantae,NA,220,213214751
5378,Salix eriocephala,5372614,SPECIES,ACCEPTED,Plantae,5372614: Salix eriocephala Michx.,220,152546468
5379,Salix exigua,5372559,SPECIES,ACCEPTED,Plantae,NA,220,213214754
5380,Salix gmelinii,8183217,SPECIES,ACCEPTED,Plantae,NA,220,213214768
5381,Salix interior,5372917,SPECIES,ACCEPTED,Plantae,NA,220,213214765
5382,Salix irrorata,5372827,SPECIES,ACCEPTED,Plantae,5372827: Salix irrorata Andersson,220,152546465
5383,Salix lapponum,1319260,NA,NA,NA,NA,216,213214756
5384,Salix myrsinifolia,5372875,SPECIES,ACCEPTED,Plantae,5372875: Salix myrsinifolia Salisb. | 7955652: Salix incana Schleich. ex Ser. | 7880682: Salix undulata Schleich. ex Ser.,220,152546467
5385,Salix nigra,5372854,SPECIES,ACCEPTED,Plantae,5372854: Salix nigra Marshall,220,152546466
5386,Salix pentandra,5372647,SPECIES,ACCEPTED,Plantae,5372647: Salix pentandra L.,220,152546469
5387,Salix purpurea,2148040,SUBSPECIES,ACCEPTED,Plantae,NA,367,NA
5388,Salix purpurea,7266343,SUBSPECIES,ACCEPTED,Plantae,NA,220,NA
5389,Salix purpurea,6164210,SUBSPECIES,ACCEPTED,Plantae,NA,359,NA
5390,Salix purpurea,7230699,SUBSPECIES,ACCEPTED,Plantae,NA,194,NA
5391,Salix purpurea,6449041,SUBSPECIES,ACCEPTED,Plantae,NA,196,NA
5392,Salix purpurea,4211590,SUBSPECIES,ACCEPTED,Plantae,NA,220,NA
5393,Salix purpurea,5831060,SUBSPECIES,ACCEPTED,Plantae,NA,220,NA
5394,Salix purpurea,8323119,SUBSPECIES,ACCEPTED,Plantae,NA,220,NA
5395,Salix purpurea,2706403,SUBSPECIES,ACCEPTED,Plantae,NA,196,NA
5396,Salix purpurea,3023671,SUBSPECIES,ACCEPTED,Plantae,NA,220,NA
5397,Salix purpurea,9405645,SUBSPECIES,ACCEPTED,Plantae,NA,220,NA
5398,Salix purpurea,10966302,SUBSPECIES,ACCEPTED,Plantae,NA,196,NA
5399,Salix purpurea,6409536,NA,NA,NA,NA,220,NA
5400,Salix purpurea purpurea,NA,NA,NA,NA,NA,NA,213214761
5401,Salix rorida,8069977,NA,NA,NA,NA,220,213214759
5402,Salix sepulcralis,10986555,VARIETY,ACCEPTED,Plantae,NA,196,NA
5403,Salix sepulcralis,5373039,VARIETY,ACCEPTED,Plantae,NA,220,NA
5404,Salix sepulcralis,5652131,VARIETY,ACCEPTED,Plantae,NA,220,NA
5405,Salix sepulcralis,7224069,VARIETY,ACCEPTED,Plantae,NA,220,NA
5406,Salix sepulcralis,5928306,VARIETY,ACCEPTED,Plantae,NA,220,NA
5407,Salix sepulcralis,8381801,VARIETY,ACCEPTED,Plantae,NA,220,NA
5408,Salix sepulcralis,7225712,VARIETY,ACCEPTED,Plantae,NA,220,NA
5409,Salix sepulcralis,7068379,VARIETY,ACCEPTED,Plantae,NA,220,NA
5410,Salix sepulcralis,4035024,VARIETY,ACCEPTED,Plantae,NA,220,NA
5411,Salix sepulcralis,7225621,VARIETY,ACCEPTED,Plantae,NA,220,NA
5412,Salix sepulcralis,11844792,VARIETY,ACCEPTED,Plantae,NA,220,NA
5413,Salix sepulcralis,8991514,NA,NA,NA,NA,212,NA
5414,Salix sepulcralis chrysocoma,NA,NA,NA,NA,NA,NA,182134731
5415,Salix udensis,5582033,SPECIES,ACCEPTED,Plantae,5582602: Salix sachalinensis F.Schmidt | 5582033: Salix udensis Trautv. & C.A.Mey.,220,152546464
5416,Salix ×sepulcralis,5373039,VARIETY,ACCEPTED,Plantae,5582667: Salix ×chrysocoma Dode | 5373039: Salix ×sepulcralis var. chrysocoma (Dode) Meikle,220,NA
5417,Salpiglossis sinuata,2932905,SPECIES,ACCEPTED,Plantae,NA,220,152544997
5418,Salvelinus fontinalis,2351271,SPECIES,ACCEPTED,Animalia,"2351271: Salvelinus fontinalis (Mitchill, 1814)",NA,159747702
5419,Salvia abrotanoides,11064584,SPECIES,ACCEPTED,Plantae,NA,220,213215467
5420,Salvia aethiopis,6157035,NA,NA,NA,NA,11418114,152545768
5421,Salvia glutinosa,2927026,SPECIES,ACCEPTED,Plantae,2927026: Salvia glutinosa L.,220,152545767
5422,Salvia hispanica,2926992,SPECIES,ACCEPTED,Plantae,2926992: Salvia hispanica L.,220,152545769
5423,Salvia lavandulifolia,2140406,NA,NA,NA,NA,367,NA
5424,Salvia lavandulifolia,5544928,NA,NA,NA,NA,220,NA
5425,Salvia lavandulifolia,6076957,NA,NA,NA,NA,220,NA
5426,Salvia lavandulifolia,7358677,NA,NA,NA,NA,220,NA
5427,Salvia lavandulifolia,10755213,NA,NA,NA,NA,196,NA
5428,Salvia lavandulifolia,2914404,NA,NA,NA,NA,220,NA
5429,Salvia lavandulifolia,6156934,NA,NA,NA,NA,11418114,NA
5430,Salvia lavandulifolia,7323834,NA,NA,NA,NA,220,NA
5431,Salvia lavandulifolia,4250676,NA,NA,NA,NA,220,NA
5432,Salvia lavandulifolia,2176168,NA,NA,NA,NA,367,NA
5433,Salvia lavandulifolia,6411098,NA,NA,NA,NA,220,NA
5434,Salvia lavandulifolia,5373483,NA,NA,NA,NA,220,NA
5435,Salvia lavandulifolia gallica,NA,NA,NA,NA,NA,NA,213215469
5436,Salvia nemorosa,2927028,SPECIES,ACCEPTED,Plantae,2927028: Salvia nemorosa L.,220,152545766
5437,Salvia officinalis,2927004,SPECIES,ACCEPTED,Plantae,2927004: Salvia officinalis L.,220,152545772
5438,Salvia reflexa,2927001,SPECIES,ACCEPTED,Plantae,2927001: Salvia reflexa Hornem.,220,152545773
5439,Salvia rosmarinus,10902460,SPECIES,ACCEPTED,Plantae,NA,220,213215470
5440,Salvia sclarea,2927000,SPECIES,ACCEPTED,Plantae,2927000: Salvia sclarea L.,220,152545770
5441,Salvia splendens,5359118,NA,NA,NA,NA,220,213215471
5442,Salvia uliginosa,3882686,SPECIES,ACCEPTED,Plantae,NA,220,213215472
5443,Salvia verbenaca,6409706,SPECIES,ACCEPTED,Plantae,6409706: Salvia verbenaca L.,220,152545764
5444,Salvia verticillata,2926995,SPECIES,ACCEPTED,Plantae,2926995: Salvia verticillata L.,220,152545771
5445,Salvia viridis,3883959,SPECIES,ACCEPTED,Plantae,3883959: Salvia viridis L.,220,152545765
5446,Salvia yangii,10801424,SPECIES,ACCEPTED,Plantae,NA,220,213215468
5447,Salvinia auriculata,5274861,SPECIES,ACCEPTED,Plantae,5274861: Salvinia auriculata Aubl.,7228684,152547228
5448,Salvinia natans,5274858,SPECIES,ACCEPTED,Plantae,5274858: Salvinia natans (L.) All.,7228684,152547227
5449,Sambucus canadensis,6369819,SPECIES,ACCEPTED,Plantae,6369819: Sambucus canadensis L.,220,152546267
5450,Samia cynthia,1866356,SPECIES,ACCEPTED,Animalia,NA,216,213213967
5451,Sander lucioperca,2382155,SPECIES,ACCEPTED,Animalia,"2382155: Sander lucioperca (Linnaeus, 1758)",NA,152543443
5452,Sanicula epipactis,3639337,SPECIES,ACCEPTED,Plantae,NA,220,213215283
5453,Santolina chamaecyparissus,3125933,SPECIES,ACCEPTED,Plantae,3125933: Santolina chamaecyparissus L.,220,152544067
5454,Santolina rosmarinifolia,6313049,NA,NA,NA,NA,196,152544065
5455,Sanvitalia procumbens,3104106,SPECIES,ACCEPTED,Plantae,NA,220,213215126
5456,Saponaria ocymoides,3085357,SPECIES,ACCEPTED,Plantae,3085357: Saponaria ocymoides L.,220,152546066
5457,Saponaria officinalis,3085360,SPECIES,ACCEPTED,Plantae,3085360: Saponaria officinalis L.,220,152546067
5458,Sarcococca coriacea,3988179,SPECIES,ACCEPTED,Plantae,NA,220,213214202
5459,Sarcophilus harrisii,5289490,NA,NA,NA,NA,196,152543348
5460,Sargassum muticum,3197314,SPECIES,ACCEPTED,Chromista,NA,7073593,213212212
5461,Sarkidiornis melanotos,2498001,SPECIES,ACCEPTED,Animalia,"2498001: Sarkidiornis melanotos (Pennant, 1769)",212,159747103
5462,Sarracenia purpurea,5421389,SPECIES,ACCEPTED,Plantae,5421389: Sarracenia purpurea L.,220,152545807
5463,Sarracenia rubra,5421385,SPECIES,ACCEPTED,Plantae,5421385: Sarracenia rubra Walter,220,152545806
5464,Sasa palmata,8362005,SPECIES,ACCEPTED,Plantae,8362005: Sasa palmata (Burb.) E.G.Camus,196,152546788
5465,Sasaella ramosa,4127352,SPECIES,ACCEPTED,Plantae,4127352: Sasaella ramosa (Makino) Makino,196,152546917
5466,Sassafras albidum,3034002,SPECIES,ACCEPTED,Plantae,NA,220,213214050
5467,Satureja hortensis,2926885,SPECIES,ACCEPTED,Plantae,2926885: Satureja hortensis L.,220,152545780
5468,Satureja montana,2926884,SPECIES,ACCEPTED,Plantae,2926884: Satureja montana L.,220,152545781
5469,Sauromatum venosum,2869597,SPECIES,ACCEPTED,Plantae,2869586: Typhonium venosum (Dryand. ex Aiton) Hett. & P.C.Boyce | 2869597: Sauromatum venosum (Dryand. ex Aiton) Kunth,196,159747069
5470,Saururus cernuus,5384932,SPECIES,ACCEPTED,Plantae,5384932: Saururus cernuus L.,220,152546209
5471,Saxifraga arendsii,7544073,SPECIES,ACCEPTED,Plantae,NA,220,152544688
5472,Saxifraga cymbalaria,3753098,SPECIES,ACCEPTED,Plantae,NA,220,152544692
5473,Saxifraga geum,8223023,SPECIES,ACCEPTED,Plantae,NA,220,152544689
5474,Saxifraga rotundifolia,7339396,SPECIES,ACCEPTED,Plantae,7339396: Saxifraga rotundifolia L.,220,152544690
5475,Saxifraga stolonifera,3032762,SPECIES,ACCEPTED,Plantae,NA,220,213213689
5476,Saxifraga urbium,3754353,SPECIES,ACCEPTED,Plantae,NA,220,152544691
5477,Saxifraga ×arendsii,7544073,SPECIES,ACCEPTED,Plantae,7544073: Saxifraga ×arendsii Engl.,220,NA
5478,Saxifraga ×geum,8223023,SPECIES,ACCEPTED,Plantae,8223023: Saxifraga ×geum L.,220,NA
5479,Scabiosa atropurpurea,7784175,NA,NA,NA,NA,220,213215392
5480,Scabiosa lucida,7475424,SPECIES,ACCEPTED,Plantae,7475424: Scabiosa lucida Vill.,220,182134854
5481,Scabiosa nitens,7302355,NA,NA,NA,NA,220,213215383
5482,Scabiosa ochroleuca,2888806,SPECIES,ACCEPTED,Plantae,2888806: Scabiosa ochroleuca L.,220,152546312
5483,Scaevola aemula,5569367,SPECIES,ACCEPTED,Plantae,NA,220,152543557
5484,Scandix australis,9603492,NA,NA,NA,NA,220,NA
5485,Scandix australis,4211590,NA,NA,NA,NA,220,NA
5486,Scandix australis,7222196,NA,NA,NA,NA,220,NA
5487,Scandix australis,7225456,NA,NA,NA,NA,220,NA
5488,Scandix australis,4036350,NA,NA,NA,NA,220,NA
5489,Scandix australis,7224157,NA,NA,NA,NA,220,NA
5490,Scandix australis,5224481,NA,NA,NA,NA,11592253,NA
5491,Scandix australis,4932232,NA,NA,NA,NA,196,NA
5492,Scandix australis,4131042,NA,NA,NA,NA,196,NA
5493,Scandix australis,9771172,NA,NA,NA,NA,220,NA
5494,Scandix australis,6076957,NA,NA,NA,NA,220,NA
5495,Scandix australis,2443339,NA,NA,NA,NA,11418114,NA
5496,Scandix australis grandiflora,NA,NA,NA,NA,NA,NA,152544565
5497,Scandix balansae,3637507,SPECIES,ACCEPTED,Plantae,NA,220,152544567
5498,Scandix iberica,3637112,SPECIES,ACCEPTED,Plantae,3637112: Scandix iberica M.Bieb.,220,152544569
5499,Scandix stellata,6026954,SPECIES,ACCEPTED,Plantae,NA,220,152544562
5500,Scandosorbus intermedia,10071055,SPECIES,ACCEPTED,Plantae,3012254: Sorbus intermedia (Ehrh.) Pers. | 10071055: Scandosorbus intermedia (Ehrh.) Sennikov,220,182135158
5501,Sceliphron caementarium,5041466,SPECIES,ACCEPTED,Animalia,"5041466: Sceliphron caementarium (Drury, 1773)",216,152544474
5502,Sceliphron curvatum,5041422,SPECIES,ACCEPTED,Animalia,NA,216,213213825
5503,Sceliphron destillatorium,5041471,SPECIES,ACCEPTED,Animalia,NA,216,213213826
5504,Sceliphron spirifex,8332078,NA,NA,NA,NA,220,213213827
5505,Schiffermuelleria bruandella,4233822,NA,NA,NA,NA,220,213214010
5506,Schismus barbatus,6085036,NA,NA,NA,NA,196,152546974
5507,Schistocerca gregaria,1707320,SPECIES,ACCEPTED,Animalia,NA,216,213213755
5508,Schkuhria pinnata,8346536,SPECIES,ACCEPTED,Plantae,3101235: Schkuhria pinnata (Lam.) Kuntze ex Thell.,220,152543648
5509,Schmidtia kalahariensis,4564944,NA,NA,NA,NA,225,152546796
5510,Schoenoplectiella bucharica,7961815,SPECIES,ACCEPTED,Plantae,2711019: Schoenoplectus bucharicus (Roshev.) Grossh.,196,152546741
5511,Scilla forbesii,2767275,SPECIES,ACCEPTED,Plantae,NA,196,213212488
5512,Scilla luciliae,2767271,SPECIES,ACCEPTED,Plantae,2767271: Scilla luciliae (Boiss.) Speta | 2767272: Chionodoxa luciliae Boiss.,196,152546696
5513,Scilla sardensis,2767229,SPECIES,ACCEPTED,Plantae,2767229: Scilla sardensis (Whittall ex Barr & Sayden) Speta,196,152546695
5514,Scilla siberica,2767328,SPECIES,DOUBTFUL,Plantae,2767328: Scilla siberica Haw.,196,213212485
5515,Scirpus atrovirens,2720120,SPECIES,ACCEPTED,Plantae,NA,196,213213199
5516,Scirpus cyperinus,2720171,SPECIES,ACCEPTED,Plantae,2720171: Scirpus cyperinus (L.) Kunth,196,164250635
5517,Scirpus georgianus,2720269,SPECIES,ACCEPTED,Plantae,NA,196,213213201
5518,Scirtothrips longipennis,1420612,SPECIES,ACCEPTED,Animalia,NA,216,152544448
5519,Sciurus carolinensis,5219681,SPECIES,ACCEPTED,Animalia,"5219681: Sciurus carolinensis Gmelin, 1788",359,152543299
5520,Sciurus niger,5219683,SPECIES,ACCEPTED,Animalia,"5219683: Sciurus niger Linnaeus, 1758",359,152543300
5521,Sclerolaena muricata,7222196,NA,NA,NA,NA,220,152545901
5522,Scolymus hispanicus,5403742,SPECIES,ACCEPTED,Plantae,5403742: Scolymus hispanicus L.,220,152543772
5523,Scolymus maculatus,5403743,SPECIES,ACCEPTED,Plantae,5403743: Scolymus maculatus L.,220,152543770
5524,Scopus umbretta,5229154,SPECIES,ACCEPTED,Animalia,"5229154: Scopus umbretta Gmelin, 1789",212,159747453
5525,Scorpiurus muricatus,5358302,SPECIES,ACCEPTED,Plantae,NA,220,213213954
5526,Scorpiurus vermiculatus,3922770,NA,NA,NA,NA,220,152545083
5527,Scorzonera hispanica,7270761,NA,NA,NA,NA,220,213215216
5528,Scrophularia canina,3170873,SPECIES,ACCEPTED,Plantae,3170873: Scrophularia canina L. | 6709018: Scrophularia canina subsp. bicolor (Sibth. & Sm.) Greuter,220,182134599
5529,Scrophularia lanceolata,7277946,NA,NA,NA,NA,220,152545617
5530,Scrophularia peregrina,3170862,SPECIES,ACCEPTED,Plantae,NA,220,182134600
5531,Scrophularia pyrenaica,5289791,NA,NA,NA,NA,196,213215497
5532,Scrophularia scopolii,4562566,NA,NA,NA,NA,225,152545616
5533,Scrophularia scorodonia,7477038,SPECIES,ACCEPTED,Plantae,7477038: Scrophularia scorodonia L.,220,152545614
5534,Scrophularia vernalis,7810918,SPECIES,ACCEPTED,Plantae,7810918: Scrophularia vernalis L.,220,152545615
5535,Scutellaria altissima,5341373,SPECIES,ACCEPTED,Plantae,5341373: Scutellaria altissima L.,220,152545710
5536,Scutellaria columnae,5609719,SPECIES,ACCEPTED,Plantae,NA,220,213215486
5537,Scutigera coleoptrata,5179027,SPECIES,ACCEPTED,Animalia,"5179027: Scutigera coleoptrata Linnaeus, 1758",360,152543110
5538,Secale cereale,2705966,SPECIES,ACCEPTED,Plantae,2705966: Secale cereale L.,196,152547142
5539,Secale derzhavinii,4121360,SPECIES,DOUBTFUL,Plantae,NA,196,213213062
5540,Secale strictum,2706457,NA,NA,NA,NA,196,213213060
5541,Sedum cepaea,5690287,SPECIES,ACCEPTED,Plantae,5690287: Sedum cepaea L.,220,152544707
5542,Sedum dasyphyllum,7172720,SPECIES,ACCEPTED,Plantae,7172720: Sedum dasyphyllum L.,220,152544708
5543,Sedum hispanicum,5361982,SPECIES,ACCEPTED,Plantae,5361982: Sedum hispanicum L.,220,152544709
5544,Sedum lydium,5690814,SPECIES,ACCEPTED,Plantae,NA,220,213213662
5545,Sedum mexicanum,5361977,SPECIES,ACCEPTED,Plantae,NA,220,213213660
5546,Sedum palmeri,7334489,SPECIES,ACCEPTED,Plantae,7334489: Sedum palmeri S.Watson,220,182133912
5547,Sedum sarmentosum,5362004,SPECIES,ACCEPTED,Plantae,5362004: Sedum sarmentosum Bunge,220,152544710
5548,Sedum sediforme,2294131,NA,NA,NA,NA,225,213213669
5549,Sedum spathulifolium,5362046,SPECIES,ACCEPTED,Plantae,5362046: Sedum spathulifolium Hook.,220,182133916
5550,Seifertia azaleae,2598552,SPECIES,ACCEPTED,Fungi,NA,183,182132928
5551,Selaginella kraussiana,2688189,SPECIES,ACCEPTED,Plantae,2688189: Selaginella kraussiana (Kunze) A.Braun,245,152546545
5552,Selenops radiatus,7655198,NA,NA,NA,NA,220,152544194
5553,Semiarundinaria fastuosa,4120602,SPECIES,ACCEPTED,Plantae,4120602: Semiarundinaria fastuosa (Lat.-Marl. ex Mitford) Makino,196,152546932
5554,Sempervivum arachnoideum,4201709,SPECIES,ACCEPTED,Plantae,NA,220,213213638
5555,Sempervivum barbulatum,3045006,NA,NA,NA,NA,220,152544723
5556,Sempervivum globiferum,8091002,SPECIES,ACCEPTED,Plantae,8091002: Sempervivum globiferum L.,220,152544722
5557,Sempervivum tectorum,2985949,SPECIES,ACCEPTED,Plantae,2985949: Sempervivum tectorum L.,220,152544724
5558,Senecio gallicus,2493697,NA,NA,NA,NA,212,152544273
5559,Senecio glossanthus,5240299,NA,NA,NA,NA,186,213215060
5560,Senecio inaequidens,3109086,SPECIES,ACCEPTED,Plantae,3109086: Senecio inaequidens DC.,220,152544269
5561,Senecio pterophorus,3107177,SPECIES,ACCEPTED,Plantae,3107177: Senecio pterophorus DC.,220,152544274
5562,Senecio quadridentatus,5547989,NA,NA,NA,NA,220,213215062
5563,Senecio saracenicus,7323251,NA,NA,NA,NA,220,213215061
5564,Senecio sarracenicus,7903764,SPECIES,ACCEPTED,Plantae,7903764: Senecio sarracenicus L.,220,152544262
5565,Senecio squalidus,3109117,SPECIES,ACCEPTED,Plantae,3109117: Senecio squalidus L.,220,152544271
5566,Senecio vernalis,6063730,SPECIES,ACCEPTED,Plantae,6063730: Senecio vernalis Waldst. & Kit. | 7764851: Senecio squalidus M.Bieb.,220,152544267
5567,Senna obtusifolia,2957408,SPECIES,ACCEPTED,Plantae,5354123: Cassia obtusifolia L. | 2957408: Senna obtusifolia (L.) H.S.Irwin & Barneby,220,152545194
5568,Senna occidentalis,2957966,SPECIES,ACCEPTED,Plantae,7361030: Cassia occidentalis (L.) Rose,220,152545193
5569,Sequoiadendron giganteum,2684120,SPECIES,ACCEPTED,Plantae,NA,194,213213295
5570,Serapias lingua,5314814,SPECIES,ACCEPTED,Plantae,NA,196,152546632
5571,Serinus canaria,2494303,SPECIES,ACCEPTED,Animalia,"11221569: Serinus canaria domestica | 2494303: Serinus canaria (Linnaeus, 1758)",212,159747206
5572,Sesamum indicum,3172622,SPECIES,ACCEPTED,Plantae,3172621: Sesamum orientale L.,220,152545595
5573,Sesbania cannabina,7645889,SPECIES,ACCEPTED,Plantae,NA,220,182134180
5574,Sesbania herbacea,2970585,SPECIES,ACCEPTED,Plantae,NA,220,213213924
5575,Seseli montanum,6026420,SPECIES,ACCEPTED,Plantae,NA,220,213215287
5576,Sesuvium portulacastrum,3084883,SPECIES,ACCEPTED,Plantae,NA,220,152546028
5577,Setaria adhaerens,5289670,SPECIES,ACCEPTED,Plantae,NA,196,213213132
5578,Setaria dielsii,7295374,NA,NA,NA,NA,220,152546832
5579,Setaria faberi,5289666,SPECIES,ACCEPTED,Plantae,5289666: Setaria faberi R.A.W.Herrm.,196,152546838
5580,Setaria italica,5289698,SPECIES,ACCEPTED,Plantae,5289698: Setaria italica (L.) P.Beauv. | 5674099: Setaria germanica (Mill.) P.Beauv.,196,152546836
5581,Setaria parviflora,5289679,SPECIES,ACCEPTED,Plantae,5289679: Setaria parviflora (Poir.) Kerguélen,196,152546837
5582,Setaria pumila,5289693,SPECIES,ACCEPTED,Plantae,NA,196,213213133
5583,Setaria sphacelata,5289709,SPECIES,ACCEPTED,Plantae,5289709: Setaria sphacelata (Schumach.) Stapf & C.E.Hubb. ex Moss,196,152546835
5584,Setaria verticillata,5289686,SPECIES,ACCEPTED,Plantae,5289686: Setaria verticillata (L.) P.Beauv. | 7226776: Setaria verticillata var. verticillata | 7908347: Setaria verticillata var. ambigua (Guss.) Parl. | 5289670: Setaria adhaerens (Forssk.) Chiov. | 2703015: Setaria verticilliformis Dumort.,196,152546833
5585,Setaria verticillata,7226776,VARIETY,ACCEPTED,Plantae,7226776: Setaria verticillata var. verticillata,196,152546833
5586,Setaria verticillata,5352425,SPECIES,ACCEPTED,Plantae,NA,220,152546833
5587,Setaria verticillata,5359402,SPECIES,ACCEPTED,Plantae,NA,220,152546833
5588,Setaria verticillata,4270548,SPECIES,ACCEPTED,Plantae,NA,196,152546833
5589,Setaria verticillata,6157050,SPECIES,ACCEPTED,Plantae,NA,11418114,152546833
5590,Setaria verticillata,5373483,SPECIES,ACCEPTED,Plantae,NA,220,152546833
5591,Setaria verticillata,6710856,SPECIES,ACCEPTED,Plantae,NA,196,152546833
5592,Setaria verticillata,7302355,SPECIES,ACCEPTED,Plantae,NA,220,152546833
5593,Setaria verticillata,7853188,SPECIES,ACCEPTED,Plantae,NA,220,152546833
5594,Setaria verticillata,7420522,SPECIES,ACCEPTED,Plantae,NA,220,152546833
5595,Setaria verticillata,4271356,SPECIES,ACCEPTED,Plantae,NA,220,152546833
5596,Setaria verticillata,7096205,SPECIES,ACCEPTED,Plantae,NA,220,152546833
5597,Setaria verticillata,7323251,NA,NA,NA,NA,220,152546833
5598,Setaria verticillata verticillata,NA,NA,NA,NA,NA,NA,152546831
5599,Setaria viridis,5289684,SPECIES,ACCEPTED,Plantae,5289684: Setaria viridis (L.) P.Beauv. | 5708237: Setaria viridis var. viridis | 8348897: Setaria viridis var. major (Gaudin) Posp. | 5673918: Setaria italica subsp. viridis (L.) Thell. | 5673924: Setaria italica subsp. pycnocoma (Steud.) De Wet,196,152546834
5600,Shinnersia rivularis,3099650,SPECIES,ACCEPTED,Plantae,NA,220,213215033
5601,Sibbaldia tridentata,4926534,SPECIES,ACCEPTED,Plantae,NA,220,213215709
5602,Sibirionetta formosa,9235549,SPECIES,ACCEPTED,Animalia,NA,212,213212669
5603,Sicyos angulatus,2874655,SPECIES,ACCEPTED,Plantae,2874655: Sicyos angulatus L.,220,152546198
5604,Sida rhombifolia,5406735,SPECIES,ACCEPTED,Plantae,5406735: Sida rhombifolia L.,220,152546228
5605,Sida spinosa,5406741,SPECIES,ACCEPTED,Plantae,5406741: Sida spinosa L.,220,152546227
5606,Sidalcea candida,7068732,NA,NA,NA,NA,220,152546256
5607,Sidalcea oregana,8428499,SPECIES,ACCEPTED,Plantae,NA,220,213215328
5608,Sideritis lanata,2926686,SPECIES,ACCEPTED,Plantae,2926686: Sideritis lanata L.,220,152545777
5609,Sideritis montana,2926688,SPECIES,ACCEPTED,Plantae,2926688: Sideritis montana L.,220,152545778
5610,Sigesbeckia jorullensis,3125893,SPECIES,ACCEPTED,Plantae,NA,220,213215151
5611,Sigesbeckia orientalis,3125901,SPECIES,ACCEPTED,Plantae,3125901: Sigesbeckia orientalis L.,220,152544069
5612,Silene baccifera,7267309,SPECIES,ACCEPTED,Plantae,7267309: Silene baccifera (L.) Roth | 7268155: Cucubalus baccifer L.,220,213215003
5613,Silene badaroi,7298085,NA,NA,NA,NA,220,213215005
5614,Silene behen,7523432,SPECIES,ACCEPTED,Plantae,7523432: Silene behen L.,220,152546044
5615,Silene chalcedonica,5584611,SPECIES,ACCEPTED,Plantae,3085889: Lychnis chalcedonica L. | 5584611: Silene chalcedonica (L.) E.H.L.Krause,220,152546059
5616,Silene conoidea,5384852,SPECIES,ACCEPTED,Plantae,5384852: Silene conoidea L.,220,152546053
5617,Silene coronaria,5384741,SPECIES,ACCEPTED,Plantae,5384741: Silene coronaria (L.) Clairv. | 3085878: Lychnis coronaria (L.) Desr. | 7529453: Silene coronaria (L.) Clairv. ex Rchb.,220,152546054
5618,Silene cretica,8150863,SPECIES,ACCEPTED,Plantae,NA,220,152546047
5619,Silene csereii,3170260,NA,NA,NA,NA,220,213215000
5620,Silene dichotoma,5384818,SPECIES,ACCEPTED,Plantae,5384818: Silene dichotoma Ehrh.,220,152546055
5621,Silene gallica,5384848,SPECIES,ACCEPTED,Plantae,5384848: Silene gallica L.,220,152546051
5622,Silene italica,8993502,SPECIES,ACCEPTED,Plantae,8993502: Silene italica (L.) Pers.,220,152546043
5623,Silene linicola,5342681,NA,NA,NA,NA,220,213214999
5624,Silene muscipula,5585975,SPECIES,ACCEPTED,Plantae,5585975: Silene muscipula L.,220,152546057
5625,Silene nocturna,5345430,SUBSPECIES,ACCEPTED,Plantae,NA,220,NA
5626,Silene nocturna,7267492,SUBSPECIES,ACCEPTED,Plantae,NA,220,NA
5627,Silene nocturna,5548724,SUBSPECIES,ACCEPTED,Plantae,NA,220,NA
5628,Silene nocturna,2161911,SUBSPECIES,ACCEPTED,Plantae,NA,367,NA
5629,Silene nocturna,2443339,SUBSPECIES,ACCEPTED,Plantae,NA,11418114,NA
5630,Silene nocturna,4271356,SUBSPECIES,ACCEPTED,Plantae,NA,220,NA
5631,Silene nocturna,7323906,SUBSPECIES,ACCEPTED,Plantae,NA,220,NA
5632,Silene nocturna,7068845,SUBSPECIES,ACCEPTED,Plantae,NA,220,NA
5633,Silene nocturna,9771172,SUBSPECIES,ACCEPTED,Plantae,NA,220,NA
5634,Silene nocturna,7272185,SUBSPECIES,ACCEPTED,Plantae,NA,220,NA
5635,Silene nocturna,7440977,SUBSPECIES,ACCEPTED,Plantae,NA,220,NA
5636,Silene nocturna,3757050,NA,NA,NA,NA,220,NA
5637,Silene nocturna nocturna,NA,NA,NA,NA,NA,NA,152546050
5638,Silene otites,7746901,SPECIES,ACCEPTED,Plantae,7746901: Silene otites (L.) Wibel,220,152546045
5639,Silene pendula,5384773,SPECIES,ACCEPTED,Plantae,5384773: Silene pendula L.,220,152546056
5640,Silene scabriflora,3083659,NA,NA,NA,NA,220,213215004
5641,Silene schafta,5584240,SPECIES,ACCEPTED,Plantae,5584240: Silene schafta S.G.Gmel. ex Hohen.,220,152546058
5642,Silene stricta,8184157,SPECIES,ACCEPTED,Plantae,8184157: Silene stricta L.,220,152546046
5643,Silene uniflora,8406661,SPECIES,ACCEPTED,Plantae,NA,220,213215002
5644,Silene viscosa,8279669,SPECIES,ACCEPTED,Plantae,NA,220,152546048
5645,Silene vulgaris,4104890,SUBSPECIES,ACCEPTED,Plantae,NA,196,NA
5646,Silene vulgaris,5587240,SUBSPECIES,ACCEPTED,Plantae,NA,220,NA
5647,Silene vulgaris,6710856,SUBSPECIES,ACCEPTED,Plantae,NA,196,NA
5648,Silene vulgaris,7466434,SUBSPECIES,ACCEPTED,Plantae,NA,220,NA
5649,Silene vulgaris,9508942,SUBSPECIES,ACCEPTED,Plantae,NA,220,NA
5650,Silene vulgaris,7308043,SUBSPECIES,ACCEPTED,Plantae,NA,220,NA
5651,Silene vulgaris,7350944,SUBSPECIES,ACCEPTED,Plantae,NA,220,NA
5652,Silene vulgaris,7277946,SUBSPECIES,ACCEPTED,Plantae,NA,220,NA
5653,Silene vulgaris,2444221,SUBSPECIES,ACCEPTED,Plantae,NA,11592253,NA
5654,Silene vulgaris,5581279,SUBSPECIES,ACCEPTED,Plantae,NA,220,NA
5655,Silene vulgaris,4132902,SUBSPECIES,ACCEPTED,Plantae,NA,196,NA
5656,Silene vulgaris,8381801,NA,NA,NA,NA,220,NA
5657,Silene vulgaris vulgaris,NA,NA,NA,NA,NA,NA,213215001
5658,Silphium perfoliatum,3092576,SPECIES,ACCEPTED,Plantae,3092576: Silphium perfoliatum L.,220,152544418
5659,Silurus glanis,2337607,SPECIES,ACCEPTED,Animalia,"2337607: Silurus glanis Linnaeus, 1758",NA,152543488
5660,Silybum marianum,3145214,SPECIES,ACCEPTED,Plantae,3145214: Silybum marianum (L.) Gaertn.,220,152543919
5661,Sinacalia tangutica,3115131,SPECIES,ACCEPTED,Plantae,3115131: Sinacalia tangutica (Maxim.) B.Nord.,220,152544130
5662,Sinanodonta woodiana,4559541,SPECIES,ACCEPTED,Animalia,"4559541: Sinanodonta woodiana (I.Lea, 1834)",137,152543738
5663,Sinapis alba,3047621,SPECIES,ACCEPTED,Plantae,3047621: Sinapis alba L.,220,152545465
5664,Sinapis alba,2115724,SPECIES,ACCEPTED,Plantae,NA,203,152545465
5665,Sinapis alba,3042889,SPECIES,ACCEPTED,Plantae,NA,220,152545465
5666,Sinapis alba,10948891,SPECIES,ACCEPTED,Plantae,NA,220,152545465
5667,Sinapis alba,2447418,SPECIES,ACCEPTED,Plantae,NA,11592253,152545465
5668,Sinapis alba,3935202,SPECIES,ACCEPTED,Plantae,NA,220,152545465
5669,Sinapis alba,2914404,SPECIES,ACCEPTED,Plantae,NA,220,152545465
5670,Sinapis alba,7323906,SPECIES,ACCEPTED,Plantae,NA,220,152545465
5671,Sinapis alba,4090836,SPECIES,ACCEPTED,Plantae,NA,220,152545465
5672,Sinapis alba,9771172,SPECIES,ACCEPTED,Plantae,NA,220,152545465
5673,Sinapis alba,6076957,SPECIES,ACCEPTED,Plantae,NA,220,152545465
5674,Sinapis alba,2161911,SPECIES,ACCEPTED,Plantae,NA,367,152545465
5675,Sinapis alba,6157050,NA,NA,NA,NA,11418114,152545465
5676,Sinapis alba dissecta,NA,NA,NA,NA,NA,NA,152545466
5677,Sinelobus stanfordi,2367033,NA,NA,NA,NA,NA,159747996
5678,Sinelobus vanhaareni,7547256,SPECIES,ACCEPTED,Animalia,NA,229,152543833
5679,Siren intermedia,5188774,NA,NA,NA,NA,NA,182133525
5680,Sistrurus,NA,NA,NA,NA,NA,NA,182133843
5681,Sistrurus NA,4219118,NA,NA,NA,NA,220,NA
5682,Sistrurus NA,9508942,NA,NA,NA,NA,220,NA
5683,Sistrurus NA,7853188,NA,NA,NA,NA,220,NA
5684,Sistrurus NA,9603492,NA,NA,NA,NA,220,NA
5685,Sistrurus NA,7226804,NA,NA,NA,NA,196,NA
5686,Sistrurus NA,7219988,NA,NA,NA,NA,220,NA
5687,Sistrurus NA,8134874,NA,NA,NA,NA,196,NA
5688,Sistrurus NA,7308335,NA,NA,NA,NA,220,NA
5689,Sistrurus NA,5825913,NA,NA,NA,NA,194,NA
5690,Sistrurus NA,5365494,NA,NA,NA,NA,220,NA
5691,Sistrurus NA,7225712,NA,NA,NA,NA,220,NA
5692,Sistrurus NA,5221810,NA,NA,NA,NA,11592253,NA
5693,Sisymbrium altissimum,3046736,SPECIES,ACCEPTED,Plantae,3046736: Sisymbrium altissimum L.,220,152545420
5694,Sisymbrium austriacum,3046925,SUBSPECIES,ACCEPTED,Plantae,3046925: Sisymbrium austriacum subsp. chrysanthum (Jord.) Rouy & Foucaud,220,NA
5695,Sisymbrium chrysanthum,3046929,SPECIES,ACCEPTED,Plantae,NA,220,213214571
5696,Sisymbrium erysimoides,3046765,SPECIES,ACCEPTED,Plantae,3046765: Sisymbrium erysimoides Desf.,220,152545418
5697,Sisymbrium irio,3046851,SPECIES,ACCEPTED,Plantae,3046851: Sisymbrium irio L.,220,152545413
5698,Sisymbrium loeselii,3046875,SPECIES,ACCEPTED,Plantae,3046875: Sisymbrium loeselii L.,220,152545412
5699,Sisymbrium orientale,3046812,SPECIES,ACCEPTED,Plantae,3046812: Sisymbrium orientale L.,220,152545416
5700,Sisymbrium runcinatum,8323119,NA,NA,NA,NA,220,152545415
5701,Sisymbrium septulatum,5371869,NA,NA,NA,NA,220,152545417
5702,Sisymbrium strictissimum,3046850,SPECIES,ACCEPTED,Plantae,NA,220,152545414
5703,Sisymbrium volgense,3046744,SPECIES,ACCEPTED,Plantae,3046744: Sisymbrium volgense M.Bieb. ex E.Fourn.,220,152545419
5704,Sisyrinchium angustifolium,5296015,SPECIES,ACCEPTED,Plantae,5296015: Sisyrinchium angustifolium Mill.,196,152546663
5705,Sisyrinchium californicum,5296218,SPECIES,ACCEPTED,Plantae,5296218: Sisyrinchium californicum (Ker Gawl.) Dryand.,196,152546665
5706,Sisyrinchium montanum,5296178,SPECIES,ACCEPTED,Plantae,5296178: Sisyrinchium montanum Greene,196,152546664
5707,Sisyrinchium striatum,5296432,SPECIES,ACCEPTED,Plantae,5296432: Sisyrinchium striatum Sm.,196,152546666
5708,Skimmia japonica,7740617,SPECIES,ACCEPTED,Plantae,7740617: Skimmia japonica Thunb.,220,152543320
5709,Skimmia reevesiana,3837891,SPECIES,ACCEPTED,Plantae,NA,220,213214266
5710,Smilax aspera,5295044,SPECIES,ACCEPTED,Plantae,5295044: Smilax aspera L.,196,152546602
5711,Smilax rotundifolia,5295375,SPECIES,ACCEPTED,Plantae,NA,196,152546603
5712,Smyrnium olusatrum,3034782,SPECIES,ACCEPTED,Plantae,NA,220,213215312
5713,Smyrnium perfoliatum,6027089,SPECIES,ACCEPTED,Plantae,6027089: Smyrnium perfoliatum L.,220,152544499
5714,Solanum aethiopicum,2929847,SPECIES,ACCEPTED,Plantae,NA,220,213213547
5715,Solanum americanum,2930222,SPECIES,ACCEPTED,Plantae,NA,220,213213531
5716,Solanum angustifolium,2929800,SPECIES,ACCEPTED,Plantae,NA,220,213213534
5717,Solanum carolinense,2932011,SPECIES,ACCEPTED,Plantae,2932011: Solanum carolinense L.,220,152544991
5718,Solanum chenopodioides,2929710,SPECIES,ACCEPTED,Plantae,2929710: Solanum chenopodioides Lam. | 2929718: Solanum sublobatum Willd. ex Roem. & Schult.,220,152544950
5719,Solanum decipiens,2932872,SPECIES,ACCEPTED,Plantae,NA,220,213213541
5720,Solanum elaeagnifolium,2929892,SPECIES,ACCEPTED,Plantae,2929892: Solanum elaeagnifolium Cav.,220,152544986
5721,Solanum lycopersicum,2930137,SPECIES,ACCEPTED,Plantae,2930137: Solanum lycopersicum L. | 2930181: Lycopersicon esculentum Mill. | 4274699: Solanum lycopersicum var. lycopersicum,220,152544988
5722,Solanum nitidibaccatum,2932147,SPECIES,ACCEPTED,Plantae,NA,220,213213536
5723,Solanum pimpinellifolium,2931738,SPECIES,ACCEPTED,Plantae,NA,220,213213539
5724,Solanum pseudocapsicum,2931104,SPECIES,ACCEPTED,Plantae,2931104: Solanum pseudocapsicum L.,220,152544989
5725,Solanum pygmaeum,2932501,SPECIES,ACCEPTED,Plantae,NA,220,152544995
5726,Solanum sarachoides,2930805,SPECIES,ACCEPTED,Plantae,2930805: Solanum sarachoides Sendtn.,220,NA
5727,Solanum sarrachoides,2930805,SPECIES,ACCEPTED,Plantae,NA,220,152544990
5728,Solanum sisymbriifolium,2932184,SPECIES,ACCEPTED,Plantae,2932184: Solanum sisymbriifolium Lam.,220,152544994
5729,Solanum triflorum,2931237,SPECIES,ACCEPTED,Plantae,NA,220,213213543
5730,Solanum tuberosum,2930262,SPECIES,ACCEPTED,Plantae,2930262: Solanum tuberosum L.,220,152544987
5731,Solanum viarum,2931914,SPECIES,ACCEPTED,Plantae,2931914: Solanum viarum Dunal,220,152544992
5732,Solanum villosum,3802956,SUBSPECIES,ACCEPTED,Plantae,3802956: Solanum villosum subsp. villosum,220,213213545
5733,Solanum villosum,6290046,SUBSPECIES,ACCEPTED,Plantae,6290046: Solanum villosum subsp. miniatum (Bernh. ex Willd.) Edmonds,220,213213545
5734,Solanum villosum,8991514,SPECIES,ACCEPTED,Plantae,NA,212,213213545
5735,Solanum villosum,6432925,SPECIES,ACCEPTED,Plantae,NA,220,213213545
5736,Solanum villosum,9771172,SPECIES,ACCEPTED,Plantae,NA,220,213213545
5737,Solanum villosum,7224427,SPECIES,ACCEPTED,Plantae,NA,220,213213545
5738,Solanum villosum,7901010,SPECIES,ACCEPTED,Plantae,NA,220,213213545
5739,Solanum villosum,7224069,SPECIES,ACCEPTED,Plantae,NA,220,213213545
5740,Solanum villosum,4123394,SPECIES,ACCEPTED,Plantae,NA,196,213213545
5741,Solanum villosum,7096205,SPECIES,ACCEPTED,Plantae,NA,220,213213545
5742,Solanum villosum,8782549,SPECIES,ACCEPTED,Plantae,NA,11592253,213213545
5743,Solanum villosum,6157035,SPECIES,ACCEPTED,Plantae,NA,11418114,213213545
5744,Solanum villosum,8045533,NA,NA,NA,NA,220,213213545
5745,Solanum villosum villosum,NA,NA,NA,NA,NA,NA,152544984
5746,Soleirolia soleirolii,2984366,SPECIES,ACCEPTED,Plantae,2984366: Soleirolia soleirolii (Req.) Dandy,220,152544777
5747,Solidago altissima,5389058,SPECIES,ACCEPTED,Plantae,5389058: Solidago altissima L.,220,152543710
5748,Solidago canadensis,5389029,SPECIES,ACCEPTED,Plantae,5389029: Solidago canadensis L.,220,152543713
5749,Solidago gigantea,5389017,SPECIES,ACCEPTED,Plantae,5389017: Solidago gigantea Aiton,220,152543714
5750,Solidago rugosa,5388967,SPECIES,ACCEPTED,Plantae,5388967: Solidago rugosa Mill.,220,152543717
5751,Soliva anthemifolia,7505045,SPECIES,ACCEPTED,Plantae,"7690868: Soliva anthemifolia (Juss.) Loudon, 1826",220,152543618
5752,Soliva sessilis,3092691,SPECIES,ACCEPTED,Plantae,NA,220,213215176
5753,Sonchus asper,5375285,SUBSPECIES,ACCEPTED,Plantae,NA,220,NA
5754,Sonchus asper,4250676,SUBSPECIES,ACCEPTED,Plantae,NA,220,NA
5755,Sonchus asper,4271356,SUBSPECIES,ACCEPTED,Plantae,NA,220,NA
5756,Sonchus asper,4925890,SUBSPECIES,ACCEPTED,Plantae,NA,220,NA
5757,Sonchus asper,2974921,SUBSPECIES,ACCEPTED,Plantae,NA,220,NA
5758,Sonchus asper,3047633,SUBSPECIES,ACCEPTED,Plantae,NA,220,NA
5759,Sonchus asper,8358048,SUBSPECIES,ACCEPTED,Plantae,NA,220,NA
5760,Sonchus asper,6427623,SUBSPECIES,ACCEPTED,Plantae,NA,220,NA
5761,Sonchus asper,4115425,SUBSPECIES,ACCEPTED,Plantae,NA,196,NA
5762,Sonchus asper,7350944,SUBSPECIES,ACCEPTED,Plantae,NA,220,NA
5763,Sonchus asper,4131042,SUBSPECIES,ACCEPTED,Plantae,NA,196,NA
5764,Sonchus asper,8257857,NA,NA,NA,NA,220,NA
5765,Sonchus asper glaucescens,NA,NA,NA,NA,NA,NA,213215134
5766,Sonchus tenerrimus,3105768,SPECIES,ACCEPTED,Plantae,3105768: Sonchus tenerrimus L.,220,152544278
5767,Sorbaria kirilowii,3012103,SPECIES,ACCEPTED,Plantae,3012103: Sorbaria kirilowii (Regel) Maxim.,220,152544910
5768,Sorbaria sorbifolia,3012089,SPECIES,ACCEPTED,Plantae,3012089: Sorbaria sorbifolia (L.) A.Braun,220,152544911
5769,Sorbaria tomentosa,3012117,SPECIES,ACCEPTED,Plantae,3012117: Sorbaria tomentosa (Lindl.) Rehder,220,152544909
5770,Sorbus latifolia,2706403,NA,NA,NA,NA,196,213215741
5771,Sorghum bicolor,2705181,SPECIES,ACCEPTED,Plantae,2705181: Sorghum bicolor (L.) Moench,196,152547048
5772,Sorghum halepense,2705185,SPECIES,ACCEPTED,Plantae,2705185: Sorghum halepense (L.) Pers.,196,152547049
5773,Spartium junceum,5355395,SPECIES,ACCEPTED,Plantae,5355395: Spartium junceum L.,220,152545108
5774,Spatula cyanoptera,9345027,SPECIES,ACCEPTED,Animalia,NA,212,213212724
5775,Spatula cyanoptera,2888799,SPECIES,ACCEPTED,Animalia,NA,220,213212724
5776,Spatula cyanoptera,4211590,SPECIES,ACCEPTED,Animalia,NA,220,213212724
5777,Spatula cyanoptera,4273336,SPECIES,ACCEPTED,Animalia,NA,220,213212724
5778,Spatula cyanoptera,5548011,SPECIES,ACCEPTED,Animalia,NA,220,213212724
5779,Spatula cyanoptera,8389446,SPECIES,ACCEPTED,Animalia,NA,196,213212724
5780,Spatula cyanoptera,7272185,SPECIES,ACCEPTED,Animalia,NA,220,213212724
5781,Spatula cyanoptera,5825913,SPECIES,ACCEPTED,Animalia,NA,194,213212724
5782,Spatula cyanoptera,5545159,SPECIES,ACCEPTED,Animalia,NA,220,213212724
5783,Spatula cyanoptera,6157050,SPECIES,ACCEPTED,Animalia,NA,11418114,213212724
5784,Spatula cyanoptera,7096205,SPECIES,ACCEPTED,Animalia,NA,220,213212724
5785,Spatula cyanoptera,4104890,SPECIES,ACCEPTED,Animalia,NA,196,213212724
5786,Spatula cyanoptera,2706403,NA,NA,NA,NA,196,213212724
5787,Spatula cyanoptera cyanoptera,NA,NA,NA,NA,NA,NA,213212726
5788,Spatula hottentota,9496048,SPECIES,ACCEPTED,Animalia,NA,212,213212722
5789,Spatula puna,9583342,SPECIES,ACCEPTED,Animalia,NA,212,213212720
5790,Spatula rhynchotis,9288935,SPECIES,ACCEPTED,Animalia,NA,212,213212719
5791,Spatula versicolor,9305555,SPECIES,ACCEPTED,Animalia,NA,212,213212727
5792,Spatula versicolor,7332416,SPECIES,ACCEPTED,Animalia,NA,220,213212727
5793,Spatula versicolor,5928306,SPECIES,ACCEPTED,Animalia,NA,220,213212727
5794,Spatula versicolor,4090836,SPECIES,ACCEPTED,Animalia,NA,220,213212727
5795,Spatula versicolor,5352372,SPECIES,ACCEPTED,Animalia,NA,220,213212727
5796,Spatula versicolor,2974921,SPECIES,ACCEPTED,Animalia,NA,220,213212727
5797,Spatula versicolor,3898065,SPECIES,ACCEPTED,Animalia,NA,220,213212727
5798,Spatula versicolor,7925720,SPECIES,ACCEPTED,Animalia,NA,220,213212727
5799,Spatula versicolor,7225621,SPECIES,ACCEPTED,Animalia,NA,220,213212727
5800,Spatula versicolor,7222255,SPECIES,ACCEPTED,Animalia,NA,220,213212727
5801,Spatula versicolor,7327959,SPECIES,ACCEPTED,Animalia,NA,220,213212727
5802,Spatula versicolor,2769073,SPECIES,ACCEPTED,Animalia,NA,196,213212727
5803,Spatula versicolor,7222196,NA,NA,NA,NA,220,213212727
5804,Spatula versicolor versicolor,NA,NA,NA,NA,NA,NA,213212725
5805,Spergularia bocconei,8096233,SPECIES,ACCEPTED,Plantae,8096233: Spergularia bocconei (Scheele) Graebn.,220,182135086
5806,Spermophora senoculata,2153791,NA,NA,NA,NA,367,152544202
5807,Sphaeralcea bonariensis,7116158,SPECIES,ACCEPTED,Plantae,7116158: Sphaeralcea bonariensis (Cav.) Griseb.,220,152546222
5808,Spilopelia chinensis,6101224,SPECIES,ACCEPTED,Animalia,NA,212,213213059
5809,Spilopelia senegalensis,6101223,SPECIES,ACCEPTED,Animalia,NA,212,213213058
5810,Spilotes pullatus,2480317,NA,NA,NA,NA,212,182133743
5811,Spinacia oleracea,3083647,SPECIES,ACCEPTED,Plantae,3083647: Spinacia oleracea L.,220,152545976
5812,Spinus magellanicus,7341745,SPECIES,ACCEPTED,Animalia,NA,212,213212796
5813,Spiraea alba,3026585,SPECIES,ACCEPTED,Plantae,3026585: Spiraea alba Du Roi,220,152544868
5814,Spiraea billardii,7889822,SPECIES,ACCEPTED,Plantae,NA,220,152544861
5815,Spiraea brachybotrys,3026426,SPECIES,ACCEPTED,Plantae,NA,220,213215730
5816,Spiraea canescens,3027138,SPECIES,ACCEPTED,Plantae,3027138: Spiraea canescens D.Don,220,152544870
5817,Spiraea cantoniensis,3026906,SPECIES,ACCEPTED,Plantae,NA,220,213215729
5818,Spiraea chamaedryfolia,3026406,SPECIES,ACCEPTED,Plantae,NA,220,213215731
5819,Spiraea douglasii,3027159,SPECIES,ACCEPTED,Plantae,3027159: Spiraea douglasii Hook.,220,152544869
5820,Spiraea hypericifolia,3026431,SPECIES,ACCEPTED,Plantae,3026431: Spiraea hypericifolia L.,220,152544866
5821,Spiraea japonica,8170635,SPECIES,ACCEPTED,Plantae,8170635: Spiraea japonica L.fil. | 3027068: Spiraea bumalda Burv.,220,152544862
5822,Spiraea macrothyrsa,3027355,SPECIES,ACCEPTED,Plantae,NA,220,152544865
5823,Spiraea nipponica,3027341,SPECIES,ACCEPTED,Plantae,3027341: Spiraea nipponica Maxim.,220,152544864
5824,Spiraea rosalba,3027332,SPECIES,ACCEPTED,Plantae,NA,220,152544863
5825,Spiraea salicifolia,3026454,SPECIES,ACCEPTED,Plantae,NA,220,213215726
5826,Spiraea thunbergii,3026402,SPECIES,ACCEPTED,Plantae,NA,220,213215728
5827,Spiraea tomentosa,3026819,SPECIES,ACCEPTED,Plantae,3026819: Spiraea tomentosa L.,220,152544867
5828,Spiraea vanhouttei,3026622,SPECIES,ACCEPTED,Plantae,NA,220,213215727
5829,Spiraea ×billardii,7889822,SPECIES,ACCEPTED,Plantae,7889822: Spiraea ×billardii Hérincq,220,NA
5830,Spiraea ×rosalba,3027332,SPECIES,ACCEPTED,Plantae,3027332: Spiraea ×rosalba Dippel,220,NA
5831,Spiranthes cernua,2739769,NA,NA,NA,NA,196,213212557
5832,Spirobassia hirsuta,8243150,SPECIES,ACCEPTED,Plantae,5383911: Bassia hirsuta (L.) Asch.,220,152545903
5833,Spirodela punctata,2764337,NA,NA,NA,NA,196,213212609
5834,Spizaetus melanoleucus,3040923,NA,NA,NA,NA,220,159747121
5835,Sporisorium destruens,7427650,NA,NA,NA,NA,220,152543128
5836,Sporobolus aculeatus,9379326,SPECIES,ACCEPTED,Plantae,NA,196,213212731
5837,Sporobolus advenus,2475373,NA,NA,NA,NA,212,213212721
5838,Sporobolus africanus,4152259,SPECIES,ACCEPTED,Plantae,NA,196,152547083
5839,Sporobolus alopecuroides,9632508,SPECIES,ACCEPTED,Plantae,NA,196,213212723
5840,Sporobolus anglicus,9398259,SPECIES,ACCEPTED,Plantae,NA,196,213212728
5841,Sporobolus caroli,4151306,SPECIES,ACCEPTED,Plantae,NA,196,152547084
5842,Sporobolus creber,8421432,NA,NA,NA,NA,220,152547082
5843,Sporobolus elongatus,2704778,SPECIES,ACCEPTED,Plantae,NA,196,152547085
5844,Sporobolus indicus,2704757,SPECIES,ACCEPTED,Plantae,2704757: Sporobolus indicus (L.) R.Br.,196,152547086
5845,Sporobolus michauxianus,9592414,SPECIES,ACCEPTED,Plantae,NA,196,213212730
5846,Sporobolus schoenoides,9382716,SPECIES,ACCEPTED,Plantae,NA,196,213212717
5847,Sporobolus townsendii,9393876,SPECIES,ACCEPTED,Plantae,5290034: Spartina townsendii H.Groves & J.Groves,196,152547081
5848,Stachys atherocalyx,3885185,SPECIES,ACCEPTED,Plantae,NA,220,152545752
5849,Stachys byzantina,2927230,SPECIES,ACCEPTED,Plantae,2927230: Stachys byzantina K.Koch,220,152545754
5850,Stachys cretica,7219988,NA,NA,NA,NA,220,152545753
5851,Staphylea pinnata,3686235,SPECIES,ACCEPTED,Plantae,3686235: Staphylea pinnata L.,220,152543281
5852,Steatoda grossa,2157245,SPECIES,ACCEPTED,Animalia,"2157245: Steatoda grossa (C.L.Koch, 1838)",367,152544155
5853,Steatoda nobilis,2157203,SPECIES,ACCEPTED,Animalia,"2157203: Steatoda nobilis (Thorell, 1875)",367,152544151
5854,Steatoda paykulliana,4932431,NA,NA,NA,NA,196,152544152
5855,Stelidota geminata,2444356,NA,NA,NA,NA,11592253,152544545
5856,Stellaria cupaniana,7938233,SPECIES,ACCEPTED,Plantae,7625143: Stellaria media subsp. cupaniana (Jord. & Fourr.) Nyman,220,159749125
5857,Stenopelmus rufinasus,1247584,SPECIES,ACCEPTED,Animalia,NA,216,213214349
5858,Stephanitis oberti,4488933,SPECIES,ACCEPTED,Animalia,NA,216,213214161
5859,Stephanitis rhododendri,2020688,SPECIES,ACCEPTED,Animalia,"2020688: Stephanitis rhododendri Horváth, 1905",216,182134256
5860,Stephanitis takeyai,2020686,SPECIES,ACCEPTED,Animalia,NA,216,213214162
5861,Sternotherus carinatus,1013526,NA,NA,NA,NA,361,182133860
5862,Sthenarus rotermundi,2010226,SPECIES,ACCEPTED,Animalia,NA,216,213214119
5863,Stictocephala bisonia,5154481,SPECIES,ACCEPTED,Animalia,NA,216,213214262
5864,Stipa pennata,4127831,SPECIES,ACCEPTED,Plantae,4127831: Stipa pennata L.,196,152546921
5865,Stipagrostis pungens,4130246,SPECIES,ACCEPTED,Plantae,NA,196,152546923
5866,Stragania apicalis,2047706,SPECIES,ACCEPTED,Animalia,NA,216,213214071
5867,Stranvaesia davidiana,3000406,SPECIES,ACCEPTED,Plantae,5363911: Photinia davidiana (Decne.) Cardot | 3000406: Stranvaesia davidiana Decne.,220,152544883
5868,Streptopelia lugens,2495699,SPECIES,ACCEPTED,Animalia,"2495699: Streptopelia lugens (Rüppell, 1837)",212,159746965
5869,Streptopelia roseogrisea,2495688,SPECIES,ACCEPTED,Animalia,"2495688: Streptopelia roseogrisea (Sundevall, 1857)",212,159746963
5870,Streptopelia tranquebarica,2495691,SPECIES,ACCEPTED,Animalia,NA,212,159746966
5871,Strigosella africana,5373440,SPECIES,ACCEPTED,Plantae,NA,220,213214551
5872,Striosubulina striatella,7520678,SPECIES,ACCEPTED,Animalia,"7520678: Striosubulina striatella (Rang, 1831)",225,157092288
5873,Strix uralensis,2497509,SPECIES,ACCEPTED,Animalia,NA,212,213213009
5874,Stropholoma aurantiacum,7350944,NA,NA,NA,NA,220,159746880
5875,Stuartina muelleri,5190777,NA,NA,NA,NA,225,152544073
5876,Sturnia pagodarum,6100941,SPECIES,ACCEPTED,Animalia,NA,212,213212832
5877,Sturnia sinensis,6091856,SPECIES,ACCEPTED,Animalia,"6091856: Sturnia sinensis (Gmelin, 1788)",212,159747246
5878,Styela clava,2331942,SPECIES,ACCEPTED,Animalia,"2331942: Styela clava Herdman, 1881",356,159747723
5879,Styphnolobium japonicum,2963569,SPECIES,ACCEPTED,Plantae,2963569: Styphnolobium japonicum (L.) Schott | 2963572: Sophora japonica L.,220,182134340
5880,Sufetula diminutalis,1891245,SPECIES,ACCEPTED,Animalia,NA,216,213213928
5881,Sulla coronaria,9491873,NA,NA,NA,NA,NA,213213885
5882,Suricata suricatta,2434126,SPECIES,ACCEPTED,Animalia,NA,359,213212327
5883,Sylvilagus floridanus,5414989,NA,NA,NA,NA,220,152543358
5884,Symphoricarpos albus,7523753,SPECIES,ACCEPTED,Plantae,2888634: Symphoricarpos albus (L.) S.F.Blake | 7523753: Symphoricarpos albus (L.) C.Koch | 3855854: Symphoria racemosa Pursh | 6369607: Symphoricarpos albus var. laevigatus (Fernald) S.F.Blake | 6369850: Symphoricarpos racemosus Michx.,220,213215386
5885,Symphoricarpos doorenbosii,8212772,SPECIES,DOUBTFUL,Plantae,NA,220,213215387
5886,Symphoricarpos orbiculatus,2888636,SPECIES,ACCEPTED,Plantae,2888636: Symphoricarpos orbiculatus Moench,220,152546299
5887,Symphyotrichum ciliatum,3151692,SPECIES,ACCEPTED,Plantae,5406464: Aster brachyactis S.F.Blake | 3151692: Symphyotrichum ciliatum (Ledeb.) G.L.Nesom,220,152544392
5888,Symphyotrichum dumosum,3151434,SPECIES,ACCEPTED,Plantae,NA,220,213215196
5889,Symphyotrichum laeve,8421156,SPECIES,ACCEPTED,Plantae,NA,220,213215195
5890,Symphyotrichum lanceolatum,9202318,SPECIES,ACCEPTED,Plantae,9202318: Symphyotrichum lanceolatum (Willd.) G.L.Nesom | 5406285: Aster ×lanceolatus Willd.,220,152544385
5891,Symphyotrichum lateriflorum,7832723,SPECIES,ACCEPTED,Plantae,7832723: Symphyotrichum lateriflorum (L.) Á.Löve & D.Löve,220,152544387
5892,Symphyotrichum novae-angliae,3151618,SPECIES,ACCEPTED,Plantae,5406425: Aster novae-angliae L. | 3151618: Symphyotrichum novae-angliae (L.) G.L.Nesom,220,152544388
5893,Symphyotrichum novi-belgii,3151558,SPECIES,ACCEPTED,Plantae,3151558: Symphyotrichum novi-belgii (L.) G.L.Nesom | 5406382: Aster novi-belgii L.,220,152544390
5894,Symphyotrichum pilosum,3151755,SPECIES,ACCEPTED,Plantae,3151755: Symphyotrichum pilosum (Willd.) G.L.Nesom,220,152544396
5895,Symphyotrichum racemosum,3142974,NA,NA,NA,NA,220,152544394
5896,Symphyotrichum salignum,3151811,SPECIES,ACCEPTED,Plantae,NA,220,152544398
5897,Symphyotrichum subulatum,3094253,SPECIES,ACCEPTED,Plantae,3094253: Symphyotrichum subulatum (Michx.) G.L.Nesom | 5406509: Aster squamatus (Spreng.) Hieron.,220,152544399
5898,Symphyotrichum ×salignum,3151811,SPECIES,ACCEPTED,Plantae,7483367: Aster ×salignus Willd. | 3151811: Symphyotrichum ×salignum (Willd.) G.L.Nesom,220,NA
5899,Symphytum asperum,2926066,SPECIES,ACCEPTED,Plantae,2926066: Symphytum asperum Lepech.,220,152545514
5900,Symphytum caucasicum,7989836,SPECIES,ACCEPTED,Plantae,7989836: Symphytum caucasicum M.Bieb.,220,152545511
5901,Symphytum grandiflorum,4067302,SPECIES,ACCEPTED,Plantae,4067302: Symphytum grandiflorum DC.,220,152545512
5902,Symphytum hidcotense,4067281,SPECIES,ACCEPTED,Plantae,NA,220,152545513
5903,Symphytum orientale,4067112,SPECIES,ACCEPTED,Plantae,4067112: Symphytum orientale L.,220,182134689
5904,Synarmadillo,NA,NA,NA,NA,NA,NA,152543907
5905,Synarmadillo NA,6411098,NA,NA,NA,NA,220,NA
5906,Synarmadillo NA,7224157,NA,NA,NA,NA,220,NA
5907,Synarmadillo NA,2457378,NA,NA,NA,NA,11592253,NA
5908,Synarmadillo NA,9771172,NA,NA,NA,NA,220,NA
5909,Synarmadillo NA,7295374,NA,NA,NA,NA,220,NA
5910,Synarmadillo NA,7332416,NA,NA,NA,NA,220,NA
5911,Synarmadillo NA,8381801,NA,NA,NA,NA,220,NA
5912,Synarmadillo NA,4270548,NA,NA,NA,NA,196,NA
5913,Synarmadillo NA,7740944,NA,NA,NA,NA,220,NA
5914,Synarmadillo NA,10755213,NA,NA,NA,NA,196,NA
5915,Synarmadillo NA,7225471,NA,NA,NA,NA,220,NA
5916,Synarmadillo NA,5621983,NA,NA,NA,NA,220,NA
5917,Synidotea laticauda,2204831,SPECIES,ACCEPTED,Animalia,NA,229,152543929
5918,Synoicus chinensis,2702862,NA,NA,NA,NA,196,213212612
5919,Synurella ambulans,4416920,SPECIES,ACCEPTED,Animalia,"4416920: Synurella ambulans (F.Müller, 1846)",229,152543987
5920,Syringa josikaea,7636833,SPECIES,ACCEPTED,Plantae,7636833: Syringa josikaea J.Jacq. ex Rchb.,220,213215422
5921,Syringa josikaea,7636833,SPECIES,ACCEPTED,Plantae,7636833: Syringa josikaea J.Jacq. ex Rchb.,220,152545571
5922,Syringa vulgaris,5415039,SPECIES,ACCEPTED,Plantae,5415039: Syringa vulgaris L.,220,152545572
5923,Syrmaticus reevesii,2473477,SPECIES,ACCEPTED,Animalia,"2473477: Syrmaticus reevesii (J.E.Gray, 1829)",212,159747537
5924,Tachycines asynamorus,1728965,SPECIES,ACCEPTED,Animalia,"1728965: Tachycines asynamorus Adelung, 1902",216,159748278
5925,Tadorna cana,2498010,SPECIES,ACCEPTED,Animalia,"2498010: Tadorna cana (Gmelin, 1789)",212,159747098
5926,Tadorna ferruginea,2498015,SPECIES,ACCEPTED,Animalia,"2498015: Tadorna ferruginea (Pallas, 1764)",212,152543227
5927,Tadorna tadornoides,2498007,SPECIES,ACCEPTED,Animalia,"2498007: Tadorna tadornoides (Jardine & Selby, 1828)",212,159747099
5928,Tadorna variegata,2498011,SPECIES,ACCEPTED,Animalia,"2498011: Tadorna variegata (Gmelin, 1789)",212,159747097
5929,Taeniatherum caput-medusae,2705666,SPECIES,ACCEPTED,Plantae,2705666: Taeniatherum caput-medusae (L.) Nevski,196,152547022
5930,Taeniopygia guttata,2493633,SPECIES,ACCEPTED,Animalia,"2493633: Taeniopygia guttata (Vieillot, 1817)",212,159747315
5931,Tagetes erecta,3088488,SPECIES,ACCEPTED,Plantae,3088488: Tagetes erecta L. | 3088492: Tagetes patula L.,220,152544411
5932,Tagetes minuta,3088481,SPECIES,ACCEPTED,Plantae,3088481: Tagetes minuta L.,220,152544410
5933,Tagetes tenuifolia,7497356,SPECIES,ACCEPTED,Plantae,NA,220,152544408
5934,Tamarix africana,2874702,SPECIES,ACCEPTED,Plantae,NA,220,213214848
5935,Tamarix canariensis,2705373,NA,NA,NA,NA,196,152546098
5936,Tamarix gallica,8380575,SPECIES,ACCEPTED,Plantae,8380575: Tamarix gallica L.,220,152546096
5937,Tamarix gallica,8380575,SPECIES,ACCEPTED,Plantae,8380575: Tamarix gallica L.,220,213214847
5938,Tamarix parviflora,2874706,SPECIES,ACCEPTED,Plantae,2874706: Tamarix parviflora DC.,220,152546097
5939,Tamias sibiricus,2437450,SPECIES,ACCEPTED,Animalia,"10602587: Eutamias sibiricus (Laxmann, 1769) | 2437450: Tamias sibiricus (Laxmann, 1769)",359,152543304
5940,Tamiasciurus hudsonicus,2437282,SPECIES,ACCEPTED,Animalia,"2437282: Tamiasciurus hudsonicus (Erxleben, 1777)",359,152543316
5941,Tanacetum balsamita,3118254,SPECIES,ACCEPTED,Plantae,3118254: Tanacetum balsamita L.,220,152544140
5942,Tanacetum corymbosum,3118216,SPECIES,ACCEPTED,Plantae,3118216: Tanacetum corymbosum (L.) Sch.Bip.,220,152544142
5943,Tanacetum macrophyllum,3118526,SPECIES,ACCEPTED,Plantae,3118526: Tanacetum macrophyllum (Waldst. & Kit.) Sch.Bip.,220,152544137
5944,Tanacetum parthenium,3118430,SPECIES,ACCEPTED,Plantae,3118430: Tanacetum parthenium (L.) Sch.Bip.,220,152544138
5945,Tandonia budapestensis,4598225,SPECIES,ACCEPTED,Animalia,NA,225,157092276
5946,Tandonia sowerbyi,2705350,NA,NA,NA,NA,196,152543639
5947,Tapinoma magnum,9551728,SPECIES,ACCEPTED,Animalia,NA,216,213213840
5948,Tapinoma melanocephalum,1316805,SPECIES,ACCEPTED,Animalia,"1316805: Tapinoma melanocephalum (Fabricius, 1793)",216,152544514
5949,Tarenaya hassleriana,3872463,SPECIES,ACCEPTED,Plantae,3054217: Cleome hassleriana Chodat,220,NA
5950,Tarenaya houtteana,12187916,SPECIES,ACCEPTED,Plantae,NA,220,213214465
5951,Tarentola mauritanica,2445034,SPECIES,ACCEPTED,Animalia,"2445034: Tarentola mauritanica (Linnaeus, 1758)",11592253,182133769
5952,Tarsostenus carus,5806954,SPECIES,ACCEPTED,Animalia,NA,216,213214327
5953,Tasserkidrilus americanus,5168461,NA,NA,NA,NA,367,152543663
5954,Tauraco leucotis,2475235,SPECIES,ACCEPTED,Animalia,NA,212,213212885
5955,Taxodium distichum,2684191,SPECIES,ACCEPTED,Plantae,2684191: Taxodium distichum (L.) Rich.,194,152546538
5956,Technomyrmex vitiensis,7664179,SPECIES,ACCEPTED,Animalia,"7664179: Technomyrmex vitiensis Mann, 1921",216,152544487
5957,Telekia speciosa,5389173,SPECIES,ACCEPTED,Plantae,5389173: Telekia speciosa (Schreb.) Baumg.,220,152543705
5958,Tellima grandiflora,3032698,SPECIES,ACCEPTED,Plantae,3032698: Tellima grandiflora (Pursh) Douglas ex Lindl.,220,152544696
5959,Telmatogeton japonicus,1450317,SPECIES,ACCEPTED,Animalia,"1450317: Telmatogeton japonicus Tokunaga, 1933",216,159748299
5960,Teloxys aristata,3083888,SPECIES,ACCEPTED,Plantae,NA,220,213214947
5961,Tephritis carmen,3048288,NA,NA,NA,NA,220,213214411
5962,Terapon jarbua,3048532,NA,NA,NA,NA,220,182133671
5963,Teredo navalis,2288847,SPECIES,ACCEPTED,Animalia,"2288847: Teredo navalis Linnaeus, 1758",137,152543768
5964,Terrapene carolina,2443173,SPECIES,ACCEPTED,Animalia,"6156925: Terrapene carolina major (Agassiz, 1857)",11418114,182133892
5965,Testacella haliotidea,7587923,NA,NA,NA,NA,220,213213493
5966,Testudo,NA,NA,NA,NA,NA,NA,182133871
5967,Testudo NA,2441658,GENUS,ACCEPTED,Animalia,NA,11418114,NA
5968,Testudo NA,2441658,GENUS,ACCEPTED,Animalia,NA,11418114,NA
5969,Testudo graeca,2441461,SPECIES,ACCEPTED,Animalia,"2441461: Testudo graeca Linnaeus, 1758",11418114,182133866
5970,Testudo hermanni,2441454,SPECIES,ACCEPTED,Animalia,"7062174: Testudo hermanni hermanni | 2441454: Testudo hermanni Gmelin, 1789",11418114,182133865
5971,Tetragonia tetragonioides,5384307,SPECIES,ACCEPTED,Plantae,5384307: Tetragonia tetragonioides (Pallas) Kuntze,220,152546020
5972,Tetramoera langmaidi,11141765,SPECIES,ACCEPTED,Animalia,NA,216,213213957
5973,Tetramorium bicarinatum,1323402,SPECIES,ACCEPTED,Animalia,"1323402: Tetramorium bicarinatum (Nylander, 1846)",216,152544512
5974,Tetraponera allaborans,3110293,NA,NA,NA,NA,220,152544520
5975,Teucrium hircanicum,3896282,SPECIES,ACCEPTED,Plantae,3896282: Teucrium hircanicum L.,220,152545737
5976,Teucrium hyrcanicum,3896203,SPECIES,ACCEPTED,Plantae,NA,220,213215477
5977,Teucrium lucidrys,4123970,NA,NA,NA,NA,196,152545736
5978,Teucrium resupinatum,8118326,SPECIES,ACCEPTED,Plantae,NA,220,152545735
5979,Thalia dealbata,5303040,SPECIES,ACCEPTED,Plantae,5303040: Thalia dealbata Fraser,196,152546553
5980,Thalictrum aquilegifolium,3033131,SPECIES,ACCEPTED,Plantae,3033131: Thalictrum aquilegifolium L.,220,NA
5981,Thalictrum aquilegiifolium,6376340,SPECIES,ACCEPTED,Plantae,NA,220,213214410
5982,Thalictrum delavayi,7278040,SPECIES,ACCEPTED,Plantae,7278040: Thalictrum delavayi Franch.,220,182134783
5983,Thalictrum speciosissimum,7277286,SPECIES,ACCEPTED,Plantae,7277286: Thalictrum speciosissimum L.,220,152546356
5984,Thamnophis,NA,NA,NA,NA,NA,NA,182133776
5985,Thamnophis NA,2457825,GENUS,ACCEPTED,Animalia,NA,11592253,NA
5986,Thamnophis NA,2457825,GENUS,ACCEPTED,Animalia,NA,11592253,NA
5987,Thamnophis marcianus,7481364,NA,NA,NA,NA,216,213212453
5988,Thamnophis saurita,5221988,NA,NA,NA,NA,11592253,213212457
5989,Thamnophis sirtalis,2457522,SPECIES,ACCEPTED,Animalia,"2457522: Thamnophis sirtalis (Linnaeus, 1758)",11592253,213212456
5990,Thanatus vulgaris,8925248,NA,NA,NA,NA,220,152544253
5991,Thaumatotibia leucotreta,5879783,SPECIES,ACCEPTED,Animalia,"5879783: Thaumatotibia leucotreta (Meyrick, 1913)",216,152544288
5992,Theba pisana,2294277,SPECIES,ACCEPTED,Animalia,"2294277: Theba pisana (O.F.Müller, 1774)",225,152543633
5993,Thecaphora oxalidis,5250069,SPECIES,ACCEPTED,Fungi,NA,148,152543115
5994,Theristicus melanopis,2480786,SPECIES,ACCEPTED,Animalia,"2480786: Theristicus melanopis (Gmelin, 1789)",212,159747468
5995,Thermobia domestica,1421105,SPECIES,ACCEPTED,Animalia,"1421105: Thermobia domestica (Packard, 1837)",216,152544393
5996,Thermopsis montana,11844792,NA,NA,NA,NA,220,213213843
5997,Thinopyrum elongatum,4125808,SPECIES,ACCEPTED,Plantae,NA,196,152546940
5998,Thinopyrum obtusiflorum,5659657,NA,NA,NA,NA,220,213213042
5999,Thladiantha dubia,2874538,SPECIES,ACCEPTED,Plantae,2874538: Thladiantha dubia Bunge,220,152546193
6000,Threskiornis aethiopicus,2480764,SPECIES,ACCEPTED,Animalia,"2480764: Threskiornis aethiopicus (Latham, 1790)",212,159747473
6001,Threskiornis spinicollis,2480766,SPECIES,ACCEPTED,Animalia,"2480766: Threskiornis spinicollis (Jameson, 1835)",212,159747474
6002,Thuja occidentalis,2684178,SPECIES,ACCEPTED,Plantae,2684178: Thuja occidentalis L.,194,152546533
6003,Thuja plicata,2684171,SPECIES,ACCEPTED,Plantae,2684171: Thuja plicata Donn ex D.Don,194,152546534
6004,Thunbergia alata,5415463,SPECIES,ACCEPTED,Plantae,5415463: Thunbergia alata Bojer ex Sims,220,182134565
6005,Thymus citriodorus,5607452,SPECIES,ACCEPTED,Plantae,5607452: Thymus citriodorus (Pers.) Schreb.,220,152545720
6006,Thymus pannonicus,2443074,NA,NA,NA,NA,11418114,213215482
6007,Thymus vulgaris,5341442,SPECIES,ACCEPTED,Plantae,5341442: Thymus vulgaris L.,220,152545721
6008,Thysanoplusia orichalcea,1795068,SPECIES,ACCEPTED,Animalia,NA,216,213213908
6009,Tiarella cordifolia,5371610,SPECIES,ACCEPTED,Plantae,5371610: Tiarella cordifolia L.,220,152544681
6010,Tilia tomentosa,4259350,SPECIES,ACCEPTED,Plantae,4259350: Tilia tomentosa Moench,220,152546230
6011,Tinantia erecta,5303524,SPECIES,ACCEPTED,Plantae,5303524: Tinantia erecta (Jacq.) Fenzl,196,182133113
6012,Tinantia pringlei,5303515,SPECIES,ACCEPTED,Plantae,NA,196,213212573
6013,Tithonia rotundifolia,5396551,SPECIES,ACCEPTED,Plantae,5396551: Tithonia rotundifolia (Mill.) S.F.Blake,220,152543818
6014,Tliltocatl albopilosus,10329298,NA,NA,NA,NA,367,213214692
6015,Tolmiea menziesii,5371605,SPECIES,ACCEPTED,Plantae,5371605: Tolmiea menziesii (Pursh) Torr. & A.Gray,220,152544683
6016,Tordylium maximum,3633319,SPECIES,ACCEPTED,Plantae,3633319: Tordylium maximum L.,220,152544571
6017,Torilis africana,6026665,SPECIES,ACCEPTED,Plantae,4271348: Torilis arvensis subsp. purpurea (Ten.) Hayek | 6026665: Torilis africana Spreng.,220,152544495
6018,Torilis leptophylla,3725805,NA,NA,NA,NA,220,152544492
6019,Trachelium caeruleum,5407810,SPECIES,ACCEPTED,Plantae,5407810: Trachelium caeruleum L.,220,152543596
6020,Trachelospermum jasminoides,3169713,SPECIES,ACCEPTED,Plantae,NA,220,213215246
6021,Trachemys scripta,2443002,SPECIES,ACCEPTED,Animalia,"7062200: Trachemys scripta scripta | 2443002: Trachemys scripta (Thunberg In Schoepff, 1792) | 6157026: Trachemys scripta elegans (Wied, 1838) | 6157035: Trachemys scripta troostii (Holbrook, 1836)",11418114,182133900
6022,Trachemys scripta,6157026,SUBSPECIES,ACCEPTED,Animalia,"6157026: Trachemys scripta elegans (Wied, 1838)",11418114,182133900
6023,Trachemys scripta,6157035,SUBSPECIES,ACCEPTED,Animalia,"6157035: Trachemys scripta troostii (Holbrook, 1836)",11418114,182133900
6024,Trachemys scripta,7062200,SUBSPECIES,ACCEPTED,Animalia,7062200: Trachemys scripta scripta,11418114,182133900
6025,Trachemys scripta,1420828,SPECIES,ACCEPTED,Animalia,NA,216,182133900
6026,Trachemys scripta,1420829,SPECIES,ACCEPTED,Animalia,NA,216,182133900
6027,Trachemys scripta,3104078,SPECIES,ACCEPTED,Animalia,NA,220,182133900
6028,Trachemys scripta,3935202,SPECIES,ACCEPTED,Animalia,NA,220,182133900
6029,Trachemys scripta,2284443,SPECIES,ACCEPTED,Animalia,NA,11133537,182133900
6030,Trachemys scripta,7740944,SPECIES,ACCEPTED,Animalia,NA,220,182133900
6031,Trachemys scripta,2161467,SPECIES,ACCEPTED,Animalia,NA,367,182133900
6032,Trachemys scripta,7332416,SPECIES,ACCEPTED,Animalia,NA,220,182133900
6033,Trachemys scripta,3746867,SPECIES,ACCEPTED,Animalia,NA,7228684,182133900
6034,Trachemys scripta,3042889,SPECIES,ACCEPTED,Animalia,NA,220,182133900
6035,Trachemys scripta,8918909,SPECIES,ACCEPTED,Animalia,NA,196,182133900
6036,Trachemys scripta,4131042,SPECIES,ACCEPTED,Animalia,NA,196,182133900
6037,Trachemys scripta,7295374,SPECIES,ACCEPTED,Animalia,NA,220,182133900
6038,Trachemys scripta,8782549,SPECIES,ACCEPTED,Animalia,NA,11592253,182133900
6039,Trachemys scripta,5352425,SPECIES,ACCEPTED,Animalia,NA,220,182133900
6040,Trachemys scripta,9771172,SPECIES,ACCEPTED,Animalia,NA,220,182133900
6041,Trachemys scripta,8983123,SPECIES,ACCEPTED,Animalia,NA,220,182133900
6042,Trachemys scripta,7302355,SPECIES,ACCEPTED,Animalia,NA,220,182133900
6043,Trachemys scripta,5587240,SPECIES,ACCEPTED,Animalia,NA,220,182133900
6044,Trachemys scripta,3047633,SPECIES,ACCEPTED,Animalia,NA,220,182133900
6045,Trachemys scripta,2444221,SPECIES,ACCEPTED,Animalia,NA,11592253,182133900
6046,Trachemys scripta,7272439,SPECIES,ACCEPTED,Animalia,NA,220,182133900
6047,Trachemys scripta,8045533,SPECIES,ACCEPTED,Animalia,NA,220,182133900
6048,Trachemys scripta,7925720,SPECIES,ACCEPTED,Animalia,NA,220,182133900
6049,Trachemys scripta,6449041,SPECIES,ACCEPTED,Animalia,NA,196,182133900
6050,Trachemys scripta,3602069,SPECIES,ACCEPTED,Animalia,NA,220,182133900
6051,Trachemys scripta,7224157,SPECIES,ACCEPTED,Animalia,NA,220,182133900
6052,Trachemys scripta,9391215,SPECIES,ACCEPTED,Animalia,NA,11592253,182133900
6053,Trachemys scripta,5224481,SPECIES,ACCEPTED,Animalia,NA,11592253,182133900
6054,Trachemys scripta,5224543,SPECIES,ACCEPTED,Animalia,NA,11592253,182133900
6055,Trachemys scripta,3065244,SPECIES,ACCEPTED,Animalia,NA,220,182133900
6056,Trachemys scripta,4123394,SPECIES,ACCEPTED,Animalia,NA,196,182133900
6057,Trachemys scripta,6432925,SPECIES,ACCEPTED,Animalia,NA,220,182133900
6058,Trachemys scripta,3755928,NA,NA,NA,NA,220,182133900
6059,Trachemys scripta,3757050,NA,NA,NA,NA,220,182133900
6060,Trachemys scripta,6156934,NA,NA,NA,NA,11418114,182133900
6061,Trachemys scripta elegans,NA,NA,NA,NA,NA,NA,152543140
6062,Trachemys scripta scripta,NA,NA,NA,NA,NA,NA,152543141
6063,Trachemys scripta troostii,NA,NA,NA,NA,NA,NA,152543139
6064,Trachycarpus fortunei,2739071,SPECIES,ACCEPTED,Plantae,2739071: Trachycarpus fortunei (Hook.) H.Wendl.,196,152546598
6065,Trachylepis striata,2161710,NA,NA,NA,NA,367,182133718
6066,Trachyspermum ammi,8244019,SPECIES,DOUBTFUL,Plantae,NA,220,159748110
6067,Trachystemon orientale,4063383,SPECIES,ACCEPTED,Plantae,NA,220,213214096
6068,Tradescantia fluminensis,2765156,SPECIES,ACCEPTED,Plantae,2765156: Tradescantia fluminensis Vell.,196,152546726
6069,Tradescantia pallida,2765221,SPECIES,ACCEPTED,Plantae,NA,196,213212576
6070,Tradescantia virginiana,2765272,SPECIES,ACCEPTED,Plantae,2765272: Tradescantia virginiana L.,196,152546727
6071,Tragopogon dubius,6443709,SPECIES,ACCEPTED,Plantae,6443709: Tragopogon dubius Scop. | 5693314: Tragopogon dubius subsp. major (Jacq.) Vollm.,220,152543740
6072,Tragopogon mirabilis,5709400,SPECIES,ACCEPTED,Plantae,NA,220,152543736
6073,Tragopogon porrifolius,5386938,SPECIES,ACCEPTED,Plantae,5386938: Tragopogon porrifolius L.,220,152543743
6074,Tragopogon ×mirabilis,5709400,SPECIES,ACCEPTED,Plantae,5709400: Tragopogon ×mirabilis Rouy,220,NA
6075,Tragus australianus,5290130,SPECIES,ACCEPTED,Plantae,NA,196,152546846
6076,Tragus berteronianus,8338571,NA,NA,NA,NA,196,152546848
6077,Tragus koelerioides,5674919,SPECIES,ACCEPTED,Plantae,NA,196,152546845
6078,Tragus racemosus,5290126,SPECIES,ACCEPTED,Plantae,5290126: Tragus racemosus (L.) All.,196,152546847
6079,Tranzschelia discolor,2516419,SPECIES,ACCEPTED,Fungi,NA,270,152543157
6080,Trapa natans,3188757,SPECIES,ACCEPTED,Plantae,3188757: Trapa natans L.,220,152543409
6081,Traunsteinera globosa,2784401,SPECIES,ACCEPTED,Plantae,2784401: Traunsteinera globosa (L.) Rchb.,196,152546634
6082,Tremulicerus distinguendus,4484009,SPECIES,ACCEPTED,Animalia,NA,216,213214065
6083,Triaeris stenaspis,4202184,NA,NA,NA,NA,220,152544229
6084,Trialeurodes vaporariorum,2012132,SPECIES,ACCEPTED,Animalia,NA,216,213214217
6085,Tribulus terrestris,5421116,SPECIES,ACCEPTED,Plantae,5421116: Tribulus terrestris L.,220,152543266
6086,Tricellaria inopinata,4985072,SPECIES,ACCEPTED,Animalia,"4985072: Tricellaria inopinata d'Hondt & Occhipinti Ambrogi, 1985",252,152543120
6087,Tricellaria ternata,5202520,NA,NA,NA,NA,NA,213214879
6088,Trichoglossus haematodus,2479686,SPECIES,ACCEPTED,Animalia,"2479694: Trichoglossus moluccanus (Gmelin, 1788)",212,159747428
6089,Trichoglossus moluccanus,7324507,NA,NA,NA,NA,220,213212904
6090,Trichopsocus clarus,5402627,NA,NA,NA,NA,220,152544582
6091,Trichorhina tomentosa,2204981,SPECIES,ACCEPTED,Animalia,NA,229,213214480
6092,Trifolium alexandrinum,5358907,SPECIES,ACCEPTED,Plantae,5358907: Trifolium alexandrinum L.,220,152545059
6093,Trifolium alpestre,5359499,SPECIES,ACCEPTED,Plantae,5359499: Trifolium alpestre L.,220,152545077
6094,Trifolium angustifolium,5359395,SPECIES,ACCEPTED,Plantae,5359395: Trifolium angustifolium L.,220,152545075
6095,Trifolium constantinopolitanum,5358906,SPECIES,ACCEPTED,Plantae,5358906: Trifolium constantinopolitanum Ser.,220,152545055
6096,Trifolium diffusum,5358912,SPECIES,ACCEPTED,Plantae,5358912: Trifolium diffusum Ehrh.,220,152545058
6097,Trifolium echinatum,5359345,SPECIES,ACCEPTED,Plantae,5359345: Trifolium echinatum M.Bieb.,220,152545068
6098,Trifolium glomeratum,5358694,SPECIES,ACCEPTED,Plantae,5358694: Trifolium glomeratum L.,220,152545053
6099,Trifolium hirtum,5359445,SPECIES,ACCEPTED,Plantae,NA,220,152545078
6100,Trifolium hybridum,5359402,SUBSPECIES,ACCEPTED,Plantae,5359402: Trifolium hybridum subsp. elegans (Savi) Asch. & Graebn. | 7858669: Trifolium hybridum var. elegans (Savi) Boiss.,220,213213824
6101,Trifolium hybridum,7224427,SUBSPECIES,ACCEPTED,Plantae,7224427: Trifolium hybridum subsp. hybridum | 7111306: Trifolium hybridum var. hybridum,220,213213824
6102,Trifolium hybridum,7222255,SPECIES,ACCEPTED,Plantae,NA,220,213213824
6103,Trifolium hybridum,4211590,SPECIES,ACCEPTED,Plantae,NA,220,213213824
6104,Trifolium hybridum,11136683,SPECIES,ACCEPTED,Plantae,NA,220,213213824
6105,Trifolium hybridum,6076957,SPECIES,ACCEPTED,Plantae,NA,220,213213824
6106,Trifolium hybridum,8338571,SPECIES,ACCEPTED,Plantae,NA,196,213213824
6107,Trifolium hybridum,4115425,SPECIES,ACCEPTED,Plantae,NA,196,213213824
6108,Trifolium hybridum,6432925,SPECIES,ACCEPTED,Plantae,NA,220,213213824
6109,Trifolium hybridum,8925248,SPECIES,ACCEPTED,Plantae,NA,220,213213824
6110,Trifolium hybridum,7070211,SPECIES,ACCEPTED,Plantae,NA,196,213213824
6111,Trifolium hybridum,7327959,SPECIES,ACCEPTED,Plantae,NA,220,213213824
6112,Trifolium hybridum,7223276,SPECIES,ACCEPTED,Plantae,NA,220,213213824
6113,Trifolium hybridum,6409536,SPECIES,ACCEPTED,Plantae,NA,220,213213824
6114,Trifolium hybridum,7068845,SPECIES,ACCEPTED,Plantae,NA,220,213213824
6115,Trifolium hybridum,7066596,SPECIES,ACCEPTED,Plantae,NA,220,213213824
6116,Trifolium hybridum,4925890,SPECIES,ACCEPTED,Plantae,NA,220,213213824
6117,Trifolium hybridum,6157035,SPECIES,ACCEPTED,Plantae,NA,11418114,213213824
6118,Trifolium hybridum,3040999,SPECIES,ACCEPTED,Plantae,NA,220,213213824
6119,Trifolium hybridum,7853188,SPECIES,ACCEPTED,Plantae,NA,220,213213824
6120,Trifolium hybridum,7224069,SPECIES,ACCEPTED,Plantae,NA,220,213213824
6121,Trifolium hybridum,11162940,SPECIES,ACCEPTED,Plantae,NA,220,213213824
6122,Trifolium hybridum,7753114,NA,NA,NA,NA,220,213213824
6123,Trifolium hybridum,5545159,NA,NA,NA,NA,220,213213824
6124,Trifolium hybridum elegans,NA,NA,NA,NA,NA,NA,152545072
6125,Trifolium hybridum hybridum,NA,NA,NA,NA,NA,NA,152545052
6126,Trifolium incarnatum,5359378,SPECIES,ACCEPTED,Plantae,5359378: Trifolium incarnatum L. | 7302754: Trifolium incarnatum var. incarnatum | 5359380: Trifolium incarnatum subsp. molinerii (Hornem.) Syme,220,152545074
6127,Trifolium isthmocarpum,5359447,SPECIES,ACCEPTED,Plantae,5359447: Trifolium isthmocarpum Brot.,220,152545079
6128,Trifolium lappaceum,5358913,SPECIES,ACCEPTED,Plantae,5358913: Trifolium lappaceum L.,220,152545057
6129,Trifolium michelianum,5359169,SPECIES,ACCEPTED,Plantae,5359169: Trifolium michelianum Savi,220,152545067
6130,Trifolium nigrescens,5358774,SPECIES,ACCEPTED,Plantae,5358774: Trifolium nigrescens Viv.,220,152545054
6131,Trifolium pallidum,5359411,SPECIES,ACCEPTED,Plantae,5359411: Trifolium pallidum Waldst. & Kit.,220,152545073
6132,Trifolium pannonicum,5359067,SPECIES,ACCEPTED,Plantae,NA,220,152545063
6133,Trifolium patens,5359260,SPECIES,ACCEPTED,Plantae,5359260: Trifolium patens Schreb.,220,152545071
6134,Trifolium purpureum,5359526,SPECIES,ACCEPTED,Plantae,NA,220,152545081
6135,Trifolium resupinatum,5359175,SPECIES,ACCEPTED,Plantae,5359175: Trifolium resupinatum L. | 5359177: Trifolium resupinatum var. majus Boiss.,220,152545066
6136,Trifolium retusum,5356429,NA,NA,NA,NA,220,152545060
6137,Trifolium rubens,5359249,SPECIES,ACCEPTED,Plantae,5359249: Trifolium rubens L.,220,152545064
6138,Trifolium spumosum,2157928,NA,NA,NA,NA,367,152545070
6139,Trifolium squamosum,5359194,SPECIES,ACCEPTED,Plantae,5359194: Trifolium squamosum L.,220,152545065
6140,Trifolium squarrosum,5359109,SPECIES,ACCEPTED,Plantae,NA,220,152545061
6141,Trifolium stellatum,5359037,SPECIES,ACCEPTED,Plantae,NA,220,152545056
6142,Trifolium strictum,5359475,SPECIES,ACCEPTED,Plantae,5359475: Trifolium strictum L.,220,152545076
6143,Trifolium suffocatum,5359099,SPECIES,ACCEPTED,Plantae,5359099: Trifolium suffocatum L.,220,152545062
6144,Trifolium sylvaticum,5359068,SPECIES,ACCEPTED,Plantae,NA,220,213213812
6145,Trifolium sylvaticum,5359068,SPECIES,ACCEPTED,Plantae,NA,220,152545051
6146,Trifolium sylvaticum,7600608,SPECIES,DOUBTFUL,Plantae,NA,220,213213812
6147,Trifolium sylvaticum,7600608,SPECIES,DOUBTFUL,Plantae,NA,220,152545051
6148,Trifolium tomentosum,5359510,SPECIES,ACCEPTED,Plantae,5359510: Trifolium tomentosum L.,220,152545080
6149,Trifolium vesiculosum,5359334,SPECIES,ACCEPTED,Plantae,5359334: Trifolium vesiculosum Savi,220,152545069
6150,Trigonella arabica,6101215,NA,NA,NA,NA,212,152545123
6151,Trigonella caelesyriaca,5360429,SPECIES,ACCEPTED,Plantae,5360429: Trigonella caelesyriaca Boiss.,220,152545121
6152,Trigonella caerulea,5360498,SPECIES,ACCEPTED,Plantae,5360498: Trigonella caerulea (L.) Ser.,220,152545125
6153,Trigonella calliceras,4072124,NA,NA,NA,NA,196,152545127
6154,Trigonella esculenta,2308541,NA,NA,NA,NA,255,152545120
6155,Trigonella foenum-graecum,5360475,SPECIES,ACCEPTED,Plantae,5360475: Trigonella foenum-graecum L.,220,152545122
6156,Trigonella foenum-graecum,5360475,SPECIES,ACCEPTED,Plantae,5360475: Trigonella foenum-graecum L.,220,213213853
6157,Trigonella hierosolymitana,7293222,NA,NA,NA,NA,220,152545119
6158,Trigonella maritima,5360508,SPECIES,ACCEPTED,Plantae,5360508: Trigonella maritima Delile ex Poir.,220,152545124
6159,Trigonella procumbens,5360402,SPECIES,ACCEPTED,Plantae,5360402: Trigonella procumbens (Besser) Rchb.,220,152545129
6160,Trigonella spinosa,1031524,NA,NA,NA,NA,216,152545126
6161,Trigonella stellata,5360417,SPECIES,ACCEPTED,Plantae,NA,220,152545128
6162,Trimeresurus albolabris,5598788,NA,NA,NA,NA,220,213212556
6163,Trioceros hoehnelii,5599249,NA,NA,NA,NA,220,182133732
6164,Triodanis perfoliata,3167003,SPECIES,ACCEPTED,Plantae,3167003: Triodanis perfoliata (L.) Nieuwl.,220,152543602
6165,Tripleurospermum decipiens,3104150,SPECIES,ACCEPTED,Plantae,3104150: Tripleurospermum decipiens (Fisch. & C.A.Mey.) Bornm.,220,152544320
6166,Triraphis mollis,7361239,SPECIES,ACCEPTED,Plantae,NA,196,152546792
6167,Trisetaria panicea,4114502,SPECIES,ACCEPTED,Plantae,NA,196,213212737
6168,Trisetaria panicea,4114502,SPECIES,ACCEPTED,Plantae,NA,196,213212736
6169,Triteleia laxa,5304187,SPECIES,ACCEPTED,Plantae,5304187: Triteleia laxa Benth.,196,182133221
6170,Triticum aestivum,7795888,SPECIES,ACCEPTED,Plantae,7795888: Triticum aestivum L. | 4932510: Triticum aestivum subsp. aestivum | 2706402: Triticum spelta L. | 2706403: Triticum aestivum subsp. spelta (L.) Thell.,196,152547122
6171,Triticum aestivum,2706403,SUBSPECIES,ACCEPTED,Plantae,2706402: Triticum spelta L. | 2706403: Triticum aestivum subsp. spelta (L.) Thell.,196,152547122
6172,Triticum aestivum,5605751,SPECIES,ACCEPTED,Plantae,NA,220,152547122
6173,Triticum aestivum,7323251,SPECIES,ACCEPTED,Plantae,NA,220,152547122
6174,Triticum aestivum,7323834,SPECIES,ACCEPTED,Plantae,NA,220,152547122
6175,Triticum aestivum,6362724,SPECIES,ACCEPTED,Plantae,NA,220,152547122
6176,Triticum aestivum,8257857,SPECIES,ACCEPTED,Plantae,NA,220,152547122
6177,Triticum aestivum,3602069,SPECIES,ACCEPTED,Plantae,NA,220,152547122
6178,Triticum aestivum,7224157,SPECIES,ACCEPTED,Plantae,NA,220,152547122
6179,Triticum aestivum,6420901,SPECIES,ACCEPTED,Plantae,NA,220,152547122
6180,Triticum aestivum,7652364,SPECIES,ACCEPTED,Plantae,NA,367,152547122
6181,Triticum aestivum,6411098,SPECIES,ACCEPTED,Plantae,NA,220,152547122
6182,Triticum aestivum,7308043,SPECIES,ACCEPTED,Plantae,NA,220,152547122
6183,Triticum aestivum,8134874,SPECIES,ACCEPTED,Plantae,NA,196,152547122
6184,Triticum aestivum,6157050,SPECIES,ACCEPTED,Plantae,NA,11418114,152547122
6185,Triticum aestivum,7331861,SPECIES,ACCEPTED,Plantae,NA,220,152547122
6186,Triticum aestivum,7421129,SPECIES,ACCEPTED,Plantae,NA,196,152547122
6187,Triticum aestivum,3746867,SPECIES,ACCEPTED,Plantae,NA,7228684,152547122
6188,Triticum aestivum,3755928,SPECIES,ACCEPTED,Plantae,NA,220,152547122
6189,Triticum aestivum,4104890,SPECIES,ACCEPTED,Plantae,NA,196,152547122
6190,Triticum aestivum,6710856,SPECIES,ACCEPTED,Plantae,NA,196,152547122
6191,Triticum aestivum,6085036,SPECIES,ACCEPTED,Plantae,NA,196,152547122
6192,Triticum aestivum,11794300,SPECIES,ACCEPTED,Plantae,NA,220,152547122
6193,Triticum aestivum,5587240,NA,NA,NA,NA,220,152547122
6194,Triticum aestivum,3047633,NA,NA,NA,NA,220,152547122
6195,Triticum aestivum compactum,NA,NA,NA,NA,NA,NA,213212963
6196,Triticum aestivum spelta,NA,NA,NA,NA,NA,NA,152547124
6197,Triticum monococcum,7883427,SPECIES,ACCEPTED,Plantae,7883427: Triticum monococcum L.,196,152547123
6198,Triticum turgidum,2706406,SPECIES,ACCEPTED,Plantae,2706406: Triticum turgidum L. | 8168170: Triticum dicoccum Schrank ex Schübl. | 2706389: Triticum durum Desf.,196,152547125
6199,Triticum turgidum,8864505,SPECIES,ACCEPTED,Plantae,NA,137,152547125
6200,Triticum turgidum,2145078,SPECIES,ACCEPTED,Plantae,NA,367,152547125
6201,Triticum turgidum,3140910,SPECIES,ACCEPTED,Plantae,NA,220,152547125
6202,Triticum turgidum,4090836,SPECIES,ACCEPTED,Plantae,NA,220,152547125
6203,Triticum turgidum,4104890,SPECIES,ACCEPTED,Plantae,NA,196,152547125
6204,Triticum turgidum,6710856,SPECIES,ACCEPTED,Plantae,NA,196,152547125
6205,Triticum turgidum,6157026,SPECIES,ACCEPTED,Plantae,NA,11418114,152547125
6206,Triticum turgidum,7062200,SPECIES,ACCEPTED,Plantae,NA,11418114,152547125
6207,Triticum turgidum,6157035,SPECIES,ACCEPTED,Plantae,NA,11418114,152547125
6208,Triticum turgidum,7358677,SPECIES,ACCEPTED,Plantae,NA,220,152547125
6209,Triticum turgidum,5365494,SPECIES,ACCEPTED,Plantae,NA,220,152547125
6210,Triticum turgidum,8358048,SPECIES,ACCEPTED,Plantae,NA,220,152547125
6211,Triticum turgidum,2447418,SPECIES,ACCEPTED,Plantae,NA,11592253,152547125
6212,Triticum turgidum,2176168,SPECIES,ACCEPTED,Plantae,NA,367,152547125
6213,Triticum turgidum,7455425,SPECIES,ACCEPTED,Plantae,NA,220,152547125
6214,Triticum turgidum,7225621,SPECIES,ACCEPTED,Plantae,NA,220,152547125
6215,Triticum turgidum,3047147,SPECIES,ACCEPTED,Plantae,NA,220,152547125
6216,Triticum turgidum,2161911,SPECIES,ACCEPTED,Plantae,NA,367,152547125
6217,Triticum turgidum,7753114,SPECIES,ACCEPTED,Plantae,NA,220,152547125
6218,Triticum turgidum,5545159,SPECIES,ACCEPTED,Plantae,NA,220,152547125
6219,Triticum turgidum,9405645,SPECIES,ACCEPTED,Plantae,NA,220,152547125
6220,Triticum turgidum,4219118,SPECIES,ACCEPTED,Plantae,NA,220,152547125
6221,Triticum turgidum,4248063,SPECIES,ACCEPTED,Plantae,NA,220,152547125
6222,Triticum turgidum,4048052,SPECIES,ACCEPTED,Plantae,NA,220,152547125
6223,Triticum turgidum,3065244,SPECIES,ACCEPTED,Plantae,NA,220,152547125
6224,Triticum turgidum,4123394,SPECIES,ACCEPTED,Plantae,NA,196,152547125
6225,Triticum turgidum,6432925,SPECIES,ACCEPTED,Plantae,NA,220,152547125
6226,Triticum turgidum,7323906,SPECIES,ACCEPTED,Plantae,NA,220,152547125
6227,Triticum turgidum,3663237,SPECIES,ACCEPTED,Plantae,NA,220,152547125
6228,Triticum turgidum,8421432,SPECIES,ACCEPTED,Plantae,NA,220,152547125
6229,Triticum turgidum,7225712,SPECIES,ACCEPTED,Plantae,NA,220,152547125
6230,Triticum turgidum,2769073,SPECIES,ACCEPTED,Plantae,NA,196,152547125
6231,Triticum turgidum,6164210,SPECIES,ACCEPTED,Plantae,NA,359,152547125
6232,Triticum turgidum,5548724,NA,NA,NA,NA,220,152547125
6233,Triticum turgidum,4273336,NA,NA,NA,NA,220,152547125
6234,Triticum turgidum,7295374,NA,NA,NA,NA,220,152547125
6235,Triticum turgidum dicoccum,NA,NA,NA,NA,NA,NA,213212957
6236,Triticum turgidum durum,NA,NA,NA,NA,NA,NA,213212960
6237,Triticum turgidum polonicum,NA,NA,NA,NA,NA,NA,213212959
6238,Triturus marmoratus,2431886,SPECIES,ACCEPTED,Animalia,"2431886: Triturus marmoratus (Latreille, 1800)",131,152543372
6239,Trochoidea elegans,3935202,SPECIES,ACCEPTED,Animalia,NA,220,152543656
6240,Trogium pulsatorium,3141571,NA,NA,NA,NA,220,152544616
6241,Trollius europaeus,3033289,SPECIES,ACCEPTED,Plantae,3033289: Trollius europaeus L.,220,152546338
6242,Tropaeolum majus,2889934,SPECIES,ACCEPTED,Plantae,2889934: Tropaeolum majus L.,220,152545477
6243,Tropidosteptes pacificus,4487370,SPECIES,ACCEPTED,Animalia,"4487370: Tropidosteptes pacificus (Van Duzee, 1921)",216,152544277
6244,Tsuga canadensis,2687182,SPECIES,ACCEPTED,Plantae,2687182: Tsuga canadensis (L.) Carrière,194,152546524
6245,Tsuga heterophylla,2687210,SPECIES,ACCEPTED,Plantae,2687210: Tsuga heterophylla (Raf.) Sarg.,194,152546525
6246,Tuberaria guttata,2874024,SPECIES,ACCEPTED,Plantae,2874024: Tuberaria guttata (L.) Fourr.,220,152546263
6247,Tulipa gesneriana,5299675,SPECIES,ACCEPTED,Plantae,5299675: Tulipa gesneriana L.,196,152546609
6248,Tulipa sylvestris,5299536,SPECIES,ACCEPTED,Plantae,5299536: Tulipa sylvestris L.,196,152546610
6249,Tulipa urumiensis,5299590,SPECIES,ACCEPTED,Plantae,NA,196,213212408
6250,Tupiocoris rhododendri,4487799,SPECIES,ACCEPTED,Animalia,"4487799: Tupiocoris rhododendri (Dolling, 1972)",216,182134244
6251,Tuponia brevirostris,2497341,NA,NA,NA,NA,212,213214109
6252,Tuponia mixticolor,5152721,SPECIES,ACCEPTED,Animalia,NA,216,213214111
6253,Turdus dissimilis,4556286,NA,NA,NA,NA,11133537,159747285
6254,Tuta absoluta,4528099,SPECIES,ACCEPTED,Animalia,"4528099: Tuta absoluta (Meyrick, 1917)",216,182134272
6255,Typha laxmannii,5289503,SPECIES,ACCEPTED,Plantae,5289503: Typha laxmannii Lepech.,196,152546736
6256,Typha minima,5289492,SPECIES,ACCEPTED,Plantae,5289492: Typha minima Funck,196,152546738
6257,Typha provincialis,2394563,NA,NA,NA,NA,NA,152546737
6258,Ulex gallii,2951998,SPECIES,ACCEPTED,Plantae,2951998: Ulex gallii Planch.,220,152545190
6259,Ulex minor,2951968,SPECIES,ACCEPTED,Plantae,2951968: Ulex minor Roth,220,152545191
6260,Uloborus plumipes,2142456,SPECIES,ACCEPTED,Animalia,"2142456: Uloborus plumipes Lucas, 1846",367,152544250
6261,Umbilicus rupestris,7334368,SPECIES,ACCEPTED,Plantae,7334368: Umbilicus rupestris (Salisb.) Dandy,220,152544705
6262,Umbra pygmaea,5203111,SPECIES,ACCEPTED,Animalia,"5203111: Umbra pygmaea (DeKay, 1842)",NA,152543406
6263,Unaspis euonymi,2088481,SPECIES,ACCEPTED,Animalia,NA,216,213214088
6264,Undaria pinnatifida,5422556,SPECIES,ACCEPTED,Chromista,NA,7073593,213212204
6265,Urochloa mutica,2705848,SPECIES,ACCEPTED,Plantae,NA,196,213212987
6266,Urochloa panicoides,2705869,SPECIES,ACCEPTED,Plantae,2705869: Urochloa panicoides P.Beauv.,196,152547030
6267,Urochloa plantaginea,2705828,SPECIES,ACCEPTED,Plantae,NA,196,213212983
6268,Urochloa platyphylla,2705854,SPECIES,ACCEPTED,Plantae,NA,196,213212985
6269,Urochloa ramosa,2158821,NA,NA,NA,NA,367,213212988
6270,Urocissa erythroryncha,6100962,SPECIES,ACCEPTED,Animalia,"6100962: Urocissa erythroryncha (Boddaert, 1783)",212,159747329
6271,Uroctea durandi,8264893,NA,NA,NA,NA,367,152544070
6272,Urocystis trollii,7225621,NA,NA,NA,NA,220,152543121
6273,Uromyces croci,3047147,NA,NA,NA,NA,220,213212261
6274,Uromyces dianthi,2157984,NA,NA,NA,NA,367,213212264
6275,Uromyces hedysari-obscuri,6931186,NA,NA,NA,NA,216,213212268
6276,Uromyces proeminens,2928766,NA,NA,NA,NA,220,213212265
6277,Uromyces veratri,3798835,NA,NA,NA,NA,220,152543162
6278,Urtica incisa,2497828,NA,NA,NA,NA,212,152544768
6279,Urtica membranacea,7437751,SPECIES,DOUBTFUL,Plantae,7437751: Urtica membranacea Poir. ex Savigny,220,213215647
6280,Urtica membranacea,7437751,SPECIES,DOUBTFUL,Plantae,7437751: Urtica membranacea Poir. ex Savigny,220,152544767
6281,Urtica pilulifera,5670646,SPECIES,ACCEPTED,Plantae,5670646: Urtica pilulifera L.,220,152544769
6282,Ustilago maydis,2557469,SPECIES,ACCEPTED,Fungi,2557469: Ustilago maydis (DC.) Corda,148,NA
6283,Vaccinium corymbosum,2882849,SPECIES,ACCEPTED,Plantae,2882849: Vaccinium corymbosum L.,220,152545861
6284,Vaccinium macrocarpon,2882841,SPECIES,ACCEPTED,Plantae,NA,220,213215589
6285,Vaccinium macrocarpum,7777960,SPECIES,ACCEPTED,Plantae,7777960: Vaccinium macrocarpum Aiton,220,NA
6286,Valeriana phu,8201823,SPECIES,ACCEPTED,Plantae,NA,220,152546296
6287,Valeriana pyrenaica,3666059,NA,NA,NA,NA,220,152546297
6288,Valerianella coronata,7298858,SPECIES,ACCEPTED,Plantae,7298858: Valerianella coronata (L.) DC.,220,152546304
6289,Valerianella eriocarpa,2888773,SPECIES,ACCEPTED,Plantae,2888773: Valerianella eriocarpa Desv.,220,152546306
6290,Valerianella locusta,7988337,VARIETY,ACCEPTED,Plantae,7988337: Valerianella locusta var. oleracea (Schltdl.) Breistr.,220,NA
6291,Valerianella locusta,4206362,NA,NA,NA,NA,220,NA
6292,Valerianella locusta,4123394,NA,NA,NA,NA,196,NA
6293,Valerianella locusta,7223276,NA,NA,NA,NA,220,NA
6294,Valerianella locusta,7066596,NA,NA,NA,NA,220,NA
6295,Valerianella locusta,8983123,NA,NA,NA,NA,220,NA
6296,Valerianella locusta,3802956,NA,NA,NA,NA,220,NA
6297,Valerianella locusta,4036350,NA,NA,NA,NA,220,NA
6298,Valerianella locusta,7272439,NA,NA,NA,NA,220,NA
6299,Valerianella locusta,2176168,NA,NA,NA,NA,367,NA
6300,Valerianella locusta,10755213,NA,NA,NA,NA,196,NA
6301,Valerianella locusta,4211590,NA,NA,NA,NA,220,NA
6302,Valerianella locusta,4123394,NA,NA,NA,NA,196,NA
6303,Valerianella locusta locusta,NA,NA,NA,NA,NA,NA,213215403
6304,Valerianella vesicaria,3094899,NA,NA,NA,NA,220,152546305
6305,Vallisneria americana,2865501,SPECIES,ACCEPTED,Plantae,NA,196,152546570
6306,Vallisneria australis,2865524,SPECIES,ACCEPTED,Plantae,NA,196,213212649
6307,Vallisneria spiralis,2865526,SPECIES,ACCEPTED,Plantae,2865526: Vallisneria spiralis L.,196,152546569
6308,Vanellus armatus,5229136,SPECIES,ACCEPTED,Animalia,"5229136: Vanellus armatus (Burchell, 1822)",212,159747140
6309,Vanellus miles,5229134,SPECIES,ACCEPTED,Animalia,"5229134: Vanellus miles (Boddaert, 1783)",212,159747143
6310,Vanellus spinosus,5229142,SPECIES,ACCEPTED,Animalia,"5229142: Vanellus spinosus (Linnaeus, 1758)",212,159747142
6311,Varanus niloticus,1194989,NA,NA,NA,NA,216,182133818
6312,Varroa destructor,2188249,SPECIES,ACCEPTED,Animalia,NA,367,213214834
6313,Varroa jacobsoni,1194885,NA,NA,NA,NA,216,213214832
6314,Veratrum album,7420522,NA,NA,NA,NA,220,152546606
6315,Verbascum angulosum,9629891,SPECIES,ACCEPTED,Plantae,NA,220,213215503
6316,Verbascum banaticum,3741432,SPECIES,ACCEPTED,Plantae,NA,220,152545622
6317,Verbascum brockmuelleri,3740974,SPECIES,ACCEPTED,Plantae,NA,220,152545621
6318,Verbascum chaixii,8949622,SPECIES,ACCEPTED,Plantae,8949622: Verbascum chaixii Vill.,220,152545619
6319,Verbascum divaricatum,2705092,NA,NA,NA,NA,196,152545620
6320,Verbascum phlomoides,3171948,SPECIES,ACCEPTED,Plantae,3171948: Verbascum phlomoides L.,220,152545623
6321,Verbascum phoeniceum,3171951,SPECIES,ACCEPTED,Plantae,3171951: Verbascum phoeniceum L.,220,152545626
6322,Verbascum sinuatum,3171946,SPECIES,ACCEPTED,Plantae,NA,220,152545624
6323,Verbascum speciosum,3171952,SPECIES,ACCEPTED,Plantae,3171952: Verbascum speciosum Schrad.,220,152545625
6324,Verbascum virgatum,3171954,SPECIES,ACCEPTED,Plantae,3171954: Verbascum virgatum Stokes,220,152545627
6325,Verbascum ×brockmuelleri,3740974,SPECIES,ACCEPTED,Plantae,3740974: Verbascum ×brockmuelleri Ruhmer,220,NA
6326,Verbena aristigera,4083707,SPECIES,ACCEPTED,Plantae,NA,220,213215527
6327,Verbena bonariensis,2925514,SPECIES,ACCEPTED,Plantae,2925514: Verbena bonariensis L.,220,152545794
6328,Verbena bracteata,2925532,SPECIES,ACCEPTED,Plantae,2925532: Verbena bracteata Cav. ex Lag. & Rodr.,220,152545792
6329,Verbena brasiliensis,2925518,SPECIES,ACCEPTED,Plantae,NA,220,152545799
6330,Verbena halei,9803191,NA,NA,NA,NA,11418114,152545798
6331,Verbena hastata,2925527,SPECIES,ACCEPTED,Plantae,2925527: Verbena hastata L.,220,152545796
6332,Verbena hybrida,2925616,SPECIES,ACCEPTED,Plantae,NA,220,213215528
6333,Verbena incompta,4086523,SPECIES,ACCEPTED,Plantae,4086523: Verbena incompta P.W.Michael,220,164252115
6334,Verbena rigida,2925496,SPECIES,ACCEPTED,Plantae,2925496: Verbena rigida Spreng.,220,152545793
6335,Verbena supina,5414545,NA,NA,NA,NA,220,152545795
6336,Verbena urticifolia,2925530,SPECIES,ACCEPTED,Plantae,2925530: Verbena urticifolia L.,220,152545797
6337,Verbesina alternifolia,3147815,SPECIES,ACCEPTED,Plantae,8691721: Verbesina alternifolia (L.) Britton | 3147815: Verbesina alternifolia (L.) Britton ex Kearney,220,159748883
6338,Verbesina encelioides,3147913,SPECIES,ACCEPTED,Plantae,3147913: Verbesina encelioides (Cav.) Benth. & Hook.fil. ex A.Gray,220,152543874
6339,Vernonia fasciculata,5397564,SPECIES,ACCEPTED,Plantae,5397564: Vernonia fasciculata Michx.,220,152543821
6340,Veronica austriaca,3172099,SPECIES,ACCEPTED,Plantae,3172099: Veronica austriaca L.,220,159748992
6341,Veronica campylopoda,3172066,SPECIES,ACCEPTED,Plantae,NA,220,152545685
6342,Veronica ceratocarpa,5289751,NA,NA,NA,NA,196,152545678
6343,Veronica cymbalaria,3172068,SPECIES,ACCEPTED,Plantae,3172068: Veronica cymbalaria Bodard,220,152545684
6344,Veronica filiformis,3172100,SPECIES,ACCEPTED,Plantae,3172100: Veronica filiformis Sm.,220,152545682
6345,Veronica glauca,1321805,NA,NA,NA,NA,216,152545677
6346,Veronica longifolia,3172118,SPECIES,ACCEPTED,Plantae,3172118: Veronica longifolia L.,220,152545680
6347,Veronica peregrina,3172104,SPECIES,ACCEPTED,Plantae,3172104: Veronica peregrina L.,220,152545679
6348,Veronica persica,3172077,SPECIES,ACCEPTED,Plantae,3172077: Veronica persica Poir.,220,152545681
6349,Veronica pinguifolia,3727713,SPECIES,ACCEPTED,Plantae,NA,220,213215536
6350,Veronica repens,7331874,SPECIES,ACCEPTED,Plantae,7331874: Veronica repens Clarion ex DC.,220,182134582
6351,Veronica spicata,3172059,SPECIES,ACCEPTED,Plantae,3172059: Veronica spicata L.,220,152545683
6352,Veronica teucrium,2152822,VARIETY,SYNONYM,Plantae,NA,367,NA
6353,Veronica teucrium,8983123,VARIETY,SYNONYM,Plantae,NA,220,NA
6354,Veronica teucrium,9508942,VARIETY,SYNONYM,Plantae,NA,220,NA
6355,Veronica teucrium,4270548,VARIETY,SYNONYM,Plantae,NA,196,NA
6356,Veronica teucrium,7757431,VARIETY,SYNONYM,Plantae,NA,220,NA
6357,Veronica teucrium,2161467,VARIETY,SYNONYM,Plantae,NA,367,NA
6358,Veronica teucrium,2453882,VARIETY,SYNONYM,Plantae,NA,11592253,NA
6359,Veronica teucrium,7298085,VARIETY,SYNONYM,Plantae,NA,220,NA
6360,Veronica teucrium,4925890,VARIETY,SYNONYM,Plantae,NA,220,NA
6361,Veronica teucrium,9771172,VARIETY,SYNONYM,Plantae,NA,220,NA
6362,Veronica teucrium,6308164,VARIETY,SYNONYM,Plantae,NA,220,NA
6363,Veronica teucrium,6076957,VARIETY,SYNONYM,Plantae,NA,220,NA
6364,Veronica teucrium,11162940,NA,NA,NA,NA,220,NA
6365,Veronica teucrium teucrium,NA,NA,NA,NA,NA,NA,213215537
6366,Veronicastrum virginicum,3172206,SPECIES,ACCEPTED,Plantae,3172206: Veronicastrum virginicum (L.) Farw.,220,152545675
6367,Vespa velutina,1311477,SPECIES,ACCEPTED,Animalia,"1311477: Vespa velutina Lepeletier, 1836 | 6247411: Vespa velutina nigrithorax Buysson, 1905",216,152544481
6368,Viburnum davidi,3856436,SPECIES,ACCEPTED,Plantae,NA,220,213215379
6369,Viburnum davidii,4930155,SPECIES,ACCEPTED,Plantae,4930155: Viburnum davidii Franch.,220,NA
6370,Viburnum plicatum,2888622,SPECIES,ACCEPTED,Plantae,2888624: Viburnum plicatum var. tomentosum (Thunb.) Miq. | 2888622: Viburnum plicatum Thunb. | 8093708: Viburnum dentatum Thunb.,220,164251733
6371,Viburnum rhytidophylloides,2888588,SPECIES,ACCEPTED,Plantae,NA,220,152546272
6372,Viburnum rhytidophyllum,2888625,SPECIES,ACCEPTED,Plantae,2888625: Viburnum rhytidophyllum Hemsl. ex Forbes & Hemsl.,220,152546271
6373,Viburnum tinus,2888585,SPECIES,ACCEPTED,Plantae,2888585: Viburnum tinus L.,220,152546270
6374,Vicia assyriaca,2974876,SPECIES,ACCEPTED,Plantae,NA,220,152545178
6375,Vicia benghalensis,2975384,SPECIES,ACCEPTED,Plantae,2975384: Vicia benghalensis L.,220,152545167
6376,Vicia benghalensis,5825913,SPECIES,ACCEPTED,Plantae,NA,194,152545167
6377,Vicia benghalensis,2176168,SPECIES,ACCEPTED,Plantae,NA,367,152545167
6378,Vicia benghalensis,4132112,SPECIES,ACCEPTED,Plantae,NA,196,152545167
6379,Vicia benghalensis,4932232,SPECIES,ACCEPTED,Plantae,NA,196,152545167
6380,Vicia benghalensis,7427741,SPECIES,ACCEPTED,Plantae,NA,220,152545167
6381,Vicia benghalensis,7332416,SPECIES,ACCEPTED,Plantae,NA,220,152545167
6382,Vicia benghalensis,2769073,SPECIES,ACCEPTED,Plantae,NA,196,152545167
6383,Vicia benghalensis,7298085,SPECIES,ACCEPTED,Plantae,NA,220,152545167
6384,Vicia benghalensis,5548011,SPECIES,ACCEPTED,Plantae,NA,220,152545167
6385,Vicia benghalensis,6313049,SPECIES,ACCEPTED,Plantae,NA,196,152545167
6386,Vicia benghalensis,5587240,SPECIES,ACCEPTED,Plantae,NA,220,152545167
6387,Vicia benghalensis,3890974,NA,NA,NA,NA,220,152545167
6388,Vicia benghalensis benghalensis,NA,NA,NA,NA,NA,NA,213213764
6389,Vicia bithynica,2975309,SPECIES,ACCEPTED,Plantae,2975309: Vicia bithynica (L.) L.,220,152545170
6390,Vicia cuspidata,2975187,SPECIES,ACCEPTED,Plantae,2975187: Vicia cuspidata Boiss.,220,152545171
6391,Vicia dalmatica,3973636,SPECIES,ACCEPTED,Plantae,3971572: Vicia tenuifolia subsp. dalmatica (A.Kern.) Greuter,220,182134295
6392,Vicia dumetorum,2974946,SPECIES,ACCEPTED,Plantae,2974946: Vicia dumetorum L.,220,152545173
6393,Vicia eriocarpa,3973495,SPECIES,ACCEPTED,Plantae,NA,220,213213747
6394,Vicia ervilia,2974887,SPECIES,ACCEPTED,Plantae,2974887: Vicia ervilia (L.) Willd.,220,152545177
6395,Vicia faba,2974832,SPECIES,ACCEPTED,Plantae,2974832: Vicia faba L.,220,152545183
6396,Vicia grandiflora,2974901,SPECIES,ACCEPTED,Plantae,2974901: Vicia grandiflora Scop.,220,152545180
6397,Vicia hybrida,2975257,SPECIES,ACCEPTED,Plantae,2975257: Vicia hybrida L.,220,152545172
6398,Vicia hyrcanica,2974826,SPECIES,ACCEPTED,Plantae,NA,220,152545184
6399,Vicia lens,3973001,SPECIES,ACCEPTED,Plantae,NA,220,213213749
6400,Vicia lentoides,4110879,NA,NA,NA,NA,196,213213754
6401,Vicia lutea,2974753,SPECIES,ACCEPTED,Plantae,2974753: Vicia lutea L.,220,152545185
6402,Vicia melanops,7426824,SPECIES,ACCEPTED,Plantae,7426824: Vicia melanops Sm.,220,182134291
6403,Vicia monantha,2975416,SPECIES,ACCEPTED,Plantae,2975416: Vicia monantha Retz.,220,152545166
6404,Vicia narbonensis,2975132,SPECIES,ACCEPTED,Plantae,NA,220,213213771
6405,Vicia narbonensis,7225456,VARIETY,SYNONYM,Plantae,NA,220,213213771
6406,Vicia narbonensis,7510471,SPECIES,ACCEPTED,Plantae,NA,220,213213771
6407,Vicia narbonensis,3890974,SPECIES,ACCEPTED,Plantae,NA,220,213213771
6408,Vicia narbonensis,7332517,SPECIES,ACCEPTED,Plantae,NA,220,213213771
6409,Vicia narbonensis,3596131,SPECIES,ACCEPTED,Plantae,NA,220,213213771
6410,Vicia narbonensis,11844792,SPECIES,ACCEPTED,Plantae,NA,220,213213771
6411,Vicia narbonensis,7267631,SPECIES,ACCEPTED,Plantae,NA,220,213213771
6412,Vicia narbonensis,5831060,SPECIES,ACCEPTED,Plantae,NA,220,213213771
6413,Vicia narbonensis,2161467,SPECIES,ACCEPTED,Plantae,NA,367,213213771
6414,Vicia narbonensis,2769073,SPECIES,ACCEPTED,Plantae,NA,196,213213771
6415,Vicia narbonensis,5352372,SPECIES,ACCEPTED,Plantae,NA,220,213213771
6416,Vicia narbonensis,4925890,SPECIES,ACCEPTED,Plantae,NA,220,213213771
6417,Vicia narbonensis,6157035,NA,NA,NA,NA,11418114,213213771
6418,Vicia narbonensis narbonensis,NA,NA,NA,NA,NA,NA,213213758
6419,Vicia noeana,2975097,SPECIES,ACCEPTED,Plantae,NA,220,152545176
6420,Vicia pannonica,2974811,SPECIES,ACCEPTED,Plantae,NA,220,213213757
6421,Vicia pannonica,9603492,VARIETY,SYNONYM,Plantae,NA,220,213213757
6422,Vicia pannonica,8345607,SPECIES,ACCEPTED,Plantae,NA,220,213213757
6423,Vicia pannonica,7272185,SPECIES,ACCEPTED,Plantae,NA,220,213213757
6424,Vicia pannonica,7224069,SPECIES,ACCEPTED,Plantae,NA,220,213213757
6425,Vicia pannonica,7324507,SPECIES,ACCEPTED,Plantae,NA,220,213213757
6426,Vicia pannonica,4248063,SPECIES,ACCEPTED,Plantae,NA,220,213213757
6427,Vicia pannonica,6432925,SPECIES,ACCEPTED,Plantae,NA,220,213213757
6428,Vicia pannonica,8257546,SPECIES,ACCEPTED,Plantae,NA,196,213213757
6429,Vicia pannonica,8421432,SPECIES,ACCEPTED,Plantae,NA,220,213213757
6430,Vicia pannonica,3757050,SPECIES,ACCEPTED,Plantae,NA,220,213213757
6431,Vicia pannonica,3042889,SPECIES,ACCEPTED,Plantae,NA,220,213213757
6432,Vicia pannonica,5352425,SPECIES,ACCEPTED,Plantae,NA,220,213213757
6433,Vicia pannonica,6085036,NA,NA,NA,NA,196,213213757
6434,Vicia pannonica pannonica,NA,NA,NA,NA,NA,NA,213213776
6435,Vicia peregrina,2975262,SPECIES,ACCEPTED,Plantae,2975262: Vicia peregrina L.,220,152545169
6436,Vicia sativa,7068379,SUBSPECIES,ACCEPTED,Plantae,7068379: Vicia sativa subsp. sativa,220,NA
6437,Vicia sativa,5739284,SUBSPECIES,ACCEPTED,Plantae,NA,212,NA
6438,Vicia sativa,7415922,SUBSPECIES,ACCEPTED,Plantae,NA,220,NA
6439,Vicia sativa,5581279,SUBSPECIES,ACCEPTED,Plantae,NA,220,NA
6440,Vicia sativa,7308043,SUBSPECIES,ACCEPTED,Plantae,NA,220,NA
6441,Vicia sativa,8006893,SUBSPECIES,ACCEPTED,Plantae,NA,220,NA
6442,Vicia sativa,7190901,SUBSPECIES,ACCEPTED,Plantae,NA,11418114,NA
6443,Vicia sativa,8925248,SUBSPECIES,ACCEPTED,Plantae,NA,220,NA
6444,Vicia sativa,4932232,SUBSPECIES,ACCEPTED,Plantae,NA,196,NA
6445,Vicia sativa,7427741,SUBSPECIES,ACCEPTED,Plantae,NA,220,NA
6446,Vicia sativa,2473221,SUBSPECIES,ACCEPTED,Plantae,NA,11592253,NA
6447,Vicia sativa,7323834,NA,NA,NA,NA,220,NA
6448,Vicia sativa sativa,NA,NA,NA,NA,NA,NA,152545163
6449,Vicia serratifolia,2975135,SPECIES,ACCEPTED,Plantae,NA,220,213213779
6450,Vicia sicula,2975393,SPECIES,ACCEPTED,Plantae,NA,220,152545168
6451,Vicia sylvatica,2974793,SPECIES,ACCEPTED,Plantae,2974793: Vicia sylvatica L.,220,152545182
6452,Vicia villosa,2974921,SUBSPECIES,ACCEPTED,Plantae,2974921: Vicia villosa subsp. varia (Host) Corb. | 2974922: Vicia dasycarpa Ten.,220,NA
6453,Vicia villosa,7225471,SUBSPECIES,ACCEPTED,Plantae,7225471: Vicia villosa subsp. villosa,220,NA
6454,Vicia villosa,8358048,SUBSPECIES,ACCEPTED,Plantae,NA,220,NA
6455,Vicia villosa,7272439,SUBSPECIES,ACCEPTED,Plantae,NA,220,NA
6456,Vicia villosa,7226776,SUBSPECIES,ACCEPTED,Plantae,NA,196,NA
6457,Vicia villosa,7267492,SUBSPECIES,ACCEPTED,Plantae,NA,220,NA
6458,Vicia villosa,8045533,SUBSPECIES,ACCEPTED,Plantae,NA,220,NA
6459,Vicia villosa,3935202,SUBSPECIES,ACCEPTED,Plantae,NA,220,NA
6460,Vicia villosa,2284443,SUBSPECIES,ACCEPTED,Plantae,NA,11133537,NA
6461,Vicia villosa,5545159,SUBSPECIES,ACCEPTED,Plantae,NA,220,NA
6462,Vicia villosa,9405645,SUBSPECIES,ACCEPTED,Plantae,NA,220,NA
6463,Vicia villosa,7308043,SUBSPECIES,ACCEPTED,Plantae,NA,220,NA
6464,Vicia villosa,9391215,SUBSPECIES,ACCEPTED,Plantae,NA,11592253,NA
6465,Vicia villosa,6302047,SUBSPECIES,ACCEPTED,Plantae,NA,220,NA
6466,Vicia villosa,8006893,SUBSPECIES,ACCEPTED,Plantae,NA,220,NA
6467,Vicia villosa,8134874,SUBSPECIES,ACCEPTED,Plantae,NA,196,NA
6468,Vicia villosa,6157050,SUBSPECIES,ACCEPTED,Plantae,NA,11418114,NA
6469,Vicia villosa,8925248,SUBSPECIES,ACCEPTED,Plantae,NA,220,NA
6470,Vicia villosa,2914404,SUBSPECIES,ACCEPTED,Plantae,NA,220,NA
6471,Vicia villosa,7327959,SUBSPECIES,ACCEPTED,Plantae,NA,220,NA
6472,Vicia villosa,4932232,SUBSPECIES,ACCEPTED,Plantae,NA,196,NA
6473,Vicia villosa,7757431,SUBSPECIES,ACCEPTED,Plantae,NA,220,NA
6474,Vicia villosa,7427650,SUBSPECIES,ACCEPTED,Plantae,NA,220,NA
6475,Vicia villosa,8991514,NA,NA,NA,NA,212,NA
6476,Vicia villosa,4274443,NA,NA,NA,NA,220,NA
6477,Vicia villosa varia,NA,NA,NA,NA,NA,NA,152545179
6478,Vicia villosa villosa,NA,NA,NA,NA,NA,NA,152545165
6479,Victorella pavida,8045533,NA,NA,NA,NA,220,159748450
6480,Vidua macroura,7925720,NA,NA,NA,NA,220,159747223
6481,Vigna radiata,2982380,SPECIES,ACCEPTED,Plantae,2982380: Vigna radiata (L.) R.Wilczek,220,152545142
6482,Vimba vimba,9518324,NA,NA,NA,NA,359,152543540
6483,Vinca major,3169708,SPECIES,ACCEPTED,Plantae,3169708: Vinca major L.,220,152545250
6484,Vincetoxicum nigrum,5414551,SPECIES,ACCEPTED,Plantae,5414551: Vincetoxicum nigrum (L.) Moench,220,152545245
6485,Vincetoxicum rossicum,3023671,NA,NA,NA,NA,220,152545244
6486,Viola cornuta,7628663,SPECIES,ACCEPTED,Plantae,7628663: Viola cornuta L.,220,152546416
6487,Viola gracilis,9601519,NA,NA,NA,NA,11418114,213214794
6488,Viola hederacea,7296375,SPECIES,ACCEPTED,Plantae,7296375: Viola hederacea Labill.,220,182134726
6489,Viola sororia,5331238,SPECIES,ACCEPTED,Plantae,5331238: Viola sororia Willd.,220,164251865
6490,Viola wittrockiana,7901652,SPECIES,DOUBTFUL,Plantae,NA,220,152546417
6491,Viola ×wittrockiana,7901652,SPECIES,DOUBTFUL,Plantae,7901652: Viola ×wittrockiana Gams ex Kappert,220,NA
6492,Vipera aspis,2444339,SPECIES,ACCEPTED,Animalia,"2444339: Vipera aspis (Linnaeus, 1758) | 9781774: Vipera aspis aspis",11592253,182133841
6493,Viridicerus ustulatus,4483961,SPECIES,ACCEPTED,Animalia,NA,216,213214053
6494,Visnaga daucoides,5371753,SPECIES,ACCEPTED,Plantae,3034183: Ammi visnaga (L.) Lam. | 5371753: Visnaga daucoides Gaertn.,220,159748136
6495,Vitis vinifera,5372392,SPECIES,ACCEPTED,Plantae,5372392: Vitis vinifera L. | 7293735: Vitis vinifera var. vinifera,220,152544439
6496,Vittadinia dentata,2514345,NA,NA,NA,NA,270,213215122
6497,Volvariella volvacea,5241445,SPECIES,ACCEPTED,Fungi,NA,186,182132859
6498,Vulpia ciliata,6085036,SUBSPECIES,ACCEPTED,Plantae,6085036: Vulpia ciliata subsp. ciliata,196,NA
6499,Vulpia ciliata,3376286,NA,NA,NA,NA,270,NA
6500,Vulpia ciliata,7225456,NA,NA,NA,NA,220,NA
6501,Vulpia ciliata,3898065,NA,NA,NA,NA,220,NA
6502,Vulpia ciliata,11162940,NA,NA,NA,NA,220,NA
6503,Vulpia ciliata,6300531,NA,NA,NA,NA,220,NA
6504,Vulpia ciliata,9508942,NA,NA,NA,NA,220,NA
6505,Vulpia ciliata,2161911,NA,NA,NA,NA,367,NA
6506,Vulpia ciliata,3935202,NA,NA,NA,NA,220,NA
6507,Vulpia ciliata,7753114,NA,NA,NA,NA,220,NA
6508,Vulpia ciliata,7324507,NA,NA,NA,NA,220,NA
6509,Vulpia ciliata,5659657,NA,NA,NA,NA,220,NA
6510,Vulpia ciliata,10966302,NA,NA,NA,NA,196,NA
6511,Vulpia ciliata ciliata,NA,NA,NA,NA,NA,NA,182133392
6512,Vulpia geniculata,5679032,SPECIES,ACCEPTED,Plantae,5679032: Vulpia geniculata (L.) Link,196,NA
6513,Vulpia ligustica,5679007,SPECIES,ACCEPTED,Plantae,4121365: Festuca ligustica (All.) Bertol.,196,NA
6514,Vulpia myuros,5289590,SPECIES,ACCEPTED,Plantae,5289590: Vulpia myuros (L.) C.C.Gmel.,196,NA
6515,Weigela floribunda,8011733,SPECIES,ACCEPTED,Plantae,NA,220,213215407
6516,Wisteria sinensis,8149049,SPECIES,ACCEPTED,Plantae,NA,220,213213962
6517,Wolffia columbiana,5330085,SPECIES,ACCEPTED,Plantae,5330085: Wolffia columbiana H.Karst.,196,152546578
6518,Xanthium albinum,6076957,NA,NA,NA,NA,220,213215227
6519,Xanthium ambrosioides,3089140,SPECIES,ACCEPTED,Plantae,3089140: Xanthium ambrosioides Hook. & Arn.,220,182134955
6520,Xanthium orientale,3089146,SPECIES,ACCEPTED,Plantae,7716948: Xanthium albinum (Widd.) H.Scholz & Sukopp | 3089146: Xanthium orientale L. | 6077752: Xanthium albinum subsp. riparium (Celak.) Widd. & Wagenitz | 6063723: Xanthium saccharatum Wallr.,220,152544102
6521,Xanthium orientale,2494536,SPECIES,ACCEPTED,Plantae,NA,212,152544102
6522,Xanthium orientale,3922770,SPECIES,ACCEPTED,Plantae,NA,220,152544102
6523,Xanthium orientale,6157026,SPECIES,ACCEPTED,Plantae,NA,11418114,152544102
6524,Xanthium orientale,8358048,SPECIES,ACCEPTED,Plantae,NA,220,152544102
6525,Xanthium orientale,5365494,SPECIES,ACCEPTED,Plantae,NA,220,152544102
6526,Xanthium orientale,5825913,SPECIES,ACCEPTED,Plantae,NA,194,152544102
6527,Xanthium orientale,2176168,SPECIES,ACCEPTED,Plantae,NA,367,152544102
6528,Xanthium orientale,7420522,SPECIES,ACCEPTED,Plantae,NA,220,152544102
6529,Xanthium orientale,6427623,SPECIES,ACCEPTED,Plantae,NA,220,152544102
6530,Xanthium orientale,2284443,SPECIES,ACCEPTED,Plantae,NA,11133537,152544102
6531,Xanthium orientale,5224481,SPECIES,ACCEPTED,Plantae,NA,11592253,152544102
6532,Xanthium orientale,4248063,NA,NA,NA,NA,220,152544102
6533,Xanthium orientale saccharatum,NA,NA,NA,NA,NA,NA,213215228
6534,Xanthium spinosum,3089150,SPECIES,ACCEPTED,Plantae,3089150: Xanthium spinosum L.,220,152544104
6535,Xanthium strumarium,3089154,SPECIES,ACCEPTED,Plantae,3089154: Xanthium strumarium L.,220,152544106
6536,Xanthocyparis nootkatensis,2683894,SPECIES,ACCEPTED,Plantae,2683903: Cupressus nootkatensis D.Don,194,152546536
6537,Xenopus laevis,5217334,SPECIES,ACCEPTED,Animalia,"5217334: Xenopus laevis (Daudin, 1802)",131,152543383
6538,Xerochrysum bracteatum,3102871,SPECIES,ACCEPTED,Plantae,3102877: Helichrysum bracteatum (Vent.) Andrews | 3102871: Xerochrysum bracteatum (Vent.) Tzvelev,220,152544296
6539,Xeroplexa intersecta,9890104,SPECIES,ACCEPTED,Animalia,"9890104: Xeroplexa intersecta (Poiret, 1801)",225,162644711
6540,Xerosecta cespitum,2457378,NA,NA,NA,NA,11592253,152543646
6541,Xylocopa virginica,1342324,SPECIES,ACCEPTED,Animalia,"1342324: Xylocopa virginica (Linnaeus, 1771)",216,182134387
6542,Xylocoris galactinus,2020832,SPECIES,ACCEPTED,Animalia,NA,216,213214240
6543,Yersinella raymondii,4423428,SPECIES,ACCEPTED,Animalia,"4423428: Yersinella raymondii (Yersin, 1860)",216,152544374
6544,Yoldia limatula,2285504,SPECIES,ACCEPTED,Animalia,NA,137,213213655
6545,Yucca flaccida,2775530,SPECIES,ACCEPTED,Plantae,2775530: Yucca flaccida Haw.,196,152546691
6546,Yucca gloriosa,2775619,SPECIES,ACCEPTED,Plantae,2775619: Yucca gloriosa L.,196,152546692
6547,Zamenis longissimus,2458538,SPECIES,ACCEPTED,Animalia,"2458538: Zamenis longissimus (Laurenti, 1768)",11592253,182133757
6548,Zamenis scalaris,9416124,SPECIES,ACCEPTED,Animalia,NA,11592253,213212443
6549,Zamenis situla,2888945,NA,NA,NA,NA,220,213212445
6550,Zantedeschia aethiopica,2868827,SPECIES,ACCEPTED,Plantae,2868827: Zantedeschia aethiopica (L.) Spreng.,196,152546582
6551,Zantedeschia albomaculata,2868796,SPECIES,ACCEPTED,Plantae,2868796: Zantedeschia albomaculata (Hook.) Baill.,196,152546583
6552,Zea mays,5290052,SPECIES,ACCEPTED,Plantae,5290052: Zea mays L.,196,152546854
6553,Zebrina detrita,7901010,NA,NA,NA,NA,220,213213509
6554,Zelkova serrata,2984532,SPECIES,ACCEPTED,Plantae,2984532: Zelkova serrata (Thunb.) Makino,220,152544764
6555,Zingeria pisidica,4139345,SPECIES,ACCEPTED,Plantae,4139345: Zingeria pisidica (Boiss.) Tutin,196,NA
6556,Zinnia angustifolia,4036350,NA,NA,NA,NA,220,NA
6557,Zinnia angustifolia,2473221,NA,NA,NA,NA,11592253,NA
6558,Zinnia angustifolia,7277946,NA,NA,NA,NA,220,NA
6559,Zinnia angustifolia,6308164,NA,NA,NA,NA,220,NA
6560,Zinnia angustifolia,7901010,NA,NA,NA,NA,220,NA
6561,Zinnia angustifolia,11136683,NA,NA,NA,NA,220,NA
6562,Zinnia angustifolia,7409013,NA,NA,NA,NA,220,NA
6563,Zinnia angustifolia,7230699,NA,NA,NA,NA,194,NA
6564,Zinnia angustifolia,7224157,NA,NA,NA,NA,220,NA
6565,Zinnia angustifolia,7225621,NA,NA,NA,NA,220,NA
6566,Zinnia angustifolia angustifolia,NA,NA,NA,NA,NA,NA,152543660
6567,Zinnia elegans,3111754,SPECIES,ACCEPTED,Plantae,NA,220,213215124
6568,Zinnia violacea,7517279,NA,NA,NA,NA,196,159748815
6569,Zizania latifolia,2703231,SPECIES,ACCEPTED,Plantae,2703231: Zizania latifolia (Griseb.) Turcz. ex Stapf,196,152547007
6570,Ziziphus lotus,3039418,SPECIES,ACCEPTED,Plantae,3039418: Ziziphus lotus (L.) Lam.,220,152544761
6571,Zonitoides arboreus,2295425,SPECIES,ACCEPTED,Animalia,NA,225,157092310
6572,Zonotrichia capensis,5231103,SPECIES,ACCEPTED,Animalia,"5231103: Zonotrichia capensis (P.L.Statius Müller, 1776)",212,159747275
6573,Zophobas atratus,7882289,SPECIES,ACCEPTED,Animalia,NA,216,213214357
6574,Zoropsis spinimana,2153287,SPECIES,ACCEPTED,Animalia,"2153287: Zoropsis spinimana (Dufour, 1820)",367,152544174
6575,Zosterops palpebrosus,7266656,NA,NA,NA,NA,220,159747239
6576,Zuloagaea bulbosa,5373039,NA,NA,NA,NA,220,213212810
6577,Zygina nivea,2029273,SPECIES,ACCEPTED,Animalia,NA,216,213214081
