year,individualCount,gemeente,provincie,gewest,gbifID,decimalLatitude,decimalLongitude,geometry
2005,0,NA,NA,NA,5911827549,NA,NA,"c(NA, NA)"
2002,4,NA,NA,NA,2610212192,NA,NA,"c(NA, NA)"
2005,0,NA,NA,NA,5912034915,NA,NA,"c(NA, NA)"
2007,0,NA,NA,NA,5912034917,NA,NA,"c(NA, NA)"
2006,0,NA,NA,NA,5912034918,NA,NA,"c(NA, NA)"
2006,0,NA,NA,NA,5912034919,NA,NA,"c(NA, NA)"
2008,0,NA,NA,NA,5911695606,NA,NA,"c(NA, NA)"
1996,0,NA,NA,NA,5911915566,NA,NA,"c(NA, NA)"
2000,32,NA,NA,NA,2610199378,NA,NA,"c(NA, NA)"
2006,1,NA,NA,NA,2610210179,NA,NA,"c(NA, NA)"
2005,0,NA,NA,NA,5912029452,NA,NA,"c(NA, NA)"
2002,9,NA,NA,NA,2610210185,NA,NA,"c(NA, NA)"
2008,0,NA,NA,NA,5912029453,NA,NA,"c(NA, NA)"
2008,0,NA,NA,NA,5912029454,NA,NA,"c(NA, NA)"
2001,4,NA,NA,NA,2610210197,NA,NA,"c(NA, NA)"
2001,0,NA,NA,NA,5912029455,NA,NA,"c(NA, NA)"
2006,0,NA,NA,NA,5911877955,NA,NA,"c(NA, NA)"
2006,0,NA,NA,NA,5911877956,NA,NA,"c(NA, NA)"
2008,0,NA,NA,NA,5911877957,NA,NA,"c(NA, NA)"
2008,0,NA,NA,NA,5911877958,NA,NA,"c(NA, NA)"
2005,0,NA,NA,NA,5911877959,NA,NA,"c(NA, NA)"
2003,0,NA,NA,NA,5911877960,NA,NA,"c(NA, NA)"
2008,0,NA,NA,NA,5911877961,NA,NA,"c(NA, NA)"
1994,5,NA,NA,NA,2610197715,NA,NA,"c(NA, NA)"
2009,0,NA,NA,NA,5911720250,NA,NA,"c(NA, NA)"
2012,5,NA,NA,NA,2610185049,NA,NA,"c(NA, NA)"
1991,20,NA,NA,NA,2610193537,NA,NA,"c(NA, NA)"
2003,2,NA,NA,NA,2610210180,NA,NA,"c(NA, NA)"
2006,6,NA,NA,NA,2610210188,NA,NA,"c(NA, NA)"
2004,0,NA,NA,NA,5911730378,NA,NA,"c(NA, NA)"
2003,7,NA,NA,NA,2610210190,NA,NA,"c(NA, NA)"
2002,0,NA,NA,NA,5911730379,NA,NA,"c(NA, NA)"
2005,0,NA,NA,NA,5911730380,NA,NA,"c(NA, NA)"
2002,0,NA,NA,NA,5911730381,NA,NA,"c(NA, NA)"
2006,0,NA,NA,NA,5911730382,NA,NA,"c(NA, NA)"
2003,0,NA,NA,NA,5911730383,NA,NA,"c(NA, NA)"
2003,0,NA,NA,NA,5911715169,NA,NA,"c(NA, NA)"
2004,0,NA,NA,NA,5911715170,NA,NA,"c(NA, NA)"
2001,3,NA,NA,NA,2610214170,NA,NA,"c(NA, NA)"
2004,3,NA,NA,NA,2610214176,NA,NA,"c(NA, NA)"
2002,1,NA,NA,NA,2610214181,NA,NA,"c(NA, NA)"
2003,0,NA,NA,NA,5911715171,NA,NA,"c(NA, NA)"
1998,0,NA,NA,NA,5911953380,NA,NA,"c(NA, NA)"
2000,0,NA,NA,NA,5911953405,NA,NA,"c(NA, NA)"
2004,4,NA,NA,NA,2610154500,NA,NA,"c(NA, NA)"
2005,1,NA,NA,NA,2610217188,NA,NA,"c(NA, NA)"
2002,1,NA,NA,NA,2610217189,NA,NA,"c(NA, NA)"
2006,0,NA,NA,NA,5911985355,NA,NA,"c(NA, NA)"
2004,0,NA,NA,NA,5911985356,NA,NA,"c(NA, NA)"
2005,0,NA,NA,NA,5911759841,NA,NA,"c(NA, NA)"
2003,0,NA,NA,NA,5911759842,NA,NA,"c(NA, NA)"
2001,0,NA,NA,NA,5911759843,NA,NA,"c(NA, NA)"
2006,0,NA,NA,NA,5911759844,NA,NA,"c(NA, NA)"
2004,1,NA,NA,NA,2610216216,NA,NA,"c(NA, NA)"
2002,0,NA,NA,NA,5911856786,NA,NA,"c(NA, NA)"
2001,0,NA,NA,NA,5911856787,NA,NA,"c(NA, NA)"
2003,0,NA,NA,NA,5911856788,NA,NA,"c(NA, NA)"
2002,1,NA,NA,NA,2610219165,NA,NA,"c(NA, NA)"
2004,0,NA,NA,NA,5911759845,NA,NA,"c(NA, NA)"
2007,0,NA,NA,NA,5911759846,NA,NA,"c(NA, NA)"
2007,0,NA,NA,NA,5911759847,NA,NA,"c(NA, NA)"
2006,0,NA,NA,NA,5911759848,NA,NA,"c(NA, NA)"
2003,1,NA,NA,NA,2610216225,NA,NA,"c(NA, NA)"
2005,0,NA,NA,NA,5912035130,NA,NA,"c(NA, NA)"
2007,0,NA,NA,NA,5911986249,NA,NA,"c(NA, NA)"
2007,1,NA,NA,NA,2610213154,NA,NA,"c(NA, NA)"
2005,0,NA,NA,NA,5911986250,NA,NA,"c(NA, NA)"
2002,1,NA,NA,NA,2610213163,NA,NA,"c(NA, NA)"
2003,0,NA,NA,NA,5911986251,NA,NA,"c(NA, NA)"
2004,0,NA,NA,NA,5911986252,NA,NA,"c(NA, NA)"
2003,5,NA,NA,NA,2610213176,NA,NA,"c(NA, NA)"
2004,0,NA,NA,NA,5911985357,NA,NA,"c(NA, NA)"
2008,0,NA,NA,NA,5911985358,NA,NA,"c(NA, NA)"
2003,0,NA,NA,NA,5911985359,NA,NA,"c(NA, NA)"
2005,0,NA,NA,NA,5911856789,NA,NA,"c(NA, NA)"
2009,0,NA,NA,NA,5911856790,NA,NA,"c(NA, NA)"
2004,0,NA,NA,NA,5911856791,NA,NA,"c(NA, NA)"
2009,0,NA,NA,NA,5911856792,NA,NA,"c(NA, NA)"
2006,1,NA,NA,NA,2610219175,NA,NA,"c(NA, NA)"
2011,10,NA,NA,NA,2610188974,NA,NA,"c(NA, NA)"
2004,0,NA,NA,NA,5911911691,NA,NA,"c(NA, NA)"
2003,0,NA,NA,NA,5911911692,NA,NA,"c(NA, NA)"
2006,0,NA,NA,NA,5911911693,NA,NA,"c(NA, NA)"
2003,0,NA,NA,NA,5911911694,NA,NA,"c(NA, NA)"
2003,0,NA,NA,NA,5911911695,NA,NA,"c(NA, NA)"
2002,4,NA,NA,NA,2610158157,NA,NA,"c(NA, NA)"
2006,1,NA,NA,NA,2610158159,NA,NA,"c(NA, NA)"
2009,0,NA,NA,NA,5912029656,NA,NA,"c(NA, NA)"
2008,3,NA,NA,NA,2610193432,NA,NA,"c(NA, NA)"
2001,2,NA,NA,NA,2610210494,NA,NA,"c(NA, NA)"
2002,0,NA,NA,NA,5912007976,NA,NA,"c(NA, NA)"
2007,0,NA,NA,NA,5912007977,NA,NA,"c(NA, NA)"
2006,0,NA,NA,NA,5911762125,NA,NA,"c(NA, NA)"
2007,0,NA,NA,NA,5911762127,NA,NA,"c(NA, NA)"
2001,1,NA,NA,NA,2610153186,NA,NA,"c(NA, NA)"
2003,0,NA,NA,NA,5911762128,NA,NA,"c(NA, NA)"
2002,1,NA,NA,NA,2610153195,NA,NA,"c(NA, NA)"
2005,0,NA,NA,NA,5911762129,NA,NA,"c(NA, NA)"
2009,0,NA,NA,NA,5911762130,NA,NA,"c(NA, NA)"
1996,28,NA,NA,NA,2610251972,NA,NA,"c(NA, NA)"
1997,17,NA,NA,NA,2610252050,NA,NA,"c(NA, NA)"
1998,119,NA,NA,NA,2610252134,NA,NA,"c(NA, NA)"
2000,0,NA,NA,NA,5911916410,NA,NA,"c(NA, NA)"
2011,12,NA,NA,NA,2610243029,NA,NA,"c(NA, NA)"
2011,3,NA,NA,NA,2610243067,NA,NA,"c(NA, NA)"
2003,0,NA,NA,NA,5911916434,NA,NA,"c(NA, NA)"
2003,1,NA,NA,NA,2610158162,NA,NA,"c(NA, NA)"
2002,0,NA,NA,NA,5911911696,NA,NA,"c(NA, NA)"
2004,0,NA,NA,NA,5911727721,NA,NA,"c(NA, NA)"
2012,2,NA,NA,NA,2610183055,NA,NA,"c(NA, NA)"
2011,18,NA,NA,NA,2610248086,NA,NA,"c(NA, NA)"
1995,2,NA,NA,NA,2610193917,NA,NA,"c(NA, NA)"
2005,3,NA,NA,NA,2610162636,NA,NA,"c(NA, NA)"
1996,0,NA,NA,NA,5911884814,NA,NA,"c(NA, NA)"
1997,0,NA,NA,NA,5911884822,NA,NA,"c(NA, NA)"
1998,0,NA,NA,NA,5911884829,NA,NA,"c(NA, NA)"
2001,0,NA,NA,NA,5911942327,NA,NA,"c(NA, NA)"
1997,17,NA,NA,NA,2610194097,NA,NA,"c(NA, NA)"
1998,2,NA,NA,NA,2610194163,NA,NA,"c(NA, NA)"
1999,0,NA,NA,NA,5911711634,NA,NA,"c(NA, NA)"
2011,8,NA,NA,NA,2610245977,NA,NA,"c(NA, NA)"
2011,5,NA,NA,NA,2610246014,NA,NA,"c(NA, NA)"
2001,0,NA,NA,NA,5911727975,NA,NA,"c(NA, NA)"
2003,0,NA,NA,NA,5911727976,NA,NA,"c(NA, NA)"
2008,0,NA,NA,NA,5911727978,NA,NA,"c(NA, NA)"
2007,0,NA,NA,NA,5911727979,NA,NA,"c(NA, NA)"
2008,0,NA,NA,NA,5911727980,NA,NA,"c(NA, NA)"
2005,1,NA,NA,NA,2610154120,NA,NA,"c(NA, NA)"
2001,0,NA,NA,NA,5911727981,NA,NA,"c(NA, NA)"
2003,1,NA,NA,NA,2610154124,NA,NA,"c(NA, NA)"
2007,0,NA,NA,NA,5911727982,NA,NA,"c(NA, NA)"
2004,0,NA,NA,NA,5911695865,NA,NA,"c(NA, NA)"
2006,0,NA,NA,NA,5911695867,NA,NA,"c(NA, NA)"
2002,0,NA,NA,NA,5911695868,NA,NA,"c(NA, NA)"
2006,0,NA,NA,NA,5911695869,NA,NA,"c(NA, NA)"
2002,0,NA,NA,NA,5911695870,NA,NA,"c(NA, NA)"
2006,0,NA,NA,NA,5911695871,NA,NA,"c(NA, NA)"
2007,0,NA,NA,NA,5911695872,NA,NA,"c(NA, NA)"
1999,0,NA,NA,NA,5911711644,NA,NA,"c(NA, NA)"
2003,0,NA,NA,NA,5911884881,NA,NA,"c(NA, NA)"
2009,0,NA,NA,NA,5911728204,NA,NA,"c(NA, NA)"
2004,0,NA,NA,NA,5911942572,NA,NA,"c(NA, NA)"
2005,1,NA,NA,NA,2610159156,NA,NA,"c(NA, NA)"
2003,0,NA,NA,NA,5911942575,NA,NA,"c(NA, NA)"
2003,0,NA,NA,NA,5911942576,NA,NA,"c(NA, NA)"
2004,0,NA,NA,NA,5911942577,NA,NA,"c(NA, NA)"
2003,1,NA,NA,NA,2610159168,NA,NA,"c(NA, NA)"
2004,0,NA,NA,NA,5911942578,NA,NA,"c(NA, NA)"
2001,1,NA,NA,NA,2610159172,NA,NA,"c(NA, NA)"
2001,1,NA,NA,NA,2610159173,NA,NA,"c(NA, NA)"
2008,8,NA,NA,NA,2610194432,NA,NA,"c(NA, NA)"
1991,66,NA,NA,NA,2610194557,NA,NA,"c(NA, NA)"
2012,2,NA,NA,NA,2610188142,NA,NA,"c(NA, NA)"
2008,1,NA,NA,NA,2610197371,NA,NA,"c(NA, NA)"
2011,0,NA,NA,NA,5911711825,NA,NA,"c(NA, NA)"
1995,38,NA,NA,NA,2610256942,NA,NA,"c(NA, NA)"
1996,0,NA,NA,NA,5911884311,NA,NA,"c(NA, NA)"
1998,0,NA,NA,NA,5911884332,NA,NA,"c(NA, NA)"
1998,10,NA,NA,NA,2610257138,NA,NA,"c(NA, NA)"
2008,0,NA,NA,NA,5911760065,NA,NA,"c(NA, NA)"
2001,0,NA,NA,NA,5911701706,NA,NA,"c(NA, NA)"
2001,2,NA,NA,NA,2610156164,NA,NA,"c(NA, NA)"
2004,0,NA,NA,NA,5911701708,NA,NA,"c(NA, NA)"
2002,0,NA,NA,NA,5911701709,NA,NA,"c(NA, NA)"
2003,0,NA,NA,NA,5911701710,NA,NA,"c(NA, NA)"
2009,0,NA,NA,NA,5911701711,NA,NA,"c(NA, NA)"
2008,0,NA,NA,NA,5911857018,NA,NA,"c(NA, NA)"
2008,0,NA,NA,NA,5911942803,NA,NA,"c(NA, NA)"
1993,0,NA,NA,NA,5911747658,NA,NA,"c(NA, NA)"
1995,6,NA,NA,NA,2610194997,NA,NA,"c(NA, NA)"
2004,0,NA,NA,NA,5911997502,NA,NA,"c(NA, NA)"
1994,23,NA,NA,NA,2610197784,NA,NA,"c(NA, NA)"
2011,1,NA,NA,NA,2610240946,NA,NA,"c(NA, NA)"
2003,0,NA,NA,NA,5911884383,NA,NA,"c(NA, NA)"
2003,1,NA,NA,NA,2610155179,NA,NA,"c(NA, NA)"
2005,2,NA,NA,NA,2610155181,NA,NA,"c(NA, NA)"
2004,0,NA,NA,NA,5911836183,NA,NA,"c(NA, NA)"
2007,0,NA,NA,NA,5911836184,NA,NA,"c(NA, NA)"
2006,0,NA,NA,NA,5911836185,NA,NA,"c(NA, NA)"
2006,0,NA,NA,NA,5911836186,NA,NA,"c(NA, NA)"
2007,0,NA,NA,NA,5911836187,NA,NA,"c(NA, NA)"
2004,2,NA,NA,NA,2610155201,NA,NA,"c(NA, NA)"
1992,0,NA,NA,NA,5911955998,NA,NA,"c(NA, NA)"
1994,0,NA,NA,NA,5911883720,NA,NA,"c(NA, NA)"
1994,35,NA,NA,NA,2610190836,NA,NA,"c(NA, NA)"
2009,0,NA,NA,NA,5912019413,NA,NA,"c(NA, NA)"
2004,0,NA,NA,NA,5912019414,NA,NA,"c(NA, NA)"
2007,0,NA,NA,NA,5912019415,NA,NA,"c(NA, NA)"
2002,0,NA,NA,NA,5912019416,NA,NA,"c(NA, NA)"
2003,0,NA,NA,NA,5912019417,NA,NA,"c(NA, NA)"
2009,0,NA,NA,NA,5912019418,NA,NA,"c(NA, NA)"
2002,0,NA,NA,NA,5912019419,NA,NA,"c(NA, NA)"
1992,25,NA,NA,NA,2610249449,NA,NA,"c(NA, NA)"
1996,14,NA,NA,NA,2610249912,NA,NA,"c(NA, NA)"
1997,0,NA,NA,NA,5911885118,NA,NA,"c(NA, NA)"
1998,76,NA,NA,NA,2610250099,NA,NA,"c(NA, NA)"
2009,0,NA,NA,NA,5911911925,NA,NA,"c(NA, NA)"
2001,0,NA,NA,NA,5911912031,NA,NA,"c(NA, NA)"
2003,0,NA,NA,NA,5911688505,NA,NA,"c(NA, NA)"
2006,0,NA,NA,NA,5911688506,NA,NA,"c(NA, NA)"
2002,4,NA,NA,NA,2610152207,NA,NA,"c(NA, NA)"
2003,1,NA,NA,NA,2610152215,NA,NA,"c(NA, NA)"
2010,0,NA,NA,NA,5911688508,NA,NA,"c(NA, NA)"
2006,0,NA,NA,NA,5911688509,NA,NA,"c(NA, NA)"
2009,0,NA,NA,NA,5911688510,NA,NA,"c(NA, NA)"
1994,0,NA,NA,NA,5911956006,NA,NA,"c(NA, NA)"
1999,0,NA,NA,NA,5911711909,NA,NA,"c(NA, NA)"
2003,0,NA,NA,NA,5911885171,NA,NA,"c(NA, NA)"
1992,18,NA,NA,NA,2610252497,NA,NA,"c(NA, NA)"
1993,9,NA,NA,NA,2610252628,NA,NA,"c(NA, NA)"
1996,22,NA,NA,NA,2610252904,NA,NA,"c(NA, NA)"
1996,0,NA,NA,NA,5911956024,NA,NA,"c(NA, NA)"
1999,0,NA,NA,NA,5911711917,NA,NA,"c(NA, NA)"
1992,0,NA,NA,NA,5911956257,NA,NA,"c(NA, NA)"
1995,252,NA,NA,NA,2610255953,NA,NA,"c(NA, NA)"
1995,64,NA,NA,NA,2610255987,NA,NA,"c(NA, NA)"
1995,3,NA,NA,NA,2610256020,NA,NA,"c(NA, NA)"
1997,86,NA,NA,NA,2610256225,NA,NA,"c(NA, NA)"
1998,8,NA,NA,NA,2610253100,NA,NA,"c(NA, NA)"
1999,0,NA,NA,NA,5911730318,NA,NA,"c(NA, NA)"
2003,0,NA,NA,NA,5911816062,NA,NA,"c(NA, NA)"
2006,0,NA,NA,NA,5911942863,NA,NA,"c(NA, NA)"
2007,2,NA,NA,NA,2610157156,NA,NA,"c(NA, NA)"
2008,0,NA,NA,NA,5911942865,NA,NA,"c(NA, NA)"
2008,0,NA,NA,NA,5911942866,NA,NA,"c(NA, NA)"
2002,4,NA,NA,NA,2610157177,NA,NA,"c(NA, NA)"
2003,0,NA,NA,NA,5911942867,NA,NA,"c(NA, NA)"
2006,0,NA,NA,NA,5911938470,NA,NA,"c(NA, NA)"
2009,0,NA,NA,NA,5911938471,NA,NA,"c(NA, NA)"
2007,0,NA,NA,NA,5911696093,NA,NA,"c(NA, NA)"
2011,3,NA,NA,NA,2610245016,NA,NA,"c(NA, NA)"
1999,119,NA,NA,NA,2610265337,NA,NA,"c(NA, NA)"
1999,192,NA,NA,NA,2610265379,NA,NA,"c(NA, NA)"
2001,110,NA,NA,NA,2610265434,NA,NA,"c(NA, NA)"
1997,101,NA,NA,NA,2610192173,NA,NA,"c(NA, NA)"
1999,27,NA,NA,NA,2610192266,NA,NA,"c(NA, NA)"
2007,0,NA,NA,NA,5911701926,NA,NA,"c(NA, NA)"
2009,0,NA,NA,NA,5911701320,NA,NA,"c(NA, NA)"
2011,11,NA,NA,NA,2610181940,NA,NA,"c(NA, NA)"
2011,2,NA,NA,NA,2610181983,NA,NA,"c(NA, NA)"
1998,0,NA,NA,NA,5911956047,NA,NA,"c(NA, NA)"
1999,0,NA,NA,NA,5911956051,NA,NA,"c(NA, NA)"
2000,0,NA,NA,NA,5911956063,NA,NA,"c(NA, NA)"
2002,0,NA,NA,NA,5911883808,NA,NA,"c(NA, NA)"
2008,0,NA,NA,NA,5912019620,NA,NA,"c(NA, NA)"
2003,0,NA,NA,NA,5911822060,NA,NA,"c(NA, NA)"
2006,0,NA,NA,NA,5911866415,NA,NA,"c(NA, NA)"
2007,0,NA,NA,NA,5911939006,NA,NA,"c(NA, NA)"
2006,0,NA,NA,NA,5911939007,NA,NA,"c(NA, NA)"
2009,0,NA,NA,NA,5911939008,NA,NA,"c(NA, NA)"
2007,0,NA,NA,NA,5911939009,NA,NA,"c(NA, NA)"
2007,0,NA,NA,NA,5911939010,NA,NA,"c(NA, NA)"
2002,1,NA,NA,NA,2610215207,NA,NA,"c(NA, NA)"
2007,0,NA,NA,NA,5911939011,NA,NA,"c(NA, NA)"
2001,8,NA,NA,NA,2610215213,NA,NA,"c(NA, NA)"
2017,0,NA,NA,NA,5911821682,NA,NA,"c(NA, NA)"
1994,104,NA,NA,NA,2610198956,NA,NA,"c(NA, NA)"
2001,0,NA,NA,NA,5911956083,NA,NA,"c(NA, NA)"
2011,2,NA,NA,NA,2610184021,NA,NA,"c(NA, NA)"
2007,1,NA,NA,NA,2610254423,NA,NA,"c(NA, NA)"
2001,0,NA,NA,NA,5911968347,NA,NA,"c(NA, NA)"
2003,0,NA,NA,NA,5911968348,NA,NA,"c(NA, NA)"
2006,0,NA,NA,NA,5911939225,NA,NA,"c(NA, NA)"
2000,0,NA,NA,NA,5911821764,NA,NA,"c(NA, NA)"
2018,0,NA,NA,NA,5911973562,NA,NA,"c(NA, NA)"
2017,0,NA,NA,NA,5911973566,NA,NA,"c(NA, NA)"
1991,0,NA,NA,NA,5911919941,NA,NA,"c(NA, NA)"
1991,110,NA,NA,NA,2610254535,NA,NA,"c(NA, NA)"
2012,2,NA,NA,NA,2610245059,NA,NA,"c(NA, NA)"
1993,8,NA,NA,NA,2610254726,NA,NA,"c(NA, NA)"
2008,0,NA,NA,NA,5911956986,NA,NA,"c(NA, NA)"
2007,0,NA,NA,NA,5911956987,NA,NA,"c(NA, NA)"
2003,0,NA,NA,NA,5911821794,NA,NA,"c(NA, NA)"
1994,28,NA,NA,NA,2610194877,NA,NA,"c(NA, NA)"
1996,108,NA,NA,NA,2610195031,NA,NA,"c(NA, NA)"
1996,51,NA,NA,NA,2610195049,NA,NA,"c(NA, NA)"
1999,0,NA,NA,NA,5911973621,NA,NA,"c(NA, NA)"
2001,0,NA,NA,NA,5911973650,NA,NA,"c(NA, NA)"
2002,0,NA,NA,NA,5911973655,NA,NA,"c(NA, NA)"
2002,0,NA,NA,NA,5911973661,NA,NA,"c(NA, NA)"
2003,6,NA,NA,NA,2610203444,NA,NA,"c(NA, NA)"
2017,1,NA,NA,NA,2610245267,50.793409,3.112349,"c(3.112349, 50.793409)"
1994,8,NA,NA,NA,2610254800,NA,NA,"c(NA, NA)"
2009,0,NA,NA,NA,5911916524,NA,NA,"c(NA, NA)"
2002,1,NA,NA,NA,2610213501,NA,NA,"c(NA, NA)"
2006,0,NA,NA,NA,5911991473,NA,NA,"c(NA, NA)"
2001,0,NA,NA,NA,5911991474,NA,NA,"c(NA, NA)"
2004,0,NA,NA,NA,5911991475,NA,NA,"c(NA, NA)"
2004,6,NA,NA,NA,2610217193,NA,NA,"c(NA, NA)"
2006,0,NA,NA,NA,5911991476,NA,NA,"c(NA, NA)"
2005,1,NA,NA,NA,2610217198,NA,NA,"c(NA, NA)"
1997,24,NA,NA,NA,2610255122,NA,NA,"c(NA, NA)"
1992,0,NA,NA,NA,5911851742,NA,NA,"c(NA, NA)"
1998,0,NA,NA,NA,5911919997,NA,NA,"c(NA, NA)"
1998,0,NA,NA,NA,5911920000,NA,NA,"c(NA, NA)"
1993,220,NA,NA,NA,2610254680,NA,NA,"c(NA, NA)"
1993,0,NA,NA,NA,5911851746,NA,NA,"c(NA, NA)"
1993,0,NA,NA,NA,5911851747,NA,NA,"c(NA, NA)"
1999,11,NA,NA,NA,2610255230,NA,NA,"c(NA, NA)"
1993,0,NA,NA,NA,5911851748,NA,NA,"c(NA, NA)"
2008,0,NA,NA,NA,5912009460,NA,NA,"c(NA, NA)"
2008,0,NA,NA,NA,5911991674,NA,NA,"c(NA, NA)"
2007,0,NA,NA,NA,5911957230,NA,NA,"c(NA, NA)"
2003,0,NA,NA,NA,5911957231,NA,NA,"c(NA, NA)"
2001,1,NA,NA,NA,2610218162,NA,NA,"c(NA, NA)"
2003,1,NA,NA,NA,2610218167,NA,NA,"c(NA, NA)"
2002,1,NA,NA,NA,2610218172,NA,NA,"c(NA, NA)"
2006,0,NA,NA,NA,5911957232,NA,NA,"c(NA, NA)"
2011,36,NA,NA,NA,2610181011,NA,NA,"c(NA, NA)"
2001,0,NA,NA,NA,5911920031,NA,NA,"c(NA, NA)"
2007,0,NA,NA,NA,5911986429,NA,NA,"c(NA, NA)"
2017,0,NA,NA,NA,5911821439,NA,NA,"c(NA, NA)"
1991,11,NA,NA,NA,2610189612,NA,NA,"c(NA, NA)"
2017,0,NA,NA,NA,5911884148,50.772408,3.084526,"c(3.084526, 50.772408)"
1999,54,NA,NA,NA,2610255231,NA,NA,"c(NA, NA)"
2000,0,NA,NA,NA,5911851806,NA,NA,"c(NA, NA)"
2001,0,NA,NA,NA,5911851817,NA,NA,"c(NA, NA)"
2001,0,NA,NA,NA,5911851821,NA,NA,"c(NA, NA)"
2002,153,NA,NA,NA,2610264365,NA,NA,"c(NA, NA)"
2012,3,NA,NA,NA,2610189011,NA,NA,"c(NA, NA)"
2004,0,NA,NA,NA,5912016161,NA,NA,"c(NA, NA)"
2008,0,NA,NA,NA,5912016162,NA,NA,"c(NA, NA)"
2003,3,NA,NA,NA,2610153189,NA,NA,"c(NA, NA)"
2006,0,NA,NA,NA,5912016163,NA,NA,"c(NA, NA)"
2005,0,NA,NA,NA,5912016164,NA,NA,"c(NA, NA)"
2004,0,NA,NA,NA,5912016165,NA,NA,"c(NA, NA)"
2007,0,NA,NA,NA,5912016166,NA,NA,"c(NA, NA)"
1999,0,NA,NA,NA,5911821511,NA,NA,"c(NA, NA)"
2003,14,NA,NA,NA,2610199487,NA,NA,"c(NA, NA)"
2012,4,NA,NA,NA,2610239991,NA,NA,"c(NA, NA)"
2003,26,NA,NA,NA,2610264399,NA,NA,"c(NA, NA)"
1991,25,NA,NA,NA,2610197476,NA,NA,"c(NA, NA)"
1992,0,NA,NA,NA,5911973839,NA,NA,"c(NA, NA)"
1993,90,NA,NA,NA,2610197611,NA,NA,"c(NA, NA)"
1995,24,NA,NA,NA,2610197943,NA,NA,"c(NA, NA)"
2000,0,NA,NA,NA,5911973907,NA,NA,"c(NA, NA)"
2003,7,NA,NA,NA,2610155183,NA,NA,"c(NA, NA)"
2001,5,NA,NA,NA,2610155187,NA,NA,"c(NA, NA)"
2007,0,NA,NA,NA,5912026934,NA,NA,"c(NA, NA)"
2003,0,NA,NA,NA,5912026935,NA,NA,"c(NA, NA)"
2006,0,NA,NA,NA,5912026936,NA,NA,"c(NA, NA)"
2003,0,NA,NA,NA,5912026937,NA,NA,"c(NA, NA)"
1992,18,NA,NA,NA,2610191558,NA,NA,"c(NA, NA)"
1994,364,NA,NA,NA,2610191815,NA,NA,"c(NA, NA)"
1995,190,NA,NA,NA,2610191912,NA,NA,"c(NA, NA)"
1995,30,NA,NA,NA,2610191932,NA,NA,"c(NA, NA)"
2008,0,NA,NA,NA,5911986568,NA,NA,"c(NA, NA)"
2001,0,NA,NA,NA,5911986569,NA,NA,"c(NA, NA)"
2003,5,NA,NA,NA,2610158146,NA,NA,"c(NA, NA)"
2003,0,NA,NA,NA,5912009712,NA,NA,"c(NA, NA)"
2003,0,NA,NA,NA,5912009713,NA,NA,"c(NA, NA)"
2003,0,NA,NA,NA,5912009714,NA,NA,"c(NA, NA)"
2005,0,NA,NA,NA,5912009715,NA,NA,"c(NA, NA)"
2002,0,NA,NA,NA,5912009716,NA,NA,"c(NA, NA)"
2001,1,NA,NA,NA,2610158166,NA,NA,"c(NA, NA)"
2008,0,NA,NA,NA,5912014870,NA,NA,"c(NA, NA)"
1991,12,NA,NA,NA,2610256507,NA,NA,"c(NA, NA)"
1996,0,NA,NA,NA,5911884275,NA,NA,"c(NA, NA)"
1998,0,NA,NA,NA,5911884295,NA,NA,"c(NA, NA)"
1999,0,NA,NA,NA,5911915307,NA,NA,"c(NA, NA)"
1995,84,NA,NA,NA,2610251861,NA,NA,"c(NA, NA)"
2002,0,NA,NA,NA,5912016800,NA,NA,"c(NA, NA)"
2001,5,NA,NA,NA,2610154115,NA,NA,"c(NA, NA)"
2009,0,NA,NA,NA,5912016801,NA,NA,"c(NA, NA)"
2001,92,NA,NA,NA,2610154118,NA,NA,"c(NA, NA)"
2004,2,NA,NA,NA,2610154126,NA,NA,"c(NA, NA)"
2008,0,NA,NA,NA,5912016802,NA,NA,"c(NA, NA)"
1993,0,NA,NA,NA,5911920193,NA,NA,"c(NA, NA)"
1993,10,NA,NA,NA,2610256723,NA,NA,"c(NA, NA)"
1994,0,NA,NA,NA,5911995121,NA,NA,"c(NA, NA)"
1995,16,NA,NA,NA,2610256935,NA,NA,"c(NA, NA)"
1998,0,NA,NA,NA,5911995155,NA,NA,"c(NA, NA)"
2000,0,NA,NA,NA,5911915314,NA,NA,"c(NA, NA)"
1996,0,NA,NA,NA,5912011156,NA,NA,"c(NA, NA)"
2002,0,NA,NA,NA,5911915348,NA,NA,"c(NA, NA)"
2000,44,NA,NA,NA,2610252237,NA,NA,"c(NA, NA)"
2000,0,NA,NA,NA,5912011190,NA,NA,"c(NA, NA)"
2000,0,NA,NA,NA,5912011191,NA,NA,"c(NA, NA)"
2000,0,NA,NA,NA,5912011194,NA,NA,"c(NA, NA)"
2001,0,NA,NA,NA,5912011199,NA,NA,"c(NA, NA)"
2003,29,NA,NA,NA,2610261361,NA,NA,"c(NA, NA)"
1991,67,NA,NA,NA,2610193467,NA,NA,"c(NA, NA)"
1993,0,NA,NA,NA,5911868365,NA,NA,"c(NA, NA)"
1997,60,NA,NA,NA,2610254164,NA,NA,"c(NA, NA)"
2008,0,NA,NA,NA,5911916788,NA,NA,"c(NA, NA)"
2004,0,NA,NA,NA,5911916789,NA,NA,"c(NA, NA)"
2002,2,NA,NA,NA,2610214162,NA,NA,"c(NA, NA)"
2001,0,NA,NA,NA,5911916790,NA,NA,"c(NA, NA)"
2003,1,NA,NA,NA,2610214172,NA,NA,"c(NA, NA)"
2001,0,NA,NA,NA,5911916791,NA,NA,"c(NA, NA)"
2001,1,NA,NA,NA,2610214177,NA,NA,"c(NA, NA)"
2006,1,NA,NA,NA,2610214180,NA,NA,"c(NA, NA)"
1995,48,NA,NA,NA,2610193888,NA,NA,"c(NA, NA)"
1993,36,NA,NA,NA,2610192607,NA,NA,"c(NA, NA)"
2000,0,NA,NA,NA,5911920258,NA,NA,"c(NA, NA)"
2000,9,NA,NA,NA,2610263346,NA,NA,"c(NA, NA)"
2008,0,NA,NA,NA,5911916792,NA,NA,"c(NA, NA)"
2018,1,NA,NA,NA,2610258420,51.478615,4.478946,"c(4.478946, 51.478615)"
2000,0,NA,NA,NA,5911868429,NA,NA,"c(NA, NA)"
2000,222,NA,NA,NA,2610194292,NA,NA,"c(NA, NA)"
2001,0,NA,NA,NA,5911868450,NA,NA,"c(NA, NA)"
2005,1,NA,NA,NA,2610212194,NA,NA,"c(NA, NA)"
2006,0,NA,NA,NA,5911981556,NA,NA,"c(NA, NA)"
2008,0,NA,NA,NA,5911981557,NA,NA,"c(NA, NA)"
2001,9,NA,NA,NA,2610212201,NA,NA,"c(NA, NA)"
2005,0,NA,NA,NA,5911981558,NA,NA,"c(NA, NA)"
2007,0,NA,NA,NA,5911981559,NA,NA,"c(NA, NA)"
2006,0,NA,NA,NA,5911981560,NA,NA,"c(NA, NA)"
2002,1,NA,NA,NA,2610212207,NA,NA,"c(NA, NA)"
2002,0,NA,NA,NA,5911981561,NA,NA,"c(NA, NA)"
2008,0,NA,NA,NA,5911981562,NA,NA,"c(NA, NA)"
1996,24,NA,NA,NA,2610192956,NA,NA,"c(NA, NA)"
1997,168,NA,NA,NA,2610193013,NA,NA,"c(NA, NA)"
2002,0,NA,NA,NA,5911920282,NA,NA,"c(NA, NA)"
1997,5,NA,NA,NA,2610259163,NA,NA,"c(NA, NA)"
1998,153,NA,NA,NA,2610259242,NA,NA,"c(NA, NA)"
1999,0,NA,NA,NA,5911994636,NA,NA,"c(NA, NA)"
2018,0,NA,NA,NA,5911973292,51.478615,4.478946,"c(4.478946, 51.478615)"
2003,17,NA,NA,NA,2610204408,NA,NA,"c(NA, NA)"
2006,0,NA,NA,NA,5911981786,NA,NA,"c(NA, NA)"
1997,0,NA,NA,NA,5911915852,NA,NA,"c(NA, NA)"
2011,3,NA,NA,NA,2610248127,NA,NA,"c(NA, NA)"
2011,10,NA,NA,NA,2610247134,NA,NA,"c(NA, NA)"
2003,0,NA,NA,NA,5911994683,NA,NA,"c(NA, NA)"
1997,0,NA,NA,NA,5911994372,NA,NA,"c(NA, NA)"
1998,21,NA,NA,NA,2610255189,NA,NA,"c(NA, NA)"
1999,0,NA,NA,NA,5911994389,NA,NA,"c(NA, NA)"
2000,0,NA,NA,NA,5911994406,NA,NA,"c(NA, NA)"
1994,30,NA,NA,NA,2610250933,NA,NA,"c(NA, NA)"
1995,15,NA,NA,NA,2610251057,NA,NA,"c(NA, NA)"
1995,9,NA,NA,NA,2610251061,NA,NA,"c(NA, NA)"
2006,0,NA,NA,NA,5911997028,NA,NA,"c(NA, NA)"
2004,0,NA,NA,NA,5911997030,NA,NA,"c(NA, NA)"
2003,0,NA,NA,NA,5911997031,NA,NA,"c(NA, NA)"
2005,0,NA,NA,NA,5911997032,NA,NA,"c(NA, NA)"
2005,5,NA,NA,NA,2610210195,NA,NA,"c(NA, NA)"
2003,0,NA,NA,NA,5911997033,NA,NA,"c(NA, NA)"
2004,2,NA,NA,NA,2610210200,NA,NA,"c(NA, NA)"
2007,0,NA,NA,NA,5911997034,NA,NA,"c(NA, NA)"
2007,0,NA,NA,NA,5911997035,NA,NA,"c(NA, NA)"
2005,0,NA,NA,NA,5911950496,NA,NA,"c(NA, NA)"
2001,1,NA,NA,NA,2610157161,NA,NA,"c(NA, NA)"
2007,0,NA,NA,NA,5911950497,NA,NA,"c(NA, NA)"
2001,12,NA,NA,NA,2610157167,NA,NA,"c(NA, NA)"
2001,12,NA,NA,NA,2610157168,NA,NA,"c(NA, NA)"
2003,3,NA,NA,NA,2610157173,NA,NA,"c(NA, NA)"
2006,0,NA,NA,NA,5911950498,NA,NA,"c(NA, NA)"
2003,2,NA,NA,NA,2610157178,NA,NA,"c(NA, NA)"
2007,0,NA,NA,NA,5911950499,NA,NA,"c(NA, NA)"
2005,0,NA,NA,NA,5911950500,NA,NA,"c(NA, NA)"
2011,2,NA,NA,NA,2610249039,NA,NA,"c(NA, NA)"
2012,3,NA,NA,NA,2610187046,NA,NA,"c(NA, NA)"
2018,0,NA,NA,NA,5911999560,51.478615,4.478946,"c(4.478946, 51.478615)"
1995,0,NA,NA,NA,5911999622,NA,NA,"c(NA, NA)"
1995,59,NA,NA,NA,2610191923,NA,NA,"c(NA, NA)"
1995,0,NA,NA,NA,5911999623,NA,NA,"c(NA, NA)"
2003,0,NA,NA,NA,5911994439,NA,NA,"c(NA, NA)"
2002,0,NA,NA,NA,5911915893,NA,NA,"c(NA, NA)"
2004,0,NA,NA,NA,5912019036,NA,NA,"c(NA, NA)"
2017,0,NA,NA,NA,5911884453,50.793409,3.112349,"c(3.112349, 50.793409)"
1996,0,NA,NA,NA,5911999631,NA,NA,"c(NA, NA)"
1999,0,NA,NA,NA,5911999649,NA,NA,"c(NA, NA)"
1999,6,NA,NA,NA,2610192284,NA,NA,"c(NA, NA)"
1999,24,NA,NA,NA,2610192286,NA,NA,"c(NA, NA)"
2001,12,NA,NA,NA,2610215202,NA,NA,"c(NA, NA)"
2004,0,NA,NA,NA,5912028757,NA,NA,"c(NA, NA)"
2005,0,NA,NA,NA,5912028758,NA,NA,"c(NA, NA)"
2003,0,NA,NA,NA,5912028759,NA,NA,"c(NA, NA)"
2004,1,NA,NA,NA,2610215211,NA,NA,"c(NA, NA)"
2001,0,NA,NA,NA,5912028760,NA,NA,"c(NA, NA)"
1999,91,NA,NA,NA,2610260352,NA,NA,"c(NA, NA)"
2000,0,NA,NA,NA,5912010928,NA,NA,"c(NA, NA)"
2011,10,NA,NA,NA,2610188139,NA,NA,"c(NA, NA)"
2006,0,NA,NA,NA,5911997267,NA,NA,"c(NA, NA)"
2007,0,NA,NA,NA,5912027214,NA,NA,"c(NA, NA)"
2002,4,NA,NA,NA,2610159159,NA,NA,"c(NA, NA)"
2009,0,NA,NA,NA,5912027215,NA,NA,"c(NA, NA)"
2001,14,NA,NA,NA,2610159164,NA,NA,"c(NA, NA)"
2007,0,NA,NA,NA,5912027216,NA,NA,"c(NA, NA)"
2007,0,NA,NA,NA,5912027217,NA,NA,"c(NA, NA)"
2008,0,NA,NA,NA,5912027218,NA,NA,"c(NA, NA)"
2008,0,NA,NA,NA,5911917000,NA,NA,"c(NA, NA)"
2005,0,NA,NA,NA,5912015120,NA,NA,"c(NA, NA)"
2004,0,NA,NA,NA,5912015121,NA,NA,"c(NA, NA)"
2010,0,NA,NA,NA,5912015122,NA,NA,"c(NA, NA)"
2003,0,NA,NA,NA,5912015123,NA,NA,"c(NA, NA)"
2002,0,NA,NA,NA,5912015124,NA,NA,"c(NA, NA)"
2001,0,NA,NA,NA,5912015125,NA,NA,"c(NA, NA)"
1992,96,NA,NA,NA,2610250763,NA,NA,"c(NA, NA)"
1995,2,NA,NA,NA,2610251015,NA,NA,"c(NA, NA)"
1993,0,NA,NA,NA,5911851486,NA,NA,"c(NA, NA)"
1996,0,NA,NA,NA,5911816262,NA,NA,"c(NA, NA)"
1993,0,NA,NA,NA,5911852000,NA,NA,"c(NA, NA)"
2006,0,NA,NA,NA,5912025564,NA,NA,"c(NA, NA)"
2006,0,NA,NA,NA,5912013244,NA,NA,"c(NA, NA)"
2006,4,NA,NA,NA,2610226646,NA,NA,"c(NA, NA)"
1994,0,NA,NA,NA,5912000124,NA,NA,"c(NA, NA)"
1995,0,NA,NA,NA,5912000132,NA,NA,"c(NA, NA)"
1995,84,NA,NA,NA,2610199067,NA,NA,"c(NA, NA)"
2007,0,NA,NA,NA,5912040576,NA,NA,"c(NA, NA)"
2005,1,NA,NA,NA,2610156160,NA,NA,"c(NA, NA)"
2005,0,NA,NA,NA,5912040577,NA,NA,"c(NA, NA)"
2002,1,NA,NA,NA,2610156168,NA,NA,"c(NA, NA)"
2005,0,NA,NA,NA,5911950727,NA,NA,"c(NA, NA)"
1993,0,NA,NA,NA,5911960284,NA,NA,"c(NA, NA)"
1994,21,NA,NA,NA,2610192686,NA,NA,"c(NA, NA)"
1995,0,NA,NA,NA,5911960295,NA,NA,"c(NA, NA)"
1996,24,NA,NA,NA,2610192935,NA,NA,"c(NA, NA)"
1998,0,NA,NA,NA,5911978319,NA,NA,"c(NA, NA)"
1998,2,NA,NA,NA,2610193112,NA,NA,"c(NA, NA)"
1999,51,NA,NA,NA,2610193164,NA,NA,"c(NA, NA)"
2000,0,NA,NA,NA,5911978338,NA,NA,"c(NA, NA)"
1991,0,NA,NA,NA,5911973347,NA,NA,"c(NA, NA)"
1999,30,NA,NA,NA,2610267323,NA,NA,"c(NA, NA)"
1997,13,NA,NA,NA,2610251248,NA,NA,"c(NA, NA)"
1998,0,NA,NA,NA,5911816278,NA,NA,"c(NA, NA)"
2000,0,NA,NA,NA,5911851305,NA,NA,"c(NA, NA)"
2001,0,NA,NA,NA,5911851315,NA,NA,"c(NA, NA)"
1997,0,NA,NA,NA,5911852033,NA,NA,"c(NA, NA)"
2005,1,NA,NA,NA,2610151167,NA,NA,"c(NA, NA)"
2009,0,NA,NA,NA,5912025565,NA,NA,"c(NA, NA)"
2002,1,NA,NA,NA,2610151173,NA,NA,"c(NA, NA)"
2002,0,NA,NA,NA,5912025566,NA,NA,"c(NA, NA)"
2006,0,NA,NA,NA,5912025567,NA,NA,"c(NA, NA)"
2006,0,NA,NA,NA,5912025568,NA,NA,"c(NA, NA)"
2005,0,NA,NA,NA,5912025569,NA,NA,"c(NA, NA)"
1999,24,NA,NA,NA,2610208349,NA,NA,"c(NA, NA)"
2000,0,NA,NA,NA,5912000188,NA,NA,"c(NA, NA)"
2003,0,NA,NA,NA,5912000219,NA,NA,"c(NA, NA)"
2007,0,NA,NA,NA,5912022712,NA,NA,"c(NA, NA)"
2001,0,NA,NA,NA,5912040578,NA,NA,"c(NA, NA)"
2003,0,NA,NA,NA,5912040579,NA,NA,"c(NA, NA)"
2009,0,NA,NA,NA,5912040580,NA,NA,"c(NA, NA)"
2007,0,NA,NA,NA,5912040581,NA,NA,"c(NA, NA)"
2002,0,NA,NA,NA,5912040582,NA,NA,"c(NA, NA)"
2002,0,NA,NA,NA,5912002400,NA,NA,"c(NA, NA)"
2007,0,NA,NA,NA,5912002401,NA,NA,"c(NA, NA)"
2008,0,NA,NA,NA,5912002402,NA,NA,"c(NA, NA)"
2005,0,NA,NA,NA,5912002403,NA,NA,"c(NA, NA)"
2002,4,NA,NA,NA,2610216223,NA,NA,"c(NA, NA)"
2006,0,NA,NA,NA,5912032969,NA,NA,"c(NA, NA)"
1998,0,NA,NA,NA,5911884602,NA,NA,"c(NA, NA)"
1999,0,NA,NA,NA,5911884606,NA,NA,"c(NA, NA)"
1999,39,NA,NA,NA,2610197236,NA,NA,"c(NA, NA)"
2001,0,NA,NA,NA,5911851550,NA,NA,"c(NA, NA)"
2001,0,NA,NA,NA,5911851556,NA,NA,"c(NA, NA)"
2003,0,NA,NA,NA,5911851330,NA,NA,"c(NA, NA)"
2001,0,NA,NA,NA,5911852072,NA,NA,"c(NA, NA)"
2017,0,NA,NA,NA,5911846104,NA,NA,"c(NA, NA)"
1991,0,NA,NA,NA,5911846109,NA,NA,"c(NA, NA)"
2007,0,NA,NA,NA,5912025845,NA,NA,"c(NA, NA)"
2007,0,NA,NA,NA,5912025846,NA,NA,"c(NA, NA)"
2001,1,NA,NA,NA,2610152209,NA,NA,"c(NA, NA)"
2007,0,NA,NA,NA,5912025847,NA,NA,"c(NA, NA)"
2006,0,NA,NA,NA,5912025848,NA,NA,"c(NA, NA)"
2001,14,NA,NA,NA,2610152218,NA,NA,"c(NA, NA)"
2002,0,NA,NA,NA,5912025849,NA,NA,"c(NA, NA)"
2002,1,NA,NA,NA,2610152222,NA,NA,"c(NA, NA)"
2002,0,NA,NA,NA,5912017492,NA,NA,"c(NA, NA)"
2005,0,NA,NA,NA,5912017494,NA,NA,"c(NA, NA)"
2002,3,NA,NA,NA,2610217191,NA,NA,"c(NA, NA)"
2009,0,NA,NA,NA,5912017495,NA,NA,"c(NA, NA)"
2003,0,NA,NA,NA,5912017496,NA,NA,"c(NA, NA)"
2007,0,NA,NA,NA,5912017497,NA,NA,"c(NA, NA)"
2004,0,NA,NA,NA,5912017498,NA,NA,"c(NA, NA)"
2005,0,NA,NA,NA,5912017499,NA,NA,"c(NA, NA)"
2006,0,NA,NA,NA,5912017500,NA,NA,"c(NA, NA)"
2001,20,NA,NA,NA,2610214164,NA,NA,"c(NA, NA)"
2005,1,NA,NA,NA,2610214169,NA,NA,"c(NA, NA)"
2008,0,NA,NA,NA,5912019300,NA,NA,"c(NA, NA)"
2002,1,NA,NA,NA,2610214174,NA,NA,"c(NA, NA)"
2009,0,NA,NA,NA,5912023301,NA,NA,"c(NA, NA)"
2006,0,NA,NA,NA,5912023302,NA,NA,"c(NA, NA)"
2007,0,NA,NA,NA,5912023303,NA,NA,"c(NA, NA)"
2001,0,NA,NA,NA,5911884633,NA,NA,"c(NA, NA)"
2002,0,NA,NA,NA,5911884640,NA,NA,"c(NA, NA)"
2003,0,NA,NA,NA,5911973445,NA,NA,"c(NA, NA)"
2003,11,NA,NA,NA,2610267487,NA,NA,"c(NA, NA)"
2003,0,NA,NA,NA,5911852088,NA,NA,"c(NA, NA)"
1995,0,NA,NA,NA,5911846125,NA,NA,"c(NA, NA)"
1996,13,NA,NA,NA,2610191058,NA,NA,"c(NA, NA)"
2006,1,NA,NA,NA,2610227631,NA,NA,"c(NA, NA)"
2006,1,NA,NA,NA,2610227633,NA,NA,"c(NA, NA)"
2009,0,NA,NA,NA,5912041425,NA,NA,"c(NA, NA)"
2001,9,NA,NA,NA,2610218152,NA,NA,"c(NA, NA)"
2005,0,NA,NA,NA,5912022961,NA,NA,"c(NA, NA)"
2001,3,NA,NA,NA,2610218155,NA,NA,"c(NA, NA)"
2001,4,NA,NA,NA,2610218165,NA,NA,"c(NA, NA)"
2004,6,NA,NA,NA,2610218168,NA,NA,"c(NA, NA)"
2002,3,NA,NA,NA,2610218169,NA,NA,"c(NA, NA)"
2008,0,NA,NA,NA,5912022962,NA,NA,"c(NA, NA)"
2003,0,NA,NA,NA,5912022963,NA,NA,"c(NA, NA)"
2009,0,NA,NA,NA,5912022964,NA,NA,"c(NA, NA)"
2012,4,NA,NA,NA,2610243070,NA,NA,"c(NA, NA)"
2017,1,NA,NA,NA,2610240167,50.771038,3.027466,"c(3.027466, 50.771038)"
2012,0,NA,NA,NA,5912043034,NA,NA,"c(NA, NA)"
2009,0,NA,NA,NA,5912013831,NA,NA,"c(NA, NA)"
2003,1,NA,NA,NA,2610211171,NA,NA,"c(NA, NA)"
2003,0,NA,NA,NA,5912013832,NA,NA,"c(NA, NA)"
2002,1,NA,NA,NA,2610211176,NA,NA,"c(NA, NA)"
2003,0,NA,NA,NA,5912013833,NA,NA,"c(NA, NA)"
2002,3,NA,NA,NA,2610211182,NA,NA,"c(NA, NA)"
2002,2,NA,NA,NA,2610211187,NA,NA,"c(NA, NA)"
1995,0,NA,NA,NA,5911974126,NA,NA,"c(NA, NA)"
1996,0,NA,NA,NA,5911974138,NA,NA,"c(NA, NA)"
1997,37,NA,NA,NA,2610196049,NA,NA,"c(NA, NA)"
2017,0,NA,NA,NA,5911997335,NA,NA,"c(NA, NA)"
1993,0,NA,NA,NA,5911997343,NA,NA,"c(NA, NA)"
1993,173,NA,NA,NA,2610198785,NA,NA,"c(NA, NA)"
1993,31,NA,NA,NA,2610198795,NA,NA,"c(NA, NA)"
1997,0,NA,NA,NA,5911846136,NA,NA,"c(NA, NA)"
1997,51,NA,NA,NA,2610191152,NA,NA,"c(NA, NA)"
1998,8,NA,NA,NA,2610191192,NA,NA,"c(NA, NA)"
1999,20,NA,NA,NA,2610191252,NA,NA,"c(NA, NA)"
2001,94,NA,NA,NA,2610200354,NA,NA,"c(NA, NA)"
2001,0,NA,NA,NA,5911846183,NA,NA,"c(NA, NA)"
2008,0,NA,NA,NA,5912023181,NA,NA,"c(NA, NA)"
2008,0,NA,NA,NA,5912023182,NA,NA,"c(NA, NA)"
1992,0,NA,NA,NA,5912043056,NA,NA,"c(NA, NA)"
1993,0,NA,NA,NA,5912043061,NA,NA,"c(NA, NA)"
1999,157,NA,NA,NA,2610196203,NA,NA,"c(NA, NA)"
2000,0,NA,NA,NA,5911974185,NA,NA,"c(NA, NA)"
1995,58,NA,NA,NA,2610199085,NA,NA,"c(NA, NA)"
1997,12,NA,NA,NA,2610199194,NA,NA,"c(NA, NA)"
2003,59,NA,NA,NA,2610200425,NA,NA,"c(NA, NA)"
2003,0,NA,NA,NA,5912041689,NA,NA,"c(NA, NA)"
2004,0,NA,NA,NA,5912041691,NA,NA,"c(NA, NA)"
2004,0,NA,NA,NA,5912041692,NA,NA,"c(NA, NA)"
2004,2,NA,NA,NA,2610216214,NA,NA,"c(NA, NA)"
2007,0,NA,NA,NA,5912041693,NA,NA,"c(NA, NA)"
2005,0,NA,NA,NA,5912041694,NA,NA,"c(NA, NA)"
2001,0,NA,NA,NA,5912041695,NA,NA,"c(NA, NA)"
2010,0,NA,NA,NA,5912028171,NA,NA,"c(NA, NA)"
2009,0,NA,NA,NA,5912023516,NA,NA,"c(NA, NA)"
2007,0,NA,NA,NA,5912023517,NA,NA,"c(NA, NA)"
2002,0,NA,NA,NA,5911997413,NA,NA,"c(NA, NA)"
2003,18,NA,NA,NA,2610208506,NA,NA,"c(NA, NA)"
2003,0,NA,NA,NA,5911846204,NA,NA,"c(NA, NA)"
2011,5,NA,NA,NA,2610246024,NA,NA,"c(NA, NA)"
2006,0,NA,NA,NA,5911962339,NA,NA,"c(NA, NA)"
1995,8,NA,NA,NA,2610251052,NA,NA,"c(NA, NA)"
1991,0,NA,NA,NA,5912010599,NA,NA,"c(NA, NA)"
2004,0,NA,NA,NA,5912033220,NA,NA,"c(NA, NA)"
2003,0,NA,NA,NA,5912033222,NA,NA,"c(NA, NA)"
2003,4,NA,NA,NA,2610213155,NA,NA,"c(NA, NA)"
2009,0,NA,NA,NA,5912033223,NA,NA,"c(NA, NA)"
2008,0,NA,NA,NA,5912033224,NA,NA,"c(NA, NA)"
2004,1,NA,NA,NA,2610213166,NA,NA,"c(NA, NA)"
2003,1,NA,NA,NA,2610213169,NA,NA,"c(NA, NA)"
2003,1,NA,NA,NA,2610213174,NA,NA,"c(NA, NA)"
2003,0,NA,NA,NA,5911997425,NA,NA,"c(NA, NA)"
2018,5,NA,NA,NA,2610256321,50.991139,2.586717,"c(2.586717, 50.991139)"
1994,238,NA,NA,NA,2610256829,NA,NA,"c(NA, NA)"
1997,21,NA,NA,NA,2610251268,NA,NA,"c(NA, NA)"
1998,3,NA,NA,NA,2610260305,NA,NA,"c(NA, NA)"
1992,0,NA,NA,NA,5912010603,NA,NA,"c(NA, NA)"
1995,94,NA,NA,NA,2610253915,NA,NA,"c(NA, NA)"
1995,0,NA,NA,NA,5912010625,NA,NA,"c(NA, NA)"
2005,0,NA,NA,NA,5912033427,NA,NA,"c(NA, NA)"
2003,0,NA,NA,NA,5912033428,NA,NA,"c(NA, NA)"
2008,0,NA,NA,NA,5912033430,NA,NA,"c(NA, NA)"
2008,0,NA,NA,NA,5912033431,NA,NA,"c(NA, NA)"
2001,9,NA,NA,NA,2610219166,NA,NA,"c(NA, NA)"
2004,0,NA,NA,NA,5912033432,NA,NA,"c(NA, NA)"
2001,1,NA,NA,NA,2610219173,NA,NA,"c(NA, NA)"
2009,0,NA,NA,NA,5911944540,NA,NA,"c(NA, NA)"
2008,0,NA,NA,NA,5911944541,NA,NA,"c(NA, NA)"
2006,1,NA,NA,NA,2610220615,NA,NA,"c(NA, NA)"
1995,0,NA,NA,NA,5912038252,NA,NA,"c(NA, NA)"
1998,6,NA,NA,NA,2610257131,NA,NA,"c(NA, NA)"
1998,0,NA,NA,NA,5912038281,NA,NA,"c(NA, NA)"
1998,0,NA,NA,NA,5912038283,NA,NA,"c(NA, NA)"
1999,0,NA,NA,NA,5912038288,NA,NA,"c(NA, NA)"
1998,5,NA,NA,NA,2610254212,NA,NA,"c(NA, NA)"
2018,0,NA,NA,NA,5911999310,50.995106,2.580851,"c(2.580851, 50.995106)"
2018,0,NA,NA,NA,5911999322,51.478615,4.478946,"c(4.478946, 51.478615)"
2013,0,NA,NA,NA,5911999343,NA,NA,"c(NA, NA)"
2000,0,NA,NA,NA,5912010676,NA,NA,"c(NA, NA)"
2003,0,NA,NA,NA,5912010702,NA,NA,"c(NA, NA)"
2009,0,NA,NA,NA,5912033625,NA,NA,"c(NA, NA)"
2005,0,NA,NA,NA,5912033655,NA,NA,"c(NA, NA)"
1995,12,NA,NA,NA,2610196881,NA,NA,"c(NA, NA)"
1995,16,NA,NA,NA,2610196957,NA,NA,"c(NA, NA)"
1996,103,NA,NA,NA,2610197021,NA,NA,"c(NA, NA)"
1996,17,NA,NA,NA,2610197072,NA,NA,"c(NA, NA)"
2008,0,NA,NA,NA,5912036455,NA,NA,"c(NA, NA)"
2005,0,NA,NA,NA,5912036456,NA,NA,"c(NA, NA)"
1997,0,NA,NA,NA,5911999404,NA,NA,"c(NA, NA)"
1999,0,NA,NA,NA,5911999422,NA,NA,"c(NA, NA)"
1999,61,NA,NA,NA,2610197252,NA,NA,"c(NA, NA)"
1999,0,NA,NA,NA,5911999430,NA,NA,"c(NA, NA)"
2001,0,NA,NA,NA,5911999449,NA,NA,"c(NA, NA)"
2005,0,NA,NA,NA,5911976957,NA,NA,"c(NA, NA)"
2005,0,NA,NA,NA,5911976958,NA,NA,"c(NA, NA)"
2005,0,NA,NA,NA,5911976959,NA,NA,"c(NA, NA)"
2007,0,NA,NA,NA,5911976960,NA,NA,"c(NA, NA)"
2003,0,NA,NA,NA,5911976961,NA,NA,"c(NA, NA)"
2008,0,NA,NA,NA,5911976962,NA,NA,"c(NA, NA)"
2003,11,NA,NA,NA,2610205441,NA,NA,"c(NA, NA)"
1992,14,NA,NA,NA,2610258666,NA,NA,"c(NA, NA)"
2002,3,NA,NA,NA,2610213147,NA,NA,"c(NA, NA)"
2002,32,NA,NA,NA,2610213148,NA,NA,"c(NA, NA)"
2006,0,NA,NA,NA,5911944796,NA,NA,"c(NA, NA)"
2004,4,NA,NA,NA,2610213156,NA,NA,"c(NA, NA)"
2005,0,NA,NA,NA,5911944797,NA,NA,"c(NA, NA)"
2001,0,NA,NA,NA,5911944798,NA,NA,"c(NA, NA)"
2005,0,NA,NA,NA,5911944799,NA,NA,"c(NA, NA)"
2003,0,NA,NA,NA,5911976963,NA,NA,"c(NA, NA)"
2001,3,NA,NA,NA,2610150198,NA,NA,"c(NA, NA)"
2007,0,NA,NA,NA,5911976964,NA,NA,"c(NA, NA)"
2008,0,NA,NA,NA,5911976965,NA,NA,"c(NA, NA)"
1994,85,NA,NA,NA,2610258898,NA,NA,"c(NA, NA)"
1996,112,NA,NA,NA,2610259041,NA,NA,"c(NA, NA)"
1997,38,NA,NA,NA,2610259138,NA,NA,"c(NA, NA)"
2011,2,NA,NA,NA,2610189008,NA,NA,"c(NA, NA)"
2001,143,NA,NA,NA,2610268380,NA,NA,"c(NA, NA)"
2012,2,NA,NA,NA,2610248096,NA,NA,"c(NA, NA)"
1995,68,NA,NA,NA,2610254957,NA,NA,"c(NA, NA)"
2006,0,NA,NA,NA,5911944999,NA,NA,"c(NA, NA)"
2004,0,NA,NA,NA,5911977185,NA,NA,"c(NA, NA)"
2018,0,NA,NA,NA,5911979080,NA,NA,"c(NA, NA)"
1991,0,NA,NA,NA,5911979083,NA,NA,"c(NA, NA)"
1991,179,NA,NA,NA,2610197469,NA,NA,"c(NA, NA)"
1993,19,NA,NA,NA,2610197665,NA,NA,"c(NA, NA)"
1991,8,NA,NA,NA,2610257590,NA,NA,"c(NA, NA)"
1997,7,NA,NA,NA,2610255099,NA,NA,"c(NA, NA)"
1995,53,NA,NA,NA,2610197917,NA,NA,"c(NA, NA)"
1996,53,NA,NA,NA,2610198018,NA,NA,"c(NA, NA)"
1996,56,NA,NA,NA,2610198023,NA,NA,"c(NA, NA)"
1998,0,NA,NA,NA,5911979142,NA,NA,"c(NA, NA)"
1999,0,NA,NA,NA,5911979144,NA,NA,"c(NA, NA)"
1994,0,NA,NA,NA,5912042806,NA,NA,"c(NA, NA)"
1996,0,NA,NA,NA,5912042818,NA,NA,"c(NA, NA)"
1997,1,NA,NA,NA,2610258188,NA,NA,"c(NA, NA)"
2002,0,NA,NA,NA,5912043915,NA,NA,"c(NA, NA)"
2002,0,NA,NA,NA,5912042882,NA,NA,"c(NA, NA)"
2003,0,NA,NA,NA,5911979191,NA,NA,"c(NA, NA)"
1991,171,NA,NA,NA,2610255555,NA,NA,"c(NA, NA)"
1994,125,NA,NA,NA,2610255849,NA,NA,"c(NA, NA)"
2018,0,NA,NA,NA,5911973059,51.478615,4.478946,"c(4.478946, 51.478615)"
2018,0,NA,NA,NA,5912037658,50.991139,2.586717,"c(2.586717, 50.991139)"
2002,185,NA,NA,NA,2610265444,NA,NA,"c(NA, NA)"
2002,0,NA,NA,NA,5912044181,NA,NA,"c(NA, NA)"
2018,1,NA,NA,NA,2610241241,50.991139,2.586717,"c(2.586717, 50.991139)"
1992,61,NA,NA,NA,2610253652,NA,NA,"c(NA, NA)"
1993,11,NA,NA,NA,2610253761,NA,NA,"c(NA, NA)"
1992,0,NA,NA,NA,5912037980,NA,NA,"c(NA, NA)"
1996,39,NA,NA,NA,2610254075,NA,NA,"c(NA, NA)"
1993,0,NA,NA,NA,5912037981,NA,NA,"c(NA, NA)"
1998,0,NA,NA,NA,5912037746,NA,NA,"c(NA, NA)"
1998,40,NA,NA,NA,2610254235,NA,NA,"c(NA, NA)"
1998,0,NA,NA,NA,5912038021,NA,NA,"c(NA, NA)"
1992,0,NA,NA,NA,5912042528,NA,NA,"c(NA, NA)"
1994,67,NA,NA,NA,2610252700,NA,NA,"c(NA, NA)"
1994,0,NA,NA,NA,5912042543,NA,NA,"c(NA, NA)"
1998,13,NA,NA,NA,2610250100,NA,NA,"c(NA, NA)"
2018,0,NA,NA,NA,5912010312,51.478615,4.478946,"c(4.478946, 51.478615)"
1997,0,NA,NA,NA,5912042571,NA,NA,"c(NA, NA)"
1999,45,NA,NA,NA,2610253155,NA,NA,"c(NA, NA)"
2002,45,NA,NA,NA,2610253281,NA,NA,"c(NA, NA)"
2001,193,NA,NA,NA,2610250245,NA,NA,"c(NA, NA)"
2011,4,NA,NA,NA,2610183053,NA,NA,"c(NA, NA)"
1992,0,NA,NA,NA,5912010356,NA,NA,"c(NA, NA)"
1991,3,NA,NA,NA,2610194527,NA,NA,"c(NA, NA)"
1996,54,NA,NA,NA,2610256133,NA,NA,"c(NA, NA)"
1996,10,NA,NA,NA,2610195050,NA,NA,"c(NA, NA)"
1996,0,NA,NA,NA,5911999876,NA,NA,"c(NA, NA)"
2018,0,NA,NA,NA,5911978498,51.478615,4.478946,"c(4.478946, 51.478615)"
2018,0,NA,NA,NA,5911994798,51.478615,4.478946,"c(4.478946, 51.478615)"
2008,1,NA,NA,NA,2610257501,NA,NA,"c(NA, NA)"
1991,70,NA,NA,NA,2610257544,NA,NA,"c(NA, NA)"
1997,19,NA,NA,NA,2610256182,NA,NA,"c(NA, NA)"
1997,5,NA,NA,NA,2610256230,NA,NA,"c(NA, NA)"
1998,0,NA,NA,NA,5912010394,NA,NA,"c(NA, NA)"
1998,8,NA,NA,NA,2610265302,NA,NA,"c(NA, NA)"
1999,0,NA,NA,NA,5912010407,NA,NA,"c(NA, NA)"
2001,0,NA,NA,NA,5912010436,NA,NA,"c(NA, NA)"
1999,71,NA,NA,NA,2610195270,NA,NA,"c(NA, NA)"
1999,19,NA,NA,NA,2610195284,NA,NA,"c(NA, NA)"
2000,0,NA,NA,NA,5911999917,NA,NA,"c(NA, NA)"
2018,0,NA,NA,NA,5912013349,51.478615,4.478946,"c(4.478946, 51.478615)"
1991,81,NA,NA,NA,2610195426,NA,NA,"c(NA, NA)"
1991,67,NA,NA,NA,2610190464,NA,NA,"c(NA, NA)"
1992,0,NA,NA,NA,5911978541,NA,NA,"c(NA, NA)"
1993,19,NA,NA,NA,2610257753,NA,NA,"c(NA, NA)"
1994,42,NA,NA,NA,2610257921,NA,NA,"c(NA, NA)"
1995,10,NA,NA,NA,2610258026,NA,NA,"c(NA, NA)"
2003,4,NA,NA,NA,2610265533,NA,NA,"c(NA, NA)"
1994,0,NA,NA,NA,5912013401,NA,NA,"c(NA, NA)"
1994,2,NA,NA,NA,2610190832,NA,NA,"c(NA, NA)"
1996,12,NA,NA,NA,2610190086,NA,NA,"c(NA, NA)"
1995,17,NA,NA,NA,2610195831,NA,NA,"c(NA, NA)"
1995,156,NA,NA,NA,2610190939,NA,NA,"c(NA, NA)"
1995,0,NA,NA,NA,5912013412,NA,NA,"c(NA, NA)"
1997,57,NA,NA,NA,2610190200,NA,NA,"c(NA, NA)"
1997,19,NA,NA,NA,2610258218,NA,NA,"c(NA, NA)"
1998,245,NA,NA,NA,2610258284,NA,NA,"c(NA, NA)"
1999,0,NA,NA,NA,5911994893,NA,NA,"c(NA, NA)"
1999,2,NA,NA,NA,2610267330,NA,NA,"c(NA, NA)"
2000,103,NA,NA,NA,2610267364,NA,NA,"c(NA, NA)"
1999,1,NA,NA,NA,2610191262,NA,NA,"c(NA, NA)"
2002,25,NA,NA,NA,2610200397,NA,NA,"c(NA, NA)"
2000,239,NA,NA,NA,2610199376,NA,NA,"c(NA, NA)"
1999,0,NA,NA,NA,5912013444,NA,NA,"c(NA, NA)"
2002,0,NA,NA,NA,5912013480,NA,NA,"c(NA, NA)"
2002,0,NA,NA,NA,5912013482,NA,NA,"c(NA, NA)"
2001,160,NA,NA,NA,2610267412,NA,NA,"c(NA, NA)"
2003,0,NA,NA,NA,5911994946,NA,NA,"c(NA, NA)"
2017,0,NA,NA,NA,5911996160,50.771038,3.027466,"c(3.027466, 50.771038)"
2018,0,NA,NA,NA,5912016330,51.478615,4.478946,"c(4.478946, 51.478615)"
1994,16,NA,NA,NA,2610252690,NA,NA,"c(NA, NA)"
2018,0,NA,NA,NA,5911996265,NA,NA,"c(NA, NA)"
1994,45,NA,NA,NA,2610252778,NA,NA,"c(NA, NA)"
1992,0,NA,NA,NA,5911996277,NA,NA,"c(NA, NA)"
1996,0,NA,NA,NA,5912016399,NA,NA,"c(NA, NA)"
1997,90,NA,NA,NA,2610253015,NA,NA,"c(NA, NA)"
1997,4,NA,NA,NA,2610253054,NA,NA,"c(NA, NA)"
1998,0,NA,NA,NA,5912016418,NA,NA,"c(NA, NA)"
1995,0,NA,NA,NA,5911996300,NA,NA,"c(NA, NA)"
2002,0,NA,NA,NA,5912016463,NA,NA,"c(NA, NA)"
2003,0,NA,NA,NA,5912016469,NA,NA,"c(NA, NA)"
2003,0,NA,NA,NA,5912016472,NA,NA,"c(NA, NA)"
1999,0,NA,NA,NA,5912009344,NA,NA,"c(NA, NA)"
2022,1,NA,NA,NA,3903844438,51.28595,3.51217,"c(3.51217, 51.28595)"
2021,1,NA,NA,NA,3780766805,51.27039,3.52001,"c(3.52001, 51.27039)"
2023,2,NA,NA,NA,4020469315,50.77098,3.02768,"c(3.02768, 50.77098)"
2022,1,NA,NA,NA,3903845410,51.2865,3.51393,"c(3.51393, 51.2865)"
2023,1,NA,NA,NA,4153021392,50.77072,3.02772,"c(3.02772, 50.77072)"
2023,1,NA,NA,NA,4041152439,50.77098,3.02768,"c(3.02768, 50.77098)"
2022,1,NA,NA,NA,3903844599,50.8983,2.60672,"c(2.60672, 50.8983)"
2022,2,NA,NA,NA,3903844902,50.8983,2.60672,"c(2.60672, 50.8983)"
2021,1,NA,NA,NA,3780781411,51.07005,2.55829,"c(2.55829, 51.07005)"
2021,2,NA,NA,NA,3780782974,50.77076,3.02771,"c(3.02771, 50.77076)"
2021,2,NA,NA,NA,3780783242,50.77076,3.02771,"c(3.02771, 50.77076)"
2024,1,NA,NA,NA,4985391483,51.06531,2.55717,"c(2.55717, 51.06531)"
2024,1,NA,NA,NA,4974771471,51.06746,2.55673,"c(2.55673, 51.06746)"
2022,1,NA,NA,NA,3903846362,51.28595,3.51217,"c(3.51217, 51.28595)"
2022,1,NA,NA,NA,3903846383,51.30041,3.60587,"c(3.60587, 51.30041)"
2024,2,NA,NA,NA,4857751404,50.7706,3.02859,"c(3.02859, 50.7706)"
2024,2,NA,NA,NA,4985391327,51.06531,2.55717,"c(2.55717, 51.06531)"
2021,1,NA,NA,NA,3780772352,51.27039,3.52001,"c(3.52001, 51.27039)"
2023,2,NA,NA,NA,4153021364,50.77072,3.02772,"c(3.02772, 50.77072)"
2022,2,NA,NA,NA,3979392383,51.28596,3.51192,"c(3.51192, 51.28596)"
2021,1,NA,NA,NA,3780775744,51.07005,2.55829,"c(2.55829, 51.07005)"
2022,1,NA,NA,NA,3903845977,51.28595,3.51217,"c(3.51217, 51.28595)"
2022,1,NA,NA,NA,3903846897,51.28595,3.51217,"c(3.51217, 51.28595)"
2023,2,NA,NA,NA,4068155402,50.87028,2.60721,"c(2.60721, 50.87028)"
2021,1,NA,NA,NA,3780780877,51.07001,2.5581,"c(2.5581, 51.07001)"
2023,1,NA,NA,NA,4027218381,50.77098,3.02768,"c(3.02768, 50.77098)"
2024,1,NA,NA,NA,4605167424,51.28064,3.51519,"c(3.51519, 51.28064)"
2019,10,NA,NA,NA,3046674511,50.98317,2.56065,"c(2.56065, 50.98317)"
2019,2,NA,NA,NA,3046675176,51.06216,2.52887,"c(2.52887, 51.06216)"
2019,8,NA,NA,NA,3046675358,50.98317,2.56065,"c(2.56065, 50.98317)"
2019,5,NA,NA,NA,3046675501,50.99691,2.56526,"c(2.56526, 50.99691)"
2020,3,NA,NA,NA,3046676114,51.07002,2.55797,"c(2.55797, 51.07002)"
2019,1,NA,NA,NA,3046676128,50.77904,3.05126,"c(3.05126, 50.77904)"
2019,2,NA,NA,NA,3046676343,50.77904,3.05126,"c(3.05126, 50.77904)"
2019,2,NA,NA,NA,3046677170,51.06362,2.53331,"c(2.53331, 51.06362)"
2019,5,NA,NA,NA,3046677670,51.00115,2.56947,"c(2.56947, 51.00115)"
2019,1,NA,NA,NA,3046677859,50.77904,3.05126,"c(3.05126, 50.77904)"
2019,2,NA,NA,NA,3046678686,50.77904,3.05126,"c(3.05126, 50.77904)"
2019,5,NA,NA,NA,3046678971,50.996,2.58126,"c(2.58126, 50.996)"
2019,8,NA,NA,NA,3046678976,51.06362,2.53331,"c(2.53331, 51.06362)"
2019,1,NA,NA,NA,3046678975,50.99476,2.57956,"c(2.57956, 50.99476)"
2019,3,NA,NA,NA,3046678982,51.062,2.53453,"c(2.53453, 51.062)"
2019,1,NA,NA,NA,3046679355,50.77904,3.05126,"c(3.05126, 50.77904)"
2019,5,NA,NA,NA,3046679833,51.06216,2.52887,"c(2.52887, 51.06216)"
2008,0,NA,NA,NA,5911810594,NA,NA,"c(NA, NA)"
2008,0,NA,NA,NA,5911789317,NA,NA,"c(NA, NA)"
2007,0,NA,NA,NA,5911789318,NA,NA,"c(NA, NA)"
2006,0,NA,NA,NA,5911924287,NA,NA,"c(NA, NA)"
2008,0,NA,NA,NA,5911694375,NA,NA,"c(NA, NA)"
2001,0,NA,NA,NA,5911694376,NA,NA,"c(NA, NA)"
2003,0,NA,NA,NA,5911810595,NA,NA,"c(NA, NA)"
2001,0,NA,NA,NA,5911694673,NA,NA,"c(NA, NA)"
2002,0,NA,NA,NA,5911694674,NA,NA,"c(NA, NA)"
2001,0,NA,NA,NA,5911694377,NA,NA,"c(NA, NA)"
2003,0,NA,NA,NA,5911731854,NA,NA,"c(NA, NA)"
2002,0,NA,NA,NA,5911731855,NA,NA,"c(NA, NA)"
2001,4,NA,NA,NA,2610154112,NA,NA,"c(NA, NA)"
2007,0,NA,NA,NA,5911821022,NA,NA,"c(NA, NA)"
2003,3,NA,NA,NA,2610154114,NA,NA,"c(NA, NA)"
2006,0,NA,NA,NA,5911821023,NA,NA,"c(NA, NA)"
2006,0,NA,NA,NA,5911821024,NA,NA,"c(NA, NA)"
2006,0,NA,NA,NA,5911821025,NA,NA,"c(NA, NA)"
2010,0,NA,NA,NA,5911821026,NA,NA,"c(NA, NA)"
2008,0,NA,NA,NA,5911821027,NA,NA,"c(NA, NA)"
2005,1,NA,NA,NA,2610153170,NA,NA,"c(NA, NA)"
2007,0,NA,NA,NA,5911708614,NA,NA,"c(NA, NA)"
2007,0,NA,NA,NA,5911960543,NA,NA,"c(NA, NA)"
2004,0,NA,NA,NA,5911960545,NA,NA,"c(NA, NA)"
2008,0,NA,NA,NA,5911960546,NA,NA,"c(NA, NA)"
2002,0,NA,NA,NA,5911960547,NA,NA,"c(NA, NA)"
2009,0,NA,NA,NA,5911960548,NA,NA,"c(NA, NA)"
2004,0,NA,NA,NA,5911960549,NA,NA,"c(NA, NA)"
2002,0,NA,NA,NA,5911960550,NA,NA,"c(NA, NA)"
2003,0,NA,NA,NA,5911960551,NA,NA,"c(NA, NA)"
2005,1,NA,NA,NA,2610151164,NA,NA,"c(NA, NA)"
2005,0,NA,NA,NA,5911695212,NA,NA,"c(NA, NA)"
2004,0,NA,NA,NA,5911695213,NA,NA,"c(NA, NA)"
2003,1,NA,NA,NA,2610151176,NA,NA,"c(NA, NA)"
2007,0,NA,NA,NA,5911695214,NA,NA,"c(NA, NA)"
2010,0,NA,NA,NA,5911695215,NA,NA,"c(NA, NA)"
2007,0,NA,NA,NA,5911695216,NA,NA,"c(NA, NA)"
2001,2,NA,NA,NA,2610210181,NA,NA,"c(NA, NA)"
2003,0,NA,NA,NA,5911844026,NA,NA,"c(NA, NA)"
2009,0,NA,NA,NA,5911844027,NA,NA,"c(NA, NA)"
2002,0,NA,NA,NA,5911844028,NA,NA,"c(NA, NA)"
2002,1,NA,NA,NA,2610210199,NA,NA,"c(NA, NA)"
2004,0,NA,NA,NA,5911844029,NA,NA,"c(NA, NA)"
2007,0,NA,NA,NA,5911946271,NA,NA,"c(NA, NA)"
2004,0,NA,NA,NA,5911731510,NA,NA,"c(NA, NA)"
2006,1,NA,NA,NA,2610153183,NA,NA,"c(NA, NA)"
2002,3,NA,NA,NA,2610153185,NA,NA,"c(NA, NA)"
2003,1,NA,NA,NA,2610153190,NA,NA,"c(NA, NA)"
2007,0,NA,NA,NA,5911731511,NA,NA,"c(NA, NA)"
2004,0,NA,NA,NA,5911731512,NA,NA,"c(NA, NA)"
2006,0,NA,NA,NA,5911708615,NA,NA,"c(NA, NA)"
2002,2,NA,NA,NA,2610153188,NA,NA,"c(NA, NA)"
2006,0,NA,NA,NA,5911708616,NA,NA,"c(NA, NA)"
2006,0,NA,NA,NA,5911708617,NA,NA,"c(NA, NA)"
2004,2,NA,NA,NA,2610153196,NA,NA,"c(NA, NA)"
2005,0,NA,NA,NA,5911708618,NA,NA,"c(NA, NA)"
2001,12,NA,NA,NA,2610153197,NA,NA,"c(NA, NA)"
2003,2,NA,NA,NA,2610216203,NA,NA,"c(NA, NA)"
2005,1,NA,NA,NA,2610216207,NA,NA,"c(NA, NA)"
2002,1,NA,NA,NA,2610216209,NA,NA,"c(NA, NA)"
2004,4,NA,NA,NA,2610216211,NA,NA,"c(NA, NA)"
2002,4,NA,NA,NA,2610216219,NA,NA,"c(NA, NA)"
2001,0,NA,NA,NA,5911946276,NA,NA,"c(NA, NA)"
2004,0,NA,NA,NA,5911946277,NA,NA,"c(NA, NA)"
2005,0,NA,NA,NA,5911789856,NA,NA,"c(NA, NA)"
2005,0,NA,NA,NA,5911789857,NA,NA,"c(NA, NA)"
2008,0,NA,NA,NA,5911789858,NA,NA,"c(NA, NA)"
2005,0,NA,NA,NA,5911789859,NA,NA,"c(NA, NA)"
2003,0,NA,NA,NA,5911789860,NA,NA,"c(NA, NA)"
2009,0,NA,NA,NA,5911821235,NA,NA,"c(NA, NA)"
2009,0,NA,NA,NA,5911731707,NA,NA,"c(NA, NA)"
2006,0,NA,NA,NA,5911708855,NA,NA,"c(NA, NA)"
2007,0,NA,NA,NA,5911731417,NA,NA,"c(NA, NA)"
2008,0,NA,NA,NA,5911960780,NA,NA,"c(NA, NA)"
2006,13,NA,NA,NA,2610162637,NA,NA,"c(NA, NA)"
2009,0,NA,NA,NA,5911790057,NA,NA,"c(NA, NA)"
2007,0,NA,NA,NA,5911760447,NA,NA,"c(NA, NA)"
2005,0,NA,NA,NA,5911990677,NA,NA,"c(NA, NA)"
2009,0,NA,NA,NA,5911938176,NA,NA,"c(NA, NA)"
2007,0,NA,NA,NA,5911938177,NA,NA,"c(NA, NA)"
2007,0,NA,NA,NA,5911905988,NA,NA,"c(NA, NA)"
2005,0,NA,NA,NA,5911694974,NA,NA,"c(NA, NA)"
2018,0,NA,NA,NA,5911788826,50.994767,2.57987,"c(2.57987, 50.994767)"
2018,0,NA,NA,NA,5911788831,51.478615,4.478946,"c(4.478946, 51.478615)"
2007,0,NA,NA,NA,5911937878,NA,NA,"c(NA, NA)"
2001,0,NA,NA,NA,5911937879,NA,NA,"c(NA, NA)"
2018,4,NA,NA,NA,2610250458,50.995257,2.582233,"c(2.582233, 50.995257)"
2018,0,NA,NA,NA,5911891940,51.478615,4.478946,"c(4.478946, 51.478615)"
2018,0,NA,NA,NA,5911788330,50.995106,2.580851,"c(2.580851, 50.995106)"
2014,0,NA,NA,NA,5911929961,NA,NA,"c(NA, NA)"
2001,0,NA,NA,NA,5911781420,NA,NA,"c(NA, NA)"
2003,0,NA,NA,NA,5911938178,NA,NA,"c(NA, NA)"
2005,0,NA,NA,NA,5911906291,NA,NA,"c(NA, NA)"
2005,0,NA,NA,NA,5911906292,NA,NA,"c(NA, NA)"
1993,72,NA,NA,NA,2610190667,NA,NA,"c(NA, NA)"
1994,0,NA,NA,NA,5911929991,NA,NA,"c(NA, NA)"
2018,0,NA,NA,NA,5911788563,50.994767,2.57987,"c(2.57987, 50.994767)"
2018,0,NA,NA,NA,5911788573,51.478615,4.478946,"c(4.478946, 51.478615)"
1995,21,NA,NA,NA,2610194968,NA,NA,"c(NA, NA)"
1996,32,NA,NA,NA,2610192083,NA,NA,"c(NA, NA)"
1998,111,NA,NA,NA,2610195243,NA,NA,"c(NA, NA)"
1999,0,NA,NA,NA,5911929557,NA,NA,"c(NA, NA)"
1998,0,NA,NA,NA,5911788927,NA,NA,"c(NA, NA)"
1998,101,NA,NA,NA,2610193132,NA,NA,"c(NA, NA)"
1999,0,NA,NA,NA,5911788933,NA,NA,"c(NA, NA)"
1999,0,NA,NA,NA,5911788934,NA,NA,"c(NA, NA)"
2001,0,NA,NA,NA,5911788964,NA,NA,"c(NA, NA)"
2008,0,NA,NA,NA,5911762725,NA,NA,"c(NA, NA)"
2005,0,NA,NA,NA,5911762726,NA,NA,"c(NA, NA)"
2009,0,NA,NA,NA,5911905989,NA,NA,"c(NA, NA)"
2007,0,NA,NA,NA,5911905990,NA,NA,"c(NA, NA)"
1999,0,NA,NA,NA,5911892026,NA,NA,"c(NA, NA)"
1999,38,NA,NA,NA,2610260382,NA,NA,"c(NA, NA)"
1999,0,NA,NA,NA,5911892032,NA,NA,"c(NA, NA)"
1992,12,NA,NA,NA,2610189670,NA,NA,"c(NA, NA)"
2001,0,NA,NA,NA,5911747175,NA,NA,"c(NA, NA)"
2001,0,NA,NA,NA,5911747176,NA,NA,"c(NA, NA)"
2000,0,NA,NA,NA,5911930045,NA,NA,"c(NA, NA)"
1992,19,NA,NA,NA,2610257675,NA,NA,"c(NA, NA)"
1999,0,NA,NA,NA,5911788432,NA,NA,"c(NA, NA)"
2001,0,NA,NA,NA,5911930060,NA,NA,"c(NA, NA)"
1994,0,NA,NA,NA,5911788625,NA,NA,"c(NA, NA)"
2000,0,NA,NA,NA,5911788440,NA,NA,"c(NA, NA)"
2001,0,NA,NA,NA,5911929576,NA,NA,"c(NA, NA)"
2000,39,NA,NA,NA,2610200336,NA,NA,"c(NA, NA)"
2001,0,NA,NA,NA,5911788455,NA,NA,"c(NA, NA)"
2001,0,NA,NA,NA,5911788457,NA,NA,"c(NA, NA)"
2001,188,NA,NA,NA,2610203367,NA,NA,"c(NA, NA)"
2002,0,NA,NA,NA,5911929592,NA,NA,"c(NA, NA)"
2007,0,NA,NA,NA,5911694975,NA,NA,"c(NA, NA)"
2003,0,NA,NA,NA,5911694976,NA,NA,"c(NA, NA)"
2001,0,NA,NA,NA,5911870979,NA,NA,"c(NA, NA)"
2008,0,NA,NA,NA,5911937581,NA,NA,"c(NA, NA)"
2001,0,NA,NA,NA,5911937582,NA,NA,"c(NA, NA)"
1993,0,NA,NA,NA,5911859227,NA,NA,"c(NA, NA)"
1998,0,NA,NA,NA,5911788656,NA,NA,"c(NA, NA)"
2002,0,NA,NA,NA,5911788702,NA,NA,"c(NA, NA)"
2003,21,NA,NA,NA,2610199475,NA,NA,"c(NA, NA)"
1996,20,NA,NA,NA,2610258148,NA,NA,"c(NA, NA)"
1999,112,NA,NA,NA,2610267328,NA,NA,"c(NA, NA)"
2000,0,NA,NA,NA,5911859291,NA,NA,"c(NA, NA)"
2002,224,NA,NA,NA,2610267419,NA,NA,"c(NA, NA)"
2002,359,NA,NA,NA,2610267425,NA,NA,"c(NA, NA)"
2002,0,NA,NA,NA,5911891319,NA,NA,"c(NA, NA)"
2001,0,NA,NA,NA,5911906867,NA,NA,"c(NA, NA)"
2001,4,NA,NA,NA,2610211499,NA,NA,"c(NA, NA)"
2002,1,NA,NA,NA,2610211501,NA,NA,"c(NA, NA)"
2003,0,NA,NA,NA,5911699268,NA,NA,"c(NA, NA)"
2004,4,NA,NA,NA,2610210496,NA,NA,"c(NA, NA)"
2001,0,NA,NA,NA,5911810306,NA,NA,"c(NA, NA)"
2008,0,NA,NA,NA,5911957328,NA,NA,"c(NA, NA)"
2009,0,NA,NA,NA,5911957329,NA,NA,"c(NA, NA)"
2002,0,NA,NA,NA,5911957330,NA,NA,"c(NA, NA)"
2004,0,NA,NA,NA,5911762727,NA,NA,"c(NA, NA)"
2007,0,NA,NA,NA,5911765289,NA,NA,"c(NA, NA)"
2001,0,NA,NA,NA,5911829053,NA,NA,"c(NA, NA)"
2008,0,NA,NA,NA,5911796535,NA,NA,"c(NA, NA)"
2010,0,NA,NA,NA,5911796537,NA,NA,"c(NA, NA)"
2004,0,NA,NA,NA,5911796538,NA,NA,"c(NA, NA)"
2001,5,NA,NA,NA,2610152211,NA,NA,"c(NA, NA)"
2002,2,NA,NA,NA,2610152216,NA,NA,"c(NA, NA)"
2005,0,NA,NA,NA,5911796539,NA,NA,"c(NA, NA)"
2007,0,NA,NA,NA,5911796540,NA,NA,"c(NA, NA)"
2009,0,NA,NA,NA,5911796541,NA,NA,"c(NA, NA)"
2008,0,NA,NA,NA,5911796542,NA,NA,"c(NA, NA)"
2005,0,NA,NA,NA,5911860589,NA,NA,"c(NA, NA)"
2005,1,NA,NA,NA,2610157159,NA,NA,"c(NA, NA)"
2008,0,NA,NA,NA,5911860591,NA,NA,"c(NA, NA)"
2007,0,NA,NA,NA,5911860592,NA,NA,"c(NA, NA)"
2003,1,NA,NA,NA,2610157170,NA,NA,"c(NA, NA)"
2002,0,NA,NA,NA,5911860593,NA,NA,"c(NA, NA)"
2005,0,NA,NA,NA,5911860594,NA,NA,"c(NA, NA)"
2005,0,NA,NA,NA,5911860595,NA,NA,"c(NA, NA)"
2003,1,NA,NA,NA,2610157179,NA,NA,"c(NA, NA)"
2009,0,NA,NA,NA,5911796771,NA,NA,"c(NA, NA)"
2004,0,NA,NA,NA,5911921030,NA,NA,"c(NA, NA)"
2004,0,NA,NA,NA,5911921031,NA,NA,"c(NA, NA)"
2007,0,NA,NA,NA,5911935585,NA,NA,"c(NA, NA)"
2009,0,NA,NA,NA,5911935586,NA,NA,"c(NA, NA)"
2004,0,NA,NA,NA,5911828749,NA,NA,"c(NA, NA)"
2001,0,NA,NA,NA,5911823112,NA,NA,"c(NA, NA)"
2005,0,NA,NA,NA,5911860816,NA,NA,"c(NA, NA)"
2007,0,NA,NA,NA,5911876118,NA,NA,"c(NA, NA)"
2001,0,NA,NA,NA,5911876119,NA,NA,"c(NA, NA)"
2001,0,NA,NA,NA,5911793182,NA,NA,"c(NA, NA)"
2003,1,NA,NA,NA,2610209517,NA,NA,"c(NA, NA)"
2006,0,NA,NA,NA,5911957578,NA,NA,"c(NA, NA)"
2008,0,NA,NA,NA,5911957579,NA,NA,"c(NA, NA)"
2004,0,NA,NA,NA,5911957580,NA,NA,"c(NA, NA)"
2009,0,NA,NA,NA,5911957581,NA,NA,"c(NA, NA)"
2002,1,NA,NA,NA,2610213153,NA,NA,"c(NA, NA)"
2001,2,NA,NA,NA,2610213157,NA,NA,"c(NA, NA)"
2001,1,NA,NA,NA,2610218151,NA,NA,"c(NA, NA)"
2005,0,NA,NA,NA,5911935833,NA,NA,"c(NA, NA)"
2009,0,NA,NA,NA,5911935834,NA,NA,"c(NA, NA)"
2003,0,NA,NA,NA,5911935835,NA,NA,"c(NA, NA)"
2002,0,NA,NA,NA,5911935836,NA,NA,"c(NA, NA)"
2003,0,NA,NA,NA,5911935837,NA,NA,"c(NA, NA)"
2009,0,NA,NA,NA,5911935838,NA,NA,"c(NA, NA)"
2008,0,NA,NA,NA,5911935839,NA,NA,"c(NA, NA)"
2002,0,NA,NA,NA,5911857362,NA,NA,"c(NA, NA)"
2006,0,NA,NA,NA,5911857363,NA,NA,"c(NA, NA)"
2001,3,NA,NA,NA,2610212197,NA,NA,"c(NA, NA)"
2007,0,NA,NA,NA,5911857365,NA,NA,"c(NA, NA)"
2004,1,NA,NA,NA,2610150178,NA,NA,"c(NA, NA)"
2005,0,NA,NA,NA,5911829286,NA,NA,"c(NA, NA)"
2004,0,NA,NA,NA,5911829287,NA,NA,"c(NA, NA)"
2004,1,NA,NA,NA,2610212205,NA,NA,"c(NA, NA)"
2002,0,NA,NA,NA,5911857366,NA,NA,"c(NA, NA)"
2008,0,NA,NA,NA,5911857367,NA,NA,"c(NA, NA)"
2008,0,NA,NA,NA,5911857368,NA,NA,"c(NA, NA)"
2006,0,NA,NA,NA,5911829288,NA,NA,"c(NA, NA)"
2009,0,NA,NA,NA,5911829289,NA,NA,"c(NA, NA)"
2003,0,NA,NA,NA,5911829290,NA,NA,"c(NA, NA)"
2005,0,NA,NA,NA,5911829291,NA,NA,"c(NA, NA)"
2005,1,NA,NA,NA,2610150197,NA,NA,"c(NA, NA)"
2007,0,NA,NA,NA,5911903365,NA,NA,"c(NA, NA)"
2004,1,NA,NA,NA,2610217186,NA,NA,"c(NA, NA)"
2010,0,NA,NA,NA,5911903366,NA,NA,"c(NA, NA)"
2009,0,NA,NA,NA,5911903367,NA,NA,"c(NA, NA)"
2006,0,NA,NA,NA,5911903368,NA,NA,"c(NA, NA)"
2002,1,NA,NA,NA,2610217192,NA,NA,"c(NA, NA)"
2007,0,NA,NA,NA,5911903369,NA,NA,"c(NA, NA)"
2008,0,NA,NA,NA,5911903370,NA,NA,"c(NA, NA)"
2008,0,NA,NA,NA,5911903371,NA,NA,"c(NA, NA)"
2008,0,NA,NA,NA,5911903372,NA,NA,"c(NA, NA)"
2002,0,NA,NA,NA,5911817430,NA,NA,"c(NA, NA)"
2009,0,NA,NA,NA,5911817431,NA,NA,"c(NA, NA)"
2007,0,NA,NA,NA,5911817433,NA,NA,"c(NA, NA)"
2006,0,NA,NA,NA,5911817434,NA,NA,"c(NA, NA)"
2002,2,NA,NA,NA,2610210192,NA,NA,"c(NA, NA)"
2005,0,NA,NA,NA,5911817435,NA,NA,"c(NA, NA)"
2007,0,NA,NA,NA,5911817436,NA,NA,"c(NA, NA)"
2003,0,NA,NA,NA,5911817437,NA,NA,"c(NA, NA)"
2001,14,NA,NA,NA,2610213159,NA,NA,"c(NA, NA)"
2003,0,NA,NA,NA,5911957582,NA,NA,"c(NA, NA)"
2001,9,NA,NA,NA,2610213164,NA,NA,"c(NA, NA)"
2004,3,NA,NA,NA,2610213168,NA,NA,"c(NA, NA)"
2005,0,NA,NA,NA,5911957583,NA,NA,"c(NA, NA)"
2009,0,NA,NA,NA,5911957779,NA,NA,"c(NA, NA)"
2009,0,NA,NA,NA,5911936033,NA,NA,"c(NA, NA)"
2008,0,NA,NA,NA,5911857573,NA,NA,"c(NA, NA)"
2010,0,NA,NA,NA,5911903577,NA,NA,"c(NA, NA)"
2008,0,NA,NA,NA,5911817632,NA,NA,"c(NA, NA)"
2001,1,NA,NA,NA,2610211166,NA,NA,"c(NA, NA)"
2002,1,NA,NA,NA,2610211167,NA,NA,"c(NA, NA)"
2005,0,NA,NA,NA,5911726507,NA,NA,"c(NA, NA)"
2002,4,NA,NA,NA,2610211173,NA,NA,"c(NA, NA)"
2004,0,NA,NA,NA,5911726508,NA,NA,"c(NA, NA)"
2007,0,NA,NA,NA,5911726509,NA,NA,"c(NA, NA)"
2005,0,NA,NA,NA,5911726510,NA,NA,"c(NA, NA)"
2003,4,NA,NA,NA,2610211183,NA,NA,"c(NA, NA)"
2004,0,NA,NA,NA,5911945415,NA,NA,"c(NA, NA)"
2004,0,NA,NA,NA,5911945416,NA,NA,"c(NA, NA)"
2002,1,NA,NA,NA,2610211174,NA,NA,"c(NA, NA)"
2003,0,NA,NA,NA,5911945417,NA,NA,"c(NA, NA)"
2002,1,NA,NA,NA,2610211181,NA,NA,"c(NA, NA)"
2004,3,NA,NA,NA,2610211190,NA,NA,"c(NA, NA)"
2007,0,NA,NA,NA,5911946000,NA,NA,"c(NA, NA)"
2008,0,NA,NA,NA,5911946001,NA,NA,"c(NA, NA)"
2002,1,NA,NA,NA,2610214168,NA,NA,"c(NA, NA)"
2005,3,NA,NA,NA,2610214171,NA,NA,"c(NA, NA)"
2002,4,NA,NA,NA,2610214182,NA,NA,"c(NA, NA)"
2004,0,NA,NA,NA,5911843443,NA,NA,"c(NA, NA)"
2002,2,NA,NA,NA,2610215199,NA,NA,"c(NA, NA)"
2002,2,NA,NA,NA,2610215204,NA,NA,"c(NA, NA)"
2003,1,NA,NA,NA,2610215205,NA,NA,"c(NA, NA)"
2003,0,NA,NA,NA,5911843444,NA,NA,"c(NA, NA)"
2001,14,NA,NA,NA,2610215210,NA,NA,"c(NA, NA)"
2004,2,NA,NA,NA,2610215216,NA,NA,"c(NA, NA)"
2008,0,NA,NA,NA,5911843445,NA,NA,"c(NA, NA)"
1992,0,NA,NA,NA,5911963496,NA,NA,"c(NA, NA)"
1995,64,NA,NA,NA,2610189934,NA,NA,"c(NA, NA)"
1998,3,NA,NA,NA,2610190236,NA,NA,"c(NA, NA)"
1998,4,NA,NA,NA,2610190265,NA,NA,"c(NA, NA)"
1999,0,NA,NA,NA,5911963556,NA,NA,"c(NA, NA)"
1999,0,NA,NA,NA,5911963560,NA,NA,"c(NA, NA)"
2002,0,NA,NA,NA,5911963596,NA,NA,"c(NA, NA)"
2004,0,NA,NA,NA,5911982434,NA,NA,"c(NA, NA)"
2007,2,NA,NA,NA,2610215198,NA,NA,"c(NA, NA)"
2009,0,NA,NA,NA,5911982435,NA,NA,"c(NA, NA)"
2001,5,NA,NA,NA,2610215203,NA,NA,"c(NA, NA)"
2010,0,NA,NA,NA,5911982436,NA,NA,"c(NA, NA)"
2008,0,NA,NA,NA,5911982437,NA,NA,"c(NA, NA)"
2005,0,NA,NA,NA,5911982438,NA,NA,"c(NA, NA)"
2004,1,NA,NA,NA,2610215209,NA,NA,"c(NA, NA)"
2002,1,NA,NA,NA,2610150183,NA,NA,"c(NA, NA)"
2010,0,NA,NA,NA,5911732114,NA,NA,"c(NA, NA)"
2007,0,NA,NA,NA,5911732115,NA,NA,"c(NA, NA)"
2003,3,NA,NA,NA,2610150196,NA,NA,"c(NA, NA)"
2008,0,NA,NA,NA,5911946002,NA,NA,"c(NA, NA)"
2006,0,NA,NA,NA,5911907117,NA,NA,"c(NA, NA)"
2002,0,NA,NA,NA,5911907118,NA,NA,"c(NA, NA)"
2002,1,NA,NA,NA,2610212204,NA,NA,"c(NA, NA)"
2006,0,NA,NA,NA,5911907119,NA,NA,"c(NA, NA)"
2006,0,NA,NA,NA,5911907120,NA,NA,"c(NA, NA)"
2004,0,NA,NA,NA,5911762970,NA,NA,"c(NA, NA)"
2001,0,NA,NA,NA,5911762971,NA,NA,"c(NA, NA)"
2007,0,NA,NA,NA,5911762972,NA,NA,"c(NA, NA)"
2001,4,NA,NA,NA,2610214166,NA,NA,"c(NA, NA)"
2004,0,NA,NA,NA,5911762973,NA,NA,"c(NA, NA)"
2008,0,NA,NA,NA,5911762974,NA,NA,"c(NA, NA)"
2001,0,NA,NA,NA,5911762975,NA,NA,"c(NA, NA)"
2007,0,NA,NA,NA,5911762976,NA,NA,"c(NA, NA)"
2005,0,NA,NA,NA,5911762977,NA,NA,"c(NA, NA)"
1995,87,NA,NA,NA,2610197842,NA,NA,"c(NA, NA)"
1996,32,NA,NA,NA,2610197986,NA,NA,"c(NA, NA)"
1998,195,NA,NA,NA,2610198154,NA,NA,"c(NA, NA)"
2002,10,NA,NA,NA,2610215214,NA,NA,"c(NA, NA)"
1999,0,NA,NA,NA,5911963808,NA,NA,"c(NA, NA)"
1999,109,NA,NA,NA,2610198224,NA,NA,"c(NA, NA)"
2002,0,NA,NA,NA,5911963844,NA,NA,"c(NA, NA)"
2003,0,NA,NA,NA,5911963849,NA,NA,"c(NA, NA)"
2003,0,NA,NA,NA,5911890773,NA,NA,"c(NA, NA)"
2002,1,NA,NA,NA,2610151171,NA,NA,"c(NA, NA)"
2005,1,NA,NA,NA,2610151174,NA,NA,"c(NA, NA)"
2008,0,NA,NA,NA,5911890779,NA,NA,"c(NA, NA)"
2001,23,NA,NA,NA,2610151180,NA,NA,"c(NA, NA)"
2003,1,NA,NA,NA,2610151182,NA,NA,"c(NA, NA)"
2004,0,NA,NA,NA,5911810862,NA,NA,"c(NA, NA)"
2002,0,NA,NA,NA,5911810863,NA,NA,"c(NA, NA)"
2003,0,NA,NA,NA,5911810864,NA,NA,"c(NA, NA)"
2009,0,NA,NA,NA,5911810865,NA,NA,"c(NA, NA)"
2004,0,NA,NA,NA,5911810866,NA,NA,"c(NA, NA)"
2003,0,NA,NA,NA,5911699660,NA,NA,"c(NA, NA)"
2005,0,NA,NA,NA,5911699661,NA,NA,"c(NA, NA)"
2001,12,NA,NA,NA,2610155185,NA,NA,"c(NA, NA)"
2008,0,NA,NA,NA,5911699662,NA,NA,"c(NA, NA)"
2001,2,NA,NA,NA,2610155192,NA,NA,"c(NA, NA)"
2003,1,NA,NA,NA,2610155193,NA,NA,"c(NA, NA)"
2003,0,NA,NA,NA,5911699663,NA,NA,"c(NA, NA)"
2001,1,NA,NA,NA,2610155199,NA,NA,"c(NA, NA)"
2006,0,NA,NA,NA,5911699971,NA,NA,"c(NA, NA)"
2006,0,NA,NA,NA,5911699972,NA,NA,"c(NA, NA)"
2010,0,NA,NA,NA,5911699973,NA,NA,"c(NA, NA)"
2003,2,NA,NA,NA,2610157172,NA,NA,"c(NA, NA)"
2009,0,NA,NA,NA,5911699974,NA,NA,"c(NA, NA)"
2010,0,NA,NA,NA,5911708913,NA,NA,"c(NA, NA)"
2002,4,NA,NA,NA,2610158144,NA,NA,"c(NA, NA)"
2003,0,NA,NA,NA,5911708917,NA,NA,"c(NA, NA)"
2004,2,NA,NA,NA,2610158151,NA,NA,"c(NA, NA)"
2002,0,NA,NA,NA,5911708918,NA,NA,"c(NA, NA)"
2001,14,NA,NA,NA,2610158158,NA,NA,"c(NA, NA)"
2006,1,NA,NA,NA,2610158163,NA,NA,"c(NA, NA)"
2001,2,NA,NA,NA,2610158165,NA,NA,"c(NA, NA)"
2007,0,NA,NA,NA,5911708919,NA,NA,"c(NA, NA)"
2005,0,NA,NA,NA,5911699394,NA,NA,"c(NA, NA)"
2001,0,NA,NA,NA,5911699395,NA,NA,"c(NA, NA)"
2008,0,NA,NA,NA,5911699396,NA,NA,"c(NA, NA)"
2006,0,NA,NA,NA,5911699397,NA,NA,"c(NA, NA)"
2001,1,NA,NA,NA,2610159165,NA,NA,"c(NA, NA)"
2003,0,NA,NA,NA,5911699398,NA,NA,"c(NA, NA)"
2004,0,NA,NA,NA,5911967424,NA,NA,"c(NA, NA)"
2002,1,NA,NA,NA,2610156159,NA,NA,"c(NA, NA)"
2005,3,NA,NA,NA,2610156162,NA,NA,"c(NA, NA)"
2002,0,NA,NA,NA,5911967425,NA,NA,"c(NA, NA)"
2003,0,NA,NA,NA,5911967426,NA,NA,"c(NA, NA)"
2007,0,NA,NA,NA,5911967427,NA,NA,"c(NA, NA)"
2002,1,NA,NA,NA,2610156172,NA,NA,"c(NA, NA)"
2005,0,NA,NA,NA,5911967718,NA,NA,"c(NA, NA)"
2005,0,NA,NA,NA,5911967719,NA,NA,"c(NA, NA)"
2007,0,NA,NA,NA,5911967721,NA,NA,"c(NA, NA)"
2003,1,NA,NA,NA,2610158153,NA,NA,"c(NA, NA)"
2001,1,NA,NA,NA,2610158155,NA,NA,"c(NA, NA)"
2006,0,NA,NA,NA,5911967722,NA,NA,"c(NA, NA)"
2013,38,NA,NA,NA,2610243973,NA,NA,"c(NA, NA)"
2011,11,NA,NA,NA,2610185031,NA,NA,"c(NA, NA)"
2004,0,NA,NA,NA,5911782005,NA,NA,"c(NA, NA)"
2004,0,NA,NA,NA,5911953138,NA,NA,"c(NA, NA)"
2013,13,NA,NA,NA,2610249068,NA,NA,"c(NA, NA)"
1996,47,NA,NA,NA,2610252916,NA,NA,"c(NA, NA)"
2005,0,NA,NA,NA,5911823556,NA,NA,"c(NA, NA)"
2006,0,NA,NA,NA,5911823557,NA,NA,"c(NA, NA)"
2002,0,NA,NA,NA,5911823558,NA,NA,"c(NA, NA)"
2007,0,NA,NA,NA,5911887565,NA,NA,"c(NA, NA)"
2007,0,NA,NA,NA,5911887566,NA,NA,"c(NA, NA)"
2007,0,NA,NA,NA,5911842652,NA,NA,"c(NA, NA)"
2007,0,NA,NA,NA,5911842653,NA,NA,"c(NA, NA)"
2008,0,NA,NA,NA,5911842654,NA,NA,"c(NA, NA)"
2009,0,NA,NA,NA,5911871274,NA,NA,"c(NA, NA)"
2018,0,NA,NA,NA,5911824735,51.478615,4.478946,"c(4.478946, 51.478615)"
1998,52,NA,NA,NA,2610253125,NA,NA,"c(NA, NA)"
1999,77,NA,NA,NA,2610253173,NA,NA,"c(NA, NA)"
1991,128,NA,NA,NA,2610193451,NA,NA,"c(NA, NA)"
1994,0,NA,NA,NA,5911710454,NA,NA,"c(NA, NA)"
2005,0,NA,NA,NA,5911726717,NA,NA,"c(NA, NA)"
1991,55,NA,NA,NA,2610251397,NA,NA,"c(NA, NA)"
1991,21,NA,NA,NA,2610251417,NA,NA,"c(NA, NA)"
1991,26,NA,NA,NA,2610251469,NA,NA,"c(NA, NA)"
1994,219,NA,NA,NA,2610251759,NA,NA,"c(NA, NA)"
1994,6,NA,NA,NA,2610251785,NA,NA,"c(NA, NA)"
1996,56,NA,NA,NA,2610251969,NA,NA,"c(NA, NA)"
1996,12,NA,NA,NA,2610251983,NA,NA,"c(NA, NA)"
2018,0,NA,NA,NA,5911825288,51.478615,4.478946,"c(4.478946, 51.478615)"
1992,122,NA,NA,NA,2610258634,NA,NA,"c(NA, NA)"
1996,40,NA,NA,NA,2610259045,NA,NA,"c(NA, NA)"
1996,22,NA,NA,NA,2610259111,NA,NA,"c(NA, NA)"
1996,46,NA,NA,NA,2610251190,NA,NA,"c(NA, NA)"
1997,1,NA,NA,NA,2610251277,NA,NA,"c(NA, NA)"
1998,0,NA,NA,NA,5912011770,NA,NA,"c(NA, NA)"
1998,5,NA,NA,NA,2610194194,NA,NA,"c(NA, NA)"
1999,3,NA,NA,NA,2610194263,NA,NA,"c(NA, NA)"
2001,300,NA,NA,NA,2610204320,NA,NA,"c(NA, NA)"
2004,0,NA,NA,NA,5911823810,NA,NA,"c(NA, NA)"
2006,0,NA,NA,NA,5911823811,NA,NA,"c(NA, NA)"
2002,0,NA,NA,NA,5911823812,NA,NA,"c(NA, NA)"
2007,0,NA,NA,NA,5911823813,NA,NA,"c(NA, NA)"
2008,0,NA,NA,NA,5911823814,NA,NA,"c(NA, NA)"
2008,0,NA,NA,NA,5911823815,NA,NA,"c(NA, NA)"
2002,0,NA,NA,NA,5911823816,NA,NA,"c(NA, NA)"
2004,2,NA,NA,NA,2610152504,NA,NA,"c(NA, NA)"
2006,0,NA,NA,NA,5911859439,NA,NA,"c(NA, NA)"
1997,0,NA,NA,NA,5911966219,NA,NA,"c(NA, NA)"
1997,13,NA,NA,NA,2610252078,NA,NA,"c(NA, NA)"
1998,113,NA,NA,NA,2610252091,NA,NA,"c(NA, NA)"
2000,0,NA,NA,NA,5911854397,NA,NA,"c(NA, NA)"
1999,2,NA,NA,NA,2610268310,NA,NA,"c(NA, NA)"
2000,0,NA,NA,NA,5911824837,NA,NA,"c(NA, NA)"
2009,0,NA,NA,NA,5911700170,NA,NA,"c(NA, NA)"
2009,0,NA,NA,NA,5911699602,NA,NA,"c(NA, NA)"
2005,0,NA,NA,NA,5911967624,NA,NA,"c(NA, NA)"
2002,166,NA,NA,NA,2610264340,NA,NA,"c(NA, NA)"
2003,13,NA,NA,NA,2610261351,NA,NA,"c(NA, NA)"
2003,7,NA,NA,NA,2610204399,NA,NA,"c(NA, NA)"
2006,2,NA,NA,NA,2610159642,NA,NA,"c(NA, NA)"
2005,0,NA,NA,NA,5911699872,NA,NA,"c(NA, NA)"
2006,0,NA,NA,NA,5911709148,NA,NA,"c(NA, NA)"
2005,0,NA,NA,NA,5911967916,NA,NA,"c(NA, NA)"
2009,0,NA,NA,NA,5911699318,NA,NA,"c(NA, NA)"
2001,1,NA,NA,NA,2610167629,NA,NA,"c(NA, NA)"
2005,2,NA,NA,NA,2610153181,NA,NA,"c(NA, NA)"
2001,0,NA,NA,NA,5911859980,NA,NA,"c(NA, NA)"
2003,0,NA,NA,NA,5911859981,NA,NA,"c(NA, NA)"
2007,0,NA,NA,NA,5911859982,NA,NA,"c(NA, NA)"
2008,0,NA,NA,NA,5911859983,NA,NA,"c(NA, NA)"
2005,0,NA,NA,NA,5911859984,NA,NA,"c(NA, NA)"
2007,0,NA,NA,NA,5911859985,NA,NA,"c(NA, NA)"
2002,0,NA,NA,NA,5911693291,NA,NA,"c(NA, NA)"
2009,0,NA,NA,NA,5911693292,NA,NA,"c(NA, NA)"
2009,0,NA,NA,NA,5911982635,NA,NA,"c(NA, NA)"
2001,1,NA,NA,NA,2610162658,NA,NA,"c(NA, NA)"
2009,0,NA,NA,NA,5912006417,NA,NA,"c(NA, NA)"
2004,0,NA,NA,NA,5911758760,NA,NA,"c(NA, NA)"
2006,1,NA,NA,NA,2610156156,NA,NA,"c(NA, NA)"
2006,0,NA,NA,NA,5911728542,NA,NA,"c(NA, NA)"
2007,0,NA,NA,NA,5911728543,NA,NA,"c(NA, NA)"
2002,0,NA,NA,NA,5911728544,NA,NA,"c(NA, NA)"
2007,0,NA,NA,NA,5911728545,NA,NA,"c(NA, NA)"
2001,3,NA,NA,NA,2610156169,NA,NA,"c(NA, NA)"
2004,2,NA,NA,NA,2610156171,NA,NA,"c(NA, NA)"
2001,0,NA,NA,NA,5911728546,NA,NA,"c(NA, NA)"
2008,0,NA,NA,NA,5911763184,NA,NA,"c(NA, NA)"
2001,0,NA,NA,NA,5911961945,NA,NA,"c(NA, NA)"
2005,0,NA,NA,NA,5911748098,NA,NA,"c(NA, NA)"
2003,0,NA,NA,NA,5912006647,NA,NA,"c(NA, NA)"
2003,0,NA,NA,NA,5912006648,NA,NA,"c(NA, NA)"
2004,0,NA,NA,NA,5912006649,NA,NA,"c(NA, NA)"
2010,0,NA,NA,NA,5912006650,NA,NA,"c(NA, NA)"
2003,0,NA,NA,NA,5912006651,NA,NA,"c(NA, NA)"
2004,0,NA,NA,NA,5912006652,NA,NA,"c(NA, NA)"
2010,0,NA,NA,NA,5912006653,NA,NA,"c(NA, NA)"
2004,3,NA,NA,NA,2610155180,NA,NA,"c(NA, NA)"
2005,0,NA,NA,NA,5911925490,NA,NA,"c(NA, NA)"
2001,2,NA,NA,NA,2610168634,NA,NA,"c(NA, NA)"
2005,0,NA,NA,NA,5911759017,NA,NA,"c(NA, NA)"
2005,0,NA,NA,NA,5911759018,NA,NA,"c(NA, NA)"
2001,1,NA,NA,NA,2610155189,NA,NA,"c(NA, NA)"
2008,0,NA,NA,NA,5911759019,NA,NA,"c(NA, NA)"
2002,1,NA,NA,NA,2610155191,NA,NA,"c(NA, NA)"
2001,3,NA,NA,NA,2610155196,NA,NA,"c(NA, NA)"
2005,4,NA,NA,NA,2610159144,NA,NA,"c(NA, NA)"
2003,1,NA,NA,NA,2610159154,NA,NA,"c(NA, NA)"
2001,0,NA,NA,NA,5911962195,NA,NA,"c(NA, NA)"
2003,1,NA,NA,NA,2610159161,NA,NA,"c(NA, NA)"
2006,0,NA,NA,NA,5911962196,NA,NA,"c(NA, NA)"
2005,2,NA,NA,NA,2610154102,NA,NA,"c(NA, NA)"
2001,0,NA,NA,NA,5911783344,NA,NA,"c(NA, NA)"
2005,0,NA,NA,NA,5911783345,NA,NA,"c(NA, NA)"
2002,0,NA,NA,NA,5911783346,NA,NA,"c(NA, NA)"
2001,4,NA,NA,NA,2610154117,NA,NA,"c(NA, NA)"
2009,0,NA,NA,NA,5911783347,NA,NA,"c(NA, NA)"
2001,6,NA,NA,NA,2610159671,NA,NA,"c(NA, NA)"
2006,0,NA,NA,NA,5911925740,NA,NA,"c(NA, NA)"
2003,2,NA,NA,NA,2610152201,NA,NA,"c(NA, NA)"
2001,1,NA,NA,NA,2610152210,NA,NA,"c(NA, NA)"
2005,1,NA,NA,NA,2610152213,NA,NA,"c(NA, NA)"
2018,0,NA,NA,NA,5911799684,51.478615,4.478946,"c(4.478946, 51.478615)"
2017,0,NA,NA,NA,5911799714,NA,NA,"c(NA, NA)"
1991,0,NA,NA,NA,5911799719,NA,NA,"c(NA, NA)"
2005,1,NA,NA,NA,2610218153,NA,NA,"c(NA, NA)"
2008,0,NA,NA,NA,5911811154,NA,NA,"c(NA, NA)"
2003,1,NA,NA,NA,2610218163,NA,NA,"c(NA, NA)"
2010,0,NA,NA,NA,5911811155,NA,NA,"c(NA, NA)"
2002,3,NA,NA,NA,2610218174,NA,NA,"c(NA, NA)"
2004,2,NA,NA,NA,2610218177,NA,NA,"c(NA, NA)"
1997,0,NA,NA,NA,5911799760,NA,NA,"c(NA, NA)"
1998,0,NA,NA,NA,5911799769,NA,NA,"c(NA, NA)"
2000,68,NA,NA,NA,2610205313,NA,NA,"c(NA, NA)"
2002,0,NA,NA,NA,5911842881,NA,NA,"c(NA, NA)"
2006,0,NA,NA,NA,5911842882,NA,NA,"c(NA, NA)"
2003,0,NA,NA,NA,5911842883,NA,NA,"c(NA, NA)"
2002,0,NA,NA,NA,5911842884,NA,NA,"c(NA, NA)"
2008,0,NA,NA,NA,5911842885,NA,NA,"c(NA, NA)"
2004,1,NA,NA,NA,2610219167,NA,NA,"c(NA, NA)"
2003,3,NA,NA,NA,2610219171,NA,NA,"c(NA, NA)"
2018,0,Londerzeel,NA,NA,5911799943,51.007907,4.23275,"c(4.23275, 51.007907)"
2018,0,NA,NA,NA,5911799948,51.478615,4.478946,"c(4.478946, 51.478615)"
1993,122,NA,NA,NA,2610191756,NA,NA,"c(NA, NA)"
1993,15,NA,NA,NA,2610191764,NA,NA,"c(NA, NA)"
1999,0,NA,NA,NA,5911800038,NA,NA,"c(NA, NA)"
2006,0,NA,NA,NA,5911843727,NA,NA,"c(NA, NA)"
2004,0,NA,NA,NA,5911703281,NA,NA,"c(NA, NA)"
2008,0,NA,NA,NA,5911703282,NA,NA,"c(NA, NA)"
2001,3,NA,NA,NA,2610155195,NA,NA,"c(NA, NA)"
2001,4,NA,NA,NA,2610154116,NA,NA,"c(NA, NA)"
2009,0,NA,NA,NA,5911975394,NA,NA,"c(NA, NA)"
2001,0,NA,NA,NA,5911975395,NA,NA,"c(NA, NA)"
2009,0,NA,NA,NA,5911975396,NA,NA,"c(NA, NA)"
2007,0,NA,NA,NA,5911975397,NA,NA,"c(NA, NA)"
2007,0,NA,NA,NA,5911975398,NA,NA,"c(NA, NA)"
2003,0,NA,NA,NA,5911887809,NA,NA,"c(NA, NA)"
2005,0,NA,NA,NA,5911887810,NA,NA,"c(NA, NA)"
2009,0,NA,NA,NA,5911887811,NA,NA,"c(NA, NA)"
2007,0,NA,NA,NA,5911887812,NA,NA,"c(NA, NA)"
2018,0,Londerzeel,NA,NA,5911901255,51.007907,4.23275,"c(4.23275, 51.007907)"
2007,0,NA,NA,NA,5911843731,NA,NA,"c(NA, NA)"
2005,0,NA,NA,NA,5911843732,NA,NA,"c(NA, NA)"
2004,0,NA,NA,NA,5911843733,NA,NA,"c(NA, NA)"
2007,0,NA,NA,NA,5911843734,NA,NA,"c(NA, NA)"
2001,2,NA,NA,NA,2610219169,NA,NA,"c(NA, NA)"
2009,0,NA,NA,NA,5911843735,NA,NA,"c(NA, NA)"
2004,0,NA,NA,NA,5911843736,NA,NA,"c(NA, NA)"
2005,0,NA,NA,NA,5911843737,NA,NA,"c(NA, NA)"
2002,4,NA,NA,NA,2610155198,NA,NA,"c(NA, NA)"
2003,2,NA,NA,NA,2610155202,NA,NA,"c(NA, NA)"
2010,0,NA,NA,NA,5911945723,NA,NA,"c(NA, NA)"
2003,3,NA,NA,NA,2610217190,NA,NA,"c(NA, NA)"
2006,0,NA,NA,NA,5911945724,NA,NA,"c(NA, NA)"
2002,1,NA,NA,NA,2610217195,NA,NA,"c(NA, NA)"
2009,0,NA,NA,NA,5911945725,NA,NA,"c(NA, NA)"
2008,0,NA,NA,NA,5911960819,NA,NA,"c(NA, NA)"
2005,0,NA,NA,NA,5911960823,NA,NA,"c(NA, NA)"
2004,2,NA,NA,NA,2610216215,NA,NA,"c(NA, NA)"
2006,0,NA,NA,NA,5911887813,NA,NA,"c(NA, NA)"
2005,0,NA,NA,NA,5911887814,NA,NA,"c(NA, NA)"
2008,0,NA,NA,NA,5911960825,NA,NA,"c(NA, NA)"
2005,0,NA,NA,NA,5911960826,NA,NA,"c(NA, NA)"
2002,0,NA,NA,NA,5911960827,NA,NA,"c(NA, NA)"
2006,0,NA,NA,NA,5911960828,NA,NA,"c(NA, NA)"
2005,0,NA,NA,NA,5911960829,NA,NA,"c(NA, NA)"
2004,0,NA,NA,NA,5911960830,NA,NA,"c(NA, NA)"
2018,0,Londerzeel,NA,NA,5911900997,51.007907,4.23275,"c(4.23275, 51.007907)"
2001,0,NA,NA,NA,5911941372,NA,NA,"c(NA, NA)"
2002,0,NA,NA,NA,5911941381,NA,NA,"c(NA, NA)"
1994,69,NA,NA,NA,2610190844,NA,NA,"c(NA, NA)"
1996,26,NA,NA,NA,2610191096,NA,NA,"c(NA, NA)"
1997,47,NA,NA,NA,2610191166,NA,NA,"c(NA, NA)"
2000,42,NA,NA,NA,2610200346,NA,NA,"c(NA, NA)"
2001,0,NA,NA,NA,5911901108,NA,NA,"c(NA, NA)"
2009,0,NA,NA,NA,5911795222,NA,NA,"c(NA, NA)"
2018,0,Londerzeel,NA,NA,5911941511,51.007907,4.23275,"c(4.23275, 51.007907)"
1991,63,NA,NA,NA,2610198627,NA,NA,"c(NA, NA)"
1994,95,NA,NA,NA,2610194820,NA,NA,"c(NA, NA)"
1994,208,NA,NA,NA,2610194887,NA,NA,"c(NA, NA)"
2001,0,NA,NA,NA,5911901115,NA,NA,"c(NA, NA)"
2018,0,Londerzeel,NA,NA,5911799412,51.007907,4.23275,"c(4.23275, 51.007907)"
1998,245,NA,NA,NA,2610195192,NA,NA,"c(NA, NA)"
2001,0,NA,NA,NA,5911900872,NA,NA,"c(NA, NA)"
2001,1,NA,NA,NA,2610157155,NA,NA,"c(NA, NA)"
2002,0,NA,NA,NA,5911818766,NA,NA,"c(NA, NA)"
2006,0,NA,NA,NA,5911818767,NA,NA,"c(NA, NA)"
2008,0,NA,NA,NA,5911818768,NA,NA,"c(NA, NA)"
2002,4,NA,NA,NA,2610157175,NA,NA,"c(NA, NA)"
2000,13,NA,NA,NA,2610208427,NA,NA,"c(NA, NA)"
2001,0,NA,NA,NA,5911941636,NA,NA,"c(NA, NA)"
2008,0,NA,NA,NA,5911843081,NA,NA,"c(NA, NA)"
1998,0,NA,NA,NA,5911799497,NA,NA,"c(NA, NA)"
1998,0,NA,NA,NA,5911799503,NA,NA,"c(NA, NA)"
1999,71,NA,NA,NA,2610193178,NA,NA,"c(NA, NA)"
2002,0,NA,NA,NA,5911799539,NA,NA,"c(NA, NA)"
2006,0,NA,NA,NA,5911819051,NA,NA,"c(NA, NA)"
2002,1,NA,NA,NA,2610150180,NA,NA,"c(NA, NA)"
2004,0,NA,NA,NA,5911819052,NA,NA,"c(NA, NA)"
2007,0,NA,NA,NA,5911819053,NA,NA,"c(NA, NA)"
2001,4,NA,NA,NA,2610150188,NA,NA,"c(NA, NA)"
2009,0,NA,NA,NA,5911819054,NA,NA,"c(NA, NA)"
1997,16,NA,NA,NA,2610190164,NA,NA,"c(NA, NA)"
1998,48,NA,NA,NA,2610190210,NA,NA,"c(NA, NA)"
1998,3,NA,NA,NA,2610190259,NA,NA,"c(NA, NA)"
1999,73,NA,NA,NA,2610199348,NA,NA,"c(NA, NA)"
2001,133,NA,NA,NA,2610199387,NA,NA,"c(NA, NA)"
2001,136,NA,NA,NA,2610199399,NA,NA,"c(NA, NA)"
2001,0,NA,NA,NA,5911836152,NA,NA,"c(NA, NA)"
2001,97,NA,NA,NA,2610199408,NA,NA,"c(NA, NA)"
2003,0,NA,NA,NA,5911836162,NA,NA,"c(NA, NA)"
2002,3,NA,NA,NA,2610212195,NA,NA,"c(NA, NA)"
2008,0,NA,NA,NA,5911937207,NA,NA,"c(NA, NA)"
2002,2,NA,NA,NA,2610212202,NA,NA,"c(NA, NA)"
2009,0,NA,NA,NA,5911937208,NA,NA,"c(NA, NA)"
2006,0,NA,NA,NA,5911937209,NA,NA,"c(NA, NA)"
2001,12,NA,NA,NA,2610212208,NA,NA,"c(NA, NA)"
2009,0,NA,NA,NA,5911888006,NA,NA,"c(NA, NA)"
2009,0,NA,NA,NA,5911975620,NA,NA,"c(NA, NA)"
2007,0,NA,NA,NA,5911966430,NA,NA,"c(NA, NA)"
2008,0,NA,NA,NA,5911847612,NA,NA,"c(NA, NA)"
2001,5,NA,NA,NA,2610210187,NA,NA,"c(NA, NA)"
2002,1,NA,NA,NA,2610210189,NA,NA,"c(NA, NA)"
2006,0,NA,NA,NA,5911847613,NA,NA,"c(NA, NA)"
2001,7,NA,NA,NA,2610210198,NA,NA,"c(NA, NA)"
2007,0,NA,NA,NA,5911847614,NA,NA,"c(NA, NA)"
2008,0,NA,NA,NA,5911843958,NA,NA,"c(NA, NA)"
2007,0,NA,NA,NA,5911847828,NA,NA,"c(NA, NA)"
2008,0,NA,NA,NA,5911738504,NA,NA,"c(NA, NA)"
2005,0,NA,NA,NA,5911961066,NA,NA,"c(NA, NA)"
2003,0,NA,NA,NA,5911905041,NA,NA,"c(NA, NA)"
2009,0,NA,NA,NA,5911905042,NA,NA,"c(NA, NA)"
2007,0,NA,NA,NA,5911905043,NA,NA,"c(NA, NA)"
2006,0,NA,NA,NA,5911905044,NA,NA,"c(NA, NA)"
2003,1,NA,NA,NA,2610211179,NA,NA,"c(NA, NA)"
2001,0,NA,NA,NA,5911905045,NA,NA,"c(NA, NA)"
2002,0,NA,NA,NA,5911905046,NA,NA,"c(NA, NA)"
2005,0,NA,NA,NA,5911779141,NA,NA,"c(NA, NA)"
2007,0,NA,NA,NA,5911779142,NA,NA,"c(NA, NA)"
2006,0,NA,NA,NA,5911779143,NA,NA,"c(NA, NA)"
2009,0,NA,NA,NA,5911779144,NA,NA,"c(NA, NA)"
2001,15,NA,NA,NA,2610215212,NA,NA,"c(NA, NA)"
2007,0,NA,NA,NA,5911779145,NA,NA,"c(NA, NA)"
2001,0,NA,NA,NA,5911848394,NA,NA,"c(NA, NA)"
2006,0,NA,NA,NA,5911848395,NA,NA,"c(NA, NA)"
2004,0,NA,NA,NA,5911848396,NA,NA,"c(NA, NA)"
2007,0,NA,NA,NA,5911848397,NA,NA,"c(NA, NA)"
2003,0,NA,NA,NA,5911848398,NA,NA,"c(NA, NA)"
2007,0,NA,NA,NA,5911905272,NA,NA,"c(NA, NA)"
2006,7,NA,NA,NA,2610226647,NA,NA,"c(NA, NA)"
1996,3,NA,NA,NA,2610197951,NA,NA,"c(NA, NA)"
1997,0,NA,NA,NA,5911942096,NA,NA,"c(NA, NA)"
1998,426,NA,NA,NA,2610198110,NA,NA,"c(NA, NA)"
1999,5,NA,NA,NA,2610198231,NA,NA,"c(NA, NA)"
2009,0,NA,NA,NA,5911848620,NA,NA,"c(NA, NA)"
2002,6,NA,NA,NA,2610213152,NA,NA,"c(NA, NA)"
2003,0,NA,NA,NA,5911872874,NA,NA,"c(NA, NA)"
2004,0,NA,NA,NA,5911872875,NA,NA,"c(NA, NA)"
2002,1,NA,NA,NA,2610213170,NA,NA,"c(NA, NA)"
2002,2,NA,NA,NA,2610213175,NA,NA,"c(NA, NA)"
2001,0,NA,NA,NA,5911942155,NA,NA,"c(NA, NA)"
2002,0,NA,NA,NA,5911942159,NA,NA,"c(NA, NA)"
2003,0,NA,NA,NA,5911942167,NA,NA,"c(NA, NA)"
2008,0,NA,NA,NA,5911873103,NA,NA,"c(NA, NA)"
1997,0,NA,NA,NA,5911941853,NA,NA,"c(NA, NA)"
1998,28,NA,NA,NA,2610194146,NA,NA,"c(NA, NA)"
1998,0,NA,NA,NA,5911941867,NA,NA,"c(NA, NA)"
1999,0,NA,NA,NA,5911941877,NA,NA,"c(NA, NA)"
1999,71,NA,NA,NA,2610194269,NA,NA,"c(NA, NA)"
2000,0,NA,NA,NA,5911941885,NA,NA,"c(NA, NA)"
2002,0,NA,NA,NA,5911941907,NA,NA,"c(NA, NA)"
1993,10,NA,NA,NA,2610251625,NA,NA,"c(NA, NA)"
1993,8,NA,NA,NA,2610251637,NA,NA,"c(NA, NA)"
1998,0,NA,NA,NA,5911813432,NA,NA,"c(NA, NA)"
1999,0,NA,NA,NA,5911813441,NA,NA,"c(NA, NA)"
1999,0,NA,NA,NA,5911813447,NA,NA,"c(NA, NA)"
2002,0,NA,NA,NA,5911813472,NA,NA,"c(NA, NA)"
2003,0,NA,NA,NA,5911748414,NA,NA,"c(NA, NA)"
1992,23,NA,NA,NA,2610250689,NA,NA,"c(NA, NA)"
1998,25,NA,NA,NA,2610251291,NA,NA,"c(NA, NA)"
1998,0,NA,NA,NA,5911814166,NA,NA,"c(NA, NA)"
1999,87,NA,NA,NA,2610260405,NA,NA,"c(NA, NA)"
2001,0,NA,NA,NA,5911954560,NA,NA,"c(NA, NA)"
2009,0,NA,NA,NA,5911748675,NA,NA,"c(NA, NA)"
2010,0,NA,NA,NA,5911748676,NA,NA,"c(NA, NA)"
2002,2,NA,NA,NA,2610217194,NA,NA,"c(NA, NA)"
2004,0,NA,NA,NA,5911748677,NA,NA,"c(NA, NA)"
2007,0,NA,NA,NA,5911748678,NA,NA,"c(NA, NA)"
2001,1,NA,NA,NA,2610217196,NA,NA,"c(NA, NA)"
2006,0,NA,NA,NA,5911748679,NA,NA,"c(NA, NA)"
1995,10,NA,NA,NA,2610253966,NA,NA,"c(NA, NA)"
1999,87,NA,NA,NA,2610263307,NA,NA,"c(NA, NA)"
2000,0,NA,NA,NA,5911786204,NA,NA,"c(NA, NA)"
2001,169,NA,NA,NA,2610263366,NA,NA,"c(NA, NA)"
1992,76,NA,NA,NA,2610256602,NA,NA,"c(NA, NA)"
1993,9,NA,NA,NA,2610256689,NA,NA,"c(NA, NA)"
1994,36,NA,NA,NA,2610256773,NA,NA,"c(NA, NA)"
1995,63,NA,NA,NA,2610256876,NA,NA,"c(NA, NA)"
1996,0,NA,NA,NA,5911813896,NA,NA,"c(NA, NA)"
1996,112,NA,NA,NA,2610256972,NA,NA,"c(NA, NA)"
1999,100,NA,NA,NA,2610257235,NA,NA,"c(NA, NA)"
2008,0,NA,NA,NA,5911748909,NA,NA,"c(NA, NA)"
2018,1,NA,NA,NA,2610195309,50.995106,2.580851,"c(2.580851, 50.995106)"
2018,2,NA,NA,NA,2610194352,50.994767,2.57987,"c(2.57987, 50.994767)"
2018,0,NA,NA,NA,5911825390,51.478615,4.478946,"c(4.478946, 51.478615)"
1995,23,NA,NA,NA,2610249832,NA,NA,"c(NA, NA)"
1995,24,NA,NA,NA,2610249837,NA,NA,"c(NA, NA)"
2005,0,NA,NA,NA,5911980687,NA,NA,"c(NA, NA)"
2001,4,NA,NA,NA,2610218156,NA,NA,"c(NA, NA)"
2003,0,NA,NA,NA,5911980688,NA,NA,"c(NA, NA)"
2003,2,NA,NA,NA,2610218160,NA,NA,"c(NA, NA)"
2001,1,NA,NA,NA,2610218170,NA,NA,"c(NA, NA)"
2010,0,NA,NA,NA,5911980689,NA,NA,"c(NA, NA)"
2004,0,NA,NA,NA,5911980690,NA,NA,"c(NA, NA)"
2004,0,NA,NA,NA,5911980691,NA,NA,"c(NA, NA)"
2002,1,NA,NA,NA,2610218176,NA,NA,"c(NA, NA)"
2009,0,NA,NA,NA,5911885811,NA,NA,"c(NA, NA)"
1992,0,NA,NA,NA,5911825433,NA,NA,"c(NA, NA)"
2003,35,NA,NA,NA,2610259362,NA,NA,"c(NA, NA)"
2009,0,NA,NA,NA,5911980920,NA,NA,"c(NA, NA)"
2006,0,NA,NA,NA,5911918272,NA,NA,"c(NA, NA)"
2018,0,NA,NA,NA,5911892182,49.464819,4.152014,"c(4.152014, 49.464819)"
1991,39,NA,NA,NA,2610190486,NA,NA,"c(NA, NA)"
2018,1,NA,NA,NA,2610197302,50.994767,2.57987,"c(2.57987, 50.994767)"
1993,2,NA,NA,NA,2610195675,NA,NA,"c(NA, NA)"
2018,0,NA,NA,NA,5911825918,50.995106,2.580851,"c(2.580851, 50.995106)"
1994,0,NA,NA,NA,5911785892,NA,NA,"c(NA, NA)"
1995,197,NA,NA,NA,2610252808,NA,NA,"c(NA, NA)"
1995,21,NA,NA,NA,2610252836,NA,NA,"c(NA, NA)"
2006,0,NA,NA,NA,5911886044,NA,NA,"c(NA, NA)"
2005,0,NA,NA,NA,5911886045,NA,NA,"c(NA, NA)"
2003,0,NA,NA,NA,5911886046,NA,NA,"c(NA, NA)"
2009,0,NA,NA,NA,5911886047,NA,NA,"c(NA, NA)"
2006,0,NA,NA,NA,5911886048,NA,NA,"c(NA, NA)"
2010,0,NA,NA,NA,5911886049,NA,NA,"c(NA, NA)"
2007,0,NA,NA,NA,5911886050,NA,NA,"c(NA, NA)"
2002,5,NA,NA,NA,2610216222,NA,NA,"c(NA, NA)"
2003,0,NA,NA,NA,5911886051,NA,NA,"c(NA, NA)"
1993,0,NA,NA,NA,5911710720,NA,NA,"c(NA, NA)"
1993,0,NA,NA,NA,5911710721,NA,NA,"c(NA, NA)"
2018,0,NA,NA,NA,5911825655,51.478615,4.478946,"c(4.478946, 51.478615)"
1998,0,NA,NA,NA,5911825478,NA,NA,"c(NA, NA)"
1998,0,NA,NA,NA,5911785928,NA,NA,"c(NA, NA)"
2007,0,NA,NA,NA,5911954811,NA,NA,"c(NA, NA)"
2001,12,NA,NA,NA,2610219163,NA,NA,"c(NA, NA)"
2008,0,NA,NA,NA,5911954812,NA,NA,"c(NA, NA)"
2009,0,NA,NA,NA,5911954813,NA,NA,"c(NA, NA)"
2007,0,NA,NA,NA,5911954814,NA,NA,"c(NA, NA)"
2001,1,NA,NA,NA,2610219172,NA,NA,"c(NA, NA)"
2005,1,NA,NA,NA,2610219174,NA,NA,"c(NA, NA)"
2003,0,NA,NA,NA,5911954815,NA,NA,"c(NA, NA)"
2001,66,NA,NA,NA,2610219177,NA,NA,"c(NA, NA)"
1994,6,NA,NA,NA,2610190805,NA,NA,"c(NA, NA)"
1995,13,NA,NA,NA,2610190994,NA,NA,"c(NA, NA)"
1992,0,NA,NA,NA,5911825698,NA,NA,"c(NA, NA)"
1992,98,NA,NA,NA,2610196635,NA,NA,"c(NA, NA)"
1991,27,NA,NA,NA,2610198597,NA,NA,"c(NA, NA)"
2000,0,NA,NA,NA,5911825498,NA,NA,"c(NA, NA)"
2011,2,NA,NA,NA,2610243036,NA,NA,"c(NA, NA)"
2006,5,NA,NA,NA,2610225687,NA,NA,"c(NA, NA)"
1996,44,NA,NA,NA,2610191050,NA,NA,"c(NA, NA)"
1997,2,NA,NA,NA,2610191154,NA,NA,"c(NA, NA)"
1993,80,NA,NA,NA,2610252603,NA,NA,"c(NA, NA)"
1993,0,NA,NA,NA,5911825706,NA,NA,"c(NA, NA)"
1994,24,NA,NA,NA,2610197766,NA,NA,"c(NA, NA)"
1993,11,NA,NA,NA,2610196715,NA,NA,"c(NA, NA)"
1998,0,NA,NA,NA,5911826263,NA,NA,"c(NA, NA)"
2001,38,NA,NA,NA,2610203365,NA,NA,"c(NA, NA)"
2001,0,NA,NA,NA,5911825513,NA,NA,"c(NA, NA)"
2006,5,NA,NA,NA,2610228659,NA,NA,"c(NA, NA)"
2002,0,NA,NA,NA,5911740251,NA,NA,"c(NA, NA)"
2009,0,NA,NA,NA,5911805708,NA,NA,"c(NA, NA)"
1999,77,NA,NA,NA,2610191257,NA,NA,"c(NA, NA)"
2000,0,NA,NA,NA,5911710776,NA,NA,"c(NA, NA)"
1995,21,NA,NA,NA,2610252835,NA,NA,"c(NA, NA)"
1996,111,NA,NA,NA,2610198010,NA,NA,"c(NA, NA)"
1996,0,NA,NA,NA,5911930258,NA,NA,"c(NA, NA)"
2000,74,NA,NA,NA,2610196279,NA,NA,"c(NA, NA)"
2001,0,NA,NA,NA,5911826296,NA,NA,"c(NA, NA)"
2001,0,NA,NA,NA,5911826298,NA,NA,"c(NA, NA)"
1997,1,NA,NA,NA,2610199217,NA,NA,"c(NA, NA)"
1999,0,NA,NA,NA,5911826017,NA,NA,"c(NA, NA)"
1999,0,NA,NA,NA,5911826018,NA,NA,"c(NA, NA)"
2003,0,NA,NA,NA,5911704776,NA,NA,"c(NA, NA)"
2009,0,NA,NA,NA,5911704777,NA,NA,"c(NA, NA)"
2002,0,NA,NA,NA,5911710804,NA,NA,"c(NA, NA)"
1997,14,NA,NA,NA,2610253017,NA,NA,"c(NA, NA)"
2002,0,NA,NA,NA,5911710808,NA,NA,"c(NA, NA)"
2003,0,NA,NA,NA,5911710811,NA,NA,"c(NA, NA)"
1998,0,NA,NA,NA,5911825738,NA,NA,"c(NA, NA)"
1998,5,NA,NA,NA,2610198131,NA,NA,"c(NA, NA)"
1998,0,NA,NA,NA,5911825748,NA,NA,"c(NA, NA)"
1999,41,NA,NA,NA,2610198200,NA,NA,"c(NA, NA)"
2002,25,NA,NA,NA,2610205384,NA,NA,"c(NA, NA)"
2001,0,NA,NA,NA,5911826041,NA,NA,"c(NA, NA)"
2001,0,NA,NA,NA,5911826047,NA,NA,"c(NA, NA)"
2002,36,NA,NA,NA,2610208473,NA,NA,"c(NA, NA)"
2001,0,NA,NA,NA,5911805959,NA,NA,"c(NA, NA)"
2004,0,NA,NA,NA,5911805960,NA,NA,"c(NA, NA)"
2005,0,NA,NA,NA,5911805961,NA,NA,"c(NA, NA)"
2007,0,NA,NA,NA,5911805962,NA,NA,"c(NA, NA)"
2002,2,NA,NA,NA,2610153193,NA,NA,"c(NA, NA)"
2004,0,NA,NA,NA,5911805963,NA,NA,"c(NA, NA)"
2001,0,NA,NA,NA,5911805964,NA,NA,"c(NA, NA)"
2009,0,NA,NA,NA,5911805965,NA,NA,"c(NA, NA)"
2000,0,NA,NA,NA,5911923336,NA,NA,"c(NA, NA)"
2001,0,NA,NA,NA,5911825780,NA,NA,"c(NA, NA)"
2003,20,NA,NA,NA,2610207340,NA,NA,"c(NA, NA)"
2003,64,NA,NA,NA,2610205413,NA,NA,"c(NA, NA)"
2018,0,NA,NA,NA,5911891707,51.478615,4.478946,"c(4.478946, 51.478615)"
2002,0,NA,NA,NA,5911868554,NA,NA,"c(NA, NA)"
2001,0,NA,NA,NA,5911868555,NA,NA,"c(NA, NA)"
2018,1,NA,NA,NA,2610258400,51.305659,3.373961,"c(3.373961, 51.305659)"
2003,0,NA,NA,NA,5911770511,NA,NA,"c(NA, NA)"
2003,0,NA,NA,NA,5911770512,NA,NA,"c(NA, NA)"
2004,0,NA,NA,NA,5911770513,NA,NA,"c(NA, NA)"
2006,1,NA,NA,NA,2610158149,NA,NA,"c(NA, NA)"
2006,0,NA,NA,NA,5911770514,NA,NA,"c(NA, NA)"
2007,0,NA,NA,NA,5911770515,NA,NA,"c(NA, NA)"
2002,2,NA,NA,NA,2610158161,NA,NA,"c(NA, NA)"
2003,0,NA,NA,NA,5911770516,NA,NA,"c(NA, NA)"
2003,0,NA,NA,NA,5911923363,NA,NA,"c(NA, NA)"
2007,0,NA,NA,NA,5911705012,NA,NA,"c(NA, NA)"
2003,0,NA,NA,NA,5911705013,NA,NA,"c(NA, NA)"
2003,0,NA,NA,NA,5911705014,NA,NA,"c(NA, NA)"
2001,1,NA,NA,NA,2610156167,NA,NA,"c(NA, NA)"
2002,5,NA,NA,NA,2610156170,NA,NA,"c(NA, NA)"
2004,0,NA,NA,NA,5911705015,NA,NA,"c(NA, NA)"
2002,4,NA,NA,NA,2610156173,NA,NA,"c(NA, NA)"
2004,1,NA,NA,NA,2610156176,NA,NA,"c(NA, NA)"
1994,79,NA,NA,NA,2610258843,NA,NA,"c(NA, NA)"
1995,95,NA,NA,NA,2610259010,NA,NA,"c(NA, NA)"
1996,26,NA,NA,NA,2610259103,NA,NA,"c(NA, NA)"
1998,127,NA,NA,NA,2610259258,NA,NA,"c(NA, NA)"
1999,206,NA,NA,NA,2610268316,NA,NA,"c(NA, NA)"
2018,0,NA,NA,NA,5911858711,51.478615,4.478946,"c(4.478946, 51.478615)"
1991,24,NA,NA,NA,2610256435,NA,NA,"c(NA, NA)"
2001,0,NA,NA,NA,5911813722,NA,NA,"c(NA, NA)"
2018,0,NA,NA,NA,5911846415,50.995257,2.582233,"c(2.582233, 50.995257)"
2018,0,NA,NA,NA,5911846429,51.478615,4.478946,"c(4.478946, 51.478615)"
2018,1,NA,NA,NA,2610241271,51.478615,4.478946,"c(4.478946, 51.478615)"
2018,1,NA,NA,NA,2610254367,51.305659,3.373961,"c(3.373961, 51.305659)"
2005,7,NA,NA,NA,2610168386,NA,NA,"c(NA, NA)"
2002,5,NA,NA,NA,2610151165,NA,NA,"c(NA, NA)"
2006,0,NA,NA,NA,5911868792,NA,NA,"c(NA, NA)"
2001,2,NA,NA,NA,2610151169,NA,NA,"c(NA, NA)"
2004,0,NA,NA,NA,5911868793,NA,NA,"c(NA, NA)"
2005,0,NA,NA,NA,5911868794,NA,NA,"c(NA, NA)"
2008,0,NA,NA,NA,5911868795,NA,NA,"c(NA, NA)"
2004,0,NA,NA,NA,5911868796,NA,NA,"c(NA, NA)"
2009,0,NA,NA,NA,5911868797,NA,NA,"c(NA, NA)"
1995,183,NA,NA,NA,2610254952,NA,NA,"c(NA, NA)"
1995,82,NA,NA,NA,2610254962,NA,NA,"c(NA, NA)"
1996,4,NA,NA,NA,2610255064,NA,NA,"c(NA, NA)"
1998,36,NA,NA,NA,2610255201,NA,NA,"c(NA, NA)"
1991,0,NA,NA,NA,5911846466,NA,NA,"c(NA, NA)"
1992,0,NA,NA,NA,5911846473,NA,NA,"c(NA, NA)"
1993,0,NA,NA,NA,5911923553,NA,NA,"c(NA, NA)"
1995,18,NA,NA,NA,2610253918,NA,NA,"c(NA, NA)"
1995,22,NA,NA,NA,2610253992,NA,NA,"c(NA, NA)"
1996,0,NA,NA,NA,5911993260,NA,NA,"c(NA, NA)"
2018,0,NA,NA,NA,5912011471,51.305659,3.373961,"c(3.373961, 51.305659)"
2018,2,NA,NA,NA,2610240281,50.995257,2.582233,"c(2.582233, 50.995257)"
2018,0,NA,NA,NA,5911858949,51.478615,4.478946,"c(4.478946, 51.478615)"
2010,0,NA,NA,NA,5911868900,NA,NA,"c(NA, NA)"
1999,0,NA,NA,NA,5911845898,NA,NA,"c(NA, NA)"
2002,0,NA,NA,NA,5911845935,NA,NA,"c(NA, NA)"
2011,3,NA,NA,NA,2610248097,NA,NA,"c(NA, NA)"
1993,0,NA,NA,NA,5911846480,NA,NA,"c(NA, NA)"
1997,59,NA,NA,NA,2610257051,NA,NA,"c(NA, NA)"
1997,0,NA,NA,NA,5911891784,NA,NA,"c(NA, NA)"
1997,106,NA,NA,NA,2610257106,NA,NA,"c(NA, NA)"
1991,0,NA,NA,NA,5911858986,NA,NA,"c(NA, NA)"
1992,0,NA,NA,NA,5911845356,NA,NA,"c(NA, NA)"
2011,6,NA,NA,NA,2610247098,NA,NA,"c(NA, NA)"
1998,0,NA,NA,NA,5911923590,NA,NA,"c(NA, NA)"
1997,39,NA,NA,NA,2610254178,NA,NA,"c(NA, NA)"
1998,352,NA,NA,NA,2610254188,NA,NA,"c(NA, NA)"
1999,0,NA,NA,NA,5911891804,NA,NA,"c(NA, NA)"
1997,0,NA,NA,NA,5911891545,NA,NA,"c(NA, NA)"
2001,127,NA,NA,NA,2610257284,NA,NA,"c(NA, NA)"
1993,0,NA,NA,NA,5911859001,NA,NA,"c(NA, NA)"
2018,0,NA,NA,NA,5911992905,50.995257,2.582233,"c(2.582233, 50.995257)"
1995,106,NA,NA,NA,2610257960,NA,NA,"c(NA, NA)"
1995,17,NA,NA,NA,2610258041,NA,NA,"c(NA, NA)"
1996,18,NA,NA,NA,2610258149,NA,NA,"c(NA, NA)"
1998,131,NA,NA,NA,2610258295,NA,NA,"c(NA, NA)"
1999,57,NA,NA,NA,2610267338,NA,NA,"c(NA, NA)"
1997,38,NA,NA,NA,2610194080,NA,NA,"c(NA, NA)"
2004,0,NA,NA,NA,5911989279,NA,NA,"c(NA, NA)"
2001,0,NA,NA,NA,5911989280,NA,NA,"c(NA, NA)"
1999,139,NA,NA,NA,2610254299,NA,NA,"c(NA, NA)"
1999,0,NA,NA,NA,5911993291,NA,NA,"c(NA, NA)"
2000,0,NA,NA,NA,5912011303,NA,NA,"c(NA, NA)"
1994,31,NA,NA,NA,2610249777,NA,NA,"c(NA, NA)"
1995,0,NA,NA,NA,5912011535,NA,NA,"c(NA, NA)"
1996,232,NA,NA,NA,2610249923,NA,NA,"c(NA, NA)"
1995,161,NA,NA,NA,2610251833,NA,NA,"c(NA, NA)"
1998,65,NA,NA,NA,2610194170,NA,NA,"c(NA, NA)"
1998,0,NA,NA,NA,5911846529,NA,NA,"c(NA, NA)"
1999,2,NA,NA,NA,2610194236,NA,NA,"c(NA, NA)"
2003,0,NA,NA,NA,5911923656,NA,NA,"c(NA, NA)"
2001,93,NA,NA,NA,2610263349,NA,NA,"c(NA, NA)"
1997,4,NA,NA,NA,2610250035,NA,NA,"c(NA, NA)"
2003,0,NA,NA,NA,5911891840,NA,NA,"c(NA, NA)"
1998,6,NA,NA,NA,2610252121,NA,NA,"c(NA, NA)"
1992,31,NA,NA,NA,2610256575,NA,NA,"c(NA, NA)"
2017,0,Galmaarden,NA,NA,5911845489,50.746329,3.946949,"c(3.946949, 50.746329)"
1991,35,NA,NA,NA,2610255592,NA,NA,"c(NA, NA)"
1994,258,NA,NA,NA,2610255861,NA,NA,"c(NA, NA)"
2006,1,NA,NA,NA,2610157154,NA,NA,"c(NA, NA)"
2007,0,NA,NA,NA,5911685786,NA,NA,"c(NA, NA)"
2004,1,NA,NA,NA,2610157157,NA,NA,"c(NA, NA)"
2004,0,NA,NA,NA,5911685787,NA,NA,"c(NA, NA)"
2002,27,NA,NA,NA,2610157162,NA,NA,"c(NA, NA)"
2002,0,NA,NA,NA,5911685788,NA,NA,"c(NA, NA)"
2007,0,NA,NA,NA,5911685789,NA,NA,"c(NA, NA)"
2005,1,NA,NA,NA,2610157174,NA,NA,"c(NA, NA)"
2005,0,NA,NA,NA,5911685790,NA,NA,"c(NA, NA)"
2003,21,NA,NA,NA,2610263456,NA,NA,"c(NA, NA)"
2000,0,NA,NA,NA,5912011567,NA,NA,"c(NA, NA)"
2001,0,NA,NA,NA,5911891590,NA,NA,"c(NA, NA)"
2003,0,NA,NA,NA,5911891606,NA,NA,"c(NA, NA)"
1999,75,NA,NA,NA,2610252187,NA,NA,"c(NA, NA)"
1995,46,NA,NA,NA,2610256858,NA,NA,"c(NA, NA)"
1995,11,NA,NA,NA,2610256936,NA,NA,"c(NA, NA)"
2009,0,NA,NA,NA,5911869143,NA,NA,"c(NA, NA)"
2009,0,NA,NA,NA,5911869144,NA,NA,"c(NA, NA)"
2001,0,NA,NA,NA,5911869145,NA,NA,"c(NA, NA)"
2009,0,NA,NA,NA,5911914935,NA,NA,"c(NA, NA)"
2002,0,NA,NA,NA,5911914936,NA,NA,"c(NA, NA)"
1995,0,NA,NA,NA,5911845607,NA,NA,"c(NA, NA)"
1998,0,NA,NA,NA,5911845636,NA,NA,"c(NA, NA)"
1998,19,NA,NA,NA,2610265320,NA,NA,"c(NA, NA)"
1999,44,NA,NA,NA,2610265369,NA,NA,"c(NA, NA)"
2007,0,NA,NA,NA,5911869360,NA,NA,"c(NA, NA)"
2002,4,NA,NA,NA,2610214480,NA,NA,"c(NA, NA)"
2018,0,NA,NA,NA,5911690365,51.478615,4.478946,"c(4.478946, 51.478615)"
1998,26,NA,NA,NA,2610257117,NA,NA,"c(NA, NA)"
2009,0,NA,NA,NA,5911839181,NA,NA,"c(NA, NA)"
2003,0,NA,NA,NA,5911839182,NA,NA,"c(NA, NA)"
2001,0,NA,NA,NA,5911839183,NA,NA,"c(NA, NA)"
2003,1,NA,NA,NA,2610209515,NA,NA,"c(NA, NA)"
2001,0,NA,NA,NA,5911722379,NA,NA,"c(NA, NA)"
2007,0,NA,NA,NA,5911722380,NA,NA,"c(NA, NA)"
2002,0,NA,NA,NA,5911977346,NA,NA,"c(NA, NA)"
2009,0,NA,NA,NA,5911977347,NA,NA,"c(NA, NA)"
1999,124,NA,NA,NA,2610257229,NA,NA,"c(NA, NA)"
2000,0,NA,NA,NA,5911993026,NA,NA,"c(NA, NA)"
2009,0,NA,NA,NA,5911988979,NA,NA,"c(NA, NA)"
2003,0,NA,NA,NA,5911988980,NA,NA,"c(NA, NA)"
2007,0,NA,NA,NA,5911910881,NA,NA,"c(NA, NA)"
2009,0,NA,NA,NA,5911910882,NA,NA,"c(NA, NA)"
2003,0,NA,NA,NA,5911977348,NA,NA,"c(NA, NA)"
2007,0,NA,NA,NA,5911948814,NA,NA,"c(NA, NA)"
2008,0,NA,NA,NA,5911948815,NA,NA,"c(NA, NA)"
2017,0,Galmaarden,NA,NA,5911784928,50.746329,3.946949,"c(3.946949, 50.746329)"
2004,0,NA,NA,NA,5911870183,NA,NA,"c(NA, NA)"
2008,0,NA,NA,NA,5911870184,NA,NA,"c(NA, NA)"
2002,1,NA,NA,NA,2610215200,NA,NA,"c(NA, NA)"
2002,6,NA,NA,NA,2610215201,NA,NA,"c(NA, NA)"
2003,1,NA,NA,NA,2610215206,NA,NA,"c(NA, NA)"
2009,0,NA,NA,NA,5911870185,NA,NA,"c(NA, NA)"
2001,9,NA,NA,NA,2610215208,NA,NA,"c(NA, NA)"
2007,0,NA,NA,NA,5911870186,NA,NA,"c(NA, NA)"
2009,0,NA,NA,NA,5911870187,NA,NA,"c(NA, NA)"
2017,0,Galmaarden,NA,NA,5911785180,50.746329,3.946949,"c(3.946949, 50.746329)"
1991,35,NA,NA,NA,2610191514,NA,NA,"c(NA, NA)"
1993,0,NA,NA,NA,5911785286,NA,NA,"c(NA, NA)"
2006,0,NA,NA,NA,5911773079,NA,NA,"c(NA, NA)"
1991,19,NA,NA,NA,2610196501,NA,NA,"c(NA, NA)"
1994,0,NA,NA,NA,5911785042,NA,NA,"c(NA, NA)"
1997,0,NA,NA,NA,5911785065,NA,NA,"c(NA, NA)"
1993,64,NA,NA,NA,2610255797,NA,NA,"c(NA, NA)"
1998,0,NA,NA,NA,5911809330,NA,NA,"c(NA, NA)"
2002,0,NA,NA,NA,5911809378,NA,NA,"c(NA, NA)"
2002,0,NA,NA,NA,5911809379,NA,NA,"c(NA, NA)"
2002,0,NA,NA,NA,5911809382,NA,NA,"c(NA, NA)"
1993,53,NA,NA,NA,2610195705,NA,NA,"c(NA, NA)"
1996,52,NA,NA,NA,2610195978,NA,NA,"c(NA, NA)"
1997,0,NA,NA,NA,5911784781,NA,NA,"c(NA, NA)"
1998,0,NA,NA,NA,5911784792,NA,NA,"c(NA, NA)"
1998,0,NA,NA,NA,5911784793,NA,NA,"c(NA, NA)"
1999,0,NA,NA,NA,5911785091,NA,NA,"c(NA, NA)"
2000,0,NA,NA,NA,5911785104,NA,NA,"c(NA, NA)"
2003,3,NA,NA,NA,2610214160,NA,NA,"c(NA, NA)"
2010,0,NA,NA,NA,5911800918,NA,NA,"c(NA, NA)"
2008,0,NA,NA,NA,5911800919,NA,NA,"c(NA, NA)"
2006,0,NA,NA,NA,5911800920,NA,NA,"c(NA, NA)"
2004,0,NA,NA,NA,5911800921,NA,NA,"c(NA, NA)"
2003,0,NA,NA,NA,5911800922,NA,NA,"c(NA, NA)"
2006,0,NA,NA,NA,5911800923,NA,NA,"c(NA, NA)"
2002,0,NA,NA,NA,5911800924,NA,NA,"c(NA, NA)"
2001,12,NA,NA,NA,2610214178,NA,NA,"c(NA, NA)"
2001,1,NA,NA,NA,2610212506,NA,NA,"c(NA, NA)"
2018,0,NA,NA,NA,5911758193,51.039096,2.555866,"c(2.555866, 51.039096)"
2018,0,NA,NA,NA,5911758200,51.478615,4.478946,"c(4.478946, 51.478615)"
2002,0,NA,NA,NA,5911784841,NA,NA,"c(NA, NA)"
2002,0,NA,NA,NA,5911784843,NA,NA,"c(NA, NA)"
2003,0,NA,NA,NA,5911784851,NA,NA,"c(NA, NA)"
1994,0,NA,NA,NA,5911758255,NA,NA,"c(NA, NA)"
1996,21,NA,NA,NA,2610191056,NA,NA,"c(NA, NA)"
1997,0,NA,NA,NA,5911758276,NA,NA,"c(NA, NA)"
1998,0,NA,NA,NA,5911758283,NA,NA,"c(NA, NA)"
1998,1,NA,NA,NA,2610191214,NA,NA,"c(NA, NA)"
2018,0,NA,NA,NA,5911992389,51.478615,4.478946,"c(4.478946, 51.478615)"
1998,25,NA,NA,NA,2610256248,NA,NA,"c(NA, NA)"
1998,83,NA,NA,NA,2610256290,NA,NA,"c(NA, NA)"
1999,0,NA,NA,NA,5911690455,NA,NA,"c(NA, NA)"
2005,0,NA,NA,NA,5911754797,NA,NA,"c(NA, NA)"
2009,0,NA,NA,NA,5911754798,NA,NA,"c(NA, NA)"
2007,0,NA,NA,NA,5911754799,NA,NA,"c(NA, NA)"
2006,0,NA,NA,NA,5911754800,NA,NA,"c(NA, NA)"
2006,0,NA,NA,NA,5911754801,NA,NA,"c(NA, NA)"
2001,9,NA,NA,NA,2610213158,NA,NA,"c(NA, NA)"
2005,0,NA,NA,NA,5911754802,NA,NA,"c(NA, NA)"
2002,0,NA,NA,NA,5911754803,NA,NA,"c(NA, NA)"
2002,0,NA,NA,NA,5911784338,NA,NA,"c(NA, NA)"
2005,5,NA,NA,NA,2610155182,NA,NA,"c(NA, NA)"
2003,1,NA,NA,NA,2610155184,NA,NA,"c(NA, NA)"
2001,2,NA,NA,NA,2610155186,NA,NA,"c(NA, NA)"
2002,0,NA,NA,NA,5911899679,NA,NA,"c(NA, NA)"
2004,0,NA,NA,NA,5911899680,NA,NA,"c(NA, NA)"
2006,0,NA,NA,NA,5911899681,NA,NA,"c(NA, NA)"
2008,0,NA,NA,NA,5911899682,NA,NA,"c(NA, NA)"
2005,1,NA,NA,NA,2610155200,NA,NA,"c(NA, NA)"
2002,3,NA,NA,NA,2610155204,NA,NA,"c(NA, NA)"
2002,1,NA,NA,NA,2610216516,NA,NA,"c(NA, NA)"
2005,0,NA,NA,NA,5911881446,NA,NA,"c(NA, NA)"
2007,0,NA,NA,NA,5911881447,NA,NA,"c(NA, NA)"
2001,3,NA,NA,NA,2610154113,NA,NA,"c(NA, NA)"
2007,0,NA,NA,NA,5911881448,NA,NA,"c(NA, NA)"
2004,0,NA,NA,NA,5911881449,NA,NA,"c(NA, NA)"
2005,0,NA,NA,NA,5911881450,NA,NA,"c(NA, NA)"
2009,0,NA,NA,NA,5911881451,NA,NA,"c(NA, NA)"
2008,0,NA,NA,NA,5911881452,NA,NA,"c(NA, NA)"
2008,0,NA,NA,NA,5911881453,NA,NA,"c(NA, NA)"
2004,0,NA,NA,NA,5911881454,NA,NA,"c(NA, NA)"
2008,0,NA,NA,NA,5911881455,NA,NA,"c(NA, NA)"
2006,0,NA,NA,NA,5911915164,NA,NA,"c(NA, NA)"
2005,0,NA,NA,NA,5911915165,NA,NA,"c(NA, NA)"
2005,0,NA,NA,NA,5911915166,NA,NA,"c(NA, NA)"
2001,1,NA,NA,NA,2610152205,NA,NA,"c(NA, NA)"
2001,110,NA,NA,NA,2610152206,NA,NA,"c(NA, NA)"
2005,0,NA,NA,NA,5911915167,NA,NA,"c(NA, NA)"
2004,0,NA,NA,NA,5911915168,NA,NA,"c(NA, NA)"
2007,0,NA,NA,NA,5911915169,NA,NA,"c(NA, NA)"
2004,0,NA,NA,NA,5911915170,NA,NA,"c(NA, NA)"
2001,1,NA,NA,NA,2610152219,NA,NA,"c(NA, NA)"
1991,0,NA,NA,NA,5911992422,NA,NA,"c(NA, NA)"
1991,95,NA,NA,NA,2610257560,NA,NA,"c(NA, NA)"
2009,0,NA,NA,NA,5911800672,NA,NA,"c(NA, NA)"
2004,0,NA,NA,NA,5911974858,NA,NA,"c(NA, NA)"
2003,0,NA,NA,NA,5911722688,NA,NA,"c(NA, NA)"
2005,0,NA,NA,NA,5912005807,NA,NA,"c(NA, NA)"
2004,0,NA,NA,NA,5912005808,NA,NA,"c(NA, NA)"
2006,0,NA,NA,NA,5912005809,NA,NA,"c(NA, NA)"
2004,0,NA,NA,NA,5912005810,NA,NA,"c(NA, NA)"
2005,0,NA,NA,NA,5912005811,NA,NA,"c(NA, NA)"
2007,0,NA,NA,NA,5912005812,NA,NA,"c(NA, NA)"
2007,0,NA,NA,NA,5912005813,NA,NA,"c(NA, NA)"
2004,0,NA,NA,NA,5912005814,NA,NA,"c(NA, NA)"
2004,4,NA,NA,NA,2610159169,NA,NA,"c(NA, NA)"
2001,0,NA,NA,NA,5912005815,NA,NA,"c(NA, NA)"
2006,0,NA,NA,NA,5912005816,NA,NA,"c(NA, NA)"
2003,0,NA,NA,NA,5911754505,NA,NA,"c(NA, NA)"
2006,0,NA,NA,NA,5911754506,NA,NA,"c(NA, NA)"
2003,2,NA,NA,NA,2610210182,NA,NA,"c(NA, NA)"
2007,0,NA,NA,NA,5911754507,NA,NA,"c(NA, NA)"
2001,2,NA,NA,NA,2610210191,NA,NA,"c(NA, NA)"
2004,0,NA,NA,NA,5911754508,NA,NA,"c(NA, NA)"
2001,4,NA,NA,NA,2610210196,NA,NA,"c(NA, NA)"
2005,0,NA,NA,NA,5911754509,NA,NA,"c(NA, NA)"
2003,0,NA,NA,NA,5911754510,NA,NA,"c(NA, NA)"
2007,0,NA,NA,NA,5911977587,NA,NA,"c(NA, NA)"
2003,0,NA,NA,NA,5911977588,NA,NA,"c(NA, NA)"
2006,0,NA,NA,NA,5911977589,NA,NA,"c(NA, NA)"
2002,1,NA,NA,NA,2610212198,NA,NA,"c(NA, NA)"
2005,0,NA,NA,NA,5911977590,NA,NA,"c(NA, NA)"
2004,2,NA,NA,NA,2610212206,NA,NA,"c(NA, NA)"
2006,0,NA,NA,NA,5911977591,NA,NA,"c(NA, NA)"
2007,0,NA,NA,NA,5911977592,NA,NA,"c(NA, NA)"
2006,0,NA,NA,NA,5911977593,NA,NA,"c(NA, NA)"
2002,4,NA,NA,NA,2610150176,NA,NA,"c(NA, NA)"
2003,0,NA,NA,NA,5911988636,NA,NA,"c(NA, NA)"
2005,0,NA,NA,NA,5911988637,NA,NA,"c(NA, NA)"
2006,0,NA,NA,NA,5911988638,NA,NA,"c(NA, NA)"
2006,0,NA,NA,NA,5911988639,NA,NA,"c(NA, NA)"
2010,0,NA,NA,NA,5911988640,NA,NA,"c(NA, NA)"
2001,13,NA,NA,NA,2610150195,NA,NA,"c(NA, NA)"
2008,0,NA,NA,NA,5911988641,NA,NA,"c(NA, NA)"
2005,0,NA,NA,NA,5911722971,NA,NA,"c(NA, NA)"
2003,0,NA,NA,NA,5911690507,NA,NA,"c(NA, NA)"
1991,71,NA,NA,NA,2610195455,NA,NA,"c(NA, NA)"
2018,1,NA,NA,NA,2610197333,51.478615,4.478946,"c(4.478946, 51.478615)"
1992,0,NA,NA,NA,5911841361,NA,NA,"c(NA, NA)"
1992,74,NA,NA,NA,2610197511,NA,NA,"c(NA, NA)"
1995,0,NA,NA,NA,5911841379,NA,NA,"c(NA, NA)"
1996,4,NA,NA,NA,2610197987,NA,NA,"c(NA, NA)"
2001,1,NA,NA,NA,2610217184,NA,NA,"c(NA, NA)"
2002,0,NA,NA,NA,5911772731,NA,NA,"c(NA, NA)"
2001,2,NA,NA,NA,2610217187,NA,NA,"c(NA, NA)"
2008,0,NA,NA,NA,5911772732,NA,NA,"c(NA, NA)"
2004,0,NA,NA,NA,5911772733,NA,NA,"c(NA, NA)"
2003,0,NA,NA,NA,5911772734,NA,NA,"c(NA, NA)"
2006,0,NA,NA,NA,5911911120,NA,NA,"c(NA, NA)"
2005,0,NA,NA,NA,5911911121,NA,NA,"c(NA, NA)"
2003,0,NA,NA,NA,5911911122,NA,NA,"c(NA, NA)"
2008,0,NA,NA,NA,5911911123,NA,NA,"c(NA, NA)"
2008,0,NA,NA,NA,5911911124,NA,NA,"c(NA, NA)"
2002,1,NA,NA,NA,2610211175,NA,NA,"c(NA, NA)"
2003,0,NA,NA,NA,5911911125,NA,NA,"c(NA, NA)"
2003,1,NA,NA,NA,2610211177,NA,NA,"c(NA, NA)"
2008,0,NA,NA,NA,5911911126,NA,NA,"c(NA, NA)"
1992,93,NA,NA,NA,2610255650,NA,NA,"c(NA, NA)"
1993,0,NA,NA,NA,5911923804,NA,NA,"c(NA, NA)"
2011,11,NA,NA,NA,2610245972,NA,NA,"c(NA, NA)"
1998,0,NA,NA,NA,5911841402,NA,NA,"c(NA, NA)"
2002,0,NA,NA,NA,5911834503,NA,NA,"c(NA, NA)"
2004,0,NA,NA,NA,5911834504,NA,NA,"c(NA, NA)"
2002,3,NA,NA,NA,2610216208,NA,NA,"c(NA, NA)"
2006,1,NA,NA,NA,2610216212,NA,NA,"c(NA, NA)"
1999,90,NA,NA,NA,2610198221,NA,NA,"c(NA, NA)"
2000,0,NA,NA,NA,5911841428,NA,NA,"c(NA, NA)"
2002,0,NA,NA,NA,5911841453,NA,NA,"c(NA, NA)"
2005,0,NA,NA,NA,5911834505,NA,NA,"c(NA, NA)"
2002,0,NA,NA,NA,5911841456,NA,NA,"c(NA, NA)"
1997,0,NA,NA,NA,5911710981,NA,NA,"c(NA, NA)"
1995,15,NA,NA,NA,2610256033,NA,NA,"c(NA, NA)"
2005,0,NA,NA,NA,5911787681,NA,NA,"c(NA, NA)"
2003,0,NA,NA,NA,5911787682,NA,NA,"c(NA, NA)"
2005,0,NA,NA,NA,5911787683,NA,NA,"c(NA, NA)"
2005,0,NA,NA,NA,5911787684,NA,NA,"c(NA, NA)"
2005,0,NA,NA,NA,5911787685,NA,NA,"c(NA, NA)"
2009,0,NA,NA,NA,5911787686,NA,NA,"c(NA, NA)"
2016,0,NA,NA,NA,5911822381,NA,NA,"c(NA, NA)"
1994,0,NA,NA,NA,5911929742,NA,NA,"c(NA, NA)"
1996,73,NA,NA,NA,2610259113,NA,NA,"c(NA, NA)"
2008,0,NA,NA,NA,5911772927,NA,NA,"c(NA, NA)"
2006,0,NA,NA,NA,5911893920,NA,NA,"c(NA, NA)"
2008,0,NA,NA,NA,5911893921,NA,NA,"c(NA, NA)"
2002,0,NA,NA,NA,5911943400,NA,NA,"c(NA, NA)"
2004,0,NA,NA,NA,5911696732,NA,NA,"c(NA, NA)"
2000,0,NA,NA,NA,5911992501,NA,NA,"c(NA, NA)"
1998,0,NA,NA,NA,5911711005,NA,NA,"c(NA, NA)"
1993,0,NA,NA,NA,5911822409,NA,NA,"c(NA, NA)"
1997,0,NA,NA,NA,5911822438,NA,NA,"c(NA, NA)"
1998,117,NA,NA,NA,2610257150,NA,NA,"c(NA, NA)"
2000,0,NA,NA,NA,5911822475,NA,NA,"c(NA, NA)"
1995,53,NA,NA,NA,2610195940,NA,NA,"c(NA, NA)"
1999,0,NA,NA,NA,5911858537,NA,NA,"c(NA, NA)"
2005,0,NA,NA,NA,5911834714,NA,NA,"c(NA, NA)"
2000,0,NA,NA,NA,5911992511,NA,NA,"c(NA, NA)"
2001,0,NA,NA,NA,5911711045,NA,NA,"c(NA, NA)"
2005,2,NA,NA,NA,2610158143,NA,NA,"c(NA, NA)"
2003,2,NA,NA,NA,2610158145,NA,NA,"c(NA, NA)"
2007,0,NA,NA,NA,5911865674,NA,NA,"c(NA, NA)"
2007,0,NA,NA,NA,5911865675,NA,NA,"c(NA, NA)"
2001,3,NA,NA,NA,2610158152,NA,NA,"c(NA, NA)"
2008,0,NA,NA,NA,5911865676,NA,NA,"c(NA, NA)"
1999,126,NA,NA,NA,2610265335,NA,NA,"c(NA, NA)"
2006,0,NA,NA,NA,5911787887,NA,NA,"c(NA, NA)"
1997,30,NA,NA,NA,2610196097,NA,NA,"c(NA, NA)"
2000,0,NA,NA,NA,5911858555,NA,NA,"c(NA, NA)"
2007,0,NA,NA,NA,5911893621,NA,NA,"c(NA, NA)"
2001,0,NA,NA,NA,5911893622,NA,NA,"c(NA, NA)"
2006,0,NA,NA,NA,5911735228,NA,NA,"c(NA, NA)"
2001,0,NA,NA,NA,5911735229,NA,NA,"c(NA, NA)"
2003,0,NA,NA,NA,5911992537,NA,NA,"c(NA, NA)"
2003,0,NA,NA,NA,5911711060,NA,NA,"c(NA, NA)"
2000,0,NA,NA,NA,5911923885,NA,NA,"c(NA, NA)"
1992,60,NA,NA,NA,2610249444,NA,NA,"c(NA, NA)"
1993,0,NA,NA,NA,5911750023,NA,NA,"c(NA, NA)"
1997,0,NA,NA,NA,5911750057,NA,NA,"c(NA, NA)"
1998,9,NA,NA,NA,2610250084,NA,NA,"c(NA, NA)"
2001,0,NA,NA,NA,5911750102,NA,NA,"c(NA, NA)"
2001,0,NA,NA,NA,5911773970,NA,NA,"c(NA, NA)"
2008,0,NA,NA,NA,5911773971,NA,NA,"c(NA, NA)"
2004,0,NA,NA,NA,5911773972,NA,NA,"c(NA, NA)"
2008,0,NA,NA,NA,5911773973,NA,NA,"c(NA, NA)"
2006,0,NA,NA,NA,5911773974,NA,NA,"c(NA, NA)"
1992,0,NA,NA,NA,5911711202,NA,NA,"c(NA, NA)"
2008,0,NA,NA,NA,5911865870,NA,NA,"c(NA, NA)"
2000,0,NA,NA,NA,5911929801,NA,NA,"c(NA, NA)"
2001,0,NA,NA,NA,5911929820,NA,NA,"c(NA, NA)"
2003,0,NA,NA,NA,5911858587,NA,NA,"c(NA, NA)"
2011,7,NA,NA,NA,2610243940,NA,NA,"c(NA, NA)"
2011,5,NA,NA,NA,2610243983,NA,NA,"c(NA, NA)"
2012,2,NA,NA,NA,2610243992,NA,NA,"c(NA, NA)"
2010,0,NA,NA,NA,5911773975,NA,NA,"c(NA, NA)"
2003,24,NA,NA,NA,2610265504,NA,NA,"c(NA, NA)"
2003,0,NA,NA,NA,5911929837,NA,NA,"c(NA, NA)"
1992,9,NA,NA,NA,2610252466,NA,NA,"c(NA, NA)"
2001,1,NA,NA,NA,2610156158,NA,NA,"c(NA, NA)"
2001,2,NA,NA,NA,2610156165,NA,NA,"c(NA, NA)"
2008,0,NA,NA,NA,5911841807,NA,NA,"c(NA, NA)"
2008,0,NA,NA,NA,5911841808,NA,NA,"c(NA, NA)"
2010,0,NA,NA,NA,5911841809,NA,NA,"c(NA, NA)"
2004,3,NA,NA,NA,2610156175,NA,NA,"c(NA, NA)"
1995,0,NA,NA,NA,5911822940,NA,NA,"c(NA, NA)"
2000,91,NA,NA,NA,2610253194,NA,NA,"c(NA, NA)"
2011,4,NA,NA,NA,2610249078,NA,NA,"c(NA, NA)"
2012,14,NA,NA,NA,2610249087,NA,NA,"c(NA, NA)"
2005,4,NA,NA,NA,2610168594,NA,NA,"c(NA, NA)"
2007,0,NA,NA,NA,5911842044,NA,NA,"c(NA, NA)"
2006,0,NA,NA,NA,5911723229,NA,NA,"c(NA, NA)"
2005,0,NA,NA,NA,5911723230,NA,NA,"c(NA, NA)"
1997,0,NA,NA,NA,5911711239,NA,NA,"c(NA, NA)"
2002,4,NA,NA,NA,2610151166,NA,NA,"c(NA, NA)"
2007,0,NA,NA,NA,5911839721,NA,NA,"c(NA, NA)"
2004,0,NA,NA,NA,5911839722,NA,NA,"c(NA, NA)"
2004,0,NA,NA,NA,5911839723,NA,NA,"c(NA, NA)"
2003,0,NA,NA,NA,5911839724,NA,NA,"c(NA, NA)"
2007,0,NA,NA,NA,5911839725,NA,NA,"c(NA, NA)"
2007,0,NA,NA,NA,5911723231,NA,NA,"c(NA, NA)"
2001,5,NA,NA,NA,2610218164,NA,NA,"c(NA, NA)"
2003,0,NA,NA,NA,5911723232,NA,NA,"c(NA, NA)"
2008,0,NA,NA,NA,5911975106,NA,NA,"c(NA, NA)"
2006,0,NA,NA,NA,5911975107,NA,NA,"c(NA, NA)"
2008,0,NA,NA,NA,5911975108,NA,NA,"c(NA, NA)"
2002,0,NA,NA,NA,5911975109,NA,NA,"c(NA, NA)"
2002,1,NA,NA,NA,2610152221,NA,NA,"c(NA, NA)"
2009,0,NA,NA,NA,5911975110,NA,NA,"c(NA, NA)"
2009,1,NA,NA,NA,2610258478,NA,NA,"c(NA, NA)"
2004,0,NA,NA,NA,5911918729,NA,NA,"c(NA, NA)"
2004,0,NA,NA,NA,5911918730,NA,NA,"c(NA, NA)"
2002,11,NA,NA,NA,2610155190,NA,NA,"c(NA, NA)"
2005,0,NA,NA,NA,5911918731,NA,NA,"c(NA, NA)"
2003,2,NA,NA,NA,2610155203,NA,NA,"c(NA, NA)"
2009,0,NA,NA,NA,5911774175,NA,NA,"c(NA, NA)"
1993,56,NA,NA,NA,2610258793,NA,NA,"c(NA, NA)"
1993,17,NA,NA,NA,2610258807,NA,NA,"c(NA, NA)"
1994,27,NA,NA,NA,2610258907,NA,NA,"c(NA, NA)"
1995,0,NA,NA,NA,5911749486,NA,NA,"c(NA, NA)"
2003,0,NA,NA,NA,5911711295,NA,NA,"c(NA, NA)"
1991,182,NA,NA,NA,2610255548,NA,NA,"c(NA, NA)"
1994,0,NA,NA,NA,5911822678,NA,NA,"c(NA, NA)"
1995,90,NA,NA,NA,2610257988,NA,NA,"c(NA, NA)"
1996,3,NA,NA,NA,2610258105,NA,NA,"c(NA, NA)"
2006,0,NA,NA,NA,5911918926,NA,NA,"c(NA, NA)"
2006,3,NA,NA,NA,2610165647,NA,NA,"c(NA, NA)"
2001,1,NA,NA,NA,2610150179,NA,NA,"c(NA, NA)"
2006,0,NA,NA,NA,5911696988,NA,NA,"c(NA, NA)"
2004,3,NA,NA,NA,2610150184,NA,NA,"c(NA, NA)"
2001,12,NA,NA,NA,2610150185,NA,NA,"c(NA, NA)"
2002,1,NA,NA,NA,2610150193,NA,NA,"c(NA, NA)"
2007,0,NA,NA,NA,5911696989,NA,NA,"c(NA, NA)"
2009,0,NA,NA,NA,5911696990,NA,NA,"c(NA, NA)"
2003,0,NA,NA,NA,5911696991,NA,NA,"c(NA, NA)"
2008,0,NA,NA,NA,5911774201,NA,NA,"c(NA, NA)"
2002,0,NA,NA,NA,5911749560,NA,NA,"c(NA, NA)"
2006,0,NA,NA,NA,5911931759,NA,NA,"c(NA, NA)"
2007,0,NA,NA,NA,5911931760,NA,NA,"c(NA, NA)"
2007,0,NA,NA,NA,5911931761,NA,NA,"c(NA, NA)"
2005,0,NA,NA,NA,5911931762,NA,NA,"c(NA, NA)"
2002,1,NA,NA,NA,2610218158,NA,NA,"c(NA, NA)"
2008,0,NA,NA,NA,5911931763,NA,NA,"c(NA, NA)"
2008,0,NA,NA,NA,5911931764,NA,NA,"c(NA, NA)"
2004,0,NA,NA,NA,5911931765,NA,NA,"c(NA, NA)"
2005,0,NA,NA,NA,5911931766,NA,NA,"c(NA, NA)"
2004,0,NA,NA,NA,5911931767,NA,NA,"c(NA, NA)"
2005,5,NA,NA,NA,2610163421,NA,NA,"c(NA, NA)"
2011,5,NA,NA,NA,2610187006,NA,NA,"c(NA, NA)"
1995,227,NA,NA,NA,2610255984,NA,NA,"c(NA, NA)"
1998,0,NA,NA,NA,5911822705,NA,NA,"c(NA, NA)"
1999,0,NA,NA,NA,5911822720,NA,NA,"c(NA, NA)"
1999,80,NA,NA,NA,2610265374,NA,NA,"c(NA, NA)"
2001,76,NA,NA,NA,2610265432,NA,NA,"c(NA, NA)"
2002,0,NA,NA,NA,5911822751,NA,NA,"c(NA, NA)"
2003,0,NA,NA,NA,5911879202,NA,NA,"c(NA, NA)"
2003,1,NA,NA,NA,2610159162,NA,NA,"c(NA, NA)"
2003,1,NA,NA,NA,2610159170,NA,NA,"c(NA, NA)"
2001,2,NA,NA,NA,2610159174,NA,NA,"c(NA, NA)"
2001,1,NA,NA,NA,2610209516,NA,NA,"c(NA, NA)"
2008,0,NA,NA,NA,5911894163,NA,NA,"c(NA, NA)"
2001,0,NA,NA,NA,5911894164,NA,NA,"c(NA, NA)"
2005,1,NA,NA,NA,2610219164,NA,NA,"c(NA, NA)"
2009,0,NA,NA,NA,5911894165,NA,NA,"c(NA, NA)"
2008,0,NA,NA,NA,5911894166,NA,NA,"c(NA, NA)"
2004,2,NA,NA,NA,2610219168,NA,NA,"c(NA, NA)"
2007,0,NA,NA,NA,5911894167,NA,NA,"c(NA, NA)"
2005,0,NA,NA,NA,5911894168,NA,NA,"c(NA, NA)"
2007,0,NA,NA,NA,5911943658,NA,NA,"c(NA, NA)"
2004,3,NA,NA,NA,2610157163,NA,NA,"c(NA, NA)"
2003,1,NA,NA,NA,2610157165,NA,NA,"c(NA, NA)"
2007,0,NA,NA,NA,5911943659,NA,NA,"c(NA, NA)"
2009,0,NA,NA,NA,5911943660,NA,NA,"c(NA, NA)"
2008,0,NA,NA,NA,5911943661,NA,NA,"c(NA, NA)"
2008,0,NA,NA,NA,5911943662,NA,NA,"c(NA, NA)"
2005,0,NA,NA,NA,5911943663,NA,NA,"c(NA, NA)"
2008,0,NA,NA,NA,5911697096,NA,NA,"c(NA, NA)"
2002,7,NA,NA,NA,2610216202,NA,NA,"c(NA, NA)"
2005,1,NA,NA,NA,2610216205,NA,NA,"c(NA, NA)"
2007,0,NA,NA,NA,5911765488,NA,NA,"c(NA, NA)"
2006,0,NA,NA,NA,5911765489,NA,NA,"c(NA, NA)"
2009,0,NA,NA,NA,5911765490,NA,NA,"c(NA, NA)"
2002,2,NA,NA,NA,2610216218,NA,NA,"c(NA, NA)"
2001,1,NA,NA,NA,2610216220,NA,NA,"c(NA, NA)"
2004,1,NA,NA,NA,2610216221,NA,NA,"c(NA, NA)"
2008,0,NA,NA,NA,5911765491,NA,NA,"c(NA, NA)"
2008,0,NA,NA,NA,5911839923,NA,NA,"c(NA, NA)"
2008,0,NA,NA,NA,5911879293,NA,NA,"c(NA, NA)"
2006,0,NA,NA,NA,5911912406,NA,NA,"c(NA, NA)"
1997,0,NA,NA,NA,5911719276,NA,NA,"c(NA, NA)"
1999,0,NA,NA,NA,5911742304,NA,NA,"c(NA, NA)"
1999,35,NA,NA,NA,2610197267,NA,NA,"c(NA, NA)"
2000,0,NA,NA,NA,5911742305,NA,NA,"c(NA, NA)"
2002,0,NA,NA,NA,5911742334,NA,NA,"c(NA, NA)"
2006,1,NA,NA,NA,2610159643,NA,NA,"c(NA, NA)"
2007,0,NA,NA,NA,5911808749,NA,NA,"c(NA, NA)"
2003,2,NA,NA,NA,2610210186,NA,NA,"c(NA, NA)"
2009,0,NA,NA,NA,5911808750,NA,NA,"c(NA, NA)"
2003,0,NA,NA,NA,5911808751,NA,NA,"c(NA, NA)"
2009,0,NA,NA,NA,5911808752,NA,NA,"c(NA, NA)"
2006,0,NA,NA,NA,5911808753,NA,NA,"c(NA, NA)"
2004,0,NA,NA,NA,5911808754,NA,NA,"c(NA, NA)"
2005,0,NA,NA,NA,5911754434,NA,NA,"c(NA, NA)"
2008,0,NA,NA,NA,5911998326,NA,NA,"c(NA, NA)"
2008,0,NA,NA,NA,5911943768,NA,NA,"c(NA, NA)"
2005,9,NA,NA,NA,2610221417,NA,NA,"c(NA, NA)"
2008,0,NA,NA,NA,5911895017,NA,NA,"c(NA, NA)"
2001,0,NA,NA,NA,5911895018,NA,NA,"c(NA, NA)"
2005,0,NA,NA,NA,5911833379,NA,NA,"c(NA, NA)"
2008,0,NA,NA,NA,5911833962,NA,NA,"c(NA, NA)"
2007,0,NA,NA,NA,5911833963,NA,NA,"c(NA, NA)"
1994,0,NA,NA,NA,5911710087,NA,NA,"c(NA, NA)"
1997,0,NA,NA,NA,5911710111,NA,NA,"c(NA, NA)"
1998,0,NA,NA,NA,5911710113,NA,NA,"c(NA, NA)"
1999,0,NA,NA,NA,5911710133,NA,NA,"c(NA, NA)"
1999,41,NA,NA,NA,2610196249,NA,NA,"c(NA, NA)"
2000,104,NA,NA,NA,2610196290,NA,NA,"c(NA, NA)"
2009,0,NA,NA,NA,5911697221,NA,NA,"c(NA, NA)"
2002,0,NA,NA,NA,5911710160,NA,NA,"c(NA, NA)"
2007,0,NA,NA,NA,5911865133,NA,NA,"c(NA, NA)"
2007,0,NA,NA,NA,5911865134,NA,NA,"c(NA, NA)"
2010,0,NA,NA,NA,5911865135,NA,NA,"c(NA, NA)"
2009,0,NA,NA,NA,5911943885,NA,NA,"c(NA, NA)"
2005,1,NA,NA,NA,2610215197,NA,NA,"c(NA, NA)"
2008,0,NA,NA,NA,5911925148,NA,NA,"c(NA, NA)"
2009,0,NA,NA,NA,5911925149,NA,NA,"c(NA, NA)"
2008,0,NA,NA,NA,5911925150,NA,NA,"c(NA, NA)"
2004,0,NA,NA,NA,5911925151,NA,NA,"c(NA, NA)"
2003,4,NA,NA,NA,2610215215,NA,NA,"c(NA, NA)"
2004,0,NA,NA,NA,5911925152,NA,NA,"c(NA, NA)"
2007,0,NA,NA,NA,5911751701,NA,NA,"c(NA, NA)"
2002,0,NA,NA,NA,5911751702,NA,NA,"c(NA, NA)"
2010,0,NA,NA,NA,5911741800,NA,NA,"c(NA, NA)"
2006,0,NA,NA,NA,5911741801,NA,NA,"c(NA, NA)"
2004,0,NA,NA,NA,5911741802,NA,NA,"c(NA, NA)"
2004,0,NA,NA,NA,5911741803,NA,NA,"c(NA, NA)"
2005,6,NA,NA,NA,2610228658,NA,NA,"c(NA, NA)"
2004,0,NA,NA,NA,5911798276,NA,NA,"c(NA, NA)"
2004,2,NA,NA,NA,2610216518,NA,NA,"c(NA, NA)"
2010,0,NA,NA,NA,5911798277,NA,NA,"c(NA, NA)"
2001,1,NA,NA,NA,2610226420,NA,NA,"c(NA, NA)"
2001,0,NA,NA,NA,5911776165,NA,NA,"c(NA, NA)"
2001,0,NA,NA,NA,5911776166,NA,NA,"c(NA, NA)"
2002,0,NA,NA,NA,5911776167,NA,NA,"c(NA, NA)"
2003,0,NA,NA,NA,5911864098,NA,NA,"c(NA, NA)"
2002,1,NA,NA,NA,2610210495,NA,NA,"c(NA, NA)"
2004,2,NA,NA,NA,2610213146,NA,NA,"c(NA, NA)"
2001,12,NA,NA,NA,2610213150,NA,NA,"c(NA, NA)"
2005,0,NA,NA,NA,5911924572,NA,NA,"c(NA, NA)"
2007,0,NA,NA,NA,5911924573,NA,NA,"c(NA, NA)"
2001,3,NA,NA,NA,2610213162,NA,NA,"c(NA, NA)"
2004,1,NA,NA,NA,2610213165,NA,NA,"c(NA, NA)"
2003,4,NA,NA,NA,2610213171,NA,NA,"c(NA, NA)"
2005,2,NA,NA,NA,2610213172,NA,NA,"c(NA, NA)"
2006,0,NA,NA,NA,5911924574,NA,NA,"c(NA, NA)"
2004,0,NA,NA,NA,5911864807,NA,NA,"c(NA, NA)"
2002,0,NA,NA,NA,5911864808,NA,NA,"c(NA, NA)"
2001,1,NA,NA,NA,2610214167,NA,NA,"c(NA, NA)"
2001,7,NA,NA,NA,2610214175,NA,NA,"c(NA, NA)"
2005,0,NA,NA,NA,5911864809,NA,NA,"c(NA, NA)"
2009,0,NA,NA,NA,5911864810,NA,NA,"c(NA, NA)"
2003,0,NA,NA,NA,5911864811,NA,NA,"c(NA, NA)"
1991,47,NA,NA,NA,2610198621,NA,NA,"c(NA, NA)"
1995,88,NA,NA,NA,2610199079,NA,NA,"c(NA, NA)"
2005,0,NA,NA,NA,5911864920,NA,NA,"c(NA, NA)"
1998,10,NA,NA,NA,2610199300,NA,NA,"c(NA, NA)"
1999,65,NA,NA,NA,2610208327,NA,NA,"c(NA, NA)"
1999,153,NA,NA,NA,2610208329,NA,NA,"c(NA, NA)"
1999,78,NA,NA,NA,2610208379,NA,NA,"c(NA, NA)"
2000,0,NA,NA,NA,5911742554,NA,NA,"c(NA, NA)"
2000,0,NA,NA,NA,5911742556,NA,NA,"c(NA, NA)"
2002,0,NA,NA,NA,5911742575,NA,NA,"c(NA, NA)"
2002,0,NA,NA,NA,5911742577,NA,NA,"c(NA, NA)"
2007,0,NA,NA,NA,5911830108,NA,NA,"c(NA, NA)"
2002,0,NA,NA,NA,5911830109,NA,NA,"c(NA, NA)"
2005,0,NA,NA,NA,5911830110,NA,NA,"c(NA, NA)"
2007,0,NA,NA,NA,5911830111,NA,NA,"c(NA, NA)"
2001,0,NA,NA,NA,5911830112,NA,NA,"c(NA, NA)"
2008,0,NA,NA,NA,5911830113,NA,NA,"c(NA, NA)"
2006,0,NA,NA,NA,5911830114,NA,NA,"c(NA, NA)"
2002,0,NA,NA,NA,5911830115,NA,NA,"c(NA, NA)"
2004,0,NA,NA,NA,5911830116,NA,NA,"c(NA, NA)"
2002,0,NA,NA,NA,5911830117,NA,NA,"c(NA, NA)"
2002,0,NA,NA,NA,5911830118,NA,NA,"c(NA, NA)"
1992,0,NA,NA,NA,5911777567,NA,NA,"c(NA, NA)"
1992,0,NA,NA,NA,5911777568,NA,NA,"c(NA, NA)"
1993,121,NA,NA,NA,2610194674,NA,NA,"c(NA, NA)"
1995,26,NA,NA,NA,2610194964,NA,NA,"c(NA, NA)"
2003,0,NA,NA,NA,5911923168,NA,NA,"c(NA, NA)"
2001,0,NA,NA,NA,5911923169,NA,NA,"c(NA, NA)"
2008,0,NA,NA,NA,5911923170,NA,NA,"c(NA, NA)"
2018,5,NA,NA,NA,2610198443,51.039096,2.555866,"c(2.555866, 51.039096)"
2008,0,NA,NA,NA,5911928555,NA,NA,"c(NA, NA)"
2009,0,NA,NA,NA,5911741904,NA,NA,"c(NA, NA)"
1996,3,NA,NA,NA,2610195100,NA,NA,"c(NA, NA)"
1997,10,NA,NA,NA,2610195155,NA,NA,"c(NA, NA)"
1997,0,NA,NA,NA,5911777602,NA,NA,"c(NA, NA)"
1998,5,NA,NA,NA,2610195219,NA,NA,"c(NA, NA)"
2000,0,NA,NA,NA,5911777635,NA,NA,"c(NA, NA)"
2001,0,NA,NA,NA,5911777641,NA,NA,"c(NA, NA)"
2007,0,NA,NA,NA,5911951429,NA,NA,"c(NA, NA)"
2004,0,NA,NA,NA,5911951430,NA,NA,"c(NA, NA)"
2004,1,NA,NA,NA,2610156161,NA,NA,"c(NA, NA)"
2005,0,NA,NA,NA,5911951431,NA,NA,"c(NA, NA)"
2003,0,NA,NA,NA,5911951432,NA,NA,"c(NA, NA)"
2009,0,NA,NA,NA,5911951433,NA,NA,"c(NA, NA)"
2005,0,NA,NA,NA,5911951434,NA,NA,"c(NA, NA)"
2007,0,NA,NA,NA,5911951435,NA,NA,"c(NA, NA)"
2004,2,NA,NA,NA,2610156174,NA,NA,"c(NA, NA)"
2012,1,NA,NA,NA,2610243066,NA,NA,"c(NA, NA)"
2012,7,NA,NA,NA,2610242154,NA,NA,"c(NA, NA)"
2018,3,NA,NA,NA,2610189459,51.478615,4.478946,"c(4.478946, 51.478615)"
2018,0,NA,NA,NA,5911784458,51.478615,4.478946,"c(4.478946, 51.478615)"
2018,6,NA,NA,NA,2610250467,51.028212,2.562806,"c(2.562806, 51.028212)"
2018,0,NA,NA,NA,5911914735,51.039096,2.555866,"c(2.555866, 51.039096)"
2018,0,NA,NA,NA,5911914744,51.478615,4.478946,"c(4.478946, 51.478615)"
2018,0,NA,NA,NA,5911809809,51.478615,4.478946,"c(4.478946, 51.478615)"
1991,43,NA,NA,NA,2610189543,NA,NA,"c(NA, NA)"
1994,0,NA,NA,NA,5911784511,NA,NA,"c(NA, NA)"
2018,0,NA,NA,NA,5911810064,51.478615,4.478946,"c(4.478946, 51.478615)"
2007,2,NA,NA,NA,2610212193,NA,NA,"c(NA, NA)"
2009,0,NA,NA,NA,5911864511,NA,NA,"c(NA, NA)"
2003,1,NA,NA,NA,2610212199,NA,NA,"c(NA, NA)"
2002,6,NA,NA,NA,2610212200,NA,NA,"c(NA, NA)"
2004,0,NA,NA,NA,5911864512,NA,NA,"c(NA, NA)"
2005,0,NA,NA,NA,5911864513,NA,NA,"c(NA, NA)"
2004,0,NA,NA,NA,5911864514,NA,NA,"c(NA, NA)"
2004,0,NA,NA,NA,5911864515,NA,NA,"c(NA, NA)"
2006,0,NA,NA,NA,5911751949,NA,NA,"c(NA, NA)"
2004,0,NA,NA,NA,5911751950,NA,NA,"c(NA, NA)"
2003,1,NA,NA,NA,2610158147,NA,NA,"c(NA, NA)"
2007,0,NA,NA,NA,5911751951,NA,NA,"c(NA, NA)"
2007,0,NA,NA,NA,5911751952,NA,NA,"c(NA, NA)"
2005,0,NA,NA,NA,5911751953,NA,NA,"c(NA, NA)"
2002,4,NA,NA,NA,2610158164,NA,NA,"c(NA, NA)"
1993,0,NA,NA,NA,5911993620,NA,NA,"c(NA, NA)"
1996,17,NA,NA,NA,2610251114,NA,NA,"c(NA, NA)"
2006,4,NA,NA,NA,2610168617,NA,NA,"c(NA, NA)"
1994,0,NA,NA,NA,5911809859,NA,NA,"c(NA, NA)"
1995,42,NA,NA,NA,2610189942,NA,NA,"c(NA, NA)"
1995,14,NA,NA,NA,2610189993,NA,NA,"c(NA, NA)"
1996,3,NA,NA,NA,2610190100,NA,NA,"c(NA, NA)"
2018,0,NA,NA,NA,5911786538,51.478615,4.478946,"c(4.478946, 51.478615)"
1997,51,NA,NA,NA,2610199264,NA,NA,"c(NA, NA)"
1991,284,NA,NA,NA,2610251406,NA,NA,"c(NA, NA)"
2009,0,NA,NA,NA,5911804751,NA,NA,"c(NA, NA)"
2003,0,NA,NA,NA,5911804752,NA,NA,"c(NA, NA)"
1996,22,NA,NA,NA,2610195055,NA,NA,"c(NA, NA)"
1996,35,NA,NA,NA,2610195098,NA,NA,"c(NA, NA)"
1997,8,NA,NA,NA,2610195111,NA,NA,"c(NA, NA)"
1997,0,NA,NA,NA,5911809625,NA,NA,"c(NA, NA)"
1991,178,NA,NA,NA,2610250606,NA,NA,"c(NA, NA)"
1999,0,NA,NA,NA,5911809642,NA,NA,"c(NA, NA)"
1992,82,NA,NA,NA,2610253585,NA,NA,"c(NA, NA)"
2001,0,NA,NA,NA,5911784586,NA,NA,"c(NA, NA)"
2001,0,NA,NA,NA,5911784587,NA,NA,"c(NA, NA)"
2002,0,NA,NA,NA,5911784598,NA,NA,"c(NA, NA)"
1992,82,NA,NA,NA,2610251571,NA,NA,"c(NA, NA)"
1995,18,NA,NA,NA,2610251904,NA,NA,"c(NA, NA)"
1995,0,NA,NA,NA,5911810128,NA,NA,"c(NA, NA)"
2009,0,NA,NA,NA,5911831589,NA,NA,"c(NA, NA)"
2007,0,NA,NA,NA,5911831590,NA,NA,"c(NA, NA)"
2007,0,NA,NA,NA,5911831591,NA,NA,"c(NA, NA)"
2002,0,NA,NA,NA,5911831592,NA,NA,"c(NA, NA)"
2006,0,NA,NA,NA,5911831593,NA,NA,"c(NA, NA)"
2001,5,NA,NA,NA,2610151177,NA,NA,"c(NA, NA)"
2005,1,NA,NA,NA,2610151178,NA,NA,"c(NA, NA)"
2008,0,NA,NA,NA,5911831594,NA,NA,"c(NA, NA)"
2001,5,NA,NA,NA,2610151181,NA,NA,"c(NA, NA)"
2006,0,NA,NA,NA,5911742032,NA,NA,"c(NA, NA)"
2018,0,NA,NA,NA,5911690121,51.026443,2.563981,"c(2.563981, 51.026443)"
2018,0,NA,NA,NA,5911690129,51.478615,4.478946,"c(4.478946, 51.478615)"
1993,2,NA,NA,NA,2610256632,NA,NA,"c(NA, NA)"
2000,37,NA,NA,NA,2610199371,NA,NA,"c(NA, NA)"
1994,13,NA,NA,NA,2610250954,NA,NA,"c(NA, NA)"
2002,0,NA,NA,NA,5911809675,NA,NA,"c(NA, NA)"
2002,0,NA,NA,NA,5911809677,NA,NA,"c(NA, NA)"
1998,38,NA,NA,NA,2610252102,NA,NA,"c(NA, NA)"
1998,0,NA,NA,NA,5911786637,NA,NA,"c(NA, NA)"
1998,140,NA,NA,NA,2610194151,NA,NA,"c(NA, NA)"
1998,0,NA,NA,NA,5911810163,NA,NA,"c(NA, NA)"
2003,2,NA,NA,NA,2610154499,NA,NA,"c(NA, NA)"
2004,0,NA,NA,NA,5911745308,NA,NA,"c(NA, NA)"
2006,0,NA,NA,NA,5911797952,NA,NA,"c(NA, NA)"
2001,10,NA,NA,NA,2610211169,NA,NA,"c(NA, NA)"
2005,0,NA,NA,NA,5911797953,NA,NA,"c(NA, NA)"
2001,2,NA,NA,NA,2610211178,NA,NA,"c(NA, NA)"
2001,5,NA,NA,NA,2610211184,NA,NA,"c(NA, NA)"
2012,2,NA,NA,NA,2610243947,NA,NA,"c(NA, NA)"
1995,109,NA,NA,NA,2610256904,NA,NA,"c(NA, NA)"
1996,28,NA,NA,NA,2610256945,NA,NA,"c(NA, NA)"
1998,0,NA,NA,NA,5911690210,NA,NA,"c(NA, NA)"
2000,20,NA,NA,NA,2610203342,NA,NA,"c(NA, NA)"
2002,0,NA,NA,NA,5911809934,NA,NA,"c(NA, NA)"
1998,304,NA,NA,NA,2610251298,NA,NA,"c(NA, NA)"
2002,0,NA,NA,NA,5911809937,NA,NA,"c(NA, NA)"
2002,0,NA,NA,NA,5911809939,NA,NA,"c(NA, NA)"
1998,27,NA,NA,NA,2610254199,NA,NA,"c(NA, NA)"
2006,7,NA,NA,NA,2610159641,NA,NA,"c(NA, NA)"
2005,0,NA,NA,NA,5911804412,NA,NA,"c(NA, NA)"
2007,1,NA,NA,NA,2610153184,NA,NA,"c(NA, NA)"
2009,0,NA,NA,NA,5911804413,NA,NA,"c(NA, NA)"
2001,3,NA,NA,NA,2610153192,NA,NA,"c(NA, NA)"
2009,0,NA,NA,NA,5911804414,NA,NA,"c(NA, NA)"
2009,0,NA,NA,NA,5911804415,NA,NA,"c(NA, NA)"
2001,0,NA,NA,NA,5911804416,NA,NA,"c(NA, NA)"
2006,0,NA,NA,NA,5911804417,NA,NA,"c(NA, NA)"
2001,2,NA,NA,NA,2610154110,NA,NA,"c(NA, NA)"
2002,5,NA,NA,NA,2610154111,NA,NA,"c(NA, NA)"
2008,0,NA,NA,NA,5911897334,NA,NA,"c(NA, NA)"
2007,0,NA,NA,NA,5911897336,NA,NA,"c(NA, NA)"
2006,0,NA,NA,NA,5911897337,NA,NA,"c(NA, NA)"
2004,0,NA,NA,NA,5911897338,NA,NA,"c(NA, NA)"
2002,2,NA,NA,NA,2610154119,NA,NA,"c(NA, NA)"
2003,2,NA,NA,NA,2610154123,NA,NA,"c(NA, NA)"
2008,0,NA,NA,NA,5911864628,NA,NA,"c(NA, NA)"
2005,0,NA,NA,NA,5911797954,NA,NA,"c(NA, NA)"
2018,6,NA,NA,NA,2610241251,51.026443,2.563981,"c(2.563981, 51.026443)"
2018,0,NA,NA,NA,5911689568,51.478615,4.478946,"c(4.478946, 51.478615)"
1995,6,NA,NA,NA,2610249863,NA,NA,"c(NA, NA)"
1997,5,NA,NA,NA,2610250002,NA,NA,"c(NA, NA)"
2018,1,NA,NA,NA,2610244275,51.026443,2.563981,"c(2.563981, 51.026443)"
2018,0,NA,NA,NA,5911689835,51.478615,4.478946,"c(4.478946, 51.478615)"
1993,0,NA,NA,NA,5911689881,NA,NA,"c(NA, NA)"
1995,0,NA,NA,NA,5911689889,NA,NA,"c(NA, NA)"
1996,0,NA,NA,NA,5911689894,NA,NA,"c(NA, NA)"
1996,11,NA,NA,NA,2610252961,NA,NA,"c(NA, NA)"
1998,14,NA,NA,NA,2610253077,NA,NA,"c(NA, NA)"
2002,0,NA,NA,NA,5911809417,NA,NA,"c(NA, NA)"
2000,0,NA,NA,NA,5911786917,NA,NA,"c(NA, NA)"
1999,0,NA,NA,NA,5911786363,NA,NA,"c(NA, NA)"
1999,171,NA,NA,NA,2610254289,NA,NA,"c(NA, NA)"
2000,0,NA,NA,NA,5911786377,NA,NA,"c(NA, NA)"
2007,0,NA,NA,NA,5911745554,NA,NA,"c(NA, NA)"
2007,0,NA,NA,NA,5911745555,NA,NA,"c(NA, NA)"
2003,0,NA,NA,NA,5911745556,NA,NA,"c(NA, NA)"
2006,0,NA,NA,NA,5911745558,NA,NA,"c(NA, NA)"
2006,0,NA,NA,NA,5911745559,NA,NA,"c(NA, NA)"
2005,0,NA,NA,NA,5911745560,NA,NA,"c(NA, NA)"
2004,0,NA,NA,NA,5911745561,NA,NA,"c(NA, NA)"
2001,14,NA,NA,NA,2610155197,NA,NA,"c(NA, NA)"
2002,0,NA,NA,NA,5911745562,NA,NA,"c(NA, NA)"
2002,5,NA,NA,NA,2610159155,NA,NA,"c(NA, NA)"
2005,0,NA,NA,NA,5911928788,NA,NA,"c(NA, NA)"
2002,3,NA,NA,NA,2610159157,NA,NA,"c(NA, NA)"
2008,0,NA,NA,NA,5911928790,NA,NA,"c(NA, NA)"
2004,0,NA,NA,NA,5911928791,NA,NA,"c(NA, NA)"
2001,1,NA,NA,NA,2610159167,NA,NA,"c(NA, NA)"
2004,2,NA,NA,NA,2610159171,NA,NA,"c(NA, NA)"
2018,0,NA,NA,NA,5911720920,51.044352,2.552247,"c(2.552247, 51.044352)"
2018,0,NA,NA,NA,5911720929,51.478615,4.478946,"c(4.478946, 51.478615)"
2008,395,NA,NA,NA,2610258476,NA,NA,"c(NA, NA)"
1997,0,NA,NA,NA,5911689641,NA,NA,"c(NA, NA)"
1998,0,NA,NA,NA,5911689642,NA,NA,"c(NA, NA)"
1998,0,NA,NA,NA,5911689643,NA,NA,"c(NA, NA)"
1999,218,NA,NA,NA,2610250188,NA,NA,"c(NA, NA)"
2001,0,NA,NA,NA,5911689682,NA,NA,"c(NA, NA)"
2001,0,NA,NA,NA,5911689959,NA,NA,"c(NA, NA)"
2006,2,NA,NA,NA,2610165646,NA,NA,"c(NA, NA)"
2009,0,NA,NA,NA,5911777068,NA,NA,"c(NA, NA)"
1993,7,NA,NA,NA,2610258761,NA,NA,"c(NA, NA)"
2009,0,NA,NA,NA,5911798057,NA,NA,"c(NA, NA)"
1995,87,NA,NA,NA,2610258927,NA,NA,"c(NA, NA)"
1997,12,NA,NA,NA,2610259128,NA,NA,"c(NA, NA)"
2000,0,NA,NA,NA,5911721039,NA,NA,"c(NA, NA)"
2001,0,NA,NA,NA,5911721057,NA,NA,"c(NA, NA)"
2011,2,NA,NA,NA,2610185966,NA,NA,"c(NA, NA)"
2012,4,NA,NA,NA,2610186011,NA,NA,"c(NA, NA)"
2009,0,NA,NA,NA,5911864752,NA,NA,"c(NA, NA)"
2008,67,NA,NA,NA,2610195385,NA,NA,"c(NA, NA)"
1994,0,NA,NA,NA,5911723538,NA,NA,"c(NA, NA)"
1995,0,NA,NA,NA,5911723547,NA,NA,"c(NA, NA)"
1997,0,NA,NA,NA,5911723561,NA,NA,"c(NA, NA)"
1998,0,NA,NA,NA,5911723571,NA,NA,"c(NA, NA)"
1998,0,NA,NA,NA,5911723580,NA,NA,"c(NA, NA)"
1999,0,NA,NA,NA,5911723589,NA,NA,"c(NA, NA)"
2000,37,NA,NA,NA,2610196273,NA,NA,"c(NA, NA)"
2005,0,NA,NA,NA,5911776777,NA,NA,"c(NA, NA)"
2003,0,NA,NA,NA,5911853481,NA,NA,"c(NA, NA)"
2005,4,NA,NA,NA,2610152202,NA,NA,"c(NA, NA)"
2002,1,NA,NA,NA,2610152203,NA,NA,"c(NA, NA)"
2006,0,NA,NA,NA,5911853483,NA,NA,"c(NA, NA)"
2003,2,NA,NA,NA,2610152214,NA,NA,"c(NA, NA)"
2001,4,NA,NA,NA,2610152217,NA,NA,"c(NA, NA)"
2005,0,NA,NA,NA,5911752184,NA,NA,"c(NA, NA)"
2002,0,NA,NA,NA,5911723621,NA,NA,"c(NA, NA)"
2005,0,NA,NA,NA,5911853703,NA,NA,"c(NA, NA)"
2002,0,NA,NA,NA,5911812925,NA,NA,"c(NA, NA)"
2002,0,NA,NA,NA,5911888699,NA,NA,"c(NA, NA)"
2003,0,NA,NA,NA,5911723628,NA,NA,"c(NA, NA)"
2005,0,NA,NA,NA,5911814320,NA,NA,"c(NA, NA)"
2002,0,NA,NA,NA,5911814321,NA,NA,"c(NA, NA)"
2009,0,NA,NA,NA,5911814323,NA,NA,"c(NA, NA)"
2003,2,NA,NA,NA,2610157169,NA,NA,"c(NA, NA)"
2004,0,NA,NA,NA,5911814324,NA,NA,"c(NA, NA)"
2012,3,NA,NA,NA,2610183013,NA,NA,"c(NA, NA)"
2011,4,NA,NA,NA,2610183015,NA,NA,"c(NA, NA)"
2011,1,NA,NA,NA,2610183036,NA,NA,"c(NA, NA)"
2012,2,NA,NA,NA,2610183060,NA,NA,"c(NA, NA)"
2011,4,NA,NA,NA,2610245058,NA,NA,"c(NA, NA)"
2011,3,NA,NA,NA,2610180090,NA,NA,"c(NA, NA)"
2007,0,NA,NA,NA,5911928998,NA,NA,"c(NA, NA)"
2005,0,NA,NA,NA,5911814532,NA,NA,"c(NA, NA)"
1992,0,NA,NA,NA,5911984235,NA,NA,"c(NA, NA)"
1996,27,NA,NA,NA,2610191044,NA,NA,"c(NA, NA)"
2018,0,NA,NA,NA,5911778014,51.024793,2.564898,"c(2.564898, 51.024793)"
2007,0,NA,NA,NA,5911868209,NA,NA,"c(NA, NA)"
2001,5,NA,NA,NA,2610214165,NA,NA,"c(NA, NA)"
2005,0,NA,NA,NA,5911868210,NA,NA,"c(NA, NA)"
2008,0,NA,NA,NA,5911868211,NA,NA,"c(NA, NA)"
2003,1,NA,NA,NA,2610214173,NA,NA,"c(NA, NA)"
2005,0,NA,NA,NA,5911868212,NA,NA,"c(NA, NA)"
2004,1,NA,NA,NA,2610214183,NA,NA,"c(NA, NA)"
2007,0,NA,NA,NA,5911723963,NA,NA,"c(NA, NA)"
2006,0,NA,NA,NA,5911723965,NA,NA,"c(NA, NA)"
2002,0,NA,NA,NA,5911723966,NA,NA,"c(NA, NA)"
2004,0,NA,NA,NA,5911723967,NA,NA,"c(NA, NA)"
2003,0,NA,NA,NA,5911723968,NA,NA,"c(NA, NA)"
2001,15,NA,NA,NA,2610211180,NA,NA,"c(NA, NA)"
2004,1,NA,NA,NA,2610211188,NA,NA,"c(NA, NA)"
1998,45,NA,NA,NA,2610191211,NA,NA,"c(NA, NA)"
1999,0,NA,NA,NA,5911984298,NA,NA,"c(NA, NA)"
2003,0,NA,NA,NA,5912001338,NA,NA,"c(NA, NA)"
2012,5,NA,NA,NA,2610188146,NA,NA,"c(NA, NA)"
2008,0,NA,NA,NA,5911804651,NA,NA,"c(NA, NA)"
2010,0,NA,NA,NA,5911778042,NA,NA,"c(NA, NA)"
2015,0,NA,NA,NA,5911743291,NA,NA,"c(NA, NA)"
2007,0,NA,NA,NA,5911724174,NA,NA,"c(NA, NA)"
2009,0,NA,NA,NA,5911724175,NA,NA,"c(NA, NA)"
2007,0,NA,NA,NA,5911724203,NA,NA,"c(NA, NA)"
2006,0,NA,NA,NA,5911902418,NA,NA,"c(NA, NA)"
2009,0,NA,NA,NA,5911902419,NA,NA,"c(NA, NA)"
2005,1,NA,NA,NA,2610222602,NA,NA,"c(NA, NA)"
1992,0,NA,NA,NA,5911697422,NA,NA,"c(NA, NA)"
2018,1,NA,NA,NA,2610193362,51.024793,2.564898,"c(2.564898, 51.024793)"
1992,0,NA,NA,NA,5911778064,NA,NA,"c(NA, NA)"
2004,0,NA,NA,NA,5911837670,NA,NA,"c(NA, NA)"
2006,0,NA,NA,NA,5911837671,NA,NA,"c(NA, NA)"
2009,0,NA,NA,NA,5911837672,NA,NA,"c(NA, NA)"
2009,0,NA,NA,NA,5911837673,NA,NA,"c(NA, NA)"
2008,0,NA,NA,NA,5911837674,NA,NA,"c(NA, NA)"
2003,1,NA,NA,NA,2610219170,NA,NA,"c(NA, NA)"
2004,1,NA,NA,NA,2610219176,NA,NA,"c(NA, NA)"
2003,0,NA,NA,NA,5911837675,NA,NA,"c(NA, NA)"
1998,0,NA,NA,NA,5911697468,NA,NA,"c(NA, NA)"
1995,7,NA,NA,NA,2610254907,NA,NA,"c(NA, NA)"
2003,33,NA,NA,NA,2610208518,NA,NA,"c(NA, NA)"
2002,0,NA,NA,NA,5911836465,NA,NA,"c(NA, NA)"
2006,0,NA,NA,NA,5911836466,NA,NA,"c(NA, NA)"
2001,0,NA,NA,NA,5911836468,NA,NA,"c(NA, NA)"
2004,0,NA,NA,NA,5911836469,NA,NA,"c(NA, NA)"
2002,0,NA,NA,NA,5911836470,NA,NA,"c(NA, NA)"
2002,0,NA,NA,NA,5911836471,NA,NA,"c(NA, NA)"
2005,0,NA,NA,NA,5911836472,NA,NA,"c(NA, NA)"
2005,0,NA,NA,NA,5911888946,NA,NA,"c(NA, NA)"
2003,2,NA,NA,NA,2610150181,NA,NA,"c(NA, NA)"
2003,0,NA,NA,NA,5911888948,NA,NA,"c(NA, NA)"
2002,6,NA,NA,NA,2610150189,NA,NA,"c(NA, NA)"
2002,1,NA,NA,NA,2610150191,NA,NA,"c(NA, NA)"
2006,0,NA,NA,NA,5911888949,NA,NA,"c(NA, NA)"
2005,0,NA,NA,NA,5911836759,NA,NA,"c(NA, NA)"
2007,0,NA,NA,NA,5911836760,NA,NA,"c(NA, NA)"
2003,0,NA,NA,NA,5911836761,NA,NA,"c(NA, NA)"
2001,6,NA,NA,NA,2610213160,NA,NA,"c(NA, NA)"
2003,3,NA,NA,NA,2610213167,NA,NA,"c(NA, NA)"
2008,0,NA,NA,NA,5911836762,NA,NA,"c(NA, NA)"
2012,5,NA,NA,NA,2610247090,NA,NA,"c(NA, NA)"
2012,1,NA,NA,NA,2610247099,NA,NA,"c(NA, NA)"
1995,15,NA,NA,NA,2610189988,NA,NA,"c(NA, NA)"
1995,66,NA,NA,NA,2610190023,NA,NA,"c(NA, NA)"
1996,2,NA,NA,NA,2610190129,NA,NA,"c(NA, NA)"
2010,0,NA,NA,NA,5911837769,NA,NA,"c(NA, NA)"
2005,0,NA,NA,NA,5911837894,NA,NA,"c(NA, NA)"
1996,0,NA,NA,NA,5911787142,NA,NA,"c(NA, NA)"
2011,18,NA,NA,NA,2610180080,NA,NA,"c(NA, NA)"
2012,5,NA,NA,NA,2610180123,NA,NA,"c(NA, NA)"
2004,0,NA,NA,NA,5911726009,NA,NA,"c(NA, NA)"
2001,3,NA,NA,NA,2610158148,NA,NA,"c(NA, NA)"
2003,3,NA,NA,NA,2610158150,NA,NA,"c(NA, NA)"
2009,0,NA,NA,NA,5911726010,NA,NA,"c(NA, NA)"
2003,1,NA,NA,NA,2610158156,NA,NA,"c(NA, NA)"
2002,0,NA,NA,NA,5911726011,NA,NA,"c(NA, NA)"
2007,0,NA,NA,NA,5911726012,NA,NA,"c(NA, NA)"
2005,0,NA,NA,NA,5911726013,NA,NA,"c(NA, NA)"
2004,0,NA,NA,NA,5911875129,NA,NA,"c(NA, NA)"
2003,0,NA,NA,NA,5911875131,NA,NA,"c(NA, NA)"
2007,0,NA,NA,NA,5911875132,NA,NA,"c(NA, NA)"
2005,0,NA,NA,NA,5911875133,NA,NA,"c(NA, NA)"
2002,0,NA,NA,NA,5911875134,NA,NA,"c(NA, NA)"
2004,0,NA,NA,NA,5911875135,NA,NA,"c(NA, NA)"
2006,0,NA,NA,NA,5911875136,NA,NA,"c(NA, NA)"
2004,0,NA,NA,NA,5911737728,NA,NA,"c(NA, NA)"
2005,0,NA,NA,NA,5911737729,NA,NA,"c(NA, NA)"
2004,0,NA,NA,NA,5911737730,NA,NA,"c(NA, NA)"
2008,0,NA,NA,NA,5911737731,NA,NA,"c(NA, NA)"
2005,0,NA,NA,NA,5911737732,NA,NA,"c(NA, NA)"
2002,1,NA,NA,NA,2610210193,NA,NA,"c(NA, NA)"
2008,0,NA,NA,NA,5911737733,NA,NA,"c(NA, NA)"
2018,6,NA,NA,NA,2610197305,51.024793,2.564898,"c(2.564898, 51.024793)"
2012,1,NA,NA,NA,2610245022,NA,NA,"c(NA, NA)"
1994,174,NA,NA,NA,2610193776,NA,NA,"c(NA, NA)"
2001,0,NA,NA,NA,5911778140,NA,NA,"c(NA, NA)"
1996,79,NA,NA,NA,2610191021,NA,NA,"c(NA, NA)"
1997,0,NA,NA,NA,5911777346,NA,NA,"c(NA, NA)"
1998,25,NA,NA,NA,2610191172,NA,NA,"c(NA, NA)"
1998,0,NA,NA,NA,5911777355,NA,NA,"c(NA, NA)"
2001,2,NA,NA,NA,2610228676,NA,NA,"c(NA, NA)"
2001,0,NA,NA,NA,5911787201,NA,NA,"c(NA, NA)"
2002,0,NA,NA,NA,5911787206,NA,NA,"c(NA, NA)"
1991,27,NA,NA,NA,2610189601,NA,NA,"c(NA, NA)"
1992,0,NA,NA,NA,5911697994,NA,NA,"c(NA, NA)"
2003,3,NA,NA,NA,2610218157,NA,NA,"c(NA, NA)"
2001,2,NA,NA,NA,2610218161,NA,NA,"c(NA, NA)"
2002,6,NA,NA,NA,2610218166,NA,NA,"c(NA, NA)"
2001,1,NA,NA,NA,2610218171,NA,NA,"c(NA, NA)"
2001,1,NA,NA,NA,2610218175,NA,NA,"c(NA, NA)"
2009,0,NA,NA,NA,5911768187,NA,NA,"c(NA, NA)"
2007,0,NA,NA,NA,5911768188,NA,NA,"c(NA, NA)"
2004,0,NA,NA,NA,5911768189,NA,NA,"c(NA, NA)"
2008,0,NA,NA,NA,5911768190,NA,NA,"c(NA, NA)"
2003,3,NA,NA,NA,2610217197,NA,NA,"c(NA, NA)"
2007,0,NA,NA,NA,5911726246,NA,NA,"c(NA, NA)"
2018,0,NA,NA,NA,5911721195,51.478615,4.478946,"c(4.478946, 51.478615)"
2003,0,NA,NA,NA,5911778160,NA,NA,"c(NA, NA)"
1999,110,NA,NA,NA,2610200304,NA,NA,"c(NA, NA)"
2002,0,NA,NA,NA,5911777391,NA,NA,"c(NA, NA)"
2002,0,NA,NA,NA,5911777393,NA,NA,"c(NA, NA)"
1996,28,NA,NA,NA,2610190104,NA,NA,"c(NA, NA)"
1997,0,NA,NA,NA,5911698024,NA,NA,"c(NA, NA)"
1999,116,NA,NA,NA,2610190277,NA,NA,"c(NA, NA)"
2001,0,NA,NA,NA,5911698063,NA,NA,"c(NA, NA)"
2001,1,NA,NA,NA,2610167630,NA,NA,"c(NA, NA)"
1995,4,NA,NA,NA,2610197892,NA,NA,"c(NA, NA)"
2002,0,NA,NA,NA,5911782707,NA,NA,"c(NA, NA)"
2003,5,NA,NA,NA,2610216210,NA,NA,"c(NA, NA)"
2007,0,NA,NA,NA,5911782708,NA,NA,"c(NA, NA)"
2002,1,NA,NA,NA,2610216217,NA,NA,"c(NA, NA)"
2003,0,NA,NA,NA,5911782709,NA,NA,"c(NA, NA)"
2004,0,NA,NA,NA,5911782710,NA,NA,"c(NA, NA)"
2004,2,NA,NA,NA,2610216224,NA,NA,"c(NA, NA)"
2018,0,NA,NA,NA,5911720372,51.478615,4.478946,"c(4.478946, 51.478615)"
1999,0,NA,NA,NA,5911808368,NA,NA,"c(NA, NA)"
1999,51,NA,NA,NA,2610194241,NA,NA,"c(NA, NA)"
2008,67,NA,NA,NA,2610255519,NA,NA,"c(NA, NA)"
1991,68,NA,NA,NA,2610255601,NA,NA,"c(NA, NA)"
1994,0,NA,NA,NA,5911743050,NA,NA,"c(NA, NA)"
2012,8,NA,NA,NA,2610188970,NA,NA,"c(NA, NA)"
2011,1,NA,NA,NA,2610189010,NA,NA,"c(NA, NA)"
2005,0,NA,NA,NA,5911703382,NA,NA,"c(NA, NA)"
2010,0,NA,NA,NA,5911768296,NA,NA,"c(NA, NA)"
2009,0,NA,NA,NA,5911836683,NA,NA,"c(NA, NA)"
2005,0,NA,NA,NA,5911808223,NA,NA,"c(NA, NA)"
2005,0,NA,NA,NA,5911808224,NA,NA,"c(NA, NA)"
2006,0,NA,NA,NA,5911808225,NA,NA,"c(NA, NA)"
2005,1,NA,NA,NA,2610153187,NA,NA,"c(NA, NA)"
2003,1,NA,NA,NA,2610153194,NA,NA,"c(NA, NA)"
2005,0,NA,NA,NA,5911808226,NA,NA,"c(NA, NA)"
2009,0,NA,NA,NA,5911808227,NA,NA,"c(NA, NA)"
2001,2,NA,NA,NA,2610153198,NA,NA,"c(NA, NA)"
2009,0,NA,NA,NA,5911737936,NA,NA,"c(NA, NA)"
2005,0,NA,NA,NA,5911836967,NA,NA,"c(NA, NA)"
2007,0,NA,NA,NA,5911836968,NA,NA,"c(NA, NA)"
2006,0,NA,NA,NA,5911889163,NA,NA,"c(NA, NA)"
2009,0,NA,NA,NA,5911836996,NA,NA,"c(NA, NA)"
1999,17,NA,NA,NA,2610198227,NA,NA,"c(NA, NA)"
2018,0,NA,NA,NA,5911751465,51.478615,4.478946,"c(4.478946, 51.478615)"
1992,131,NA,NA,NA,2610257642,NA,NA,"c(NA, NA)"
2001,62,NA,NA,NA,2610204308,NA,NA,"c(NA, NA)"
2003,0,NA,NA,NA,5911808411,NA,NA,"c(NA, NA)"
1995,7,NA,NA,NA,2610256010,NA,NA,"c(NA, NA)"
1996,11,NA,NA,NA,2610192074,NA,NA,"c(NA, NA)"
1998,0,NA,NA,NA,5911743076,NA,NA,"c(NA, NA)"
2007,0,NA,NA,NA,5911803393,NA,NA,"c(NA, NA)"
2007,0,NA,NA,NA,5911913336,NA,NA,"c(NA, NA)"
2008,0,NA,NA,NA,5911913337,NA,NA,"c(NA, NA)"
2005,4,NA,NA,NA,2610225441,NA,NA,"c(NA, NA)"
1994,68,NA,NA,NA,2610257925,NA,NA,"c(NA, NA)"
1998,0,NA,NA,NA,5911721291,NA,NA,"c(NA, NA)"
1999,0,NA,NA,NA,5911751302,NA,NA,"c(NA, NA)"
1999,0,NA,NA,NA,5911743094,NA,NA,"c(NA, NA)"
1999,245,NA,NA,NA,2610201312,NA,NA,"c(NA, NA)"
2002,0,NA,NA,NA,5911743125,NA,NA,"c(NA, NA)"
1994,35,NA,NA,NA,2610197806,NA,NA,"c(NA, NA)"
1997,0,NA,NA,NA,5911697740,NA,NA,"c(NA, NA)"
1999,16,NA,NA,NA,2610198167,NA,NA,"c(NA, NA)"
2008,0,NA,NA,NA,5911703481,NA,NA,"c(NA, NA)"
2006,7,NA,NA,NA,2610227632,NA,NA,"c(NA, NA)"
2001,2,NA,NA,NA,2610227653,NA,NA,"c(NA, NA)"
2006,0,NA,NA,NA,5911913362,NA,NA,"c(NA, NA)"
2007,0,NA,NA,NA,5911852458,NA,NA,"c(NA, NA)"
2003,0,NA,NA,NA,5911777916,NA,NA,"c(NA, NA)"
1998,0,NA,NA,NA,5911720464,NA,NA,"c(NA, NA)"
1998,0,NA,NA,NA,5911720469,NA,NA,"c(NA, NA)"
1999,0,NA,NA,NA,5911720479,NA,NA,"c(NA, NA)"
2002,0,NA,NA,NA,5911743134,NA,NA,"c(NA, NA)"
2011,1,NA,NA,NA,2610243069,NA,NA,"c(NA, NA)"
2001,0,NA,NA,NA,5911697786,NA,NA,"c(NA, NA)"
2006,1,NA,NA,NA,2610224636,NA,NA,"c(NA, NA)"
2001,0,NA,NA,NA,5911703530,NA,NA,"c(NA, NA)"
2001,0,NA,NA,NA,5911852482,NA,NA,"c(NA, NA)"
2006,4,NA,NA,NA,2610156157,NA,NA,"c(NA, NA)"
2003,7,NA,NA,NA,2610156163,NA,NA,"c(NA, NA)"
2006,1,NA,NA,NA,2610156166,NA,NA,"c(NA, NA)"
2005,0,NA,NA,NA,5911881215,NA,NA,"c(NA, NA)"
2004,0,NA,NA,NA,5911881216,NA,NA,"c(NA, NA)"
2010,0,NA,NA,NA,5911881217,NA,NA,"c(NA, NA)"
2008,0,NA,NA,NA,5911881218,NA,NA,"c(NA, NA)"
2006,0,NA,NA,NA,5911782930,NA,NA,"c(NA, NA)"
1991,203,NA,NA,NA,2610253505,NA,NA,"c(NA, NA)"
2006,0,NA,NA,NA,5911782954,NA,NA,"c(NA, NA)"
1998,19,NA,NA,NA,2610255196,NA,NA,"c(NA, NA)"
1999,0,NA,NA,NA,5911751574,NA,NA,"c(NA, NA)"
2000,0,NA,NA,NA,5911751585,NA,NA,"c(NA, NA)"
1993,297,NA,NA,NA,2610253776,NA,NA,"c(NA, NA)"
1994,0,NA,NA,NA,5911753293,NA,NA,"c(NA, NA)"
1994,64,NA,NA,NA,2610253898,NA,NA,"c(NA, NA)"
1997,0,NA,NA,NA,5911782319,NA,NA,"c(NA, NA)"
1997,0,NA,NA,NA,5911782323,NA,NA,"c(NA, NA)"
1999,51,NA,NA,NA,2610254261,NA,NA,"c(NA, NA)"
2000,0,NA,NA,NA,5911751587,NA,NA,"c(NA, NA)"
2008,0,NA,NA,NA,5911725467,NA,NA,"c(NA, NA)"
2005,0,NA,NA,NA,5911725468,NA,NA,"c(NA, NA)"
2001,0,NA,NA,NA,5911782361,NA,NA,"c(NA, NA)"
2003,0,NA,NA,NA,5911782385,NA,NA,"c(NA, NA)"
1994,0,NA,NA,NA,5911946973,NA,NA,"c(NA, NA)"
1999,49,NA,NA,NA,2610250195,NA,NA,"c(NA, NA)"
2001,0,NA,NA,NA,5911947036,NA,NA,"c(NA, NA)"
2009,0,NA,NA,NA,5911854523,NA,NA,"c(NA, NA)"
2008,0,NA,NA,NA,5911854524,NA,NA,"c(NA, NA)"
2008,0,NA,NA,NA,5911926607,NA,NA,"c(NA, NA)"
2003,0,NA,NA,NA,5911926608,NA,NA,"c(NA, NA)"
2009,0,NA,NA,NA,5911706001,NA,NA,"c(NA, NA)"
2001,1,NA,NA,NA,2610151170,NA,NA,"c(NA, NA)"
2005,1,NA,NA,NA,2610151172,NA,NA,"c(NA, NA)"
2004,1,NA,NA,NA,2610151179,NA,NA,"c(NA, NA)"
2007,0,NA,NA,NA,5911706002,NA,NA,"c(NA, NA)"
2002,0,NA,NA,NA,5911706003,NA,NA,"c(NA, NA)"
2001,0,NA,NA,NA,5911909473,NA,NA,"c(NA, NA)"
2018,0,NA,NA,NA,5911979941,51.044352,2.552247,"c(2.552247, 51.044352)"
2010,0,NA,NA,NA,5911690879,NA,NA,"c(NA, NA)"
2001,4,NA,NA,NA,2610159672,NA,NA,"c(NA, NA)"
2003,11,NA,NA,NA,2610259354,NA,NA,"c(NA, NA)"
1995,40,NA,NA,NA,2610255961,NA,NA,"c(NA, NA)"
1996,7,NA,NA,NA,2610256079,NA,NA,"c(NA, NA)"
1998,20,NA,NA,NA,2610256258,NA,NA,"c(NA, NA)"
1998,0,NA,NA,NA,5911687319,NA,NA,"c(NA, NA)"
1998,14,NA,NA,NA,2610256293,NA,NA,"c(NA, NA)"
2018,0,NA,NA,NA,5911712300,50.778988,3.051179,"c(3.051179, 50.778988)"
1991,14,NA,NA,NA,2610196528,NA,NA,"c(NA, NA)"
1992,116,NA,NA,NA,2610196659,NA,NA,"c(NA, NA)"
2001,0,NA,NA,NA,5911687350,NA,NA,"c(NA, NA)"
1998,9,NA,NA,NA,2610197194,NA,NA,"c(NA, NA)"
1998,0,NA,NA,NA,5911747423,NA,NA,"c(NA, NA)"
1999,34,NA,NA,NA,2610197286,NA,NA,"c(NA, NA)"
2009,0,NA,NA,NA,5911691132,NA,NA,"c(NA, NA)"
2009,0,NA,NA,NA,5911691133,NA,NA,"c(NA, NA)"
2002,0,NA,NA,NA,5911691134,NA,NA,"c(NA, NA)"
2003,1,NA,NA,NA,2610155194,NA,NA,"c(NA, NA)"
2007,0,NA,NA,NA,5911691135,NA,NA,"c(NA, NA)"
2006,0,NA,NA,NA,5911691136,NA,NA,"c(NA, NA)"
2003,2,NA,NA,NA,2610155205,NA,NA,"c(NA, NA)"
2003,0,NA,NA,NA,5911779551,NA,NA,"c(NA, NA)"
2010,0,NA,NA,NA,5911705761,NA,NA,"c(NA, NA)"
2003,0,NA,NA,NA,5911807971,NA,NA,"c(NA, NA)"
2010,0,NA,NA,NA,5911807972,NA,NA,"c(NA, NA)"
2007,0,NA,NA,NA,5911862884,NA,NA,"c(NA, NA)"
2008,0,NA,NA,NA,5911862885,NA,NA,"c(NA, NA)"
1992,0,NA,NA,NA,5911940783,NA,NA,"c(NA, NA)"
1996,70,NA,NA,NA,2610192043,NA,NA,"c(NA, NA)"
1998,32,NA,NA,NA,2610192210,NA,NA,"c(NA, NA)"
1998,40,NA,NA,NA,2610192230,NA,NA,"c(NA, NA)"
1999,0,NA,NA,NA,5911940838,NA,NA,"c(NA, NA)"
2007,1,NA,NA,NA,2610211500,NA,NA,"c(NA, NA)"
2008,0,NA,NA,NA,5911687738,NA,NA,"c(NA, NA)"
2008,0,NA,NA,NA,5911725376,NA,NA,"c(NA, NA)"
2002,0,NA,NA,NA,5911735316,NA,NA,"c(NA, NA)"
2006,0,NA,NA,NA,5911735317,NA,NA,"c(NA, NA)"
2006,0,NA,NA,NA,5911735318,NA,NA,"c(NA, NA)"
2003,1,NA,NA,NA,2610154121,NA,NA,"c(NA, NA)"
2001,2,NA,NA,NA,2610154122,NA,NA,"c(NA, NA)"
2001,123,NA,NA,NA,2610154125,NA,NA,"c(NA, NA)"
2004,1,NA,NA,NA,2610154127,NA,NA,"c(NA, NA)"
2001,126,NA,NA,NA,2610201378,NA,NA,"c(NA, NA)"
2011,7,NA,NA,NA,2610185970,NA,NA,"c(NA, NA)"
2012,5,NA,NA,NA,2610184063,NA,NA,"c(NA, NA)"
2009,0,NA,NA,NA,5911736160,NA,NA,"c(NA, NA)"
2008,0,NA,NA,NA,5911774660,NA,NA,"c(NA, NA)"
2003,4,NA,NA,NA,2610209518,NA,NA,"c(NA, NA)"
2004,3,NA,NA,NA,2610212191,NA,NA,"c(NA, NA)"
2003,1,NA,NA,NA,2610212196,NA,NA,"c(NA, NA)"
2005,0,NA,NA,NA,5911687992,NA,NA,"c(NA, NA)"
2003,0,NA,NA,NA,5911687993,NA,NA,"c(NA, NA)"
2006,0,NA,NA,NA,5911687994,NA,NA,"c(NA, NA)"
2004,0,NA,NA,NA,5911687995,NA,NA,"c(NA, NA)"
2007,0,NA,NA,NA,5911687996,NA,NA,"c(NA, NA)"
2006,0,NA,NA,NA,5911687997,NA,NA,"c(NA, NA)"
2007,0,NA,NA,NA,5911743375,NA,NA,"c(NA, NA)"
2002,1,NA,NA,NA,2610214481,NA,NA,"c(NA, NA)"
1992,13,NA,NA,NA,2610195568,NA,NA,"c(NA, NA)"
1996,10,NA,NA,NA,2610195970,NA,NA,"c(NA, NA)"
1996,0,NA,NA,NA,5911747942,NA,NA,"c(NA, NA)"
1998,102,NA,NA,NA,2610196146,NA,NA,"c(NA, NA)"
1998,4,NA,NA,NA,2610196169,NA,NA,"c(NA, NA)"
1999,61,NA,NA,NA,2610196188,NA,NA,"c(NA, NA)"
1999,0,NA,NA,NA,5911747975,NA,NA,"c(NA, NA)"
2000,0,NA,NA,NA,5911747979,NA,NA,"c(NA, NA)"
2006,0,NA,NA,NA,5911755308,NA,NA,"c(NA, NA)"
2008,0,NA,NA,NA,5911755309,NA,NA,"c(NA, NA)"
2002,3,NA,NA,NA,2610157160,NA,NA,"c(NA, NA)"
2006,0,NA,NA,NA,5911755310,NA,NA,"c(NA, NA)"
2005,1,NA,NA,NA,2610157166,NA,NA,"c(NA, NA)"
2004,0,NA,NA,NA,5911755311,NA,NA,"c(NA, NA)"
2009,0,NA,NA,NA,5911755312,NA,NA,"c(NA, NA)"
2003,1,NA,NA,NA,2610157176,NA,NA,"c(NA, NA)"
2010,0,NA,NA,NA,5911755313,NA,NA,"c(NA, NA)"
2005,0,NA,NA,NA,5911755314,NA,NA,"c(NA, NA)"
2018,0,NA,NA,NA,5911720640,51.028212,2.562806,"c(2.562806, 51.028212)"
2018,1,NA,NA,NA,2610253403,51.478615,4.478946,"c(4.478946, 51.478615)"
2005,0,NA,NA,NA,5911852499,NA,NA,"c(NA, NA)"
2005,0,NA,NA,NA,5911852500,NA,NA,"c(NA, NA)"
2004,0,NA,NA,NA,5911852501,NA,NA,"c(NA, NA)"
2004,0,NA,NA,NA,5911852502,NA,NA,"c(NA, NA)"
2006,0,NA,NA,NA,5911852503,NA,NA,"c(NA, NA)"
2006,0,NA,NA,NA,5911852504,NA,NA,"c(NA, NA)"
2007,0,NA,NA,NA,5911852505,NA,NA,"c(NA, NA)"
2007,0,NA,NA,NA,5911852506,NA,NA,"c(NA, NA)"
2008,0,NA,NA,NA,5911852507,NA,NA,"c(NA, NA)"
2002,4,NA,NA,NA,2610152220,NA,NA,"c(NA, NA)"
2009,0,NA,NA,NA,5911852508,NA,NA,"c(NA, NA)"
2003,0,NA,NA,NA,5911748010,NA,NA,"c(NA, NA)"
2002,0,NA,NA,NA,5911854781,NA,NA,"c(NA, NA)"
2001,12,NA,NA,NA,2610159158,NA,NA,"c(NA, NA)"
2008,0,NA,NA,NA,5911854782,NA,NA,"c(NA, NA)"
2005,1,NA,NA,NA,2610159166,NA,NA,"c(NA, NA)"
2003,0,NA,NA,NA,5911854783,NA,NA,"c(NA, NA)"
2005,0,NA,NA,NA,5911854784,NA,NA,"c(NA, NA)"
2002,0,NA,NA,NA,5911854785,NA,NA,"c(NA, NA)"
2009,0,NA,NA,NA,5911854786,NA,NA,"c(NA, NA)"
2003,2,NA,NA,NA,2610159175,NA,NA,"c(NA, NA)"
2002,0,NA,NA,NA,5911926860,NA,NA,"c(NA, NA)"
2007,0,NA,NA,NA,5911926861,NA,NA,"c(NA, NA)"
2005,0,NA,NA,NA,5911926862,NA,NA,"c(NA, NA)"
2010,0,NA,NA,NA,5911926863,NA,NA,"c(NA, NA)"
2005,0,NA,NA,NA,5911926864,NA,NA,"c(NA, NA)"
2008,0,NA,NA,NA,5911926865,NA,NA,"c(NA, NA)"
2005,0,NA,NA,NA,5911926866,NA,NA,"c(NA, NA)"
2008,0,NA,NA,NA,5911926867,NA,NA,"c(NA, NA)"
2004,0,NA,NA,NA,5911926868,NA,NA,"c(NA, NA)"
1992,0,NA,NA,NA,5911720689,NA,NA,"c(NA, NA)"
1993,159,NA,NA,NA,2610253763,NA,NA,"c(NA, NA)"
1993,107,NA,NA,NA,2610253786,NA,NA,"c(NA, NA)"
2004,0,NA,NA,NA,5911775221,NA,NA,"c(NA, NA)"
2005,1,NA,NA,NA,2610210183,NA,NA,"c(NA, NA)"
2004,0,NA,NA,NA,5911775222,NA,NA,"c(NA, NA)"
2003,2,NA,NA,NA,2610210194,NA,NA,"c(NA, NA)"
2004,0,NA,NA,NA,5911775223,NA,NA,"c(NA, NA)"
2005,0,NA,NA,NA,5911775224,NA,NA,"c(NA, NA)"
2006,0,NA,NA,NA,5911775225,NA,NA,"c(NA, NA)"
2008,0,NA,NA,NA,5911688230,NA,NA,"c(NA, NA)"
1992,156,NA,NA,NA,2610190624,NA,NA,"c(NA, NA)"
1996,17,NA,NA,NA,2610191024,NA,NA,"c(NA, NA)"
1998,23,NA,NA,NA,2610191197,NA,NA,"c(NA, NA)"
1998,281,NA,NA,NA,2610191218,NA,NA,"c(NA, NA)"
2000,0,NA,NA,NA,5911940557,NA,NA,"c(NA, NA)"
2003,1,NA,NA,NA,2610215195,NA,NA,"c(NA, NA)"
2005,5,NA,NA,NA,2610215196,NA,NA,"c(NA, NA)"
2005,0,NA,NA,NA,5911743623,NA,NA,"c(NA, NA)"
2006,0,NA,NA,NA,5911743624,NA,NA,"c(NA, NA)"
2004,0,NA,NA,NA,5911743625,NA,NA,"c(NA, NA)"
2003,0,NA,NA,NA,5911743626,NA,NA,"c(NA, NA)"
2003,0,NA,NA,NA,5911743627,NA,NA,"c(NA, NA)"
2006,0,NA,NA,NA,5911743628,NA,NA,"c(NA, NA)"
2007,0,NA,NA,NA,5911743629,NA,NA,"c(NA, NA)"
2005,7,NA,NA,NA,2610192338,NA,NA,"c(NA, NA)"
1995,54,NA,NA,NA,2610194978,NA,NA,"c(NA, NA)"
1995,33,NA,NA,NA,2610253969,NA,NA,"c(NA, NA)"
1996,83,NA,NA,NA,2610254003,NA,NA,"c(NA, NA)"
2006,0,NA,NA,NA,5911743855,NA,NA,"c(NA, NA)"
2007,0,NA,NA,NA,5911774957,NA,NA,"c(NA, NA)"
2005,0,NA,NA,NA,5911774958,NA,NA,"c(NA, NA)"
1993,0,NA,NA,NA,5911742781,NA,NA,"c(NA, NA)"
2007,0,NA,NA,NA,5911802463,NA,NA,"c(NA, NA)"
2008,143,NA,NA,NA,2610198526,NA,NA,"c(NA, NA)"
2018,0,NA,NA,NA,5911993851,51.028212,2.562806,"c(2.562806, 51.028212)"
1996,78,NA,NA,NA,2610192900,NA,NA,"c(NA, NA)"
1996,17,NA,NA,NA,2610192996,NA,NA,"c(NA, NA)"
2001,0,NA,NA,NA,5912001823,NA,NA,"c(NA, NA)"
2010,0,NA,NA,NA,5911780091,NA,NA,"c(NA, NA)"
2005,1,NA,NA,NA,2610216204,NA,NA,"c(NA, NA)"
2005,0,NA,NA,NA,5911780092,NA,NA,"c(NA, NA)"
2003,1,NA,NA,NA,2610216213,NA,NA,"c(NA, NA)"
2003,0,NA,NA,NA,5911780093,NA,NA,"c(NA, NA)"
2008,0,NA,NA,NA,5911780094,NA,NA,"c(NA, NA)"
2010,0,NA,NA,NA,5911763901,NA,NA,"c(NA, NA)"
2004,0,NA,NA,NA,5911763902,NA,NA,"c(NA, NA)"
2001,12,NA,NA,NA,2610151175,NA,NA,"c(NA, NA)"
2005,0,NA,NA,NA,5911763904,NA,NA,"c(NA, NA)"
2008,0,NA,NA,NA,5911763905,NA,NA,"c(NA, NA)"
2005,0,NA,NA,NA,5911763906,NA,NA,"c(NA, NA)"
2006,1,NA,NA,NA,2610151183,NA,NA,"c(NA, NA)"
1991,51,NA,NA,NA,2610198586,NA,NA,"c(NA, NA)"
1992,0,NA,NA,NA,5911712106,NA,NA,"c(NA, NA)"
1992,0,NA,NA,NA,5911712110,NA,NA,"c(NA, NA)"
1993,0,NA,NA,NA,5911712114,NA,NA,"c(NA, NA)"
1993,0,NA,NA,NA,5911712115,NA,NA,"c(NA, NA)"
1997,68,NA,NA,NA,2610199191,NA,NA,"c(NA, NA)"
1998,15,NA,NA,NA,2610208308,NA,NA,"c(NA, NA)"
2000,15,NA,NA,NA,2610208402,NA,NA,"c(NA, NA)"
2000,0,NA,NA,NA,5911712178,NA,NA,"c(NA, NA)"
2006,1,NA,NA,NA,2610163651,NA,NA,"c(NA, NA)"
2002,3,NA,NA,NA,2610214161,NA,NA,"c(NA, NA)"
2006,0,NA,NA,NA,5911802799,NA,NA,"c(NA, NA)"
2007,0,NA,NA,NA,5911802800,NA,NA,"c(NA, NA)"
2003,1,NA,NA,NA,2610214163,NA,NA,"c(NA, NA)"
2006,0,NA,NA,NA,5911802801,NA,NA,"c(NA, NA)"
2008,0,NA,NA,NA,5911802802,NA,NA,"c(NA, NA)"
2007,0,NA,NA,NA,5911802803,NA,NA,"c(NA, NA)"
2008,0,NA,NA,NA,5911802804,NA,NA,"c(NA, NA)"
2002,2,NA,NA,NA,2610214179,NA,NA,"c(NA, NA)"
2001,0,NA,NA,NA,5911802805,NA,NA,"c(NA, NA)"
2007,0,NA,NA,NA,5911718196,NA,NA,"c(NA, NA)"
2002,0,NA,NA,NA,5911718197,NA,NA,"c(NA, NA)"
2018,0,NA,NA,NA,5911983657,51.478615,4.478946,"c(4.478946, 51.478615)"
2008,450,NA,NA,NA,2610196454,NA,NA,"c(NA, NA)"
1998,227,NA,NA,NA,2610193115,NA,NA,"c(NA, NA)"
1999,28,NA,NA,NA,2610193145,NA,NA,"c(NA, NA)"
2000,0,NA,NA,NA,5911742841,NA,NA,"c(NA, NA)"
2005,0,NA,NA,NA,5911755550,NA,NA,"c(NA, NA)"
1992,18,NA,NA,NA,2610251581,NA,NA,"c(NA, NA)"
1993,0,NA,NA,NA,5911689330,NA,NA,"c(NA, NA)"
2001,0,NA,NA,NA,5911742846,NA,NA,"c(NA, NA)"
2002,0,NA,NA,NA,5911742858,NA,NA,"c(NA, NA)"
2005,0,NA,NA,NA,5911803040,NA,NA,"c(NA, NA)"
2008,0,NA,NA,NA,5911927090,NA,NA,"c(NA, NA)"
2008,0,NA,NA,NA,5911855013,NA,NA,"c(NA, NA)"
2009,1,NA,NA,NA,2610216517,NA,NA,"c(NA, NA)"
2002,0,NA,NA,NA,5911750449,NA,NA,"c(NA, NA)"
2004,0,NA,NA,NA,5911750450,NA,NA,"c(NA, NA)"
2003,2,NA,NA,NA,2610213149,NA,NA,"c(NA, NA)"
2007,1,NA,NA,NA,2610213151,NA,NA,"c(NA, NA)"
2007,0,NA,NA,NA,5911750452,NA,NA,"c(NA, NA)"
2003,0,NA,NA,NA,5911750453,NA,NA,"c(NA, NA)"
2004,2,NA,NA,NA,2610213161,NA,NA,"c(NA, NA)"
2006,0,NA,NA,NA,5911750454,NA,NA,"c(NA, NA)"
2001,0,NA,NA,NA,5911750455,NA,NA,"c(NA, NA)"
2004,1,NA,NA,NA,2610213173,NA,NA,"c(NA, NA)"
2012,3,NA,NA,NA,2610181982,NA,NA,"c(NA, NA)"
2009,0,NA,NA,NA,5911706633,NA,NA,"c(NA, NA)"
2009,0,NA,NA,NA,5911706634,NA,NA,"c(NA, NA)"
2003,1,NA,NA,NA,2610155188,NA,NA,"c(NA, NA)"
2005,0,NA,NA,NA,5911706636,NA,NA,"c(NA, NA)"
2002,0,NA,NA,NA,5911706637,NA,NA,"c(NA, NA)"
2007,0,NA,NA,NA,5911706638,NA,NA,"c(NA, NA)"
2008,4,NA,NA,NA,2610192347,NA,NA,"c(NA, NA)"
2018,1,NA,NA,NA,2610192356,NA,NA,"c(NA, NA)"
1993,0,NA,NA,NA,5911807806,NA,NA,"c(NA, NA)"
1995,130,NA,NA,NA,2610192876,NA,NA,"c(NA, NA)"
2006,0,NA,NA,NA,5911896423,NA,NA,"c(NA, NA)"
2007,0,NA,NA,NA,5911896424,NA,NA,"c(NA, NA)"
2002,2,NA,NA,NA,2610211170,NA,NA,"c(NA, NA)"
2005,0,NA,NA,NA,5911896425,NA,NA,"c(NA, NA)"
2004,0,NA,NA,NA,5911896426,NA,NA,"c(NA, NA)"
2004,0,NA,NA,NA,5911896427,NA,NA,"c(NA, NA)"
2009,0,NA,NA,NA,5911896428,NA,NA,"c(NA, NA)"
2002,3,NA,NA,NA,2610211186,NA,NA,"c(NA, NA)"
1997,6,NA,NA,NA,2610197134,NA,NA,"c(NA, NA)"
2000,55,NA,NA,NA,2610252234,NA,NA,"c(NA, NA)"
2008,20,NA,NA,NA,2610251346,NA,NA,"c(NA, NA)"
1997,3,NA,NA,NA,2610252031,NA,NA,"c(NA, NA)"
1997,12,NA,NA,NA,2610252044,NA,NA,"c(NA, NA)"
1998,0,NA,NA,NA,5911889898,NA,NA,"c(NA, NA)"
2007,0,NA,NA,NA,5911958770,NA,NA,"c(NA, NA)"
2002,1,NA,NA,NA,2610217185,NA,NA,"c(NA, NA)"
2005,0,NA,NA,NA,5911958771,NA,NA,"c(NA, NA)"
2007,0,NA,NA,NA,5911958773,NA,NA,"c(NA, NA)"
2002,0,NA,NA,NA,5911958774,NA,NA,"c(NA, NA)"
2010,0,NA,NA,NA,5911958775,NA,NA,"c(NA, NA)"
2001,0,NA,NA,NA,5911958776,NA,NA,"c(NA, NA)"
2004,0,NA,NA,NA,5911958777,NA,NA,"c(NA, NA)"
2006,0,NA,NA,NA,5911750678,NA,NA,"c(NA, NA)"
2018,0,NA,NA,NA,5911983947,51.478615,4.478946,"c(4.478946, 51.478615)"
2003,0,NA,NA,NA,5911940610,NA,NA,"c(NA, NA)"
2000,0,NA,NA,NA,5911889918,NA,NA,"c(NA, NA)"
2004,0,NA,NA,NA,5911796119,NA,NA,"c(NA, NA)"
2001,22,NA,NA,NA,2610205337,NA,NA,"c(NA, NA)"
2002,0,NA,NA,NA,5911983799,NA,NA,"c(NA, NA)"
2003,0,NA,NA,NA,5911983807,NA,NA,"c(NA, NA)"
1991,85,NA,NA,NA,2610191491,NA,NA,"c(NA, NA)"
2010,0,NA,NA,NA,5911819302,NA,NA,"c(NA, NA)"
2008,0,NA,NA,NA,5911764110,NA,NA,"c(NA, NA)"
1991,0,NA,NA,NA,5911919401,NA,NA,"c(NA, NA)"
1997,0,NA,NA,NA,5911919434,NA,NA,"c(NA, NA)"
2009,0,NA,NA,NA,5911855307,NA,NA,"c(NA, NA)"
2009,0,NA,NA,NA,5911831003,NA,NA,"c(NA, NA)"
1992,226,NA,NA,NA,2610256594,NA,NA,"c(NA, NA)"
1996,0,NA,NA,NA,5911955746,NA,NA,"c(NA, NA)"
1999,149,NA,NA,NA,2610257182,NA,NA,"c(NA, NA)"
2011,1,NA,NA,NA,2610242116,NA,NA,"c(NA, NA)"
1992,0,NA,NA,NA,5912001504,NA,NA,"c(NA, NA)"
1993,0,NA,NA,NA,5911983995,NA,NA,"c(NA, NA)"
1993,87,NA,NA,NA,2610192618,NA,NA,"c(NA, NA)"
1993,44,NA,NA,NA,2610192627,NA,NA,"c(NA, NA)"
1993,0,NA,NA,NA,5912001507,NA,NA,"c(NA, NA)"
1995,0,NA,NA,NA,5911984002,NA,NA,"c(NA, NA)"
2000,84,NA,NA,NA,2610260442,NA,NA,"c(NA, NA)"
2001,68,NA,NA,NA,2610257276,NA,NA,"c(NA, NA)"
2001,176,NA,NA,NA,2610257280,NA,NA,"c(NA, NA)"
2004,0,NA,NA,NA,5911880296,NA,NA,"c(NA, NA)"
2006,0,NA,NA,NA,5911880297,NA,NA,"c(NA, NA)"
2009,0,NA,NA,NA,5911880298,NA,NA,"c(NA, NA)"
2002,0,NA,NA,NA,5911880299,NA,NA,"c(NA, NA)"
2004,0,NA,NA,NA,5911880300,NA,NA,"c(NA, NA)"
2001,0,NA,NA,NA,5911908301,NA,NA,"c(NA, NA)"
2010,0,NA,NA,NA,5911826367,NA,NA,"c(NA, NA)"
2005,0,NA,NA,NA,5911826368,NA,NA,"c(NA, NA)"
2009,0,NA,NA,NA,5911826370,NA,NA,"c(NA, NA)"
2003,7,NA,NA,NA,2610158154,NA,NA,"c(NA, NA)"
2001,0,NA,NA,NA,5911826371,NA,NA,"c(NA, NA)"
2004,2,NA,NA,NA,2610158160,NA,NA,"c(NA, NA)"
2011,28,NA,NA,NA,2610239948,NA,NA,"c(NA, NA)"
2011,1,NA,NA,NA,2610239990,NA,NA,"c(NA, NA)"
1997,0,NA,NA,NA,5911984020,NA,NA,"c(NA, NA)"
2005,0,NA,NA,NA,5911706846,NA,NA,"c(NA, NA)"
2012,4,NA,NA,NA,2610240903,NA,NA,"c(NA, NA)"
2001,8,NA,NA,NA,2610152505,NA,NA,"c(NA, NA)"
2011,4,NA,NA,NA,2610246017,NA,NA,"c(NA, NA)"
1999,23,NA,NA,NA,2610201314,NA,NA,"c(NA, NA)"
1998,0,NA,NA,NA,5912001546,NA,NA,"c(NA, NA)"
2000,24,NA,NA,NA,2610201341,NA,NA,"c(NA, NA)"
2002,0,NA,NA,NA,5911984076,NA,NA,"c(NA, NA)"
2000,1,NA,NA,NA,2610193228,NA,NA,"c(NA, NA)"
1992,16,NA,NA,NA,2610249484,NA,NA,"c(NA, NA)"
1999,50,NA,NA,NA,2610250148,NA,NA,"c(NA, NA)"
2000,0,NA,NA,NA,5911919745,NA,NA,"c(NA, NA)"
2009,0,NA,NA,NA,5911826583,NA,NA,"c(NA, NA)"
2009,0,NA,NA,NA,5911987432,NA,NA,"c(NA, NA)"
1991,42,NA,NA,NA,2610258542,NA,NA,"c(NA, NA)"
2003,0,NA,NA,NA,5911984084,NA,NA,"c(NA, NA)"
2003,1,NA,NA,NA,2610219162,NA,NA,"c(NA, NA)"
2002,0,NA,NA,NA,5911855567,NA,NA,"c(NA, NA)"
2003,0,NA,NA,NA,5911855569,NA,NA,"c(NA, NA)"
2004,0,NA,NA,NA,5911855570,NA,NA,"c(NA, NA)"
2008,0,NA,NA,NA,5911855571,NA,NA,"c(NA, NA)"
2007,0,NA,NA,NA,5911862545,NA,NA,"c(NA, NA)"
2004,0,NA,NA,NA,5911862546,NA,NA,"c(NA, NA)"
2009,0,NA,NA,NA,5911862547,NA,NA,"c(NA, NA)"
2003,0,NA,NA,NA,5911862549,NA,NA,"c(NA, NA)"
2003,0,NA,NA,NA,5911862550,NA,NA,"c(NA, NA)"
2002,0,NA,NA,NA,5911862551,NA,NA,"c(NA, NA)"
2008,0,NA,NA,NA,5911862552,NA,NA,"c(NA, NA)"
2006,0,NA,NA,NA,5911896652,NA,NA,"c(NA, NA)"
2006,0,NA,NA,NA,5911729443,NA,NA,"c(NA, NA)"
2006,0,NA,NA,NA,5911729444,NA,NA,"c(NA, NA)"
2007,0,NA,NA,NA,5911729446,NA,NA,"c(NA, NA)"
2002,0,NA,NA,NA,5911729447,NA,NA,"c(NA, NA)"
2004,0,NA,NA,NA,5911729448,NA,NA,"c(NA, NA)"
2004,0,NA,NA,NA,5911729449,NA,NA,"c(NA, NA)"
1992,39,NA,NA,NA,2610250738,NA,NA,"c(NA, NA)"
1993,173,NA,NA,NA,2610250800,NA,NA,"c(NA, NA)"
1996,51,NA,NA,NA,2610252901,NA,NA,"c(NA, NA)"
1994,95,NA,NA,NA,2610193816,NA,NA,"c(NA, NA)"
1995,62,NA,NA,NA,2610193895,NA,NA,"c(NA, NA)"
1992,8,NA,NA,NA,2610258646,NA,NA,"c(NA, NA)"
2003,0,NA,NA,NA,5911919781,NA,NA,"c(NA, NA)"
2009,0,NA,NA,NA,5911729658,NA,NA,"c(NA, NA)"
2009,0,NA,NA,NA,5911908935,NA,NA,"c(NA, NA)"
1993,0,NA,NA,NA,5911979487,NA,NA,"c(NA, NA)"
1999,0,NA,NA,NA,5911946765,NA,NA,"c(NA, NA)"
2017,0,NA,NA,NA,5911890085,NA,NA,"c(NA, NA)"
2009,0,NA,NA,NA,5911740854,NA,NA,"c(NA, NA)"
2003,0,NA,NA,NA,5911696201,NA,NA,"c(NA, NA)"
2008,0,NA,NA,NA,5911696202,NA,NA,"c(NA, NA)"
1994,69,NA,NA,NA,2610256737,NA,NA,"c(NA, NA)"
1996,0,NA,NA,NA,5911979508,NA,NA,"c(NA, NA)"
1997,0,NA,NA,NA,5911979512,NA,NA,"c(NA, NA)"
1994,65,NA,NA,NA,2610256816,NA,NA,"c(NA, NA)"
2001,0,NA,NA,NA,5911987674,NA,NA,"c(NA, NA)"
2002,0,NA,NA,NA,5911987675,NA,NA,"c(NA, NA)"
2002,2,NA,NA,NA,2610159160,NA,NA,"c(NA, NA)"
2002,3,NA,NA,NA,2610159163,NA,NA,"c(NA, NA)"
2003,0,NA,NA,NA,5911987676,NA,NA,"c(NA, NA)"
2007,0,NA,NA,NA,5911987677,NA,NA,"c(NA, NA)"
2001,0,NA,NA,NA,5911946792,NA,NA,"c(NA, NA)"
2001,0,NA,NA,NA,5911946793,NA,NA,"c(NA, NA)"
1994,0,NA,NA,NA,5911903281,NA,NA,"c(NA, NA)"
1996,17,NA,NA,NA,2610251929,NA,NA,"c(NA, NA)"
2018,4,NA,NA,NA,2610257447,51.044352,2.552247,"c(2.552247, 51.044352)"
1999,121,NA,NA,NA,2610253139,NA,NA,"c(NA, NA)"
2000,0,NA,NA,NA,5911890180,NA,NA,"c(NA, NA)"
2001,0,NA,NA,NA,5911890196,NA,NA,"c(NA, NA)"
1998,0,NA,NA,NA,5911979778,NA,NA,"c(NA, NA)"
1992,40,NA,NA,NA,2610254576,NA,NA,"c(NA, NA)"
1993,0,NA,NA,NA,5911947247,NA,NA,"c(NA, NA)"
2005,0,NA,NA,NA,5911908513,NA,NA,"c(NA, NA)"
1997,0,NA,NA,NA,5911687576,NA,NA,"c(NA, NA)"
1997,0,NA,NA,NA,5911687580,NA,NA,"c(NA, NA)"
2003,0,NA,NA,NA,5911979581,NA,NA,"c(NA, NA)"
2002,0,NA,NA,NA,5911909189,NA,NA,"c(NA, NA)"
2003,1,NA,NA,NA,2610152208,NA,NA,"c(NA, NA)"
2001,9,NA,NA,NA,2610152212,NA,NA,"c(NA, NA)"
2005,0,NA,NA,NA,5911909190,NA,NA,"c(NA, NA)"
2003,0,NA,NA,NA,5911909191,NA,NA,"c(NA, NA)"
2003,0,NA,NA,NA,5911723337,NA,NA,"c(NA, NA)"
1999,113,NA,NA,NA,2610252198,NA,NA,"c(NA, NA)"
2011,17,NA,NA,NA,2610249036,NA,NA,"c(NA, NA)"
1998,0,NA,NA,NA,5911947277,NA,NA,"c(NA, NA)"
2009,0,NA,NA,NA,5911855768,NA,NA,"c(NA, NA)"
2009,0,NA,NA,NA,5911862752,NA,NA,"c(NA, NA)"
2005,1,NA,NA,NA,2610153182,NA,NA,"c(NA, NA)"
2006,0,NA,NA,NA,5911850838,NA,NA,"c(NA, NA)"
2006,0,NA,NA,NA,5911850840,NA,NA,"c(NA, NA)"
2001,1,NA,NA,NA,2610153191,NA,NA,"c(NA, NA)"
2002,0,NA,NA,NA,5911850841,NA,NA,"c(NA, NA)"
2006,0,NA,NA,NA,5911850842,NA,NA,"c(NA, NA)"
1999,13,NA,NA,NA,2610257193,NA,NA,"c(NA, NA)"
1999,0,NA,NA,NA,5911687603,NA,NA,"c(NA, NA)"
2001,0,NA,NA,NA,5911687621,NA,NA,"c(NA, NA)"
2005,0,NA,NA,NA,5911987883,NA,NA,"c(NA, NA)"
1993,18,NA,NA,NA,2610257759,NA,NA,"c(NA, NA)"
2003,0,NA,NA,NA,5911946531,NA,NA,"c(NA, NA)"
1993,86,NA,NA,NA,2610257848,NA,NA,"c(NA, NA)"
1995,28,NA,NA,NA,2610257964,NA,NA,"c(NA, NA)"
1992,50,NA,NA,NA,2610258615,NA,NA,"c(NA, NA)"
1992,0,NA,NA,NA,5911955443,NA,NA,"c(NA, NA)"
2001,0,NA,NA,NA,5911801323,NA,NA,"c(NA, NA)"
1996,0,NA,NA,NA,5911955468,NA,NA,"c(NA, NA)"
1997,78,NA,NA,NA,2610259179,NA,NA,"c(NA, NA)"
2003,17,NA,NA,NA,2610268486,NA,NA,"c(NA, NA)"
2002,0,NA,NA,NA,5911741103,NA,NA,"c(NA, NA)"
2003,1,NA,NA,NA,2610157164,NA,NA,"c(NA, NA)"
2007,0,NA,NA,NA,5911741104,NA,NA,"c(NA, NA)"
2003,0,NA,NA,NA,5911741105,NA,NA,"c(NA, NA)"
2002,5,NA,NA,NA,2610157171,NA,NA,"c(NA, NA)"
2008,0,NA,NA,NA,5911741106,NA,NA,"c(NA, NA)"
1998,0,NA,NA,NA,5911947281,NA,NA,"c(NA, NA)"
2003,4,NA,NA,NA,2610266378,NA,NA,"c(NA, NA)"
1998,10,NA,NA,NA,2610259229,NA,NA,"c(NA, NA)"
1999,7,NA,NA,NA,2610259275,NA,NA,"c(NA, NA)"
2000,0,NA,NA,NA,5911955506,NA,NA,"c(NA, NA)"
2001,0,NA,NA,NA,5911955510,NA,NA,"c(NA, NA)"
2001,178,NA,NA,NA,2610268393,NA,NA,"c(NA, NA)"
2003,1,NA,NA,NA,2610218154,NA,NA,"c(NA, NA)"
2003,1,NA,NA,NA,2610218159,NA,NA,"c(NA, NA)"
2007,0,NA,NA,NA,5912034661,NA,NA,"c(NA, NA)"
2003,0,NA,NA,NA,5912034662,NA,NA,"c(NA, NA)"
1997,45,NA,NA,NA,2610258174,NA,NA,"c(NA, NA)"
1998,0,NA,NA,NA,5911946471,NA,NA,"c(NA, NA)"
1998,154,NA,NA,NA,2610258270,NA,NA,"c(NA, NA)"
1999,0,NA,NA,NA,5911946483,NA,NA,"c(NA, NA)"
2002,4,NA,NA,NA,2610150182,NA,NA,"c(NA, NA)"
2008,0,NA,NA,NA,5911801853,NA,NA,"c(NA, NA)"
2002,1,NA,NA,NA,2610150186,NA,NA,"c(NA, NA)"
2002,2,NA,NA,NA,2610150187,NA,NA,"c(NA, NA)"
2009,0,NA,NA,NA,5911801854,NA,NA,"c(NA, NA)"
2004,1,NA,NA,NA,2610150194,NA,NA,"c(NA, NA)"
2004,0,NA,NA,NA,5911801855,NA,NA,"c(NA, NA)"
2004,0,NA,NA,NA,5911801856,NA,NA,"c(NA, NA)"
2003,6,NA,NA,NA,2610264409,NA,NA,"c(NA, NA)"
2009,0,NA,NA,NA,5912014563,NA,NA,"c(NA, NA)"
2007,0,NA,NA,NA,5912014564,NA,NA,"c(NA, NA)"
2007,0,NA,NA,NA,5912014565,NA,NA,"c(NA, NA)"
2003,0,NA,NA,NA,5911827321,NA,NA,"c(NA, NA)"
2003,0,NA,NA,NA,5911827322,NA,NA,"c(NA, NA)"
2008,0,NA,NA,NA,5911827323,NA,NA,"c(NA, NA)"
2007,0,NA,NA,NA,5911827324,NA,NA,"c(NA, NA)"
2001,2,NA,NA,NA,2610218173,NA,NA,"c(NA, NA)"
2007,0,NA,NA,NA,5911827325,NA,NA,"c(NA, NA)"
2004,0,NA,NA,NA,5911827326,NA,NA,"c(NA, NA)"
1991,37,NA,NA,NA,2610196519,NA,NA,"c(NA, NA)"
1993,0,NA,NA,NA,5911883965,NA,NA,"c(NA, NA)"
1994,0,NA,NA,NA,5911883973,NA,NA,"c(NA, NA)"
1995,5,NA,NA,NA,2610196924,NA,NA,"c(NA, NA)"
1995,53,NA,NA,NA,2610196932,NA,NA,"c(NA, NA)"
1996,0,NA,NA,NA,5911883988,NA,NA,"c(NA, NA)"
1998,24,NA,NA,NA,2610197187,NA,NA,"c(NA, NA)"
1999,0,NA,NA,NA,5911884020,NA,NA,"c(NA, NA)"
2000,0,NA,NA,NA,5911884025,NA,NA,"c(NA, NA)"
2000,1,NA,NA,NA,2610205308,NA,NA,"c(NA, NA)"
2001,117,NA,NA,NA,2610205326,NA,NA,"c(NA, NA)"
2000,0,NA,NA,NA,5911946491,NA,NA,"c(NA, NA)"
2002,0,NA,NA,NA,5911884064,NA,NA,"c(NA, NA)"
1993,41,NA,NA,NA,2610195715,NA,NA,"c(NA, NA)"
1995,0,NA,NA,NA,5911883463,NA,NA,"c(NA, NA)"
1995,148,NA,NA,NA,2610195855,NA,NA,"c(NA, NA)"
2006,0,NA,NA,NA,5911780909,NA,NA,"c(NA, NA)"
2007,0,NA,NA,NA,5911780910,NA,NA,"c(NA, NA)"
2005,0,NA,NA,NA,5911780911,NA,NA,"c(NA, NA)"
2001,9,NA,NA,NA,2610212203,NA,NA,"c(NA, NA)"
2007,0,NA,NA,NA,5911780912,NA,NA,"c(NA, NA)"
2004,0,NA,NA,NA,5911780913,NA,NA,"c(NA, NA)"
2007,0,NA,NA,NA,5911780914,NA,NA,"c(NA, NA)"
2006,0,NA,NA,NA,5911780915,NA,NA,"c(NA, NA)"
2001,1,NA,NA,NA,2610150177,NA,NA,"c(NA, NA)"
2005,0,NA,NA,NA,5911720041,NA,NA,"c(NA, NA)"
2002,1,NA,NA,NA,2610150190,NA,NA,"c(NA, NA)"
2002,1,NA,NA,NA,2610150192,NA,NA,"c(NA, NA)"
2003,0,NA,NA,NA,5911720044,NA,NA,"c(NA, NA)"
1991,77,NA,NA,NA,2610189620,NA,NA,"c(NA, NA)"
1994,43,NA,NA,NA,2610189866,NA,NA,"c(NA, NA)"
1994,0,NA,NA,NA,5911711322,NA,NA,"c(NA, NA)"
1995,48,NA,NA,NA,2610195933,NA,NA,"c(NA, NA)"
1997,0,NA,NA,NA,5911883479,NA,NA,"c(NA, NA)"
2001,187,NA,NA,NA,2610196297,NA,NA,"c(NA, NA)"
2001,43,NA,NA,NA,2610206305,NA,NA,"c(NA, NA)"
2002,0,NA,NA,NA,5911883546,NA,NA,"c(NA, NA)"
2012,5,NA,NA,NA,2610184059,NA,NA,"c(NA, NA)"
1995,0,NA,NA,NA,5911711335,NA,NA,"c(NA, NA)"
2009,0,NA,NA,NA,5911851057,NA,NA,"c(NA, NA)"
2005,1,NA,NA,NA,2610211168,NA,NA,"c(NA, NA)"
2005,0,NA,NA,NA,5911932408,NA,NA,"c(NA, NA)"
2003,3,NA,NA,NA,2610211172,NA,NA,"c(NA, NA)"
2006,0,NA,NA,NA,5911932409,NA,NA,"c(NA, NA)"
2007,0,NA,NA,NA,5911932410,NA,NA,"c(NA, NA)"
2005,0,NA,NA,NA,5911932411,NA,NA,"c(NA, NA)"
2004,3,NA,NA,NA,2610211185,NA,NA,"c(NA, NA)"
2003,0,NA,NA,NA,5911932412,NA,NA,"c(NA, NA)"
2004,3,NA,NA,NA,2610211189,NA,NA,"c(NA, NA)"
1999,0,NA,NA,NA,5911711368,NA,NA,"c(NA, NA)"
1999,8,NA,NA,NA,2610199320,NA,NA,"c(NA, NA)"
2002,0,NA,NA,NA,5911711403,NA,NA,"c(NA, NA)"
2006,4,NA,NA,NA,2610189497,NA,NA,"c(NA, NA)"
1996,18,NA,NA,NA,2610195061,NA,NA,"c(NA, NA)"
2000,0,NA,NA,NA,5911845230,NA,NA,"c(NA, NA)"
2000,99,NA,NA,NA,2610203349,NA,NA,"c(NA, NA)"
