taxonKey,class,classKey,kingdom,kingdomKey
5666,Squamata,11592253,Animalia,1
2465626,Squamata,11592253,Animalia,1
5221394,Squamata,11592253,Animalia,1
4553469,Arachnida,367,Animalia,1
2454645,Squamata,11592253,Animalia,1
2442664,Testudines,11418114,Animalia,1
2441658,Testudines,11418114,Animalia,1
2466496,Squamata,11592253,Animalia,1
2457825,Squamata,11592253,Animalia,1
2459675,Squamata,11592253,Animalia,1
2771094,Liliopsida,196,Plantae,6
4562917,Gastropoda,225,Animalia,1
2294277,Gastropoda,225,Animalia,1
3197314,Phaeophyceae,7073593,Chromista,4
8485639,Bivalvia,137,Animalia,1
5232437,Aves,212,Animalia,1
3172077,Magnoliopsida,220,Plantae,6
3109086,Magnoliopsida,220,Plantae,6
9752149,Aves,212,Animalia,1
2435035,Mammalia,359,Animalia,1
4372686,Bivalvia,137,Animalia,1
2287615,Bivalvia,137,Animalia,1
5219858,Mammalia,359,Animalia,1
2439261,Mammalia,359,Animalia,1
2436940,Mammalia,359,Animalia,1
2474051,Aves,212,Animalia,1
2855356,Liliopsida,196,Plantae,6
2926130,Magnoliopsida,220,Plantae,6
3033865,Magnoliopsida,220,Plantae,6
3085438,Magnoliopsida,220,Plantae,6
3169708,Magnoliopsida,220,Plantae,6
7820753,Bivalvia,137,Animalia,1
2498252,Aves,212,Animalia,1
2879098,Magnoliopsida,220,Plantae,6
3129663,Magnoliopsida,220,Plantae,6
5298765,Liliopsida,196,Plantae,6
4565039,Gastropoda,225,Animalia,1
4989904,Insecta,216,Animalia,1
5192789,Gastropoda,225,Animalia,1
2928226,Magnoliopsida,220,Plantae,6
5410411,Magnoliopsida,220,Plantae,6
8427624,Magnoliopsida,220,Plantae,6
5330661,Liliopsida,196,Plantae,6
3190653,Magnoliopsida,220,Plantae,6
3021730,Magnoliopsida,220,Plantae,6
3146683,Magnoliopsida,220,Plantae,6
3188894,Magnoliopsida,220,Plantae,6
3048203,Magnoliopsida,220,Plantae,6
3085360,Magnoliopsida,220,Plantae,6
5352251,Magnoliopsida,220,Plantae,6
2078852,Insecta,216,Animalia,1
5333294,Magnoliopsida,220,Plantae,6
2498015,Aves,212,Animalia,1
4460066,Insecta,216,Animalia,1
9148577,Magnoliopsida,220,Plantae,6
1311477,Insecta,216,Animalia,1
5156102,Insecta,216,Animalia,1
5373324,Magnoliopsida,220,Plantae,6
2888513,Magnoliopsida,220,Plantae,6
8200663,Magnoliopsida,220,Plantae,6
2153287,Arachnida,367,Animalia,1
4201607,Magnoliopsida,220,Plantae,6
2772666,Liliopsida,196,Plantae,6
3003979,Magnoliopsida,220,Plantae,6
3033242,Magnoliopsida,220,Plantae,6
7127810,Magnoliopsida,220,Plantae,6
2888439,Magnoliopsida,220,Plantae,6
5377060,Magnoliopsida,220,Plantae,6
3147168,Magnoliopsida,220,Plantae,6
5374118,Magnoliopsida,220,Plantae,6
7332415,Magnoliopsida,220,Plantae,6
3103791,Magnoliopsida,220,Plantae,6
8014163,Gastropoda,225,Animalia,1
2775619,Liliopsida,196,Plantae,6
3131614,Magnoliopsida,220,Plantae,6
3172068,Magnoliopsida,220,Plantae,6
3188830,Magnoliopsida,220,Plantae,6
5290177,Liliopsida,196,Plantae,6
2498388,Aves,212,Animalia,1
5406789,Magnoliopsida,220,Plantae,6
7327990,Magnoliopsida,220,Plantae,6
6387003,Polypodiopsida,7228684,Plantae,6
2928751,Magnoliopsida,220,Plantae,6
5389017,Magnoliopsida,220,Plantae,6
3066965,Magnoliopsida,220,Plantae,6
4067302,Magnoliopsida,220,Plantae,6
3021850,Magnoliopsida,220,Plantae,6
2498387,Aves,212,Animalia,1
2925514,Magnoliopsida,220,Plantae,6
2747564,Liliopsida,196,Plantae,6
3145214,Magnoliopsida,220,Plantae,6
6098843,Insecta,216,Animalia,1
3047621,Magnoliopsida,220,Plantae,6
3118430,Magnoliopsida,220,Plantae,6
2473477,Aves,212,Animalia,1
2479226,Aves,212,Animalia,1
3172291,Magnoliopsida,220,Plantae,6
2704523,Liliopsida,196,Plantae,6
5341201,Magnoliopsida,220,Plantae,6
2498344,Aves,212,Animalia,1
2495414,Aves,212,Animalia,1
3146791,Magnoliopsida,220,Plantae,6
9398259,Liliopsida,196,Plantae,6
2115769,NA,NA,Animalia,1
2889173,Magnoliopsida,220,Plantae,6
4485843,Insecta,216,Animalia,1
3173338,Magnoliopsida,220,Plantae,6
2926110,Magnoliopsida,220,Plantae,6
5356517,Magnoliopsida,220,Plantae,6
2873861,Magnoliopsida,220,Plantae,6
5188971,Bivalvia,137,Animalia,1
2285504,Bivalvia,137,Animalia,1
2501248,Tentaculata,365,Animalia,1
2888625,Magnoliopsida,220,Plantae,6
2498035,Aves,212,Animalia,1
2498034,Aves,212,Animalia,1
3033227,Magnoliopsida,220,Plantae,6
2747567,Liliopsida,196,Plantae,6
2767271,Liliopsida,196,Plantae,6
2855439,Liliopsida,196,Plantae,6
2498305,Aves,212,Animalia,1
2498046,Aves,212,Animalia,1
5415012,Magnoliopsida,220,Plantae,6
1421091,Insecta,216,Animalia,1
2479329,Aves,212,Animalia,1
4486243,Insecta,216,Animalia,1
3189866,Magnoliopsida,220,Plantae,6
2928835,Magnoliopsida,220,Plantae,6
4484176,Insecta,216,Animalia,1
9326020,Aves,212,Animalia,1
7903057,Magnoliopsida,220,Plantae,6
5365717,Magnoliopsida,220,Plantae,6
2985949,Magnoliopsida,220,Plantae,6
2685796,Pinopsida,194,Plantae,6
3021496,Magnoliopsida,220,Plantae,6
5410151,Magnoliopsida,220,Plantae,6
8701771,NA,NA,Animalia,1
1031684,Insecta,216,Animalia,1
3096529,Magnoliopsida,220,Plantae,6
2888740,Magnoliopsida,220,Plantae,6
5281901,Bryopsida,327,Plantae,6
5598915,Magnoliopsida,220,Plantae,6
2986130,Magnoliopsida,220,Plantae,6
2705401,Liliopsida,196,Plantae,6
2890541,Magnoliopsida,220,Plantae,6
3189815,Magnoliopsida,220,Plantae,6
8298495,Magnoliopsida,220,Plantae,6
5289972,Liliopsida,196,Plantae,6
7828157,Magnoliopsida,220,Plantae,6
2225772,Malacostraca,229,Animalia,1
3053522,Magnoliopsida,220,Plantae,6
3034922,Magnoliopsida,220,Plantae,6
2331942,Ascidiacea,356,Animalia,1
3050595,Magnoliopsida,220,Plantae,6
4354941,Ascidiacea,356,Animalia,1
5289919,Liliopsida,196,Plantae,6
5376961,Magnoliopsida,220,Plantae,6
8745918,Gastropoda,225,Animalia,1
9151957,Magnoliopsida,220,Plantae,6
2874199,Magnoliopsida,220,Plantae,6
3046812,Magnoliopsida,220,Plantae,6
3085381,Magnoliopsida,220,Plantae,6
3147018,Magnoliopsida,220,Plantae,6
4598225,Gastropoda,225,Animalia,1
7763534,Insecta,216,Animalia,1
9823072,Magnoliopsida,220,Plantae,6
3084742,Magnoliopsida,220,Plantae,6
2142456,Arachnida,367,Animalia,1
5341204,Magnoliopsida,220,Plantae,6
2971095,Magnoliopsida,220,Plantae,6
2157245,Arachnida,367,Animalia,1
3085623,Magnoliopsida,220,Plantae,6
5178057,Malacostraca,229,Animalia,1
5334240,Magnoliopsida,220,Plantae,6
5341754,Magnoliopsida,220,Plantae,6
3034825,Magnoliopsida,220,Plantae,6
1702101,Insecta,216,Animalia,1
9890104,Gastropoda,225,Animalia,1
2702808,Liliopsida,196,Plantae,6
2705290,Liliopsida,196,Plantae,6
2891079,Magnoliopsida,220,Plantae,6
2295442,Gastropoda,225,Animalia,1
5341501,Magnoliopsida,220,Plantae,6
6109535,Magnoliopsida,220,Plantae,6
2296807,Gastropoda,225,Animalia,1
3172001,Magnoliopsida,220,Plantae,6
2888380,Magnoliopsida,220,Plantae,6
6096602,Jungermanniopsida,126,Plantae,6
3690997,Magnoliopsida,220,Plantae,6
5151589,Insecta,216,Animalia,1
2362868,NA,NA,Animalia,1
2149679,Arachnida,367,Animalia,1
2650829,Polypodiopsida,7228684,Plantae,6
3012089,Magnoliopsida,220,Plantae,6
5376648,Magnoliopsida,220,Plantae,6
5391480,Magnoliopsida,220,Plantae,6
4063383,Magnoliopsida,220,Plantae,6
3152824,Magnoliopsida,220,Plantae,6
2684171,Pinopsida,194,Plantae,6
5285637,Pinopsida,194,Plantae,6
2020655,Insecta,216,Animalia,1
3169137,Magnoliopsida,220,Plantae,6
2227300,Malacostraca,229,Animalia,1
4532122,Insecta,216,Animalia,1
3033077,Magnoliopsida,220,Plantae,6
3088310,Magnoliopsida,220,Plantae,6
4286975,NA,NA,Animalia,1
2890122,Magnoliopsida,220,Plantae,6
3034015,Magnoliopsida,220,Plantae,6
6374953,Magnoliopsida,220,Plantae,6
5712981,Insecta,216,Animalia,1
5362054,Magnoliopsida,220,Plantae,6
3172100,Magnoliopsida,220,Plantae,6
2685361,Pinopsida,194,Plantae,6
2992543,Magnoliopsida,220,Plantae,6
2677047,Bryopsida,327,Plantae,6
1309652,Insecta,216,Animalia,1
2855398,Liliopsida,196,Plantae,6
8542672,Magnoliopsida,220,Plantae,6
2286388,Bivalvia,137,Animalia,1
8149923,Magnoliopsida,220,Plantae,6
5373358,Magnoliopsida,220,Plantae,6
5284809,Pinopsida,194,Plantae,6
2683866,Pinopsida,194,Plantae,6
2685484,Pinopsida,194,Plantae,6
2880539,Magnoliopsida,220,Plantae,6
3032698,Magnoliopsida,220,Plantae,6
7978544,Magnoliopsida,220,Plantae,6
8307577,Malacostraca,229,Animalia,1
2095283,Insecta,216,Animalia,1
5369784,Magnoliopsida,220,Plantae,6
1421095,Insecta,216,Animalia,1
5179027,Chilopoda,360,Animalia,1
2993761,Magnoliopsida,220,Plantae,6
8012439,Magnoliopsida,220,Plantae,6
1152186,Insecta,216,Animalia,1
3020871,Magnoliopsida,220,Plantae,6
3981543,Magnoliopsida,220,Plantae,6
1047536,Insecta,216,Animalia,1
5384741,Magnoliopsida,220,Plantae,6
7678610,Magnoliopsida,220,Plantae,6
2925870,Magnoliopsida,220,Plantae,6
3046015,Magnoliopsida,220,Plantae,6
3067353,Magnoliopsida,220,Plantae,6
3054110,Magnoliopsida,220,Plantae,6
3170862,Magnoliopsida,220,Plantae,6
8909595,Malacostraca,229,Animalia,1
3042636,Magnoliopsida,220,Plantae,6
2715482,Liliopsida,196,Plantae,6
2984676,Magnoliopsida,220,Plantae,6
1749580,Insecta,216,Animalia,1
3040233,Magnoliopsida,220,Plantae,6
2739071,Liliopsida,196,Plantae,6
3036033,Magnoliopsida,220,Plantae,6
5371808,Magnoliopsida,220,Plantae,6
2772094,Liliopsida,196,Plantae,6
4013762,Liliopsida,196,Plantae,6
2975667,Magnoliopsida,220,Plantae,6
4315705,Malacostraca,229,Animalia,1
2890035,Magnoliopsida,220,Plantae,6
2297108,Gastropoda,225,Animalia,1
4568269,Gastropoda,225,Animalia,1
2984366,Magnoliopsida,220,Plantae,6
4129708,Liliopsida,196,Plantae,6
5415039,Magnoliopsida,220,Plantae,6
3054368,Magnoliopsida,220,Plantae,6
2650107,Polypodiopsida,7228684,Plantae,6
7102937,Magnoliopsida,220,Plantae,6
2217982,Malacostraca,229,Animalia,1
3092691,Magnoliopsida,220,Plantae,6
2888585,Magnoliopsida,220,Plantae,6
2225776,Malacostraca,229,Animalia,1
5218786,Mammalia,359,Animalia,1
2926681,Magnoliopsida,220,Plantae,6
5220136,Mammalia,359,Animalia,1
8740315,NA,NA,Animalia,1
5372655,Magnoliopsida,220,Plantae,6
8080743,Liliopsida,196,Plantae,6
9451184,Aves,212,Animalia,1
4201709,Magnoliopsida,220,Plantae,6
5232452,Aves,212,Animalia,1
2867614,Liliopsida,196,Plantae,6
4264680,Mammalia,359,Animalia,1
5389029,Magnoliopsida,220,Plantae,6
3120790,Magnoliopsida,220,Plantae,6
8190231,Bivalvia,137,Animalia,1
2008616,Insecta,216,Animalia,1
2029273,Insecta,216,Animalia,1
2891770,Magnoliopsida,220,Plantae,6
2473341,Aves,212,Animalia,1
5371450,Magnoliopsida,220,Plantae,6
3190538,Magnoliopsida,220,Plantae,6
8323485,Aves,212,Animalia,1
3022609,Magnoliopsida,220,Plantae,6
5359378,Magnoliopsida,220,Plantae,6
1626096,Insecta,216,Animalia,1
5551241,Magnoliopsida,220,Plantae,6
7127354,Magnoliopsida,220,Plantae,6
5219702,Mammalia,359,Animalia,1
2169430,Arachnida,367,Animalia,1
2926045,Magnoliopsida,220,Plantae,6
2930137,Magnoliopsida,220,Plantae,6
5375920,Magnoliopsida,220,Plantae,6
5123474,Insecta,216,Animalia,1
1017419,Diplopoda,361,Animalia,1
2704757,Liliopsida,196,Plantae,6
2445034,Squamata,11592253,Animalia,1
2705090,Liliopsida,196,Plantae,6
2000204,Insecta,216,Animalia,1
2177741,Arachnida,367,Animalia,1
2889358,Magnoliopsida,220,Plantae,6
7664179,Insecta,216,Animalia,1
7753992,Gastropoda,225,Animalia,1
3172266,Magnoliopsida,220,Plantae,6
3028528,Magnoliopsida,220,Plantae,6
3122924,Magnoliopsida,220,Plantae,6
2704194,Liliopsida,196,Plantae,6
3042291,Magnoliopsida,220,Plantae,6
2859597,Liliopsida,196,Plantae,6
8190077,Magnoliopsida,220,Plantae,6
3003244,Magnoliopsida,220,Plantae,6
3045803,Magnoliopsida,220,Plantae,6
3171951,Magnoliopsida,220,Plantae,6
1579447,Insecta,216,Animalia,1
3084022,Magnoliopsida,220,Plantae,6
7315063,Magnoliopsida,220,Plantae,6
6476679,NA,NA,Animalia,1
3000610,Magnoliopsida,220,Plantae,6
5284982,Pinopsida,194,Plantae,6
4483961,Insecta,216,Animalia,1
2891390,Magnoliopsida,220,Plantae,6
1718308,Insecta,216,Animalia,1
2493633,Aves,212,Animalia,1
2498167,Aves,212,Animalia,1
5415056,Magnoliopsida,220,Plantae,6
2049661,Insecta,216,Animalia,1
2439270,Mammalia,359,Animalia,1
8313153,Magnoliopsida,220,Plantae,6
5289684,Liliopsida,196,Plantae,6
3172104,Magnoliopsida,220,Plantae,6
5370006,Magnoliopsida,220,Plantae,6
4562529,Gastropoda,225,Animalia,1
5582033,Magnoliopsida,220,Plantae,6
5289756,Liliopsida,196,Plantae,6
3886505,Magnoliopsida,220,Plantae,6
5229055,Aves,212,Animalia,1
2475212,Aves,212,Animalia,1
2494303,Aves,212,Animalia,1
5350005,Magnoliopsida,220,Plantae,6
5598598,Magnoliopsida,220,Plantae,6
2498384,Aves,212,Animalia,1
2705449,Liliopsida,196,Plantae,6
2426661,Amphibia,131,Animalia,1
2687210,Pinopsida,194,Plantae,6
8342911,Magnoliopsida,220,Plantae,6
5289833,Liliopsida,196,Plantae,6
3031774,Magnoliopsida,220,Plantae,6
3033261,Magnoliopsida,220,Plantae,6
4567717,Gastropoda,225,Animalia,1
2479407,Aves,212,Animalia,1
7810918,Magnoliopsida,220,Plantae,6
3189762,Magnoliopsida,220,Plantae,6
2927230,Magnoliopsida,220,Plantae,6
2702084,Liliopsida,196,Plantae,6
5334351,Magnoliopsida,220,Plantae,6
2988188,Magnoliopsida,220,Plantae,6
5372614,Magnoliopsida,220,Plantae,6
2327735,Polychaeta,256,Animalia,1
5367294,Magnoliopsida,220,Plantae,6
1316908,Insecta,216,Animalia,1
2157203,Arachnida,367,Animalia,1
3034782,Magnoliopsida,220,Plantae,6
2996525,Magnoliopsida,220,Plantae,6
7740617,Magnoliopsida,220,Plantae,6
1997215,Insecta,216,Animalia,1
5189806,Gastropoda,225,Animalia,1
6467647,Maxillopoda,203,Animalia,1
2914590,Magnoliopsida,220,Plantae,6
3114643,Magnoliopsida,220,Plantae,6
2382155,NA,NA,Animalia,1
2437450,Mammalia,359,Animalia,1
2858846,Liliopsida,196,Plantae,6
2443002,Testudines,11418114,Animalia,1
3152816,Magnoliopsida,220,Plantae,6
3117449,Magnoliopsida,220,Plantae,6
5371702,Magnoliopsida,220,Plantae,6
5228229,Aves,212,Animalia,1
7157952,Polypodiopsida,7228684,Plantae,6
10786206,Magnoliopsida,220,Plantae,6
2931104,Magnoliopsida,220,Plantae,6
5567694,Magnoliopsida,220,Plantae,6
3033965,Magnoliopsida,220,Plantae,6
5341497,Magnoliopsida,220,Plantae,6
5304294,Liliopsida,196,Plantae,6
2686212,Pinopsida,194,Plantae,6
2747750,Liliopsida,196,Plantae,6
6718178,Arachnida,367,Animalia,1
8790531,Gastropoda,225,Animalia,1
2767428,Liliopsida,196,Plantae,6
2650827,Polypodiopsida,7228684,Plantae,6
6109637,Liliopsida,196,Plantae,6
2772174,Liliopsida,196,Plantae,6
3189883,Magnoliopsida,220,Plantae,6
2080592,Insecta,216,Animalia,1
7437751,Magnoliopsida,220,Plantae,6
1031400,Insecta,216,Animalia,1
7298987,Magnoliopsida,220,Plantae,6
2964355,Magnoliopsida,220,Plantae,6
9419993,Magnoliopsida,220,Plantae,6
1247584,Insecta,216,Animalia,1
3025617,Magnoliopsida,220,Plantae,6
2164198,Arachnida,367,Animalia,1
2479977,Aves,212,Animalia,1
5329212,Liliopsida,196,Plantae,6
5284884,Pinopsida,194,Plantae,6
2927305,Magnoliopsida,220,Plantae,6
7540164,Gastropoda,225,Animalia,1
5299536,Liliopsida,196,Plantae,6
5414239,Magnoliopsida,220,Plantae,6
2857017,Liliopsida,196,Plantae,6
5289693,Liliopsida,196,Plantae,6
3082244,Magnoliopsida,220,Plantae,6
2891782,Magnoliopsida,220,Plantae,6
2888859,Magnoliopsida,220,Plantae,6
3034393,Magnoliopsida,220,Plantae,6
5365705,Magnoliopsida,220,Plantae,6
5284237,Pinopsida,194,Plantae,6
2481936,Aves,212,Animalia,1
5285565,Pinopsida,194,Plantae,6
2440946,Mammalia,359,Animalia,1
2926042,Magnoliopsida,220,Plantae,6
2516075,Pucciniomycetes,270,Fungi,5
2767275,Liliopsida,196,Plantae,6
3114225,Magnoliopsida,220,Plantae,6
7135755,Magnoliopsida,220,Plantae,6
2883007,Magnoliopsida,220,Plantae,6
2767229,Liliopsida,196,Plantae,6
3024109,Magnoliopsida,220,Plantae,6
7315286,Magnoliopsida,220,Plantae,6
2773281,Liliopsida,196,Plantae,6
1043978,Insecta,216,Animalia,1
5377778,Magnoliopsida,220,Plantae,6
2437619,Mammalia,359,Animalia,1
9078997,Insecta,216,Animalia,1
9606290,Aves,212,Animalia,1
2469188,Squamata,11592253,Animalia,1
5371889,Magnoliopsida,220,Plantae,6
2498408,Aves,212,Animalia,1
2701986,Liliopsida,196,Plantae,6
3171952,Magnoliopsida,220,Plantae,6
2651122,Polypodiopsida,7228684,Plantae,6
5347846,Magnoliopsida,220,Plantae,6
1313740,Insecta,216,Animalia,1
10902460,Magnoliopsida,220,Plantae,6
3033896,Magnoliopsida,220,Plantae,6
9305555,Aves,212,Animalia,1
2427091,Amphibia,131,Animalia,1
2880580,Magnoliopsida,220,Plantae,6
9139578,Insecta,216,Animalia,1
5361785,Magnoliopsida,220,Plantae,6
5374672,Magnoliopsida,220,Plantae,6
5324959,Liliopsida,196,Plantae,6
3027159,Magnoliopsida,220,Plantae,6
5192470,Gastropoda,225,Animalia,1
1309600,Insecta,216,Animalia,1
3054357,Magnoliopsida,220,Plantae,6
8889878,Squamata,11592253,Animalia,1
2925496,Magnoliopsida,220,Plantae,6
3084719,Magnoliopsida,220,Plantae,6
3924221,Magnoliopsida,220,Plantae,6
2498010,Aves,212,Animalia,1
2394486,NA,NA,Animalia,1
2379245,NA,NA,Animalia,1
5203111,NA,NA,Animalia,1
5892120,NA,NA,Animalia,1
2480542,Aves,212,Animalia,1
5341442,Magnoliopsida,220,Plantae,6
5421039,Magnoliopsida,220,Plantae,6
3040185,Magnoliopsida,220,Plantae,6
5285635,Pinopsida,194,Plantae,6
4400961,Insecta,216,Animalia,1
3046929,Magnoliopsida,220,Plantae,6
3083975,Magnoliopsida,220,Plantae,6
7645931,Magnoliopsida,220,Plantae,6
6443709,Magnoliopsida,220,Plantae,6
4409643,NA,NA,Animalia,1
2931237,Magnoliopsida,220,Plantae,6
3189073,Magnoliopsida,220,Plantae,6
10071055,Magnoliopsida,220,Plantae,6
2038171,Insecta,216,Animalia,1
2703760,Liliopsida,196,Plantae,6
2927028,Magnoliopsida,220,Plantae,6
2965531,Magnoliopsida,220,Plantae,6
3026294,Magnoliopsida,220,Plantae,6
3067119,Magnoliopsida,220,Plantae,6
3120692,Magnoliopsida,220,Plantae,6
8193111,Magnoliopsida,220,Plantae,6
9153437,Magnoliopsida,220,Plantae,6
5408087,Magnoliopsida,220,Plantae,6
4427319,Insecta,216,Animalia,1
1622658,Insecta,216,Animalia,1
3935079,Magnoliopsida,220,Plantae,6
3041022,Magnoliopsida,220,Plantae,6
2702727,Liliopsida,196,Plantae,6
7905507,Magnoliopsida,220,Plantae,6
8370958,Magnoliopsida,220,Plantae,6
7156971,Magnoliopsida,220,Plantae,6
3125933,Magnoliopsida,220,Plantae,6
5402363,Magnoliopsida,220,Plantae,6
7844167,Magnoliopsida,220,Plantae,6
2891755,Magnoliopsida,220,Plantae,6
5377378,Magnoliopsida,220,Plantae,6
5388595,Magnoliopsida,220,Plantae,6
7802465,Magnoliopsida,220,Plantae,6
2889373,Magnoliopsida,220,Plantae,6
5304257,Liliopsida,196,Plantae,6
3098912,Magnoliopsida,220,Plantae,6
3664589,Magnoliopsida,220,Plantae,6
5384931,Magnoliopsida,220,Plantae,6
8599762,Insecta,216,Animalia,1
2986111,Magnoliopsida,220,Plantae,6
3026092,Magnoliopsida,220,Plantae,6
5341198,Magnoliopsida,220,Plantae,6
2781074,Liliopsida,196,Plantae,6
5386938,Magnoliopsida,220,Plantae,6
2876607,Magnoliopsida,220,Plantae,6
2705162,Liliopsida,196,Plantae,6
4565140,Gastropoda,225,Animalia,1
4382841,Malacostraca,229,Animalia,1
5361880,Magnoliopsida,220,Plantae,6
3172615,Magnoliopsida,220,Plantae,6
3172347,Magnoliopsida,220,Plantae,6
2766030,Liliopsida,196,Plantae,6
3171948,Magnoliopsida,220,Plantae,6
5384364,Magnoliopsida,220,Plantae,6
3033888,Magnoliopsida,220,Plantae,6
7315072,Magnoliopsida,220,Plantae,6
3001244,Magnoliopsida,220,Plantae,6
3026162,Magnoliopsida,220,Plantae,6
7915783,Magnoliopsida,220,Plantae,6
3064669,Magnoliopsida,220,Plantae,6
7795888,Liliopsida,196,Plantae,6
5189032,Bivalvia,137,Animalia,1
2706056,Liliopsida,196,Plantae,6
5373368,Magnoliopsida,220,Plantae,6
3170823,Magnoliopsida,220,Plantae,6
4086523,Magnoliopsida,220,Plantae,6
6109534,Magnoliopsida,220,Plantae,6
3026334,Magnoliopsida,220,Plantae,6
5387817,Magnoliopsida,220,Plantae,6
3039269,Magnoliopsida,220,Plantae,6
4129181,Liliopsida,196,Plantae,6
5372639,Magnoliopsida,220,Plantae,6
2858581,Liliopsida,196,Plantae,6
2479598,Aves,212,Animalia,1
3039194,Magnoliopsida,220,Plantae,6
8994150,Magnoliopsida,220,Plantae,6
2959443,Magnoliopsida,220,Plantae,6
3040184,Magnoliopsida,220,Plantae,6
8380575,Magnoliopsida,220,Plantae,6
2868827,Liliopsida,196,Plantae,6
5227966,Aves,212,Animalia,1
2037925,Insecta,216,Animalia,1
3034046,Magnoliopsida,220,Plantae,6
5415016,Magnoliopsida,220,Plantae,6
2037991,Insecta,216,Animalia,1
2705378,Liliopsida,196,Plantae,6
2891707,Magnoliopsida,220,Plantae,6
3086240,Magnoliopsida,220,Plantae,6
3188924,Magnoliopsida,220,Plantae,6
2985965,Magnoliopsida,220,Plantae,6
3132570,Magnoliopsida,220,Plantae,6
4362883,Gastropoda,225,Animalia,1
2873926,Magnoliopsida,220,Plantae,6
5289686,Liliopsida,196,Plantae,6
9206251,Magnoliopsida,220,Plantae,6
7560711,Magnoliopsida,220,Plantae,6
10801424,Magnoliopsida,220,Plantae,6
4201688,Magnoliopsida,220,Plantae,6
5217334,Amphibia,131,Animalia,1
5392174,Magnoliopsida,220,Plantae,6
2925895,Magnoliopsida,220,Plantae,6
2995149,Magnoliopsida,220,Plantae,6
2702816,Liliopsida,196,Plantae,6
5415455,Magnoliopsida,220,Plantae,6
2855893,Liliopsida,196,Plantae,6
5229205,Aves,212,Animalia,1
8911082,Magnoliopsida,220,Plantae,6
2974832,Magnoliopsida,220,Plantae,6
5374614,Magnoliopsida,220,Plantae,6
8584304,Magnoliopsida,220,Plantae,6
4483971,Insecta,216,Animalia,1
2932147,Magnoliopsida,220,Plantae,6
8406661,Magnoliopsida,220,Plantae,6
3169340,Magnoliopsida,220,Plantae,6
5356345,Magnoliopsida,220,Plantae,6
2379089,NA,NA,Animalia,1
2974753,Magnoliopsida,220,Plantae,6
2889378,Magnoliopsida,220,Plantae,6
3066179,Magnoliopsida,220,Plantae,6
3189837,Magnoliopsida,220,Plantae,6
2716226,Liliopsida,196,Plantae,6
3034182,Magnoliopsida,220,Plantae,6
3148340,Magnoliopsida,220,Plantae,6
2930262,Magnoliopsida,220,Plantae,6
2888437,Magnoliopsida,220,Plantae,6
2775530,Liliopsida,196,Plantae,6
3610757,Magnoliopsida,220,Plantae,6
5285074,Pinopsida,194,Plantae,6
2965331,Magnoliopsida,220,Plantae,6
5361909,Magnoliopsida,220,Plantae,6
2856920,Liliopsida,196,Plantae,6
2925351,Magnoliopsida,220,Plantae,6
8946295,Malacostraca,229,Animalia,1
2873769,Liliopsida,196,Plantae,6
3039209,Magnoliopsida,220,Plantae,6
3112110,Magnoliopsida,220,Plantae,6
3686235,Magnoliopsida,220,Plantae,6
5420991,Magnoliopsida,220,Plantae,6
2702792,Liliopsida,196,Plantae,6
2888435,Magnoliopsida,220,Plantae,6
8288647,Magnoliopsida,220,Plantae,6
2366634,NA,NA,Animalia,1
3039203,Magnoliopsida,220,Plantae,6
9188840,Magnoliopsida,220,Plantae,6
1852787,Insecta,216,Animalia,1
2892272,Magnoliopsida,220,Plantae,6
2888579,Magnoliopsida,220,Plantae,6
3152614,Magnoliopsida,220,Plantae,6
2128502,Arachnida,367,Animalia,1
2041682,Insecta,216,Animalia,1
7291264,Magnoliopsida,220,Plantae,6
7671397,Magnoliopsida,220,Plantae,6
3033833,Magnoliopsida,220,Plantae,6
3105768,Magnoliopsida,220,Plantae,6
5289917,Liliopsida,196,Plantae,6
2703721,Liliopsida,196,Plantae,6
2337607,NA,NA,Animalia,1
1941864,Insecta,216,Animalia,1
5384334,Magnoliopsida,220,Plantae,6
3797084,Magnoliopsida,220,Plantae,6
1852831,Insecta,216,Animalia,1
3042845,Magnoliopsida,220,Plantae,6
3152583,Magnoliopsida,220,Plantae,6
5289744,Liliopsida,196,Plantae,6
5330001,Liliopsida,196,Plantae,6
5361982,Magnoliopsida,220,Plantae,6
5372392,Magnoliopsida,220,Plantae,6
9185677,Squamata,11592253,Animalia,1
3083761,Magnoliopsida,220,Plantae,6
2706026,Liliopsida,196,Plantae,6
2926992,Magnoliopsida,220,Plantae,6
5384396,Magnoliopsida,220,Plantae,6
5410210,Magnoliopsida,220,Plantae,6
2703723,Liliopsida,196,Plantae,6
8002952,Magnoliopsida,220,Plantae,6
2479798,Aves,212,Animalia,1
5290192,Liliopsida,196,Plantae,6
8741260,Insecta,216,Animalia,1
2888814,Magnoliopsida,220,Plantae,6
1043717,Insecta,216,Animalia,1
1690429,Insecta,216,Animalia,1
2287072,Bivalvia,137,Animalia,1
4486365,Insecta,216,Animalia,1
5671747,Liliopsida,196,Plantae,6
1031394,Insecta,216,Animalia,1
2856204,Liliopsida,196,Plantae,6
2932872,Magnoliopsida,220,Plantae,6
3083680,Magnoliopsida,220,Plantae,6
8373355,Magnoliopsida,220,Plantae,6
2874621,Magnoliopsida,220,Plantae,6
5341784,Magnoliopsida,220,Plantae,6
2705400,Liliopsida,196,Plantae,6
3138327,Magnoliopsida,220,Plantae,6
5341203,Magnoliopsida,220,Plantae,6
8091998,Magnoliopsida,220,Plantae,6
1749449,Insecta,216,Animalia,1
2010226,Insecta,216,Animalia,1
2287073,Bivalvia,137,Animalia,1
2330928,Ascidiacea,356,Animalia,1
4487370,Insecta,216,Animalia,1
4984851,Gymnolaemata,252,Animalia,1
2855860,Liliopsida,196,Plantae,6
3021922,Magnoliopsida,220,Plantae,6
7403263,Magnoliopsida,220,Plantae,6
2174528,Arachnida,367,Animalia,1
2020686,Insecta,216,Animalia,1
2889934,Magnoliopsida,220,Plantae,6
3119175,Magnoliopsida,220,Plantae,6
3172549,Magnoliopsida,220,Plantae,6
5041422,Insecta,216,Animalia,1
2964025,Magnoliopsida,220,Plantae,6
2965354,Magnoliopsida,220,Plantae,6
3048397,Magnoliopsida,220,Plantae,6
4048240,Magnoliopsida,220,Plantae,6
5377064,Magnoliopsida,220,Plantae,6
3042751,Magnoliopsida,220,Plantae,6
5359175,Magnoliopsida,220,Plantae,6
1737131,Insecta,216,Animalia,1
7901652,Magnoliopsida,220,Plantae,6
2890287,Magnoliopsida,220,Plantae,6
3085421,Magnoliopsida,220,Plantae,6
2891774,Magnoliopsida,220,Plantae,6
5584611,Magnoliopsida,220,Plantae,6
3084015,Magnoliopsida,220,Plantae,6
6362904,Magnoliopsida,220,Plantae,6
2480410,Aves,212,Animalia,1
2706188,Liliopsida,196,Plantae,6
2890502,Magnoliopsida,220,Plantae,6
3121226,Magnoliopsida,220,Plantae,6
3064056,Magnoliopsida,220,Plantae,6
2294275,Gastropoda,225,Animalia,1
2726539,Liliopsida,196,Plantae,6
5359510,Magnoliopsida,220,Plantae,6
3121581,Magnoliopsida,220,Plantae,6
3940326,Magnoliopsida,220,Plantae,6
5361889,Magnoliopsida,220,Plantae,6
3146717,Magnoliopsida,220,Plantae,6
5334242,Magnoliopsida,220,Plantae,6
3940423,Magnoliopsida,220,Plantae,6
2928759,Magnoliopsida,220,Plantae,6
4021919,Magnoliopsida,220,Plantae,6
3172118,Magnoliopsida,220,Plantae,6
5362573,Magnoliopsida,220,Plantae,6
5154481,Insecta,216,Animalia,1
2890957,Magnoliopsida,220,Plantae,6
5228034,Aves,212,Animalia,1
2705181,Liliopsida,196,Plantae,6
5373160,Magnoliopsida,220,Plantae,6
5549949,Liliopsida,196,Plantae,6
2889019,Magnoliopsida,220,Plantae,6
1577153,Insecta,216,Animalia,1
5341394,Magnoliopsida,220,Plantae,6
1346919,Insecta,216,Animalia,1
2889037,Magnoliopsida,220,Plantae,6
2927174,Magnoliopsida,220,Plantae,6
5298069,Liliopsida,196,Plantae,6
5384466,Magnoliopsida,220,Plantae,6
2705953,Liliopsida,196,Plantae,6
5341373,Magnoliopsida,220,Plantae,6
2971016,Magnoliopsida,220,Plantae,6
3100968,Magnoliopsida,220,Plantae,6
3110767,Magnoliopsida,220,Plantae,6
3152378,Magnoliopsida,220,Plantae,6
5383936,Magnoliopsida,220,Plantae,6
5384848,Magnoliopsida,220,Plantae,6
6431411,Liliopsida,196,Plantae,6
3112364,Magnoliopsida,220,Plantae,6
1683815,Insecta,216,Animalia,1
5358907,Magnoliopsida,220,Plantae,6
3036892,Magnoliopsida,220,Plantae,6
5420957,Magnoliopsida,220,Plantae,6
8183217,Magnoliopsida,220,Plantae,6
1622599,Insecta,216,Animalia,1
3152372,Magnoliopsida,220,Plantae,6
3026585,Magnoliopsida,220,Plantae,6
5289913,Liliopsida,196,Plantae,6
3033518,Magnoliopsida,220,Plantae,6
5362215,Magnoliopsida,220,Plantae,6
3085357,Magnoliopsida,220,Plantae,6
1719204,Insecta,216,Animalia,1
2705300,Liliopsida,196,Plantae,6
3026024,Magnoliopsida,220,Plantae,6
3026074,Magnoliopsida,220,Plantae,6
4933624,Magnoliopsida,220,Plantae,6
9202318,Magnoliopsida,220,Plantae,6
3053406,Magnoliopsida,220,Plantae,6
5401007,Magnoliopsida,220,Plantae,6
3032611,Magnoliopsida,220,Plantae,6
7303104,Magnoliopsida,220,Plantae,6
3069460,Magnoliopsida,220,Plantae,6
2092040,Insecta,216,Animalia,1
5392145,Magnoliopsida,220,Plantae,6
3602683,Magnoliopsida,220,Plantae,6
5387639,Magnoliopsida,220,Plantae,6
3026040,Magnoliopsida,220,Plantae,6
5384359,Magnoliopsida,220,Plantae,6
5384361,Magnoliopsida,220,Plantae,6
3190551,Magnoliopsida,220,Plantae,6
3101184,Magnoliopsida,220,Plantae,6
3002530,Magnoliopsida,220,Plantae,6
3064221,Magnoliopsida,220,Plantae,6
2888323,Magnoliopsida,220,Plantae,6
5166760,Pycnogonida,354,Animalia,1
5289906,Liliopsida,196,Plantae,6
5568446,Magnoliopsida,220,Plantae,6
3119181,Magnoliopsida,220,Plantae,6
3896282,Magnoliopsida,220,Plantae,6
2882841,Magnoliopsida,220,Plantae,6
3133950,Magnoliopsida,220,Plantae,6
5289998,Liliopsida,196,Plantae,6
2875968,Magnoliopsida,220,Plantae,6
6027089,Magnoliopsida,220,Plantae,6
2882849,Magnoliopsida,220,Plantae,6
5231398,Aves,212,Animalia,1
5353590,Magnoliopsida,220,Plantae,6
5408682,Magnoliopsida,220,Plantae,6
2705144,Liliopsida,196,Plantae,6
2856457,Liliopsida,196,Plantae,6
3039267,Magnoliopsida,220,Plantae,6
2928576,Magnoliopsida,220,Plantae,6
11104870,Insecta,216,Animalia,1
2928859,Magnoliopsida,220,Plantae,6
4125308,Liliopsida,196,Plantae,6
7400250,Magnoliopsida,220,Plantae,6
2929800,Magnoliopsida,220,Plantae,6
3120284,Magnoliopsida,220,Plantae,6
4487799,Insecta,216,Animalia,1
5303040,Liliopsida,196,Plantae,6
4530608,Insecta,216,Animalia,1
2972595,Magnoliopsida,220,Plantae,6
2913169,Magnoliopsida,220,Plantae,6
7636833,Magnoliopsida,220,Plantae,6
2498402,Aves,212,Animalia,1
3169756,Magnoliopsida,220,Plantae,6
4544661,Arachnida,367,Animalia,1
2703740,Liliopsida,196,Plantae,6
2705185,Liliopsida,196,Plantae,6
3067891,Magnoliopsida,220,Plantae,6
5376692,Magnoliopsida,220,Plantae,6
2926055,Magnoliopsida,220,Plantae,6
8052025,Insecta,216,Animalia,1
5389173,Magnoliopsida,220,Plantae,6
8170635,Magnoliopsida,220,Plantae,6
3034646,Magnoliopsida,220,Plantae,6
5365305,Magnoliopsida,220,Plantae,6
2700768,Liliopsida,196,Plantae,6
5392883,Magnoliopsida,220,Plantae,6
3973001,Magnoliopsida,220,Plantae,6
9182765,Magnoliopsida,220,Plantae,6
2984492,Magnoliopsida,220,Plantae,6
2928767,Magnoliopsida,220,Plantae,6
7393329,Magnoliopsida,220,Plantae,6
10933479,Demospongiae,199,Animalia,1
4985072,Gymnolaemata,252,Animalia,1
2928034,Magnoliopsida,220,Plantae,6
3139003,Magnoliopsida,220,Plantae,6
8168344,Magnoliopsida,220,Plantae,6
8537667,Magnoliopsida,220,Plantae,6
7738766,Liliopsida,196,Plantae,6
3022203,Magnoliopsida,220,Plantae,6
2926572,Magnoliopsida,220,Plantae,6
5359660,Magnoliopsida,220,Plantae,6
2765272,Liliopsida,196,Plantae,6
2858963,Liliopsida,196,Plantae,6
2926048,Magnoliopsida,220,Plantae,6
3039046,Magnoliopsida,220,Plantae,6
7346102,Magnoliopsida,220,Plantae,6
3169713,Magnoliopsida,220,Plantae,6
5358266,Magnoliopsida,220,Plantae,6
9520065,Gastropoda,225,Animalia,1
2331498,Ascidiacea,356,Animalia,1
5422556,Phaeophyceae,7073593,Chromista,4
3021955,Magnoliopsida,220,Plantae,6
2705339,Liliopsida,196,Plantae,6
3020838,Magnoliopsida,220,Plantae,6
3089150,Magnoliopsida,220,Plantae,6
5420978,Magnoliopsida,220,Plantae,6
6391417,Magnoliopsida,220,Plantae,6
2986129,Magnoliopsida,220,Plantae,6
5391845,Magnoliopsida,220,Plantae,6
5396125,Magnoliopsida,220,Plantae,6
5362136,Magnoliopsida,220,Plantae,6
5391928,Magnoliopsida,220,Plantae,6
2000152,Insecta,216,Animalia,1
5227775,Aves,212,Animalia,1
2925527,Magnoliopsida,220,Plantae,6
2985995,Magnoliopsida,220,Plantae,6
2220312,Malacostraca,229,Animalia,1
2220347,Malacostraca,229,Animalia,1
3152377,Magnoliopsida,220,Plantae,6
7172720,Magnoliopsida,220,Plantae,6
2932184,Magnoliopsida,220,Plantae,6
2651843,Polypodiopsida,7228684,Plantae,6
3164340,Magnoliopsida,220,Plantae,6
2703670,Liliopsida,196,Plantae,6
4038485,Magnoliopsida,220,Plantae,6
1873890,Insecta,216,Animalia,1
3083702,Magnoliopsida,220,Plantae,6
3128962,Magnoliopsida,220,Plantae,6
2891783,Magnoliopsida,220,Plantae,6
2928666,Magnoliopsida,220,Plantae,6
7733140,Magnoliopsida,220,Plantae,6
4102952,Magnoliopsida,220,Plantae,6
2873991,Magnoliopsida,220,Plantae,6
5411392,Magnoliopsida,220,Plantae,6
2986132,Magnoliopsida,220,Plantae,6
3121562,Magnoliopsida,220,Plantae,6
2925756,Magnoliopsida,220,Plantae,6
3083888,Magnoliopsida,220,Plantae,6
9073641,Magnoliopsida,220,Plantae,6
5421180,Magnoliopsida,220,Plantae,6
2929505,Magnoliopsida,220,Plantae,6
3000679,Magnoliopsida,220,Plantae,6
2869597,Liliopsida,196,Plantae,6
5289503,Liliopsida,196,Plantae,6
5373124,Magnoliopsida,220,Plantae,6
3105508,Magnoliopsida,220,Plantae,6
5221528,Squamata,11592253,Animalia,1
5806954,Insecta,216,Animalia,1
5289666,Liliopsida,196,Plantae,6
3883959,Magnoliopsida,220,Plantae,6
2856681,Liliopsida,196,Plantae,6
2688189,Lycopodiopsida,245,Plantae,6
2928026,Magnoliopsida,220,Plantae,6
5384458,Magnoliopsida,220,Plantae,6
3083647,Magnoliopsida,220,Plantae,6
8699607,Ustilaginomycetes,148,Fungi,5
5332305,Magnoliopsida,220,Plantae,6
2928238,Magnoliopsida,220,Plantae,6
2889088,Magnoliopsida,220,Plantae,6
2870583,Liliopsida,196,Plantae,6
2889304,Magnoliopsida,220,Plantae,6
2440196,Mammalia,359,Animalia,1
2867631,Liliopsida,196,Plantae,6
3098951,Magnoliopsida,220,Plantae,6
2856780,Liliopsida,196,Plantae,6
2706209,Liliopsida,196,Plantae,6
8091002,Magnoliopsida,220,Plantae,6
1751299,Insecta,216,Animalia,1
5851603,NA,NA,Animalia,1
2498155,Aves,212,Animalia,1
2986184,Magnoliopsida,220,Plantae,6
5228080,Aves,212,Animalia,1
1411953,Insecta,216,Animalia,1
3152560,Magnoliopsida,220,Plantae,6
3040254,Magnoliopsida,220,Plantae,6
4488821,Insecta,216,Animalia,1
8149049,Magnoliopsida,220,Plantae,6
3046875,Magnoliopsida,220,Plantae,6
5289752,Liliopsida,196,Plantae,6
9040863,Magnoliopsida,220,Plantae,6
8969026,Magnoliopsida,220,Plantae,6
6035638,Magnoliopsida,220,Plantae,6
2889023,Magnoliopsida,220,Plantae,6
2704949,Liliopsida,196,Plantae,6
2455615,Squamata,11592253,Animalia,1
1713034,Insecta,216,Animalia,1
4124881,Liliopsida,196,Plantae,6
2020779,Insecta,216,Animalia,1
2722515,Liliopsida,196,Plantae,6
2705295,Liliopsida,196,Plantae,6
5568339,Magnoliopsida,220,Plantae,6
2498163,Aves,212,Animalia,1
5930559,Magnoliopsida,220,Plantae,6
3032653,Magnoliopsida,220,Plantae,6
3042925,Magnoliopsida,220,Plantae,6
5676646,Liliopsida,196,Plantae,6
2705966,Liliopsida,196,Plantae,6
3666776,Magnoliopsida,220,Plantae,6
4990176,Insecta,216,Animalia,1
7627205,Magnoliopsida,220,Plantae,6
4133390,Liliopsida,196,Plantae,6
2855338,Liliopsida,196,Plantae,6
5334527,Magnoliopsida,220,Plantae,6
5300716,Liliopsida,196,Plantae,6
7350989,Magnoliopsida,220,Plantae,6
5341387,Magnoliopsida,220,Plantae,6
2927850,Magnoliopsida,220,Plantae,6
5341187,Magnoliopsida,220,Plantae,6
2888978,Magnoliopsida,220,Plantae,6
2891677,Magnoliopsida,220,Plantae,6
2985863,Magnoliopsida,220,Plantae,6
2703698,Liliopsida,196,Plantae,6
2474936,Aves,212,Animalia,1
2176858,Arachnida,367,Animalia,1
3138230,Magnoliopsida,220,Plantae,6
5355395,Magnoliopsida,220,Plantae,6
5328909,Liliopsida,196,Plantae,6
3129010,Magnoliopsida,220,Plantae,6
5561475,Magnoliopsida,220,Plantae,6
7307327,Magnoliopsida,220,Plantae,6
7322529,Magnoliopsida,220,Plantae,6
5341558,Magnoliopsida,220,Plantae,6
2865526,Liliopsida,196,Plantae,6
2985994,Magnoliopsida,220,Plantae,6
5361944,Magnoliopsida,220,Plantae,6
3025896,Magnoliopsida,220,Plantae,6
2077985,Insecta,216,Animalia,1
3112361,Magnoliopsida,220,Plantae,6
2928538,Magnoliopsida,220,Plantae,6
7162908,Magnoliopsida,220,Plantae,6
4845776,Aves,212,Animalia,1
5372875,Magnoliopsida,220,Plantae,6
2537743,Agaricomycetes,186,Fungi,5
5284827,Pinopsida,194,Plantae,6
5298126,Liliopsida,196,Plantae,6
6476704,NA,NA,Animalia,1
2874515,Magnoliopsida,220,Plantae,6
5359249,Magnoliopsida,220,Plantae,6
6109611,Magnoliopsida,220,Plantae,6
2876049,Magnoliopsida,220,Plantae,6
4259350,Magnoliopsida,220,Plantae,6
2865565,Liliopsida,196,Plantae,6
3026402,Magnoliopsida,220,Plantae,6
3814157,Magnoliopsida,220,Plantae,6
2479311,Aves,212,Animalia,1
3101193,Magnoliopsida,220,Plantae,6
2888806,Magnoliopsida,220,Plantae,6
3141890,Magnoliopsida,220,Plantae,6
5290052,Liliopsida,196,Plantae,6
2927000,Magnoliopsida,220,Plantae,6
2858501,Liliopsida,196,Plantae,6
5391599,Magnoliopsida,220,Plantae,6
3152861,Magnoliopsida,220,Plantae,6
7903764,Magnoliopsida,220,Plantae,6
7730307,Magnoliopsida,220,Plantae,6
3892732,Magnoliopsida,220,Plantae,6
7313595,Magnoliopsida,220,Plantae,6
7322292,Magnoliopsida,220,Plantae,6
3015457,Magnoliopsida,220,Plantae,6
3034915,Magnoliopsida,220,Plantae,6
9018536,Magnoliopsida,220,Plantae,6
3085412,Magnoliopsida,220,Plantae,6
5370380,Magnoliopsida,220,Plantae,6
7443846,Magnoliopsida,220,Plantae,6
3927746,Magnoliopsida,220,Plantae,6
8255921,Insecta,216,Animalia,1
2869311,Liliopsida,196,Plantae,6
5383969,Magnoliopsida,220,Plantae,6
8362005,Liliopsida,196,Plantae,6
3134867,Magnoliopsida,220,Plantae,6
3172206,Magnoliopsida,220,Plantae,6
2930805,Magnoliopsida,220,Plantae,6
2486132,Aves,212,Animalia,1
5384390,Magnoliopsida,220,Plantae,6
2890739,Magnoliopsida,220,Plantae,6
2994912,Magnoliopsida,220,Plantae,6
7334368,Magnoliopsida,220,Plantae,6
1651430,Insecta,216,Animalia,1
3756650,Magnoliopsida,220,Plantae,6
2888636,Magnoliopsida,220,Plantae,6
8909809,Testudines,11418114,Animalia,1
3741446,Magnoliopsida,220,Plantae,6
5360475,Magnoliopsida,220,Plantae,6
2932944,Magnoliopsida,220,Plantae,6
2986045,Magnoliopsida,220,Plantae,6
5358265,Magnoliopsida,220,Plantae,6
7358948,Insecta,216,Animalia,1
2479544,Aves,212,Animalia,1
3103082,Magnoliopsida,220,Plantae,6
5407810,Magnoliopsida,220,Plantae,6
2765156,Liliopsida,196,Plantae,6
4142326,Liliopsida,196,Plantae,6
2651826,Polypodiopsida,7228684,Plantae,6
5357407,Magnoliopsida,220,Plantae,6
3054117,Magnoliopsida,220,Plantae,6
5362004,Magnoliopsida,220,Plantae,6
3711564,Magnoliopsida,220,Plantae,6
2203165,Malacostraca,229,Animalia,1
2209044,Malacostraca,229,Animalia,1
6376340,Magnoliopsida,220,Plantae,6
3172059,Magnoliopsida,220,Plantae,6
3190382,Magnoliopsida,220,Plantae,6
5229044,Aves,212,Animalia,1
7619206,Magnoliopsida,220,Plantae,6
3114229,Magnoliopsida,220,Plantae,6
5411453,Magnoliopsida,220,Plantae,6
3138192,Magnoliopsida,220,Plantae,6
2925366,Magnoliopsida,220,Plantae,6
1095946,Insecta,216,Animalia,1
2687885,Ginkgoopsida,244,Plantae,6
5587011,Magnoliopsida,220,Plantae,6
2495494,Aves,212,Animalia,1
3089146,Magnoliopsida,220,Plantae,6
5410826,Magnoliopsida,220,Plantae,6
3046736,Magnoliopsida,220,Plantae,6
5396474,Magnoliopsida,220,Plantae,6
3103180,Magnoliopsida,220,Plantae,6
5289783,Liliopsida,196,Plantae,6
8335191,Liliopsida,196,Plantae,6
2913219,Magnoliopsida,220,Plantae,6
5415453,Magnoliopsida,220,Plantae,6
5530881,Magnoliopsida,220,Plantae,6
4926336,Magnoliopsida,220,Plantae,6
5617467,Magnoliopsida,220,Plantae,6
5661914,Magnoliopsida,220,Plantae,6
1722140,Insecta,216,Animalia,1
2705369,Liliopsida,196,Plantae,6
2705393,Liliopsida,196,Plantae,6
2706052,Liliopsida,196,Plantae,6
2706218,Liliopsida,196,Plantae,6
2856037,Liliopsida,196,Plantae,6
3033396,Magnoliopsida,220,Plantae,6
3042416,Magnoliopsida,220,Plantae,6
3047811,Magnoliopsida,220,Plantae,6
3048166,Magnoliopsida,220,Plantae,6
3633319,Magnoliopsida,220,Plantae,6
3933415,Magnoliopsida,220,Plantae,6
5289758,Liliopsida,196,Plantae,6
5375547,Magnoliopsida,220,Plantae,6
5390636,Magnoliopsida,220,Plantae,6
10852031,Magnoliopsida,220,Plantae,6
2890013,Magnoliopsida,220,Plantae,6
3083903,Magnoliopsida,220,Plantae,6
5360402,Magnoliopsida,220,Plantae,6
5568428,Magnoliopsida,220,Plantae,6
3084700,Magnoliopsida,220,Plantae,6
3034681,Magnoliopsida,220,Plantae,6
2929710,Magnoliopsida,220,Plantae,6
3102823,Magnoliopsida,220,Plantae,6
2441905,Testudines,11418114,Animalia,1
5401760,Magnoliopsida,220,Plantae,6
7331874,Magnoliopsida,220,Plantae,6
3935421,Magnoliopsida,220,Plantae,6
4088624,Magnoliopsida,220,Plantae,6
2890972,Magnoliopsida,220,Plantae,6
8237223,Magnoliopsida,220,Plantae,6
5341112,Magnoliopsida,220,Plantae,6
5376326,Magnoliopsida,220,Plantae,6
2516137,Pucciniomycetes,270,Fungi,5
8287616,Magnoliopsida,220,Plantae,6
5296432,Liliopsida,196,Plantae,6
11055820,Liliopsida,196,Plantae,6
8429167,Magnoliopsida,220,Plantae,6
1323402,Insecta,216,Animalia,1
2162537,Arachnida,367,Animalia,1
1722299,Insecta,216,Animalia,1
5415009,Magnoliopsida,220,Plantae,6
5409120,Magnoliopsida,220,Plantae,6
2684178,Pinopsida,194,Plantae,6
5403743,Magnoliopsida,220,Plantae,6
3631129,Magnoliopsida,220,Plantae,6
5284698,Pinopsida,194,Plantae,6
2440954,Mammalia,359,Animalia,1
3046092,Magnoliopsida,220,Plantae,6
2888622,Magnoliopsida,220,Plantae,6
5284950,Pinopsida,194,Plantae,6
3171302,Magnoliopsida,220,Plantae,6
5959231,Aves,212,Animalia,1
2498090,Aves,212,Animalia,1
5828216,Liliopsida,196,Plantae,6
5392859,Magnoliopsida,220,Plantae,6
2053954,Insecta,216,Animalia,1
2985964,Magnoliopsida,220,Plantae,6
2726360,Liliopsida,196,Plantae,6
4309705,Malacostraca,229,Animalia,1
3189882,Magnoliopsida,220,Plantae,6
2764179,Liliopsida,196,Plantae,6
7325877,Magnoliopsida,220,Plantae,6
5384950,Magnoliopsida,220,Plantae,6
5204019,NA,NA,Animalia,1
5411408,Magnoliopsida,220,Plantae,6
5530829,Magnoliopsida,220,Plantae,6
7749287,Magnoliopsida,220,Plantae,6
5356514,Magnoliopsida,220,Plantae,6
5392683,Magnoliopsida,220,Plantae,6
2703346,Liliopsida,196,Plantae,6
2227289,Malacostraca,229,Animalia,1
7989836,Magnoliopsida,220,Plantae,6
2227663,Malacostraca,229,Animalia,1
5229204,Aves,212,Animalia,1
8408816,Liliopsida,196,Plantae,6
1873051,Insecta,216,Animalia,1
5232445,Aves,212,Animalia,1
5384773,Magnoliopsida,220,Plantae,6
2984532,Magnoliopsida,220,Plantae,6
7894250,Magnoliopsida,220,Plantae,6
3128225,Magnoliopsida,220,Plantae,6
9080185,Magnoliopsida,220,Plantae,6
2362030,NA,NA,Animalia,1
7461690,Pucciniomycetes,270,Fungi,5
5660450,Magnoliopsida,220,Plantae,6
2479686,Aves,212,Animalia,1
1998599,Insecta,216,Animalia,1
3151618,Magnoliopsida,220,Plantae,6
2226990,Malacostraca,229,Animalia,1
5289698,Liliopsida,196,Plantae,6
3150935,Magnoliopsida,220,Plantae,6
3069053,Magnoliopsida,220,Plantae,6
3144603,Magnoliopsida,220,Plantae,6
2927744,Magnoliopsida,220,Plantae,6
3033543,Magnoliopsida,220,Plantae,6
2490384,Aves,212,Animalia,1
2974811,Magnoliopsida,220,Plantae,6
3133887,Magnoliopsida,220,Plantae,6
2479308,Aves,212,Animalia,1
2926995,Magnoliopsida,220,Plantae,6
3140436,Magnoliopsida,220,Plantae,6
9496048,Aves,212,Animalia,1
2705081,Liliopsida,196,Plantae,6
6100962,Aves,212,Animalia,1
3042086,Magnoliopsida,220,Plantae,6
3092576,Magnoliopsida,220,Plantae,6
1523628,Insecta,216,Animalia,1
3131367,Magnoliopsida,220,Plantae,6
5371746,Magnoliopsida,220,Plantae,6
7433196,Magnoliopsida,220,Plantae,6
8993502,Magnoliopsida,220,Plantae,6
2684984,Pinopsida,194,Plantae,6
2882443,Magnoliopsida,220,Plantae,6
3678256,Magnoliopsida,220,Plantae,6
3756077,Magnoliopsida,220,Plantae,6
5384395,Magnoliopsida,220,Plantae,6
7427542,Insecta,216,Animalia,1
2857697,Liliopsida,196,Plantae,6
5371709,Magnoliopsida,220,Plantae,6
5375012,Magnoliopsida,220,Plantae,6
7889822,Magnoliopsida,220,Plantae,6
2747939,Liliopsida,196,Plantae,6
3121258,Magnoliopsida,220,Plantae,6
3127727,Magnoliopsida,220,Plantae,6
2481110,Aves,212,Animalia,1
4565134,Gastropoda,225,Animalia,1
1652212,Insecta,216,Animalia,1
2684191,Pinopsida,194,Plantae,6
2928761,Magnoliopsida,220,Plantae,6
3034871,Magnoliopsida,220,Plantae,6
9393876,Liliopsida,196,Plantae,6
5669632,Magnoliopsida,220,Plantae,6
7319302,Polypodiopsida,7228684,Plantae,6
2888564,Magnoliopsida,220,Plantae,6
2703712,Liliopsida,196,Plantae,6
2874570,Magnoliopsida,220,Plantae,6
4201695,Magnoliopsida,220,Plantae,6
2718387,Liliopsida,196,Plantae,6
5380041,Magnoliopsida,220,Plantae,6
3088488,Magnoliopsida,220,Plantae,6
5372647,Magnoliopsida,220,Plantae,6
2224970,Malacostraca,229,Animalia,1
2963569,Magnoliopsida,220,Plantae,6
2865448,Liliopsida,196,Plantae,6
7158449,Polypodiopsida,7228684,Plantae,6
2498094,Aves,212,Animalia,1
3189828,Magnoliopsida,220,Plantae,6
2928905,Magnoliopsida,220,Plantae,6
8021567,Magnoliopsida,220,Plantae,6
2873877,Magnoliopsida,220,Plantae,6
3046851,Magnoliopsida,220,Plantae,6
2857449,Liliopsida,196,Plantae,6
2985963,Magnoliopsida,220,Plantae,6
2202641,Malacostraca,229,Animalia,1
2502810,NA,NA,Animalia,1
2502938,NA,NA,Animalia,1
2651816,Polypodiopsida,7228684,Plantae,6
3729273,Magnoliopsida,220,Plantae,6
1014565,Diplopoda,361,Animalia,1
3067054,Magnoliopsida,220,Plantae,6
3188875,Magnoliopsida,220,Plantae,6
4497054,Insecta,216,Animalia,1
3922888,Magnoliopsida,220,Plantae,6
9583342,Aves,212,Animalia,1
5296178,Liliopsida,196,Plantae,6
2686157,Pinopsida,194,Plantae,6
2772082,Liliopsida,196,Plantae,6
2891664,Magnoliopsida,220,Plantae,6
8332019,Liliopsida,196,Plantae,6
5289912,Liliopsida,196,Plantae,6
3032442,Magnoliopsida,220,Plantae,6
7818643,Magnoliopsida,220,Plantae,6
2874508,Magnoliopsida,220,Plantae,6
2888797,Magnoliopsida,220,Plantae,6
9376410,Magnoliopsida,220,Plantae,6
5341540,Magnoliopsida,220,Plantae,6
1276876,Insecta,216,Animalia,1
5358694,Magnoliopsida,220,Plantae,6
3642531,Magnoliopsida,220,Plantae,6
2204831,Malacostraca,229,Animalia,1
8153538,Magnoliopsida,220,Plantae,6
5421116,Magnoliopsida,220,Plantae,6
2706406,Liliopsida,196,Plantae,6
4055853,Magnoliopsida,220,Plantae,6
3103158,Magnoliopsida,220,Plantae,6
3138195,Magnoliopsida,220,Plantae,6
3190522,Magnoliopsida,220,Plantae,6
2926885,Magnoliopsida,220,Plantae,6
2769069,Liliopsida,196,Plantae,6
3133938,Magnoliopsida,220,Plantae,6
7344766,Magnoliopsida,220,Plantae,6
2928809,Magnoliopsida,220,Plantae,6
5372827,Magnoliopsida,220,Plantae,6
5232428,Aves,212,Animalia,1
5377395,Magnoliopsida,220,Plantae,6
9254355,Magnoliopsida,220,Plantae,6
5538946,Magnoliopsida,220,Plantae,6
11064584,Magnoliopsida,220,Plantae,6
2705031,Liliopsida,196,Plantae,6
2855823,Liliopsida,196,Plantae,6
3151558,Magnoliopsida,220,Plantae,6
3189497,Magnoliopsida,220,Plantae,6
2927004,Magnoliopsida,220,Plantae,6
5298406,Liliopsida,196,Plantae,6
5377303,Magnoliopsida,220,Plantae,6
8848208,Magnoliopsida,220,Plantae,6
3169331,Magnoliopsida,220,Plantae,6
5290242,Liliopsida,196,Plantae,6
5682465,Magnoliopsida,220,Plantae,6
7695021,Magnoliopsida,220,Plantae,6
2926884,Magnoliopsida,220,Plantae,6
3111754,Magnoliopsida,220,Plantae,6
2888816,Magnoliopsida,220,Plantae,6
9673106,Magnoliopsida,220,Plantae,6
2702793,Liliopsida,196,Plantae,6
3170247,Magnoliopsida,220,Plantae,6
9529916,Amphibia,131,Animalia,1
2747718,Liliopsida,196,Plantae,6
5153082,Insecta,216,Animalia,1
4990175,Insecta,216,Animalia,1
5371605,Magnoliopsida,220,Plantae,6
2705420,Liliopsida,196,Plantae,6
3056384,Magnoliopsida,220,Plantae,6
2704038,Liliopsida,196,Plantae,6
2498097,Aves,212,Animalia,1
3171888,Magnoliopsida,220,Plantae,6
9508460,Aves,212,Animalia,1
2650903,Polypodiopsida,7228684,Plantae,6
6109699,Liliopsida,196,Plantae,6
4123912,Liliopsida,196,Plantae,6
4205640,Magnoliopsida,220,Plantae,6
5177089,Malacostraca,229,Animalia,1
6410563,Magnoliopsida,220,Plantae,6
2705955,Liliopsida,196,Plantae,6
5374922,Magnoliopsida,220,Plantae,6
5304187,Liliopsida,196,Plantae,6
3048532,Magnoliopsida,220,Plantae,6
2362881,NA,NA,Animalia,1
5330085,Liliopsida,196,Plantae,6
5395475,Magnoliopsida,220,Plantae,6
5383971,Magnoliopsida,220,Plantae,6
7339396,Magnoliopsida,220,Plantae,6
3169120,Magnoliopsida,220,Plantae,6
2888943,Magnoliopsida,220,Plantae,6
7882289,Insecta,216,Animalia,1
3988701,Magnoliopsida,220,Plantae,6
5414545,Magnoliopsida,220,Plantae,6
2703077,Liliopsida,196,Plantae,6
5350452,Magnoliopsida,220,Plantae,6
5356541,Magnoliopsida,220,Plantae,6
2840931,Liliopsida,196,Plantae,6
5329038,Liliopsida,196,Plantae,6
2726538,Liliopsida,196,Plantae,6
5332120,Magnoliopsida,220,Plantae,6
3123663,Magnoliopsida,220,Plantae,6
3171304,Magnoliopsida,220,Plantae,6
2928979,Magnoliopsida,220,Plantae,6
5334194,Magnoliopsida,220,Plantae,6
3118526,Magnoliopsida,220,Plantae,6
5289643,Liliopsida,196,Plantae,6
3029912,Magnoliopsida,220,Plantae,6
9177060,Liliopsida,196,Plantae,6
2705972,Liliopsida,196,Plantae,6
3133446,Magnoliopsida,220,Plantae,6
3083920,Magnoliopsida,220,Plantae,6
1932752,Insecta,216,Animalia,1
3190411,Magnoliopsida,220,Plantae,6
7267630,Magnoliopsida,220,Plantae,6
5371772,Magnoliopsida,220,Plantae,6
3034002,Magnoliopsida,220,Plantae,6
4046493,Polypodiopsida,7228684,Plantae,6
2498065,Aves,212,Animalia,1
2516117,Pucciniomycetes,270,Fungi,5
3172348,Magnoliopsida,220,Plantae,6
2716838,Liliopsida,196,Plantae,6
2049296,Insecta,216,Animalia,1
5376309,Magnoliopsida,220,Plantae,6
5533814,Magnoliopsida,220,Plantae,6
1885213,Insecta,216,Animalia,1
5331238,Magnoliopsida,220,Plantae,6
6161327,Squamata,11592253,Animalia,1
8288930,Magnoliopsida,220,Plantae,6
2498335,Aves,212,Animalia,1
2498393,Aves,212,Animalia,1
4033335,Magnoliopsida,220,Plantae,6
5232432,Aves,212,Animalia,1
5361841,Magnoliopsida,220,Plantae,6
5414551,Magnoliopsida,220,Plantae,6
7291643,Magnoliopsida,220,Plantae,6
1031742,Insecta,216,Animalia,1
2888553,Magnoliopsida,220,Plantae,6
3050364,Magnoliopsida,220,Plantae,6
5406735,Magnoliopsida,220,Plantae,6
2049512,Insecta,216,Animalia,1
2728060,Liliopsida,196,Plantae,6
2865524,Liliopsida,196,Plantae,6
2704394,Liliopsida,196,Plantae,6
5220435,Testudines,11418114,Animalia,1
4286942,NA,NA,Animalia,1
2984306,Magnoliopsida,220,Plantae,6
5774728,Arachnida,367,Animalia,1
3129064,Magnoliopsida,220,Plantae,6
3054352,Magnoliopsida,220,Plantae,6
4559541,Bivalvia,137,Animalia,1
2888706,Magnoliopsida,220,Plantae,6
2475648,Aves,212,Animalia,1
2882753,Magnoliopsida,220,Plantae,6
4121791,Liliopsida,196,Plantae,6
2985986,Magnoliopsida,220,Plantae,6
4497124,Insecta,216,Animalia,1
5414550,Magnoliopsida,220,Plantae,6
2064632,Insecta,216,Animalia,1
3152521,Magnoliopsida,220,Plantae,6
1421105,Insecta,216,Animalia,1
6027176,Magnoliopsida,220,Plantae,6
2479498,Aves,212,Animalia,1
8265082,Insecta,216,Animalia,1
4427283,Insecta,216,Animalia,1
7699567,Leotiomycetes,179,Fungi,5
2926066,Magnoliopsida,220,Plantae,6
4487598,Insecta,216,Animalia,1
5584240,Magnoliopsida,220,Plantae,6
6374790,Magnoliopsida,220,Plantae,6
2047706,Insecta,216,Animalia,1
2340989,NA,NA,Animalia,1
4565061,Gastropoda,225,Animalia,1
5414991,Magnoliopsida,220,Plantae,6
4401285,Insecta,216,Animalia,1
5298675,Liliopsida,196,Plantae,6
5371699,Magnoliopsida,220,Plantae,6
5363627,Magnoliopsida,220,Plantae,6
3128888,Magnoliopsida,220,Plantae,6
3172613,Magnoliopsida,220,Plantae,6
6300805,Magnoliopsida,220,Plantae,6
6409706,Magnoliopsida,220,Plantae,6
2493618,Aves,212,Animalia,1
4938160,Magnoliopsida,220,Plantae,6
5189713,Gastropoda,225,Animalia,1
2890651,Magnoliopsida,220,Plantae,6
3088481,Magnoliopsida,220,Plantae,6
2925816,Magnoliopsida,220,Plantae,6
2773453,Liliopsida,196,Plantae,6
2720171,Liliopsida,196,Plantae,6
5392083,Magnoliopsida,220,Plantae,6
6363863,Magnoliopsida,220,Plantae,6
5228033,Aves,212,Animalia,1
5356704,Magnoliopsida,220,Plantae,6
6376216,Magnoliopsida,220,Plantae,6
4034001,Magnoliopsida,220,Plantae,6
8400045,Magnoliopsida,220,Plantae,6
5299675,Liliopsida,196,Plantae,6
7790614,Magnoliopsida,220,Plantae,6
5376565,Magnoliopsida,220,Plantae,6
3973636,Magnoliopsida,220,Plantae,6
5361762,Magnoliopsida,220,Plantae,6
4496869,Insecta,216,Animalia,1
7309012,Magnoliopsida,220,Plantae,6
2855825,Liliopsida,196,Plantae,6
2685552,Pinopsida,194,Plantae,6
2988354,Magnoliopsida,220,Plantae,6
5334227,Magnoliopsida,220,Plantae,6
5220170,Mammalia,359,Animalia,1
5328593,Liliopsida,196,Plantae,6
12187916,Magnoliopsida,220,Plantae,6
5152543,Insecta,216,Animalia,1
2458538,Squamata,11592253,Animalia,1
9350124,Squamata,11592253,Animalia,1
2753146,Liliopsida,196,Plantae,6
5295375,Liliopsida,196,Plantae,6
3147815,Magnoliopsida,220,Plantae,6
2294284,Gastropoda,225,Animalia,1
5329263,Liliopsida,196,Plantae,6
2805420,Liliopsida,196,Plantae,6
7958783,Magnoliopsida,220,Plantae,6
2465380,Squamata,11592253,Animalia,1
2888867,Magnoliopsida,220,Plantae,6
5341797,Magnoliopsida,220,Plantae,6
1866356,Insecta,216,Animalia,1
5403272,Magnoliopsida,220,Plantae,6
3118254,Magnoliopsida,220,Plantae,6
2963817,Magnoliopsida,220,Plantae,6
2720120,Liliopsida,196,Plantae,6
7855120,Magnoliopsida,220,Plantae,6
3082279,Magnoliopsida,220,Plantae,6
5371753,Magnoliopsida,220,Plantae,6
5354707,Magnoliopsida,220,Plantae,6
4484009,Insecta,216,Animalia,1
1652150,Insecta,216,Animalia,1
2882631,Magnoliopsida,220,Plantae,6
2219863,Malacostraca,229,Animalia,1
2205951,Malacostraca,229,Animalia,1
2928755,Magnoliopsida,220,Plantae,6
9022569,Squamata,11592253,Animalia,1
3921611,Magnoliopsida,220,Plantae,6
2717467,Liliopsida,196,Plantae,6
2295425,Gastropoda,225,Animalia,1
1998083,Insecta,216,Animalia,1
2598552,Dothideomycetes,183,Fungi,5
3136320,Magnoliopsida,220,Plantae,6
3083488,Magnoliopsida,220,Plantae,6
2684120,Pinopsida,194,Plantae,6
5290144,Liliopsida,196,Plantae,6
5298908,Liliopsida,196,Plantae,6
2873995,Magnoliopsida,220,Plantae,6
2927727,Magnoliopsida,220,Plantae,6
11007246,Magnoliopsida,220,Plantae,6
4470640,Insecta,216,Animalia,1
2007665,Insecta,216,Animalia,1
9776414,Insecta,216,Animalia,1
3754353,Magnoliopsida,220,Plantae,6
5690287,Magnoliopsida,220,Plantae,6
1995681,Insecta,216,Animalia,1
7987143,Insecta,216,Animalia,1
6063730,Magnoliopsida,220,Plantae,6
3120024,Magnoliopsida,220,Plantae,6
3052450,Magnoliopsida,220,Plantae,6
4939668,Magnoliopsida,220,Plantae,6
3189843,Magnoliopsida,220,Plantae,6
4293134,Insecta,216,Animalia,1
3089154,Magnoliopsida,220,Plantae,6
5569367,Magnoliopsida,220,Plantae,6
2868796,Liliopsida,196,Plantae,6
7681436,Magnoliopsida,220,Plantae,6
2701118,Liliopsida,196,Plantae,6
2943190,Magnoliopsida,220,Plantae,6
4285968,NA,NA,Animalia,1
2498329,Aves,212,Animalia,1
2965419,Magnoliopsida,220,Plantae,6
8338793,Magnoliopsida,220,Plantae,6
2965221,Magnoliopsida,220,Plantae,6
2702822,Liliopsida,196,Plantae,6
2705325,Liliopsida,196,Plantae,6
3088623,Magnoliopsida,220,Plantae,6
3170040,Magnoliopsida,220,Plantae,6
7270381,Magnoliopsida,220,Plantae,6
2888946,Magnoliopsida,220,Plantae,6
3188735,Magnoliopsida,220,Plantae,6
6436603,Magnoliopsida,220,Plantae,6
5285385,Pinopsida,194,Plantae,6
2928774,Magnoliopsida,220,Plantae,6
2701578,Liliopsida,196,Plantae,6
2701879,Liliopsida,196,Plantae,6
3039270,Magnoliopsida,220,Plantae,6
6132234,Insecta,216,Animalia,1
5392243,Magnoliopsida,220,Plantae,6
3040232,Magnoliopsida,220,Plantae,6
1873903,Insecta,216,Animalia,1
2515351,Pucciniomycetes,270,Fungi,5
2747489,Liliopsida,196,Plantae,6
3022668,Magnoliopsida,220,Plantae,6
2480446,Aves,212,Animalia,1
2474416,Aves,212,Animalia,1
5701337,Magnoliopsida,220,Plantae,6
2480764,Aves,212,Animalia,1
2971024,Magnoliopsida,220,Plantae,6
5232422,Aves,212,Animalia,1
2527401,Agaricomycetes,186,Fungi,5
9551728,Insecta,216,Animalia,1
2714656,Liliopsida,196,Plantae,6
3082297,Magnoliopsida,220,Plantae,6
3026049,Magnoliopsida,220,Plantae,6
2965485,Magnoliopsida,220,Plantae,6
2956441,Magnoliopsida,220,Plantae,6
2986022,Magnoliopsida,220,Plantae,6
2702058,Liliopsida,196,Plantae,6
3171954,Magnoliopsida,220,Plantae,6
2498161,Aves,212,Animalia,1
5354530,Magnoliopsida,220,Plantae,6
2889229,Magnoliopsida,220,Plantae,6
2951968,Magnoliopsida,220,Plantae,6
1995489,Insecta,216,Animalia,1
3003709,Magnoliopsida,220,Plantae,6
2947311,Magnoliopsida,220,Plantae,6
3678949,Magnoliopsida,220,Plantae,6
5303891,Liliopsida,196,Plantae,6
11921804,Magnoliopsida,220,Plantae,6
2925767,Magnoliopsida,220,Plantae,6
2975132,Magnoliopsida,220,Plantae,6
8346536,Magnoliopsida,220,Plantae,6
3092782,Magnoliopsida,220,Plantae,6
9235549,Aves,212,Animalia,1
2888982,Magnoliopsida,220,Plantae,6
2367742,NA,NA,Animalia,1
7902463,Magnoliopsida,220,Plantae,6
5414959,Magnoliopsida,220,Plantae,6
8060423,Magnoliopsida,220,Plantae,6
3940960,Magnoliopsida,220,Plantae,6
9685907,Aves,212,Animalia,1
4486382,Insecta,216,Animalia,1
5350466,Magnoliopsida,220,Plantae,6
2320810,Polychaeta,256,Animalia,1
2437397,Mammalia,359,Animalia,1
5289492,Liliopsida,196,Plantae,6
2164194,Arachnida,367,Animalia,1
2211599,Malacostraca,229,Animalia,1
2288926,Bivalvia,137,Animalia,1
2320998,Polychaeta,256,Animalia,1
2879520,Magnoliopsida,220,Plantae,6
5403541,Magnoliopsida,220,Plantae,6
8210972,Magnoliopsida,220,Plantae,6
2516809,Pucciniomycetes,270,Fungi,5
5152536,Insecta,216,Animalia,1
5406741,Magnoliopsida,220,Plantae,6
5073820,Insecta,216,Animalia,1
5384818,Magnoliopsida,220,Plantae,6
7791733,Bivalvia,137,Animalia,1
9592414,Liliopsida,196,Plantae,6
6100941,Aves,212,Animalia,1
8133114,Magnoliopsida,220,Plantae,6
2769766,Liliopsida,196,Plantae,6
3026035,Magnoliopsida,220,Plantae,6
5415463,Magnoliopsida,220,Plantae,6
2858909,Liliopsida,196,Plantae,6
8031875,Magnoliopsida,220,Plantae,6
3767816,Magnoliopsida,220,Plantae,6
2514552,Pucciniomycetes,270,Fungi,5
3119285,Magnoliopsida,220,Plantae,6
2703041,Liliopsida,196,Plantae,6
5334253,Magnoliopsida,220,Plantae,6
2703663,Liliopsida,196,Plantae,6
3036157,Magnoliopsida,220,Plantae,6
10953644,Magnoliopsida,220,Plantae,6
3026406,Magnoliopsida,220,Plantae,6
4423428,Insecta,216,Animalia,1
5384932,Magnoliopsida,220,Plantae,6
2307726,Clitellata,255,Animalia,1
3046765,Magnoliopsida,220,Plantae,6
2781103,Liliopsida,196,Plantae,6
2426640,Amphibia,131,Animalia,1
3064282,Magnoliopsida,220,Plantae,6
2701304,Liliopsida,196,Plantae,6
2706002,Liliopsida,196,Plantae,6
2888870,Magnoliopsida,220,Plantae,6
7547256,Malacostraca,229,Animalia,1
3090783,Magnoliopsida,220,Plantae,6
9440906,Magnoliopsida,220,Plantae,6
1830823,Insecta,216,Animalia,1
5289679,Liliopsida,196,Plantae,6
5359169,Magnoliopsida,220,Plantae,6
3114667,Magnoliopsida,220,Plantae,6
2480350,Aves,212,Animalia,1
2480454,Aves,212,Animalia,1
3667238,Magnoliopsida,220,Plantae,6
2974793,Magnoliopsida,220,Plantae,6
3050357,Magnoliopsida,220,Plantae,6
8042568,Magnoliopsida,220,Plantae,6
8350395,Magnoliopsida,220,Plantae,6
6159273,Squamata,11592253,Animalia,1
3034653,Magnoliopsida,220,Plantae,6
2479925,Aves,212,Animalia,1
5415054,Magnoliopsida,220,Plantae,6
4245384,Magnoliopsida,220,Plantae,6
1309635,Insecta,216,Animalia,1
3169169,Magnoliopsida,220,Plantae,6
5296218,Liliopsida,196,Plantae,6
3084611,Magnoliopsida,220,Plantae,6
5359395,Magnoliopsida,220,Plantae,6
3172099,Magnoliopsida,220,Plantae,6
4486297,Insecta,216,Animalia,1
3189835,Magnoliopsida,220,Plantae,6
3137829,Magnoliopsida,220,Plantae,6
3026454,Magnoliopsida,220,Plantae,6
2489075,Aves,212,Animalia,1
5361888,Magnoliopsida,220,Plantae,6
2866850,Liliopsida,196,Plantae,6
10578411,Polychaeta,256,Animalia,1
5341548,Magnoliopsida,220,Plantae,6
1521740,Insecta,216,Animalia,1
7520678,Gastropoda,225,Animalia,1
1309606,Insecta,216,Animalia,1
3033434,Magnoliopsida,220,Plantae,6
2718377,Liliopsida,196,Plantae,6
5299590,Liliopsida,196,Plantae,6
5353705,Magnoliopsida,220,Plantae,6
8898408,Testudines,11418114,Animalia,1
2498411,Aves,212,Animalia,1
5410661,Magnoliopsida,220,Plantae,6
2494070,Aves,212,Animalia,1
2874706,Magnoliopsida,220,Plantae,6
5275415,Polypodiopsida,7228684,Plantae,6
8116963,Magnoliopsida,220,Plantae,6
2474029,Aves,212,Animalia,1
6369819,Magnoliopsida,220,Plantae,6
8418338,Magnoliopsida,220,Plantae,6
5356662,Magnoliopsida,220,Plantae,6
7263145,Magnoliopsida,220,Plantae,6
5041466,Insecta,216,Animalia,1
4497180,Insecta,216,Animalia,1
5559837,Magnoliopsida,220,Plantae,6
4067281,Magnoliopsida,220,Plantae,6
4362965,Gastropoda,225,Animalia,1
3033289,Magnoliopsida,220,Plantae,6
5400552,Magnoliopsida,220,Plantae,6
2495190,Aves,212,Animalia,1
5275404,Polypodiopsida,7228684,Plantae,6
5290143,Liliopsida,196,Plantae,6
2705565,Liliopsida,196,Plantae,6
2987948,Magnoliopsida,220,Plantae,6
2479804,Aves,212,Animalia,1
7826351,Magnoliopsida,220,Plantae,6
2945513,Magnoliopsida,220,Plantae,6
5371655,Magnoliopsida,220,Plantae,6
2437282,Mammalia,359,Animalia,1
5777912,Gastropoda,225,Animalia,1
2927220,Magnoliopsida,220,Plantae,6
5371870,Magnoliopsida,220,Plantae,6
5219681,Mammalia,359,Animalia,1
3169391,Magnoliopsida,220,Plantae,6
3085420,Magnoliopsida,220,Plantae,6
6101224,Aves,212,Animalia,1
3026819,Magnoliopsida,220,Plantae,6
3172276,Magnoliopsida,220,Plantae,6
3033535,Magnoliopsida,220,Plantae,6
2475235,Aves,212,Animalia,1
4127352,Liliopsida,196,Plantae,6
3586046,Liliopsida,196,Plantae,6
8766638,Insecta,216,Animalia,1
2188249,Arachnida,367,Animalia,1
3189836,Magnoliopsida,220,Plantae,6
2350050,NA,NA,Animalia,1
1891245,Insecta,216,Animalia,1
3000406,Magnoliopsida,220,Plantae,6
1003567,Phylactolaemata,139,Animalia,1
2701612,Liliopsida,196,Plantae,6
2888310,Magnoliopsida,220,Plantae,6
1314773,Insecta,216,Animalia,1
2516419,Pucciniomycetes,270,Fungi,5
3121088,Magnoliopsida,220,Plantae,6
2975309,Magnoliopsida,220,Plantae,6
5375020,Magnoliopsida,220,Plantae,6
3025858,Magnoliopsida,220,Plantae,6
2855705,Liliopsida,196,Plantae,6
2974901,Magnoliopsida,220,Plantae,6
5392270,Magnoliopsida,220,Plantae,6
5297966,Liliopsida,196,Plantae,6
2762737,Liliopsida,196,Plantae,6
2480800,Aves,212,Animalia,1
6101223,Aves,212,Animalia,1
5333408,Magnoliopsida,220,Plantae,6
7172831,Magnoliopsida,220,Plantae,6
5377163,Magnoliopsida,220,Plantae,6
3104314,Magnoliopsida,220,Plantae,6
2928775,Magnoliopsida,220,Plantae,6
5356488,Magnoliopsida,220,Plantae,6
5104748,Insecta,216,Animalia,1
1111797,Insecta,216,Animalia,1
5371700,Magnoliopsida,220,Plantae,6
3104106,Magnoliopsida,220,Plantae,6
3693541,Magnoliopsida,220,Plantae,6
3666422,Magnoliopsida,220,Plantae,6
2720269,Liliopsida,196,Plantae,6
5414932,Magnoliopsida,220,Plantae,6
5285750,Pinopsida,194,Plantae,6
7881150,Liliopsida,196,Plantae,6
2929847,Magnoliopsida,220,Plantae,6
2427555,Amphibia,131,Animalia,1
2928668,Magnoliopsida,220,Plantae,6
2687182,Pinopsida,194,Plantae,6
3119185,Magnoliopsida,220,Plantae,6
5410480,Magnoliopsida,220,Plantae,6
5334275,Magnoliopsida,220,Plantae,6
3109117,Magnoliopsida,220,Plantae,6
2930222,Magnoliopsida,220,Plantae,6
3119225,Magnoliopsida,220,Plantae,6
2171214,Arachnida,367,Animalia,1
2722380,Liliopsida,196,Plantae,6
5864277,Malacostraca,229,Animalia,1
2296805,Gastropoda,225,Animalia,1
2994229,Magnoliopsida,220,Plantae,6
2204981,Malacostraca,229,Animalia,1
5275398,Polypodiopsida,7228684,Plantae,6
7564934,Magnoliopsida,220,Plantae,6
3113637,Magnoliopsida,220,Plantae,6
6159223,Squamata,11592253,Animalia,1
5376846,Magnoliopsida,220,Plantae,6
5376179,Magnoliopsida,220,Plantae,6
5538108,Magnoliopsida,220,Plantae,6
2932011,Magnoliopsida,220,Plantae,6
9382645,Magnoliopsida,220,Plantae,6
5641274,Magnoliopsida,220,Plantae,6
2172885,Arachnida,367,Animalia,1
3188884,Magnoliopsida,220,Plantae,6
5359099,Magnoliopsida,220,Plantae,6
2115706,Maxillopoda,203,Animalia,1
2956442,Magnoliopsida,220,Plantae,6
5362046,Magnoliopsida,220,Plantae,6
4206362,Magnoliopsida,220,Plantae,6
10800064,Liliopsida,196,Plantae,6
4488933,Insecta,216,Animalia,1
2965438,Magnoliopsida,220,Plantae,6
5229128,Aves,212,Animalia,1
2888948,Magnoliopsida,220,Plantae,6
3171946,Magnoliopsida,220,Plantae,6
5609719,Magnoliopsida,220,Plantae,6
3856436,Magnoliopsida,220,Plantae,6
3119206,Magnoliopsida,220,Plantae,6
2927001,Magnoliopsida,220,Plantae,6
3152493,Magnoliopsida,220,Plantae,6
5289624,Liliopsida,196,Plantae,6
3102871,Magnoliopsida,220,Plantae,6
2925530,Magnoliopsida,220,Plantae,6
5218823,Mammalia,359,Animalia,1
3190544,Magnoliopsida,220,Plantae,6
2928584,Magnoliopsida,220,Plantae,6
4486432,Insecta,216,Animalia,1
7277106,Magnoliopsida,220,Plantae,6
2266561,Hydrozoa,205,Animalia,1
7577557,Polychaeta,256,Animalia,1
3040255,Magnoliopsida,220,Plantae,6
4368880,Gastropoda,225,Animalia,1
3084837,Magnoliopsida,220,Plantae,6
3033318,Magnoliopsida,220,Plantae,6
2914754,Magnoliopsida,220,Plantae,6
7569075,Insecta,216,Animalia,1
3833284,Magnoliopsida,220,Plantae,6
3066112,Magnoliopsida,220,Plantae,6
6070732,Magnoliopsida,220,Plantae,6
7293094,Magnoliopsida,220,Plantae,6
2441461,Testudines,11418114,Animalia,1
3092083,Magnoliopsida,220,Plantae,6
9416124,Squamata,11592253,Animalia,1
5356862,Magnoliopsida,220,Plantae,6
2480181,Aves,212,Animalia,1
2703231,Liliopsida,196,Plantae,6
3151811,Magnoliopsida,220,Plantae,6
1551754,Insecta,216,Animalia,1
3026107,Magnoliopsida,220,Plantae,6
2091932,Insecta,216,Animalia,1
2402168,NA,NA,Animalia,1
3088282,Magnoliopsida,220,Plantae,6
1728965,Insecta,216,Animalia,1
2749791,Liliopsida,196,Plantae,6
2480445,Aves,212,Animalia,1
2989222,Magnoliopsida,220,Plantae,6
9629001,Magnoliopsida,220,Plantae,6
7339492,Magnoliopsida,220,Plantae,6
3114986,Magnoliopsida,220,Plantae,6
8207952,Magnoliopsida,220,Plantae,6
2308574,Clitellata,255,Animalia,1
9288935,Aves,212,Animalia,1
3033757,Magnoliopsida,220,Plantae,6
2498390,Aves,212,Animalia,1
1420857,Insecta,216,Animalia,1
2307929,Clitellata,255,Animalia,1
5229134,Aves,212,Animalia,1
5396551,Magnoliopsida,220,Plantae,6
2752849,Liliopsida,196,Plantae,6
3760099,Magnoliopsida,220,Plantae,6
6363496,Magnoliopsida,220,Plantae,6
2474942,Aves,212,Animalia,1
3147146,Magnoliopsida,220,Plantae,6
2287076,Bivalvia,137,Animalia,1
5208832,NA,NA,Animalia,1
8059430,Gastropoda,225,Animalia,1
10944522,Magnoliopsida,220,Plantae,6
2479851,Aves,212,Animalia,1
8577467,Magnoliopsida,220,Plantae,6
9228211,Testudines,11418114,Animalia,1
7384449,Gastropoda,225,Animalia,1
2874569,Magnoliopsida,220,Plantae,6
7262908,Magnoliopsida,220,Plantae,6
4139037,Liliopsida,196,Plantae,6
4067112,Magnoliopsida,220,Plantae,6
3084839,Magnoliopsida,220,Plantae,6
2479553,Aves,212,Animalia,1
3121668,Magnoliopsida,220,Plantae,6
2443079,Testudines,11418114,Animalia,1
5128034,Insecta,216,Animalia,1
1420846,Insecta,216,Animalia,1
3094253,Magnoliopsida,220,Plantae,6
2362473,NA,NA,Animalia,1
3120950,Magnoliopsida,220,Plantae,6
5284702,Pinopsida,194,Plantae,6
5959118,Aves,212,Animalia,1
7334631,Magnoliopsida,220,Plantae,6
7322122,Magnoliopsida,220,Plantae,6
2162525,Arachnida,367,Animalia,1
3189824,Magnoliopsida,220,Plantae,6
1829659,Insecta,216,Animalia,1
9429152,Magnoliopsida,220,Plantae,6
5376158,Magnoliopsida,220,Plantae,6
2340977,NA,NA,Animalia,1
6100996,Aves,212,Animalia,1
2495165,Aves,212,Animalia,1
4059971,Magnoliopsida,220,Plantae,6
2495134,Aves,212,Animalia,1
2489004,Aves,212,Animalia,1
2769622,Liliopsida,196,Plantae,6
5229136,Aves,212,Animalia,1
3044912,Magnoliopsida,220,Plantae,6
3085366,Magnoliopsida,220,Plantae,6
3039272,Magnoliopsida,220,Plantae,6
8305028,Magnoliopsida,220,Plantae,6
2434552,Mammalia,359,Animalia,1
3152519,Magnoliopsida,220,Plantae,6
5568322,Magnoliopsida,220,Plantae,6
5415053,Magnoliopsida,220,Plantae,6
7346090,Magnoliopsida,220,Plantae,6
2494097,Aves,212,Animalia,1
3340858,Agaricomycetes,186,Fungi,5
5844936,Aves,212,Animalia,1
6913023,Arachnida,367,Animalia,1
3025770,Magnoliopsida,220,Plantae,6
9450106,Aves,212,Animalia,1
2498288,Aves,212,Animalia,1
5403508,Magnoliopsida,220,Plantae,6
1119292,Insecta,216,Animalia,1
7294681,Magnoliopsida,220,Plantae,6
5333354,Magnoliopsida,220,Plantae,6
5341310,Magnoliopsida,220,Plantae,6
2718302,Liliopsida,196,Plantae,6
5365888,Magnoliopsida,220,Plantae,6
8356787,Magnoliopsida,220,Plantae,6
5376925,Magnoliopsida,220,Plantae,6
3070346,Magnoliopsida,220,Plantae,6
5359445,Magnoliopsida,220,Plantae,6
5241445,Agaricomycetes,186,Fungi,5
2489080,Aves,212,Animalia,1
2443133,Testudines,11418114,Animalia,1
5290069,Liliopsida,196,Plantae,6
2948921,Magnoliopsida,220,Plantae,6
3827980,Magnoliopsida,220,Plantae,6
3966627,Magnoliopsida,220,Plantae,6
5358913,Magnoliopsida,220,Plantae,6
2928534,Magnoliopsida,220,Plantae,6
2965280,Magnoliopsida,220,Plantae,6
2965299,Magnoliopsida,220,Plantae,6
3152264,Magnoliopsida,220,Plantae,6
3152268,Magnoliopsida,220,Plantae,6
3172647,Magnoliopsida,220,Plantae,6
3027791,Magnoliopsida,220,Plantae,6
2965434,Magnoliopsida,220,Plantae,6
5358774,Magnoliopsida,220,Plantae,6
5359345,Magnoliopsida,220,Plantae,6
2701564,Liliopsida,196,Plantae,6
5367214,Magnoliopsida,220,Plantae,6
5178052,Malacostraca,229,Animalia,1
6427785,Magnoliopsida,220,Plantae,6
7497356,Magnoliopsida,220,Plantae,6
3638793,Magnoliopsida,220,Plantae,6
2701831,Liliopsida,196,Plantae,6
4352332,Aves,212,Animalia,1
3025605,Magnoliopsida,220,Plantae,6
5855746,Bivalvia,137,Animalia,1
7334489,Magnoliopsida,220,Plantae,6
2932905,Magnoliopsida,220,Plantae,6
9480191,Aves,212,Animalia,1
2287668,Bivalvia,137,Animalia,1
2874680,Magnoliopsida,220,Plantae,6
3083718,Magnoliopsida,220,Plantae,6
8949622,Magnoliopsida,220,Plantae,6
5152721,Insecta,216,Animalia,1
3148589,Magnoliopsida,220,Plantae,6
5370829,Magnoliopsida,220,Plantae,6
2889010,Magnoliopsida,220,Plantae,6
2927303,Magnoliopsida,220,Plantae,6
3033107,Magnoliopsida,220,Plantae,6
7277286,Magnoliopsida,220,Plantae,6
3066993,Magnoliopsida,220,Plantae,6
2266009,Hydrozoa,205,Animalia,1
3100375,Magnoliopsida,220,Plantae,6
2480989,Aves,212,Animalia,1
3641853,Magnoliopsida,220,Plantae,6
2474162,Aves,212,Animalia,1
3916499,Magnoliopsida,220,Plantae,6
3189807,Magnoliopsida,220,Plantae,6
2489005,Aves,212,Animalia,1
2088481,Insecta,216,Animalia,1
5371610,Magnoliopsida,220,Plantae,6
5356892,Magnoliopsida,220,Plantae,6
5568442,Magnoliopsida,220,Plantae,6
3083935,Magnoliopsida,220,Plantae,6
3104150,Magnoliopsida,220,Plantae,6
2479720,Aves,212,Animalia,1
2128482,Arachnida,367,Animalia,1
3128091,Magnoliopsida,220,Plantae,6
5358912,Magnoliopsida,220,Plantae,6
2498007,Aves,212,Animalia,1
7925372,Magnoliopsida,220,Plantae,6
2493660,Aves,212,Animalia,1
2480786,Aves,212,Animalia,1
7372514,Magnoliopsida,220,Plantae,6
2874692,Magnoliopsida,220,Plantae,6
6068804,Liliopsida,196,Plantae,6
5607452,Magnoliopsida,220,Plantae,6
1910629,Insecta,216,Animalia,1
2492196,Aves,212,Animalia,1
3902360,Magnoliopsida,220,Plantae,6
7768495,Magnoliopsida,220,Plantae,6
8279669,Magnoliopsida,220,Plantae,6
2215949,Malacostraca,229,Animalia,1
7529533,Liliopsida,196,Plantae,6
5219380,Mammalia,359,Animalia,1
4926534,Magnoliopsida,220,Plantae,6
2479964,Aves,212,Animalia,1
2765221,Liliopsida,196,Plantae,6
2162049,Arachnida,367,Animalia,1
2778358,Liliopsida,196,Plantae,6
3006974,Magnoliopsida,220,Plantae,6
7100404,Magnoliopsida,220,Plantae,6
2498181,Aves,212,Animalia,1
5390611,Magnoliopsida,220,Plantae,6
2457522,Squamata,11592253,Animalia,1
5229110,Aves,212,Animalia,1
2996897,Magnoliopsida,220,Plantae,6
5366327,Magnoliopsida,220,Plantae,6
2431781,Amphibia,131,Animalia,1
5359499,Magnoliopsida,220,Plantae,6
2489071,Aves,212,Animalia,1
9228111,Magnoliopsida,220,Plantae,6
7293727,Magnoliopsida,220,Plantae,6
2916662,Magnoliopsida,220,Plantae,6
3172294,Magnoliopsida,220,Plantae,6
2772958,Liliopsida,196,Plantae,6
5411353,Magnoliopsida,220,Plantae,6
2379105,NA,NA,Animalia,1
3054366,Magnoliopsida,220,Plantae,6
2012132,Insecta,216,Animalia,1
2976091,Magnoliopsida,220,Plantae,6
3082270,Magnoliopsida,220,Plantae,6
5363613,Magnoliopsida,220,Plantae,6
2869301,Liliopsida,196,Plantae,6
4137839,Liliopsida,196,Plantae,6
2481915,Aves,212,Animalia,1
5221283,Squamata,11592253,Animalia,1
3146219,Magnoliopsida,220,Plantae,6
2495691,Aves,212,Animalia,1
9345027,Aves,212,Animalia,1
2049722,Insecta,216,Animalia,1
4938682,Pinopsida,194,Plantae,6
2926108,Magnoliopsida,220,Plantae,6
2706444,Liliopsida,196,Plantae,6
5300102,Liliopsida,196,Plantae,6
3112994,Magnoliopsida,220,Plantae,6
7303117,Magnoliopsida,220,Plantae,6
5384373,Magnoliopsida,220,Plantae,6
2049732,Insecta,216,Animalia,1
1326634,Insecta,216,Animalia,1
5360429,Magnoliopsida,220,Plantae,6
3128228,Magnoliopsida,220,Plantae,6
7645889,Magnoliopsida,220,Plantae,6
2891624,Magnoliopsida,220,Plantae,6
3827967,Magnoliopsida,220,Plantae,6
5358302,Magnoliopsida,220,Plantae,6
7823743,Magnoliopsida,220,Plantae,6
2970585,Magnoliopsida,220,Plantae,6
2971112,Magnoliopsida,220,Plantae,6
3152367,Magnoliopsida,220,Plantae,6
3828342,Magnoliopsida,220,Plantae,6
3829143,Magnoliopsida,220,Plantae,6
3941038,Magnoliopsida,220,Plantae,6
5334440,Magnoliopsida,220,Plantae,6
5359109,Magnoliopsida,220,Plantae,6
7116158,Magnoliopsida,220,Plantae,6
8302634,Magnoliopsida,220,Plantae,6
5568415,Magnoliopsida,220,Plantae,6
5568424,Magnoliopsida,220,Plantae,6
2714722,Liliopsida,196,Plantae,6
5359526,Magnoliopsida,220,Plantae,6
2480089,Aves,212,Animalia,1
2874190,Magnoliopsida,220,Plantae,6
8049400,Magnoliopsida,220,Plantae,6
1423286,Insecta,216,Animalia,1
1450317,Insecta,216,Animalia,1
5724924,Gastropoda,225,Animalia,1
2495869,Aves,212,Animalia,1
8062758,Insecta,216,Animalia,1
3973495,Magnoliopsida,220,Plantae,6
2714233,Liliopsida,196,Plantae,6
3125893,Magnoliopsida,220,Plantae,6
6371424,Magnoliopsida,220,Plantae,6
5530855,Magnoliopsida,220,Plantae,6
2441454,Testudines,11418114,Animalia,1
3110686,Magnoliopsida,220,Plantae,6
4354937,Ascidiacea,356,Animalia,1
9419395,Magnoliopsida,220,Plantae,6
5384464,Magnoliopsida,220,Plantae,6
2437232,Mammalia,359,Animalia,1
7327719,Magnoliopsida,220,Plantae,6
5199161,Polychaeta,256,Animalia,1
4314683,Malacostraca,229,Animalia,1
3027341,Magnoliopsida,220,Plantae,6
2925874,Magnoliopsida,220,Plantae,6
3143034,Magnoliopsida,220,Plantae,6
2498396,Aves,212,Animalia,1
3882686,Magnoliopsida,220,Plantae,6
2402129,NA,NA,Animalia,1
5359037,Magnoliopsida,220,Plantae,6
12218002,Magnoliopsida,220,Plantae,6
2855968,Liliopsida,196,Plantae,6
12246414,Liliopsida,196,Plantae,6
3044349,Magnoliopsida,220,Plantae,6
2498156,Aves,212,Animalia,1
2206086,Malacostraca,229,Animalia,1
2479509,Aves,212,Animalia,1
9297163,Magnoliopsida,220,Plantae,6
2480766,Aves,212,Animalia,1
2480075,Aves,212,Animalia,1
2772206,Liliopsida,196,Plantae,6
4315760,Malacostraca,229,Animalia,1
2493698,Aves,212,Animalia,1
2927222,Magnoliopsida,220,Plantae,6
5159101,Insecta,216,Animalia,1
2138688,Arachnida,367,Animalia,1
8011733,Magnoliopsida,220,Plantae,6
3033839,Magnoliopsida,220,Plantae,6
3119219,Magnoliopsida,220,Plantae,6
5914287,Magnoliopsida,220,Plantae,6
2975135,Magnoliopsida,220,Plantae,6
5403605,Magnoliopsida,220,Plantae,6
5296015,Liliopsida,196,Plantae,6
5528747,Magnoliopsida,220,Plantae,6
2498064,Aves,212,Animalia,1
3032762,Magnoliopsida,220,Plantae,6
3905825,Magnoliopsida,220,Plantae,6
2774846,Liliopsida,196,Plantae,6
5361977,Magnoliopsida,220,Plantae,6
2874512,Magnoliopsida,220,Plantae,6
2927363,Magnoliopsida,220,Plantae,6
7262943,Magnoliopsida,220,Plantae,6
2926613,Magnoliopsida,220,Plantae,6
2474045,Aves,212,Animalia,1
9340142,Liliopsida,196,Plantae,6
5229203,Aves,212,Animalia,1
3646556,Magnoliopsida,220,Plantae,6
2890995,Magnoliopsida,220,Plantae,6
9675867,Magnoliopsida,220,Plantae,6
3639337,Magnoliopsida,220,Plantae,6
7628663,Magnoliopsida,220,Plantae,6
1045323,Insecta,216,Animalia,1
2916822,Magnoliopsida,220,Plantae,6
6709291,Magnoliopsida,220,Plantae,6
2705512,Liliopsida,196,Plantae,6
7278926,Magnoliopsida,220,Plantae,6
3123262,Magnoliopsida,220,Plantae,6
3088405,Magnoliopsida,220,Plantae,6
5218899,Mammalia,359,Animalia,1
11107889,Insecta,216,Animalia,1
2498177,Aves,212,Animalia,1
2434126,Mammalia,359,Animalia,1
5359475,Magnoliopsida,220,Plantae,6
2479027,Aves,212,Animalia,1
2513609,Exobasidiomycetes,151,Fungi,5
3113745,Magnoliopsida,220,Plantae,6
2493598,Aves,212,Animalia,1
5420982,Magnoliopsida,220,Plantae,6
2765942,Liliopsida,196,Plantae,6
3092946,Magnoliopsida,220,Plantae,6
7318448,Magnoliopsida,220,Plantae,6
7262958,Magnoliopsida,220,Plantae,6
2157278,Arachnida,367,Animalia,1
2857679,Liliopsida,196,Plantae,6
2479555,Aves,212,Animalia,1
2927026,Magnoliopsida,220,Plantae,6
2475364,Aves,212,Animalia,1
2889005,Magnoliopsida,220,Plantae,6
2242011,Demospongiae,199,Animalia,1
5041471,Insecta,216,Animalia,1
5563116,Magnoliopsida,220,Plantae,6
8044946,Magnoliopsida,220,Plantae,6
2925303,Magnoliopsida,220,Plantae,6
2888987,Magnoliopsida,220,Plantae,6
9791464,Aves,212,Animalia,1
4544517,Arachnida,367,Animalia,1
7475424,Magnoliopsida,220,Plantae,6
5219721,Mammalia,359,Animalia,1
7296375,Magnoliopsida,220,Plantae,6
2927096,Magnoliopsida,220,Plantae,6
3046744,Magnoliopsida,220,Plantae,6
2705196,Liliopsida,196,Plantae,6
2704854,Liliopsida,196,Plantae,6
5384393,Magnoliopsida,220,Plantae,6
5227747,Aves,212,Animalia,1
3033905,Magnoliopsida,220,Plantae,6
4103351,Magnoliopsida,220,Plantae,6
10937982,Aves,212,Animalia,1
4068166,Magnoliopsida,220,Plantae,6
12254070,Magnoliopsida,220,Plantae,6
2650479,Polypodiopsida,7228684,Plantae,6
5284231,Pinopsida,194,Plantae,6
4535888,Insecta,216,Animalia,1
2498011,Aves,212,Animalia,1
3001978,Magnoliopsida,220,Plantae,6
4125930,Liliopsida,196,Plantae,6
2225646,Malacostraca,229,Animalia,1
9306058,Magnoliopsida,220,Plantae,6
2443173,Testudines,11418114,Animalia,1
5879783,Insecta,216,Animalia,1
5389402,Magnoliopsida,220,Plantae,6
2431886,Amphibia,131,Animalia,1
3602227,Magnoliopsida,220,Plantae,6
7307492,Magnoliopsida,220,Plantae,6
7278040,Magnoliopsida,220,Plantae,6
2705286,Liliopsida,196,Plantae,6
5289739,Liliopsida,196,Plantae,6
2703109,Liliopsida,196,Plantae,6
2481125,Aves,212,Animalia,1
2172103,Arachnida,367,Animalia,1
2876571,Magnoliopsida,220,Plantae,6
2769493,Liliopsida,196,Plantae,6
2234836,Branchiopoda,281,Animalia,1
3853033,Magnoliopsida,220,Plantae,6
5373475,Magnoliopsida,220,Plantae,6
3151434,Magnoliopsida,220,Plantae,6
2856891,Liliopsida,196,Plantae,6
7341745,Aves,212,Animalia,1
3083486,Magnoliopsida,220,Plantae,6
8242349,Magnoliopsida,220,Plantae,6
2768763,Liliopsida,196,Plantae,6
3981814,Magnoliopsida,220,Plantae,6
5377286,Magnoliopsida,220,Plantae,6
2514966,Pucciniomycetes,270,Fungi,5
5353770,Magnoliopsida,220,Plantae,6
3110588,Magnoliopsida,220,Plantae,6
9587676,Magnoliopsida,220,Plantae,6
2495840,Aves,212,Animalia,1
1371011,Insecta,216,Animalia,1
1016841,Diplopoda,361,Animalia,1
2772885,Liliopsida,196,Plantae,6
3642339,Magnoliopsida,220,Plantae,6
4287131,NA,NA,Animalia,1
2480770,Aves,212,Animalia,1
2964167,Magnoliopsida,220,Plantae,6
3026622,Magnoliopsida,220,Plantae,6
3026105,Magnoliopsida,220,Plantae,6
3099650,Magnoliopsida,220,Plantae,6
2987780,Magnoliopsida,220,Plantae,6
2497509,Aves,212,Animalia,1
2362486,NA,NA,Animalia,1
2856456,Liliopsida,196,Plantae,6
5972004,Malacostraca,229,Animalia,1
2480772,Aves,212,Animalia,1
2971036,Magnoliopsida,220,Plantae,6
5303515,Liliopsida,196,Plantae,6
2423441,Amphibia,131,Animalia,1
2020688,Insecta,216,Animalia,1
7810452,Liliopsida,196,Plantae,6
3170873,Magnoliopsida,220,Plantae,6
3188829,Magnoliopsida,220,Plantae,6
4553820,Arachnida,367,Animalia,1
3115828,Magnoliopsida,220,Plantae,6
4366460,Gastropoda,225,Animalia,1
5240299,Agaricomycetes,186,Fungi,5
2651098,Polypodiopsida,7228684,Plantae,6
2888485,Magnoliopsida,220,Plantae,6
5959228,Aves,212,Animalia,1
5360498,Magnoliopsida,220,Plantae,6
3083745,Magnoliopsida,220,Plantae,6
3189939,Magnoliopsida,220,Plantae,6
5401877,Magnoliopsida,220,Plantae,6
2857341,Liliopsida,196,Plantae,6
9245228,Magnoliopsida,220,Plantae,6
7848321,Magnoliopsida,220,Plantae,6
5363119,Magnoliopsida,220,Plantae,6
5686494,Magnoliopsida,220,Plantae,6
3034558,Magnoliopsida,220,Plantae,6
7318131,Magnoliopsida,220,Plantae,6
5133523,Insecta,216,Animalia,1
1690276,Insecta,216,Animalia,1
4005004,Magnoliopsida,220,Plantae,6
8212772,Magnoliopsida,220,Plantae,6
7544073,Magnoliopsida,220,Plantae,6
2486151,Aves,212,Animalia,1
7437438,Magnoliopsida,220,Plantae,6
3033898,Magnoliopsida,220,Plantae,6
5609603,Magnoliopsida,220,Plantae,6
2928861,Magnoliopsida,220,Plantae,6
3738796,Magnoliopsida,220,Plantae,6
2889980,Magnoliopsida,220,Plantae,6
2685663,Pinopsida,194,Plantae,6
8251158,Magnoliopsida,220,Plantae,6
2433536,Mammalia,359,Animalia,1
4363583,Gastropoda,225,Animalia,1
2514972,Pucciniomycetes,270,Fungi,5
5341407,Magnoliopsida,220,Plantae,6
3066482,Magnoliopsida,220,Plantae,6
5230852,Aves,212,Animalia,1
5334315,Magnoliopsida,220,Plantae,6
3188859,Magnoliopsida,220,Plantae,6
2951998,Magnoliopsida,220,Plantae,6
5729018,Bivalvia,137,Animalia,1
5372559,Magnoliopsida,220,Plantae,6
3663772,Magnoliopsida,220,Plantae,6
3142967,Magnoliopsida,220,Plantae,6
2489089,Aves,212,Animalia,1
2874574,Magnoliopsida,220,Plantae,6
7885624,Magnoliopsida,220,Plantae,6
5341792,Magnoliopsida,220,Plantae,6
3064495,Magnoliopsida,220,Plantae,6
4553535,Arachnida,367,Animalia,1
1031737,Insecta,216,Animalia,1
3665817,Magnoliopsida,220,Plantae,6
3664287,Magnoliopsida,220,Plantae,6
3667007,Magnoliopsida,220,Plantae,6
4497120,Insecta,216,Animalia,1
2495688,Aves,212,Animalia,1
2489010,Aves,212,Animalia,1
9362842,Aves,212,Animalia,1
7323711,Magnoliopsida,220,Plantae,6
5359411,Magnoliopsida,220,Plantae,6
2431965,Amphibia,131,Animalia,1
3188896,Magnoliopsida,220,Plantae,6
2925532,Magnoliopsida,220,Plantae,6
2957408,Magnoliopsida,220,Plantae,6
3128601,Magnoliopsida,220,Plantae,6
4496973,Insecta,216,Animalia,1
5548401,Magnoliopsida,220,Plantae,6
8144599,Magnoliopsida,220,Plantae,6
4487243,Insecta,216,Animalia,1
2489450,Aves,212,Animalia,1
2476041,Aves,212,Animalia,1
5389058,Magnoliopsida,220,Plantae,6
2442843,Testudines,11418114,Animalia,1
3046850,Magnoliopsida,220,Plantae,6
5230734,Aves,212,Animalia,1
2029899,Insecta,216,Animalia,1
3167003,Magnoliopsida,220,Plantae,6
1714140,Insecta,216,Animalia,1
2479501,Aves,212,Animalia,1
2774214,Liliopsida,196,Plantae,6
3127691,Magnoliopsida,220,Plantae,6
2705098,Liliopsida,196,Plantae,6
2702820,Liliopsida,196,Plantae,6
2703459,Liliopsida,196,Plantae,6
3085389,Magnoliopsida,220,Plantae,6
7153734,Magnoliopsida,220,Plantae,6
2481034,Aves,212,Animalia,1
5387396,Magnoliopsida,220,Plantae,6
10972541,Insecta,216,Animalia,1
2437399,Mammalia,359,Animalia,1
2020832,Insecta,216,Animalia,1
5334247,Magnoliopsida,220,Plantae,6
3707631,Magnoliopsida,220,Plantae,6
2878826,Magnoliopsida,220,Plantae,6
5231103,Aves,212,Animalia,1
3104491,Magnoliopsida,220,Plantae,6
1707320,Insecta,216,Animalia,1
5224503,Squamata,11592253,Animalia,1
5395559,Magnoliopsida,220,Plantae,6
5229411,Aves,212,Animalia,1
2498001,Aves,212,Animalia,1
3040241,Magnoliopsida,220,Plantae,6
3023903,Magnoliopsida,220,Plantae,6
3727713,Magnoliopsida,220,Plantae,6
2495699,Aves,212,Animalia,1
3084842,Magnoliopsida,220,Plantae,6
3025986,Magnoliopsida,220,Plantae,6
3034602,Magnoliopsida,220,Plantae,6
7150619,Magnoliopsida,220,Plantae,6
8246651,Magnoliopsida,220,Plantae,6
5370832,Magnoliopsida,220,Plantae,6
2482519,Aves,212,Animalia,1
3027138,Magnoliopsida,220,Plantae,6
5303524,Liliopsida,196,Plantae,6
5229156,Aves,212,Animalia,1
3768287,Magnoliopsida,220,Plantae,6
5232423,Aves,212,Animalia,1
5290126,Liliopsida,196,Plantae,6
5414976,Magnoliopsida,220,Plantae,6
2480668,Aves,212,Animalia,1
5334239,Magnoliopsida,220,Plantae,6
4487610,Insecta,216,Animalia,1
7308640,Magnoliopsida,220,Plantae,6
5341819,Magnoliopsida,220,Plantae,6
2705622,Liliopsida,196,Plantae,6
2498313,Aves,212,Animalia,1
2498310,Aves,212,Animalia,1
3012103,Magnoliopsida,220,Plantae,6
3136929,Magnoliopsida,220,Plantae,6
5229154,Aves,212,Animalia,1
3013215,Magnoliopsida,220,Plantae,6
7967494,Magnoliopsida,220,Plantae,6
8223023,Magnoliopsida,220,Plantae,6
3593900,Magnoliopsida,220,Plantae,6
5376035,Magnoliopsida,220,Plantae,6
1650106,Insecta,216,Animalia,1
2928560,Magnoliopsida,220,Plantae,6
3827975,Magnoliopsida,220,Plantae,6
2480352,Aves,212,Animalia,1
1830284,Insecta,216,Animalia,1
3127613,Magnoliopsida,220,Plantae,6
5690814,Magnoliopsida,220,Plantae,6
2287249,Bivalvia,137,Animalia,1
4366527,Gastropoda,225,Animalia,1
5305162,Liliopsida,196,Plantae,6
5406261,Magnoliopsida,220,Plantae,6
8096233,Magnoliopsida,220,Plantae,6
4038524,Magnoliopsida,220,Plantae,6
2701649,Liliopsida,196,Plantae,6
8199647,Magnoliopsida,220,Plantae,6
4023278,Magnoliopsida,220,Plantae,6
3988179,Magnoliopsida,220,Plantae,6
5232465,Aves,212,Animalia,1
3011247,Magnoliopsida,220,Plantae,6
8242651,Magnoliopsida,220,Plantae,6
2701120,Liliopsida,196,Plantae,6
8428499,Magnoliopsida,220,Plantae,6
1835422,Insecta,216,Animalia,1
7315030,Magnoliopsida,220,Plantae,6
2975187,Magnoliopsida,220,Plantae,6
7600608,Magnoliopsida,220,Plantae,6
5359068,Magnoliopsida,220,Plantae,6
5108665,Insecta,216,Animalia,1
5376816,Magnoliopsida,220,Plantae,6
5232435,Aves,212,Animalia,1
7333320,Magnoliopsida,220,Plantae,6
2702529,Liliopsida,196,Plantae,6
3042799,Magnoliopsida,220,Plantae,6
3097496,Magnoliopsida,220,Plantae,6
4487661,Insecta,216,Animalia,1
7878507,Magnoliopsida,220,Plantae,6
2984466,Magnoliopsida,220,Plantae,6
5289745,Liliopsida,196,Plantae,6
5274861,Polypodiopsida,7228684,Plantae,6
3189457,Magnoliopsida,220,Plantae,6
4091345,Magnoliopsida,220,Plantae,6
5348644,Magnoliopsida,220,Plantae,6
5359334,Magnoliopsida,220,Plantae,6
8010581,Liliopsida,196,Plantae,6
7315023,Magnoliopsida,220,Plantae,6
3188711,Magnoliopsida,220,Plantae,6
7883427,Liliopsida,196,Plantae,6
4124350,Liliopsida,196,Plantae,6
3754587,Magnoliopsida,220,Plantae,6
11141765,Insecta,216,Animalia,1
5341725,Magnoliopsida,220,Plantae,6
7380533,Insecta,216,Animalia,1
5227993,Aves,212,Animalia,1
3172327,Magnoliopsida,220,Plantae,6
2888773,Magnoliopsida,220,Plantae,6
3097504,Magnoliopsida,220,Plantae,6
2480897,Aves,212,Animalia,1
2437394,Mammalia,359,Animalia,1
2865501,Liliopsida,196,Plantae,6
2994120,Magnoliopsida,220,Plantae,6
5295044,Liliopsida,196,Plantae,6
5421389,Magnoliopsida,220,Plantae,6
2449133,Squamata,11592253,Animalia,1
4314702,Malacostraca,229,Animalia,1
5230862,Aves,212,Animalia,1
1342324,Insecta,216,Animalia,1
4120602,Liliopsida,196,Plantae,6
3711846,Magnoliopsida,220,Plantae,6
1623354,Insecta,216,Animalia,1
5387098,Magnoliopsida,220,Plantae,6
5367186,Magnoliopsida,220,Plantae,6
3188757,Magnoliopsida,220,Plantae,6
7331666,Magnoliopsida,220,Plantae,6
2722973,Liliopsida,196,Plantae,6
2703700,Liliopsida,196,Plantae,6
3025875,Magnoliopsida,220,Plantae,6
8114833,Magnoliopsida,220,Plantae,6
2916767,Magnoliopsida,220,Plantae,6
9321334,Magnoliopsida,220,Plantae,6
2888588,Magnoliopsida,220,Plantae,6
2975416,Magnoliopsida,220,Plantae,6
4083707,Magnoliopsida,220,Plantae,6
2432352,Mammalia,359,Animalia,1
3033460,Magnoliopsida,220,Plantae,6
4139846,Liliopsida,196,Plantae,6
5334430,Magnoliopsida,220,Plantae,6
6027382,Magnoliopsida,220,Plantae,6
2971033,Magnoliopsida,220,Plantae,6
4114502,Liliopsida,196,Plantae,6
5567951,Magnoliopsida,220,Plantae,6
2988224,Magnoliopsida,220,Plantae,6
5219683,Mammalia,359,Animalia,1
7961815,Liliopsida,196,Plantae,6
2479320,Aves,212,Animalia,1
2492081,Aves,212,Animalia,1
2494088,Aves,212,Animalia,1
5289746,Liliopsida,196,Plantae,6
3025731,Magnoliopsida,220,Plantae,6
3189474,Magnoliopsida,220,Plantae,6
5370688,Magnoliopsida,220,Plantae,6
5397564,Magnoliopsida,220,Plantae,6
2874655,Magnoliopsida,220,Plantae,6
3027355,Magnoliopsida,220,Plantae,6
9629891,Magnoliopsida,220,Plantae,6
3896203,Magnoliopsida,220,Plantae,6
3027332,Magnoliopsida,220,Plantae,6
9541940,Magnoliopsida,220,Plantae,6
2888990,Magnoliopsida,220,Plantae,6
2020879,Insecta,216,Animalia,1
2266754,Hydrozoa,205,Animalia,1
3001270,Magnoliopsida,220,Plantae,6
2986010,Magnoliopsida,220,Plantae,6
8773480,Magnoliopsida,220,Plantae,6
3068528,Magnoliopsida,220,Plantae,6
5232469,Aves,212,Animalia,1
5229045,Aves,212,Animalia,1
3026004,Magnoliopsida,220,Plantae,6
3083773,Magnoliopsida,220,Plantae,6
5372917,Magnoliopsida,220,Plantae,6
8077391,Magnoliopsida,220,Plantae,6
2882360,Magnoliopsida,220,Plantae,6
12262171,Liliopsida,196,Plantae,6
3122323,Magnoliopsida,220,Plantae,6
5290282,Liliopsida,196,Plantae,6
8022932,Magnoliopsida,220,Plantae,6
2705621,Liliopsida,196,Plantae,6
4154259,Liliopsida,196,Plantae,6
6026665,Magnoliopsida,220,Plantae,6
2155867,Arachnida,367,Animalia,1
4118773,Liliopsida,196,Plantae,6
3927790,Magnoliopsida,220,Plantae,6
5250069,Ustilaginomycetes,148,Fungi,5
2479666,Aves,212,Animalia,1
2498398,Aves,212,Animalia,1
2459658,Squamata,11592253,Animalia,1
3025907,Magnoliopsida,220,Plantae,6
2498108,Aves,212,Animalia,1
3128279,Magnoliopsida,220,Plantae,6
3094939,Magnoliopsida,220,Plantae,6
3685073,Magnoliopsida,220,Plantae,6
4094511,Magnoliopsida,220,Plantae,6
5354676,Magnoliopsida,220,Plantae,6
8386733,Magnoliopsida,220,Plantae,6
2307447,Clitellata,255,Animalia,1
3893979,Magnoliopsida,220,Plantae,6
2704102,Liliopsida,196,Plantae,6
2351271,NA,NA,Animalia,1
5997154,Insecta,216,Animalia,1
3086784,Magnoliopsida,220,Plantae,6
3113852,Magnoliopsida,220,Plantae,6
4135963,Liliopsida,196,Plantae,6
4283395,Anthozoa,206,Animalia,1
2141622,Arachnida,367,Animalia,1
5671095,Magnoliopsida,220,Plantae,6
8402586,Magnoliopsida,220,Plantae,6
3042624,Magnoliopsida,220,Plantae,6
2683894,Pinopsida,194,Plantae,6
6026954,Magnoliopsida,220,Plantae,6
8765358,Insecta,216,Animalia,1
2926688,Magnoliopsida,220,Plantae,6
2723271,Liliopsida,196,Plantae,6
7938233,Magnoliopsida,220,Plantae,6
3040928,Magnoliopsida,220,Plantae,6
5789082,Aves,212,Animalia,1
2890623,Magnoliopsida,220,Plantae,6
8184157,Magnoliopsida,220,Plantae,6
5676903,Liliopsida,196,Plantae,6
5376139,Magnoliopsida,220,Plantae,6
3026431,Magnoliopsida,220,Plantae,6
2927783,Magnoliopsida,220,Plantae,6
2927530,Magnoliopsida,220,Plantae,6
2515236,Pucciniomycetes,270,Fungi,5
4022617,Magnoliopsida,220,Plantae,6
2494086,Aves,212,Animalia,1
2769435,Liliopsida,196,Plantae,6
2498084,Aves,212,Animalia,1
3025989,Magnoliopsida,220,Plantae,6
5392271,Magnoliopsida,220,Plantae,6
1008955,Gymnolaemata,252,Animalia,1
2703711,Liliopsida,196,Plantae,6
1865660,Insecta,216,Animalia,1
2706225,Liliopsida,196,Plantae,6
5290059,Liliopsida,196,Plantae,6
4207403,Magnoliopsida,220,Plantae,6
2927684,Magnoliopsida,220,Plantae,6
3170266,Magnoliopsida,220,Plantae,6
4114348,Liliopsida,196,Plantae,6
2321010,Polychaeta,256,Animalia,1
4097656,Magnoliopsida,220,Plantae,6
2925616,Magnoliopsida,220,Plantae,6
3001362,Magnoliopsida,220,Plantae,6
5373440,Magnoliopsida,220,Plantae,6
4121360,Liliopsida,196,Plantae,6
7823272,Magnoliopsida,220,Plantae,6
1971998,Insecta,216,Animalia,1
6161340,Squamata,11592253,Animalia,1
2484155,Aves,212,Animalia,1
5289929,Liliopsida,196,Plantae,6
4410088,Clitellata,255,Animalia,1
2985944,Magnoliopsida,220,Plantae,6
2927492,Magnoliopsida,220,Plantae,6
2431875,Amphibia,131,Animalia,1
2308609,Clitellata,255,Animalia,1
2439838,Mammalia,359,Animalia,1
5739357,Aves,212,Animalia,1
3086845,Magnoliopsida,220,Plantae,6
3005039,Magnoliopsida,220,Plantae,6
4021920,Magnoliopsida,220,Plantae,6
7911993,Magnoliopsida,220,Plantae,6
4488819,Insecta,216,Animalia,1
2727875,Liliopsida,196,Plantae,6
2705666,Liliopsida,196,Plantae,6
3049314,Magnoliopsida,220,Plantae,6
5334188,Magnoliopsida,220,Plantae,6
3044133,Magnoliopsida,220,Plantae,6
7563173,Malacostraca,229,Animalia,1
5384307,Magnoliopsida,220,Plantae,6
5289670,Liliopsida,196,Plantae,6
7848132,Magnoliopsida,220,Plantae,6
5384852,Magnoliopsida,220,Plantae,6
3025889,Magnoliopsida,220,Plantae,6
8427207,Arachnida,367,Animalia,1
7683374,Magnoliopsida,220,Plantae,6
2114769,Copepoda,11545536,Animalia,1
1133603,Insecta,216,Animalia,1
5124716,Insecta,216,Animalia,1
3035420,Magnoliopsida,220,Plantae,6
5421385,Magnoliopsida,220,Plantae,6
5740285,Monogenea,7774442,Animalia,1
2928783,Magnoliopsida,220,Plantae,6
7420038,Magnoliopsida,220,Plantae,6
8080300,Magnoliopsida,220,Plantae,6
3826854,Magnoliopsida,220,Plantae,6
1325561,Insecta,216,Animalia,1
3085346,Magnoliopsida,220,Plantae,6
2474055,Aves,212,Animalia,1
3740974,Magnoliopsida,220,Plantae,6
4194699,Magnoliopsida,220,Plantae,6
1720196,Insecta,216,Animalia,1
8421156,Magnoliopsida,220,Plantae,6
2474944,Aves,212,Animalia,1
2855374,Liliopsida,196,Plantae,6
8455382,Insecta,216,Animalia,1
3123249,Magnoliopsida,220,Plantae,6
2874538,Magnoliopsida,220,Plantae,6
5640518,Magnoliopsida,220,Plantae,6
2705431,Liliopsida,196,Plantae,6
5359194,Magnoliopsida,220,Plantae,6
2498380,Aves,212,Animalia,1
3151755,Magnoliopsida,220,Plantae,6
2931738,Magnoliopsida,220,Plantae,6
3012117,Magnoliopsida,220,Plantae,6
5409852,Magnoliopsida,220,Plantae,6
2714818,Liliopsida,196,Plantae,6
2705869,Liliopsida,196,Plantae,6
2965397,Magnoliopsida,220,Plantae,6
3759032,Magnoliopsida,220,Plantae,6
3148560,Magnoliopsida,220,Plantae,6
5869933,Insecta,216,Animalia,1
5289753,Liliopsida,196,Plantae,6
2494066,Aves,212,Animalia,1
2480568,Aves,212,Animalia,1
8174035,Liliopsida,196,Plantae,6
5391292,Magnoliopsida,220,Plantae,6
4344674,NA,NA,Animalia,1
3151692,Magnoliopsida,220,Plantae,6
5359260,Magnoliopsida,220,Plantae,6
2928805,Magnoliopsida,220,Plantae,6
5290170,Liliopsida,196,Plantae,6
4417132,Malacostraca,229,Animalia,1
5270720,Charophyceae,328,Plantae,6
3172343,Magnoliopsida,220,Plantae,6
3121228,Magnoliopsida,220,Plantae,6
3120713,Magnoliopsida,220,Plantae,6
3083905,Magnoliopsida,220,Plantae,6
7572133,Insecta,216,Animalia,1
2481104,Aves,212,Animalia,1
2706501,Liliopsida,196,Plantae,6
2484133,Aves,212,Animalia,1
3067869,Magnoliopsida,220,Plantae,6
2763962,Liliopsida,196,Plantae,6
6091856,Aves,212,Animalia,1
5202793,NA,NA,Animalia,1
3069300,Magnoliopsida,220,Plantae,6
3095939,Magnoliopsida,220,Plantae,6
7832723,Magnoliopsida,220,Plantae,6
8708866,Magnoliopsida,220,Plantae,6
2225770,Malacostraca,229,Animalia,1
2874702,Magnoliopsida,220,Plantae,6
7668385,Gymnolaemata,252,Animalia,1
3667628,Magnoliopsida,220,Plantae,6
5388967,Magnoliopsida,220,Plantae,6
3039418,Magnoliopsida,220,Plantae,6
2705854,Liliopsida,196,Plantae,6
5384401,Magnoliopsida,220,Plantae,6
2767031,Liliopsida,196,Plantae,6
3875113,Magnoliopsida,220,Plantae,6
3665966,Magnoliopsida,220,Plantae,6
2321012,Polychaeta,256,Animalia,1
1320777,Insecta,216,Animalia,1
2479612,Aves,212,Animalia,1
10701161,Amphibia,131,Animalia,1
5314814,Liliopsida,196,Plantae,6
4926977,Magnoliopsida,220,Plantae,6
2687948,Polypodiopsida,7228684,Plantae,6
7426824,Magnoliopsida,220,Plantae,6
8014966,Aves,212,Animalia,1
2653256,Gnetopsida,282,Plantae,6
5421040,Magnoliopsida,220,Plantae,6
3937506,Magnoliopsida,220,Plantae,6
2705828,Liliopsida,196,Plantae,6
2367919,NA,NA,Animalia,1
5359067,Magnoliopsida,220,Plantae,6
5598839,Magnoliopsida,220,Plantae,6
9518324,Mammalia,359,Animalia,1
2484103,Aves,212,Animalia,1
1316805,Insecta,216,Animalia,1
7307829,Magnoliopsida,220,Plantae,6
5332004,Magnoliopsida,220,Plantae,6
2494408,Aves,212,Animalia,1
2498345,Aves,212,Animalia,1
6431611,Liliopsida,196,Plantae,6
3138953,Magnoliopsida,220,Plantae,6
2957966,Magnoliopsida,220,Plantae,6
3981817,Magnoliopsida,220,Plantae,6
4152259,Liliopsida,196,Plantae,6
7294771,Magnoliopsida,220,Plantae,6
6447806,Magnoliopsida,220,Plantae,6
3040253,Magnoliopsida,220,Plantae,6
2486131,Aves,212,Animalia,1
2928589,Magnoliopsida,220,Plantae,6
5391882,Magnoliopsida,220,Plantae,6
2705957,Liliopsida,196,Plantae,6
3172622,Magnoliopsida,220,Plantae,6
5670646,Magnoliopsida,220,Plantae,6
2888559,Magnoliopsida,220,Plantae,6
3639326,Magnoliopsida,220,Plantae,6
5289731,Liliopsida,196,Plantae,6
8076173,Magnoliopsida,220,Plantae,6
10676000,Magnoliopsida,220,Plantae,6
4938153,Magnoliopsida,220,Plantae,6
3115131,Magnoliopsida,220,Plantae,6
8018277,Magnoliopsida,220,Plantae,6
6101013,Aves,212,Animalia,1
4416920,Malacostraca,229,Animalia,1
5568188,Magnoliopsida,220,Plantae,6
5402340,Magnoliopsida,220,Plantae,6
2982380,Magnoliopsida,220,Plantae,6
3065883,Magnoliopsida,220,Plantae,6
7963687,Magnoliopsida,220,Plantae,6
9060332,Magnoliopsida,220,Plantae,6
9691034,Aves,212,Animalia,1
5177825,Malacostraca,229,Animalia,1
8160803,Magnoliopsida,220,Plantae,6
2889198,Magnoliopsida,220,Plantae,6
5289709,Liliopsida,196,Plantae,6
5356361,Magnoliopsida,220,Plantae,6
5343253,Magnoliopsida,220,Plantae,6
2399874,NA,NA,Animalia,1
2150089,Arachnida,367,Animalia,1
2479955,Aves,212,Animalia,1
2150043,Arachnida,367,Animalia,1
5391810,Magnoliopsida,220,Plantae,6
2703733,Liliopsida,196,Plantae,6
2149761,Arachnida,367,Animalia,1
2702543,Liliopsida,196,Plantae,6
5709400,Magnoliopsida,220,Plantae,6
2494514,Aves,212,Animalia,1
3638303,Magnoliopsida,220,Plantae,6
5585975,Magnoliopsida,220,Plantae,6
2714453,Liliopsida,196,Plantae,6
2931914,Magnoliopsida,220,Plantae,6
3728894,Magnoliopsida,220,Plantae,6
2498405,Aves,212,Animalia,1
2974826,Magnoliopsida,220,Plantae,6
2975097,Magnoliopsida,220,Plantae,6
3693336,Magnoliopsida,220,Plantae,6
4410056,Clitellata,255,Animalia,1
2705587,Liliopsida,196,Plantae,6
9382716,Liliopsida,196,Plantae,6
3053399,Magnoliopsida,220,Plantae,6
2653321,Gnetopsida,282,Plantae,6
3066321,Magnoliopsida,220,Plantae,6
7161168,Magnoliopsida,220,Plantae,6
2351211,NA,NA,Animalia,1
2928583,Magnoliopsida,220,Plantae,6
7504215,Magnoliopsida,220,Plantae,6
6027290,Magnoliopsida,220,Plantae,6
2929892,Magnoliopsida,220,Plantae,6
5356931,Magnoliopsida,220,Plantae,6
5676003,Liliopsida,196,Plantae,6
2480514,Aves,212,Animalia,1
9317568,Liliopsida,196,Plantae,6
2764202,Liliopsida,196,Plantae,6
3637507,Magnoliopsida,220,Plantae,6
4230874,Magnoliopsida,220,Plantae,6
3790832,Magnoliopsida,220,Plantae,6
4805564,Maxillopoda,203,Animalia,1
3040913,Magnoliopsida,220,Plantae,6
9231612,Liliopsida,196,Plantae,6
7690055,Aves,212,Animalia,1
2114446,Copepoda,11545536,Animalia,1
2927075,Magnoliopsida,220,Plantae,6
5358906,Magnoliopsida,220,Plantae,6
5359447,Magnoliopsida,220,Plantae,6
2703240,Liliopsida,196,Plantae,6
8602699,Magnoliopsida,220,Plantae,6
4154206,Liliopsida,196,Plantae,6
2975262,Magnoliopsida,220,Plantae,6
5674620,Liliopsida,196,Plantae,6
5289995,Liliopsida,196,Plantae,6
6391450,Magnoliopsida,220,Plantae,6
5568899,Magnoliopsida,220,Plantae,6
7519710,Magnoliopsida,220,Plantae,6
2650944,Polypodiopsida,7228684,Plantae,6
4129351,Liliopsida,196,Plantae,6
2977234,Magnoliopsida,220,Plantae,6
8909872,Magnoliopsida,220,Plantae,6
5678495,Liliopsida,196,Plantae,6
4550810,Arachnida,367,Animalia,1
2706526,Liliopsida,196,Plantae,6
2480762,Aves,212,Animalia,1
2482478,Aves,212,Animalia,1
3110041,Magnoliopsida,220,Plantae,6
1886729,Insecta,216,Animalia,1
2444339,Squamata,11592253,Animalia,1
7477038,Magnoliopsida,220,Plantae,6
2706301,Liliopsida,196,Plantae,6
6400569,Magnoliopsida,220,Plantae,6
7298858,Magnoliopsida,220,Plantae,6
5229142,Aves,212,Animalia,1
3118216,Magnoliopsida,220,Plantae,6
4553805,Arachnida,367,Animalia,1
6026420,Magnoliopsida,220,Plantae,6
5289764,Liliopsida,196,Plantae,6
2458916,Squamata,11592253,Animalia,1
3169329,Magnoliopsida,220,Plantae,6
8244019,Magnoliopsida,220,Plantae,6
7975549,Magnoliopsida,220,Plantae,6
2874024,Magnoliopsida,220,Plantae,6
7746901,Magnoliopsida,220,Plantae,6
3128166,Magnoliopsida,220,Plantae,6
3083934,Magnoliopsida,220,Plantae,6
5356973,Magnoliopsida,220,Plantae,6
8201823,Magnoliopsida,220,Plantae,6
5373365,Magnoliopsida,220,Plantae,6
5646410,Magnoliopsida,220,Plantae,6
2977222,Magnoliopsida,220,Plantae,6
2705932,Liliopsida,196,Plantae,6
7300922,Magnoliopsida,220,Plantae,6
7523432,Magnoliopsida,220,Plantae,6
5376530,Magnoliopsida,220,Plantae,6
5679952,Liliopsida,196,Plantae,6
3753098,Magnoliopsida,220,Plantae,6
2927484,Magnoliopsida,220,Plantae,6
3036958,Magnoliopsida,220,Plantae,6
5384383,Magnoliopsida,220,Plantae,6
5289781,Liliopsida,196,Plantae,6
2916975,Magnoliopsida,220,Plantae,6
5415100,Magnoliopsida,220,Plantae,6
3045473,Magnoliopsida,220,Plantae,6
3042439,Magnoliopsida,220,Plantae,6
3028586,Magnoliopsida,220,Plantae,6
2891628,Magnoliopsida,220,Plantae,6
2288847,Bivalvia,137,Animalia,1
3147913,Magnoliopsida,220,Plantae,6
5331404,Magnoliopsida,220,Plantae,6
3083763,Magnoliopsida,220,Plantae,6
5383909,Magnoliopsida,220,Plantae,6
2975384,Magnoliopsida,220,Plantae,6
5415006,Magnoliopsida,220,Plantae,6
3125901,Magnoliopsida,220,Plantae,6
5585762,Magnoliopsida,220,Plantae,6
4210773,Magnoliopsida,220,Plantae,6
5285053,Pinopsida,194,Plantae,6
5211250,NA,NA,Animalia,1
5289631,Liliopsida,196,Plantae,6
3002263,Magnoliopsida,220,Plantae,6
4104718,Liliopsida,196,Plantae,6
5289620,Liliopsida,196,Plantae,6
5290130,Liliopsida,196,Plantae,6
2110811,Copepoda,11545536,Animalia,1
8326061,Magnoliopsida,220,Plantae,6
7644304,Magnoliopsida,220,Plantae,6
2704966,Liliopsida,196,Plantae,6
5662089,Magnoliopsida,220,Plantae,6
2974876,Magnoliopsida,220,Plantae,6
3120391,Magnoliopsida,220,Plantae,6
4930999,Magnoliopsida,220,Plantae,6
3002372,Magnoliopsida,220,Plantae,6
5415013,Magnoliopsida,220,Plantae,6
3189935,Magnoliopsida,220,Plantae,6
2702519,Liliopsida,196,Plantae,6
5372854,Magnoliopsida,220,Plantae,6
2971068,Magnoliopsida,220,Plantae,6
7294722,Magnoliopsida,220,Plantae,6
2889038,Magnoliopsida,220,Plantae,6
5356481,Magnoliopsida,220,Plantae,6
3189723,Magnoliopsida,220,Plantae,6
2925877,Magnoliopsida,220,Plantae,6
7288892,Magnoliopsida,220,Plantae,6
3084693,Magnoliopsida,220,Plantae,6
2984537,Magnoliopsida,220,Plantae,6
3127837,Magnoliopsida,220,Plantae,6
3172066,Magnoliopsida,220,Plantae,6
2706190,Liliopsida,196,Plantae,6
5375555,Magnoliopsida,220,Plantae,6
3089140,Magnoliopsida,220,Plantae,6
2974887,Magnoliopsida,220,Plantae,6
2703686,Liliopsida,196,Plantae,6
3119191,Magnoliopsida,220,Plantae,6
3083771,Magnoliopsida,220,Plantae,6
5289623,Liliopsida,196,Plantae,6
3967193,Magnoliopsida,220,Plantae,6
2914501,Magnoliopsida,220,Plantae,6
2706003,Liliopsida,196,Plantae,6
3799170,Magnoliopsida,220,Plantae,6
5384459,Magnoliopsida,220,Plantae,6
3083746,Magnoliopsida,220,Plantae,6
5289629,Liliopsida,196,Plantae,6
5679692,Liliopsida,196,Plantae,6
5415018,Magnoliopsida,220,Plantae,6
3757660,Magnoliopsida,220,Plantae,6
5356441,Magnoliopsida,220,Plantae,6
5384341,Magnoliopsida,220,Plantae,6
5674825,Liliopsida,196,Plantae,6
3637112,Magnoliopsida,220,Plantae,6
5384889,Magnoliopsida,220,Plantae,6
5786666,Mammalia,359,Animalia,1
9484350,Liliopsida,196,Plantae,6
3112098,Magnoliopsida,220,Plantae,6
3098186,Magnoliopsida,220,Plantae,6
6447496,Magnoliopsida,220,Plantae,6
2704778,Liliopsida,196,Plantae,6
4138669,Liliopsida,196,Plantae,6
2705848,Liliopsida,196,Plantae,6
8150863,Magnoliopsida,220,Plantae,6
4116709,Liliopsida,196,Plantae,6
2705141,Liliopsida,196,Plantae,6
7322393,Magnoliopsida,220,Plantae,6
5376994,Magnoliopsida,220,Plantae,6
5289819,Liliopsida,196,Plantae,6
4139894,Liliopsida,196,Plantae,6
2965250,Magnoliopsida,220,Plantae,6
8195160,Magnoliopsida,220,Plantae,6
5289762,Liliopsida,196,Plantae,6
2940408,Magnoliopsida,220,Plantae,6
5674110,Liliopsida,196,Plantae,6
5374998,Magnoliopsida,220,Plantae,6
2703731,Liliopsida,196,Plantae,6
2856504,Liliopsida,196,Plantae,6
5289814,Liliopsida,196,Plantae,6
6027313,Magnoliopsida,220,Plantae,6
10773250,Magnoliopsida,220,Plantae,6
7272312,Magnoliopsida,220,Plantae,6
5568361,Magnoliopsida,220,Plantae,6
7323810,Magnoliopsida,220,Plantae,6
7303024,Magnoliopsida,220,Plantae,6
2705341,Liliopsida,196,Plantae,6
3098176,Magnoliopsida,220,Plantae,6
2891617,Magnoliopsida,220,Plantae,6
8118326,Magnoliopsida,220,Plantae,6
3037015,Magnoliopsida,220,Plantae,6
2706195,Liliopsida,196,Plantae,6
8624880,Gastropoda,225,Animalia,1
2716420,Liliopsida,196,Plantae,6
7361239,Liliopsida,196,Plantae,6
2714301,Liliopsida,196,Plantae,6
3079631,Magnoliopsida,220,Plantae,6
4151306,Liliopsida,196,Plantae,6
4155246,Liliopsida,196,Plantae,6
3083667,Magnoliopsida,220,Plantae,6
3026426,Magnoliopsida,220,Plantae,6
2703720,Liliopsida,196,Plantae,6
4135683,Liliopsida,196,Plantae,6
4150636,Liliopsida,196,Plantae,6
7877091,Magnoliopsida,220,Plantae,6
5674919,Liliopsida,196,Plantae,6
7314281,Magnoliopsida,220,Plantae,6
5677636,Liliopsida,196,Plantae,6
4125110,Liliopsida,196,Plantae,6
4130246,Liliopsida,196,Plantae,6
4131963,Liliopsida,196,Plantae,6
2705452,Liliopsida,196,Plantae,6
8185812,Magnoliopsida,220,Plantae,6
2706277,Liliopsida,196,Plantae,6
2714796,Liliopsida,196,Plantae,6
3042399,Magnoliopsida,220,Plantae,6
2974946,Magnoliopsida,220,Plantae,6
7706146,Magnoliopsida,220,Plantae,6
2965459,Magnoliopsida,220,Plantae,6
2473421,Aves,212,Animalia,1
1322674,Insecta,216,Animalia,1
7711892,Magnoliopsida,220,Plantae,6
2928779,Magnoliopsida,220,Plantae,6
5166487,Maxillopoda,203,Animalia,1
4121365,Liliopsida,196,Plantae,6
2888993,Magnoliopsida,220,Plantae,6
3148548,Magnoliopsida,220,Plantae,6
5356680,Magnoliopsida,220,Plantae,6
5289836,Liliopsida,196,Plantae,6
2925879,Magnoliopsida,220,Plantae,6
3188867,Magnoliopsida,220,Plantae,6
2965209,Magnoliopsida,220,Plantae,6
4128347,Liliopsida,196,Plantae,6
3137579,Magnoliopsida,220,Plantae,6
2703682,Liliopsida,196,Plantae,6
3885185,Magnoliopsida,220,Plantae,6
3141046,Magnoliopsida,220,Plantae,6
3085622,Magnoliopsida,220,Plantae,6
3145375,Magnoliopsida,220,Plantae,6
5383926,Magnoliopsida,220,Plantae,6
5289911,Liliopsida,196,Plantae,6
4142399,Liliopsida,196,Plantae,6
2975393,Magnoliopsida,220,Plantae,6
7334263,Magnoliopsida,220,Plantae,6
5334386,Magnoliopsida,220,Plantae,6
3045042,Magnoliopsida,220,Plantae,6
2703776,Liliopsida,196,Plantae,6
5289831,Liliopsida,196,Plantae,6
2932501,Magnoliopsida,220,Plantae,6
4125808,Liliopsida,196,Plantae,6
5356407,Magnoliopsida,220,Plantae,6
4152153,Liliopsida,196,Plantae,6
2703892,Liliopsida,196,Plantae,6
2702527,Liliopsida,196,Plantae,6
3084939,Magnoliopsida,220,Plantae,6
4134633,Liliopsida,196,Plantae,6
5289957,Liliopsida,196,Plantae,6
4143702,Liliopsida,196,Plantae,6
4136695,Liliopsida,196,Plantae,6
5360417,Magnoliopsida,220,Plantae,6
5393689,Magnoliopsida,220,Plantae,6
2715206,Liliopsida,196,Plantae,6
6366597,Magnoliopsida,220,Plantae,6
4128881,Liliopsida,196,Plantae,6
3089549,Magnoliopsida,220,Plantae,6
9632508,Liliopsida,196,Plantae,6
5349991,Magnoliopsida,220,Plantae,6
5341498,Magnoliopsida,220,Plantae,6
2650180,Polypodiopsida,7228684,Plantae,6
5356614,Magnoliopsida,220,Plantae,6
5289763,Liliopsida,196,Plantae,6
3741432,Magnoliopsida,220,Plantae,6
4134265,Liliopsida,196,Plantae,6
2926686,Magnoliopsida,220,Plantae,6
5399550,Magnoliopsida,220,Plantae,6
1420612,Insecta,216,Animalia,1
2972703,Magnoliopsida,220,Plantae,6
3084883,Magnoliopsida,220,Plantae,6
5403742,Magnoliopsida,220,Plantae,6
3034552,Magnoliopsida,220,Plantae,6
4113402,Liliopsida,196,Plantae,6
7505045,Magnoliopsida,220,Plantae,6
4146512,Liliopsida,196,Plantae,6
7707087,Magnoliopsida,220,Plantae,6
4105652,Liliopsida,196,Plantae,6
2965233,Magnoliopsida,220,Plantae,6
4105208,Liliopsida,196,Plantae,6
9379326,Liliopsida,196,Plantae,6
5376785,Magnoliopsida,220,Plantae,6
2706067,Liliopsida,196,Plantae,6
2879411,Magnoliopsida,220,Plantae,6
10755213,Liliopsida,196,Plantae,6
3663237,Magnoliopsida,220,Plantae,6
3065244,Magnoliopsida,220,Plantae,6
5831060,Magnoliopsida,220,Plantae,6
6411098,Magnoliopsida,220,Plantae,6
6157026,Testudines,11418114,Animalia,1
7331861,Magnoliopsida,220,Plantae,6
7224157,Magnoliopsida,220,Plantae,6
6157035,Testudines,11418114,Animalia,1
7068379,Magnoliopsida,220,Plantae,6
7757431,Magnoliopsida,220,Plantae,6
7466434,Magnoliopsida,220,Plantae,6
7226776,Liliopsida,196,Plantae,6
7070211,Liliopsida,196,Plantae,6
7266329,Magnoliopsida,220,Plantae,6
7225471,Magnoliopsida,220,Plantae,6
6449041,Liliopsida,196,Plantae,6
2974921,Magnoliopsida,220,Plantae,6
7062200,Testudines,11418114,Animalia,1
7224427,Magnoliopsida,220,Plantae,6
7226794,Liliopsida,196,Plantae,6
5587240,Magnoliopsida,220,Plantae,6
7308335,Magnoliopsida,220,Plantae,6
4131042,Liliopsida,196,Plantae,6
7068845,Magnoliopsida,220,Plantae,6
7358677,Magnoliopsida,220,Plantae,6
4270548,Liliopsida,196,Plantae,6
3040999,Magnoliopsida,220,Plantae,6
5352425,Magnoliopsida,220,Plantae,6
11162940,Magnoliopsida,220,Plantae,6
7901010,Magnoliopsida,220,Plantae,6
7266343,Magnoliopsida,220,Plantae,6
2914404,Magnoliopsida,220,Plantae,6
7323251,Magnoliopsida,220,Plantae,6
7332416,Magnoliopsida,220,Plantae,6
7068732,Magnoliopsida,220,Plantae,6
4932232,Liliopsida,196,Plantae,6
7925720,Magnoliopsida,220,Plantae,6
5825913,Pinopsida,194,Plantae,6
6164210,Mammalia,359,Animalia,1
6409536,Magnoliopsida,220,Plantae,6
4925890,Magnoliopsida,220,Plantae,6
7421129,Liliopsida,196,Plantae,6
6085036,Liliopsida,196,Plantae,6
4123394,Liliopsida,196,Plantae,6
9567226,Magnoliopsida,220,Plantae,6
8045533,Magnoliopsida,220,Plantae,6
8358048,Magnoliopsida,220,Plantae,6
7271631,Magnoliopsida,220,Plantae,6
7409013,Magnoliopsida,220,Plantae,6
3596131,Magnoliopsida,220,Plantae,6
8421432,Magnoliopsida,220,Plantae,6
4271356,Magnoliopsida,220,Plantae,6
7753114,Magnoliopsida,220,Plantae,6
7230699,Pinopsida,194,Plantae,6
7295374,Magnoliopsida,220,Plantae,6
9603492,Magnoliopsida,220,Plantae,6
6550056,Magnoliopsida,220,Plantae,6
2653392,Gnetopsida,282,Plantae,6
4115425,Liliopsida,196,Plantae,6
6432925,Magnoliopsida,220,Plantae,6
5373039,Magnoliopsida,220,Plantae,6
6084799,Liliopsida,196,Plantae,6
6313051,Liliopsida,196,Plantae,6
4194303,Magnoliopsida,220,Plantae,6
5545159,Magnoliopsida,220,Plantae,6
7272439,Magnoliopsida,220,Plantae,6
10966302,Liliopsida,196,Plantae,6
7427650,Magnoliopsida,220,Plantae,6
7190901,Testudines,11418114,Animalia,1
5347854,Magnoliopsida,220,Plantae,6
8925248,Magnoliopsida,220,Plantae,6
7227181,Liliopsida,196,Plantae,6
11844792,Magnoliopsida,220,Plantae,6
8323119,Magnoliopsida,220,Plantae,6
3602069,Magnoliopsida,220,Plantae,6
9537212,Magnoliopsida,220,Plantae,6
9508942,Magnoliopsida,220,Plantae,6
4270675,Liliopsida,196,Plantae,6
7415922,Magnoliopsida,220,Plantae,6
3023671,Magnoliopsida,220,Plantae,6
5373483,Magnoliopsida,220,Plantae,6
6369140,Magnoliopsida,220,Plantae,6
7096205,Magnoliopsida,220,Plantae,6
7740944,Magnoliopsida,220,Plantae,6
7223276,Magnoliopsida,220,Plantae,6
9405645,Magnoliopsida,220,Plantae,6
7226804,Liliopsida,196,Plantae,6
5224481,Squamata,11592253,Animalia,1
2706403,Liliopsida,196,Plantae,6
8134874,Liliopsida,196,Plantae,6
7293222,Magnoliopsida,220,Plantae,6
4219118,Magnoliopsida,220,Plantae,6
3802956,Magnoliopsida,220,Plantae,6
6420901,Magnoliopsida,220,Plantae,6
4250676,Magnoliopsida,220,Plantae,6
6156934,Testudines,11418114,Animalia,1
6157050,Testudines,11418114,Animalia,1
8918909,Liliopsida,196,Plantae,6
3922770,Magnoliopsida,220,Plantae,6
9448191,Magnoliopsida,220,Plantae,6
7440977,Magnoliopsida,220,Plantae,6
5652131,Magnoliopsida,220,Plantae,6
8257546,Liliopsida,196,Plantae,6
7455425,Magnoliopsida,220,Plantae,6
5359402,Magnoliopsida,220,Plantae,6
8257857,Magnoliopsida,220,Plantae,6
8336551,Magnoliopsida,220,Plantae,6
2769073,Liliopsida,196,Plantae,6
5352372,Magnoliopsida,220,Plantae,6
4090836,Magnoliopsida,220,Plantae,6
7323906,Magnoliopsida,220,Plantae,6
4048052,Magnoliopsida,220,Plantae,6
6076957,Magnoliopsida,220,Plantae,6
4036350,Magnoliopsida,220,Plantae,6
7267492,Magnoliopsida,220,Plantae,6
8381801,Magnoliopsida,220,Plantae,6
2717402,Liliopsida,196,Plantae,6
2705287,Liliopsida,196,Plantae,6
7267631,Magnoliopsida,220,Plantae,6
7222255,Magnoliopsida,220,Plantae,6
8369366,Liliopsida,196,Plantae,6
7225621,Magnoliopsida,220,Plantae,6
9771172,Magnoliopsida,220,Plantae,6
4036957,Magnoliopsida,220,Plantae,6
7223177,Magnoliopsida,220,Plantae,6
8338571,Liliopsida,196,Plantae,6
3047633,Magnoliopsida,220,Plantae,6
7277946,Magnoliopsida,220,Plantae,6
7225456,Magnoliopsida,220,Plantae,6
7308043,Magnoliopsida,220,Plantae,6
