taxonKey,scientificName
2685484,Abies alba
2685361,Abies grandis
2685663,Abies homolepis
2685552,Abies nordmanniana
5384889,Abronia fragrans
3152614,Abutilon theophrasti
5370829,Acaena caesiiglauca
5370832,Acaena magellanica
5370688,Acaena microphylla
5386764,Acalypha indica
3056384,Acalypha rhomboidea
2064632,Acanalonia conica
3100375,Acanthospermum hispidum
8116963,Acanthus hungaricus
5415455,Acanthus mollis
5415453,Acanthus spinosus
2114446,Acartia tonsa
7100404,Acer buergerianum
7262908,Acer cappadocicum
7877018,Acer cissifolium
7262943,Acer davidii
3767816,Acer japonicum
3189835,Acer macrophyllum
7262958,Acer monspessulanum
3189866,Acer negundo
3189882,Acer palmatum
3189836,Acer pensylvanicum
3189883,Acer rubrum
7263145,Acer rufinerve
3189837,Acer saccharinum
4925890,Acer tataricum
9537212,Acer tataricum
7226794,Acer tataricum
2769073,Acer tataricum ginnala
2294131,Aceria brachytarsus
2128502,Aceria erinea
7606014,Aceria heteronyx
4544661,Aceria ilicis
4544517,Aceria tristriata
9776414,Acharia stimulea
3084949,Achatina achatina
1718308,Acheta domesticus
3120391,Achillea ageratum
3120284,Achillea filipendulina
3120024,Achillea nobilis
5240299,Achillea salicifolia
3746867,Achillea salicifolia
6156934,Achillea salicifolia salicifolia
7323341,Achillea setacea
5548011,Achnatherum bromoides
4142326,Achnatherum calamagrostis
4287131,Acipenser baerii
2402129,Acipenser gueldenstaedtii
2402168,Acipenser ruthenus
8421432,Acmella
7427650,Acmella NA
5384332,Acmella NA
7576335,Acmella oleracea
7967494,Aconitum cammarum
5384370,Aconitum napellus
3922770,Aconitum napellus
7427741,Aconitum napellus
7070211,Aconitum napellus giganteum
2873769,Acorus calamus
2489010,Acridotheres cristatellus
2489004,Acridotheres ginginianus
2489005,Acridotheres tristis
1865660,Actias selene
2498104,Actinidia deliciosa
2049661,Adelges abietis
2049732,Adelges cooleyi
2049722,Adelges laricis
5341202,Adenostyles alliariae
2651843,Adiantum aleuticum
2651816,Adiantum capillus-veneris
2651826,Adiantum raddianum
7987143,Adonis aestivalis
7277946,Adonis aestivalis
2717402,Adonis aestivalis
2914404,Adonis aestivalis aestivalis
5371709,Adonis annua
8246651,Adonis flammea
1651430,Aedes albopictus
1652212,Aedes japonicus
1652150,Aedes koreicus
5289783,Aegilops cylindrica
5289781,Aegilops geniculata
3202936,Aegilops triuncialis
4485839,Aegilops ventricosa
5959227,Aegopinella nitens
7068732,Aeluropus littoralis
5375105,Aeschynomene americana
4128792,Aeschynomene indica
3189824,Aesculus flava
3189815,Aesculus hippocastanum
2874019,Aesculus indica
3189828,Aesculus parviflora
3189807,Aesculus pavia
4090836,Agama agama
2479555,Agapornis canus
2479544,Agapornis fischeri
2479553,Agapornis personatus
7780342,Agapornis roseicollis
7307327,Agastache rugosa
2767031,Agave americana
5400552,Ageratina altissima
5401760,Ageratum houstonianum
5342681,Agonoscena succincta
3001978,Agrimonia repens
4125930,Agropogon lutosus
2705196,Agropyron cristatum
3085366,Agrostemma brachyloba
2706501,Agrostis castellana
4123912,Agrostis dimorpholemma
2706526,Agrostis exarata
4122968,Agrostis fouilladeana
4105744,Agrostis nebulosa
2706444,Agrostis scabra
6710856,Aidemosyne modesta
3190653,Ailanthus altissima
4154800,Aira caryophyllea
6084799,Aira caryophyllea
7308335,Aira caryophyllea
2161911,Aira caryophyllea plesiantha
8322034,Aira elegans
2498388,Aix galericulata
2498387,Aix sponsa
3033965,Akebia quinata
5406789,Alcea rosea
5617467,Alcea rugosa
5188774,Alchemilla conjuncta
3027791,Alchemilla micans
3028528,Alchemilla mollis
3028586,Alchemilla tytthantha
7670473,Aldrovanda vesiculosa
2474045,Alectoris barbara
2474029,Alectoris chukar
2474055,Alectoris graeca
2474051,Alectoris rufa
8323119,Aleurodothrips fasciapennis
7427542,Aleurotuba jelinekii
2479925,Alisterus scapularis
3797084,Alkekengi officinarum
9537212,Alkekengi officinarum
2464899,Alkekengi officinarum
2176168,Alkekengi officinarum
7358677,Alkekengi officinarum franchetii
2856037,Allium ampeloprasum
2855968,Allium carinatum
2857697,Allium cepa
2856780,Allium cristophii
2856504,Allium fistulosum
2856920,Allium hollandicum
2856891,Allium karataviense
2855705,Allium lusitanicum
2857679,Allium macleanii
2855825,Allium moly
2855823,Allium nigrum
2857017,Allium paradoxum
2856456,Allium pendulinum
2857449,Allium ramosum
2855893,Allium roseum
2856681,Allium sativum
2855860,Allium schoenoprasum
9177060,Allium scorodoprasum
2856204,Allium siculum
2856457,Allium triquetrum
2857341,Allium zebdanense
3172127,Allopeas clavulinum
2876607,Alnus cordata
9148577,Alnus incana
2876571,Alnus pubescens
4097656,Alnus spaethii
7331548,Alonsoa linearis
8034409,Alopecurus magellanicus
2498252,Alopochen aegyptiaca
4274443,Alternanthera angustifolia
4211074,Alternanthera caracasana
2725229,Alternanthera denticulata
8160803,Alternanthera ficoidea
7227181,Alternanthera paronychioides
2723909,Alternanthera pungens
3084939,Alternanthera sessilis
3152519,Althaea cannabina
3152521,Althaea hirsuta
5289726,Alyssum hirsutum
3044912,Alyssum montanum
3045042,Alyssum simplex
4115425,Alyssum strigosum
4250826,Alyssum turkestanicum
2493698,Amandava amandava
7223276,Amandava subflava
2441533,Amanita inopinata
7905507,Amaranthus albus
5384395,Amaranthus blitoides
8911082,Amaranthus blitum
5384361,Amaranthus bouchonii
2475679,Amaranthus capensis
7332416,Amaranthus capensis
12205713,Amaranthus capensis
2706403,Amaranthus capensis
2974921,Amaranthus capensis capensis
7225471,Amaranthus capensis uncinatus
6109611,Amaranthus caudatus
2153791,Amaranthus clementii
5384341,Amaranthus crispus
5384390,Amaranthus cruentus
5384396,Amaranthus deflexus
2480317,Amaranthus emarginatus
7225456,Amaranthus emarginatus
7277946,Amaranthus emarginatus emarginatus
5384373,Amaranthus graecizans
5384364,Amaranthus hybridus
9080185,Amaranthus hypochondriacus
3757189,Amaranthus macrocarpus
3757050,Amaranthus macrocarpus
11794300,Amaranthus macrocarpus
7066596,Amaranthus macrocarpus
4273336,Amaranthus macrocarpus macrocarpus
7295374,Amaranthus macrocarpus pallidus
7323810,Amaranthus mitchellii
3757457,Amaranthus muricatus
3083921,Amaranthus ozanonii
5384393,Amaranthus palmeri
6156934,Amaranthus polygonoides
5384359,Amaranthus powellii
7323711,Amaranthus quitensis
7975549,Amaranthus ralletii
6109534,Amaranthus retroflexus
3084748,Amaranthus scleropoides
5384401,Amaranthus spinosus
5548401,Amaranthus standleyanus
5384383,Amaranthus thunbergii
5384347,Amaranthus tuberculatus
5384334,Amaranthus viridis
7975549,Amaranthus ×ralletii
2141622,Amaurobius erberi
2479666,Amazona amazonica
2479612,Amazona ochrocephala
2498411,Amazonetta brasiliensis
7323906,Amberboa moschata
8014163,Ambigolimax valentianus
5218899,Amblonyx cinereus
8002952,Ambrosia artemisiifolia
3110686,Ambrosia psilostachya
3110588,Ambrosia trifida
2431965,Ambystoma macrodactylum
3937506,Ambystoma tigrinum
2340977,Ameiurus melas
2340989,Ameiurus nebulosus
3023903,Amelanchier humilis
3024109,Amelanchier lamarckii
3023852,Amelanchier spicata
3024109,Amelanchier ×lamarckii
4930999,Amethystea caerulea
3188711,Ammannia coccinea
3034182,Ammi majus
3133446,Ammobium alatum
5166760,Ammothea hilgendorfi
5357407,Amorpha fruticosa
7293727,Ampelopsis glandulosa
3110041,Amphiachyris dracunculoides
4487243,Amphiareus obscuriceps
4805564,Amphibalanus amphitrite
6467647,Amphibalanus improvisus
1013526,Amphibalanus reticulatus
7331861,Amphibalanus variegatus
4105652,Amphibromus recurvatus
1014565,Amphitomeus attemsi
2925879,Amsinckia eastwoodiae
8386733,Amsinckia lycopsoides
2925870,Amsinckia menziesii
2713519,Amsinckia menziesii
8421432,Amsinckia menziesii
2717402,Amsinckia menziesii intermedia
2925877,Amsinckia tessellata
1702101,Anacridium aegyptium
3148589,Anacyclus clavatus
3148560,Anacyclus radiatus
3148548,Anacyclus valentinus
4926336,Anaphalis margaritacea
3136929,Anaphalis triplinervis
8114833,Anarrhinum bellidifolium
2498154,Anas americana
2498090,Anas bahamensis
2498094,Anas capensis
2498097,Anas castanea
2498139,Anas cyanoptera
2498064,Anas erythrorhyncha
2498096,Anas falcata
2498065,Anas flavirostris
2498107,Anas formosa
7998563,Anas gibberifrons
2498071,Anas hottentota
5200414,Anas laysanensis
2498108,Anas luzonica
9450106,Anas poecilorhyncha
2498131,Anas puna
2498145,Anas rhynchotis
2498110,Anas sibilatrix
2498084,Anas superciliosa
2498156,Anas undulata
2498114,Anas versicolor
3190845,Anas zonorhyncha
5229411,Anastomus lamelligerus
5341198,Anchusa azurea
5662089,Anchusa ochroleuca
7295374,Anchusa officinalis
7282357,Anchusa officinalis
4048052,Anchusa officinalis
5621983,Anchusa procera
5661914,Anchusa thessala
3079631,Andrachne telephioides
4497180,Andricus aries
4497120,Andricus corruptrix
4496973,Andricus gemmeus
1309606,Andricus grossulariae
1309600,Andricus kollari
4497054,Andricus lignicolus
4497124,Andricus quercuscalicis
3169329,Androsace maxima
3105508,Andryala integrifolia
9419395,Anemonastrum canadense
3927746,Anemone apennina
3033242,Anemone blanda
3033261,Anemone coronaria
3922888,Anemone sylvestris
3034646,Anethum graveolens
11921804,Anethum ridolfia
5371808,Angelica archangelica
2705391,Anguillicola crassus
8241853,Anisocampium niponicum
3152493,Anoda cristata
6300531,Anolis
7740944,Anolis NA
4145671,Anolis NA
4145354,Anolis sagrei
1650106,Anopheles pharoensis
4143912,Anoplophora chinensis
7572133,Anoplophora glabripennis
2498167,Anser caerulescens
2498163,Anser canagicus
2498034,Anser cygnoides
2498035,Anser indicus
2498161,Anser rossii
8427207,Antaresia childreni
3102823,Anthemis ruthenica
5123474,Anthophila nemorana
4134265,Anthosachne scabra
2705972,Anthoxanthum aristatum
2703346,Anthoxanthum nitens
4427283,Anthrenocerus australis
4427319,Anthrenus angustefasciatus
5371746,Anthriscus cerefolium
4934102,Anthropoides paradiseus
2474936,Anthropoides virgo
5352425,Anthyllis vulneraria
3048288,Anthyllis vulneraria
3048532,Anthyllis vulneraria
2176168,Anthyllis vulneraria
7455425,Anthyllis vulneraria
2457378,Anthyllis vulneraria carpatica
4194303,Anthyllis vulneraria polyphylla
1419894,Antigone vipio
7581174,Antirrhinum graniticum
3172001,Antirrhinum majus
2442664,Apalone
2442664,Apalone NA
3065244,Apalone ferox
5676903,Apera intermedia
5289643,Apera interrupta
2155807,Aphanomyces astaci
1309635,Aphelonyx cerricola
2330928,Aplidium glabrum
5401239,Apodiphus amygdali
5328593,Aponogeton distachyos
8599762,Aproceros leucopoda
2480514,Aquila rapax
5959231,Ara ararauna
2988040,Ara macao
5959228,Ara severus
7068732,Arabidopsis arenosa
6432925,Arabidopsis arenosa
3040999,Arabidopsis arenosa
6157026,Arabidopsis arenosa arenosa
3052450,Arabidopsis halleri
5375020,Arabis alpina
5221988,Arabis auriculata
5374922,Arabis caucasica
5374998,Arabis collina
5374933,Arabis planisiliqua
5375012,Arabis procurrens
5353770,Arachis hypogaea
3037015,Aralia cordata
3036892,Aralia elata
3036958,Aralia racemosa
2684984,Araucaria araucana
3114986,Arctotheca calendula
6363863,Arenaria montana
2888485,Argemone mexicana
3104491,Argyranthemum frutescens
1830284,Argyresthia thuiella
7540164,Arion vulgaris
2866850,Arisaema dracontium
2706277,Aristida adscensionis
2443074,Aristida congesta
6157050,Aristida hordeacea
7190901,Aristida longespica
2873991,Aristolochia clematitis
5384465,Aristolochia rotunda
2157335,Armeria alliacea
7136543,Armeria arenaria
1010644,Armeria humilis
5359402,Armeria humilis
7323251,Armeria humilis humilis
4090836,Armeria maritima
1008610,Armeria maritima
2706403,Armeria maritima
7295374,Armeria maritima elongata
3041022,Armoracia rusticana
2295309,Arnebia decumbens
4486297,Arocatus longiceps
5363627,Aronia melanocarpa
5363613,Aronia prunifolia
2150089,Artema atlanta
8042568,Artemisia abrotanum
2925790,Artemisia afra
3121088,Artemisia alba
8373355,Artemisia annua
3121668,Artemisia austriaca
3121226,Artemisia biennis
3120692,Artemisia crithmifolia
3121581,Artemisia dracunculus
4219118,Artemisia gmelinii
3120950,Artemisia ludoviciana
4248063,Artemisia mongolica
8195160,Artemisia pontica
3121258,Artemisia princeps
3121474,Artemisia rubripes
3120713,Artemisia scoparia
3121562,Artemisia sieversiana
3121228,Artemisia tournefortiana
3120790,Artemisia verlotiorum
5330661,Arum italicum
5362136,Aruncus dioicus
2703041,Arundo donax
3729273,Asarina procumbens
7313595,Asarum europaeum
3170266,Asclepias incarnata
1349836,Asclepias speciosa
3170247,Asclepias syriaca
2768763,Asparagus aethiopicus
2926055,Asperugo procumbens
2916662,Asperula arvensis
2916822,Asperula laevigata
2916975,Asperula taurina
2916767,Asperula tinctoria
2778358,Asphodelus tenuifolius
5387639,Aster ageratoides
5387396,Aster alpinus
8133114,Aster amellus
6302047,Aster indamellus
5393689,Asteriscus aquaticus
8006893,Astragalus boeticus
5343253,Astragalus cicer
2502805,Astragalus cymbicarpos
6159238,Astragalus hamosus
4136060,Astragalus onobrychis
4135892,Astragalus oxyglottis
7222255,Astragalus stella
3034915,Astrantia major
5608183,Athanasia trifurcata
6411098,Atriplex eardleyae
3083718,Atriplex halimus
3083746,Atriplex holocarpa
3083761,Atriplex hortensis
6447496,Atriplex leptocarpa
3083680,Atriplex micrantha
3083773,Atriplex muelleri
7009279,Atriplex oblongifolia
2925754,Atriplex pseudocampanulata
3083745,Atriplex rosea
3760099,Atriplex sagittata
3083667,Atriplex semibaccata
3083763,Atriplex sibirica
3083771,Atriplex suberecta
3083702,Atriplex tatarica
5124716,Attacus atlas
4309705,Atyaephyra desmarestii
1521740,Atypophthalmus umbratus
3054110,Aubrieta columnae
3054117,Aubrieta deltoidea
3033077,Aucuba japonica
9139578,Aulacaspis rosae
11205618,Aurantothrips orchidaceus
5377778,Aurinia saxatilis
1420791,Austrodanthonia racemosa
2115769,Austrominius modestus
4105208,Austrostipa nitida
2308541,Austrostipa scabra
2308549,Austrostipa scabra
7350944,Austrostipa scabra
7267631,Austrostipa scabra
8006893,Austrostipa scabra falcata
7222255,Austrostipa scabra scabra
4104718,Austrostipa verticillata
7293222,Avellinia festucoides
2705300,Avena barbata
1031512,Avena brevis
1031524,Avena marquandii
8174035,Avena nuda
2705290,Avena sativa
7226804,Avena sterilis
7753114,Avena sterilis
5632022,Avena sterilis
8134874,Avena sterilis
6157050,Avena sterilis
7225621,Avena sterilis ludoviciana
3047147,Avena sterilis sterilis
2705295,Avena strigosa
2705932,Axonopus fissifolius
6447806,Axyris amaranthoides
2650107,Azolla filiculoides
3129663,Baccharis halimifolia
4400961,Badonnelia titei
2115706,Balanus glandula
4007682,Balanus trigonus
5228229,Balearica regulorum
8864505,Ballerus ballerus
6409536,Ballota nigra
3140910,Ballota nigra
7222255,Ballota nigra
7224069,Ballota nigra nigra
2976091,Baptisia australis
5374614,Barbarea stricta
5374672,Barbarea verna
2307447,Barbronia weberi
2284443,Barentsia ramosa
2479720,Barnardius zonarius
2443339,Basiliscus plumifrons
5383909,Bassia hyssopifolia
5568188,Bassia laniflora
5383936,Bassia scoparia
2965226,Bathilda ruficauda
1133603,Batocera lineolata
5166489,Batrachochytrium dendrobatidis
2497341,Batrachochytrium salamandrivorans
5290059,Beckmannia syzigachne
4556286,Begonia semperflorens
5414976,Bellardia trixago
7733140,Bellardia viscosa
2007665,Belonochilus numenius
2394563,Berberis aquifolium
3033905,Berberis darwinii
4938160,Berberis gagnepainii
4938153,Berberis hybridogagnepainii
3981817,Berberis interposita
3981543,Berberis julianae
3033898,Berberis ottawensis
3033896,Berberis thunbergii
3981814,Berberis wilsoniae
5567694,Bergenia crassifolia
6420901,Bergenia schmidtii
3053522,Berteroa incana
5567951,Beta macrocarpa
5383926,Beta trigyna
7068845,Beta vulgaris
7225621,Beta vulgaris
7224157,Beta vulgaris
7266343,Beta vulgaris vulgaris
3905825,Betonica macrantha
5332004,Betula nana
5332120,Betula papyrifera
5389402,Bidens bipinnata
5392083,Bidens connata
5392174,Bidens frondosa
5391845,Bidens pilosa
5392145,Bidens radiata
5391882,Bidens subalternans
8323119,Bidens triplinervia
2495342,Bidens triplinervia
8336551,Bidens triplinervia
7062200,Bidens triplinervia macrantha
5391810,Bidens vulgata
5371870,Bifora radians
7440977,Bifora testiculata
2502938,Bipalium kewense
3188838,Biserrula pelecinus
7577557,Bispira polyomma
4033335,Bistorta affinis
7291264,Bistorta amplexicaulis
9771172,Blanus
7409013,Blanus NA
3094899,Blanus NA
1995681,Blaptica dubia
1852831,Blastobasis adustella
1852787,Blastobasis lacticolella
5151589,Blatta orientalis
1997215,Blattella germanica
5383971,Blitum capitatum
5568899,Blitum nuttallianum
5383969,Blitum virgatum
5646410,Blumenbachia hieronymi
7222196,Boa
4035024,Boa NA
7420522,Boa NA
7846821,Boa constrictor
6084799,Boaedon
7415922,Boaedon NA
4108297,Boaedon NA
2320810,Boccardia proboscidea
2320998,Boccardiella hamata
2705092,Boccardiella ligerica
4567717,Boettgerilla pallens
2718387,Bolboschoenus glaucus
2718377,Bolboschoenus planiculmis
2718302,Bolboschoenus yagara
2423441,Bombina orientalis
7466434,Bombycilla japonica
9711656,Bonamia ostreae
2926110,Borago officinalis
5229203,Bostrychia hagedash
2426658,Bothriochloa decipiens
2704102,Bothriochloa ischaemum
4136695,Bothriochloa macra
2650180,Botrychium simplex
4354937,Botrylloides diegensis
4354941,Botrylloides violaceus
2705857,Brachiaria platyphylla
5290143,Brachypodium distachyon
5290144,Brachypodium phoenicoides
3144603,Brachyscome iberidifolia
2928153,Branchiodrilus hortensis
2308574,Branchiura sowerbyi
5232437,Branta canadensis
5232452,Branta hutchinsii
5232445,Branta sandvicensis
3042799,Brassica barrelieri
3042925,Brassica carinata
2447418,Brassica elongata
9603492,Brassica elongata
7227181,Brassica elongata integrifolia
3042751,Brassica juncea
3042636,Brassica napus
3042845,Brassica oleracea
7903057,Brassica rapa
3042624,Brassica tournefortii
2152822,Bratislavia dadayi
2702792,Briza maxima
2702793,Briza minor
5381097,Bromus alopecuros
5341768,Bromus arenarius
2703731,Bromus brevis
2703682,Bromus briziformis
2703712,Bromus carinatus
2703723,Bromus catharticus
5539680,Bromus danthoniae
2703760,Bromus diandrus
4124881,Bromus ferronii
4131042,Bromus hordeaceus
5347854,Bromus hordeaceus
2453826,Bromus hordeaceus
8782549,Bromus hordeaceus
5352425,Bromus hordeaceus
7331861,Bromus hordeaceus divaricatus
7421129,Bromus hordeaceus longipedicellatus
2703670,Bromus inermis
4128347,Bromus intermedius
3189760,Bromus japonicus
4090836,Bromus japonicus
7350944,Bromus japonicus japonicus
2703733,Bromus lanceolatus
2703711,Bromus lepidus
2703721,Bromus madritensis
2703686,Bromus marginatus
4114858,Bromus pectinatus
2703776,Bromus polyanthus
2703663,Bromus rigidus
2703740,Bromus rubens
2703720,Bromus scoparius
2703698,Bromus sitchensis
2703700,Bromus squarrosus
5361944,Broussonetia papyrifera
2926045,Brunnera macrophylla
5959118,Bubo virginianus
1751299,Bucculatrix ainsliella
4535888,Bucculatrix chrysanthemella
2498329,Bucephala albeola
2211487,Bucephala islandica
2020779,Buchananiella continua
2476041,Bucorvus leadbeateri
4023424,Buddleja albiflora
3173338,Buddleja davidii
9529916,Bufotes viridis
4984851,Bugula neritina
7668385,Bugulina simplex
7272439,Bugulina stolonifera
3050357,Bunias erucago
3050364,Bunias orientalis
3639326,Bupleurum croceum
3638793,Bupleurum fruticosum
6369140,Bupleurum gerardi
3034552,Bupleurum odontites
6026972,Bupleurum praealtum
3034558,Bupleurum subovatum
2480568,Buteo auguralis
2480542,Buteo jamaicensis
2882443,Cabomba caroliniana
4484176,Cacopsylla fulguralis
1932752,Cacyreus marshalli
1873890,Cadra cautella
1873903,Cadra figulilella
2502810,Caenoplana coerulea
6476679,Caenoplana variegata
2514345,Caiman crocodilus
7805464,Cairina moschata
3084693,Calandrinia ciliata
7288892,Calandrinia pilosiuscula
3377362,Calceolaria chelidonioides
9182765,Calendula arvensis
5391480,Calendula officinalis
2928905,Calibrachoa parviflora
7309012,Callicarpa bodinieri
1152186,Callidiellum rufipennis
2225646,Callinectes sapidus
5228080,Callipepla californica
3092946,Callistephus chinensis
2494536,Callobius nomeus
2498384,Callonetta leucophrys
5108665,Callopistria floridensis
1523628,Callopistromyia annulipes
2437394,Callosciurus erythraeus
2437399,Callosciurus finlaysonii
2437397,Callosciurus prevostii
2882482,Calluna vulgaris
5406261,Calocephalus brownii
2466496,Calotes
2466496,Calotes NA
3098186,Calotis cuneifolia
3098176,Calotis hispidula
2494787,Calotis lappulacea
3678949,Calystegia pulchra
7272185,Calystegia silvatica
4048052,Calystegia silvatica
5581279,Calystegia silvatica silvatica
2769069,Camassia leichtlinii
2769073,Camassia leichtlinii
2888945,Camassia leichtlinii
6302047,Camassia leichtlinii
7358677,Camassia leichtlinii suksdorfii
3042399,Camelina alyssum
3042416,Camelina microcarpa
3042439,Camelina rumelica
9073641,Camelina sativa
5104748,Cameraria gaultheriella
1749449,Cameraria ohridella
5410826,Campanula carpatica
5409852,Campanula erinus
5410210,Campanula fenestrellata
5411353,Campanula garganica
5411392,Campanula lactiflora
5411408,Campanula latifolia
5411453,Campanula medium
5410411,Campanula portenschlagiana
5410151,Campanula poscharskyana
5410661,Campanula pyramidalis
5410480,Campanula rhomboidalis
1313740,Camponotus vagus
4094511,Campsis grandiflora
3172549,Campsis radicans
5281901,Campylopus introflexus
2435451,Canis lupus
6164210,Canis lupus
6420901,Canis lupus
7266343,Canis lupus familiaris
5602664,Canna generalis
7529533,Canna hybrida
6308164,Canna indica
5361880,Cannabis sativa
1623354,Capitites ramulosa
5178052,Caprella equilibra
5178057,Caprella mutica
2932944,Capsicum annuum
4470640,Carabus rutilans
2480989,Caracara plancus
3170878,Caracara plancus
6449041,Caracara plancus
2202786,Caracara plancus cheriway
2943190,Caragana arborescens
3967193,Caragana halodendron
4286942,Carassius auratus
2366634,Carassius gibelio
1411953,Carausius morosus
3046015,Cardamine corymbosa
3045803,Cardamine graeca
3690997,Cardamine occulta
3046092,Cardamine parviflora
2490384,Cardinalis cardinalis
3189935,Cardiospermum grandiflorum
3189939,Cardiospermum halicacabum
3114643,Carduus acanthoides
3114679,Carduus hamulosus
9448191,Carduus nutans
5586656,Carduus nutans
7358677,Carduus nutans
7225471,Carduus nutans leiophyllus
3114667,Carduus pycnocephalus
8419625,Carduus theriotii
4210773,Carduus vivariensis
3047633,Carex agastachys
2722380,Carex crawfordii
2432063,Carex crus-corvi
7594735,Carex curvata
2726360,Carex grayi
2722973,Carex loliacea
2723271,Carex melanostachya
2722515,Carex morrowii
7227181,Carex muricata
9405036,Carex muricata
7853188,Carex muricata
5548724,Carex muricata muricata
2726538,Carex muskingumensis
2149847,Carex plantaginea
2726539,Carex scoparia
2727875,Carex secalina
2728060,Carex vulpinoidea
1998599,Cariblatta lutea
3084842,Carpobrotus edulis
2494514,Carpodacus roseus
7690055,Carpodacus sibiricus
2927296,Carpophilus obsoletus
2157278,Carrichtera annua
3138230,Carthamus lanatus
3138327,Carthamus tinctorius
7308640,Caryopteris incana
3125765,Caryopteris incana
7267492,Caryopteris incana
2444141,Caryopteris incana x mongholica
5333294,Castanea sativa
2439838,Castor canadensis
3172615,Catalpa bignonioides
4926977,Catalpa erubescens
3172613,Catalpa ovata
3134867,Catananche caerulea
3034523,Caucalis platycarpos
5219702,Cavia porcellus
3916499,Caylusea abyssinica
3875113,Ceanothus delilianus
5284702,Cedrus atlantica
5284698,Cedrus deodara
3169169,Celastrus orbiculatus
3085196,Celosia cristata
2984492,Celtis australis
5671747,Cenchrus alopecuroides
5289739,Cenchrus echinatus
5828216,Cenchrus flaccidus
5290192,Cenchrus longisetus
5289731,Cenchrus longispinus
6068804,Cenchrus petiolaris
6157026,Cenchrus spinifex
4207403,Centaurea adami
3128166,Centaurea aspera
3127691,Centaurea benedicta
3128279,Centaurea calocephala
3089549,Centaurea depressa
3128962,Centaurea diffusa
3129010,Centaurea diluta
4987920,Centaurea diluta
7222196,Centaurea diluta
5831060,Centaurea diluta algeriensis
5359402,Centaurea glaberrima
3127837,Centaurea hyalolepis
5359118,Centaurea jacea
6084799,Centaurea jacea
7327959,Centaurea jacea x nigrescens
3129064,Centaurea macrocephala
3128091,Centaurea melitensis
3128601,Centaurea napifolia
5360451,Centaurea nemenyiana
3128225,Centaurea nigra
3128228,Centaurea nigrescens
8219807,Centaurea orientalis
3127613,Centaurea paniculata
8018277,Centaurea pectinata
8305028,Centaurea phrygia
8708866,Centaurea psammogena
7223276,Centaurea solstitialis
6313049,Centaurea solstitialis
4104890,Centaurea solstitialis
11844792,Centaurea solstitialis solstitialis
3127727,Centaurea stoebe
5391292,Centipeda minima
7298987,Centranthus calcitrapae
2888740,Centranthus ruber
5289490,Centrochelys sulcata
3141046,Centromadia pungens
2162464,Cephalaria alpina
2888797,Cephalaria gigantea
8355821,Cephalaria syriaca
10172912,Cerastium arvense
2515673,Cerastium dichotomum
7925372,Cerastium maureri
3085438,Cerastium tomentosum
1626096,Ceratitis capitata
7380533,Ceratomegilla notata
3082279,Ceratostigma plumbaginoides
7222255,Cerbalus
8991514,Cerbalus NA
4095244,Cerbalus NA
8060423,Cercidiphyllum japonicum
5353590,Cercis siliquastrum
5232432,Cereopsis novaehollandiae
2926108,Cerinthe major
7294722,Cerinthe minor
4362883,Cerithium vulgatum
4565134,Cernuella aginnica
4565140,Cernuella cisalpina
4565061,Cernuella neglecta
8624880,Cernuella virgata
7225456,Cerobasis annulata
2440954,Cervus nippon
7068379,Ceryle rudis
3000610,Chaenomeles japonica
3000679,Chaenomeles speciosa
7332415,Chaenorhinum origanifolium
2484628,Chaenorhinum origanifolium
7427741,Chaenorhinum origanifolium
3666059,Chaenorhinum origanifolium origanifolium
5561475,Chaenostoma cordatum
3642531,Chaerophyllum aureum
3034653,Chaerophyllum bulbosum
3642339,Chaerophyllum byzantinum
6085036,Chaetanaphothrips orchidii
4417132,Chaetogammarus trichiatus
11794300,Chaetopelma olivaceum
4564944,Chalcides ocellatus
2495840,Chalcophaps indica
2683866,Chamaecyparis lawsoniana
7066596,Chamaecytisus elongatus
5354530,Chamaecytisus hirsutus
2449133,Chamaeleo calyptratus
5391599,Chamaemelum nobile
3666422,Chamaenerion dodonaei
4925890,Chara braunii
6913023,Charadrius pecuarius
5724924,Charonia lampas
2703077,Chasmanthium latifolium
7222196,Cheilanthes viridis
8925248,Cheilanthes viridis
5652131,Cheilanthes viridis macrophylla
2164194,Cheiracanthium furculatum
2164198,Cheiracanthium mildei
4314683,Chelicorophium curvispinum
5414932,Chelone obliqua
2441905,Chelydra serpentina
2498165,Chen caerulescens
2498162,Chen canagica
2498160,Chen rossii
2498046,Chenonetta jubata
5289791,Chenopodiastrum simplex
4562566,Chenopodium album
4048052,Chenopodium album
7271631,Chenopodium album missouriense
4136390,Chenopodium auricomiforme
3083920,Chenopodium berlandieri
2949250,Chenopodium berlandieri
7324507,Chenopodium berlandieri
7272185,Chenopodium berlandieri bushianum
8566446,Chenopodium borbasioides
3756077,Chenopodium giganteum
3083934,Chenopodium hircinum
3083903,Chenopodium opulifolium
3757660,Chenopodium pelgrimsianum
4845821,Chenopodium polygonoides
6084799,Chenopodium pratericola
6035638,Chenopodium probstii
3083935,Chenopodium quinoa
3756650,Chenopodium reynieri
1420197,Chenopodium striatiforme
3083905,Chenopodium suecicum
5232422,Chloephaga melanoptera
5232428,Chloephaga picta
5232423,Chloephaga poliocephala
5289631,Chloris divaricata
5289623,Chloris pectinata
5678495,Chloris pycnothrix
6101013,Chloris spinoides
5289620,Chloris truncata
5289629,Chloris ventricosa
5289624,Chloris virgata
1111797,Chlorophorus annularis
2774846,Chlorophytum comosum
3833284,Choisya ternata
8537667,Chondrilla juncea
7675186,Choreutis nemorana
3044349,Chorispora tenella
2443133,Chrysemys picta
5548724,Chrysemys picta
6427623,Chrysemys picta
7302355,Chrysemys picta bellii
4460066,Chrysolina americana
5228033,Chrysolophus amherstiae
5228034,Chrysolophus pictus
2484103,Chrysomus icterocephalus
3122190,Chrysopelea ornata
10972541,Cicada barbara
11104870,Cicada orni
2947311,Cicer arietinum
8199647,Cichorium calvum
5392271,Cichorium calvum
5392243,Cichorium endivia
5392270,Cichorium pumilum
2481915,Ciconia abdimii
8782549,Cipangopaludina chinensis
3113745,Cirsium heterophyllum
3113637,Cirsium rivulare
3112994,Cirsium subalpinum
3112994,Cirsium ×subalpinum
2874621,Citrullus lanatus
8077391,Citrus aurantium
8077391,Citrus ×aurantium
3110767,Cladanthus mixtus
2945513,Cladrastis kentukea
5202793,Clarias gariepinus
5420978,Clarkia amoena
5959227,Clarkia bottae
5420982,Clarkia pulchella
5375105,Clarkia purpurea
3040999,Clarkia purpurea
2769073,Clarkia purpurea quadrivulnera
5420957,Clarkia unguiculata
4126800,Claytonia perfoliata
3084742,Claytonia sibirica
3921611,Clematis flammula
7136602,Clematis integrifolia
7298085,Clematis jackmanii
6376216,Clematis montana
3033543,Clematis recta
3033535,Clematis tangutica
3033518,Clematis viticella
4530608,Clepsis peritana
2925351,Clerodendrum bungei
2925366,Clerodendrum trichotomum
2888323,Clethra alnifolia
7437438,Clinopodium grandiflorum
3883897,Clinopodium menthifolium
7096205,Clinopodium nepeta
5345430,Clinopodium nepeta
5345210,Clinopodium nepeta
2444221,Clinopodium nepeta
3802956,Clinopodium nepeta
5373483,Clinopodium nepeta nepeta
7219988,Clinopodium nepeta spruneri
4487598,Closterotomus trivialis
8765358,Coccinella miranda
5712981,Coccus hesperidum
4562917,Cochlicella acuta
2296807,Cochlicella barbara
4105744,Cochlostoma septemspirale
2706301,Coix lacryma-jobi
8408816,Colchicum byzantinum
4104665,Colchicum lusitanum
2155867,Coleosoma floridanum
3092083,Coleostephus myconis
9791464,Colinus virginianus
5414959,Collinsia heterophylla
2115724,Colobanthus subulatus
2128482,Colomerus vitis
12262171,Colpodium pisidicum
2495414,Columba livia
4368880,Columbella rustica
2495869,Columbina passerina
7844167,Colutea arborescens
2956441,Colutea media
2956442,Colutea orientalis
2956441,Colutea ×media
2764179,Commelina communis
2764202,Commelina diffusa
8323119,Commelina obliqua
2763962,Commelina tuberosa
2938473,Conringia austriaca
3040913,Conringia orientalis
3040928,Conringia planisiliqua
7323906,Convolvulus tricolor
7427650,Convolvulus tricolor
2321001,Convolvulus tricolor
2484608,Convolvulus tricolor
5548724,Convolvulus tricolor
4273336,Convolvulus tricolor
7222255,Convolvulus tricolor cupanianus
4211590,Convolvulus tricolor tricolor
8050384,Coracias abyssinicus
2475364,Coracias cyanogaster
5189032,Corbicula fluminalis
8190231,Corbicula fluminea
2203165,Cordioniscus stebbingi
2703696,Cordylocarpus muricatus
2266009,Cordylophora caspia
2351211,Coregonus lavaretus
8918909,Coregonus nasus
4131042,Coregonus peled
3133938,Coreopsis lanceolata
3133950,Coreopsis tinctoria
3133887,Coreopsis verticillata
3034871,Coriandrum sativum
3083975,Corispermum pallasii
3759032,Corispermum tylocarpum
3013215,Cormus domestica
3082270,Cornus canadensis
3663237,Cornus sanguinea
8421432,Cornus sanguinea
3098183,Cornus sanguinea
7225712,Cornus sanguinea
2769073,Cornus sanguinea
6164210,Cornus sanguinea
2161911,Cornus sanguinea australis
7440977,Cornus sanguinea hungarica
3082244,Cornus sericea
5348644,Coronilla scorpioides
5349991,Coronilla securidaca
5350005,Coronilla varia
2704523,Cortaderia selloana
2482478,Corvus albicollis
2482519,Corvus albus
2482499,Corvus splendens
5530881,Corydalis cava
5530829,Corydalis cheilanthifolia
5530855,Corydalis linstowiana
2875968,Corylus colurna
2876049,Corylus maxima
5289726,Corynabutilon suntense
2020655,Corythucha ciliata
3128437,Coscinodiscus wailesii
2498288,Coscoroba coscoroba
3098912,Cosmos bipinnatus
3098951,Cosmos sulphureus
5390611,Cota altissima
5390636,Cota austriaca
3190522,Cotinus coggygria
3025770,Cotoneaster acutifolius
2161467,Cotoneaster adpressus
3025858,Cotoneaster ambiguus
3026024,Cotoneaster ascendens
3025889,Cotoneaster beimashanensis
3026294,Cotoneaster bullatus
3025875,Cotoneaster conspicuus
3026035,Cotoneaster coriaceus
3026049,Cotoneaster dammeri
3025896,Cotoneaster dielsianus
3026334,Cotoneaster divaricatus
3025932,Cotoneaster fangianus
3026162,Cotoneaster franchetii
3025986,Cotoneaster fruticosus
3025989,Cotoneaster ganghobaensis
3026092,Cotoneaster hjelmqvistii
3025617,Cotoneaster horizontalis
3025758,Cotoneaster hylmoei
3026105,Cotoneaster integrifolius
3025944,Cotoneaster mairei
3025731,Cotoneaster moupinensis
3025907,Cotoneaster qungbixiensis
3026160,Cotoneaster rehderi
3026074,Cotoneaster salicifolius
3026107,Cotoneaster simonsii
3026154,Cotoneaster sternianus
3026040,Cotoneaster suecicus
3025564,Cotoneaster villosulus
3026004,Cotoneaster watereri
3025605,Cotoneaster zabelii
3026040,Cotoneaster ×suecicus
3026004,Cotoneaster ×watereri
5588185,Cotula anthemoides
8542672,Cotula australis
3112110,Cotula coronopifolia
3112098,Cotula turbinata
2474162,Coturnix japonica
5373483,Crambe hispanica
3041109,Crambe hispanica
7222255,Crambe hispanica
6157035,Crambe hispanica abyssinica
2217982,Crangonyx pseudogracilis
2351136,Crassostrea virginica
7334263,Crassula decumbens
5362054,Crassula helmsii
3937506,Crassula peduncularis
7790614,Crataegus coccinea
3025764,Crataegus microphylla
4132902,Crataegus microphylla
8983123,Crataegus microphylla microphylla
3015577,Crataegus pedicellata
3015457,Crataegus persimilis
2286079,Cratoxylum sumatranum
5545159,Cratoxylum sumatranum
2974921,Cratoxylum sumatranum blancoi
5192789,Crepidula fornicata
5403541,Crepis bursifolia
5831060,Crepis foetida
7740944,Crepis foetida
7222196,Crepis foetida rhoeadifolia
7706146,Crepis nicaeensis
5403272,Crepis pulchra
5403605,Crepis sancta
5336632,Crepis sancta
6420901,Crepis sancta
7323341,Crepis sancta sancta
4245384,Crepis setosa
5403508,Crepis tectorum
2475212,Crinifer zonurus
6100996,Crithagra mozambica
1013526,Crithopsis delileana
1885213,Crocidophora butleri
2747939,Crocosmia crocosmiiflora
2747489,Crocus chrysanthus
2747750,Crocus luteus
2747718,Crocus speciosus
2747564,Crocus tommasinianus
2747567,Crocus vernus
2150043,Crossopriza lyoni
7327959,Crotalus atrox
8228334,Crucianella angustifolia
6718178,Cryptachaea blattea
4550810,Cryptachaea veruculata
1873051,Cryptoblabes gnidiella
1043717,Cryptolaemus montrouzieri
5284237,Cryptomeria japonica
7563173,Cryptorchestia cavimana
8307577,Cryptorchestia garbinii
1276876,Ctenochares bicolorus
1421095,Ctenolepisma lineata
6098843,Ctenolepisma longicaudatum
2362030,Ctenopharyngodon idella
5414989,Ctenosaura similis
2874574,Cucumis dipsaceus
2874570,Cucumis melo
7885624,Cucumis myriocarpus
2874569,Cucumis sativus
2874512,Cucurbita ficifolia
2874515,Cucurbita maxima
7393329,Cucurbita moschata
2874508,Cucurbita pepo
2948921,Cullen americanum
3966627,Cullen cinereum
2516075,Cumminsiella mirabilissima
3142974,Cupiennius getazi
3610757,Cuscuta campestris
2927530,Cuscuta epilinum
7694392,Cuscuta gronovii
3678256,Cuscuta lupuliformis
7536754,Cuscuta planiflora
2927484,Cuscuta suaveolens
2498380,Cyanochen cyanoptera
5844936,Cyanopica cooki
5229110,Cyanoramphus novaezelandiae
2443876,Cyanus triumfettii
3141890,Cyclachaena xanthiifolia
7127354,Cyclamen coum
7127810,Cyclamen hederifolium
8350395,Cyclospermum leptophyllum
4532122,Cydalima perspectalis
5362215,Cydonia oblonga
2498344,Cygnus atratus
2498345,Cygnus buccinator
2498335,Cygnus melancoryphus
2513597,Cylindroiulus britannicus
7331861,Cymbalaria muralis
2653392,Cymbalaria muralis
3802956,Cymbalaria muralis
7998563,Cymbalaria muralis muralis
5559837,Cymbalaria pallida
7261816,Cymbalaria pubescens
12254070,Cynanchica aristata
3112364,Cynara cardunculus
3112361,Cynara scolymus
5677636,Cynodon convergens
6109637,Cynodon dactylon
5674825,Cynodon incompletus
2925816,Cynoglossum amabile
4145671,Cynoglossum clandestinum
2437232,Cynomys ludovicianus
2704394,Cynosurus echinatus
4143912,Cyperus aggregatus
2714656,Cyperus congestus
2714301,Cyperus conglomeratus
2714453,Cyperus cyperoides
2714796,Cyperus difformis
2715482,Cyperus eragrostis
2716226,Cyperus esculentus
2715206,Cyperus exaltatus
2714233,Cyperus imbricatus
7327719,Cyperus involucratus
7070211,Cyperus longus
7421129,Cyperus longus
4134508,Cyperus longus
6913500,Cyperus longus
7222196,Cyperus longus
7764312,Cyperus longus
6411098,Cyperus longus badius
7308043,Cyperus longus longus
2714722,Cyperus reflexus
3826756,Cyperus rigens
2714818,Cyperus rotundus
2716420,Cyperus virens
4286975,Cyprinus carpio
2650829,Cyrtomium falcatum
2650827,Cyrtomium fortunei
2940408,Cytisophyllum sessilifolium
5354676,Cytisus decumbens
7681436,Cytisus multiflorus
5354707,Cytisus striatus
8400045,Daboecia cantabrica
3067869,Daboecia cantabrica
5352372,Daboecia cantabrica
2443339,Daboecia cantabrica cantabrica
7340811,Daboia palaestinae
2475648,Dacelo novaeguineae
2114326,Dactylis glomerata
4932232,Dactylis glomerata
6710856,Dactylis glomerata
7225621,Dactylis glomerata lobata
2706188,Dactyloctenium aegyptium
2706190,Dactyloctenium radulans
5387098,Dahlia coccinea
5701337,Dahlia cultorum
5701337,Dahlia ×cultorum
2049512,Daktulosphaira vitifoliae
5220136,Dama dama
5303891,Danae racemosa
2234836,Daphnia ambigua
3032611,Darmera peltata
8381801,Dasiphora davurica
7481364,Dasiphora davurica
2769073,Dasiphora davurica
11162940,Dasiphora davurica mandshurica
5370380,Dasiphora fruticosa
7810452,Dasypyrum villosum
7894250,Datura ferox
2928755,Datura innoxia
2928751,Datura stramonium
6027382,Daucus aureus
5370043,Daucus carota
6550056,Daucus carota
3755928,Daucus carota
6369140,Daucus carota sativus
3641853,Daucus durieua
6027313,Daucus glochidiatus
6027290,Daucus littoralis
7322122,Davidia involucrata
5686494,Decaisnea insignis
3145375,Deinandra fasciculata
3707631,Delosperma aberdeenense
9376410,Delosperma cooperi
3033833,Delphinium ajacis
3033757,Delphinium elatum
8429167,Delphinium hispanicum
3033829,Delphinium orientale
4344674,Dendrocoelum romanodanubiale
2498398,Dendrocygna arcuata
2498393,Dendrocygna autumnalis
2498402,Dendrocygna bicolor
2498405,Dendrocygna eytoni
2498396,Dendrocygna viduata
4488819,Deraeocoris annulipes
4488821,Deraeocoris flavilinea
8745918,Deroceras invadens
3725805,Deroceras panormitanum
5704991,Descurainia incisa
3044133,Descurainia pinnata
4152037,Desmanthus illinoensis
1420795,Desmazeria sicula
2985963,Deutzia crenata
2985964,Deutzia gracilis
2985965,Deutzia scabra
4283395,Diadumene lineata
3085421,Dianthus barbatus
3085420,Dianthus caryophyllus
7267630,Dianthus giganteus
7267631,Dianthus giganteus
7569785,Dianthus giganteus
7190901,Dianthus giganteus
7225456,Dianthus giganteus giganteus
3085412,Dianthus plumarius
4243464,Dianthus subacaulis
6363496,Dianthus superbus
2888553,Dicentra formosa
2702543,Dichanthelium clandestinum
2928668,Dichondra argentea
2928666,Dichondra micrantha
4148661,Dichotomyctere fluviatilis
8338571,Dichrooscytus gustavi
4487661,Dichrooscytus intermedius
8052025,Dicyphus escalerae
4486432,Dieuches armatipes
5414991,Digitalis ferruginea
7480365,Digitalis lanata
5289929,Digitaria abyssinica
4131963,Digitaria acuminatissima
5676646,Digitaria aequiglumis
5289957,Digitaria brownii
5289998,Digitaria ciliaris
5289972,Digitaria sanguinalis
2928624,Digitaria sanguinalis
7753114,Digitaria sanguinalis
7068732,Digitaria sanguinalis sanguinalis
5289995,Digitaria violascens
4315705,Dikerogammarus villosus
5402340,Dimorphotheca jucunda
5402363,Dimorphotheca pluvialis
5130444,Dinebra divaricatissima
2703240,Dinebra retroflexa
8257546,Diplachne fusca
8369366,Diplachne fusca
8720751,Diplachne fusca
2502805,Diplachne fusca
6159238,Diplachne fusca
2161911,Diplachne fusca
7440977,Diplachne fusca
3666059,Diplachne fusca
4274443,Diplachne fusca fascicularis
7227181,Diplachne fusca fusca
4136060,Diplosoma listerianum
5376309,Diplotaxis erucoides
5376326,Diplotaxis virgata
2888814,Dipsacus laciniatus
2888816,Dipsacus sativus
7443846,Dipsacus strigosus
7308043,Disakisperma dubium
3101193,Dittrichia graveolens
3101184,Dittrichia viscosa
5224481,Dohrniphora cornuta
5224543,Dolichophis caspius
2489073,Dolichoplana signata
7009279,Dolichoplana striata
2437619,Dolichotis patagonum
5729018,Donax serra
3143034,Doronicum columnae
2157928,Doronicum excelsum
3142967,Doronicum orientale
4230874,Doronicum willdenowii
1031742,Dorypteryx domestica
4401285,Dorypteryx longipennis
5376874,Dorypteryx pallida
2927222,Dracocephalum moldavica
2927220,Dracocephalum parviflorum
2703867,Dracocephalum thymiflorum
5330001,Dracunculus vulgaris
2287073,Dreissena bugensis
2287072,Dreissena polymorpha
2495134,Dromaius novaehollandiae
3084872,Drosanthemum floribundum
3092604,Drosera linearis
5073820,Drosophila suzukii
5128034,Dryas iulia
1309652,Dryocosmus kuriphilus
5415014,Dryophytes japonicus
7319302,Dryopteris cycadina
7157952,Dryopteris erythrosora
1031512,Dryopteris lacunosa
5568446,Dysphania ambrosioides
5568442,Dysphania anthelmintica
5568428,Dysphania botrys
5568424,Dysphania carinata
5568415,Dysphania cristata
7707087,Dysphania glomulifera
5568361,Dysphania multifida
7877091,Dysphania pseudomultiflora
5568339,Dysphania pumilio
5568322,Dysphania schraderiana
2874680,Ecballium elaterium
3150935,Echinacea purpurea
5674620,Echinaria capitata
2702812,Echinochloa colona
6431411,Echinochloa colonum
2702808,Echinochloa crus-galli
2702798,Echinochloa esculenta
2702822,Echinochloa frumentacea
4118773,Echinochloa inundata
3982284,Echinochloa jubata
2702816,Echinochloa muricata
4270675,Echinochloa muricata
3905970,Echinochloa muricata
7062200,Echinochloa muricata
5224543,Echinochloa muricata muricata
2702820,Echinochloa oryzoides
5331404,Echinocystis lobata
4315760,Echinogammarus berilloni
4417131,Echinogammarus trichiatus
5392859,Echinops bannaticus
5392683,Echinops exaltatus
5392883,Echinops sphaerocephalus
2965461,Echinopsis albispinosa
5166489,Echinopsis silvestrii
1420846,Echinothrips americanus
3138949,Echis carinatus
4068166,Echium pininana
2925895,Echium plantagineum
2480075,Eclectus roratus
5384950,Eclipta prostrata
1998083,Ectobius vittiventris
1031400,Ectopsocus briggsi
1031394,Ectopsocus petersi
5329260,Egeria densa
2480897,Egretta novaehollandiae
2470376,Ehrharta longiflora
2765940,Eichhornia crassipes
3039269,Elaeagnus angustifolia
7293094,Elaeagnus macrophylla
3039272,Elaeagnus multiflora
3039270,Elaeagnus pungens
4048240,Elaeagnus submacrophylla
3039267,Elaeagnus umbellata
4048240,Elaeagnus ×submacrophylla
9099408,Elaphe quatuorlineata
7225621,Elaphe sauromates
3047147,Elaphe schrenckii
8889878,Elaphe taeniura
5646136,Elatine alsinastrum
2716838,Eleocharis engelmannii
2717402,Eleocharis mamillata
2497828,Eleocharis mamillata
7298085,Eleocharis mamillata
5825913,Eleocharis mamillata austriaca
2717467,Eleocharis obtusa
4124350,Eleusine africana
2705957,Eleusine coracana
2705953,Eleusine indica
2705955,Eleusine tristachya
3035420,Eleutherococcus simonii
7333320,Ellisiophyllum pinnatum
2865448,Elodea canadensis
5329263,Elodea densa
5329212,Elodea nuttallii
2927075,Elsholtzia ciliata
5290282,Elymus canadensis
4206362,Elymus hystrix
3094899,Emilia fosbergii
2008616,Empicoris rubromaculatus
8909809,Emys orbicularis
9508942,Enarthrocarpus lyratus
2488960,Enderleinellus kumadai
2703892,Enneapogon desvauxii
4152153,Enneapogon scaber
2287249,Ensis directus
8485639,Ensis leei
5679692,Enteropogon acicularis
7420522,Entyloma calendulae
7846821,Entyloma dahliae
4108297,Entyloma eschscholziae
2294275,Eobania vermiculata
2479598,Eolophus roseicapilla
2653321,Ephedra distachya
2653392,Ephedra gerardiana
6449041,Ephedra gerardiana
5544928,Ephedra gerardiana
3898065,Ephedra gerardiana sikkimensis
2653256,Ephedra intermedia
3189073,Epilobium brachycarpum
9188840,Epilobium ciliatum
3665966,Epilobium floridulum
7695021,Epimedium alpinum
8044946,Epimedium pinnatum
2426658,Epimedium pubigerum
1737131,Epiphyas postvittana
2432352,Eptesicus fuscus
4146851,Eptesicus nilssonii
10629881,Epuraea imperialis
6387033,Equisetum hyemale
6387003,Equisetum praealtum
2687948,Equisetum scirpoides
4150636,Eragrostis alveiformis
2705341,Eragrostis atrovirens
2705452,Eragrostis bahiensis
2705431,Eragrostis barrelieri
2481875,Eragrostis bicolor
5289751,Eragrostis brownii
8621843,Eragrostis cilianensis
11162940,Eragrostis ciliaris
2705378,Eragrostis curvula
2447418,Eragrostis cylindriflora
2176168,Eragrostis dielsii
3645346,Eragrostis elongata
4139625,Eragrostis lacunaria
2149992,Eragrostis leptocarpa
5170395,Eragrostis leptostachya
2705339,Eragrostis mexicana
2705449,Eragrostis minor
2705401,Eragrostis multicaulis
5381097,Eragrostis neesii
5341768,Eragrostis neomexicana
6402873,Eragrostis nigra
4143702,Eragrostis obtusa
2465402,Eragrostis papposa
2705393,Eragrostis parviflora
2705420,Eragrostis pectinacea
2705400,Eragrostis pilosa
5825913,Eragrostis plana
7230699,Eragrostis planiculmis
4142399,Eragrostis procumbens
2453826,Eragrostis rotifer
2705325,Eragrostis tef
4139037,Eragrostis virescens
3033227,Eranthis hyemalis
7727786,Eratigena fuesslini
4132188,Eremopyrum bonaepartis
5682465,Erica carnea
2704234,Erica darleyensis
5333408,Erica vagans
3117449,Erigeron annuus
3146717,Erigeron bonariensis
3146791,Erigeron canadensis
3147018,Erigeron floribundus
3095939,Erigeron huelsenii
3147168,Erigeron karvinskianus
7510471,Erigeron pampeanus
3119285,Erigeron philadelphicus
3147146,Erigeron speciosus
3146683,Erigeron sumatrensis
3095939,Erigeron ×huelsenii
7358677,Erigone dentosa
3741446,Erinus alpinus
9673106,Eriocapitella hybrida
9675867,Eriocapitella tomentosa
2225776,Eriocheir sinensis
4134633,Eriochloa australiensis
2308605,Eriochloa crebra
2702527,Eriochloa procera
2702519,Eriochloa pseudoacrotricha
2702529,Eriochloa villosa
8045533,Eriophyes alniincanae
5774728,Eriophyes pyri
2891628,Erodium botrys
2891617,Erodium brachycarpum
3828342,Erodium carolinianum
7409013,Erodium chium
9429152,Erodium ciconium
3827980,Erodium crinitum
2891624,Erodium cygnorum
9297163,Erodium malacoides
3826854,Erodium manescavi
4934105,Erodium manescavii
2498054,Erodium meynieri
9419993,Erodium moschatum
10797854,Erodium salzmannii
3829143,Erodium stephanianum
7619206,Erodium trifolium
5375920,Eruca vesicaria
3376286,Erucaria hispanica
5375547,Erucastrum gallicum
5375555,Erucastrum nasturtiifolium
7318448,Eryngium bourgatii
3631129,Eryngium giganteum
3034393,Eryngium planum
3048397,Erysimum bicolor
3048203,Erysimum cheiri
3890974,Erysimum collisparsum
2486147,Erysimum diffusum
2494536,Erysimum marshallii
3048166,Erysimum repandum
7878507,Erythranthe cuprea
7346102,Erythranthe guttata
7730307,Erythranthe lutea
7346090,Erythranthe moschata
2752849,Erythronium dens-canis
2888380,Eschscholzia californica
2493660,Estrilda astrild
5221283,Eublepharis macularius
3137686,Euborellia annulipes
2494787,Eucheilota menoni
4194303,Euchiton sphaericus
3049314,Euclidium syriacum
3814157,Eudianthe coeli-rosa
5229205,Eudocimus albus
5229204,Eudocimus ruber
1722140,Eumodicogryllus bordigalensis
5789082,Euodice malabarica
3169120,Euonymus alatus
3169137,Euonymus fortunei
7102937,Euonymus japonicus
7433196,Euonymus latifolius
3790832,Euonymus oxyphyllus
4136338,Eupatorium perfoliatum
1690276,Eupholidoptera chabrieri
3065244,Euphorbia amygdaloides
6362724,Euphorbia amygdaloides
6157026,Euphorbia amygdaloides
10755213,Euphorbia amygdaloides robbiae
5583195,Euphorbia chamaesyce
3067353,Euphorbia characias
3066993,Euphorbia dentata
3066112,Euphorbia epithymoides
3064269,Euphorbia esula
3065883,Euphorbia glyptosperma
3064495,Euphorbia heterophylla
3067054,Euphorbia humifusa
3066321,Euphorbia hypericifolia
3066965,Euphorbia lathyris
3067119,Euphorbia maculata
3064669,Euphorbia myrsinites
3070346,Euphorbia nutans
3069460,Euphorbia oblongata
3064056,Euphorbia palustris
3066482,Euphorbia peplis
3067891,Euphorbia prostrata
3068528,Euphorbia pseudoesula
3066179,Euphorbia seguieriana
3064221,Euphorbia serpens
3064282,Euphorbia tommasiniana
3069300,Euphorbia vermiculata
3069053,Euphorbia verrucosa
2494097,Euplectes afer
2494086,Euplectes franciscanus
5688347,Euplectes macroura
2494088,Euplectes orix
5396125,Eurybia divaricata
3107896,Euryopis episinoides
3108121,Eurytemora americana
4553805,Euscorpius carpathicus
4553820,Euscorpius flavicaudis
5289814,Eustachys neglecta
5289819,Eustachys retusa
3092782,Euthamia graminifolia
3138195,Eutrochium maculatum
3138192,Eutrochium purpureum
2172885,Evarcha jucunda
1579447,Exaireta spinigera
8419625,Facelis retusa
2889373,Fagopyrum esculentum
2889378,Fagopyrum tataricum
2882360,Fagus orientalis
8014966,Falco biarmicus
2481034,Falco cherrug
9685907,Falco sparverius
5334351,Fallopia baldschuanica
5676003,Fargesia spathacea
3039046,Fatsia japonica
2527401,Favolaschia calocera
8909595,Faxonius limosus
9462721,Felicia tenella
2435035,Felis catus
1008955,Fenestrulina delicia
9520065,Ferrissia californica
2871376,Ferussacia folliculum
4129351,Festuca alopecuros
4129181,Festuca ambigua
6085036,Festuca ambigua
4128881,Festuca antucensis
2927296,Festuca gautieri
6431611,Festuca geniculata
2705031,Festuca glauca
5220394,Festuca guestfalica
4123394,Festuca guestfalica
7332416,Festuca guestfalica
9405036,Festuca guestfalica hirtula
4121365,Festuca ligustica
2702727,Festuca myuros
5928735,Festuca octoflora
2704949,Festuca trachyphylla
2704966,Festuca valesiaca
2327735,Ficopomatus enigmaticus
5361909,Ficus carica
3115828,Filago congesta
7272312,Filipendula camtschatica
9479629,Filipendula digitata
1623077,Fimbristylis dichotoma
3086845,Flaveria trinervia
3034922,Foeniculum vulgare
5415054,Forsythia intermedia
5415056,Forsythia suspensa
5415053,Forsythia viridissima
3029912,Fragaria ananassa
3029912,Fragaria ×ananassa
2874692,Frankenia pulverulenta
10986555,Frankliniella occidentalis
3172327,Fraxinus americana
6432925,Fraxinus angustifolia
8364220,Fraxinus angustifolia
10966302,Fraxinus angustifolia
3922770,Fraxinus angustifolia oxycarpa
3172343,Fraxinus latifolia
3172347,Fraxinus ornus
3172348,Fraxinus pennsylvanica
5300716,Fritillaria imperialis
5290129,Fulvius anthocoroides
2140406,Fulvius subnitens
7153712,Fumaria bastardii
7315286,Fumaria muralis
4987920,Furcifer pardalis
5300102,Gagea pratensis
5387817,Gaillardia grandiflora
5387817,Gaillardia ×grandiflora
3137579,Galactites tomentosa
2855398,Galanthus elwesii
2855374,Galanthus ikariae
2855356,Galanthus nivalis
2855338,Galanthus plicatus
2855439,Galanthus woronowii
2975667,Galega officinalis
5341310,Galeopsis pubescens
3132570,Galinsoga parviflora
8298495,Galinsoga quadriradiata
2913219,Galium anglicum
6313049,Galium divaricatum
2914590,Galium murale
2913169,Galium parisiense
8925248,Galium parisiense
2490789,Galium parisiense
9391215,Galium parisiense
2914501,Galium tenuissimum
2914754,Galium verrucosum
2914404,Galium verum
5250090,Galium verum
4132112,Galium verum
3757050,Galium verum wirtgenii
9326020,Gallus gallus
5864277,Gammarus roeselii
2219863,Gammarus tigrinus
3103158,Gamochaeta americana
3103180,Gamochaeta antillana
3103180,Gamochaeta antillanum
3103082,Gamochaeta pensylvanica
9771172,Garrulax leucolophus
4095244,Gastoniella chaerophylla
5289763,Gastridium phleoides
5289764,Gastridium ventricosum
5152536,Gastrodes abietum
5290242,Gaudinia fragilis
2882753,Gaultheria procumbens
2925492,Gekko gecko
5666,Gekkonidae
5666,Gekkonidae NA
6366597,Gentiana acaulis
7270381,Gentiana asclepiadea
3170040,Gentiana lutea
2495494,Geopelia cuneata
2890995,Geranium cantabrigiense
2890623,Geranium carolinianum
2890013,Geranium divaricatum
2890502,Geranium endressii
2891079,Geranium macrorrhizum
2889980,Geranium magnificum
2890287,Geranium nodosum
2890035,Geranium oxonianum
2891390,Geranium phaeum
2890651,Geranium psilostemon
2890541,Geranium purpureum
2890122,Geranium pyrenaicum
2890957,Geranium renardii
2890739,Geranium versicolor
2890972,Geranium wallichianum
2890995,Geranium ×cantabrigiense
2889980,Geranium ×magnificum
2890035,Geranium ×oxonianum
2480668,Geranoaetus melanoleucus
2480770,Geronticus eremita
5369784,Geum macrophyllum
3056259,Geum quellyon
5370006,Geum ternatum
6913023,Geum ternatum
8045533,Geum ternatum
7324507,Geum ternatum ternatum
5341540,Gilia achilleifolia
5341548,Gilia capitata
7222196,Gilia capitata
3120066,Gilia capitata
11136683,Gilia capitata
6076957,Gilia capitata
9391215,Gilia capitata capitata
5224481,Gilia capitata mediomontana
5341558,Gilia tricolor
2687885,Ginkgo biloba
5892120,Girardia tigrina
3922770,Gittenbergia sororcula
3586046,Gladiolus hortulanus
2749791,Gladiolus italicus
3586046,Gladiolus ×hortulanus
4059971,Glandora diffusa
5667614,Glandularia aristigera
5334188,Glaucium corniculatum
7315030,Glaucium grandiflorum
7627205,Glebionis coronaria
2959443,Gleditsia triacanthos
8566446,Glinus lotoides
2705512,Glyceria canadensis
2479550,Glyceria striata
8134874,Glyceria striata
6308164,Glyceria striata
7225621,Glyceria striata difformis
5359660,Glycine max
5208832,Gobiosoma bosc
7150619,Gomphocarpus fruticosus
2266754,Gonionemus vertens
2840931,Goodyera repens
3028431,Gracupica nigricollis
3190715,Grammostola rosea
1420197,Granaria frumentum
9537212,Grandidierella japonica
2041682,Graphocephala fennahi
4107552,Graptemys geographica
2443079,Graptemys ouachitensis
9228211,Graptemys pseudogeographica
6157050,Graptemys pseudogeographica
7190901,Graptemys pseudogeographica
3084949,Graptemys pseudogeographica
3045006,Graptemys pseudogeographica
6313049,Graptemys pseudogeographica
9771172,Graptemys pseudogeographica
10948891,Graptemys pseudogeographica kohnii
8336551,Graptemys pseudogeographica pseudogeographica
11107889,Graptostethus servus
3146219,Grindelia squarrosa
2474944,Grus japonensis
2474942,Grus vipio
1722299,Gryllodes sigillatus
1719204,Gryllomorpha dalmatina
1713034,Gryllus bimaculatus
8584304,Guizotia abyssinica
3088623,Guizotia scabra
5548724,Guizotia schimperi
2984306,Gunnera tinctoria
3113852,Gutenbergia rueppellii
2489450,Gymnorhina tibicen
2516117,Gymnosporangium confusum
2516137,Gymnosporangium sabinae
5384466,Gypsophila elegans
5384458,Gypsophila paniculata
5384459,Gypsophila pilosa
5384464,Gypsophila repens
2498104,Gypsophila scorzonerifolia
8091998,Gypsophila vaccaria
5585762,Gypsophila viscosa
5740285,Gyrodactylus proterorhini
5341202,Hadrotarsus ornatus
8323485,Haemorhous mexicanus
2705690,Hainardia cylindrica
5371655,Halesia carolina
2480446,Haliaeetus leucocephalus
2480445,Haliaeetus pelagicus
2480454,Haliaeetus vocifer
5182343,Haliclona xena
3596131,Halimium lasianthum
9473367,Halimium lasianthum
6409536,Halimium lasianthum
4250676,Halimium lasianthum alyssoides
4485843,Halyomorpha halys
2442665,Hanseniella caldaria
3202936,Haplodrassus securifer
4485839,Haplopoma graniferum
5959227,Haplopoma impressum
4989904,Harmonia axyridis
4125110,Harpachne schimperi
2177741,Hasarius adansoni
4126800,Hawaiia minuscula
6431764,Hebenstretia integrifolia
3036033,Hedera colchica
3036157,Hedera hibernica
3036169,Hedera maroccana
9245228,Hedlundia hybrida
5401877,Helenium autumnale
3121593,Helenium clementii
8059430,Heleobia charruana
9206251,Helianthus annuus
3119191,Helianthus debilis
3119185,Helianthus decapetalus
3119181,Helianthus laetiflorus
3119206,Helianthus maximiliani
3119225,Helianthus petiolaris
3119219,Helianthus salicifolius
3119175,Helianthus tuberosus
3119181,Helianthus ×laetiflorus
3131614,Helichrysum italicum
3131367,Helichrysum petiolare
6448072,Helictochloa bromoides
1420769,Helictotrichon sempervirens
2172103,Heliophanus kochii
5396474,Heliopsis helianthoides
6710856,Heliothrips haemorrhoidalis
4104665,Heliotropium amplexicaule
2925767,Heliotropium europaeum
7294771,Heliotropium suaveolens
7753992,Helix lucorum
3924221,Helleborus argutifolius
7277106,Helleborus lividus
3033107,Helleborus niger
6374953,Helleborus orientalis
2781074,Hemerocallis fulva
2781103,Hemerocallis lilioasphodelus
5221394,Hemidactylus
5221394,Hemidactylus NA
5221528,Hemidactylus turcicus
2225770,Hemigrapsus penicillatus
2225772,Hemigrapsus sanguineus
4382841,Hemigrapsus takanoi
2220312,Hemimysis anomala
5371699,Hepatica nobilis
3034825,Heracleum mantegazzianum
4271356,Heracleum sphondylium
2938473,Heracleum sphondylium
11844792,Heracleum sphondylium
7227181,Heracleum sphondylium sibiricum
2473221,Hercinothrips bicinctus
2444141,Hercinothrips femoralis
1577153,Hermetia illucens
3593900,Herniaria cinerea
3042291,Hesperis matronalis
2484608,Heteranthemis viscidehirta
8050384,Heterodon nasicus
2704112,Heteropoda venatoria
3032646,Heuchera micrantha
3032653,Heuchera sanguinea
4366527,Hexaplex cichoreum
4366460,Hexaplex trunculus
3152583,Hibiscus syriacus
3152560,Hibiscus trionum
3136320,Hieracium amplexicaule
4219118,Hieracium glaucinum
7226794,Hieracium glaucinum
4211590,Hieracium glaucinum
7219988,Hieracium glaucinum recensitum
4122609,Hieracium pilosum
2498325,Hieracium pulmonarioides
9391215,Hieracium pulmonarioides
7331861,Hieracium pulmonarioides spelaeum
4055853,Hieracium speciosum
2458916,Hierophis viridiflavus
5324959,Himantoglossum robertianum
5229128,Himantopus mexicanus
5353705,Hippocrepis emerus
3172127,Hippodamia convergens
2141241,Hippophae rhamnoides
4048052,Hippophae rhamnoides
9405645,Hippophae rhamnoides
7998563,Hippophae rhamnoides caucasica
3050595,Hirschfeldia incana
2149679,Holocnemus pluchei
2987780,Holodiscus discolor
5972004,Homarus americanus
1720196,Homoeogryllus reticulatus
5153082,Homotoma ficus
4274443,Hoplopleura erismata
2706067,Hordeum bulbosum
2725229,Hordeum comosum
8332019,Hordeum distichon
7227181,Hordeum euclaston
2723909,Hordeum flexuosum
2706052,Hordeum jubatum
5375285,Hordeum marinum
8338571,Hordeum marinum
6427623,Hordeum marinum
4271356,Hordeum marinum gussoneanum
4115425,Hordeum murinum
5289726,Hordeum murinum
4270548,Hordeum murinum
6449041,Hordeum murinum
3602069,Hordeum murinum
7324507,Hordeum murinum glaucum
6302047,Hordeum murinum leporinum
6076279,Hordeum pusillum
2706056,Hordeum vulgare
5376139,Hornungia alpina
5376179,Hornungia petraea
5376158,Hornungia procumbens
2771094,Hosta
2771094,Hosta NA
5384931,Houttuynia cordata
2888799,Hucho hucho
2984537,Humulus scandens
5304257,Hyacinthoides hispanica
5304294,Hyacinthoides massartiana
2772666,Hyacinthus orientalis
2985986,Hydrangea arborescens
2985994,Hydrangea macrophylla
2985995,Hydrangea paniculata
11055820,Hydrocharis laevigata
5786666,Hydrochoerus hydrochaeris
5270720,Hydrocotyle moschata
7978544,Hydrocotyle ranunculoides
8418338,Hydrocotyle sibthorpioides
3034602,Hydrocotyle verticillata
4565039,Hygromia cinctella
2427555,Hyla meridionalis
3757050,Hylaeus absolutus
7644304,Hylotelephium anacampseros
7334631,Hylotelephium maximum
2985863,Hylotelephium spectabile
7699567,Hymenoscyphus pseudoalbidus
2928979,Hyoscyamus albus
5199161,Hypania invalida
2888559,Hypecoum pendulum
3189497,Hypericum calycinum
3189457,Hypericum densiflorum
3711846,Hypericum hidcoteense
6436603,Hypericum hircinum
3711564,Hypericum inodorum
3189474,Hypericum moserianum
8021567,Hypericum olympicum
3711564,Hypericum ×inodorum
2739769,Hypochaeris microcephala
1910629,Hypolimnas bolina
2362473,Hypophthalmichthys molitrix
2362486,Hypophthalmichthys nobilis
1326634,Hypoponera punctatissima
8455382,Hypoponera schauinslandi
8766638,Hypsopygia nostralis
5341387,Hyssopus officinalis
2211599,Ianiropsis serricaudis
5377163,Iberis amara
3663237,Iberis odorata
5377286,Iberis pinnata
5551241,Iberis sempervirens
5377303,Iberis umbellata
9629001,Iberodes linifolia
3172647,Ibicella lutea
2080592,Icerya purchasi
2286079,Icius subinermis
5690854,Ictalurus punctatus
5739357,Iduna rama
2459675,Iguana
2459675,Iguana NA
2459658,Iguana iguana
5930559,Ilex altaclerensis
5414239,Ilex crenata
5533814,Ilex meserveae
5930559,Ilex ×altaclerensis
2891783,Impatiens balfourii
2891774,Impatiens capensis
2891770,Impatiens glandulifera
2891782,Impatiens parviflora
2077985,Impatientinum asiaticum
5538108,Imperatoria ostruthium
4091345,Incarvillea delavayi
5177825,Incisocalliope aestuarius
3148340,Inula helenium
4933624,Inula racemosa
2859597,Ipheion uniflorum
2928560,Ipomoea coccinea
2928538,Ipomoea hederacea
7327959,Ipomoea hederifolia
9060332,Ipomoea heptaphylla
2928584,Ipomoea lacunosa
8381801,Ipomoea lacunosa
7323251,Ipomoea lacunosa
4250676,Ipomoea lacunosa lacunosa
2928583,Ipomoea leucantha
2928534,Ipomoea nil
2928576,Ipomoea purpurea
2928589,Ipomoea tricolor
5298765,Iris foetidissima
5298069,Iris germanica
5298908,Iris graminea
9340142,Iris hollandica
5298675,Iris pumila
5298406,Iris reticulata
5298126,Iris sibirica
5297966,Iris xiphium
7711892,Isatis quadrialata
5374118,Isatis tinctoria
1423286,Ischnura senegalensis
1346919,Isodontia mexicana
2873995,Isotrema macrophyllum
1548900,Iva annua
8210972,Jacobaea albescens
5388595,Jacobaea maritima
5341725,Jacquemontia tamnifolia
5177089,Jaera istri
2928805,Jaltomata procumbens
2029899,Japananus hyalinus
3172266,Jasminum nudiflorum
3054366,Juglans ailantifolia
3054352,Juglans cinerea
4205640,Juglans mandshurica
3054357,Juglans nigra
3054368,Juglans regia
9362842,Junco hyemalis
2702058,Juncus anthelatus
2701986,Juncus canadensis
2701120,Juncus dichotomus
2701831,Juncus dudleyi
2701612,Juncus ensifolius
2701578,Juncus foliosus
5401508,Juncus imbricatus
3053950,Juncus pallescens
2701564,Juncus pallidus
2701304,Juncus radula
2701879,Juncus striatus
2701118,Juncus subsecundus
2702084,Juncus tenuis
2701649,Juncus xiphioides
7261816,Junonia iphita
2985944,Kalanchoe blossfeldiana
4117648,Kalimeris incisa
7219988,Kalimeris incisa
7068845,Kalimeris incisa incisa
2883007,Kalmia angustifolia
9306058,Karpatiosorbus latifolia
2705391,Keratella tropica
5371450,Kerria japonica
2705362,Kickxia elatine
7070211,Kickxia elatine
4131042,Kickxia elatine sieberi
4939668,Kitaibela vitifolia
7504215,Knautia integrifolia
4102952,Knautia macedonica
5305162,Kniphofia praecox
4137839,Koeleria glauca
5421180,Koelreuteria paniculata
9018536,Koenigia campanulata
2705350,Koenigia divaricata
8773480,Koenigia fennica
8848208,Koenigia polystachya
2888706,Kolkwitzia amabilis
2704664,Kontikia ventrolineata
5356345,Laburnum anagyroides
6159223,Lacerta agilis
5168461,Lacerta strigata
6159273,Lacerta viridis
6913500,Lachnagrostis billardierei
9484350,Lachnagrostis eriantha
4135963,Lachnagrostis filiformis
4934102,Lachnagrostis lachnantha
3140436,Lactuca macrophylla
3048073,Lactuca macrophylla
3048288,Lactuca macrophylla
3596131,Lactuca macrophylla
4271356,Lactuca macrophylla
7219988,Lactuca macrophylla macrophylla
7427741,Lactuca macrophylla uralensis
7403263,Lactuca sativa
5869933,Laelius pedatus
2865565,Lagarosiphon major
2473421,Lagopus lagopus
5290177,Lagurus ovatus
3065244,Lallemantia iberica
5289762,Lamarckia aurea
2926681,Lamium confertum
6411098,Lamium galeobdolon
2114326,Lamium galeobdolon
4211590,Lamium galeobdolon
8257546,Lamium galeobdolon argentatum
3110293,Lamium garganicum
7308043,Lamium garganicum
9391215,Lamium garganicum
2717402,Lamium garganicum garganicum
3892732,Lamium orvala
2888564,Lamprocapnos spectabilis
4123394,Lampropeltis
5928306,Lampropeltis NA
4123970,Lampropeltis NA
5224481,Lampropeltis californiae
4123394,Lampropeltis getula
4113111,Lampropeltis getula
5545159,Lampropeltis getula
8134874,Lampropeltis getula californiae
5224503,Lampropeltis triangulum
2708808,Lampropeltis triangulum
3935202,Lampropeltis triangulum
4271356,Lampropeltis triangulum hondurensis
2489071,Lamprotornis chalybaeus
6432925,Lamprotornis nitens
2489080,Lamprotornis purpureus
2489089,Lamprotornis splendidus
2489075,Lamprotornis superbus
2925303,Lantana camara
8925248,Laonome calida
10578411,Laonome xeprovala
2984466,Laportea aestuans
9662775,Lappula marginata
2925756,Lappula squarrosa
2686212,Larix decidua
2686157,Larix kaempferi
4938682,Larix marschlinsii
4938682,Larix ×marschlinsii
2481125,Larosterna inca
7358948,Lasius neglectus
8134874,Lathyrus angulatus
5356361,Lathyrus annuus
5356481,Lathyrus cicera
5356407,Lathyrus clymenum
5356541,Lathyrus heterophyllus
5356614,Lathyrus inconspicuus
5356517,Lathyrus latifolius
5356662,Lathyrus niger
5356441,Lathyrus ochrus
5356514,Lathyrus odoratus
5347846,Lathyrus oleraceus
5347854,Lathyrus oleraceus
5356488,Lathyrus sativus
5356680,Lathyrus sphaericus
5356704,Lathyrus vernus
1008612,Latrodectus geometricus
2295309,Latrodectus hasselti
3725805,Latrodectus hesperus
5704991,Latrodectus mactans
7763534,Lauritrioza alacris
3034015,Laurus nobilis
2927305,Lavandula angustifolia
7307829,Lavandula dentata
2927303,Lavandula stoechas
4553469,Leiobunum
4553469,Leiobunum NA
4553482,Leiobunum blackwalli
4553472,Leiobunum rotundum
5231398,Leiothrix lutea
2867614,Lemna minuta
2867631,Lemna turionifera
2537743,Lentinula edodes
6410563,Leonurus japonicus
7307492,Leonurus quinquelobatus
5376530,Lepidium africanum
5376925,Lepidium bonariense
5377064,Lepidium densiflorum
4149167,Lepidium desertorum
5377060,Lepidium didymum
5376961,Lepidium draba
8338571,Lepidium draba
6362724,Lepidium draba
7358677,Lepidium draba chalepense
5376785,Lepidium fasciculatum
5376994,Lepidium graminifolium
5376846,Lepidium heterophyllum
2351413,Lepidium hirtum
5376692,Lepidium latifolium
5376816,Lepidium perfoliatum
5376565,Lepidium sativum
3093891,Lepidium schinzii
5376648,Lepidium virginicum
1829659,Lepidotarphius perornatella
1031684,Lepinotus patruelis
2928624,Lepinotus reticulatus
3340858,Lepiota elaiophylla
1421091,Lepisma saccharinum
2394486,Lepomis gibbosus
3097496,Leptinella dispersa
3097504,Leptinella squalida
1047536,Leptinotarsa decemlineata
1002621,Leptochloa decipiens
8006893,Leptochloa decipiens
12205713,Leptochloa decipiens
4036350,Leptochloa decipiens peacockii
8720751,Leptochloa panicea
8389446,Leptochloa panicea
7266343,Leptochloa panicea brachiata
2502805,Leptodeira ashmeadii
5156102,Leptoglossus occidentalis
4136060,Leptoptilos crumenifer
3085346,Lepyrodiclis holosteoides
3088405,Leucanthemella serotina
5401007,Leucanthemum superbum
5401007,Leucanthemum ×superbum
2362881,Leucaspius delineatus
5851603,Leuciscus aspius
4409643,Leuciscus idus
5333354,Leucothoe fontanesiana
5224481,Leucothrips nigripennis
10676000,Leuzea repens
5371772,Levisticum officinale
2888579,Leycesteria formosa
2925754,Leysera tenella
3104314,Liatris spicata
5395475,Ligularia dentata
5395559,Ligularia przewalskii
2037991,Liguropia juniperi
3172291,Ligustrum ovalifolium
3172294,Ligustrum sinense
3685073,Ligustrum vicaryi
5376874,Lilium hollandicum
2753146,Lilium martagon
2295442,Limacus flavus
5334527,Limnanthes douglasii
5329643,Limnobium laevigatum
4132112,Limnodrilus cervix
11205618,Limnodrilus maumeensis
2220347,Limnomysis benedeni
4088624,Limonium platyphyllum
3082297,Limonium sinuatum
4072124,Linaria angustissima
5415006,Linaria bipartita
7963687,Linaria chalepensis
5415013,Linaria genistifolia
7683374,Linaria hirta
5415018,Linaria incarnata
5415016,Linaria maroccana
5415012,Linaria purpurea
8287616,Linaria simplex
5415009,Linaria supina
7848321,Linaria triornithophora
3171888,Lindernia dubia
8602699,Lindernia procumbens
1316908,Linepithema humile
7293222,Linum austriacum
5185859,Linum austriacum
8991514,Linum austriacum
7298085,Linum austriacum austriacum
2873926,Linum grandiflorum
2873861,Linum usitatissimum
9405645,Liposcelis bostrychophila
5605751,Liposcelis brunnea
3045193,Liposcelis paeta
3152824,Liquidambar styraciflua
3152861,Liriodendron tulipifera
5549949,Liriope muscari
8790531,Lissachatina fulica
2427091,Lithobates catesbeianus
5777912,Lithoglyphus naticoides
9254355,Lithotoma axillaris
5408087,Lobelia erinus
5408682,Lobelia pedunculata
2284443,Lobelia sessilifolia
5409120,Lobelia siphilitica
5373358,Lobularia maritima
4133390,Lolium boucheanum
10800064,Lolium elongatum
4129708,Lolium multiflorum
2706225,Lolium persicum
2706218,Lolium rigidum
9231612,Lolium subulatum
4103351,Lomelosia caucasica
4102909,Lomelosia stellata
4845776,Lonchura oryzivora
2493598,Lonchura punctulata
2493618,Lonchura striata
5598598,Lonicera acuminata
2394563,Lonicera americana
5334227,Lonicera caprifolium
8242349,Lonicera chrysantha
5334247,Lonicera etrusca
5334253,Lonicera involucrata
5334240,Lonicera japonica
7902463,Lonicera maackii
5334275,Lonicera morrowii
5674047,Lonicera nitida
5598915,Lonicera pileata
5598839,Lonicera purpusii
5334239,Lonicera sempervirens
5334242,Lonicera tatarica
8325800,Lonicera ×italica
5598839,Lonicera ×purpusii
7161168,Lopezia racemosa
6096602,Lophocolea semiteres
2498408,Lophodytes cucullatus
5227747,Lophophorus impejanus
5227993,Lophura leucomelanos
5227966,Lophura nycthemera
5356931,Lotus angustissimus
2497798,Lotus conimbricensis
2161911,Lotus corniculatus
7753114,Lotus corniculatus
4048052,Lotus corniculatus
4270675,Lotus corniculatus sativus
7294644,Lotus dorycnium
2926041,Lotus hirsutus
5356955,Lotus hispidus
5356973,Lotus maritimus
5356892,Lotus parviflorus
5356862,Lotus tetragonolobus
3666059,Lovenella assimilis
5421039,Ludwigia grandiflora
5421040,Ludwigia hexapetala
5420991,Ludwigia peploides
4206362,Ludwigia peploides
5224543,Ludwigia peploides
4271356,Ludwigia peploides montevidensis
5373324,Lunaria annua
2964167,Lupinus albus
2964025,Lupinus angustifolius
2963817,Lupinus luteus
2964355,Lupinus polyphyllus
2700768,Luzula nivea
2479027,Lybius dubius
2928835,Lycium barbarum
2928809,Lycium chinense
1194885,Lycodon capucinus
8167990,Lycopsis arvensis
7846821,Lycopsis arvensis
7308335,Lycopsis arvensis
9391215,Lycopsis arvensis orientalis
4108297,Lycopus exaltatus
2020879,Lyctocoris campestris
2869311,Lysichiton americanus
2705092,Lysichiton americanus
7225621,Lysichiton americanus
7293222,Lysichiton americanus × camtschatcensis
2869301,Lysichiton camtschatcensis
3169391,Lysimachia ciliata
3169331,Lysimachia clethroides
4005004,Lysimachia fortunei
7224157,Lysimachia linum-stellatum
8076173,Lysimachia monelli
7862391,Lysimachia monellii
3169340,Lysimachia punctata
2442257,Lythrum acutangulum
3988701,Lythrum junceum
3188735,Lythrum virgatum
2169430,Macaroeris nidicolens
5334194,Macleaya cordata
10629881,Macomopsis melo
2440196,Macropus rufogriseus
8741260,Macrosaccus robiniella
6300531,Macrothele calpeiana
7863397,Madia sativa
7820753,Magallana gigas
3033865,Mahonia aquifolium
3033888,Mahonia bealei
2481875,Mahonia wagneri
2769435,Maianthemum dilatatum
2769493,Maianthemum stellatum
5232435,Malacorhynchus membranaceus
5373160,Malcolmia flexuosa
7372514,Malcolmia maritima
7278926,Malope malacoides
3935421,Malope trifida
3001362,Malus baccata
3001244,Malus domestica
3001270,Malus purpurea
7848132,Malus toringo
7455425,Malva alcea
3890974,Malva alcea
8358048,Malva alcea ribifolia
3935079,Malva arborea
8402586,Malva clementii
7823743,Malva maroccana
3933415,Malva multiflora
3152367,Malva nicaeensis
3152378,Malva parviflora
3941038,Malva preissiana
3940960,Malva punctata
3152372,Malva pusilla
3940423,Malva thuringiaca
3940326,Malva trimestris
3152377,Malva verticillata
8402586,Malva ×clementii
3152264,Malvastrum americanum
3152268,Malvastrum coromandelianum
3060710,Manihot grahamii
4132188,Mantisalca salmantica
2498155,Mareca americana
9480191,Mareca falcata
9508460,Mareca sibilatrix
2321010,Marenzelleria neglecta
2321012,Marenzelleria viridis
8740315,Marionfyfea adventor
2498390,Marmaronetta angustirostris
2465641,Marrubium peregrinum
1886729,Maruca vitrata
7226776,Mastophorus
2202786,Mastophorus NA
7510471,Mastophorus NA
8370958,Matricaria chamomilla
3103791,Matricaria discoidea
8207952,Matthiola incana
5377395,Matthiola longipetala
7740944,Matthiola longipetala
5739284,Matthiola longipetala
8983123,Matthiola longipetala
6313049,Matthiola longipetala bicornis
3096529,Mauranthemum paludosum
8983123,Mauremys
7225456,Mauremys NA
4023424,Mauremys NA
4307880,Mauremys reevesii
3171302,Mazus miquelii
3171304,Mazus pumilus
1690429,Meconema meridionale
2965232,Medicago carstiensis
8045533,Medicago ciliaris
2965459,Medicago doliata
2965354,Medicago falcata
2965233,Medicago fischeriana
6369140,Medicago intertexta
2965221,Medicago laciniata
2965485,Medicago littoralis
1422818,Medicago monantha
2965434,Medicago monspeliaca
2965209,Medicago murex
2965299,Medicago orbicularis
2965531,Medicago polymorpha
2965419,Medicago praecox
2965438,Medicago rigidula
9151957,Medicago sativa
2965397,Medicago scutellata
2965250,Medicago tornata
2965280,Medicago truncatula
7805464,Medicago turbinata
2965331,Medicago varia
2965331,Medicago ×varia
3377362,Megabalanus coccopoma
5166487,Megabalanus tintinnabulum
4553535,Megabunus diadema
2514574,Megascops kennicottii
1371011,Megastigmus spermotrophus
11136683,Melampodium divaricatum
3139003,Melampodium montanum
3138953,Melampodium perfoliatum
2516809,Melampsoridium betulinum
7331666,Melampyrum nemorosum
4362965,Melanoides tuberculata
9606290,Meleagris gallopavo
5914287,Melia azedarach
2703109,Melica altissima
2971095,Melilotus albus
2971036,Melilotus elegans
2971016,Melilotus indicus
2971033,Melilotus infestus
8193111,Melilotus officinalis
10773250,Melilotus siculus
2971112,Melilotus sulcatus
2971068,Melilotus wolgicus
5341501,Melissa officinalis
2215949,Melita nitida
2888945,Meloidogyne artiellia
2479798,Melopsittacus undulatus
2492196,Melospiza melodia
5189713,Menetus dilatatus
3902360,Mentha cervina
2927174,Mentha requienii
7415922,Mentha spicata
7308335,Mentha spicata
3663237,Mentha spicata
7427741,Mentha spicata spicata
3893979,Mentha wirtgeniana
4136338,Mentzelia albicaulis
5219380,Mephitis mephitis
2287668,Mercenaria mercenaria
5855746,Meretrix lyrata
5219721,Meriones unguiculatus
5997154,Merionoeda hirsuta
7104074,Mermessus denticulatus
2138688,Mermessus trilobatus
8185812,Mesembryanthemum cordifolium
3084839,Mesembryanthemum crystallinum
3084837,Mesembryanthemum nodiflorum
3031774,Mespilus germanica
5284231,Metasequoia glyptostroboides
2149761,Micropholcus fauroti
2399874,Micropogonias undulatus
5211250,Micropterus dolomieu
4103685,Micropterus salmoides
2307726,Microscolex phosphoreus
2297108,Milax gagates
2706195,Milium vernale
2481066,Milvago chimachima
6070732,Mimulus ringens
3086240,Mirabilis jalapa
7738766,Miscanthus sacchariflorus
2706026,Miscanthus sinensis
2367919,Misgurnus anguillicaudatus
3736228,Misgurnus bipartitus
3738796,Misopates calycinum
2501248,Mnemiopsis leidyi
8338793,Modiola caroliniana
2331498,Molgula manhattensis
4121791,Molinia arundinacea
3084611,Mollugo verticillata
5341407,Monarda didyma
2888298,Moneses uniflora
8062758,Monochamus galloprovincialis
8265082,Monochamus sartor
4314702,Monocorophium sextonae
1314773,Monomorium pharaonis
7757300,Monopylephorus limosus
5384782,Monsonia angustifolia
3827967,Monsonia brevirostrata
4155246,Moorochloa eruciformis
8419625,Morelia spilota
5376035,Moricandia arvensis
1119292,Morimus asper
4562529,Morlina glabra
5133523,Morpho menelaus
5361889,Morus alba
5361888,Morus nigra
2888859,Muehlenbeckia complexa
2704038,Muhlenbergia mexicana
2286388,Mulinia lateralis
10944522,Mummenhoffia alliacea
2440946,Muntiacus reevesi
2762737,Musa basjoo
2772174,Muscari armeniacum
2772206,Muscari aucheri
2769622,Muscari azureum
2772094,Muscari botryoides
2772082,Muscari latifolium
5218823,Mustela vison
7791733,Mya arenaria
3047811,Myagrum perfoliatum
2242011,Mycale micracanthoxea
2494408,Mycerobas icterioides
8699607,Mycosarcoma maydis
2481936,Mycteria ibis
2479407,Myiopsitta monachus
4264680,Myocastor coypus
5341187,Myosotis alpestris
5361785,Myriophyllum aquaticum
5361762,Myriophyllum heterophyllum
3034681,Myrrhis odorata
2110811,Mytilicola intestinalis
2287076,Mytilopsis leucophaeata
5159101,Myzocallis walshii
2209044,Nagurus cristatus
1623077,Naja melanoleuca
2374521,Nandayus nenday
2858846,Narcissus bulbocodium
4013762,Narcissus cyclazetta
3895710,Narcissus hispanicus
2447418,Narcissus hispanicus
7230699,Narcissus hispanicus hispanicus
2858909,Narcissus jonquilla
2858581,Narcissus poeticus
2858963,Narcissus tazetta
2858501,Narcissus triandrus
5674110,Nassella filiculmis
5289836,Nassella formicarum
11528335,Nassella hyalina
5289831,Nassella neesiana
5289833,Nassella tenuissima
2433536,Nasua nasua
9350124,Natrix helvetica
6161340,Natrix maura
6161327,Natrix tessellata
2927684,Navarretia squarrosa
3853033,Neillia incisa
2987948,Neillia tanakae
5563116,Nemesia caerulea
2928034,Nemophila maculata
2928026,Nemophila menziesii
5359118,Nemophila menziesii
5359263,Nemophila menziesii
7271631,Nemophila menziesii
3040999,Nemophila menziesii
7901010,Nemophila menziesii integrifolia
4036957,Nemophila menziesii menziesii
2266561,Nemopsis bachei
2493739,Neochmia ruficauda
4293134,Neoclytus acuminatus
2379105,Neogobius fluviatilis
2379089,Neogobius melanostomus
4487610,Neolygus populi
7582319,Neomysis americana
2479509,Neophema pulchella
2706403,Neoscona nautica
7350989,Nepeta faassenii
5341498,Nepeta grandiflora
5341497,Nepeta racemosa
5609603,Nepeta subsessilis
3802956,Nephila
3898065,Nephila NA
1031677,Nephila NA
7769968,Nephilingis cruentata
1971998,Nepytia phantasmaria
3169756,Nerium oleander
7225621,Neslia paniculata
2162464,Neslia paniculata
5250090,Neslia paniculata
9462721,Neslia paniculata
2202786,Neslia paniculata
9771172,Neslia paniculata paniculata
8983123,Neslia paniculata thracica
2515982,Nesticodes rufipes
2498177,Netta erythrophthalma
2498181,Netta peposaca
2498313,Nettapus auritus
2498310,Nettapus coromandelianus
4496869,Neuroterus saliens
2078852,Nezara viridula
5341754,Nicandra physalodes
4095244,Nicoletia phytophila
2928761,Nicotiana alata
2928779,Nicotiana forgetiana
2928783,Nicotiana glauca
2928759,Nicotiana langsdorffii
2925515,Nicotiana longiflora
2928775,Nicotiana rustica
3799170,Nicotiana sanderae
2928767,Nicotiana sylvestris
2928774,Nicotiana tabacum
7302355,Nicotiana velutina
5371702,Nigella damascena
5371700,Nigella sativa
9603492,Ninox boobook
7068379,Ninox connivens
3045473,Noccaea brachypetala
5352425,Nolavia
3922770,Nolavia NA
7225471,Nolavia NA
2926042,Nonea lutea
2484628,Nonea pulla
2360504,Nonea rosea
3122323,Notobasis syriaca
2473341,Numida meleagris
2434552,Nyctereutes procyonoides
7802465,Nymphaea marliacea
7802465,Nymphaea ×marliacea
2479977,Nymphicus hollandicus
4486365,Nysius huttoni
8701771,Obama nungara
2927096,Ocimum basilicum
2495190,Ocyphaps lophotes
3693541,Odontarrhena muralis
7564934,Odontites jaubertianus
7855120,Odontites luteus
2162525,Oecobius amboseli
2162537,Oecobius navus
1714140,Oedaleus decorus
7222196,Oena capensis
5371889,Oenanthe pimpinelloides
4142335,Oenothera affinis
3188889,Oenothera angustissima
3188924,Oenothera biennis
7322292,Oenothera cambrica
6427797,Oenothera canovirens
3664287,Oenothera casimiri
7277946,Oenothera curtiflora
7322773,Oenothera deflexa
3667007,Oenothera drawertii
3188829,Oenothera elata
3666776,Oenothera ersteinensis
7915783,Oenothera fallax
3188894,Oenothera glazioviana
8566446,Oenothera glazioviana
5226308,Oenothera glazioviana
6156934,Oenothera glazioviana
5544928,Oenothera glazioviana
4270675,Oenothera glazioviana azorica
2717402,Oenothera glazioviana rubricalyx
7322393,Oenothera indecora
7322373,Oenothera issleri
3188867,Oenothera laciniata
3664589,Oenothera lindheimeri
3663772,Oenothera moravica
3667628,Oenothera nuda
3188884,Oenothera oakesiana
8153538,Oenothera oehlkersii
3667238,Oenothera paradoxa
8994150,Oenothera parviflora
2294131,Oenothera perennis
3188926,Oenothera pycnocarpa
3188875,Oenothera rosea
3665940,Oenothera royfraseri
3665866,Oenothera rubricalyx
7322529,Oenothera rubricaulis
3665817,Oenothera rubricauloides
3188859,Oenothera speciosa
3188830,Oenothera stricta
8302634,Oenothera suaveolens
3664677,Oenothera subterminalis
6427785,Oenothera tetragona
7322143,Oenothera victorinii
3188896,Oenothera villosa
5547989,Oenothera villosa
2653392,Oenothera villosa
7308043,Oenothera villosa villosa
3667721,Oenothera wratislaviensis
2162003,Olios NA
2162049,Olios argelasius
8335191,Oloptum miliaceum
9317568,Oloptum thomasii
2926048,Omphalodes verna
5384342,Oncorhynchus kisutch
5204019,Oncorhynchus mykiss
10852031,Oncosiphon pilulifer
3118650,Oncosiphon piluliferum
5219858,Ondatra zibethicus
2972703,Onobrychis caput-galli
2972595,Onobrychis viciifolia
2650903,Onoclea sensibilis
2977222,Ononis alopecuroides
2977234,Ononis natrix
7295374,Onopordum beckianum
5341202,Onopordum macracanthum
3094939,Onopordum tauricum
5230734,Onychognathus tristramii
2774214,Ophiopogon jaburan
7987143,Oplismenus hirtellus
6027176,Opopanax chironium
2038171,Opsius stactogalus
5352425,Oreochromis niloticus
2037925,Orientus ishidae
2926613,Origanum onites
7333212,Origanum vulgare
9508942,Origanum vulgare
5928306,Origanum vulgare
6449041,Origanum vulgare hirtum
2442665,Oriolus auratus
3638303,Orlaya daucoides
2773453,Ornithogalum divergens
2772958,Ornithogalum narbonense
2773281,Ornithogalum nutans
2772885,Ornithogalum pyramidale
5358265,Ornithopus compressus
5358266,Ornithopus sativus
7519710,Orobanche amethystea
7332516,Orobanche flava
7136602,Orobanche flava
7308335,Orobanche flava
5347854,Orobanche flava flava
4486382,Orsillus depressus
2888310,Orthilia secunda
2677047,Orthodontium lineare
1016841,Orthomorpha coarctata
2436940,Oryctolagus cuniculus
2703459,Oryza sativa
3172276,Osmanthus heterophyllus
5332305,Ostrya carpinifolia
2294284,Otala lactea
5344424,Otiorhynchus aurifer
5342681,Otiorhynchus cribricollis
5342618,Otiorhynchus indefinitus
5345430,Otiorhynchus meridionalis
2441122,Ovis ammon
2891664,Oxalis articulata
8427624,Oxalis corniculata
2891707,Oxalis debilis
2891677,Oxalis dillenii
2891755,Oxalis latifolia
9823072,Oxalis stricta
7560711,Oxalis tetraphylla
7156971,Oxalis triangularis
7318131,Oxalis valdiviensis
1017419,Oxidus gracilis
8429888,Oxybasis glauca
10948891,Oxybasis glauca
7267492,Oxybasis glauca salina
7226804,Oxybasis macrosperma
9567226,Oxybasis salina
4486243,Oxycarenus lavaterae
2367033,Oxychloris scariosa
2889358,Oxyria digyna
2498305,Oxyura jamaicensis
5232469,Oxyura vittata
2202786,Pachydactylus
7925720,Pachydactylus NA
10920460,Pachydactylus NA
2984676,Pachysandra terminalis
2226990,Pacifastacus leniusculus
3083486,Paeonia lactiflora
3083488,Paeonia officinalis
2224970,Palaemon macrodactylus
7068845,Paliurus spina-christi
1995489,Panchlora nivea
2705141,Panicum antidotale
2705162,Panicum capillare
2702544,Panicum clandestinum
2444141,Panicum coloratum
4113402,Panicum decompositum
2705144,Panicum dichotomiflorum
2705098,Panicum hillmanii
2484608,Panicum hirticaule
4116709,Panicum laevinode
2705090,Panicum miliaceum
6449041,Panicum miliaceum
3042889,Panicum miliaceum
3898065,Panicum miliaceum
3922770,Panicum miliaceum miliaceum
4125308,Panicum schinzii
2705081,Panicum virgatum
2455615,Pantherophis guttatus
2455676,Pantherophis obsoletus
8918909,Pantherophis spiloides
7315072,Papaver atlanticum
2888435,Papaver bracteatum
3602683,Papaver cambricum
7153734,Papaver commutatum
2888446,Papaver hybridum
8144599,Papaver nudicaule
2888437,Papaver orientale
8342911,Papaver setiferum
3602227,Papaver setigerum
3602069,Papaver somniferum
2141241,Papaver somniferum
2706403,Papaver somniferum
7226804,Papaver somniferum somniferum
2480410,Parabuteo unicinctus
6476704,Parakontikia ventrolineata
4568269,Paralaoma servilis
10701161,Paramesotriton labiatus
12246414,Parapholis cylindrica
5290069,Parapholis incurva
1325561,Paratrechina longicornis
8049400,Parentucellia latifolia
2492081,Paroaria coronata
5528747,Paronychia argentea
7314281,Paronychia brasiliana
3086784,Parthenium hysterophorus
3039203,Parthenocissus inserta
3039194,Parthenocissus quinquefolia
3039209,Parthenocissus tricuspidata
3039193,Parthenocissus vitacea
1420857,Parthenothrips dracaenae
2705565,Paspalum dilatatum
2705622,Paspalum distichum
2705621,Paspalum notatum
2705587,Paspalum paniculatum
4154259,Paspalum saurae
5230862,Passerina caerulea
5230852,Passerina ciris
2874199,Passiflora caerulea
2874190,Passiflora edulis
7224157,Pastinaca sativa
7466434,Pastinaca sativa
7332416,Pastinaca sativa
1420765,Pastinaca sativa
5352372,Pastinaca sativa
7068732,Pastinaca sativa
8421432,Pastinaca sativa sativa
5373483,Pastinaca sativa urens
3170823,Paulownia tomentosa
9451184,Pavo cristatus
1941864,Paysandisia archon
1003567,Pectinatella magnifica
3827975,Pelargonium candicans
3746867,Pelargonium capitatum
5229156,Pelecanus conspicillatus
2480350,Pelecanus onocrotalus
2480352,Pelecanus rufescens
3757050,Pellenes geniculatus
5220435,Pelodiscus sinensis
3757457,Pelomedusa subrufa
2426640,Pelophylax bedriagae
6035549,Pelophylax perezi
2426661,Pelophylax ridibundus
9022569,Pelusios castaneus
9738098,Penaeus aztecus
8251158,Penstemon digitalis
2926130,Pentaglottis sempervirens
3084748,Pentameris airoides
6374790,Pentanema hirtum
3033584,Pentanema spiraeifolium
5341394,Perilla frutescens
2000152,Periplaneta americana
2000204,Periplaneta australasiae
2739769,Periploca graeca
3889083,Perovskia abrotanoides
3889056,Perovskia atriplicifolia
3034046,Persea americana
2889304,Persicaria capitata
7291643,Persicaria filiformis
6391450,Persicaria glabra
4034001,Persicaria nepalensis
2889229,Persicaria orientalis
2889198,Persicaria pensylvanica
7749287,Petasites albus
3088310,Petasites japonicus
3937506,Petasites japonicus
8421432,Petasites japonicus
6302047,Petasites japonicus japonicus
3088282,Petasites pyrenaicus
2287615,Petricolaria pholadiformis
3085622,Petrorhagia nanteuilii
3085623,Petrorhagia saxifraga
2286079,Petrosedum ochroleucum
4201784,Petrosedum sediforme
7828157,Petroselinum crispum
7427741,Petroselinum crispum
7327959,Petroselinum crispum
4132902,Petroselinum crispum crispum
2928859,Petunia atkinsiana
2928861,Petunia integrifolia
2928238,Phacelia campanularia
2444356,Phacelia purshii
2928226,Phacelia tanacetifolia
2459603,Phaeostachys spinifera
2152793,Phalacrocorax auritus
5289753,Phalaris angusta
5289746,Phalaris aquatica
5289756,Phalaris arundinacea
5289745,Phalaris brachystachys
5289744,Phalaris canariensis
4064572,Phalaris coerulescens
5289752,Phalaris minor
5289758,Phalaris paradoxa
7421129,Phalaris platensis
2481092,Phalcoboenus megalopterus
5350466,Phaseolus coccineus
5350452,Phaseolus vulgaris
9752149,Phasianus colchicus
5227775,Phasianus versicolor
7172831,Phedimus aizoon
4201695,Phedimus hybridus
4201688,Phedimus kamtschaticus
4201607,Phedimus spurius
7484581,Phedimus spurius
4048052,Phedimus spurius
7224157,Phedimus spurius spurius
7768495,Phedimus stolonifer
1322674,Pheidole anastasii
8012084,Pheidole bilimeki
3728894,Phelipanche ramosa
2447418,Phelsuma
6302047,Phelsuma NA
4487660,Phelsuma NA
5581279,Phidippus
7222255,Phidippus NA
5414989,Phidippus NA
2986045,Philadelphus coronarius
2986010,Philadelphus microphyllus
2986022,Philadelphus pubescens
7998563,Philadelphus virginalis
3645346,Philadelphus ×virginalis
2176858,Philaeus chrysops
2650479,Phlebodium aureum
4139894,Phleum echinatum
4139846,Phleum exaratum
6476579,Phleum hirsutum
2706002,Phleum paniculatum
2706003,Phleum subulatum
3886505,Phlomis russeliana
2927783,Phlox maculata
2927744,Phlox paniculata
2927727,Phlox subulata
2481104,Phoeniconaias minor
2481110,Phoenicopterus chilensis
4352332,Phoenicopterus roseus
9691034,Phoenicopterus ruber
6109699,Phoenix dactylifera
2149911,Pholcus NA
2443876,Pholcus opilionoides
2149937,Pholcus phalangioides
4138669,Pholiurus pannonicus
2458438,Phoneutria boliviensis
2717402,Phoneutria nigriventer
10937982,Phonipara canora
5401508,Phormictopus cancerides
7461690,Phragmidium mexicanum
7671397,Phuopsis stylosa
7455425,Phyla nodiflora
2513597,Phyla nodiflora
3602069,Phyla nodiflora
7267492,Phyla nodiflora minor
2513637,Phyllanthus tenellus
1749580,Phyllocnistis citrella
1749886,Phyllonorycter robiniella
4114348,Phyllostachys sulphurea
5290170,Phyllostachys viridiglaucescens
5341792,Physalis angulata
4149175,Physalis cinerascens
5341797,Physalis grisea
2705391,Physalis ixocarpa
4113766,Physalis longifolia
7230699,Physalis longifolia
5359402,Physalis longifolia subglabrata
5341784,Physalis peruviana
8969026,Physalis philadelphica
5341819,Physalis pubescens
5189806,Physella acuta
8018483,Physignathus cocincinus
2988354,Physocarpus opulifolius
2926572,Physostegia virginiana
3084022,Phytolacca acinosa
3084015,Phytolacca americana
1551754,Phytomyza jucunda
5284884,Picea abies
5284950,Picea omorika
5284827,Picea sitchensis
2882631,Pieris japonica
7300922,Pilea hyalina
5361841,Pilea microphylla
5669632,Pilea peperomioides
3122924,Pilosella aurantiaca
6300805,Pilosella bauhini
3123663,Pilosella caespitosa
3123262,Pilosella flagellaris
3048073,Pilosella fuscoatra
8288930,Pilosella piloselloides
9321334,Pilosella prussica
3123249,Pilosella stoloniflora
9541940,Pilosella visianii
2367742,Pimephales promelas
8080300,Pimpinella anisum
3065244,Pimpinella aromatica
5538946,Pimpinella peregrina
7340811,Pinellia tripartita
5285750,Pinus contorta
5285385,Pinus mugo
5825913,Pinus nigra
7230699,Pinus nigra
5795017,Pinus nigra
4123970,Pinus nigra
2202786,Pinus nigra
6157026,Pinus nigra
7226794,Pinus nigra laricio
7225712,Pinus nigra nigra
5285565,Pinus pinaster
5285053,Pinus ponderosa
5285635,Pinus rigida
5284982,Pinus strobus
5285637,Pinus sylvestris
5285074,Pinus wallichiana
2870583,Pistia stratiotes
5347854,Pisum sativum
5221988,Pisum sativum
9771172,Pisum sativum
7332416,Pisum sativum sativum
2049296,Pithyotettix abietinus
8925248,Pituophis catenifer
2914404,Pituophis melanoleucus
2307929,Placobdella ornata
1320777,Plagiolepis pygmaea
7303104,Plantago afra
3189762,Plantago arenaria
11844792,Plantago aristata
7223680,Plantago heterophylla
8022932,Plantago lagopus
4567449,Plantago loeflingii
7303024,Plantago myosuros
3189723,Plantago ovata
7303117,Plantago sempervirens
2480800,Platalea alba
7400250,Platanus hispanica
3152816,Platanus orientalis
2479308,Platycercus adscitus
2479311,Platycercus elegans
2479329,Platycercus eximius
2479320,Platycercus icterotis
3164340,Platycodon grandiflorus
5232465,Plectropterus gambensis
2480772,Plegadis ridgwayi
1010644,Pleioblastus argenteostriatus
10329298,Pleioblastus distichus
2431875,Pleurodeles waltl
2171214,Plexippus paykulli
2494066,Ploceus jacksoni
2494070,Ploceus melanocephalus
2480762,Pluvianus aegyptius
6559940,Poa alpina
2704194,Poa infirma
1420795,Poa persica
2925790,Poa sieberiana
4271356,Podarcis liolepis
2469188,Podarcis muralis
9185677,Podarcis siculus
3104078,Podolepis aristata
2453882,Podolepis aristata
6157050,Podolepis aristata auriculata
3033839,Podophyllum peltatum
2350050,Poecilia reticulata
2465626,Pogona
2465626,Pogona NA
7569785,Pogona henrylawsoni
4248063,Pogona vitticeps
2479955,Poicephalus cryptoxanthus
2479964,Poicephalus senegalus
2927850,Polemonium caeruleum
3085381,Polycarpon tetraphyllum
3083603,Polycnemum arvense
7881150,Polygonatum hybridum
5334386,Polygonum achoreum
5334315,Polygonum arenarium
8336551,Polygonum arenarium
4270548,Polygonum arenarium
3755928,Polygonum arenarium
4132902,Polygonum arenarium pulchellum
2706070,Polygonum argyrocoleum
5652131,Polygonum aviculare
7480365,Polygonum aviculare
7096205,Polygonum aviculare
9405645,Polygonum aviculare rurivagum
5334430,Polygonum bellardii
4202184,Polygonum patulum
5334440,Polygonum plebeium
5377196,Polypodium hesperium
5679952,Polypogon chilensis
5289911,Polypogon elongatus
5289912,Polypogon fugax
4154206,Polypogon imberbis
5289913,Polypogon maritimus
5289917,Polypogon monspeliensis
5289919,Polypogon viridis
2651098,Polystichum acrostichoides
4046493,Polystichum luctuosum
2651122,Polystichum munitum
7158449,Polystichum polyblepharon
7158449,Polystichum polyblepharum
2479498,Polytelis anthopeplus
2479501,Polytelis swainsonii
8946295,Pontastacus leptodactylus
2766030,Pontederia cordata
2765942,Pontederia crassipes
4285968,Ponticola kessleri
4483971,Populicerus albicans
3040233,Populus alba
3040184,Populus balsamifera
9391215,Populus berolinensis
8190077,Populus canadensis
3040185,Populus canescens
3040232,Populus deltoides
3040241,Populus jackii
7009279,Populus nigra
7358677,Populus nigra
5659657,Populus nigra
5347854,Populus nigra italica
6362904,Populus trichocarpa
8190077,Populus ×canadensis
3040185,Populus ×canescens
3040241,Populus ×jackii
2157942,Porcellionides cingendus
2157949,Porphyrio poliocephalus
2474416,Porphyrio porphyrio
4021920,Portulaca cypria
3084700,Portulaca grandiflora
4023278,Portulaca granulatostellulata
1031685,Portulaca macrantha
4022617,Portulaca nitida
3084719,Portulaca oleracea
4021919,Portulaca sativa
11205618,Portulaca trituberculata
2288926,Potamocorbula amurensis
5192470,Potamopyrgus antipodarum
3092604,Potamothrix heuscheri
2308609,Potamothrix moldaviensis
2308541,Potamothrix vejdovskyi
2308549,Potentilla argyrophylla
5928306,Potentilla argyrophylla
7901010,Potentilla argyrophylla atrosanguinea
5365888,Potentilla inclinata
5365717,Potentilla indica
5365705,Potentilla intermedia
5366327,Potentilla montana
5367214,Potentilla nepalensis
5365305,Potentilla norvegica
7272439,Potentilla recta
8358048,Potentilla recta
5356971,Potentilla recta
7753114,Potentilla recta
10755213,Potentilla recta
3611735,Potentilla recta
9405036,Potentilla recta obscura
9462721,Potentilla recta recta
5367186,Potentilla rivalis
8045533,Potentilla supina
5185859,Potentilla supina
3047147,Potentilla supina
5359402,Potentilla supina costata
5545159,Poterium sanguisorba
7440977,Poterium sanguisorba
2706403,Poterium sanguisorba polygamum
5222820,Pourthiaea beauverdiana
8356787,Pourthiaea villosa
1830823,Prays citri
3090783,Prenanthes purpurea
5641274,Primula denticulata
5640518,Primula florindae
2205951,Proasellus coxalis
2206086,Proasellus meridianus
5415100,Proboscidea louisianica
2227289,Procambarus acutus
2227300,Procambarus clarkii
3141571,Procyon cancrivorus
5218786,Procyon lotor
2053954,Prokelisia marginata
2379245,Proterorhinus semilunaris
7420038,Prunella grandiflora
7818643,Prunus armeniaca
3021730,Prunus cerasifera
3021922,Prunus cerasus
6369140,Prunus domestica
5166489,Prunus domestica
2497341,Prunus domestica
3138949,Prunus domestica
7272439,Prunus domestica
8045533,Prunus domestica
7925720,Prunus domestica
4090836,Prunus domestica domestica
4104890,Prunus domestica insititia
6710856,Prunus domestica syriaca
3022203,Prunus fruticans
3021955,Prunus incisa
3021496,Prunus laurocerasus
3020871,Prunus lusitanica
8149923,Prunus persica
3021850,Prunus serotina
3022609,Prunus serrulata
3020838,Prunus tomentosa
3022668,Prunus virginiana
3022203,Prunus ×fruticans
4410056,Psammoryctides moravicus
3137829,Psephellus dealbatus
2480089,Psephotus haematonotus
3611735,Pseudagrion microcephalum
8898408,Pseudemys concinna
2442843,Pseudemys nelsoni
2158821,Pseudemys rubriventris
2095283,Pseudococcus longispinus
2114769,Pseudodiaptomus marinus
7315063,Pseudofumaria alba
2888513,Pseudofumaria lutea
3100968,Pseudognaphalium undulatum
2769620,Pseudomuscari azureum
2362868,Pseudorasbora parva
2706209,Pseudosasa japonica
2685796,Pseudotsuga menziesii
3042086,Pseudoturritis turrita
2161911,Psiloteredo megotara
5229045,Psittacula alexandri
5229044,Psittacula cyanocephala
2495342,Psittacula derbiana
5229055,Psittacula eupatria
2479226,Psittacula krameri
2480181,Psittacus erithacus
3666059,Psoquilla marginepunctata
1031737,Psyllipsocus ramburii
3190411,Ptelea trifoliata
5275404,Pteris cretica
5275415,Pteris multifida
5275398,Pteris vittata
8288647,Pterocarya fraxinifolia
4285694,Pterocarya rehderiana
9508942,Pteronetta hartlaubii
3646556,Pterostyrax hispidus
7332517,Ptilotus spicatus
4146512,Puccinellia stricta
2515236,Puccinia antirrhini
4467502,Puccinia conglomerata
1194885,Puccinia grisea
7420522,Puccinia helianthi-mollis
2514972,Puccinia komarovii
4108297,Puccinia nigrescens
2445496,Puccinia oreoselini
2515351,Puccinia oxalidis
2705092,Puccinia pazschkei
2705066,Puccinia porphyrogenita
2514552,Puccinia smyrnii
7576179,Puccinia soldanellae
3602069,Puccinia sorghi
7224157,Puccinia subnitens
7466434,Puccinia umbilici
6076957,Pulicaria arabica
2172282,Pulicaria arabica
2442257,Pulicaria arabica
7323834,Pulicaria arabica
5548724,Pulicaria arabica
3596131,Pulicaria arabica arabica
4271356,Pulicaria arabica hispanica
7294681,Pulmonaria longifolia
7958783,Pulmonaria mollis
5341204,Pulmonaria officinalis
5660450,Pulmonaria rubra
5341203,Pulmonaria saccharata
8255921,Pulvinaria floccifera
2091932,Pulvinaria hydrangeae
2092040,Pulvinaria regalis
2767428,Puschkinia scilloides
2927363,Pycnanthemum verticillatum
1007534,Pycnanthemum verticillatum
8323119,Pycnanthemum verticillatum
7293222,Pycnanthemum verticillatum pilosum
1045323,Pycnomerus sulcicollis
5289751,Pycnonotus barbatus
2486131,Pycnonotus cafer
2486151,Pycnonotus jocosus
2486132,Pycnonotus leucotis
2988188,Pyracantha coccinea
2988224,Pyracantha fortuneana
3645346,Pyrrhula erythaca
2479804,Pyrrhura molinae
2149992,Pyrrhura perlata
5363119,Pyrus calleryana
7271631,Pyrus communis
2153759,Pyrus communis
6076279,Pyrus communis
7440977,Pyrus communis communis
2454645,Python
2454645,Python NA
5381097,Python molurus
2465380,Python regius
2880580,Quercus cerris
5581279,Quercus coccinea
2879520,Quercus conferta
2879504,Quercus frainetto
2879098,Quercus ilex
8313153,Quercus palustris
2878826,Quercus pyrenaica
2880539,Quercus rubra
2879411,Quercus suber
2484133,Quiscalus major
2484155,Quiscalus quiscula
4410088,Quistadrilus multisetosus
7384449,Radix rubiginosa
5152543,Raglius alboacuminatus
5188971,Rangia cuneata
3927790,Ranunculus gramineus
7826351,Ranunculus lanuginosus
3033396,Ranunculus marginatus
3033318,Ranunculus muricatus
3033434,Ranunculus parviflorus
7823272,Ranunculus pensylvanicus
3033460,Ranunculus trilobus
4363583,Rapana venosa
3040999,Raphanus raphanistrum
7510471,Raphanus raphanistrum
8257546,Raphanus raphanistrum
3023671,Raphanus raphanistrum landra
7678610,Raphanus sativus
5373365,Rapistrum perenne
5373368,Rapistrum rugosum
2439261,Rattus norvegicus
2439270,Rattus rattus
2202641,Reductoniscus costulatus
1095946,Reesa vespulae
3040254,Reseda alba
4023424,Reseda lutea
2914404,Reseda lutea
7901010,Reseda lutea vivantii
3040255,Reseda odorata
3040253,Reseda phyteuma
4038524,Reyllopia conollyana
4038485,Reynoutria bohemica
6709291,Reynoutria compacta
2889173,Reynoutria japonica
2889088,Reynoutria sachalinensis
4038485,Reynoutria ×bohemica
1683815,Rhacocleis annulata
5399550,Rhagadiolus stellatus
1622599,Rhagoletis cingulata
1622658,Rhagoletis completa
6371424,Rhamnus alaternus
2444221,Rhamphiophis
4270548,Rhamphiophis NA
9601519,Rhamphiophis NA
10786206,Rhaphiolepis bibas
3142208,Rhaponticum repens
2495165,Rhea americana
2888867,Rheum rhabarbarum
2498054,Rhinella marina
2227663,Rhithropanopeus harrisii
7954545,Rhodanthe floribunda
10797854,Rhodanthe stricta
7135755,Rhododendron luteum
7327990,Rhododendron ponticum
6400569,Rhododendron tomentosum
3376286,Rhodospiza obsoleta
3032442,Rhodotypos scandens
3190544,Rhus glabra
3190551,Rhus pulvinata
3190538,Rhus typhina
3190551,Rhus ×pulvinata
6132234,Rhynchophorus ferrugineus
4990176,Rhyzobius forestieri
4990175,Rhyzobius lophanthae
2986184,Ribes alpinum
2986111,Ribes aureum
2479851,Ribes aureum
3611735,Ribes aureum
4925890,Ribes aureum villosum
2986132,Ribes divaricatum
4194699,Ribes nidigrolaria
2986130,Ribes sanguineum
2986129,Ribes spicatum
5380041,Ricinus communis
3640194,Ridolfia segetum
5352251,Robinia pseudoacacia
7339492,Rodgersia aesculifolia
3754587,Rodgersia podophylla
9587676,Roemeria hispida
7315023,Roemeria hybrida
3693336,Rorippa anceps
3053406,Rorippa austriaca
3053399,Rorippa pyrenaica
3002372,Rosa blanda
2889024,Rosa carolina
6300531,Rosa carolina
7298085,Rosa carolina carolina
3005039,Rosa chinensis
3002530,Rosa gallica
3003709,Rosa glauca
3002263,Rosa majalis
7501634,Rosa multiflora
3011247,Rosa nitida
3006974,Rosa pendulina
3003979,Rosa rugosa
9382645,Rosa virginiana
7569075,Rosalia alpina
5289906,Rostraria cristata
2892272,Rubia tinctorum
2996525,Rubus armeniacus
2994120,Rubus cockburnianus
2992543,Rubus laciniatus
2994229,Rubus nutkanus
2994912,Rubus odoratus
2995149,Rubus phoenicolasius
2996897,Rubus setchuenensis
2993761,Rubus spectabilis
2989222,Rubus tricolor
4103685,Rudbeckia amplexicaulis
7344766,Rudbeckia fulgida
3114225,Rudbeckia hirta
3114229,Rudbeckia laciniata
4372686,Ruditapes philippinarum
2888948,Rumex alpinus
7933495,Rumex altissimus
5358301,Rumex brownii
2888993,Rumex bucephalophorus
2888943,Rumex confertus
3736228,Rumex confusus
8186932,Rumex crispus
8257857,Rumex crispus
5831060,Rumex crispus robustus
2889010,Rumex cristatus
2889038,Rumex dentatus
8242651,Rumex erubescens
2888982,Rumex fueginus
3107896,Rumex hybridus
8909872,Rumex hypogaeus
2889005,Rumex kerneri
2888946,Rumex longifolius
2888987,Rumex obovatus
7901010,Rumex obtusifolius
3152723,Rumex obtusifolius
9405036,Rumex obtusifolius
8369366,Rumex obtusifolius sylvestris
2889019,Rumex patientia
7911993,Rumex pseudonatronatus
7415922,Rumex pulcher
8419625,Rumex pulcher
5587240,Rumex pulcher
6313051,Rumex pulcher
6313049,Rumex pulcher
4048052,Rumex pulcher pulcher
8338571,Rumex pulcher woodsii
2889037,Rumex rugosus
2888990,Rumex salicifolius
2432063,Rumex salicifolius
7225456,Rumex salicifolius
8006893,Rumex salicifolius triangulivalvis
2888870,Rumex spinosus
2889023,Rumex stenophyllus
6391417,Rumex thyrsiflorus
4036350,Rumex triangulivalvis
8242651,Rumex ×erubescens
2650944,Rumohra adiantiformis
5220170,Rupicapra rupicapra
2769766,Ruscus aculeatus
3190382,Ruta graveolens
2149847,Rytidosperma gracile
4135683,Rytidosperma setaceum
2805420,Rytidosperma tenuius
2871376,Rytidosperma thomsonii
5587011,Sabulina mediterranea
9440906,Sagina alexandrae
3085389,Sagina japonica
5329038,Sagittaria graminea
5328909,Sagittaria latifolia
9078997,Saissetia oleae
2174528,Saitis barbipes
2431781,Salamandra atra
7645931,Salix acutifolia
3125765,Salix alba
7266329,Salix alba
7068732,Salix alba
3047147,Salix alba alba
5372639,Salix babylonica
9153437,Salix daphnoides
3151666,Salix dolichostachya
2202786,Salix elaeagnos
8429888,Salix elaeagnos
7332517,Salix elaeagnos angustifolia
5372655,Salix eleagnos
8257857,Salix eleagnos
5372614,Salix eriocephala
5372559,Salix exigua
8183217,Salix gmelinii
5372917,Salix interior
5372827,Salix irrorata
1319260,Salix lapponum
5372875,Salix myrsinifolia
5372854,Salix nigra
5372647,Salix pentandra
2148040,Salix purpurea
7266343,Salix purpurea
6164210,Salix purpurea
7230699,Salix purpurea purpurea
8069977,Salix rorida
10986555,Salix sepulcralis
5373039,Salix sepulcralis
5652131,Salix sepulcralis chrysocoma
5582033,Salix udensis
5373039,Salix ×sepulcralis
2932905,Salpiglossis sinuata
2351271,Salvelinus fontinalis
11064584,Salvia abrotanoides
6157035,Salvia aethiopis
2927026,Salvia glutinosa
2926992,Salvia hispanica
2140406,Salvia lavandulifolia
5544928,Salvia lavandulifolia
6076957,Salvia lavandulifolia gallica
2927028,Salvia nemorosa
2927004,Salvia officinalis
2927001,Salvia reflexa
10902460,Salvia rosmarinus
2927000,Salvia sclarea
5359118,Salvia splendens
3882686,Salvia uliginosa
6409706,Salvia verbenaca
2926995,Salvia verticillata
3883959,Salvia viridis
10801424,Salvia yangii
5274861,Salvinia auriculata
5274858,Salvinia natans
6369819,Sambucus canadensis
1866356,Samia cynthia
2382155,Sander lucioperca
3639337,Sanicula epipactis
3125933,Santolina chamaecyparissus
6313049,Santolina rosmarinifolia
3104106,Sanvitalia procumbens
3085357,Saponaria ocymoides
3085360,Saponaria officinalis
3988179,Sarcococca coriacea
5289490,Sarcophilus harrisii
3197314,Sargassum muticum
2498001,Sarkidiornis melanotos
5421389,Sarracenia purpurea
5421385,Sarracenia rubra
8362005,Sasa palmata
4127352,Sasaella ramosa
3034002,Sassafras albidum
2926885,Satureja hortensis
2926884,Satureja montana
2869597,Sauromatum venosum
5384932,Saururus cernuus
7544073,Saxifraga arendsii
3753098,Saxifraga cymbalaria
8223023,Saxifraga geum
7339396,Saxifraga rotundifolia
3032762,Saxifraga stolonifera
3754353,Saxifraga urbium
7544073,Saxifraga ×arendsii
8223023,Saxifraga ×geum
7784175,Scabiosa atropurpurea
7475424,Scabiosa lucida
7302355,Scabiosa nitens
2888806,Scabiosa ochroleuca
5569367,Scaevola aemula
9603492,Scandix australis
4211590,Scandix australis
7222196,Scandix australis grandiflora
3637507,Scandix balansae
3637112,Scandix iberica
6026954,Scandix stellata
10071055,Scandosorbus intermedia
5041466,Sceliphron caementarium
5041422,Sceliphron curvatum
5041471,Sceliphron destillatorium
8332078,Sceliphron spirifex
4233822,Schiffermuelleria bruandella
6085036,Schismus barbatus
1707320,Schistocerca gregaria
8346536,Schkuhria pinnata
4564944,Schmidtia kalahariensis
7961815,Schoenoplectiella bucharica
2767275,Scilla forbesii
2767271,Scilla luciliae
2767229,Scilla sardensis
2767328,Scilla siberica
2720120,Scirpus atrovirens
2720171,Scirpus cyperinus
2720269,Scirpus georgianus
1420612,Scirtothrips longipennis
5219681,Sciurus carolinensis
5219683,Sciurus niger
7222196,Sclerolaena muricata
5403742,Scolymus hispanicus
5403743,Scolymus maculatus
5229154,Scopus umbretta
5358302,Scorpiurus muricatus
3922770,Scorpiurus vermiculatus
7270761,Scorzonera hispanica
3170873,Scrophularia canina
7277946,Scrophularia lanceolata
3170862,Scrophularia peregrina
5289791,Scrophularia pyrenaica
4562566,Scrophularia scopolii
7477038,Scrophularia scorodonia
7810918,Scrophularia vernalis
5341373,Scutellaria altissima
5609719,Scutellaria columnae
5179027,Scutigera coleoptrata
2705966,Secale cereale
4121360,Secale derzhavinii
2706457,Secale strictum
5690287,Sedum cepaea
7172720,Sedum dasyphyllum
5361982,Sedum hispanicum
5690814,Sedum lydium
5361977,Sedum mexicanum
7334489,Sedum palmeri
5362004,Sedum sarmentosum
2294131,Sedum sediforme
5362046,Sedum spathulifolium
2598552,Seifertia azaleae
2688189,Selaginella kraussiana
7655198,Selenops radiatus
4120602,Semiarundinaria fastuosa
4201709,Sempervivum arachnoideum
3045006,Sempervivum barbulatum
8091002,Sempervivum globiferum
2985949,Sempervivum tectorum
2493697,Senecio gallicus
5240299,Senecio glossanthus
3109086,Senecio inaequidens
3107177,Senecio pterophorus
5547989,Senecio quadridentatus
7323251,Senecio saracenicus
7903764,Senecio sarracenicus
3109117,Senecio squalidus
6063730,Senecio vernalis
2957408,Senna obtusifolia
2957966,Senna occidentalis
2684120,Sequoiadendron giganteum
5314814,Serapias lingua
2494303,Serinus canaria
3172622,Sesamum indicum
7645889,Sesbania cannabina
2970585,Sesbania herbacea
6026420,Seseli montanum
3084883,Sesuvium portulacastrum
5289670,Setaria adhaerens
7295374,Setaria dielsii
5289666,Setaria faberi
5289698,Setaria italica
5289679,Setaria parviflora
5289693,Setaria pumila
5289709,Setaria sphacelata
5289686,Setaria verticillata
7226776,Setaria verticillata
5352425,Setaria verticillata
5359402,Setaria verticillata
4270548,Setaria verticillata verticillata
5289684,Setaria viridis
3099650,Shinnersia rivularis
4926534,Sibbaldia tridentata
9235549,Sibirionetta formosa
2874655,Sicyos angulatus
5406735,Sida rhombifolia
5406741,Sida spinosa
7068732,Sidalcea candida
8428499,Sidalcea oregana
2926686,Sideritis lanata
2926688,Sideritis montana
3125893,Sigesbeckia jorullensis
3125901,Sigesbeckia orientalis
7267309,Silene baccifera
7298085,Silene badaroi
7523432,Silene behen
5584611,Silene chalcedonica
5384852,Silene conoidea
5384741,Silene coronaria
8150863,Silene cretica
3170260,Silene csereii
5384818,Silene dichotoma
5384848,Silene gallica
8993502,Silene italica
5342681,Silene linicola
5585975,Silene muscipula
5345430,Silene nocturna
7267492,Silene nocturna
5548724,Silene nocturna
2161911,Silene nocturna nocturna
7746901,Silene otites
5384773,Silene pendula
3083659,Silene scabriflora
5584240,Silene schafta
8184157,Silene stricta
8406661,Silene uniflora
8279669,Silene viscosa
4104890,Silene vulgaris
5587240,Silene vulgaris
6710856,Silene vulgaris
7466434,Silene vulgaris vulgaris
3092576,Silphium perfoliatum
2337607,Silurus glanis
3145214,Silybum marianum
3115131,Sinacalia tangutica
4559541,Sinanodonta woodiana
3047621,Sinapis alba
2115724,Sinapis alba
3042889,Sinapis alba
10948891,Sinapis alba dissecta
2367033,Sinelobus stanfordi
7547256,Sinelobus vanhaareni
5188774,Siren intermedia
5365494,Sistrurus
7225712,Sistrurus NA
5221810,Sistrurus NA
3046736,Sisymbrium altissimum
3046925,Sisymbrium austriacum
3046929,Sisymbrium chrysanthum
3046765,Sisymbrium erysimoides
3046851,Sisymbrium irio
3046875,Sisymbrium loeselii
3046812,Sisymbrium orientale
8323119,Sisymbrium runcinatum
5371869,Sisymbrium septulatum
3046850,Sisymbrium strictissimum
3046744,Sisymbrium volgense
5296015,Sisyrinchium angustifolium
5296218,Sisyrinchium californicum
5296178,Sisyrinchium montanum
5296432,Sisyrinchium striatum
7740617,Skimmia japonica
3837891,Skimmia reevesiana
5295044,Smilax aspera
5295375,Smilax rotundifolia
3034782,Smyrnium olusatrum
6027089,Smyrnium perfoliatum
2929847,Solanum aethiopicum
2930222,Solanum americanum
2929800,Solanum angustifolium
2932011,Solanum carolinense
2929710,Solanum chenopodioides
2932872,Solanum decipiens
2929892,Solanum elaeagnifolium
2930137,Solanum lycopersicum
2932147,Solanum nitidibaccatum
2931738,Solanum pimpinellifolium
2931104,Solanum pseudocapsicum
2932501,Solanum pygmaeum
2930805,Solanum sarachoides
2930805,Solanum sarrachoides
2932184,Solanum sisymbriifolium
2931237,Solanum triflorum
2930262,Solanum tuberosum
2931914,Solanum viarum
3802956,Solanum villosum
6290046,Solanum villosum
8991514,Solanum villosum
6432925,Solanum villosum
9771172,Solanum villosum villosum
2984366,Soleirolia soleirolii
5389058,Solidago altissima
5389029,Solidago canadensis
5389017,Solidago gigantea
5388967,Solidago rugosa
7505045,Soliva anthemifolia
3092691,Soliva sessilis
5375285,Sonchus asper
4250676,Sonchus asper
4271356,Sonchus asper
4925890,Sonchus asper glaucescens
3105768,Sonchus tenerrimus
3012103,Sorbaria kirilowii
3012089,Sorbaria sorbifolia
3012117,Sorbaria tomentosa
2706403,Sorbus latifolia
2705181,Sorghum bicolor
2705185,Sorghum halepense
5355395,Spartium junceum
9345027,Spatula cyanoptera
2888799,Spatula cyanoptera
4211590,Spatula cyanoptera
4273336,Spatula cyanoptera cyanoptera
9496048,Spatula hottentota
9583342,Spatula puna
9288935,Spatula rhynchotis
9305555,Spatula versicolor
7332416,Spatula versicolor
5928306,Spatula versicolor
4090836,Spatula versicolor versicolor
8096233,Spergularia bocconei
2153791,Spermophora senoculata
7116158,Sphaeralcea bonariensis
6101224,Spilopelia chinensis
6101223,Spilopelia senegalensis
2480317,Spilotes pullatus
3083647,Spinacia oleracea
7341745,Spinus magellanicus
3026585,Spiraea alba
7889822,Spiraea billardii
3026426,Spiraea brachybotrys
3027138,Spiraea canescens
3026906,Spiraea cantoniensis
3026406,Spiraea chamaedryfolia
3027159,Spiraea douglasii
3026431,Spiraea hypericifolia
8170635,Spiraea japonica
3027355,Spiraea macrothyrsa
3027341,Spiraea nipponica
3027332,Spiraea rosalba
3026454,Spiraea salicifolia
3026402,Spiraea thunbergii
3026819,Spiraea tomentosa
3026622,Spiraea vanhouttei
7889822,Spiraea ×billardii
3027332,Spiraea ×rosalba
2739769,Spiranthes cernua
8243150,Spirobassia hirsuta
2764337,Spirodela punctata
3040923,Spizaetus melanoleucus
7427650,Sporisorium destruens
9379326,Sporobolus aculeatus
2475373,Sporobolus advenus
4152259,Sporobolus africanus
9632508,Sporobolus alopecuroides
9398259,Sporobolus anglicus
4151306,Sporobolus caroli
8421432,Sporobolus creber
2704778,Sporobolus elongatus
2704757,Sporobolus indicus
9592414,Sporobolus michauxianus
9382716,Sporobolus schoenoides
9393876,Sporobolus townsendii
3885185,Stachys atherocalyx
2927230,Stachys byzantina
7219988,Stachys cretica
3686235,Staphylea pinnata
2157245,Steatoda grossa
2157203,Steatoda nobilis
4932431,Steatoda paykulliana
2444356,Stelidota geminata
7938233,Stellaria cupaniana
1247584,Stenopelmus rufinasus
4488933,Stephanitis oberti
2020688,Stephanitis rhododendri
2020686,Stephanitis takeyai
1013526,Sternotherus carinatus
2010226,Sthenarus rotermundi
5154481,Stictocephala bisonia
4127831,Stipa pennata
4130246,Stipagrostis pungens
2047706,Stragania apicalis
3000406,Stranvaesia davidiana
2495699,Streptopelia lugens
2495688,Streptopelia roseogrisea
2495691,Streptopelia tranquebarica
5373440,Strigosella africana
7520678,Striosubulina striatella
2497509,Strix uralensis
7350944,Stropholoma aurantiacum
5190777,Stuartina muelleri
6100941,Sturnia pagodarum
6091856,Sturnia sinensis
2331942,Styela clava
2963569,Styphnolobium japonicum
1891245,Sufetula diminutalis
9491873,Sulla coronaria
2434126,Suricata suricatta
5414989,Sylvilagus floridanus
7523753,Symphoricarpos albus
8212772,Symphoricarpos doorenbosii
2888636,Symphoricarpos orbiculatus
3151692,Symphyotrichum ciliatum
3151434,Symphyotrichum dumosum
8421156,Symphyotrichum laeve
9202318,Symphyotrichum lanceolatum
7832723,Symphyotrichum lateriflorum
3151618,Symphyotrichum novae-angliae
3151558,Symphyotrichum novi-belgii
3151755,Symphyotrichum pilosum
3142974,Symphyotrichum racemosum
3151811,Symphyotrichum salignum
3094253,Symphyotrichum subulatum
3151811,Symphyotrichum ×salignum
2926066,Symphytum asperum
7989836,Symphytum caucasicum
4067302,Symphytum grandiflorum
4067281,Symphytum hidcotense
4067112,Symphytum orientale
10755213,Synarmadillo
7225471,Synarmadillo NA
5621983,Synarmadillo NA
2204831,Synidotea laticauda
2702862,Synoicus chinensis
4416920,Synurella ambulans
7636833,Syringa josikaea
5415039,Syringa vulgaris
2473477,Syrmaticus reevesii
1728965,Tachycines asynamorus
2498010,Tadorna cana
2498015,Tadorna ferruginea
2498007,Tadorna tadornoides
2498011,Tadorna variegata
2705666,Taeniatherum caput-medusae
2493633,Taeniopygia guttata
3088488,Tagetes erecta
3088481,Tagetes minuta
7497356,Tagetes tenuifolia
2874702,Tamarix africana
2705373,Tamarix canariensis
8380575,Tamarix gallica
2874706,Tamarix parviflora
2437450,Tamias sibiricus
2437282,Tamiasciurus hudsonicus
3118254,Tanacetum balsamita
3118216,Tanacetum corymbosum
3118526,Tanacetum macrophyllum
3118430,Tanacetum parthenium
4598225,Tandonia budapestensis
2705350,Tandonia sowerbyi
9551728,Tapinoma magnum
1316805,Tapinoma melanocephalum
3872463,Tarenaya hassleriana
12187916,Tarenaya houtteana
2445034,Tarentola mauritanica
5806954,Tarsostenus carus
5168461,Tasserkidrilus americanus
2475235,Tauraco leucotis
2684191,Taxodium distichum
7664179,Technomyrmex vitiensis
5389173,Telekia speciosa
3032698,Tellima grandiflora
1450317,Telmatogeton japonicus
3083888,Teloxys aristata
3048288,Tephritis carmen
3048532,Terapon jarbua
2288847,Teredo navalis
2443173,Terrapene carolina
7587923,Testacella haliotidea
2441658,Testudo
2441658,Testudo NA
2441461,Testudo graeca
2441454,Testudo hermanni
5384307,Tetragonia tetragonioides
11141765,Tetramoera langmaidi
1323402,Tetramorium bicarinatum
3110293,Tetraponera allaborans
3896282,Teucrium hircanicum
3896203,Teucrium hyrcanicum
4123970,Teucrium lucidrys
8118326,Teucrium resupinatum
5303040,Thalia dealbata
3033131,Thalictrum aquilegifolium
6376340,Thalictrum aquilegiifolium
7278040,Thalictrum delavayi
7277286,Thalictrum speciosissimum
2457825,Thamnophis
2457825,Thamnophis NA
7481364,Thamnophis marcianus
5221988,Thamnophis saurita
2457522,Thamnophis sirtalis
8925248,Thanatus vulgaris
5879783,Thaumatotibia leucotreta
2294277,Theba pisana
5250069,Thecaphora oxalidis
2480786,Theristicus melanopis
1421105,Thermobia domestica
11844792,Thermopsis montana
4125808,Thinopyrum elongatum
5659657,Thinopyrum obtusiflorum
2874538,Thladiantha dubia
2480764,Threskiornis aethiopicus
2480766,Threskiornis spinicollis
2684178,Thuja occidentalis
2684171,Thuja plicata
5415463,Thunbergia alata
5607452,Thymus citriodorus
2443074,Thymus pannonicus
5341442,Thymus vulgaris
1795068,Thysanoplusia orichalcea
5371610,Tiarella cordifolia
4259350,Tilia tomentosa
5303524,Tinantia erecta
5303515,Tinantia pringlei
5396551,Tithonia rotundifolia
10329298,Tliltocatl albopilosus
5371605,Tolmiea menziesii
3633319,Tordylium maximum
6026665,Torilis africana
3725805,Torilis leptophylla
5407810,Trachelium caeruleum
3169713,Trachelospermum jasminoides
2443002,Trachemys scripta
6157026,Trachemys scripta
6157035,Trachemys scripta
7062200,Trachemys scripta
1420828,Trachemys scripta
1420829,Trachemys scripta
3104078,Trachemys scripta
3935202,Trachemys scripta
2284443,Trachemys scripta
7740944,Trachemys scripta
2161467,Trachemys scripta elegans
7332416,Trachemys scripta scripta
3746867,Trachemys scripta troostii
2739071,Trachycarpus fortunei
2161710,Trachylepis striata
8244019,Trachyspermum ammi
4063383,Trachystemon orientale
2765156,Tradescantia fluminensis
2765221,Tradescantia pallida
2765272,Tradescantia virginiana
6443709,Tragopogon dubius
5709400,Tragopogon mirabilis
5386938,Tragopogon porrifolius
5709400,Tragopogon ×mirabilis
5290130,Tragus australianus
8338571,Tragus berteronianus
5674919,Tragus koelerioides
5290126,Tragus racemosus
2516419,Tranzschelia discolor
3188757,Trapa natans
2784401,Traunsteinera globosa
4484009,Tremulicerus distinguendus
4202184,Triaeris stenaspis
2012132,Trialeurodes vaporariorum
5421116,Tribulus terrestris
4985072,Tricellaria inopinata
5202520,Tricellaria ternata
2479686,Trichoglossus haematodus
7324507,Trichoglossus moluccanus
5402627,Trichopsocus clarus
2204981,Trichorhina tomentosa
5358907,Trifolium alexandrinum
5359499,Trifolium alpestre
5359395,Trifolium angustifolium
5358906,Trifolium constantinopolitanum
5358912,Trifolium diffusum
5359345,Trifolium echinatum
5358694,Trifolium glomeratum
5359445,Trifolium hirtum
5359402,Trifolium hybridum
7224427,Trifolium hybridum
7222255,Trifolium hybridum
4211590,Trifolium hybridum
11136683,Trifolium hybridum
6076957,Trifolium hybridum
8338571,Trifolium hybridum elegans
4115425,Trifolium hybridum hybridum
5359378,Trifolium incarnatum
5359447,Trifolium isthmocarpum
5358913,Trifolium lappaceum
5359169,Trifolium michelianum
5358774,Trifolium nigrescens
5359411,Trifolium pallidum
5359067,Trifolium pannonicum
5359260,Trifolium patens
5359526,Trifolium purpureum
5359175,Trifolium resupinatum
5356429,Trifolium retusum
5359249,Trifolium rubens
2157928,Trifolium spumosum
5359194,Trifolium squamosum
5359109,Trifolium squarrosum
5359037,Trifolium stellatum
5359475,Trifolium strictum
5359099,Trifolium suffocatum
5359068,Trifolium sylvaticum
7600608,Trifolium sylvaticum
5359510,Trifolium tomentosum
5359334,Trifolium vesiculosum
6101215,Trigonella arabica
5360429,Trigonella caelesyriaca
5360498,Trigonella caerulea
4072124,Trigonella calliceras
2308541,Trigonella esculenta
5360475,Trigonella foenum-graecum
7293222,Trigonella hierosolymitana
5360508,Trigonella maritima
5360402,Trigonella procumbens
1031524,Trigonella spinosa
5360417,Trigonella stellata
5598788,Trimeresurus albolabris
5599249,Trioceros hoehnelii
3167003,Triodanis perfoliata
3104150,Tripleurospermum decipiens
7361239,Triraphis mollis
4114502,Trisetaria panicea
5304187,Triteleia laxa
7795888,Triticum aestivum
2706403,Triticum aestivum
5605751,Triticum aestivum
7323251,Triticum aestivum
7323834,Triticum aestivum
6362724,Triticum aestivum compactum
8257857,Triticum aestivum spelta
7883427,Triticum monococcum
2706406,Triticum turgidum
8864505,Triticum turgidum
2145078,Triticum turgidum
3140910,Triticum turgidum
4090836,Triticum turgidum
4104890,Triticum turgidum
6710856,Triticum turgidum
6157026,Triticum turgidum dicoccum
7062200,Triticum turgidum durum
6157035,Triticum turgidum polonicum
2431886,Triturus marmoratus
3935202,Trochoidea elegans
3141571,Trogium pulsatorium
3033289,Trollius europaeus
2889934,Tropaeolum majus
4487370,Tropidosteptes pacificus
2687182,Tsuga canadensis
2687210,Tsuga heterophylla
2874024,Tuberaria guttata
5299675,Tulipa gesneriana
5299536,Tulipa sylvestris
5299590,Tulipa urumiensis
4487799,Tupiocoris rhododendri
2497341,Tuponia brevirostris
5152721,Tuponia mixticolor
4556286,Turdus dissimilis
4528099,Tuta absoluta
5289503,Typha laxmannii
5289492,Typha minima
2394563,Typha provincialis
2951998,Ulex gallii
2951968,Ulex minor
2142456,Uloborus plumipes
7334368,Umbilicus rupestris
5203111,Umbra pygmaea
2088481,Unaspis euonymi
5422556,Undaria pinnatifida
2705848,Urochloa mutica
2705869,Urochloa panicoides
2705828,Urochloa plantaginea
2705854,Urochloa platyphylla
2158821,Urochloa ramosa
6100962,Urocissa erythroryncha
8264893,Uroctea durandi
7225621,Urocystis trollii
3047147,Uromyces croci
2157984,Uromyces dianthi
6931186,Uromyces hedysari-obscuri
2928766,Uromyces proeminens
3798835,Uromyces veratri
2497828,Urtica incisa
7437751,Urtica membranacea
5670646,Urtica pilulifera
2557469,Ustilago maydis
2882849,Vaccinium corymbosum
2882841,Vaccinium macrocarpon
7777960,Vaccinium macrocarpum
8201823,Valeriana phu
3666059,Valeriana pyrenaica
7298858,Valerianella coronata
2888773,Valerianella eriocarpa
7988337,Valerianella locusta
4206362,Valerianella locusta
4123394,Valerianella locusta
7223276,Valerianella locusta locusta
3094899,Valerianella vesicaria
2865501,Vallisneria americana
2865524,Vallisneria australis
2865526,Vallisneria spiralis
5229136,Vanellus armatus
5229134,Vanellus miles
5229142,Vanellus spinosus
1194989,Varanus niloticus
2188249,Varroa destructor
1194885,Varroa jacobsoni
7420522,Veratrum album
9629891,Verbascum angulosum
3741432,Verbascum banaticum
3740974,Verbascum brockmuelleri
8949622,Verbascum chaixii
2705092,Verbascum divaricatum
3171948,Verbascum phlomoides
3171951,Verbascum phoeniceum
3171946,Verbascum sinuatum
3171952,Verbascum speciosum
3171954,Verbascum virgatum
3740974,Verbascum ×brockmuelleri
4083707,Verbena aristigera
2925514,Verbena bonariensis
2925532,Verbena bracteata
2925518,Verbena brasiliensis
9803191,Verbena halei
2925527,Verbena hastata
2925616,Verbena hybrida
4086523,Verbena incompta
2925496,Verbena rigida
5414545,Verbena supina
2925530,Verbena urticifolia
3147815,Verbesina alternifolia
3147913,Verbesina encelioides
5397564,Vernonia fasciculata
3172099,Veronica austriaca
3172066,Veronica campylopoda
5289751,Veronica ceratocarpa
3172068,Veronica cymbalaria
3172100,Veronica filiformis
1321805,Veronica glauca
3172118,Veronica longifolia
3172104,Veronica peregrina
3172077,Veronica persica
3727713,Veronica pinguifolia
7331874,Veronica repens
3172059,Veronica spicata
2152822,Veronica teucrium
8983123,Veronica teucrium
9508942,Veronica teucrium
4270548,Veronica teucrium teucrium
3172206,Veronicastrum virginicum
1311477,Vespa velutina
3856436,Viburnum davidi
4930155,Viburnum davidii
2888622,Viburnum plicatum
2888588,Viburnum rhytidophylloides
2888625,Viburnum rhytidophyllum
2888585,Viburnum tinus
2974876,Vicia assyriaca
2975384,Vicia benghalensis
5825913,Vicia benghalensis
2176168,Vicia benghalensis
4132112,Vicia benghalensis benghalensis
2975309,Vicia bithynica
2975187,Vicia cuspidata
3973636,Vicia dalmatica
2974946,Vicia dumetorum
3973495,Vicia eriocarpa
2974887,Vicia ervilia
2974832,Vicia faba
2974901,Vicia grandiflora
2975257,Vicia hybrida
2974826,Vicia hyrcanica
3973001,Vicia lens
4110879,Vicia lentoides
2974753,Vicia lutea
7426824,Vicia melanops
2975416,Vicia monantha
2975132,Vicia narbonensis
7225456,Vicia narbonensis
7510471,Vicia narbonensis
3890974,Vicia narbonensis
7332517,Vicia narbonensis narbonensis
2975097,Vicia noeana
2974811,Vicia pannonica
9603492,Vicia pannonica
8345607,Vicia pannonica
7272185,Vicia pannonica
7224069,Vicia pannonica pannonica
2975262,Vicia peregrina
7068379,Vicia sativa
5739284,Vicia sativa
7415922,Vicia sativa
5581279,Vicia sativa sativa
2975135,Vicia serratifolia
2975393,Vicia sicula
2974793,Vicia sylvatica
2974921,Vicia villosa
7225471,Vicia villosa
8358048,Vicia villosa
7272439,Vicia villosa
7226776,Vicia villosa
7267492,Vicia villosa
7272439,Vicia villosa varia
8045533,Vicia villosa villosa
8045533,Victorella pavida
7925720,Vidua macroura
2982380,Vigna radiata
9518324,Vimba vimba
3169708,Vinca major
5414551,Vincetoxicum nigrum
3023671,Vincetoxicum rossicum
7628663,Viola cornuta
9601519,Viola gracilis
7296375,Viola hederacea
5331238,Viola sororia
7901652,Viola wittrockiana
7901652,Viola ×wittrockiana
2444339,Vipera aspis
4483961,Viridicerus ustulatus
5371753,Visnaga daucoides
5372392,Vitis vinifera
2514345,Vittadinia dentata
5241445,Volvariella volvacea
6085036,Vulpia ciliata
3376286,Vulpia ciliata
7225456,Vulpia ciliata
3898065,Vulpia ciliata ciliata
5679032,Vulpia geniculata
5679007,Vulpia ligustica
5289590,Vulpia myuros
8011733,Weigela floribunda
8149049,Wisteria sinensis
5330085,Wolffia columbiana
6076957,Xanthium albinum
3089140,Xanthium ambrosioides
3089146,Xanthium orientale
2494536,Xanthium orientale
3922770,Xanthium orientale
6157026,Xanthium orientale saccharatum
3089150,Xanthium spinosum
3089154,Xanthium strumarium
2683894,Xanthocyparis nootkatensis
5217334,Xenopus laevis
3102871,Xerochrysum bracteatum
9890104,Xeroplexa intersecta
2457378,Xerosecta cespitum
1342324,Xylocopa virginica
2020832,Xylocoris galactinus
4423428,Yersinella raymondii
2285504,Yoldia limatula
2775530,Yucca flaccida
2775619,Yucca gloriosa
2458538,Zamenis longissimus
9416124,Zamenis scalaris
2888945,Zamenis situla
2868827,Zantedeschia aethiopica
2868796,Zantedeschia albomaculata
5290052,Zea mays
7901010,Zebrina detrita
2984532,Zelkova serrata
4139345,Zingeria pisidica
4036350,Zinnia angustifolia
2473221,Zinnia angustifolia
7277946,Zinnia angustifolia angustifolia
3111754,Zinnia elegans
7517279,Zinnia violacea
2703231,Zizania latifolia
3039418,Ziziphus lotus
2295425,Zonitoides arboreus
5231103,Zonotrichia capensis
7882289,Zophobas atratus
2153287,Zoropsis spinimana
7266656,Zosterops palpebrosus
5373039,Zuloagaea bulbosa
2029273,Zygina nivea
