gbifID,year,individualCount,lifeStage,eventID,locationID,NISCODE,gemeente,provincie,verbatimLocality,locality,n_fuiken,gewest
1,2011,0,adult,01-06-2011_driehoek,48fb261c-3f3a-4a95-9103-1e6822dae999,13014,Hoogstraten,Antwerpen,NA,NA,3,flanders
2,2011,0,juvenile,01-06-2011_driehoek,48fb261c-3f3a-4a95-9103-1e6822dae999,13014,Hoogstraten,Antwerpen,NA,NA,3,flanders
3,2011,16,larvae,01-06-2011_driehoek,48fb261c-3f3a-4a95-9103-1e6822dae999,13014,Hoogstraten,Antwerpen,NA,NA,3,flanders
4,2012,5,adult,01-06-2012_driehoek,48fb261c-3f3a-4a95-9103-1e6822dae999,13014,Hoogstraten,Antwerpen,NA,NA,6,flanders
5,2012,0,juvenile,01-06-2012_driehoek,48fb261c-3f3a-4a95-9103-1e6822dae999,13014,Hoogstraten,Antwerpen,NA,NA,6,flanders
6,2012,3,larvae,01-06-2012_driehoek,48fb261c-3f3a-4a95-9103-1e6822dae999,13014,Hoogstraten,Antwerpen,NA,NA,6,flanders
7,2017,1,adult,01-06-2017_nijlen b9,abd1f412-8e63-4eae-bf83-afa3f0d03b33,12026,Nijlen,Antwerpen,NA,NA,1,flanders
8,2017,0,juvenile,01-06-2017_nijlen b9,abd1f412-8e63-4eae-bf83-afa3f0d03b33,12026,Nijlen,Antwerpen,NA,NA,1,flanders
9,2017,0,larvae,01-06-2017_nijlen b9,abd1f412-8e63-4eae-bf83-afa3f0d03b33,12026,Nijlen,Antwerpen,NA,NA,1,flanders
10,2017,0,adult,01-06-2017_scheps 6,3f097ed2-a6e2-4db8-ab6d-eb411d610792,13003,Balen,Antwerpen,NA,NA,6,flanders
11,2017,0,juvenile,01-06-2017_scheps 6,3f097ed2-a6e2-4db8-ab6d-eb411d610792,13003,Balen,Antwerpen,NA,NA,6,flanders
12,2017,151,larvae,01-06-2017_scheps 6,3f097ed2-a6e2-4db8-ab6d-eb411d610792,13003,Balen,Antwerpen,NA,NA,6,flanders
13,2017,0,adult,01-06-2017_scheps 8,909d4ce7-901a-499c-b993-242731897f23,13003,Balen,Antwerpen,scheps 8,scheps 8,3,flanders
14,2017,0,juvenile,01-06-2017_scheps 8,909d4ce7-901a-499c-b993-242731897f23,13003,Balen,Antwerpen,scheps 8,scheps 8,3,flanders
15,2017,0,larvae,01-06-2017_scheps 8,909d4ce7-901a-499c-b993-242731897f23,13003,Balen,Antwerpen,scheps 8,scheps 8,3,flanders
16,2017,0,adult,01-06-2017_scheps 8,909d4ce7-901a-499c-b993-242731897f23,13003,Balen,Antwerpen,NA,NA,2,flanders
17,2017,0,juvenile,01-06-2017_scheps 8,909d4ce7-901a-499c-b993-242731897f23,13003,Balen,Antwerpen,NA,NA,2,flanders
18,2017,2,larvae,01-06-2017_scheps 8,909d4ce7-901a-499c-b993-242731897f23,13003,Balen,Antwerpen,NA,NA,2,flanders
19,2021,7,adult,01-06-2021_griesbroek 6,03dc3f07-506f-4c71-bbcd-ad24c177cab5,13003,Balen,Antwerpen,griesbroek 6,griesbroek 6,8,flanders
20,2021,0,juvenile,01-06-2021_griesbroek 6,03dc3f07-506f-4c71-bbcd-ad24c177cab5,13003,Balen,Antwerpen,griesbroek 6,griesbroek 6,8,flanders
21,2021,82,larvae,01-06-2021_griesbroek 6,03dc3f07-506f-4c71-bbcd-ad24c177cab5,13003,Balen,Antwerpen,griesbroek 6,griesbroek 6,8,flanders
22,2021,7,adult,01-06-2021_laakdal 41,3FF122FA-A234-4A59-B023-BF7A15813990,13053,Laakdal,Antwerpen,laakdal 41,laakdal 41,12,flanders
23,2021,3,juvenile,01-06-2021_laakdal 41,3FF122FA-A234-4A59-B023-BF7A15813990,13053,Laakdal,Antwerpen,laakdal 41,laakdal 41,12,flanders
24,2021,2051,larvae,01-06-2021_laakdal 41,3FF122FA-A234-4A59-B023-BF7A15813990,13053,Laakdal,Antwerpen,laakdal 41,laakdal 41,12,flanders
25,2021,2,adult,01-06-2021_laakdal 6,e02a0538-0a5c-4bf6-9af8-8bea79186857,13053,Laakdal,Antwerpen,laakdal 6,laakdal 6,10,flanders
26,2021,6,juvenile,01-06-2021_laakdal 6,e02a0538-0a5c-4bf6-9af8-8bea79186857,13053,Laakdal,Antwerpen,laakdal 6,laakdal 6,10,flanders
27,2021,0,larvae,01-06-2021_laakdal 6,e02a0538-0a5c-4bf6-9af8-8bea79186857,13053,Laakdal,Antwerpen,laakdal 6,laakdal 6,10,flanders
28,2022,5,adult,01-06-2022_laakdal 6,e02a0538-0a5c-4bf6-9af8-8bea79186857,13053,Laakdal,Antwerpen,laakdal 6,laakdal 6,10,flanders
29,2022,2,juvenile,01-06-2022_laakdal 6,e02a0538-0a5c-4bf6-9af8-8bea79186857,13053,Laakdal,Antwerpen,laakdal 6,laakdal 6,10,flanders
30,2022,0,larvae,01-06-2022_laakdal 6,e02a0538-0a5c-4bf6-9af8-8bea79186857,13053,Laakdal,Antwerpen,laakdal 6,laakdal 6,10,flanders
31,2022,1,adult,01-06-2022_meerhout 13,8731AF96-CC5E-44B2-A8E8-AF9AC37F7E76,13008,Geel,Antwerpen,meerhout 13,meerhout 13,2,flanders
32,2022,0,juvenile,01-06-2022_meerhout 13,8731AF96-CC5E-44B2-A8E8-AF9AC37F7E76,13008,Geel,Antwerpen,meerhout 13,meerhout 13,2,flanders
33,2022,38,larvae,01-06-2022_meerhout 13,8731AF96-CC5E-44B2-A8E8-AF9AC37F7E76,13008,Geel,Antwerpen,meerhout 13,meerhout 13,2,flanders
34,2022,6,adult,01-06-2022_scheps 35,C40A62BC-753E-4B8E-A09E-101C73DE9BD0,13021,Meerhout,Antwerpen,scheps 35,scheps 35,16,flanders
35,2022,2,juvenile,01-06-2022_scheps 35,C40A62BC-753E-4B8E-A09E-101C73DE9BD0,13021,Meerhout,Antwerpen,scheps 35,scheps 35,16,flanders
36,2022,385,larvae,01-06-2022_scheps 35,C40A62BC-753E-4B8E-A09E-101C73DE9BD0,13021,Meerhout,Antwerpen,scheps 35,scheps 35,16,flanders
37,2023,25,adult,01-06-2023_griesbroek 6,03dc3f07-506f-4c71-bbcd-ad24c177cab5,13003,Balen,Antwerpen,griesbroek 6,griesbroek 6,4,flanders
38,2023,14,juvenile,01-06-2023_griesbroek 6,03dc3f07-506f-4c71-bbcd-ad24c177cab5,13003,Balen,Antwerpen,griesbroek 6,griesbroek 6,4,flanders
39,2023,11,larvae,01-06-2023_griesbroek 6,03dc3f07-506f-4c71-bbcd-ad24c177cab5,13003,Balen,Antwerpen,griesbroek 6,griesbroek 6,4,flanders
40,2023,2,adult,01-06-2023_laakdal 41,3FF122FA-A234-4A59-B023-BF7A15813990,13053,Laakdal,Antwerpen,laakdal 41,laakdal 41,20,flanders
41,2023,0,juvenile,01-06-2023_laakdal 41,3FF122FA-A234-4A59-B023-BF7A15813990,13053,Laakdal,Antwerpen,laakdal 41,laakdal 41,20,flanders
42,2023,615,larvae,01-06-2023_laakdal 41,3FF122FA-A234-4A59-B023-BF7A15813990,13053,Laakdal,Antwerpen,laakdal 41,laakdal 41,20,flanders
43,2023,1,adult,01-06-2023_nijlen b10,554e3c11-e529-4b0b-a162-714c72d3547e,12026,Nijlen,Antwerpen,nijlen b10,nijlen b10,1,flanders
44,2023,0,juvenile,01-06-2023_nijlen b10,554e3c11-e529-4b0b-a162-714c72d3547e,12026,Nijlen,Antwerpen,nijlen b10,nijlen b10,1,flanders
45,2023,18,larvae,01-06-2023_nijlen b10,554e3c11-e529-4b0b-a162-714c72d3547e,12026,Nijlen,Antwerpen,nijlen b10,nijlen b10,1,flanders
46,2023,0,adult,01-06-2023_nijlen b11,602c47a6-7c4a-46b9-b481-921731880571,12026,Nijlen,Antwerpen,nijlen b11,nijlen b11,1,flanders
47,2023,0,juvenile,01-06-2023_nijlen b11,602c47a6-7c4a-46b9-b481-921731880571,12026,Nijlen,Antwerpen,nijlen b11,nijlen b11,1,flanders
48,2023,0,larvae,01-06-2023_nijlen b11,602c47a6-7c4a-46b9-b481-921731880571,12026,Nijlen,Antwerpen,nijlen b11,nijlen b11,1,flanders
49,2023,0,adult,01-06-2023_nijlen b13,54ce2446-f7e8-4a59-9680-f5a72eb40fc7,12026,Nijlen,Antwerpen,nijlen b13,nijlen b13,1,flanders
50,2023,0,juvenile,01-06-2023_nijlen b13,54ce2446-f7e8-4a59-9680-f5a72eb40fc7,12026,Nijlen,Antwerpen,nijlen b13,nijlen b13,1,flanders
51,2023,0,larvae,01-06-2023_nijlen b13,54ce2446-f7e8-4a59-9680-f5a72eb40fc7,12026,Nijlen,Antwerpen,nijlen b13,nijlen b13,1,flanders
52,2023,0,adult,01-06-2023_nijlen b5,02d79285-1ed2-44b9-84d5-96cd0b55f479,12026,Nijlen,Antwerpen,nijlen b5,nijlen b5,2,flanders
53,2023,0,juvenile,01-06-2023_nijlen b5,02d79285-1ed2-44b9-84d5-96cd0b55f479,12026,Nijlen,Antwerpen,nijlen b5,nijlen b5,2,flanders
54,2023,0,larvae,01-06-2023_nijlen b5,02d79285-1ed2-44b9-84d5-96cd0b55f479,12026,Nijlen,Antwerpen,nijlen b5,nijlen b5,2,flanders
55,2023,0,adult,01-06-2023_nijlen b6,7bfeea33-87a3-4896-b2e4-a2f6b8d951a9,12026,Nijlen,Antwerpen,nijlen b6,nijlen b6,1,flanders
56,2023,0,juvenile,01-06-2023_nijlen b6,7bfeea33-87a3-4896-b2e4-a2f6b8d951a9,12026,Nijlen,Antwerpen,nijlen b6,nijlen b6,1,flanders
57,2023,7,larvae,01-06-2023_nijlen b6,7bfeea33-87a3-4896-b2e4-a2f6b8d951a9,12026,Nijlen,Antwerpen,nijlen b6,nijlen b6,1,flanders
58,2023,0,adult,01-06-2023_nijlen b7,d7c1cfe1-7c93-4c4a-82b1-65d0f9c0cd19,12026,Nijlen,Antwerpen,nijlen b7,nijlen b7,1,flanders
59,2023,0,juvenile,01-06-2023_nijlen b7,d7c1cfe1-7c93-4c4a-82b1-65d0f9c0cd19,12026,Nijlen,Antwerpen,nijlen b7,nijlen b7,1,flanders
60,2023,0,larvae,01-06-2023_nijlen b7,d7c1cfe1-7c93-4c4a-82b1-65d0f9c0cd19,12026,Nijlen,Antwerpen,nijlen b7,nijlen b7,1,flanders
61,2023,0,adult,01-06-2023_nijlen b9,abd1f412-8e63-4eae-bf83-afa3f0d03b33,12026,Nijlen,Antwerpen,nijlen b9,nijlen b9,1,flanders
62,2023,0,juvenile,01-06-2023_nijlen b9,abd1f412-8e63-4eae-bf83-afa3f0d03b33,12026,Nijlen,Antwerpen,nijlen b9,nijlen b9,1,flanders
63,2023,0,larvae,01-06-2023_nijlen b9,abd1f412-8e63-4eae-bf83-afa3f0d03b33,12026,Nijlen,Antwerpen,nijlen b9,nijlen b9,1,flanders
64,2023,0,adult,01-06-2023_scheps 1,99b57d68-38ec-4f35-8d21-edaa375cf288,13003,Balen,Antwerpen,scheps 1,scheps 1,2,flanders
65,2023,0,juvenile,01-06-2023_scheps 1,99b57d68-38ec-4f35-8d21-edaa375cf288,13003,Balen,Antwerpen,scheps 1,scheps 1,2,flanders
66,2023,0,larvae,01-06-2023_scheps 1,99b57d68-38ec-4f35-8d21-edaa375cf288,13003,Balen,Antwerpen,scheps 1,scheps 1,2,flanders
67,2023,1,adult,01-06-2023_scheps 20,03167d3d-4f00-42b8-b8be-fbe739205a3c,13003,Balen,Antwerpen,scheps 20,scheps 20,2,flanders
68,2023,0,juvenile,01-06-2023_scheps 20,03167d3d-4f00-42b8-b8be-fbe739205a3c,13003,Balen,Antwerpen,scheps 20,scheps 20,2,flanders
69,2023,121,larvae,01-06-2023_scheps 20,03167d3d-4f00-42b8-b8be-fbe739205a3c,13003,Balen,Antwerpen,scheps 20,scheps 20,2,flanders
70,2023,0,adult,01-06-2023_scheps 40,F839D846-F59A-4D49-AE3A-724B06CE89E4,13003,Balen,Antwerpen,scheps 40,scheps 40,8,flanders
71,2023,0,juvenile,01-06-2023_scheps 40,F839D846-F59A-4D49-AE3A-724B06CE89E4,13003,Balen,Antwerpen,scheps 40,scheps 40,8,flanders
72,2023,0,larvae,01-06-2023_scheps 40,F839D846-F59A-4D49-AE3A-724B06CE89E4,13003,Balen,Antwerpen,scheps 40,scheps 40,8,flanders
73,2025,1,adult,01-06-2025_bel 2,066E97A4-D3EC-4D17-A8B9-6CD1D3C48F5E,13008,Geel,Antwerpen,bel 2,bel 2,10,flanders
74,2025,35,juvenile,01-06-2025_bel 2,066E97A4-D3EC-4D17-A8B9-6CD1D3C48F5E,13008,Geel,Antwerpen,bel 2,bel 2,10,flanders
75,2025,322,larvae,01-06-2025_bel 2,066E97A4-D3EC-4D17-A8B9-6CD1D3C48F5E,13008,Geel,Antwerpen,bel 2,bel 2,10,flanders
76,2025,0,adult,01-06-2025_bel 3,9D556E3D-7FCB-47FB-B5F4-40E66889C484,13025,Mol,Antwerpen,bel 3,bel 3,1,flanders
77,2025,3,juvenile,01-06-2025_bel 3,9D556E3D-7FCB-47FB-B5F4-40E66889C484,13025,Mol,Antwerpen,bel 3,bel 3,1,flanders
78,2025,119,larvae,01-06-2025_bel 3,9D556E3D-7FCB-47FB-B5F4-40E66889C484,13025,Mol,Antwerpen,bel 3,bel 3,1,flanders
79,2025,2,adult,01-06-2025_scheps 38,06E7D771-6B28-4F7B-A26F-7AC3A8C7A4DE,13021,Meerhout,Antwerpen,scheps 38,scheps 38,4,flanders
80,2025,2,juvenile,01-06-2025_scheps 38,06E7D771-6B28-4F7B-A26F-7AC3A8C7A4DE,13021,Meerhout,Antwerpen,scheps 38,scheps 38,4,flanders
81,2025,204,larvae,01-06-2025_scheps 38,06E7D771-6B28-4F7B-A26F-7AC3A8C7A4DE,13021,Meerhout,Antwerpen,scheps 38,scheps 38,4,flanders
82,2020,2,adult,01-07-2020_laakdal 3,d415562e-8a6a-4234-9bc8-23cd09f85748,13053,Laakdal,Antwerpen,laakdal 3,laakdal 3,5,flanders
83,2020,7,juvenile,01-07-2020_laakdal 3,d415562e-8a6a-4234-9bc8-23cd09f85748,13053,Laakdal,Antwerpen,laakdal 3,laakdal 3,5,flanders
84,2020,0,larvae,01-07-2020_laakdal 3,d415562e-8a6a-4234-9bc8-23cd09f85748,13053,Laakdal,Antwerpen,laakdal 3,laakdal 3,5,flanders
85,2020,0,adult,01-07-2020_laakdal 9,cffd6091-a7ba-42fa-a5fb-975e7ab483d1,13053,Laakdal,Antwerpen,laakdal 9,laakdal 9,4,flanders
86,2020,54,juvenile,01-07-2020_laakdal 9,cffd6091-a7ba-42fa-a5fb-975e7ab483d1,13053,Laakdal,Antwerpen,laakdal 9,laakdal 9,4,flanders
87,2020,0,larvae,01-07-2020_laakdal 9,cffd6091-a7ba-42fa-a5fb-975e7ab483d1,13053,Laakdal,Antwerpen,laakdal 9,laakdal 9,4,flanders
88,2021,0,adult,01-07-2021_antgee0519,9346CD5F-148C-4EF0-82F4-BF9C375A76B9,13008,Geel,Antwerpen,antgee0519,antgee0519,5,flanders
89,2021,0,juvenile,01-07-2021_antgee0519,9346CD5F-148C-4EF0-82F4-BF9C375A76B9,13008,Geel,Antwerpen,antgee0519,antgee0519,5,flanders
90,2021,665,larvae,01-07-2021_antgee0519,9346CD5F-148C-4EF0-82F4-BF9C375A76B9,13008,Geel,Antwerpen,antgee0519,antgee0519,5,flanders
91,2021,0,adult,01-07-2021_laakdal 40,34C31F9E-FA3D-45E3-8863-C13CD55F42EA,13053,Laakdal,Antwerpen,laakdal 40,laakdal 40,12,flanders
92,2021,0,juvenile,01-07-2021_laakdal 40,34C31F9E-FA3D-45E3-8863-C13CD55F42EA,13053,Laakdal,Antwerpen,laakdal 40,laakdal 40,12,flanders
93,2021,3,larvae,01-07-2021_laakdal 40,34C31F9E-FA3D-45E3-8863-C13CD55F42EA,13053,Laakdal,Antwerpen,laakdal 40,laakdal 40,12,flanders
94,2021,0,adult,01-07-2021_nijlen l9,f5fae4b8-8b29-46d6-9d83-8dcf2a965cb8,12021,Lier,Antwerpen,nijlen l9,nijlen l9,8,flanders
95,2021,0,juvenile,01-07-2021_nijlen l9,f5fae4b8-8b29-46d6-9d83-8dcf2a965cb8,12021,Lier,Antwerpen,nijlen l9,nijlen l9,8,flanders
96,2021,0,larvae,01-07-2021_nijlen l9,f5fae4b8-8b29-46d6-9d83-8dcf2a965cb8,12021,Lier,Antwerpen,nijlen l9,nijlen l9,8,flanders
97,2022,0,adult,01-07-2022_herselt 1,5AB89730-1687-4EC6-9E34-D6A23787BF75,13013,Herselt,Antwerpen,herselt 1,herselt 1,2,flanders
98,2022,0,juvenile,01-07-2022_herselt 1,5AB89730-1687-4EC6-9E34-D6A23787BF75,13013,Herselt,Antwerpen,herselt 1,herselt 1,2,flanders
99,2022,2,larvae,01-07-2022_herselt 1,5AB89730-1687-4EC6-9E34-D6A23787BF75,13013,Herselt,Antwerpen,herselt 1,herselt 1,2,flanders
100,2022,0,adult,01-07-2022_herselt 2,AAE5A83A-6590-4F17-AF25-0CAAC262AAB9,13013,Herselt,Antwerpen,herselt 2,herselt 2,2,flanders
101,2022,0,juvenile,01-07-2022_herselt 2,AAE5A83A-6590-4F17-AF25-0CAAC262AAB9,13013,Herselt,Antwerpen,herselt 2,herselt 2,2,flanders
102,2022,18,larvae,01-07-2022_herselt 2,AAE5A83A-6590-4F17-AF25-0CAAC262AAB9,13013,Herselt,Antwerpen,herselt 2,herselt 2,2,flanders
103,2022,0,adult,01-07-2022_herselt 8,3D6D580A-AB46-401F-8ABF-43001E535D3F,13013,Herselt,Antwerpen,herselt 8,herselt 8,17,flanders
104,2022,2,juvenile,01-07-2022_herselt 8,3D6D580A-AB46-401F-8ABF-43001E535D3F,13013,Herselt,Antwerpen,herselt 8,herselt 8,17,flanders
105,2022,168,larvae,01-07-2022_herselt 8,3D6D580A-AB46-401F-8ABF-43001E535D3F,13013,Herselt,Antwerpen,herselt 8,herselt 8,17,flanders
106,2022,0,adult,01-07-2022_laakdal 37,835E903F-A579-4355-8AB0-7D70249F0B89,13053,Laakdal,Antwerpen,laakdal 37,laakdal 37,10,flanders
107,2022,0,juvenile,01-07-2022_laakdal 37,835E903F-A579-4355-8AB0-7D70249F0B89,13053,Laakdal,Antwerpen,laakdal 37,laakdal 37,10,flanders
108,2022,12,larvae,01-07-2022_laakdal 37,835E903F-A579-4355-8AB0-7D70249F0B89,13053,Laakdal,Antwerpen,laakdal 37,laakdal 37,10,flanders
109,2022,0,adult,01-07-2022_roost 38,B67850BE-C1FF-4995-9CF3-73B5E4F09B31,13053,Laakdal,Antwerpen,roost 38,roost 38,9,flanders
110,2022,0,juvenile,01-07-2022_roost 38,B67850BE-C1FF-4995-9CF3-73B5E4F09B31,13053,Laakdal,Antwerpen,roost 38,roost 38,9,flanders
111,2022,164,larvae,01-07-2022_roost 38,B67850BE-C1FF-4995-9CF3-73B5E4F09B31,13053,Laakdal,Antwerpen,roost 38,roost 38,9,flanders
112,2025,0,adult,01-07-2025_anthei 0647,409E6558-5B68-4E45-AABC-50F507EF4595,12014,Heist-Op-Den-Berg,Antwerpen,anthei 0647,anthei 0647,5,flanders
113,2025,88,juvenile,01-07-2025_anthei 0647,409E6558-5B68-4E45-AABC-50F507EF4595,12014,Heist-Op-Den-Berg,Antwerpen,anthei 0647,anthei 0647,5,flanders
114,2025,4448,larvae,01-07-2025_anthei 0647,409E6558-5B68-4E45-AABC-50F507EF4595,12014,Heist-Op-Den-Berg,Antwerpen,anthei 0647,anthei 0647,5,flanders
115,2025,1,adult,01-07-2025_antlkd 301,14D1A8D1-8B52-4AC2-A3CE-8D419E44B1E6,13053,Laakdal,Antwerpen,antlkd 301,antlkd 301,3,flanders
116,2025,0,juvenile,01-07-2025_antlkd 301,14D1A8D1-8B52-4AC2-A3CE-8D419E44B1E6,13053,Laakdal,Antwerpen,antlkd 301,antlkd 301,3,flanders
117,2025,0,larvae,01-07-2025_antlkd 301,14D1A8D1-8B52-4AC2-A3CE-8D419E44B1E6,13053,Laakdal,Antwerpen,antlkd 301,antlkd 301,3,flanders
118,2025,2,adult,01-07-2025_bergebeek 5,D86F0049-5884-4570-BBEB-06BF1986CAC2,12014,Heist-Op-Den-Berg,Antwerpen,bergebeek 5,bergebeek 5,2,flanders
119,2025,9,juvenile,01-07-2025_bergebeek 5,D86F0049-5884-4570-BBEB-06BF1986CAC2,12014,Heist-Op-Den-Berg,Antwerpen,bergebeek 5,bergebeek 5,2,flanders
120,2025,4341,larvae,01-07-2025_bergebeek 5,D86F0049-5884-4570-BBEB-06BF1986CAC2,12014,Heist-Op-Den-Berg,Antwerpen,bergebeek 5,bergebeek 5,2,flanders
121,2025,3,adult,01-07-2025_laakdal 16a,6390430e-5452-4bf9-9f99-97ad75bacf11,13053,Laakdal,Antwerpen,laakdal 16a,laakdal 16a,3,flanders
122,2025,0,juvenile,01-07-2025_laakdal 16a,6390430e-5452-4bf9-9f99-97ad75bacf11,13053,Laakdal,Antwerpen,laakdal 16a,laakdal 16a,3,flanders
123,2025,0,larvae,01-07-2025_laakdal 16a,6390430e-5452-4bf9-9f99-97ad75bacf11,13053,Laakdal,Antwerpen,laakdal 16a,laakdal 16a,3,flanders
124,2025,1,adult,01-07-2025_laakdal 29a,de83344d-e0f9-4f55-a1a8-78276efef1a7,13053,Laakdal,Antwerpen,laakdal 29a,laakdal 29a,2,flanders
125,2025,0,juvenile,01-07-2025_laakdal 29a,de83344d-e0f9-4f55-a1a8-78276efef1a7,13053,Laakdal,Antwerpen,laakdal 29a,laakdal 29a,2,flanders
126,2025,0,larvae,01-07-2025_laakdal 29a,de83344d-e0f9-4f55-a1a8-78276efef1a7,13053,Laakdal,Antwerpen,laakdal 29a,laakdal 29a,2,flanders
127,2025,2,adult,01-07-2025_laakdal 30c,e8165c62-451a-4d96-882f-468098023cc4,13053,Laakdal,Antwerpen,laakdal 30c,laakdal 30c,3,flanders
128,2025,0,juvenile,01-07-2025_laakdal 30c,e8165c62-451a-4d96-882f-468098023cc4,13053,Laakdal,Antwerpen,laakdal 30c,laakdal 30c,3,flanders
129,2025,0,larvae,01-07-2025_laakdal 30c,e8165c62-451a-4d96-882f-468098023cc4,13053,Laakdal,Antwerpen,laakdal 30c,laakdal 30c,3,flanders
130,2025,0,adult,01-07-2025_laakdal 42,CFE5F760-038E-4AFA-A19C-F41167BA5C06,13053,Laakdal,Antwerpen,laakdal 42,laakdal 42,4,flanders
131,2025,1,juvenile,01-07-2025_laakdal 42,CFE5F760-038E-4AFA-A19C-F41167BA5C06,13053,Laakdal,Antwerpen,laakdal 42,laakdal 42,4,flanders
132,2025,87,larvae,01-07-2025_laakdal 42,CFE5F760-038E-4AFA-A19C-F41167BA5C06,13053,Laakdal,Antwerpen,laakdal 42,laakdal 42,4,flanders
133,2013,1,adult,01-08-2013_arendonk 4,a7a15699-ae79-44ec-9f82-08ee0158e31d,13001,Arendonk,Antwerpen,NA,NA,5,flanders
134,2013,0,juvenile,01-08-2013_arendonk 4,a7a15699-ae79-44ec-9f82-08ee0158e31d,13001,Arendonk,Antwerpen,NA,NA,5,flanders
135,2013,19,larvae,01-08-2013_arendonk 4,a7a15699-ae79-44ec-9f82-08ee0158e31d,13001,Arendonk,Antwerpen,NA,NA,5,flanders
136,2013,2,adult,01-08-2013_bospoel,bf074168-c09d-40a9-b321-59ce253aa461,13014,Hoogstraten,Antwerpen,NA,NA,4,flanders
137,2013,0,juvenile,01-08-2013_bospoel,bf074168-c09d-40a9-b321-59ce253aa461,13014,Hoogstraten,Antwerpen,NA,NA,4,flanders
138,2013,0,larvae,01-08-2013_bospoel,bf074168-c09d-40a9-b321-59ce253aa461,13014,Hoogstraten,Antwerpen,NA,NA,4,flanders
139,2016,2,adult,01-08-2016_nijlen b12,c4835169-0734-46cd-a891-d49de970ef45,12026,Nijlen,Antwerpen,NA,NA,1,flanders
140,2016,0,juvenile,01-08-2016_nijlen b12,c4835169-0734-46cd-a891-d49de970ef45,12026,Nijlen,Antwerpen,NA,NA,1,flanders
141,2016,0,larvae,01-08-2016_nijlen b12,c4835169-0734-46cd-a891-d49de970ef45,12026,Nijlen,Antwerpen,NA,NA,1,flanders
142,2018,0,adult,01-08-2018_arendonk 2,fbb3baeb-c846-444c-926e-02445e328b78,13001,Arendonk,Antwerpen,NA,NA,1,flanders
143,2018,0,juvenile,01-08-2018_arendonk 2,fbb3baeb-c846-444c-926e-02445e328b78,13001,Arendonk,Antwerpen,NA,NA,1,flanders
144,2018,51,larvae,01-08-2018_arendonk 2,fbb3baeb-c846-444c-926e-02445e328b78,13001,Arendonk,Antwerpen,NA,NA,1,flanders
145,2018,1,adult,01-08-2018_nijlen c7,218F7793-178A-4C09-834F-971D8F585CFF,12021,Lier,Antwerpen,NA,NA,2,flanders
146,2018,0,juvenile,01-08-2018_nijlen c7,218F7793-178A-4C09-834F-971D8F585CFF,12021,Lier,Antwerpen,NA,NA,2,flanders
147,2018,0,larvae,01-08-2018_nijlen c7,218F7793-178A-4C09-834F-971D8F585CFF,12021,Lier,Antwerpen,NA,NA,2,flanders
148,2020,0,adult,01-08-2020_nijlen l9,f5fae4b8-8b29-46d6-9d83-8dcf2a965cb8,12021,Lier,Antwerpen,nijlen l9,nijlen l9,8,flanders
149,2020,0,juvenile,01-08-2020_nijlen l9,f5fae4b8-8b29-46d6-9d83-8dcf2a965cb8,12021,Lier,Antwerpen,nijlen l9,nijlen l9,8,flanders
150,2020,0,larvae,01-08-2020_nijlen l9,f5fae4b8-8b29-46d6-9d83-8dcf2a965cb8,12021,Lier,Antwerpen,nijlen l9,nijlen l9,8,flanders
151,2023,0,adult,01-08-2023_herselt 1,5AB89730-1687-4EC6-9E34-D6A23787BF75,13013,Herselt,Antwerpen,herselt 1,herselt 1,4,flanders
152,2023,0,juvenile,01-08-2023_herselt 1,5AB89730-1687-4EC6-9E34-D6A23787BF75,13013,Herselt,Antwerpen,herselt 1,herselt 1,4,flanders
153,2023,0,larvae,01-08-2023_herselt 1,5AB89730-1687-4EC6-9E34-D6A23787BF75,13013,Herselt,Antwerpen,herselt 1,herselt 1,4,flanders
154,2023,0,adult,01-08-2023_herselt 2,AAE5A83A-6590-4F17-AF25-0CAAC262AAB9,13013,Herselt,Antwerpen,herselt 2,herselt 2,4,flanders
155,2023,0,juvenile,01-08-2023_herselt 2,AAE5A83A-6590-4F17-AF25-0CAAC262AAB9,13013,Herselt,Antwerpen,herselt 2,herselt 2,4,flanders
156,2023,0,larvae,01-08-2023_herselt 2,AAE5A83A-6590-4F17-AF25-0CAAC262AAB9,13013,Herselt,Antwerpen,herselt 2,herselt 2,4,flanders
157,2023,0,adult,01-08-2023_herselt 8,3D6D580A-AB46-401F-8ABF-43001E535D3F,13013,Herselt,Antwerpen,herselt 8,herselt 8,17,flanders
158,2023,0,juvenile,01-08-2023_herselt 8,3D6D580A-AB46-401F-8ABF-43001E535D3F,13013,Herselt,Antwerpen,herselt 8,herselt 8,17,flanders
159,2023,2,larvae,01-08-2023_herselt 8,3D6D580A-AB46-401F-8ABF-43001E535D3F,13013,Herselt,Antwerpen,herselt 8,herselt 8,17,flanders
160,2024,0,adult,01-08-2024_laakdal 41,3FF122FA-A234-4A59-B023-BF7A15813990,13053,Laakdal,Antwerpen,laakdal 41,laakdal 41,19,flanders
161,2024,3,juvenile,01-08-2024_laakdal 41,3FF122FA-A234-4A59-B023-BF7A15813990,13053,Laakdal,Antwerpen,laakdal 41,laakdal 41,19,flanders
162,2024,51,larvae,01-08-2024_laakdal 41,3FF122FA-A234-4A59-B023-BF7A15813990,13053,Laakdal,Antwerpen,laakdal 41,laakdal 41,19,flanders
163,2024,0,adult,01-08-2024_laakdal 42,CFE5F760-038E-4AFA-A19C-F41167BA5C06,13053,Laakdal,Antwerpen,laakdal 42,laakdal 42,11,flanders
164,2024,12,juvenile,01-08-2024_laakdal 42,CFE5F760-038E-4AFA-A19C-F41167BA5C06,13053,Laakdal,Antwerpen,laakdal 42,laakdal 42,11,flanders
165,2024,637,larvae,01-08-2024_laakdal 42,CFE5F760-038E-4AFA-A19C-F41167BA5C06,13053,Laakdal,Antwerpen,laakdal 42,laakdal 42,11,flanders
166,2010,0,adult,01-09-2010_bospoel,bf074168-c09d-40a9-b321-59ce253aa461,13014,Hoogstraten,Antwerpen,NA,NA,4,flanders
167,2010,1,juvenile,01-09-2010_bospoel,bf074168-c09d-40a9-b321-59ce253aa461,13014,Hoogstraten,Antwerpen,NA,NA,4,flanders
168,2010,23,larvae,01-09-2010_bospoel,bf074168-c09d-40a9-b321-59ce253aa461,13014,Hoogstraten,Antwerpen,NA,NA,4,flanders
169,2011,0,adult,01-09-2011_arendonk 2,fbb3baeb-c846-444c-926e-02445e328b78,13001,Arendonk,Antwerpen,NA,NA,6,flanders
170,2011,3,juvenile,01-09-2011_arendonk 2,fbb3baeb-c846-444c-926e-02445e328b78,13001,Arendonk,Antwerpen,NA,NA,6,flanders
171,2011,40,larvae,01-09-2011_arendonk 2,fbb3baeb-c846-444c-926e-02445e328b78,13001,Arendonk,Antwerpen,NA,NA,6,flanders
172,2011,0,adult,01-09-2011_driehoek,48fb261c-3f3a-4a95-9103-1e6822dae999,13014,Hoogstraten,Antwerpen,NA,NA,1,flanders
173,2011,0,juvenile,01-09-2011_driehoek,48fb261c-3f3a-4a95-9103-1e6822dae999,13014,Hoogstraten,Antwerpen,NA,NA,1,flanders
174,2011,4,larvae,01-09-2011_driehoek,48fb261c-3f3a-4a95-9103-1e6822dae999,13014,Hoogstraten,Antwerpen,NA,NA,1,flanders
175,2021,0,adult,01-09-2021_herselt 24,5AF93254-9677-491F-9F3A-CE0B01297D22,13013,Herselt,Antwerpen,herselt 24,herselt 24,4,flanders
176,2021,0,juvenile,01-09-2021_herselt 24,5AF93254-9677-491F-9F3A-CE0B01297D22,13013,Herselt,Antwerpen,herselt 24,herselt 24,4,flanders
177,2021,0,larvae,01-09-2021_herselt 24,5AF93254-9677-491F-9F3A-CE0B01297D22,13013,Herselt,Antwerpen,herselt 24,herselt 24,4,flanders
178,2021,0,adult,01-09-2021_herselt 25,C7536019-AE79-47BE-B188-6B626876B8E1,13013,Herselt,Antwerpen,herselt 25,herselt 25,4,flanders
179,2021,0,juvenile,01-09-2021_herselt 25,C7536019-AE79-47BE-B188-6B626876B8E1,13013,Herselt,Antwerpen,herselt 25,herselt 25,4,flanders
180,2021,0,larvae,01-09-2021_herselt 25,C7536019-AE79-47BE-B188-6B626876B8E1,13013,Herselt,Antwerpen,herselt 25,herselt 25,4,flanders
181,2021,0,adult,01-09-2021_herselt 26,651F4162-DFD3-4E85-947D-78753627E40E,13013,Herselt,Antwerpen,herselt 26,herselt 26,6,flanders
182,2021,0,juvenile,01-09-2021_herselt 26,651F4162-DFD3-4E85-947D-78753627E40E,13013,Herselt,Antwerpen,herselt 26,herselt 26,6,flanders
183,2021,0,larvae,01-09-2021_herselt 26,651F4162-DFD3-4E85-947D-78753627E40E,13013,Herselt,Antwerpen,herselt 26,herselt 26,6,flanders
184,2021,0,adult,01-09-2021_herselt 27,960CB039-9B3D-4F2B-9E00-E21A3AF1A2E7,13013,Herselt,Antwerpen,herselt 27,herselt 27,4,flanders
185,2021,0,juvenile,01-09-2021_herselt 27,960CB039-9B3D-4F2B-9E00-E21A3AF1A2E7,13013,Herselt,Antwerpen,herselt 27,herselt 27,4,flanders
186,2021,1,larvae,01-09-2021_herselt 27,960CB039-9B3D-4F2B-9E00-E21A3AF1A2E7,13013,Herselt,Antwerpen,herselt 27,herselt 27,4,flanders
187,2023,0,adult,01-09-2023_hallaar 15,B84D1ADC-7A0E-4EB8-A6AD-8F7A9C7C5CBB,12014,Heist-Op-Den-Berg,Antwerpen,hallaar 15,hallaar 15,11,flanders
188,2023,0,juvenile,01-09-2023_hallaar 15,B84D1ADC-7A0E-4EB8-A6AD-8F7A9C7C5CBB,12014,Heist-Op-Den-Berg,Antwerpen,hallaar 15,hallaar 15,11,flanders
189,2023,0,larvae,01-09-2023_hallaar 15,B84D1ADC-7A0E-4EB8-A6AD-8F7A9C7C5CBB,12014,Heist-Op-Den-Berg,Antwerpen,hallaar 15,hallaar 15,11,flanders
190,2023,0,adult,01-09-2023_hallaar 16,DDFF3D94-8F7F-4FB7-9A58-3A2507499806,12014,Heist-Op-Den-Berg,Antwerpen,hallaar 16,hallaar 16,3,flanders
191,2023,2,juvenile,01-09-2023_hallaar 16,DDFF3D94-8F7F-4FB7-9A58-3A2507499806,12014,Heist-Op-Den-Berg,Antwerpen,hallaar 16,hallaar 16,3,flanders
192,2023,0,larvae,01-09-2023_hallaar 16,DDFF3D94-8F7F-4FB7-9A58-3A2507499806,12014,Heist-Op-Den-Berg,Antwerpen,hallaar 16,hallaar 16,3,flanders
193,2023,0,adult,01-09-2023_hallaar 17,D223EC78-8E4F-441B-AF10-F66089AEC633,12014,Heist-Op-Den-Berg,Antwerpen,hallaar 17,hallaar 17,1,flanders
194,2023,0,juvenile,01-09-2023_hallaar 17,D223EC78-8E4F-441B-AF10-F66089AEC633,12014,Heist-Op-Den-Berg,Antwerpen,hallaar 17,hallaar 17,1,flanders
195,2023,0,larvae,01-09-2023_hallaar 17,D223EC78-8E4F-441B-AF10-F66089AEC633,12014,Heist-Op-Den-Berg,Antwerpen,hallaar 17,hallaar 17,1,flanders
196,2014,0,adult,01-10-2014_arendonk 2,fbb3baeb-c846-444c-926e-02445e328b78,13001,Arendonk,Antwerpen,NA,NA,8,flanders
197,2014,0,juvenile,01-10-2014_arendonk 2,fbb3baeb-c846-444c-926e-02445e328b78,13001,Arendonk,Antwerpen,NA,NA,8,flanders
198,2014,296,larvae,01-10-2014_arendonk 2,fbb3baeb-c846-444c-926e-02445e328b78,13001,Arendonk,Antwerpen,NA,NA,8,flanders
199,2022,0,adult,01-10-2022_steenkesloop 1,B08D8107-F3B5-4C98-9757-147574C9402D,13016,Hulshout,Antwerpen,steenkesloop 1,steenkesloop 1,5,flanders
200,2022,7,juvenile,01-10-2022_steenkesloop 1,B08D8107-F3B5-4C98-9757-147574C9402D,13016,Hulshout,Antwerpen,steenkesloop 1,steenkesloop 1,5,flanders
201,2022,0,larvae,01-10-2022_steenkesloop 1,B08D8107-F3B5-4C98-9757-147574C9402D,13016,Hulshout,Antwerpen,steenkesloop 1,steenkesloop 1,5,flanders
202,2011,0,adult,02-06-2011_driehoek,48fb261c-3f3a-4a95-9103-1e6822dae999,13014,Hoogstraten,Antwerpen,NA,NA,4,flanders
203,2011,3,juvenile,02-06-2011_driehoek,48fb261c-3f3a-4a95-9103-1e6822dae999,13014,Hoogstraten,Antwerpen,NA,NA,4,flanders
204,2011,19,larvae,02-06-2011_driehoek,48fb261c-3f3a-4a95-9103-1e6822dae999,13014,Hoogstraten,Antwerpen,NA,NA,4,flanders
205,2011,0,adult,02-06-2011_natuurpuntpoel,95cb7221-19b1-4961-8438-46ee438558bf,13014,Hoogstraten,Antwerpen,NA,NA,1,flanders
206,2011,1,juvenile,02-06-2011_natuurpuntpoel,95cb7221-19b1-4961-8438-46ee438558bf,13014,Hoogstraten,Antwerpen,NA,NA,1,flanders
207,2011,0,larvae,02-06-2011_natuurpuntpoel,95cb7221-19b1-4961-8438-46ee438558bf,13014,Hoogstraten,Antwerpen,NA,NA,1,flanders
208,2015,0,adult,02-06-2015_driehoek,48fb261c-3f3a-4a95-9103-1e6822dae999,13014,Hoogstraten,Antwerpen,NA,NA,3,flanders
209,2015,0,juvenile,02-06-2015_driehoek,48fb261c-3f3a-4a95-9103-1e6822dae999,13014,Hoogstraten,Antwerpen,NA,NA,3,flanders
210,2015,7,larvae,02-06-2015_driehoek,48fb261c-3f3a-4a95-9103-1e6822dae999,13014,Hoogstraten,Antwerpen,NA,NA,3,flanders
211,2017,0,adult,02-06-2017_scheps 6,3f097ed2-a6e2-4db8-ab6d-eb411d610792,13003,Balen,Antwerpen,NA,NA,7,flanders
212,2017,0,juvenile,02-06-2017_scheps 6,3f097ed2-a6e2-4db8-ab6d-eb411d610792,13003,Balen,Antwerpen,NA,NA,7,flanders
213,2017,246,larvae,02-06-2017_scheps 6,3f097ed2-a6e2-4db8-ab6d-eb411d610792,13003,Balen,Antwerpen,NA,NA,7,flanders
214,2021,2,adult,02-06-2021_griesbroek 6,03dc3f07-506f-4c71-bbcd-ad24c177cab5,13003,Balen,Antwerpen,griesbroek 6,griesbroek 6,2,flanders
215,2021,0,juvenile,02-06-2021_griesbroek 6,03dc3f07-506f-4c71-bbcd-ad24c177cab5,13003,Balen,Antwerpen,griesbroek 6,griesbroek 6,2,flanders
216,2021,26,larvae,02-06-2021_griesbroek 6,03dc3f07-506f-4c71-bbcd-ad24c177cab5,13003,Balen,Antwerpen,griesbroek 6,griesbroek 6,2,flanders
217,2021,5,adult,02-06-2021_griesbroek 7,80f08260-00f4-4989-8299-eee838d085b4,13003,Balen,Antwerpen,griesbroek 7,griesbroek 7,8,flanders
218,2021,0,juvenile,02-06-2021_griesbroek 7,80f08260-00f4-4989-8299-eee838d085b4,13003,Balen,Antwerpen,griesbroek 7,griesbroek 7,8,flanders
219,2021,10,larvae,02-06-2021_griesbroek 7,80f08260-00f4-4989-8299-eee838d085b4,13003,Balen,Antwerpen,griesbroek 7,griesbroek 7,8,flanders
220,2021,14,adult,02-06-2021_laakdal 41,3FF122FA-A234-4A59-B023-BF7A15813990,13053,Laakdal,Antwerpen,laakdal 41,laakdal 41,12,flanders
221,2021,0,juvenile,02-06-2021_laakdal 41,3FF122FA-A234-4A59-B023-BF7A15813990,13053,Laakdal,Antwerpen,laakdal 41,laakdal 41,12,flanders
222,2021,1013,larvae,02-06-2021_laakdal 41,3FF122FA-A234-4A59-B023-BF7A15813990,13053,Laakdal,Antwerpen,laakdal 41,laakdal 41,12,flanders
223,2021,2,adult,02-06-2021_laakdal 6,e02a0538-0a5c-4bf6-9af8-8bea79186857,13053,Laakdal,Antwerpen,laakdal 6,laakdal 6,10,flanders
224,2021,6,juvenile,02-06-2021_laakdal 6,e02a0538-0a5c-4bf6-9af8-8bea79186857,13053,Laakdal,Antwerpen,laakdal 6,laakdal 6,10,flanders
225,2021,0,larvae,02-06-2021_laakdal 6,e02a0538-0a5c-4bf6-9af8-8bea79186857,13053,Laakdal,Antwerpen,laakdal 6,laakdal 6,10,flanders
226,2021,0,adult,02-06-2021_nijlen h1,e4967c07-aaa3-4aa5-9ba6-54322313066c,12021,Lier,Antwerpen,nijlen h1,nijlen h1,8,flanders
227,2021,0,juvenile,02-06-2021_nijlen h1,e4967c07-aaa3-4aa5-9ba6-54322313066c,12021,Lier,Antwerpen,nijlen h1,nijlen h1,8,flanders
228,2021,0,larvae,02-06-2021_nijlen h1,e4967c07-aaa3-4aa5-9ba6-54322313066c,12021,Lier,Antwerpen,nijlen h1,nijlen h1,8,flanders
229,2021,0,adult,02-06-2021_scheps 6,3f097ed2-a6e2-4db8-ab6d-eb411d610792,13003,Balen,Antwerpen,scheps 6,scheps 6,2,flanders
230,2021,0,juvenile,02-06-2021_scheps 6,3f097ed2-a6e2-4db8-ab6d-eb411d610792,13003,Balen,Antwerpen,scheps 6,scheps 6,2,flanders
231,2021,0,larvae,02-06-2021_scheps 6,3f097ed2-a6e2-4db8-ab6d-eb411d610792,13003,Balen,Antwerpen,scheps 6,scheps 6,2,flanders
232,2021,0,adult,02-06-2021_scheps 7,009d325e-8c76-4049-bc69-31f6163e254e,13003,Balen,Antwerpen,scheps 7,scheps 7,4,flanders
233,2021,0,juvenile,02-06-2021_scheps 7,009d325e-8c76-4049-bc69-31f6163e254e,13003,Balen,Antwerpen,scheps 7,scheps 7,4,flanders
234,2021,219,larvae,02-06-2021_scheps 7,009d325e-8c76-4049-bc69-31f6163e254e,13003,Balen,Antwerpen,scheps 7,scheps 7,4,flanders
235,2021,0,adult,02-06-2021_scheps 8,909d4ce7-901a-499c-b993-242731897f23,13003,Balen,Antwerpen,scheps 8,scheps 8,2,flanders
236,2021,0,juvenile,02-06-2021_scheps 8,909d4ce7-901a-499c-b993-242731897f23,13003,Balen,Antwerpen,scheps 8,scheps 8,2,flanders
237,2021,0,larvae,02-06-2021_scheps 8,909d4ce7-901a-499c-b993-242731897f23,13003,Balen,Antwerpen,scheps 8,scheps 8,2,flanders
238,2021,0,adult,02-06-2021_scheps 9,dacf70c7-504f-401e-8d63-1a361709fd5f,13003,Balen,Antwerpen,scheps 9,scheps 9,2,flanders
239,2021,0,juvenile,02-06-2021_scheps 9,dacf70c7-504f-401e-8d63-1a361709fd5f,13003,Balen,Antwerpen,scheps 9,scheps 9,2,flanders
240,2021,10,larvae,02-06-2021_scheps 9,dacf70c7-504f-401e-8d63-1a361709fd5f,13003,Balen,Antwerpen,scheps 9,scheps 9,2,flanders
241,2022,0,adult,02-06-2022_laakdal 6,e02a0538-0a5c-4bf6-9af8-8bea79186857,13053,Laakdal,Antwerpen,laakdal 6,laakdal 6,11,flanders
242,2022,11,juvenile,02-06-2022_laakdal 6,e02a0538-0a5c-4bf6-9af8-8bea79186857,13053,Laakdal,Antwerpen,laakdal 6,laakdal 6,11,flanders
243,2022,0,larvae,02-06-2022_laakdal 6,e02a0538-0a5c-4bf6-9af8-8bea79186857,13053,Laakdal,Antwerpen,laakdal 6,laakdal 6,11,flanders
244,2022,0,adult,02-06-2022_meerhout 13,8731AF96-CC5E-44B2-A8E8-AF9AC37F7E76,13008,Geel,Antwerpen,meerhout 13,meerhout 13,2,flanders
245,2022,0,juvenile,02-06-2022_meerhout 13,8731AF96-CC5E-44B2-A8E8-AF9AC37F7E76,13008,Geel,Antwerpen,meerhout 13,meerhout 13,2,flanders
246,2022,131,larvae,02-06-2022_meerhout 13,8731AF96-CC5E-44B2-A8E8-AF9AC37F7E76,13008,Geel,Antwerpen,meerhout 13,meerhout 13,2,flanders
247,2022,0,adult,02-06-2022_meerhout 14,2AB1C866-FD95-4691-A764-F45063561D06,13008,Geel,Antwerpen,meerhout 14,meerhout 14,13,flanders
248,2022,13,juvenile,02-06-2022_meerhout 14,2AB1C866-FD95-4691-A764-F45063561D06,13008,Geel,Antwerpen,meerhout 14,meerhout 14,13,flanders
249,2022,372,larvae,02-06-2022_meerhout 14,2AB1C866-FD95-4691-A764-F45063561D06,13008,Geel,Antwerpen,meerhout 14,meerhout 14,13,flanders
250,2022,1,adult,02-06-2022_scheps 35,C40A62BC-753E-4B8E-A09E-101C73DE9BD0,13021,Meerhout,Antwerpen,scheps 35,scheps 35,17,flanders
251,2022,1,juvenile,02-06-2022_scheps 35,C40A62BC-753E-4B8E-A09E-101C73DE9BD0,13021,Meerhout,Antwerpen,scheps 35,scheps 35,17,flanders
252,2022,372,larvae,02-06-2022_scheps 35,C40A62BC-753E-4B8E-A09E-101C73DE9BD0,13021,Meerhout,Antwerpen,scheps 35,scheps 35,17,flanders
253,2023,5,adult,02-06-2023_griesbroek 6,03dc3f07-506f-4c71-bbcd-ad24c177cab5,13003,Balen,Antwerpen,griesbroek 6,griesbroek 6,4,flanders
254,2023,7,juvenile,02-06-2023_griesbroek 6,03dc3f07-506f-4c71-bbcd-ad24c177cab5,13003,Balen,Antwerpen,griesbroek 6,griesbroek 6,4,flanders
255,2023,7,larvae,02-06-2023_griesbroek 6,03dc3f07-506f-4c71-bbcd-ad24c177cab5,13003,Balen,Antwerpen,griesbroek 6,griesbroek 6,4,flanders
256,2023,0,adult,02-06-2023_laakdal 41,3FF122FA-A234-4A59-B023-BF7A15813990,13053,Laakdal,Antwerpen,laakdal 41,laakdal 41,20,flanders
257,2023,2,juvenile,02-06-2023_laakdal 41,3FF122FA-A234-4A59-B023-BF7A15813990,13053,Laakdal,Antwerpen,laakdal 41,laakdal 41,20,flanders
258,2023,613,larvae,02-06-2023_laakdal 41,3FF122FA-A234-4A59-B023-BF7A15813990,13053,Laakdal,Antwerpen,laakdal 41,laakdal 41,20,flanders
259,2023,0,adult,02-06-2023_scheps 1,99b57d68-38ec-4f35-8d21-edaa375cf288,13003,Balen,Antwerpen,scheps 1,scheps 1,2,flanders
260,2023,0,juvenile,02-06-2023_scheps 1,99b57d68-38ec-4f35-8d21-edaa375cf288,13003,Balen,Antwerpen,scheps 1,scheps 1,2,flanders
261,2023,0,larvae,02-06-2023_scheps 1,99b57d68-38ec-4f35-8d21-edaa375cf288,13003,Balen,Antwerpen,scheps 1,scheps 1,2,flanders
262,2023,0,adult,02-06-2023_scheps 20,03167d3d-4f00-42b8-b8be-fbe739205a3c,13003,Balen,Antwerpen,scheps 20,scheps 20,2,flanders
263,2023,0,juvenile,02-06-2023_scheps 20,03167d3d-4f00-42b8-b8be-fbe739205a3c,13003,Balen,Antwerpen,scheps 20,scheps 20,2,flanders
264,2023,95,larvae,02-06-2023_scheps 20,03167d3d-4f00-42b8-b8be-fbe739205a3c,13003,Balen,Antwerpen,scheps 20,scheps 20,2,flanders
265,2023,0,adult,02-06-2023_scheps 40,F839D846-F59A-4D49-AE3A-724B06CE89E4,13003,Balen,Antwerpen,scheps 40,scheps 40,8,flanders
266,2023,0,juvenile,02-06-2023_scheps 40,F839D846-F59A-4D49-AE3A-724B06CE89E4,13003,Balen,Antwerpen,scheps 40,scheps 40,8,flanders
267,2023,0,larvae,02-06-2023_scheps 40,F839D846-F59A-4D49-AE3A-724B06CE89E4,13003,Balen,Antwerpen,scheps 40,scheps 40,8,flanders
268,2025,0,adult,02-06-2025_bel 3,9D556E3D-7FCB-47FB-B5F4-40E66889C484,13025,Mol,Antwerpen,bel 3,bel 3,9,flanders
269,2025,39,juvenile,02-06-2025_bel 3,9D556E3D-7FCB-47FB-B5F4-40E66889C484,13025,Mol,Antwerpen,bel 3,bel 3,9,flanders
270,2025,229,larvae,02-06-2025_bel 3,9D556E3D-7FCB-47FB-B5F4-40E66889C484,13025,Mol,Antwerpen,bel 3,bel 3,9,flanders
271,2025,2,adult,02-06-2025_scheps 38,06E7D771-6B28-4F7B-A26F-7AC3A8C7A4DE,13021,Meerhout,Antwerpen,scheps 38,scheps 38,4,flanders
272,2025,1,juvenile,02-06-2025_scheps 38,06E7D771-6B28-4F7B-A26F-7AC3A8C7A4DE,13021,Meerhout,Antwerpen,scheps 38,scheps 38,4,flanders
273,2025,207,larvae,02-06-2025_scheps 38,06E7D771-6B28-4F7B-A26F-7AC3A8C7A4DE,13021,Meerhout,Antwerpen,scheps 38,scheps 38,4,flanders
274,2013,1,adult,02-07-2013_arendonk 1,91a8e2bb-b682-4c53-b213-7494198b12ce,13001,Arendonk,Antwerpen,NA,NA,3,flanders
275,2013,0,juvenile,02-07-2013_arendonk 1,91a8e2bb-b682-4c53-b213-7494198b12ce,13001,Arendonk,Antwerpen,NA,NA,3,flanders
276,2013,0,larvae,02-07-2013_arendonk 1,91a8e2bb-b682-4c53-b213-7494198b12ce,13001,Arendonk,Antwerpen,NA,NA,3,flanders
277,2014,0,adult,02-07-2014_driehoek,48fb261c-3f3a-4a95-9103-1e6822dae999,13014,Hoogstraten,Antwerpen,NA,NA,3,flanders
278,2014,0,juvenile,02-07-2014_driehoek,48fb261c-3f3a-4a95-9103-1e6822dae999,13014,Hoogstraten,Antwerpen,NA,NA,3,flanders
279,2014,376,larvae,02-07-2014_driehoek,48fb261c-3f3a-4a95-9103-1e6822dae999,13014,Hoogstraten,Antwerpen,NA,NA,3,flanders
280,2019,0,adult,02-07-2019_arendonk 2,fbb3baeb-c846-444c-926e-02445e328b78,13001,Arendonk,Antwerpen,arendonk 2,arendonk 2,5,flanders
281,2019,0,juvenile,02-07-2019_arendonk 2,fbb3baeb-c846-444c-926e-02445e328b78,13001,Arendonk,Antwerpen,arendonk 2,arendonk 2,5,flanders
282,2019,39,larvae,02-07-2019_arendonk 2,fbb3baeb-c846-444c-926e-02445e328b78,13001,Arendonk,Antwerpen,arendonk 2,arendonk 2,5,flanders
283,2020,0,adult,02-07-2020_laakdal 10,ed140e69-cc25-475f-ae0a-3b54cb11d089,13053,Laakdal,Antwerpen,laakdal 10,laakdal 10,2,flanders
284,2020,4,juvenile,02-07-2020_laakdal 10,ed140e69-cc25-475f-ae0a-3b54cb11d089,13053,Laakdal,Antwerpen,laakdal 10,laakdal 10,2,flanders
285,2020,0,larvae,02-07-2020_laakdal 10,ed140e69-cc25-475f-ae0a-3b54cb11d089,13053,Laakdal,Antwerpen,laakdal 10,laakdal 10,2,flanders
286,2020,0,adult,02-07-2020_laakdal 3,d415562e-8a6a-4234-9bc8-23cd09f85748,13053,Laakdal,Antwerpen,laakdal 3,laakdal 3,5,flanders
287,2020,6,juvenile,02-07-2020_laakdal 3,d415562e-8a6a-4234-9bc8-23cd09f85748,13053,Laakdal,Antwerpen,laakdal 3,laakdal 3,5,flanders
288,2020,0,larvae,02-07-2020_laakdal 3,d415562e-8a6a-4234-9bc8-23cd09f85748,13053,Laakdal,Antwerpen,laakdal 3,laakdal 3,5,flanders
289,2020,0,adult,02-07-2020_laakdal 9,cffd6091-a7ba-42fa-a5fb-975e7ab483d1,13053,Laakdal,Antwerpen,laakdal 9,laakdal 9,4,flanders
290,2020,26,juvenile,02-07-2020_laakdal 9,cffd6091-a7ba-42fa-a5fb-975e7ab483d1,13053,Laakdal,Antwerpen,laakdal 9,laakdal 9,4,flanders
291,2020,0,larvae,02-07-2020_laakdal 9,cffd6091-a7ba-42fa-a5fb-975e7ab483d1,13053,Laakdal,Antwerpen,laakdal 9,laakdal 9,4,flanders
292,2021,0,adult,02-07-2021_antgee0519,9346CD5F-148C-4EF0-82F4-BF9C375A76B9,13008,Geel,Antwerpen,antgee0519,antgee0519,5,flanders
293,2021,0,juvenile,02-07-2021_antgee0519,9346CD5F-148C-4EF0-82F4-BF9C375A76B9,13008,Geel,Antwerpen,antgee0519,antgee0519,5,flanders
294,2021,856,larvae,02-07-2021_antgee0519,9346CD5F-148C-4EF0-82F4-BF9C375A76B9,13008,Geel,Antwerpen,antgee0519,antgee0519,5,flanders
295,2021,0,adult,02-07-2021_laakdal 40,34C31F9E-FA3D-45E3-8863-C13CD55F42EA,13053,Laakdal,Antwerpen,laakdal 40,laakdal 40,12,flanders
296,2021,0,juvenile,02-07-2021_laakdal 40,34C31F9E-FA3D-45E3-8863-C13CD55F42EA,13053,Laakdal,Antwerpen,laakdal 40,laakdal 40,12,flanders
297,2021,1,larvae,02-07-2021_laakdal 40,34C31F9E-FA3D-45E3-8863-C13CD55F42EA,13053,Laakdal,Antwerpen,laakdal 40,laakdal 40,12,flanders
298,2021,0,adult,02-07-2021_nijlen l9,f5fae4b8-8b29-46d6-9d83-8dcf2a965cb8,12021,Lier,Antwerpen,nijlen l9,nijlen l9,8,flanders
299,2021,0,juvenile,02-07-2021_nijlen l9,f5fae4b8-8b29-46d6-9d83-8dcf2a965cb8,12021,Lier,Antwerpen,nijlen l9,nijlen l9,8,flanders
300,2021,0,larvae,02-07-2021_nijlen l9,f5fae4b8-8b29-46d6-9d83-8dcf2a965cb8,12021,Lier,Antwerpen,nijlen l9,nijlen l9,8,flanders
301,2024,4,adult,02-07-2024_scheps 1,99b57d68-38ec-4f35-8d21-edaa375cf288,13003,Balen,Antwerpen,scheps 1,scheps 1,2,flanders
302,2024,0,juvenile,02-07-2024_scheps 1,99b57d68-38ec-4f35-8d21-edaa375cf288,13003,Balen,Antwerpen,scheps 1,scheps 1,2,flanders
303,2024,0,larvae,02-07-2024_scheps 1,99b57d68-38ec-4f35-8d21-edaa375cf288,13003,Balen,Antwerpen,scheps 1,scheps 1,2,flanders
304,2024,2,adult,02-07-2024_scheps 34,1095ed65-0f2b-45bf-8cc7-47537a7b1f00,13003,Balen,Antwerpen,scheps 34,scheps 34,12,flanders
305,2024,2,juvenile,02-07-2024_scheps 34,1095ed65-0f2b-45bf-8cc7-47537a7b1f00,13003,Balen,Antwerpen,scheps 34,scheps 34,12,flanders
306,2024,792,larvae,02-07-2024_scheps 34,1095ed65-0f2b-45bf-8cc7-47537a7b1f00,13003,Balen,Antwerpen,scheps 34,scheps 34,12,flanders
307,2024,5,adult,02-07-2024_scheps 39,E0BFF7E4-D0E2-44B4-A7FE-2DD211144B52,13003,Balen,Antwerpen,scheps 39,scheps 39,14,flanders
308,2024,0,juvenile,02-07-2024_scheps 39,E0BFF7E4-D0E2-44B4-A7FE-2DD211144B52,13003,Balen,Antwerpen,scheps 39,scheps 39,14,flanders
309,2024,12941,larvae,02-07-2024_scheps 39,E0BFF7E4-D0E2-44B4-A7FE-2DD211144B52,13003,Balen,Antwerpen,scheps 39,scheps 39,14,flanders
310,2024,3,adult,02-07-2024_scheps 41,89FF8F2D-DE88-49E0-95F6-D0EA5A15D42F,13003,Balen,Antwerpen,scheps 41,scheps 41,12,flanders
311,2024,0,juvenile,02-07-2024_scheps 41,89FF8F2D-DE88-49E0-95F6-D0EA5A15D42F,13003,Balen,Antwerpen,scheps 41,scheps 41,12,flanders
312,2024,3,larvae,02-07-2024_scheps 41,89FF8F2D-DE88-49E0-95F6-D0EA5A15D42F,13003,Balen,Antwerpen,scheps 41,scheps 41,12,flanders
313,2024,0,adult,02-07-2024_scheps 42,323F5909-B7D0-4A77-AC74-D9EF1DFB812A,13003,Balen,Antwerpen,scheps 42,scheps 42,10,flanders
314,2024,1,juvenile,02-07-2024_scheps 42,323F5909-B7D0-4A77-AC74-D9EF1DFB812A,13003,Balen,Antwerpen,scheps 42,scheps 42,10,flanders
315,2024,3,larvae,02-07-2024_scheps 42,323F5909-B7D0-4A77-AC74-D9EF1DFB812A,13003,Balen,Antwerpen,scheps 42,scheps 42,10,flanders
316,2025,2,adult,02-07-2025_anthei 0647,409E6558-5B68-4E45-AABC-50F507EF4595,12014,Heist-Op-Den-Berg,Antwerpen,anthei 0647,anthei 0647,5,flanders
317,2025,167,juvenile,02-07-2025_anthei 0647,409E6558-5B68-4E45-AABC-50F507EF4595,12014,Heist-Op-Den-Berg,Antwerpen,anthei 0647,anthei 0647,5,flanders
318,2025,1607,larvae,02-07-2025_anthei 0647,409E6558-5B68-4E45-AABC-50F507EF4595,12014,Heist-Op-Den-Berg,Antwerpen,anthei 0647,anthei 0647,5,flanders
319,2025,0,adult,02-07-2025_antlkd 301,14D1A8D1-8B52-4AC2-A3CE-8D419E44B1E6,13053,Laakdal,Antwerpen,antlkd 301,antlkd 301,2,flanders
320,2025,0,juvenile,02-07-2025_antlkd 301,14D1A8D1-8B52-4AC2-A3CE-8D419E44B1E6,13053,Laakdal,Antwerpen,antlkd 301,antlkd 301,2,flanders
321,2025,0,larvae,02-07-2025_antlkd 301,14D1A8D1-8B52-4AC2-A3CE-8D419E44B1E6,13053,Laakdal,Antwerpen,antlkd 301,antlkd 301,2,flanders
322,2025,0,adult,02-07-2025_bergebeek 5,D86F0049-5884-4570-BBEB-06BF1986CAC2,12014,Heist-Op-Den-Berg,Antwerpen,bergebeek 5,bergebeek 5,2,flanders
323,2025,1,juvenile,02-07-2025_bergebeek 5,D86F0049-5884-4570-BBEB-06BF1986CAC2,12014,Heist-Op-Den-Berg,Antwerpen,bergebeek 5,bergebeek 5,2,flanders
324,2025,1383,larvae,02-07-2025_bergebeek 5,D86F0049-5884-4570-BBEB-06BF1986CAC2,12014,Heist-Op-Den-Berg,Antwerpen,bergebeek 5,bergebeek 5,2,flanders
325,2025,1,adult,02-07-2025_laakdal 16a,6390430e-5452-4bf9-9f99-97ad75bacf11,13053,Laakdal,Antwerpen,laakdal 16a,laakdal 16a,3,flanders
326,2025,0,juvenile,02-07-2025_laakdal 16a,6390430e-5452-4bf9-9f99-97ad75bacf11,13053,Laakdal,Antwerpen,laakdal 16a,laakdal 16a,3,flanders
327,2025,0,larvae,02-07-2025_laakdal 16a,6390430e-5452-4bf9-9f99-97ad75bacf11,13053,Laakdal,Antwerpen,laakdal 16a,laakdal 16a,3,flanders
328,2025,0,adult,02-07-2025_laakdal 29a,de83344d-e0f9-4f55-a1a8-78276efef1a7,13053,Laakdal,Antwerpen,laakdal 29a,laakdal 29a,2,flanders
329,2025,2,juvenile,02-07-2025_laakdal 29a,de83344d-e0f9-4f55-a1a8-78276efef1a7,13053,Laakdal,Antwerpen,laakdal 29a,laakdal 29a,2,flanders
330,2025,0,larvae,02-07-2025_laakdal 29a,de83344d-e0f9-4f55-a1a8-78276efef1a7,13053,Laakdal,Antwerpen,laakdal 29a,laakdal 29a,2,flanders
331,2025,0,adult,02-07-2025_laakdal 30c,e8165c62-451a-4d96-882f-468098023cc4,13053,Laakdal,Antwerpen,laakdal 30c,laakdal 30c,3,flanders
332,2025,0,juvenile,02-07-2025_laakdal 30c,e8165c62-451a-4d96-882f-468098023cc4,13053,Laakdal,Antwerpen,laakdal 30c,laakdal 30c,3,flanders
333,2025,0,larvae,02-07-2025_laakdal 30c,e8165c62-451a-4d96-882f-468098023cc4,13053,Laakdal,Antwerpen,laakdal 30c,laakdal 30c,3,flanders
334,2025,2,adult,02-07-2025_laakdal 42,CFE5F760-038E-4AFA-A19C-F41167BA5C06,13053,Laakdal,Antwerpen,laakdal 42,laakdal 42,4,flanders
335,2025,1,juvenile,02-07-2025_laakdal 42,CFE5F760-038E-4AFA-A19C-F41167BA5C06,13053,Laakdal,Antwerpen,laakdal 42,laakdal 42,4,flanders
336,2025,93,larvae,02-07-2025_laakdal 42,CFE5F760-038E-4AFA-A19C-F41167BA5C06,13053,Laakdal,Antwerpen,laakdal 42,laakdal 42,4,flanders
337,2011,1,adult,02-08-2011_arendonk 2,fbb3baeb-c846-444c-926e-02445e328b78,13001,Arendonk,Antwerpen,NA,NA,7,flanders
338,2011,6,juvenile,02-08-2011_arendonk 2,fbb3baeb-c846-444c-926e-02445e328b78,13001,Arendonk,Antwerpen,NA,NA,7,flanders
339,2011,667,larvae,02-08-2011_arendonk 2,fbb3baeb-c846-444c-926e-02445e328b78,13001,Arendonk,Antwerpen,NA,NA,7,flanders
340,2012,3,adult,02-08-2012_arendonk 1,91a8e2bb-b682-4c53-b213-7494198b12ce,13001,Arendonk,Antwerpen,NA,NA,5,flanders
341,2012,0,juvenile,02-08-2012_arendonk 1,91a8e2bb-b682-4c53-b213-7494198b12ce,13001,Arendonk,Antwerpen,NA,NA,5,flanders
342,2012,1,larvae,02-08-2012_arendonk 1,91a8e2bb-b682-4c53-b213-7494198b12ce,13001,Arendonk,Antwerpen,NA,NA,5,flanders
343,2016,1,adult,02-08-2016_nijlen b12,c4835169-0734-46cd-a891-d49de970ef45,12026,Nijlen,Antwerpen,NA,NA,1,flanders
344,2016,0,juvenile,02-08-2016_nijlen b12,c4835169-0734-46cd-a891-d49de970ef45,12026,Nijlen,Antwerpen,NA,NA,1,flanders
345,2016,0,larvae,02-08-2016_nijlen b12,c4835169-0734-46cd-a891-d49de970ef45,12026,Nijlen,Antwerpen,NA,NA,1,flanders
346,2018,0,adult,02-08-2018_arendonk 2,fbb3baeb-c846-444c-926e-02445e328b78,13001,Arendonk,Antwerpen,NA,NA,1,flanders
347,2018,0,juvenile,02-08-2018_arendonk 2,fbb3baeb-c846-444c-926e-02445e328b78,13001,Arendonk,Antwerpen,NA,NA,1,flanders
348,2018,79,larvae,02-08-2018_arendonk 2,fbb3baeb-c846-444c-926e-02445e328b78,13001,Arendonk,Antwerpen,NA,NA,1,flanders
349,2018,0,adult,02-08-2018_arendonk 3,60e6e43e-6855-4917-a336-9ac46d087fad,13001,Arendonk,Antwerpen,NA,NA,1,flanders
350,2018,16,juvenile,02-08-2018_arendonk 3,60e6e43e-6855-4917-a336-9ac46d087fad,13001,Arendonk,Antwerpen,NA,NA,1,flanders
351,2018,12,larvae,02-08-2018_arendonk 3,60e6e43e-6855-4917-a336-9ac46d087fad,13001,Arendonk,Antwerpen,NA,NA,1,flanders
352,2023,0,adult,02-08-2023_herselt 1,5AB89730-1687-4EC6-9E34-D6A23787BF75,13013,Herselt,Antwerpen,herselt 1,herselt 1,4,flanders
353,2023,0,juvenile,02-08-2023_herselt 1,5AB89730-1687-4EC6-9E34-D6A23787BF75,13013,Herselt,Antwerpen,herselt 1,herselt 1,4,flanders
354,2023,0,larvae,02-08-2023_herselt 1,5AB89730-1687-4EC6-9E34-D6A23787BF75,13013,Herselt,Antwerpen,herselt 1,herselt 1,4,flanders
355,2023,0,adult,02-08-2023_herselt 2,AAE5A83A-6590-4F17-AF25-0CAAC262AAB9,13013,Herselt,Antwerpen,herselt 2,herselt 2,4,flanders
356,2023,0,juvenile,02-08-2023_herselt 2,AAE5A83A-6590-4F17-AF25-0CAAC262AAB9,13013,Herselt,Antwerpen,herselt 2,herselt 2,4,flanders
357,2023,0,larvae,02-08-2023_herselt 2,AAE5A83A-6590-4F17-AF25-0CAAC262AAB9,13013,Herselt,Antwerpen,herselt 2,herselt 2,4,flanders
358,2023,0,adult,02-08-2023_herselt 8,3D6D580A-AB46-401F-8ABF-43001E535D3F,13013,Herselt,Antwerpen,herselt 8,herselt 8,18,flanders
359,2023,1,juvenile,02-08-2023_herselt 8,3D6D580A-AB46-401F-8ABF-43001E535D3F,13013,Herselt,Antwerpen,herselt 8,herselt 8,18,flanders
360,2023,11,larvae,02-08-2023_herselt 8,3D6D580A-AB46-401F-8ABF-43001E535D3F,13013,Herselt,Antwerpen,herselt 8,herselt 8,18,flanders
361,2024,1,adult,02-08-2024_laakdal 41,3FF122FA-A234-4A59-B023-BF7A15813990,13053,Laakdal,Antwerpen,laakdal 41,laakdal 41,19,flanders
362,2024,7,juvenile,02-08-2024_laakdal 41,3FF122FA-A234-4A59-B023-BF7A15813990,13053,Laakdal,Antwerpen,laakdal 41,laakdal 41,19,flanders
363,2024,65,larvae,02-08-2024_laakdal 41,3FF122FA-A234-4A59-B023-BF7A15813990,13053,Laakdal,Antwerpen,laakdal 41,laakdal 41,19,flanders
364,2024,1,adult,02-08-2024_laakdal 42,CFE5F760-038E-4AFA-A19C-F41167BA5C06,13053,Laakdal,Antwerpen,laakdal 42,laakdal 42,11,flanders
365,2024,41,juvenile,02-08-2024_laakdal 42,CFE5F760-038E-4AFA-A19C-F41167BA5C06,13053,Laakdal,Antwerpen,laakdal 42,laakdal 42,11,flanders
366,2024,942,larvae,02-08-2024_laakdal 42,CFE5F760-038E-4AFA-A19C-F41167BA5C06,13053,Laakdal,Antwerpen,laakdal 42,laakdal 42,11,flanders
367,2011,0,adult,02-09-2011_driehoek,48fb261c-3f3a-4a95-9103-1e6822dae999,13014,Hoogstraten,Antwerpen,NA,NA,2,flanders
368,2011,2,juvenile,02-09-2011_driehoek,48fb261c-3f3a-4a95-9103-1e6822dae999,13014,Hoogstraten,Antwerpen,NA,NA,2,flanders
369,2011,2,larvae,02-09-2011_driehoek,48fb261c-3f3a-4a95-9103-1e6822dae999,13014,Hoogstraten,Antwerpen,NA,NA,2,flanders
370,2021,0,adult,02-09-2021_herselt 24,5AF93254-9677-491F-9F3A-CE0B01297D22,13013,Herselt,Antwerpen,herselt 24,herselt 24,4,flanders
371,2021,0,juvenile,02-09-2021_herselt 24,5AF93254-9677-491F-9F3A-CE0B01297D22,13013,Herselt,Antwerpen,herselt 24,herselt 24,4,flanders
372,2021,0,larvae,02-09-2021_herselt 24,5AF93254-9677-491F-9F3A-CE0B01297D22,13013,Herselt,Antwerpen,herselt 24,herselt 24,4,flanders
373,2021,0,adult,02-09-2021_herselt 25,C7536019-AE79-47BE-B188-6B626876B8E1,13013,Herselt,Antwerpen,herselt 25,herselt 25,4,flanders
374,2021,0,juvenile,02-09-2021_herselt 25,C7536019-AE79-47BE-B188-6B626876B8E1,13013,Herselt,Antwerpen,herselt 25,herselt 25,4,flanders
375,2021,0,larvae,02-09-2021_herselt 25,C7536019-AE79-47BE-B188-6B626876B8E1,13013,Herselt,Antwerpen,herselt 25,herselt 25,4,flanders
376,2021,0,adult,02-09-2021_herselt 26,651F4162-DFD3-4E85-947D-78753627E40E,13013,Herselt,Antwerpen,herselt 26,herselt 26,6,flanders
377,2021,0,juvenile,02-09-2021_herselt 26,651F4162-DFD3-4E85-947D-78753627E40E,13013,Herselt,Antwerpen,herselt 26,herselt 26,6,flanders
378,2021,0,larvae,02-09-2021_herselt 26,651F4162-DFD3-4E85-947D-78753627E40E,13013,Herselt,Antwerpen,herselt 26,herselt 26,6,flanders
379,2021,0,adult,02-09-2021_herselt 27,960CB039-9B3D-4F2B-9E00-E21A3AF1A2E7,13013,Herselt,Antwerpen,herselt 27,herselt 27,4,flanders
380,2021,0,juvenile,02-09-2021_herselt 27,960CB039-9B3D-4F2B-9E00-E21A3AF1A2E7,13013,Herselt,Antwerpen,herselt 27,herselt 27,4,flanders
381,2021,0,larvae,02-09-2021_herselt 27,960CB039-9B3D-4F2B-9E00-E21A3AF1A2E7,13013,Herselt,Antwerpen,herselt 27,herselt 27,4,flanders
382,2014,0,adult,02-10-2014_arendonk 2,fbb3baeb-c846-444c-926e-02445e328b78,13001,Arendonk,Antwerpen,NA,NA,8,flanders
383,2014,0,juvenile,02-10-2014_arendonk 2,fbb3baeb-c846-444c-926e-02445e328b78,13001,Arendonk,Antwerpen,NA,NA,8,flanders
384,2014,272,larvae,02-10-2014_arendonk 2,fbb3baeb-c846-444c-926e-02445e328b78,13001,Arendonk,Antwerpen,NA,NA,8,flanders
385,2018,0,adult,02-10-2018_arendonk 2,fbb3baeb-c846-444c-926e-02445e328b78,13001,Arendonk,Antwerpen,arendonk 2,arendonk 2,5,flanders
386,2018,1,juvenile,02-10-2018_arendonk 2,fbb3baeb-c846-444c-926e-02445e328b78,13001,Arendonk,Antwerpen,arendonk 2,arendonk 2,5,flanders
387,2018,7,larvae,02-10-2018_arendonk 2,fbb3baeb-c846-444c-926e-02445e328b78,13001,Arendonk,Antwerpen,arendonk 2,arendonk 2,5,flanders
388,2011,0,adult,03-06-2011_driehoek,48fb261c-3f3a-4a95-9103-1e6822dae999,13014,Hoogstraten,Antwerpen,NA,NA,3,flanders
389,2011,2,juvenile,03-06-2011_driehoek,48fb261c-3f3a-4a95-9103-1e6822dae999,13014,Hoogstraten,Antwerpen,NA,NA,3,flanders
390,2011,9,larvae,03-06-2011_driehoek,48fb261c-3f3a-4a95-9103-1e6822dae999,13014,Hoogstraten,Antwerpen,NA,NA,3,flanders
391,2011,1,adult,03-06-2011_natuurpuntpoel,95cb7221-19b1-4961-8438-46ee438558bf,13014,Hoogstraten,Antwerpen,NA,NA,2,flanders
392,2011,1,juvenile,03-06-2011_natuurpuntpoel,95cb7221-19b1-4961-8438-46ee438558bf,13014,Hoogstraten,Antwerpen,NA,NA,2,flanders
393,2011,0,larvae,03-06-2011_natuurpuntpoel,95cb7221-19b1-4961-8438-46ee438558bf,13014,Hoogstraten,Antwerpen,NA,NA,2,flanders
394,2014,0,adult,03-06-2014_driehoek,48fb261c-3f3a-4a95-9103-1e6822dae999,13014,Hoogstraten,Antwerpen,NA,NA,2,flanders
395,2014,0,juvenile,03-06-2014_driehoek,48fb261c-3f3a-4a95-9103-1e6822dae999,13014,Hoogstraten,Antwerpen,NA,NA,2,flanders
396,2014,305,larvae,03-06-2014_driehoek,48fb261c-3f3a-4a95-9103-1e6822dae999,13014,Hoogstraten,Antwerpen,NA,NA,2,flanders
397,2014,0,adult,03-06-2014_kasterlee 7,d47894eb-3a0b-4dc1-8804-627d397aa280,13017,Kasterlee,Antwerpen,NA,NA,4,flanders
398,2014,0,juvenile,03-06-2014_kasterlee 7,d47894eb-3a0b-4dc1-8804-627d397aa280,13017,Kasterlee,Antwerpen,NA,NA,4,flanders
399,2014,22,larvae,03-06-2014_kasterlee 7,d47894eb-3a0b-4dc1-8804-627d397aa280,13017,Kasterlee,Antwerpen,NA,NA,4,flanders
400,2015,0,adult,03-06-2015_driehoek,48fb261c-3f3a-4a95-9103-1e6822dae999,13014,Hoogstraten,Antwerpen,NA,NA,3,flanders
401,2015,0,juvenile,03-06-2015_driehoek,48fb261c-3f3a-4a95-9103-1e6822dae999,13014,Hoogstraten,Antwerpen,NA,NA,3,flanders
402,2015,3,larvae,03-06-2015_driehoek,48fb261c-3f3a-4a95-9103-1e6822dae999,13014,Hoogstraten,Antwerpen,NA,NA,3,flanders
403,2021,8,adult,03-06-2021_griesbroek 6,03dc3f07-506f-4c71-bbcd-ad24c177cab5,13003,Balen,Antwerpen,griesbroek 6,griesbroek 6,8,flanders
404,2021,2,juvenile,03-06-2021_griesbroek 6,03dc3f07-506f-4c71-bbcd-ad24c177cab5,13003,Balen,Antwerpen,griesbroek 6,griesbroek 6,8,flanders
405,2021,221,larvae,03-06-2021_griesbroek 6,03dc3f07-506f-4c71-bbcd-ad24c177cab5,13003,Balen,Antwerpen,griesbroek 6,griesbroek 6,8,flanders
406,2021,4,adult,03-06-2021_laakdal 41,3FF122FA-A234-4A59-B023-BF7A15813990,13053,Laakdal,Antwerpen,laakdal 41,laakdal 41,12,flanders
407,2021,0,juvenile,03-06-2021_laakdal 41,3FF122FA-A234-4A59-B023-BF7A15813990,13053,Laakdal,Antwerpen,laakdal 41,laakdal 41,12,flanders
408,2021,872,larvae,03-06-2021_laakdal 41,3FF122FA-A234-4A59-B023-BF7A15813990,13053,Laakdal,Antwerpen,laakdal 41,laakdal 41,12,flanders
409,2021,0,adult,03-06-2021_laakdal 6,e02a0538-0a5c-4bf6-9af8-8bea79186857,13053,Laakdal,Antwerpen,laakdal 6,laakdal 6,10,flanders
410,2021,5,juvenile,03-06-2021_laakdal 6,e02a0538-0a5c-4bf6-9af8-8bea79186857,13053,Laakdal,Antwerpen,laakdal 6,laakdal 6,10,flanders
411,2021,0,larvae,03-06-2021_laakdal 6,e02a0538-0a5c-4bf6-9af8-8bea79186857,13053,Laakdal,Antwerpen,laakdal 6,laakdal 6,10,flanders
412,2021,0,adult,03-06-2021_nijlen h1,e4967c07-aaa3-4aa5-9ba6-54322313066c,12021,Lier,Antwerpen,nijlen h1,nijlen h1,8,flanders
413,2021,0,juvenile,03-06-2021_nijlen h1,e4967c07-aaa3-4aa5-9ba6-54322313066c,12021,Lier,Antwerpen,nijlen h1,nijlen h1,8,flanders
414,2021,0,larvae,03-06-2021_nijlen h1,e4967c07-aaa3-4aa5-9ba6-54322313066c,12021,Lier,Antwerpen,nijlen h1,nijlen h1,8,flanders
415,2021,0,adult,03-06-2021_scheps 6,3f097ed2-a6e2-4db8-ab6d-eb411d610792,13003,Balen,Antwerpen,scheps 6,scheps 6,2,flanders
416,2021,0,juvenile,03-06-2021_scheps 6,3f097ed2-a6e2-4db8-ab6d-eb411d610792,13003,Balen,Antwerpen,scheps 6,scheps 6,2,flanders
417,2021,1,larvae,03-06-2021_scheps 6,3f097ed2-a6e2-4db8-ab6d-eb411d610792,13003,Balen,Antwerpen,scheps 6,scheps 6,2,flanders
418,2021,0,adult,03-06-2021_scheps 7,009d325e-8c76-4049-bc69-31f6163e254e,13003,Balen,Antwerpen,scheps 7,scheps 7,4,flanders
419,2021,0,juvenile,03-06-2021_scheps 7,009d325e-8c76-4049-bc69-31f6163e254e,13003,Balen,Antwerpen,scheps 7,scheps 7,4,flanders
420,2021,167,larvae,03-06-2021_scheps 7,009d325e-8c76-4049-bc69-31f6163e254e,13003,Balen,Antwerpen,scheps 7,scheps 7,4,flanders
421,2021,0,adult,03-06-2021_scheps 8,909d4ce7-901a-499c-b993-242731897f23,13003,Balen,Antwerpen,scheps 8,scheps 8,2,flanders
422,2021,0,juvenile,03-06-2021_scheps 8,909d4ce7-901a-499c-b993-242731897f23,13003,Balen,Antwerpen,scheps 8,scheps 8,2,flanders
423,2021,0,larvae,03-06-2021_scheps 8,909d4ce7-901a-499c-b993-242731897f23,13003,Balen,Antwerpen,scheps 8,scheps 8,2,flanders
424,2021,0,adult,03-06-2021_scheps 9,dacf70c7-504f-401e-8d63-1a361709fd5f,13003,Balen,Antwerpen,scheps 9,scheps 9,2,flanders
425,2021,0,juvenile,03-06-2021_scheps 9,dacf70c7-504f-401e-8d63-1a361709fd5f,13003,Balen,Antwerpen,scheps 9,scheps 9,2,flanders
426,2021,6,larvae,03-06-2021_scheps 9,dacf70c7-504f-401e-8d63-1a361709fd5f,13003,Balen,Antwerpen,scheps 9,scheps 9,2,flanders
427,2022,0,adult,03-06-2022_laakdal 6,e02a0538-0a5c-4bf6-9af8-8bea79186857,13053,Laakdal,Antwerpen,laakdal 6,laakdal 6,10,flanders
428,2022,20,juvenile,03-06-2022_laakdal 6,e02a0538-0a5c-4bf6-9af8-8bea79186857,13053,Laakdal,Antwerpen,laakdal 6,laakdal 6,10,flanders
429,2022,0,larvae,03-06-2022_laakdal 6,e02a0538-0a5c-4bf6-9af8-8bea79186857,13053,Laakdal,Antwerpen,laakdal 6,laakdal 6,10,flanders
430,2022,0,adult,03-06-2022_meerhout 13,8731AF96-CC5E-44B2-A8E8-AF9AC37F7E76,13008,Geel,Antwerpen,meerhout 13,meerhout 13,1,flanders
431,2022,0,juvenile,03-06-2022_meerhout 13,8731AF96-CC5E-44B2-A8E8-AF9AC37F7E76,13008,Geel,Antwerpen,meerhout 13,meerhout 13,1,flanders
432,2022,218,larvae,03-06-2022_meerhout 13,8731AF96-CC5E-44B2-A8E8-AF9AC37F7E76,13008,Geel,Antwerpen,meerhout 13,meerhout 13,1,flanders
433,2022,5,adult,03-06-2022_meerhout 14,2AB1C866-FD95-4691-A764-F45063561D06,13008,Geel,Antwerpen,meerhout 14,meerhout 14,20,flanders
434,2022,17,juvenile,03-06-2022_meerhout 14,2AB1C866-FD95-4691-A764-F45063561D06,13008,Geel,Antwerpen,meerhout 14,meerhout 14,20,flanders
435,2022,532,larvae,03-06-2022_meerhout 14,2AB1C866-FD95-4691-A764-F45063561D06,13008,Geel,Antwerpen,meerhout 14,meerhout 14,20,flanders
436,2022,5,adult,03-06-2022_scheps 35,C40A62BC-753E-4B8E-A09E-101C73DE9BD0,13021,Meerhout,Antwerpen,scheps 35,scheps 35,18,flanders
437,2022,2,juvenile,03-06-2022_scheps 35,C40A62BC-753E-4B8E-A09E-101C73DE9BD0,13021,Meerhout,Antwerpen,scheps 35,scheps 35,18,flanders
438,2022,275,larvae,03-06-2022_scheps 35,C40A62BC-753E-4B8E-A09E-101C73DE9BD0,13021,Meerhout,Antwerpen,scheps 35,scheps 35,18,flanders
439,2025,0,adult,03-06-2025_bel 2,066E97A4-D3EC-4D17-A8B9-6CD1D3C48F5E,13008,Geel,Antwerpen,bel 2,bel 2,11,flanders
440,2025,34,juvenile,03-06-2025_bel 2,066E97A4-D3EC-4D17-A8B9-6CD1D3C48F5E,13008,Geel,Antwerpen,bel 2,bel 2,11,flanders
441,2025,103,larvae,03-06-2025_bel 2,066E97A4-D3EC-4D17-A8B9-6CD1D3C48F5E,13008,Geel,Antwerpen,bel 2,bel 2,11,flanders
442,2025,2,adult,03-06-2025_bergebeek 1,A4760255-D2AE-4D89-BF0B-4E60ABC25410,12014,Heist-Op-Den-Berg,Antwerpen,bergebeek 1,bergebeek 1,10,flanders
443,2025,0,juvenile,03-06-2025_bergebeek 1,A4760255-D2AE-4D89-BF0B-4E60ABC25410,12014,Heist-Op-Den-Berg,Antwerpen,bergebeek 1,bergebeek 1,10,flanders
444,2025,375,larvae,03-06-2025_bergebeek 1,A4760255-D2AE-4D89-BF0B-4E60ABC25410,12014,Heist-Op-Den-Berg,Antwerpen,bergebeek 1,bergebeek 1,10,flanders
445,2025,6,adult,03-06-2025_bergebeek 2,E7E36A76-5373-4375-BE63-2EB245A510E2,12014,Heist-Op-Den-Berg,Antwerpen,bergebeek 2,bergebeek 2,13,flanders
446,2025,1,juvenile,03-06-2025_bergebeek 2,E7E36A76-5373-4375-BE63-2EB245A510E2,12014,Heist-Op-Den-Berg,Antwerpen,bergebeek 2,bergebeek 2,13,flanders
447,2025,182,larvae,03-06-2025_bergebeek 2,E7E36A76-5373-4375-BE63-2EB245A510E2,12014,Heist-Op-Den-Berg,Antwerpen,bergebeek 2,bergebeek 2,13,flanders
448,2025,1,adult,03-06-2025_scheps 38,06E7D771-6B28-4F7B-A26F-7AC3A8C7A4DE,13021,Meerhout,Antwerpen,scheps 38,scheps 38,4,flanders
449,2025,6,juvenile,03-06-2025_scheps 38,06E7D771-6B28-4F7B-A26F-7AC3A8C7A4DE,13021,Meerhout,Antwerpen,scheps 38,scheps 38,4,flanders
450,2025,226,larvae,03-06-2025_scheps 38,06E7D771-6B28-4F7B-A26F-7AC3A8C7A4DE,13021,Meerhout,Antwerpen,scheps 38,scheps 38,4,flanders
451,2012,0,adult,03-07-2012_arendonk 1,91a8e2bb-b682-4c53-b213-7494198b12ce,13001,Arendonk,Antwerpen,NA,NA,6,flanders
452,2012,0,juvenile,03-07-2012_arendonk 1,91a8e2bb-b682-4c53-b213-7494198b12ce,13001,Arendonk,Antwerpen,NA,NA,6,flanders
453,2012,2,larvae,03-07-2012_arendonk 1,91a8e2bb-b682-4c53-b213-7494198b12ce,13001,Arendonk,Antwerpen,NA,NA,6,flanders
454,2012,0,adult,03-07-2012_arendonk 3,60e6e43e-6855-4917-a336-9ac46d087fad,13001,Arendonk,Antwerpen,NA,NA,6,flanders
455,2012,0,juvenile,03-07-2012_arendonk 3,60e6e43e-6855-4917-a336-9ac46d087fad,13001,Arendonk,Antwerpen,NA,NA,6,flanders
456,2012,97,larvae,03-07-2012_arendonk 3,60e6e43e-6855-4917-a336-9ac46d087fad,13001,Arendonk,Antwerpen,NA,NA,6,flanders
457,2013,0,adult,03-07-2013_arendonk 1,91a8e2bb-b682-4c53-b213-7494198b12ce,13001,Arendonk,Antwerpen,NA,NA,4,flanders
458,2013,0,juvenile,03-07-2013_arendonk 1,91a8e2bb-b682-4c53-b213-7494198b12ce,13001,Arendonk,Antwerpen,NA,NA,4,flanders
459,2013,2,larvae,03-07-2013_arendonk 1,91a8e2bb-b682-4c53-b213-7494198b12ce,13001,Arendonk,Antwerpen,NA,NA,4,flanders
460,2020,0,adult,03-07-2020_laakdal 10,ed140e69-cc25-475f-ae0a-3b54cb11d089,13053,Laakdal,Antwerpen,laakdal 10,laakdal 10,2,flanders
461,2020,9,juvenile,03-07-2020_laakdal 10,ed140e69-cc25-475f-ae0a-3b54cb11d089,13053,Laakdal,Antwerpen,laakdal 10,laakdal 10,2,flanders
462,2020,0,larvae,03-07-2020_laakdal 10,ed140e69-cc25-475f-ae0a-3b54cb11d089,13053,Laakdal,Antwerpen,laakdal 10,laakdal 10,2,flanders
463,2020,0,adult,03-07-2020_laakdal 3,d415562e-8a6a-4234-9bc8-23cd09f85748,13053,Laakdal,Antwerpen,laakdal 3,laakdal 3,5,flanders
464,2020,7,juvenile,03-07-2020_laakdal 3,d415562e-8a6a-4234-9bc8-23cd09f85748,13053,Laakdal,Antwerpen,laakdal 3,laakdal 3,5,flanders
465,2020,0,larvae,03-07-2020_laakdal 3,d415562e-8a6a-4234-9bc8-23cd09f85748,13053,Laakdal,Antwerpen,laakdal 3,laakdal 3,5,flanders
466,2020,0,adult,03-07-2020_laakdal 9,cffd6091-a7ba-42fa-a5fb-975e7ab483d1,13053,Laakdal,Antwerpen,laakdal 9,laakdal 9,4,flanders
467,2020,13,juvenile,03-07-2020_laakdal 9,cffd6091-a7ba-42fa-a5fb-975e7ab483d1,13053,Laakdal,Antwerpen,laakdal 9,laakdal 9,4,flanders
468,2020,0,larvae,03-07-2020_laakdal 9,cffd6091-a7ba-42fa-a5fb-975e7ab483d1,13053,Laakdal,Antwerpen,laakdal 9,laakdal 9,4,flanders
469,2020,0,adult,03-07-2020_nijlen g2,a484323f-4a55-4cf1-affb-6b5870f769db,12021,Lier,Antwerpen,nijlen g2,nijlen g2,12,flanders
470,2020,0,juvenile,03-07-2020_nijlen g2,a484323f-4a55-4cf1-affb-6b5870f769db,12021,Lier,Antwerpen,nijlen g2,nijlen g2,12,flanders
471,2020,0,larvae,03-07-2020_nijlen g2,a484323f-4a55-4cf1-affb-6b5870f769db,12021,Lier,Antwerpen,nijlen g2,nijlen g2,12,flanders
472,2021,0,adult,03-07-2021_nijlen l9,f5fae4b8-8b29-46d6-9d83-8dcf2a965cb8,12021,Lier,Antwerpen,nijlen l9,nijlen l9,8,flanders
473,2021,0,juvenile,03-07-2021_nijlen l9,f5fae4b8-8b29-46d6-9d83-8dcf2a965cb8,12021,Lier,Antwerpen,nijlen l9,nijlen l9,8,flanders
474,2021,0,larvae,03-07-2021_nijlen l9,f5fae4b8-8b29-46d6-9d83-8dcf2a965cb8,12021,Lier,Antwerpen,nijlen l9,nijlen l9,8,flanders
475,2024,0,adult,03-07-2024_scheps 1,99b57d68-38ec-4f35-8d21-edaa375cf288,13003,Balen,Antwerpen,scheps 1,scheps 1,2,flanders
476,2024,0,juvenile,03-07-2024_scheps 1,99b57d68-38ec-4f35-8d21-edaa375cf288,13003,Balen,Antwerpen,scheps 1,scheps 1,2,flanders
477,2024,0,larvae,03-07-2024_scheps 1,99b57d68-38ec-4f35-8d21-edaa375cf288,13003,Balen,Antwerpen,scheps 1,scheps 1,2,flanders
478,2024,0,adult,03-07-2024_scheps 34,1095ed65-0f2b-45bf-8cc7-47537a7b1f00,13003,Balen,Antwerpen,scheps 34,scheps 34,14,flanders
479,2024,1,juvenile,03-07-2024_scheps 34,1095ed65-0f2b-45bf-8cc7-47537a7b1f00,13003,Balen,Antwerpen,scheps 34,scheps 34,14,flanders
480,2024,192,larvae,03-07-2024_scheps 34,1095ed65-0f2b-45bf-8cc7-47537a7b1f00,13003,Balen,Antwerpen,scheps 34,scheps 34,14,flanders
481,2024,1,adult,03-07-2024_scheps 39,E0BFF7E4-D0E2-44B4-A7FE-2DD211144B52,13003,Balen,Antwerpen,scheps 39,scheps 39,15,flanders
482,2024,0,juvenile,03-07-2024_scheps 39,E0BFF7E4-D0E2-44B4-A7FE-2DD211144B52,13003,Balen,Antwerpen,scheps 39,scheps 39,15,flanders
483,2024,2954,larvae,03-07-2024_scheps 39,E0BFF7E4-D0E2-44B4-A7FE-2DD211144B52,13003,Balen,Antwerpen,scheps 39,scheps 39,15,flanders
484,2024,2,adult,03-07-2024_scheps 41,89FF8F2D-DE88-49E0-95F6-D0EA5A15D42F,13003,Balen,Antwerpen,scheps 41,scheps 41,12,flanders
485,2024,0,juvenile,03-07-2024_scheps 41,89FF8F2D-DE88-49E0-95F6-D0EA5A15D42F,13003,Balen,Antwerpen,scheps 41,scheps 41,12,flanders
486,2024,2,larvae,03-07-2024_scheps 41,89FF8F2D-DE88-49E0-95F6-D0EA5A15D42F,13003,Balen,Antwerpen,scheps 41,scheps 41,12,flanders
487,2024,0,adult,03-07-2024_scheps 42,323F5909-B7D0-4A77-AC74-D9EF1DFB812A,13003,Balen,Antwerpen,scheps 42,scheps 42,10,flanders
488,2024,0,juvenile,03-07-2024_scheps 42,323F5909-B7D0-4A77-AC74-D9EF1DFB812A,13003,Balen,Antwerpen,scheps 42,scheps 42,10,flanders
489,2024,1,larvae,03-07-2024_scheps 42,323F5909-B7D0-4A77-AC74-D9EF1DFB812A,13003,Balen,Antwerpen,scheps 42,scheps 42,10,flanders
490,2025,4,adult,03-07-2025_anthei 0647,409E6558-5B68-4E45-AABC-50F507EF4595,12014,Heist-Op-Den-Berg,Antwerpen,anthei 0647,anthei 0647,4,flanders
491,2025,84,juvenile,03-07-2025_anthei 0647,409E6558-5B68-4E45-AABC-50F507EF4595,12014,Heist-Op-Den-Berg,Antwerpen,anthei 0647,anthei 0647,4,flanders
492,2025,878,larvae,03-07-2025_anthei 0647,409E6558-5B68-4E45-AABC-50F507EF4595,12014,Heist-Op-Den-Berg,Antwerpen,anthei 0647,anthei 0647,4,flanders
493,2025,0,adult,03-07-2025_antlkd 301,14D1A8D1-8B52-4AC2-A3CE-8D419E44B1E6,13053,Laakdal,Antwerpen,antlkd 301,antlkd 301,2,flanders
494,2025,0,juvenile,03-07-2025_antlkd 301,14D1A8D1-8B52-4AC2-A3CE-8D419E44B1E6,13053,Laakdal,Antwerpen,antlkd 301,antlkd 301,2,flanders
495,2025,0,larvae,03-07-2025_antlkd 301,14D1A8D1-8B52-4AC2-A3CE-8D419E44B1E6,13053,Laakdal,Antwerpen,antlkd 301,antlkd 301,2,flanders
496,2025,0,adult,03-07-2025_bergebeek 5,D86F0049-5884-4570-BBEB-06BF1986CAC2,12014,Heist-Op-Den-Berg,Antwerpen,bergebeek 5,bergebeek 5,2,flanders
497,2025,11,juvenile,03-07-2025_bergebeek 5,D86F0049-5884-4570-BBEB-06BF1986CAC2,12014,Heist-Op-Den-Berg,Antwerpen,bergebeek 5,bergebeek 5,2,flanders
498,2025,337,larvae,03-07-2025_bergebeek 5,D86F0049-5884-4570-BBEB-06BF1986CAC2,12014,Heist-Op-Den-Berg,Antwerpen,bergebeek 5,bergebeek 5,2,flanders
499,2025,0,adult,03-07-2025_laakdal 16a,6390430e-5452-4bf9-9f99-97ad75bacf11,13053,Laakdal,Antwerpen,laakdal 16a,laakdal 16a,3,flanders
500,2025,0,juvenile,03-07-2025_laakdal 16a,6390430e-5452-4bf9-9f99-97ad75bacf11,13053,Laakdal,Antwerpen,laakdal 16a,laakdal 16a,3,flanders
501,2025,0,larvae,03-07-2025_laakdal 16a,6390430e-5452-4bf9-9f99-97ad75bacf11,13053,Laakdal,Antwerpen,laakdal 16a,laakdal 16a,3,flanders
502,2025,0,adult,03-07-2025_laakdal 29a,de83344d-e0f9-4f55-a1a8-78276efef1a7,13053,Laakdal,Antwerpen,laakdal 29a,laakdal 29a,2,flanders
503,2025,0,juvenile,03-07-2025_laakdal 29a,de83344d-e0f9-4f55-a1a8-78276efef1a7,13053,Laakdal,Antwerpen,laakdal 29a,laakdal 29a,2,flanders
504,2025,0,larvae,03-07-2025_laakdal 29a,de83344d-e0f9-4f55-a1a8-78276efef1a7,13053,Laakdal,Antwerpen,laakdal 29a,laakdal 29a,2,flanders
505,2025,0,adult,03-07-2025_laakdal 29b,111e5f0d-b25e-4ec8-aabf-0eeb6cd1d93b,13053,Laakdal,Antwerpen,laakdal 29b,laakdal 29b,1,flanders
506,2025,0,juvenile,03-07-2025_laakdal 29b,111e5f0d-b25e-4ec8-aabf-0eeb6cd1d93b,13053,Laakdal,Antwerpen,laakdal 29b,laakdal 29b,1,flanders
507,2025,0,larvae,03-07-2025_laakdal 29b,111e5f0d-b25e-4ec8-aabf-0eeb6cd1d93b,13053,Laakdal,Antwerpen,laakdal 29b,laakdal 29b,1,flanders
508,2025,0,adult,03-07-2025_laakdal 30c,e8165c62-451a-4d96-882f-468098023cc4,13053,Laakdal,Antwerpen,laakdal 30c,laakdal 30c,3,flanders
509,2025,0,juvenile,03-07-2025_laakdal 30c,e8165c62-451a-4d96-882f-468098023cc4,13053,Laakdal,Antwerpen,laakdal 30c,laakdal 30c,3,flanders
510,2025,0,larvae,03-07-2025_laakdal 30c,e8165c62-451a-4d96-882f-468098023cc4,13053,Laakdal,Antwerpen,laakdal 30c,laakdal 30c,3,flanders
511,2025,1,adult,03-07-2025_laakdal 42,CFE5F760-038E-4AFA-A19C-F41167BA5C06,13053,Laakdal,Antwerpen,laakdal 42,laakdal 42,4,flanders
512,2025,1,juvenile,03-07-2025_laakdal 42,CFE5F760-038E-4AFA-A19C-F41167BA5C06,13053,Laakdal,Antwerpen,laakdal 42,laakdal 42,4,flanders
513,2025,110,larvae,03-07-2025_laakdal 42,CFE5F760-038E-4AFA-A19C-F41167BA5C06,13053,Laakdal,Antwerpen,laakdal 42,laakdal 42,4,flanders
514,2011,0,adult,03-08-2011_arendonk 2,fbb3baeb-c846-444c-926e-02445e328b78,13001,Arendonk,Antwerpen,NA,NA,6,flanders
515,2011,3,juvenile,03-08-2011_arendonk 2,fbb3baeb-c846-444c-926e-02445e328b78,13001,Arendonk,Antwerpen,NA,NA,6,flanders
516,2011,318,larvae,03-08-2011_arendonk 2,fbb3baeb-c846-444c-926e-02445e328b78,13001,Arendonk,Antwerpen,NA,NA,6,flanders
517,2012,2,adult,03-08-2012_arendonk 1,91a8e2bb-b682-4c53-b213-7494198b12ce,13001,Arendonk,Antwerpen,NA,NA,6,flanders
518,2012,0,juvenile,03-08-2012_arendonk 1,91a8e2bb-b682-4c53-b213-7494198b12ce,13001,Arendonk,Antwerpen,NA,NA,6,flanders
519,2012,0,larvae,03-08-2012_arendonk 1,91a8e2bb-b682-4c53-b213-7494198b12ce,13001,Arendonk,Antwerpen,NA,NA,6,flanders
520,2018,0,adult,03-08-2018_arendonk 2,fbb3baeb-c846-444c-926e-02445e328b78,13001,Arendonk,Antwerpen,NA,NA,1,flanders
521,2018,0,juvenile,03-08-2018_arendonk 2,fbb3baeb-c846-444c-926e-02445e328b78,13001,Arendonk,Antwerpen,NA,NA,1,flanders
522,2018,220,larvae,03-08-2018_arendonk 2,fbb3baeb-c846-444c-926e-02445e328b78,13001,Arendonk,Antwerpen,NA,NA,1,flanders
523,2018,0,adult,03-08-2018_arendonk 3,60e6e43e-6855-4917-a336-9ac46d087fad,13001,Arendonk,Antwerpen,NA,NA,1,flanders
524,2018,17,juvenile,03-08-2018_arendonk 3,60e6e43e-6855-4917-a336-9ac46d087fad,13001,Arendonk,Antwerpen,NA,NA,1,flanders
525,2018,13,larvae,03-08-2018_arendonk 3,60e6e43e-6855-4917-a336-9ac46d087fad,13001,Arendonk,Antwerpen,NA,NA,1,flanders
526,2021,4,adult,03-08-2021_molse nete 27,13C21386-73BD-4394-BF8C-D621BB1AE140,13003,Balen,Antwerpen,molse nete 27,molse nete 27,4,flanders
527,2021,1,juvenile,03-08-2021_molse nete 27,13C21386-73BD-4394-BF8C-D621BB1AE140,13003,Balen,Antwerpen,molse nete 27,molse nete 27,4,flanders
528,2021,0,larvae,03-08-2021_molse nete 27,13C21386-73BD-4394-BF8C-D621BB1AE140,13003,Balen,Antwerpen,molse nete 27,molse nete 27,4,flanders
529,2021,0,adult,03-08-2021_molse nete 29,B58A0CA0-1DD3-4A71-B356-C088AF4BA385,13003,Balen,Antwerpen,molse nete 29,molse nete 29,4,flanders
530,2021,2,juvenile,03-08-2021_molse nete 29,B58A0CA0-1DD3-4A71-B356-C088AF4BA385,13003,Balen,Antwerpen,molse nete 29,molse nete 29,4,flanders
531,2021,12,larvae,03-08-2021_molse nete 29,B58A0CA0-1DD3-4A71-B356-C088AF4BA385,13003,Balen,Antwerpen,molse nete 29,molse nete 29,4,flanders
532,2021,2,adult,03-08-2021_scheps 1,99b57d68-38ec-4f35-8d21-edaa375cf288,13003,Balen,Antwerpen,scheps 1,scheps 1,2,flanders
533,2021,0,juvenile,03-08-2021_scheps 1,99b57d68-38ec-4f35-8d21-edaa375cf288,13003,Balen,Antwerpen,scheps 1,scheps 1,2,flanders
534,2021,0,larvae,03-08-2021_scheps 1,99b57d68-38ec-4f35-8d21-edaa375cf288,13003,Balen,Antwerpen,scheps 1,scheps 1,2,flanders
535,2021,0,adult,03-08-2021_scheps 12,0701b62d-8e2d-436c-a25d-fae9a6529871,13003,Balen,Antwerpen,scheps 12,scheps 12,6,flanders
536,2021,0,juvenile,03-08-2021_scheps 12,0701b62d-8e2d-436c-a25d-fae9a6529871,13003,Balen,Antwerpen,scheps 12,scheps 12,6,flanders
537,2021,0,larvae,03-08-2021_scheps 12,0701b62d-8e2d-436c-a25d-fae9a6529871,13003,Balen,Antwerpen,scheps 12,scheps 12,6,flanders
538,2021,1,adult,03-08-2021_scheps 18,696dfa66-6654-40d7-b115-8aa065f74301,13003,Balen,Antwerpen,scheps 18,scheps 18,5,flanders
539,2021,0,juvenile,03-08-2021_scheps 18,696dfa66-6654-40d7-b115-8aa065f74301,13003,Balen,Antwerpen,scheps 18,scheps 18,5,flanders
540,2021,0,larvae,03-08-2021_scheps 18,696dfa66-6654-40d7-b115-8aa065f74301,13003,Balen,Antwerpen,scheps 18,scheps 18,5,flanders
541,2021,0,adult,03-08-2021_scheps 27,ce6f91bc-f5ae-4e1c-82eb-1b8fdb47c18f,13003,Balen,Antwerpen,scheps 27,scheps 27,2,flanders
542,2021,0,juvenile,03-08-2021_scheps 27,ce6f91bc-f5ae-4e1c-82eb-1b8fdb47c18f,13003,Balen,Antwerpen,scheps 27,scheps 27,2,flanders
543,2021,0,larvae,03-08-2021_scheps 27,ce6f91bc-f5ae-4e1c-82eb-1b8fdb47c18f,13003,Balen,Antwerpen,scheps 27,scheps 27,2,flanders
544,2023,0,adult,03-08-2023_herselt 1,5AB89730-1687-4EC6-9E34-D6A23787BF75,13013,Herselt,Antwerpen,herselt 1,herselt 1,4,flanders
545,2023,0,juvenile,03-08-2023_herselt 1,5AB89730-1687-4EC6-9E34-D6A23787BF75,13013,Herselt,Antwerpen,herselt 1,herselt 1,4,flanders
546,2023,0,larvae,03-08-2023_herselt 1,5AB89730-1687-4EC6-9E34-D6A23787BF75,13013,Herselt,Antwerpen,herselt 1,herselt 1,4,flanders
547,2023,0,adult,03-08-2023_herselt 2,AAE5A83A-6590-4F17-AF25-0CAAC262AAB9,13013,Herselt,Antwerpen,herselt 2,herselt 2,4,flanders
548,2023,0,juvenile,03-08-2023_herselt 2,AAE5A83A-6590-4F17-AF25-0CAAC262AAB9,13013,Herselt,Antwerpen,herselt 2,herselt 2,4,flanders
549,2023,0,larvae,03-08-2023_herselt 2,AAE5A83A-6590-4F17-AF25-0CAAC262AAB9,13013,Herselt,Antwerpen,herselt 2,herselt 2,4,flanders
550,2023,0,adult,03-08-2023_herselt 8,3D6D580A-AB46-401F-8ABF-43001E535D3F,13013,Herselt,Antwerpen,herselt 8,herselt 8,18,flanders
551,2023,0,juvenile,03-08-2023_herselt 8,3D6D580A-AB46-401F-8ABF-43001E535D3F,13013,Herselt,Antwerpen,herselt 8,herselt 8,18,flanders
552,2023,6,larvae,03-08-2023_herselt 8,3D6D580A-AB46-401F-8ABF-43001E535D3F,13013,Herselt,Antwerpen,herselt 8,herselt 8,18,flanders
553,2014,0,adult,03-09-2014_arendonk 2,fbb3baeb-c846-444c-926e-02445e328b78,13001,Arendonk,Antwerpen,NA,NA,4,flanders
554,2014,0,juvenile,03-09-2014_arendonk 2,fbb3baeb-c846-444c-926e-02445e328b78,13001,Arendonk,Antwerpen,NA,NA,4,flanders
555,2014,489,larvae,03-09-2014_arendonk 2,fbb3baeb-c846-444c-926e-02445e328b78,13001,Arendonk,Antwerpen,NA,NA,4,flanders
556,2014,0,adult,03-09-2014_kasterlee 3,fa5d281f-6266-4d4b-b6a7-cd44132e9b99,13017,Kasterlee,Antwerpen,NA,NA,4,flanders
557,2014,0,juvenile,03-09-2014_kasterlee 3,fa5d281f-6266-4d4b-b6a7-cd44132e9b99,13017,Kasterlee,Antwerpen,NA,NA,4,flanders
558,2014,150,larvae,03-09-2014_kasterlee 3,fa5d281f-6266-4d4b-b6a7-cd44132e9b99,13017,Kasterlee,Antwerpen,NA,NA,4,flanders
559,2021,0,adult,03-09-2021_herselt 24,5AF93254-9677-491F-9F3A-CE0B01297D22,13013,Herselt,Antwerpen,herselt 24,herselt 24,4,flanders
560,2021,0,juvenile,03-09-2021_herselt 24,5AF93254-9677-491F-9F3A-CE0B01297D22,13013,Herselt,Antwerpen,herselt 24,herselt 24,4,flanders
561,2021,0,larvae,03-09-2021_herselt 24,5AF93254-9677-491F-9F3A-CE0B01297D22,13013,Herselt,Antwerpen,herselt 24,herselt 24,4,flanders
562,2021,0,adult,03-09-2021_herselt 25,C7536019-AE79-47BE-B188-6B626876B8E1,13013,Herselt,Antwerpen,herselt 25,herselt 25,4,flanders
563,2021,0,juvenile,03-09-2021_herselt 25,C7536019-AE79-47BE-B188-6B626876B8E1,13013,Herselt,Antwerpen,herselt 25,herselt 25,4,flanders
564,2021,0,larvae,03-09-2021_herselt 25,C7536019-AE79-47BE-B188-6B626876B8E1,13013,Herselt,Antwerpen,herselt 25,herselt 25,4,flanders
565,2021,0,adult,03-09-2021_herselt 26,651F4162-DFD3-4E85-947D-78753627E40E,13013,Herselt,Antwerpen,herselt 26,herselt 26,6,flanders
566,2021,0,juvenile,03-09-2021_herselt 26,651F4162-DFD3-4E85-947D-78753627E40E,13013,Herselt,Antwerpen,herselt 26,herselt 26,6,flanders
567,2021,0,larvae,03-09-2021_herselt 26,651F4162-DFD3-4E85-947D-78753627E40E,13013,Herselt,Antwerpen,herselt 26,herselt 26,6,flanders
568,2021,0,adult,03-09-2021_herselt 27,960CB039-9B3D-4F2B-9E00-E21A3AF1A2E7,13013,Herselt,Antwerpen,herselt 27,herselt 27,4,flanders
569,2021,0,juvenile,03-09-2021_herselt 27,960CB039-9B3D-4F2B-9E00-E21A3AF1A2E7,13013,Herselt,Antwerpen,herselt 27,herselt 27,4,flanders
570,2021,0,larvae,03-09-2021_herselt 27,960CB039-9B3D-4F2B-9E00-E21A3AF1A2E7,13013,Herselt,Antwerpen,herselt 27,herselt 27,4,flanders
571,2014,0,adult,03-10-2014_arendonk 2,fbb3baeb-c846-444c-926e-02445e328b78,13001,Arendonk,Antwerpen,NA,NA,8,flanders
572,2014,0,juvenile,03-10-2014_arendonk 2,fbb3baeb-c846-444c-926e-02445e328b78,13001,Arendonk,Antwerpen,NA,NA,8,flanders
573,2014,242,larvae,03-10-2014_arendonk 2,fbb3baeb-c846-444c-926e-02445e328b78,13001,Arendonk,Antwerpen,NA,NA,8,flanders
574,2021,4,adult,04-05-2021_griesbroek 6,03dc3f07-506f-4c71-bbcd-ad24c177cab5,13003,Balen,Antwerpen,griesbroek 6,griesbroek 6,8,flanders
575,2021,2,juvenile,04-05-2021_griesbroek 6,03dc3f07-506f-4c71-bbcd-ad24c177cab5,13003,Balen,Antwerpen,griesbroek 6,griesbroek 6,8,flanders
576,2021,1531,larvae,04-05-2021_griesbroek 6,03dc3f07-506f-4c71-bbcd-ad24c177cab5,13003,Balen,Antwerpen,griesbroek 6,griesbroek 6,8,flanders
577,2013,0,adult,04-06-2013_driehoek,48fb261c-3f3a-4a95-9103-1e6822dae999,13014,Hoogstraten,Antwerpen,NA,NA,5,flanders
578,2013,0,juvenile,04-06-2013_driehoek,48fb261c-3f3a-4a95-9103-1e6822dae999,13014,Hoogstraten,Antwerpen,NA,NA,5,flanders
579,2013,15,larvae,04-06-2013_driehoek,48fb261c-3f3a-4a95-9103-1e6822dae999,13014,Hoogstraten,Antwerpen,NA,NA,5,flanders
580,2014,0,adult,04-06-2014_driehoek,48fb261c-3f3a-4a95-9103-1e6822dae999,13014,Hoogstraten,Antwerpen,NA,NA,2,flanders
581,2014,0,juvenile,04-06-2014_driehoek,48fb261c-3f3a-4a95-9103-1e6822dae999,13014,Hoogstraten,Antwerpen,NA,NA,2,flanders
582,2014,138,larvae,04-06-2014_driehoek,48fb261c-3f3a-4a95-9103-1e6822dae999,13014,Hoogstraten,Antwerpen,NA,NA,2,flanders
583,2019,0,adult,04-06-2019_arendonk 2,fbb3baeb-c846-444c-926e-02445e328b78,13001,Arendonk,Antwerpen,arendonk 2,arendonk 2,9,flanders
584,2019,0,juvenile,04-06-2019_arendonk 2,fbb3baeb-c846-444c-926e-02445e328b78,13001,Arendonk,Antwerpen,arendonk 2,arendonk 2,9,flanders
585,2019,285,larvae,04-06-2019_arendonk 2,fbb3baeb-c846-444c-926e-02445e328b78,13001,Arendonk,Antwerpen,arendonk 2,arendonk 2,9,flanders
586,2021,7,adult,04-06-2021_griesbroek 6,03dc3f07-506f-4c71-bbcd-ad24c177cab5,13003,Balen,Antwerpen,griesbroek 6,griesbroek 6,8,flanders
587,2021,0,juvenile,04-06-2021_griesbroek 6,03dc3f07-506f-4c71-bbcd-ad24c177cab5,13003,Balen,Antwerpen,griesbroek 6,griesbroek 6,8,flanders
588,2021,129,larvae,04-06-2021_griesbroek 6,03dc3f07-506f-4c71-bbcd-ad24c177cab5,13003,Balen,Antwerpen,griesbroek 6,griesbroek 6,8,flanders
589,2021,2,adult,04-06-2021_laakdal 41,3FF122FA-A234-4A59-B023-BF7A15813990,13053,Laakdal,Antwerpen,laakdal 41,laakdal 41,9,flanders
590,2021,2,juvenile,04-06-2021_laakdal 41,3FF122FA-A234-4A59-B023-BF7A15813990,13053,Laakdal,Antwerpen,laakdal 41,laakdal 41,9,flanders
591,2021,807,larvae,04-06-2021_laakdal 41,3FF122FA-A234-4A59-B023-BF7A15813990,13053,Laakdal,Antwerpen,laakdal 41,laakdal 41,9,flanders
592,2021,1,adult,04-06-2021_laakdal 6,e02a0538-0a5c-4bf6-9af8-8bea79186857,13053,Laakdal,Antwerpen,laakdal 6,laakdal 6,10,flanders
593,2021,11,juvenile,04-06-2021_laakdal 6,e02a0538-0a5c-4bf6-9af8-8bea79186857,13053,Laakdal,Antwerpen,laakdal 6,laakdal 6,10,flanders
594,2021,0,larvae,04-06-2021_laakdal 6,e02a0538-0a5c-4bf6-9af8-8bea79186857,13053,Laakdal,Antwerpen,laakdal 6,laakdal 6,10,flanders
595,2021,0,adult,04-06-2021_nijlen h1,e4967c07-aaa3-4aa5-9ba6-54322313066c,12021,Lier,Antwerpen,nijlen h1,nijlen h1,8,flanders
596,2021,0,juvenile,04-06-2021_nijlen h1,e4967c07-aaa3-4aa5-9ba6-54322313066c,12021,Lier,Antwerpen,nijlen h1,nijlen h1,8,flanders
597,2021,0,larvae,04-06-2021_nijlen h1,e4967c07-aaa3-4aa5-9ba6-54322313066c,12021,Lier,Antwerpen,nijlen h1,nijlen h1,8,flanders
598,2021,0,adult,04-06-2021_scheps 6,3f097ed2-a6e2-4db8-ab6d-eb411d610792,13003,Balen,Antwerpen,scheps 6,scheps 6,2,flanders
599,2021,0,juvenile,04-06-2021_scheps 6,3f097ed2-a6e2-4db8-ab6d-eb411d610792,13003,Balen,Antwerpen,scheps 6,scheps 6,2,flanders
600,2021,0,larvae,04-06-2021_scheps 6,3f097ed2-a6e2-4db8-ab6d-eb411d610792,13003,Balen,Antwerpen,scheps 6,scheps 6,2,flanders
601,2021,0,adult,04-06-2021_scheps 7,009d325e-8c76-4049-bc69-31f6163e254e,13003,Balen,Antwerpen,scheps 7,scheps 7,4,flanders
602,2021,0,juvenile,04-06-2021_scheps 7,009d325e-8c76-4049-bc69-31f6163e254e,13003,Balen,Antwerpen,scheps 7,scheps 7,4,flanders
603,2021,128,larvae,04-06-2021_scheps 7,009d325e-8c76-4049-bc69-31f6163e254e,13003,Balen,Antwerpen,scheps 7,scheps 7,4,flanders
604,2021,0,adult,04-06-2021_scheps 8,909d4ce7-901a-499c-b993-242731897f23,13003,Balen,Antwerpen,scheps 8,scheps 8,2,flanders
605,2021,0,juvenile,04-06-2021_scheps 8,909d4ce7-901a-499c-b993-242731897f23,13003,Balen,Antwerpen,scheps 8,scheps 8,2,flanders
606,2021,0,larvae,04-06-2021_scheps 8,909d4ce7-901a-499c-b993-242731897f23,13003,Balen,Antwerpen,scheps 8,scheps 8,2,flanders
607,2021,0,adult,04-06-2021_scheps 9,dacf70c7-504f-401e-8d63-1a361709fd5f,13003,Balen,Antwerpen,scheps 9,scheps 9,2,flanders
608,2021,2,juvenile,04-06-2021_scheps 9,dacf70c7-504f-401e-8d63-1a361709fd5f,13003,Balen,Antwerpen,scheps 9,scheps 9,2,flanders
609,2021,1,larvae,04-06-2021_scheps 9,dacf70c7-504f-401e-8d63-1a361709fd5f,13003,Balen,Antwerpen,scheps 9,scheps 9,2,flanders
610,2022,4,adult,04-06-2022_meerhout 14,2AB1C866-FD95-4691-A764-F45063561D06,13008,Geel,Antwerpen,meerhout 14,meerhout 14,32,flanders
611,2022,38,juvenile,04-06-2022_meerhout 14,2AB1C866-FD95-4691-A764-F45063561D06,13008,Geel,Antwerpen,meerhout 14,meerhout 14,32,flanders
612,2022,836,larvae,04-06-2022_meerhout 14,2AB1C866-FD95-4691-A764-F45063561D06,13008,Geel,Antwerpen,meerhout 14,meerhout 14,32,flanders
613,2024,0,adult,04-06-2024_arendonk 2,fbb3baeb-c846-444c-926e-02445e328b78,13001,Arendonk,Antwerpen,arendonk 2,arendonk 2,30,flanders
614,2024,0,juvenile,04-06-2024_arendonk 2,fbb3baeb-c846-444c-926e-02445e328b78,13001,Arendonk,Antwerpen,arendonk 2,arendonk 2,30,flanders
615,2024,0,larvae,04-06-2024_arendonk 2,fbb3baeb-c846-444c-926e-02445e328b78,13001,Arendonk,Antwerpen,arendonk 2,arendonk 2,30,flanders
616,2024,5,adult,04-06-2024_bel 1,E889F226-84B5-499E-A73B-A5DF719C540C,13008,Geel,Antwerpen,bel 1,bel 1,14,flanders
617,2024,0,juvenile,04-06-2024_bel 1,E889F226-84B5-499E-A73B-A5DF719C540C,13008,Geel,Antwerpen,bel 1,bel 1,14,flanders
618,2024,4890,larvae,04-06-2024_bel 1,E889F226-84B5-499E-A73B-A5DF719C540C,13008,Geel,Antwerpen,bel 1,bel 1,14,flanders
619,2024,1,adult,04-06-2024_geel kruiskwacht 2,781F2ED8-0177-4D33-902F-C7DC87D7808E,13008,Geel,Antwerpen,geel kruiskwacht 2,geel kruiskwacht 2,6,flanders
620,2024,2,juvenile,04-06-2024_geel kruiskwacht 2,781F2ED8-0177-4D33-902F-C7DC87D7808E,13008,Geel,Antwerpen,geel kruiskwacht 2,geel kruiskwacht 2,6,flanders
621,2024,1435,larvae,04-06-2024_geel kruiskwacht 2,781F2ED8-0177-4D33-902F-C7DC87D7808E,13008,Geel,Antwerpen,geel kruiskwacht 2,geel kruiskwacht 2,6,flanders
622,2024,2,adult,04-06-2024_geel kruiskwacht 3,03D4A801-541C-48F7-86F0-F65BE5D1B246,13008,Geel,Antwerpen,geel kruiskwacht 3,geel kruiskwacht 3,5,flanders
623,2024,9,juvenile,04-06-2024_geel kruiskwacht 3,03D4A801-541C-48F7-86F0-F65BE5D1B246,13008,Geel,Antwerpen,geel kruiskwacht 3,geel kruiskwacht 3,5,flanders
624,2024,690,larvae,04-06-2024_geel kruiskwacht 3,03D4A801-541C-48F7-86F0-F65BE5D1B246,13008,Geel,Antwerpen,geel kruiskwacht 3,geel kruiskwacht 3,5,flanders
625,2024,8,adult,04-06-2024_griesbroek 6,03dc3f07-506f-4c71-bbcd-ad24c177cab5,13003,Balen,Antwerpen,griesbroek 6,griesbroek 6,21,flanders
626,2024,2,juvenile,04-06-2024_griesbroek 6,03dc3f07-506f-4c71-bbcd-ad24c177cab5,13003,Balen,Antwerpen,griesbroek 6,griesbroek 6,21,flanders
627,2024,18,larvae,04-06-2024_griesbroek 6,03dc3f07-506f-4c71-bbcd-ad24c177cab5,13003,Balen,Antwerpen,griesbroek 6,griesbroek 6,21,flanders
628,2025,1,adult,04-06-2025_bergebeek 1,A4760255-D2AE-4D89-BF0B-4E60ABC25410,12014,Heist-Op-Den-Berg,Antwerpen,bergebeek 1,bergebeek 1,10,flanders
629,2025,2,juvenile,04-06-2025_bergebeek 1,A4760255-D2AE-4D89-BF0B-4E60ABC25410,12014,Heist-Op-Den-Berg,Antwerpen,bergebeek 1,bergebeek 1,10,flanders
630,2025,172,larvae,04-06-2025_bergebeek 1,A4760255-D2AE-4D89-BF0B-4E60ABC25410,12014,Heist-Op-Den-Berg,Antwerpen,bergebeek 1,bergebeek 1,10,flanders
631,2025,0,adult,04-06-2025_bergebeek 2,E7E36A76-5373-4375-BE63-2EB245A510E2,12014,Heist-Op-Den-Berg,Antwerpen,bergebeek 2,bergebeek 2,12,flanders
632,2025,1,juvenile,04-06-2025_bergebeek 2,E7E36A76-5373-4375-BE63-2EB245A510E2,12014,Heist-Op-Den-Berg,Antwerpen,bergebeek 2,bergebeek 2,12,flanders
633,2025,88,larvae,04-06-2025_bergebeek 2,E7E36A76-5373-4375-BE63-2EB245A510E2,12014,Heist-Op-Den-Berg,Antwerpen,bergebeek 2,bergebeek 2,12,flanders
634,2012,1,adult,04-07-2012_arendonk 3,60e6e43e-6855-4917-a336-9ac46d087fad,13001,Arendonk,Antwerpen,NA,NA,6,flanders
635,2012,0,juvenile,04-07-2012_arendonk 3,60e6e43e-6855-4917-a336-9ac46d087fad,13001,Arendonk,Antwerpen,NA,NA,6,flanders
636,2012,113,larvae,04-07-2012_arendonk 3,60e6e43e-6855-4917-a336-9ac46d087fad,13001,Arendonk,Antwerpen,NA,NA,6,flanders
637,2014,0,adult,04-07-2014_driehoek,48fb261c-3f3a-4a95-9103-1e6822dae999,13014,Hoogstraten,Antwerpen,NA,NA,3,flanders
638,2014,0,juvenile,04-07-2014_driehoek,48fb261c-3f3a-4a95-9103-1e6822dae999,13014,Hoogstraten,Antwerpen,NA,NA,3,flanders
639,2014,183,larvae,04-07-2014_driehoek,48fb261c-3f3a-4a95-9103-1e6822dae999,13014,Hoogstraten,Antwerpen,NA,NA,3,flanders
640,2020,0,adult,04-07-2020_nijlen g2,a484323f-4a55-4cf1-affb-6b5870f769db,12021,Lier,Antwerpen,nijlen g2,nijlen g2,12,flanders
641,2020,0,juvenile,04-07-2020_nijlen g2,a484323f-4a55-4cf1-affb-6b5870f769db,12021,Lier,Antwerpen,nijlen g2,nijlen g2,12,flanders
642,2020,0,larvae,04-07-2020_nijlen g2,a484323f-4a55-4cf1-affb-6b5870f769db,12021,Lier,Antwerpen,nijlen g2,nijlen g2,12,flanders
643,2023,6,adult,04-07-2023_laakdal 16a,6390430e-5452-4bf9-9f99-97ad75bacf11,13053,Laakdal,Antwerpen,laakdal 16a,laakdal 16a,15,flanders
644,2023,0,juvenile,04-07-2023_laakdal 16a,6390430e-5452-4bf9-9f99-97ad75bacf11,13053,Laakdal,Antwerpen,laakdal 16a,laakdal 16a,15,flanders
645,2023,1,larvae,04-07-2023_laakdal 16a,6390430e-5452-4bf9-9f99-97ad75bacf11,13053,Laakdal,Antwerpen,laakdal 16a,laakdal 16a,15,flanders
646,2023,0,adult,04-07-2023_laakdal 16b,af15e2c5-8ad8-4f77-bc2c-8f1c6d18fc90,13053,Laakdal,Antwerpen,laakdal 16b,laakdal 16b,3,flanders
647,2023,0,juvenile,04-07-2023_laakdal 16b,af15e2c5-8ad8-4f77-bc2c-8f1c6d18fc90,13053,Laakdal,Antwerpen,laakdal 16b,laakdal 16b,3,flanders
648,2023,0,larvae,04-07-2023_laakdal 16b,af15e2c5-8ad8-4f77-bc2c-8f1c6d18fc90,13053,Laakdal,Antwerpen,laakdal 16b,laakdal 16b,3,flanders
649,2023,1,adult,04-07-2023_laakdal 39,E9E4CE1C-43A6-4817-96EB-873765AA5598,13053,Laakdal,Antwerpen,laakdal 39,laakdal 39,4,flanders
650,2023,7,juvenile,04-07-2023_laakdal 39,E9E4CE1C-43A6-4817-96EB-873765AA5598,13053,Laakdal,Antwerpen,laakdal 39,laakdal 39,4,flanders
651,2023,132,larvae,04-07-2023_laakdal 39,E9E4CE1C-43A6-4817-96EB-873765AA5598,13053,Laakdal,Antwerpen,laakdal 39,laakdal 39,4,flanders
652,2023,3,adult,04-07-2023_laakdal 41,3FF122FA-A234-4A59-B023-BF7A15813990,13053,Laakdal,Antwerpen,laakdal 41,laakdal 41,20,flanders
653,2023,15,juvenile,04-07-2023_laakdal 41,3FF122FA-A234-4A59-B023-BF7A15813990,13053,Laakdal,Antwerpen,laakdal 41,laakdal 41,20,flanders
654,2023,319,larvae,04-07-2023_laakdal 41,3FF122FA-A234-4A59-B023-BF7A15813990,13053,Laakdal,Antwerpen,laakdal 41,laakdal 41,20,flanders
655,2024,0,adult,04-07-2024_scheps 1,99b57d68-38ec-4f35-8d21-edaa375cf288,13003,Balen,Antwerpen,scheps 1,scheps 1,2,flanders
656,2024,1,juvenile,04-07-2024_scheps 1,99b57d68-38ec-4f35-8d21-edaa375cf288,13003,Balen,Antwerpen,scheps 1,scheps 1,2,flanders
657,2024,0,larvae,04-07-2024_scheps 1,99b57d68-38ec-4f35-8d21-edaa375cf288,13003,Balen,Antwerpen,scheps 1,scheps 1,2,flanders
658,2024,1,adult,04-07-2024_scheps 34,1095ed65-0f2b-45bf-8cc7-47537a7b1f00,13003,Balen,Antwerpen,scheps 34,scheps 34,15,flanders
659,2024,0,juvenile,04-07-2024_scheps 34,1095ed65-0f2b-45bf-8cc7-47537a7b1f00,13003,Balen,Antwerpen,scheps 34,scheps 34,15,flanders
660,2024,143,larvae,04-07-2024_scheps 34,1095ed65-0f2b-45bf-8cc7-47537a7b1f00,13003,Balen,Antwerpen,scheps 34,scheps 34,15,flanders
661,2024,2,adult,04-07-2024_scheps 39,E0BFF7E4-D0E2-44B4-A7FE-2DD211144B52,13003,Balen,Antwerpen,scheps 39,scheps 39,14,flanders
662,2024,0,juvenile,04-07-2024_scheps 39,E0BFF7E4-D0E2-44B4-A7FE-2DD211144B52,13003,Balen,Antwerpen,scheps 39,scheps 39,14,flanders
663,2024,2163,larvae,04-07-2024_scheps 39,E0BFF7E4-D0E2-44B4-A7FE-2DD211144B52,13003,Balen,Antwerpen,scheps 39,scheps 39,14,flanders
664,2024,1,adult,04-07-2024_scheps 41,89FF8F2D-DE88-49E0-95F6-D0EA5A15D42F,13003,Balen,Antwerpen,scheps 41,scheps 41,12,flanders
665,2024,0,juvenile,04-07-2024_scheps 41,89FF8F2D-DE88-49E0-95F6-D0EA5A15D42F,13003,Balen,Antwerpen,scheps 41,scheps 41,12,flanders
666,2024,0,larvae,04-07-2024_scheps 41,89FF8F2D-DE88-49E0-95F6-D0EA5A15D42F,13003,Balen,Antwerpen,scheps 41,scheps 41,12,flanders
667,2024,0,adult,04-07-2024_scheps 42,323F5909-B7D0-4A77-AC74-D9EF1DFB812A,13003,Balen,Antwerpen,scheps 42,scheps 42,10,flanders
668,2024,0,juvenile,04-07-2024_scheps 42,323F5909-B7D0-4A77-AC74-D9EF1DFB812A,13003,Balen,Antwerpen,scheps 42,scheps 42,10,flanders
669,2024,5,larvae,04-07-2024_scheps 42,323F5909-B7D0-4A77-AC74-D9EF1DFB812A,13003,Balen,Antwerpen,scheps 42,scheps 42,10,flanders
670,2025,0,adult,04-07-2025_anthei 0647,409E6558-5B68-4E45-AABC-50F507EF4595,12014,Heist-Op-Den-Berg,Antwerpen,anthei 0647,anthei 0647,4,flanders
671,2025,104,juvenile,04-07-2025_anthei 0647,409E6558-5B68-4E45-AABC-50F507EF4595,12014,Heist-Op-Den-Berg,Antwerpen,anthei 0647,anthei 0647,4,flanders
672,2025,1186,larvae,04-07-2025_anthei 0647,409E6558-5B68-4E45-AABC-50F507EF4595,12014,Heist-Op-Den-Berg,Antwerpen,anthei 0647,anthei 0647,4,flanders
673,2025,1,adult,04-07-2025_antlkd 301,14D1A8D1-8B52-4AC2-A3CE-8D419E44B1E6,13053,Laakdal,Antwerpen,antlkd 301,antlkd 301,2,flanders
674,2025,0,juvenile,04-07-2025_antlkd 301,14D1A8D1-8B52-4AC2-A3CE-8D419E44B1E6,13053,Laakdal,Antwerpen,antlkd 301,antlkd 301,2,flanders
675,2025,0,larvae,04-07-2025_antlkd 301,14D1A8D1-8B52-4AC2-A3CE-8D419E44B1E6,13053,Laakdal,Antwerpen,antlkd 301,antlkd 301,2,flanders
676,2025,0,adult,04-07-2025_bergebeek 5,D86F0049-5884-4570-BBEB-06BF1986CAC2,12014,Heist-Op-Den-Berg,Antwerpen,bergebeek 5,bergebeek 5,2,flanders
677,2025,90,juvenile,04-07-2025_bergebeek 5,D86F0049-5884-4570-BBEB-06BF1986CAC2,12014,Heist-Op-Den-Berg,Antwerpen,bergebeek 5,bergebeek 5,2,flanders
678,2025,400,larvae,04-07-2025_bergebeek 5,D86F0049-5884-4570-BBEB-06BF1986CAC2,12014,Heist-Op-Den-Berg,Antwerpen,bergebeek 5,bergebeek 5,2,flanders
679,2025,1,adult,04-07-2025_laakdal 16a,6390430e-5452-4bf9-9f99-97ad75bacf11,13053,Laakdal,Antwerpen,laakdal 16a,laakdal 16a,3,flanders
680,2025,0,juvenile,04-07-2025_laakdal 16a,6390430e-5452-4bf9-9f99-97ad75bacf11,13053,Laakdal,Antwerpen,laakdal 16a,laakdal 16a,3,flanders
681,2025,0,larvae,04-07-2025_laakdal 16a,6390430e-5452-4bf9-9f99-97ad75bacf11,13053,Laakdal,Antwerpen,laakdal 16a,laakdal 16a,3,flanders
682,2025,0,adult,04-07-2025_laakdal 29a,de83344d-e0f9-4f55-a1a8-78276efef1a7,13053,Laakdal,Antwerpen,laakdal 29a,laakdal 29a,2,flanders
683,2025,0,juvenile,04-07-2025_laakdal 29a,de83344d-e0f9-4f55-a1a8-78276efef1a7,13053,Laakdal,Antwerpen,laakdal 29a,laakdal 29a,2,flanders
684,2025,0,larvae,04-07-2025_laakdal 29a,de83344d-e0f9-4f55-a1a8-78276efef1a7,13053,Laakdal,Antwerpen,laakdal 29a,laakdal 29a,2,flanders
685,2025,0,adult,04-07-2025_laakdal 29b,111e5f0d-b25e-4ec8-aabf-0eeb6cd1d93b,13053,Laakdal,Antwerpen,laakdal 29b,laakdal 29b,2,flanders
686,2025,0,juvenile,04-07-2025_laakdal 29b,111e5f0d-b25e-4ec8-aabf-0eeb6cd1d93b,13053,Laakdal,Antwerpen,laakdal 29b,laakdal 29b,2,flanders
687,2025,0,larvae,04-07-2025_laakdal 29b,111e5f0d-b25e-4ec8-aabf-0eeb6cd1d93b,13053,Laakdal,Antwerpen,laakdal 29b,laakdal 29b,2,flanders
688,2025,1,adult,04-07-2025_laakdal 30c,e8165c62-451a-4d96-882f-468098023cc4,13053,Laakdal,Antwerpen,laakdal 30c,laakdal 30c,3,flanders
689,2025,0,juvenile,04-07-2025_laakdal 30c,e8165c62-451a-4d96-882f-468098023cc4,13053,Laakdal,Antwerpen,laakdal 30c,laakdal 30c,3,flanders
690,2025,0,larvae,04-07-2025_laakdal 30c,e8165c62-451a-4d96-882f-468098023cc4,13053,Laakdal,Antwerpen,laakdal 30c,laakdal 30c,3,flanders
691,2025,1,adult,04-07-2025_laakdal 42,CFE5F760-038E-4AFA-A19C-F41167BA5C06,13053,Laakdal,Antwerpen,laakdal 42,laakdal 42,4,flanders
692,2025,0,juvenile,04-07-2025_laakdal 42,CFE5F760-038E-4AFA-A19C-F41167BA5C06,13053,Laakdal,Antwerpen,laakdal 42,laakdal 42,4,flanders
693,2025,41,larvae,04-07-2025_laakdal 42,CFE5F760-038E-4AFA-A19C-F41167BA5C06,13053,Laakdal,Antwerpen,laakdal 42,laakdal 42,4,flanders
694,2011,0,adult,04-08-2011_arendonk 2,fbb3baeb-c846-444c-926e-02445e328b78,13001,Arendonk,Antwerpen,NA,NA,6,flanders
695,2011,5,juvenile,04-08-2011_arendonk 2,fbb3baeb-c846-444c-926e-02445e328b78,13001,Arendonk,Antwerpen,NA,NA,6,flanders
696,2011,219,larvae,04-08-2011_arendonk 2,fbb3baeb-c846-444c-926e-02445e328b78,13001,Arendonk,Antwerpen,NA,NA,6,flanders
697,2017,0,adult,04-08-2017_scheps 6,3f097ed2-a6e2-4db8-ab6d-eb411d610792,13003,Balen,Antwerpen,scheps 6,scheps 6,7,flanders
698,2017,0,juvenile,04-08-2017_scheps 6,3f097ed2-a6e2-4db8-ab6d-eb411d610792,13003,Balen,Antwerpen,scheps 6,scheps 6,7,flanders
699,2017,0,larvae,04-08-2017_scheps 6,3f097ed2-a6e2-4db8-ab6d-eb411d610792,13003,Balen,Antwerpen,scheps 6,scheps 6,7,flanders
700,2017,0,adult,04-08-2017_scheps 6,3f097ed2-a6e2-4db8-ab6d-eb411d610792,13003,Balen,Antwerpen,NA,NA,7,flanders
701,2017,1,juvenile,04-08-2017_scheps 6,3f097ed2-a6e2-4db8-ab6d-eb411d610792,13003,Balen,Antwerpen,NA,NA,7,flanders
702,2017,4,larvae,04-08-2017_scheps 6,3f097ed2-a6e2-4db8-ab6d-eb411d610792,13003,Balen,Antwerpen,NA,NA,7,flanders
703,2020,0,adult,04-08-2020_scheps 14,9b687d24-d067-476e-a99c-06ffa0eb3628,13003,Balen,Antwerpen,scheps 14,scheps 14,2,flanders
704,2020,0,juvenile,04-08-2020_scheps 14,9b687d24-d067-476e-a99c-06ffa0eb3628,13003,Balen,Antwerpen,scheps 14,scheps 14,2,flanders
705,2020,0,larvae,04-08-2020_scheps 14,9b687d24-d067-476e-a99c-06ffa0eb3628,13003,Balen,Antwerpen,scheps 14,scheps 14,2,flanders
706,2020,0,adult,04-08-2020_scheps 18,696dfa66-6654-40d7-b115-8aa065f74301,13003,Balen,Antwerpen,scheps 18,scheps 18,3,flanders
707,2020,0,juvenile,04-08-2020_scheps 18,696dfa66-6654-40d7-b115-8aa065f74301,13003,Balen,Antwerpen,scheps 18,scheps 18,3,flanders
708,2020,0,larvae,04-08-2020_scheps 18,696dfa66-6654-40d7-b115-8aa065f74301,13003,Balen,Antwerpen,scheps 18,scheps 18,3,flanders
709,2020,2,adult,04-08-2020_scheps 19b,a321d8fa-853f-4c3a-8c14-c1d649ea0e43,13003,Balen,Antwerpen,scheps 19b,scheps 19b,3,flanders
710,2020,1,juvenile,04-08-2020_scheps 19b,a321d8fa-853f-4c3a-8c14-c1d649ea0e43,13003,Balen,Antwerpen,scheps 19b,scheps 19b,3,flanders
711,2020,0,larvae,04-08-2020_scheps 19b,a321d8fa-853f-4c3a-8c14-c1d649ea0e43,13003,Balen,Antwerpen,scheps 19b,scheps 19b,3,flanders
712,2021,2,adult,04-08-2021_molse nete 27,13C21386-73BD-4394-BF8C-D621BB1AE140,13003,Balen,Antwerpen,molse nete 27,molse nete 27,4,flanders
713,2021,1,juvenile,04-08-2021_molse nete 27,13C21386-73BD-4394-BF8C-D621BB1AE140,13003,Balen,Antwerpen,molse nete 27,molse nete 27,4,flanders
714,2021,0,larvae,04-08-2021_molse nete 27,13C21386-73BD-4394-BF8C-D621BB1AE140,13003,Balen,Antwerpen,molse nete 27,molse nete 27,4,flanders
715,2021,0,adult,04-08-2021_molse nete 29,B58A0CA0-1DD3-4A71-B356-C088AF4BA385,13003,Balen,Antwerpen,molse nete 29,molse nete 29,4,flanders
716,2021,3,juvenile,04-08-2021_molse nete 29,B58A0CA0-1DD3-4A71-B356-C088AF4BA385,13003,Balen,Antwerpen,molse nete 29,molse nete 29,4,flanders
717,2021,0,larvae,04-08-2021_molse nete 29,B58A0CA0-1DD3-4A71-B356-C088AF4BA385,13003,Balen,Antwerpen,molse nete 29,molse nete 29,4,flanders
718,2021,0,adult,04-08-2021_nijlen b15,05c32330-fd8e-4e80-9ef6-57357d09ef38,12026,Nijlen,Antwerpen,nijlen b15,nijlen b15,5,flanders
719,2021,0,juvenile,04-08-2021_nijlen b15,05c32330-fd8e-4e80-9ef6-57357d09ef38,12026,Nijlen,Antwerpen,nijlen b15,nijlen b15,5,flanders
720,2021,0,larvae,04-08-2021_nijlen b15,05c32330-fd8e-4e80-9ef6-57357d09ef38,12026,Nijlen,Antwerpen,nijlen b15,nijlen b15,5,flanders
721,2021,0,adult,04-08-2021_nijlen b3b,023e2cd6-493c-4e24-bbe1-e03c9afdb0a1,12026,Nijlen,Antwerpen,nijlen b3b,nijlen b3b,4,flanders
722,2021,1,juvenile,04-08-2021_nijlen b3b,023e2cd6-493c-4e24-bbe1-e03c9afdb0a1,12026,Nijlen,Antwerpen,nijlen b3b,nijlen b3b,4,flanders
723,2021,0,larvae,04-08-2021_nijlen b3b,023e2cd6-493c-4e24-bbe1-e03c9afdb0a1,12026,Nijlen,Antwerpen,nijlen b3b,nijlen b3b,4,flanders
724,2021,0,adult,04-08-2021_scheps 1,99b57d68-38ec-4f35-8d21-edaa375cf288,13003,Balen,Antwerpen,scheps 1,scheps 1,2,flanders
725,2021,1,juvenile,04-08-2021_scheps 1,99b57d68-38ec-4f35-8d21-edaa375cf288,13003,Balen,Antwerpen,scheps 1,scheps 1,2,flanders
726,2021,0,larvae,04-08-2021_scheps 1,99b57d68-38ec-4f35-8d21-edaa375cf288,13003,Balen,Antwerpen,scheps 1,scheps 1,2,flanders
727,2021,0,adult,04-08-2021_scheps 12,0701b62d-8e2d-436c-a25d-fae9a6529871,13003,Balen,Antwerpen,scheps 12,scheps 12,6,flanders
728,2021,0,juvenile,04-08-2021_scheps 12,0701b62d-8e2d-436c-a25d-fae9a6529871,13003,Balen,Antwerpen,scheps 12,scheps 12,6,flanders
729,2021,0,larvae,04-08-2021_scheps 12,0701b62d-8e2d-436c-a25d-fae9a6529871,13003,Balen,Antwerpen,scheps 12,scheps 12,6,flanders
730,2021,0,adult,04-08-2021_scheps 18,696dfa66-6654-40d7-b115-8aa065f74301,13003,Balen,Antwerpen,scheps 18,scheps 18,5,flanders
731,2021,0,juvenile,04-08-2021_scheps 18,696dfa66-6654-40d7-b115-8aa065f74301,13003,Balen,Antwerpen,scheps 18,scheps 18,5,flanders
732,2021,0,larvae,04-08-2021_scheps 18,696dfa66-6654-40d7-b115-8aa065f74301,13003,Balen,Antwerpen,scheps 18,scheps 18,5,flanders
733,2021,0,adult,04-08-2021_scheps 27,ce6f91bc-f5ae-4e1c-82eb-1b8fdb47c18f,13003,Balen,Antwerpen,scheps 27,scheps 27,2,flanders
734,2021,0,juvenile,04-08-2021_scheps 27,ce6f91bc-f5ae-4e1c-82eb-1b8fdb47c18f,13003,Balen,Antwerpen,scheps 27,scheps 27,2,flanders
735,2021,0,larvae,04-08-2021_scheps 27,ce6f91bc-f5ae-4e1c-82eb-1b8fdb47c18f,13003,Balen,Antwerpen,scheps 27,scheps 27,2,flanders
736,2023,0,adult,04-08-2023_herselt 1,5AB89730-1687-4EC6-9E34-D6A23787BF75,13013,Herselt,Antwerpen,herselt 1,herselt 1,4,flanders
737,2023,0,juvenile,04-08-2023_herselt 1,5AB89730-1687-4EC6-9E34-D6A23787BF75,13013,Herselt,Antwerpen,herselt 1,herselt 1,4,flanders
738,2023,0,larvae,04-08-2023_herselt 1,5AB89730-1687-4EC6-9E34-D6A23787BF75,13013,Herselt,Antwerpen,herselt 1,herselt 1,4,flanders
739,2023,0,adult,04-08-2023_herselt 2,AAE5A83A-6590-4F17-AF25-0CAAC262AAB9,13013,Herselt,Antwerpen,herselt 2,herselt 2,4,flanders
740,2023,0,juvenile,04-08-2023_herselt 2,AAE5A83A-6590-4F17-AF25-0CAAC262AAB9,13013,Herselt,Antwerpen,herselt 2,herselt 2,4,flanders
741,2023,0,larvae,04-08-2023_herselt 2,AAE5A83A-6590-4F17-AF25-0CAAC262AAB9,13013,Herselt,Antwerpen,herselt 2,herselt 2,4,flanders
742,2023,0,adult,04-08-2023_herselt 8,3D6D580A-AB46-401F-8ABF-43001E535D3F,13013,Herselt,Antwerpen,herselt 8,herselt 8,18,flanders
743,2023,0,juvenile,04-08-2023_herselt 8,3D6D580A-AB46-401F-8ABF-43001E535D3F,13013,Herselt,Antwerpen,herselt 8,herselt 8,18,flanders
744,2023,8,larvae,04-08-2023_herselt 8,3D6D580A-AB46-401F-8ABF-43001E535D3F,13013,Herselt,Antwerpen,herselt 8,herselt 8,18,flanders
745,2018,0,adult,04-09-2018_arendonk 2,fbb3baeb-c846-444c-926e-02445e328b78,13001,Arendonk,Antwerpen,NA,NA,1,flanders
746,2018,0,juvenile,04-09-2018_arendonk 2,fbb3baeb-c846-444c-926e-02445e328b78,13001,Arendonk,Antwerpen,NA,NA,1,flanders
747,2018,496,larvae,04-09-2018_arendonk 2,fbb3baeb-c846-444c-926e-02445e328b78,13001,Arendonk,Antwerpen,NA,NA,1,flanders
748,2017,0,adult,04-10-2017_arendonk 2,fbb3baeb-c846-444c-926e-02445e328b78,13001,Arendonk,Antwerpen,NA,NA,8,flanders
749,2017,0,juvenile,04-10-2017_arendonk 2,fbb3baeb-c846-444c-926e-02445e328b78,13001,Arendonk,Antwerpen,NA,NA,8,flanders
750,2017,817,larvae,04-10-2017_arendonk 2,fbb3baeb-c846-444c-926e-02445e328b78,13001,Arendonk,Antwerpen,NA,NA,8,flanders
751,2015,0,adult,05-05-2015_arendonk 2,fbb3baeb-c846-444c-926e-02445e328b78,13001,Arendonk,Antwerpen,NA,NA,4,flanders
752,2015,0,juvenile,05-05-2015_arendonk 2,fbb3baeb-c846-444c-926e-02445e328b78,13001,Arendonk,Antwerpen,NA,NA,4,flanders
753,2015,870,larvae,05-05-2015_arendonk 2,fbb3baeb-c846-444c-926e-02445e328b78,13001,Arendonk,Antwerpen,NA,NA,4,flanders
754,2015,0,adult,05-05-2015_arendonk 3,60e6e43e-6855-4917-a336-9ac46d087fad,13001,Arendonk,Antwerpen,NA,NA,3,flanders
755,2015,9,juvenile,05-05-2015_arendonk 3,60e6e43e-6855-4917-a336-9ac46d087fad,13001,Arendonk,Antwerpen,NA,NA,3,flanders
756,2015,2,larvae,05-05-2015_arendonk 3,60e6e43e-6855-4917-a336-9ac46d087fad,13001,Arendonk,Antwerpen,NA,NA,3,flanders
757,2015,0,adult,05-05-2015_bospoel,bf074168-c09d-40a9-b321-59ce253aa461,13014,Hoogstraten,Antwerpen,NA,NA,3,flanders
758,2015,0,juvenile,05-05-2015_bospoel,bf074168-c09d-40a9-b321-59ce253aa461,13014,Hoogstraten,Antwerpen,NA,NA,3,flanders
759,2015,15,larvae,05-05-2015_bospoel,bf074168-c09d-40a9-b321-59ce253aa461,13014,Hoogstraten,Antwerpen,NA,NA,3,flanders
760,2021,1,adult,05-05-2021_griesbroek 6,03dc3f07-506f-4c71-bbcd-ad24c177cab5,13003,Balen,Antwerpen,griesbroek 6,griesbroek 6,8,flanders
761,2021,0,juvenile,05-05-2021_griesbroek 6,03dc3f07-506f-4c71-bbcd-ad24c177cab5,13003,Balen,Antwerpen,griesbroek 6,griesbroek 6,8,flanders
762,2021,437,larvae,05-05-2021_griesbroek 6,03dc3f07-506f-4c71-bbcd-ad24c177cab5,13003,Balen,Antwerpen,griesbroek 6,griesbroek 6,8,flanders
763,2012,0,adult,05-06-2012_bospoel,bf074168-c09d-40a9-b321-59ce253aa461,13014,Hoogstraten,Antwerpen,NA,NA,1,flanders
764,2012,0,juvenile,05-06-2012_bospoel,bf074168-c09d-40a9-b321-59ce253aa461,13014,Hoogstraten,Antwerpen,NA,NA,1,flanders
765,2012,2,larvae,05-06-2012_bospoel,bf074168-c09d-40a9-b321-59ce253aa461,13014,Hoogstraten,Antwerpen,NA,NA,1,flanders
766,2012,1,adult,05-06-2012_driehoek,48fb261c-3f3a-4a95-9103-1e6822dae999,13014,Hoogstraten,Antwerpen,NA,NA,2,flanders
767,2012,0,juvenile,05-06-2012_driehoek,48fb261c-3f3a-4a95-9103-1e6822dae999,13014,Hoogstraten,Antwerpen,NA,NA,2,flanders
768,2012,1,larvae,05-06-2012_driehoek,48fb261c-3f3a-4a95-9103-1e6822dae999,13014,Hoogstraten,Antwerpen,NA,NA,2,flanders
769,2013,0,adult,05-06-2013_driehoek,48fb261c-3f3a-4a95-9103-1e6822dae999,13014,Hoogstraten,Antwerpen,NA,NA,2,flanders
770,2013,0,juvenile,05-06-2013_driehoek,48fb261c-3f3a-4a95-9103-1e6822dae999,13014,Hoogstraten,Antwerpen,NA,NA,2,flanders
771,2013,20,larvae,05-06-2013_driehoek,48fb261c-3f3a-4a95-9103-1e6822dae999,13014,Hoogstraten,Antwerpen,NA,NA,2,flanders
772,2014,0,adult,05-06-2014_arendonk 2,fbb3baeb-c846-444c-926e-02445e328b78,13001,Arendonk,Antwerpen,NA,NA,4,flanders
773,2014,0,juvenile,05-06-2014_arendonk 2,fbb3baeb-c846-444c-926e-02445e328b78,13001,Arendonk,Antwerpen,NA,NA,4,flanders
774,2014,206,larvae,05-06-2014_arendonk 2,fbb3baeb-c846-444c-926e-02445e328b78,13001,Arendonk,Antwerpen,NA,NA,4,flanders
775,2020,1,adult,05-06-2020_nijlen b10,554e3c11-e529-4b0b-a162-714c72d3547e,12026,Nijlen,Antwerpen,nijlen b10,nijlen b10,4,flanders
776,2020,17,juvenile,05-06-2020_nijlen b10,554e3c11-e529-4b0b-a162-714c72d3547e,12026,Nijlen,Antwerpen,nijlen b10,nijlen b10,4,flanders
777,2020,23,larvae,05-06-2020_nijlen b10,554e3c11-e529-4b0b-a162-714c72d3547e,12026,Nijlen,Antwerpen,nijlen b10,nijlen b10,4,flanders
778,2020,0,adult,05-06-2020_nijlen b11,602c47a6-7c4a-46b9-b481-921731880571,12026,Nijlen,Antwerpen,nijlen b11,nijlen b11,3,flanders
779,2020,0,juvenile,05-06-2020_nijlen b11,602c47a6-7c4a-46b9-b481-921731880571,12026,Nijlen,Antwerpen,nijlen b11,nijlen b11,3,flanders
780,2020,384,larvae,05-06-2020_nijlen b11,602c47a6-7c4a-46b9-b481-921731880571,12026,Nijlen,Antwerpen,nijlen b11,nijlen b11,3,flanders
781,2020,0,adult,05-06-2020_nijlen b12,c4835169-0734-46cd-a891-d49de970ef45,12026,Nijlen,Antwerpen,nijlen b12,nijlen b12,1,flanders
782,2020,0,juvenile,05-06-2020_nijlen b12,c4835169-0734-46cd-a891-d49de970ef45,12026,Nijlen,Antwerpen,nijlen b12,nijlen b12,1,flanders
783,2020,0,larvae,05-06-2020_nijlen b12,c4835169-0734-46cd-a891-d49de970ef45,12026,Nijlen,Antwerpen,nijlen b12,nijlen b12,1,flanders
784,2021,6,adult,05-06-2021_griesbroek 6,03dc3f07-506f-4c71-bbcd-ad24c177cab5,13003,Balen,Antwerpen,griesbroek 6,griesbroek 6,6,flanders
785,2021,2,juvenile,05-06-2021_griesbroek 6,03dc3f07-506f-4c71-bbcd-ad24c177cab5,13003,Balen,Antwerpen,griesbroek 6,griesbroek 6,6,flanders
786,2021,60,larvae,05-06-2021_griesbroek 6,03dc3f07-506f-4c71-bbcd-ad24c177cab5,13003,Balen,Antwerpen,griesbroek 6,griesbroek 6,6,flanders
787,2021,10,adult,05-06-2021_laakdal 41,3FF122FA-A234-4A59-B023-BF7A15813990,13053,Laakdal,Antwerpen,laakdal 41,laakdal 41,9,flanders
788,2021,0,juvenile,05-06-2021_laakdal 41,3FF122FA-A234-4A59-B023-BF7A15813990,13053,Laakdal,Antwerpen,laakdal 41,laakdal 41,9,flanders
789,2021,753,larvae,05-06-2021_laakdal 41,3FF122FA-A234-4A59-B023-BF7A15813990,13053,Laakdal,Antwerpen,laakdal 41,laakdal 41,9,flanders
790,2021,0,adult,05-06-2021_nijlen h1,e4967c07-aaa3-4aa5-9ba6-54322313066c,12021,Lier,Antwerpen,nijlen h1,nijlen h1,8,flanders
791,2021,0,juvenile,05-06-2021_nijlen h1,e4967c07-aaa3-4aa5-9ba6-54322313066c,12021,Lier,Antwerpen,nijlen h1,nijlen h1,8,flanders
792,2021,0,larvae,05-06-2021_nijlen h1,e4967c07-aaa3-4aa5-9ba6-54322313066c,12021,Lier,Antwerpen,nijlen h1,nijlen h1,8,flanders
793,2022,8,adult,05-06-2022_meerhout 14,2AB1C866-FD95-4691-A764-F45063561D06,13008,Geel,Antwerpen,meerhout 14,meerhout 14,30,flanders
794,2022,16,juvenile,05-06-2022_meerhout 14,2AB1C866-FD95-4691-A764-F45063561D06,13008,Geel,Antwerpen,meerhout 14,meerhout 14,30,flanders
795,2022,1584,larvae,05-06-2022_meerhout 14,2AB1C866-FD95-4691-A764-F45063561D06,13008,Geel,Antwerpen,meerhout 14,meerhout 14,30,flanders
796,2024,0,adult,05-06-2024_arendonk 2,fbb3baeb-c846-444c-926e-02445e328b78,13001,Arendonk,Antwerpen,arendonk 2,arendonk 2,20,flanders
797,2024,0,juvenile,05-06-2024_arendonk 2,fbb3baeb-c846-444c-926e-02445e328b78,13001,Arendonk,Antwerpen,arendonk 2,arendonk 2,20,flanders
798,2024,0,larvae,05-06-2024_arendonk 2,fbb3baeb-c846-444c-926e-02445e328b78,13001,Arendonk,Antwerpen,arendonk 2,arendonk 2,20,flanders
799,2024,2,adult,05-06-2024_bel 1,E889F226-84B5-499E-A73B-A5DF719C540C,13008,Geel,Antwerpen,bel 1,bel 1,15,flanders
800,2024,0,juvenile,05-06-2024_bel 1,E889F226-84B5-499E-A73B-A5DF719C540C,13008,Geel,Antwerpen,bel 1,bel 1,15,flanders
801,2024,3384,larvae,05-06-2024_bel 1,E889F226-84B5-499E-A73B-A5DF719C540C,13008,Geel,Antwerpen,bel 1,bel 1,15,flanders
802,2024,0,adult,05-06-2024_geel kruiskwacht 2,781F2ED8-0177-4D33-902F-C7DC87D7808E,13008,Geel,Antwerpen,geel kruiskwacht 2,geel kruiskwacht 2,6,flanders
803,2024,1,juvenile,05-06-2024_geel kruiskwacht 2,781F2ED8-0177-4D33-902F-C7DC87D7808E,13008,Geel,Antwerpen,geel kruiskwacht 2,geel kruiskwacht 2,6,flanders
804,2024,391,larvae,05-06-2024_geel kruiskwacht 2,781F2ED8-0177-4D33-902F-C7DC87D7808E,13008,Geel,Antwerpen,geel kruiskwacht 2,geel kruiskwacht 2,6,flanders
805,2024,4,adult,05-06-2024_geel kruiskwacht 3,03D4A801-541C-48F7-86F0-F65BE5D1B246,13008,Geel,Antwerpen,geel kruiskwacht 3,geel kruiskwacht 3,7,flanders
806,2024,12,juvenile,05-06-2024_geel kruiskwacht 3,03D4A801-541C-48F7-86F0-F65BE5D1B246,13008,Geel,Antwerpen,geel kruiskwacht 3,geel kruiskwacht 3,7,flanders
807,2024,365,larvae,05-06-2024_geel kruiskwacht 3,03D4A801-541C-48F7-86F0-F65BE5D1B246,13008,Geel,Antwerpen,geel kruiskwacht 3,geel kruiskwacht 3,7,flanders
808,2024,8,adult,05-06-2024_griesbroek 6,03dc3f07-506f-4c71-bbcd-ad24c177cab5,13003,Balen,Antwerpen,griesbroek 6,griesbroek 6,21,flanders
809,2024,2,juvenile,05-06-2024_griesbroek 6,03dc3f07-506f-4c71-bbcd-ad24c177cab5,13003,Balen,Antwerpen,griesbroek 6,griesbroek 6,21,flanders
810,2024,9,larvae,05-06-2024_griesbroek 6,03dc3f07-506f-4c71-bbcd-ad24c177cab5,13003,Balen,Antwerpen,griesbroek 6,griesbroek 6,21,flanders
811,2025,0,adult,05-06-2025_antrav 0230,06F4189A-568F-47F3-9D4C-26980122BBDA,13035,Ravels,Antwerpen,antrav 0230,antrav 0230,10,flanders
812,2025,0,juvenile,05-06-2025_antrav 0230,06F4189A-568F-47F3-9D4C-26980122BBDA,13035,Ravels,Antwerpen,antrav 0230,antrav 0230,10,flanders
813,2025,0,larvae,05-06-2025_antrav 0230,06F4189A-568F-47F3-9D4C-26980122BBDA,13035,Ravels,Antwerpen,antrav 0230,antrav 0230,10,flanders
814,2025,1,adult,05-06-2025_bergebeek 1,A4760255-D2AE-4D89-BF0B-4E60ABC25410,12014,Heist-Op-Den-Berg,Antwerpen,bergebeek 1,bergebeek 1,10,flanders
815,2025,1,juvenile,05-06-2025_bergebeek 1,A4760255-D2AE-4D89-BF0B-4E60ABC25410,12014,Heist-Op-Den-Berg,Antwerpen,bergebeek 1,bergebeek 1,10,flanders
816,2025,188,larvae,05-06-2025_bergebeek 1,A4760255-D2AE-4D89-BF0B-4E60ABC25410,12014,Heist-Op-Den-Berg,Antwerpen,bergebeek 1,bergebeek 1,10,flanders
817,2025,0,adult,05-06-2025_bergebeek 2,E7E36A76-5373-4375-BE63-2EB245A510E2,12014,Heist-Op-Den-Berg,Antwerpen,bergebeek 2,bergebeek 2,12,flanders
818,2025,0,juvenile,05-06-2025_bergebeek 2,E7E36A76-5373-4375-BE63-2EB245A510E2,12014,Heist-Op-Den-Berg,Antwerpen,bergebeek 2,bergebeek 2,12,flanders
819,2025,50,larvae,05-06-2025_bergebeek 2,E7E36A76-5373-4375-BE63-2EB245A510E2,12014,Heist-Op-Den-Berg,Antwerpen,bergebeek 2,bergebeek 2,12,flanders
820,2010,3,adult,05-07-2010_driehoek,48fb261c-3f3a-4a95-9103-1e6822dae999,13014,Hoogstraten,Antwerpen,NA,NA,1,flanders
821,2010,0,juvenile,05-07-2010_driehoek,48fb261c-3f3a-4a95-9103-1e6822dae999,13014,Hoogstraten,Antwerpen,NA,NA,1,flanders
822,2010,0,larvae,05-07-2010_driehoek,48fb261c-3f3a-4a95-9103-1e6822dae999,13014,Hoogstraten,Antwerpen,NA,NA,1,flanders
823,2012,1,adult,05-07-2012_arendonk 3,60e6e43e-6855-4917-a336-9ac46d087fad,13001,Arendonk,Antwerpen,NA,NA,6,flanders
824,2012,0,juvenile,05-07-2012_arendonk 3,60e6e43e-6855-4917-a336-9ac46d087fad,13001,Arendonk,Antwerpen,NA,NA,6,flanders
825,2012,82,larvae,05-07-2012_arendonk 3,60e6e43e-6855-4917-a336-9ac46d087fad,13001,Arendonk,Antwerpen,NA,NA,6,flanders
826,2017,1,adult,05-07-2017_scheps 6,3f097ed2-a6e2-4db8-ab6d-eb411d610792,13003,Balen,Antwerpen,NA,NA,5,flanders
827,2017,5,juvenile,05-07-2017_scheps 6,3f097ed2-a6e2-4db8-ab6d-eb411d610792,13003,Balen,Antwerpen,NA,NA,5,flanders
828,2017,102,larvae,05-07-2017_scheps 6,3f097ed2-a6e2-4db8-ab6d-eb411d610792,13003,Balen,Antwerpen,NA,NA,5,flanders
829,2022,0,adult,05-07-2022_herselt 28,99BDEF54-B094-4E05-95DD-CA9ACB03CC39,13013,Herselt,Antwerpen,herselt 28,herselt 28,20,flanders
830,2022,0,juvenile,05-07-2022_herselt 28,99BDEF54-B094-4E05-95DD-CA9ACB03CC39,13013,Herselt,Antwerpen,herselt 28,herselt 28,20,flanders
831,2022,0,larvae,05-07-2022_herselt 28,99BDEF54-B094-4E05-95DD-CA9ACB03CC39,13013,Herselt,Antwerpen,herselt 28,herselt 28,20,flanders
832,2022,0,adult,05-07-2022_laakdal 30b,92777d67-9553-48cc-b78e-2f8325715769,13053,Laakdal,Antwerpen,laakdal 30b,laakdal 30b,2,flanders
833,2022,0,juvenile,05-07-2022_laakdal 30b,92777d67-9553-48cc-b78e-2f8325715769,13053,Laakdal,Antwerpen,laakdal 30b,laakdal 30b,2,flanders
834,2022,1,larvae,05-07-2022_laakdal 30b,92777d67-9553-48cc-b78e-2f8325715769,13053,Laakdal,Antwerpen,laakdal 30b,laakdal 30b,2,flanders
835,2022,2,adult,05-07-2022_laakdal 30c,e8165c62-451a-4d96-882f-468098023cc4,13053,Laakdal,Antwerpen,laakdal 30c,laakdal 30c,7,flanders
836,2022,0,juvenile,05-07-2022_laakdal 30c,e8165c62-451a-4d96-882f-468098023cc4,13053,Laakdal,Antwerpen,laakdal 30c,laakdal 30c,7,flanders
837,2022,0,larvae,05-07-2022_laakdal 30c,e8165c62-451a-4d96-882f-468098023cc4,13053,Laakdal,Antwerpen,laakdal 30c,laakdal 30c,7,flanders
838,2022,2,adult,05-07-2022_laakdal 32c,8dd8b062-2159-4ffb-bb54-2902bcaf4652,13053,Laakdal,Antwerpen,laakdal 32c,laakdal 32c,9,flanders
839,2022,0,juvenile,05-07-2022_laakdal 32c,8dd8b062-2159-4ffb-bb54-2902bcaf4652,13053,Laakdal,Antwerpen,laakdal 32c,laakdal 32c,9,flanders
840,2022,0,larvae,05-07-2022_laakdal 32c,8dd8b062-2159-4ffb-bb54-2902bcaf4652,13053,Laakdal,Antwerpen,laakdal 32c,laakdal 32c,9,flanders
841,2023,2,adult,05-07-2023_laakdal 16a,6390430e-5452-4bf9-9f99-97ad75bacf11,13053,Laakdal,Antwerpen,laakdal 16a,laakdal 16a,15,flanders
842,2023,0,juvenile,05-07-2023_laakdal 16a,6390430e-5452-4bf9-9f99-97ad75bacf11,13053,Laakdal,Antwerpen,laakdal 16a,laakdal 16a,15,flanders
843,2023,0,larvae,05-07-2023_laakdal 16a,6390430e-5452-4bf9-9f99-97ad75bacf11,13053,Laakdal,Antwerpen,laakdal 16a,laakdal 16a,15,flanders
844,2023,0,adult,05-07-2023_laakdal 16b,af15e2c5-8ad8-4f77-bc2c-8f1c6d18fc90,13053,Laakdal,Antwerpen,laakdal 16b,laakdal 16b,3,flanders
845,2023,0,juvenile,05-07-2023_laakdal 16b,af15e2c5-8ad8-4f77-bc2c-8f1c6d18fc90,13053,Laakdal,Antwerpen,laakdal 16b,laakdal 16b,3,flanders
846,2023,0,larvae,05-07-2023_laakdal 16b,af15e2c5-8ad8-4f77-bc2c-8f1c6d18fc90,13053,Laakdal,Antwerpen,laakdal 16b,laakdal 16b,3,flanders
847,2023,0,adult,05-07-2023_laakdal 39,E9E4CE1C-43A6-4817-96EB-873765AA5598,13053,Laakdal,Antwerpen,laakdal 39,laakdal 39,4,flanders
848,2023,5,juvenile,05-07-2023_laakdal 39,E9E4CE1C-43A6-4817-96EB-873765AA5598,13053,Laakdal,Antwerpen,laakdal 39,laakdal 39,4,flanders
849,2023,64,larvae,05-07-2023_laakdal 39,E9E4CE1C-43A6-4817-96EB-873765AA5598,13053,Laakdal,Antwerpen,laakdal 39,laakdal 39,4,flanders
850,2023,4,adult,05-07-2023_laakdal 41,3FF122FA-A234-4A59-B023-BF7A15813990,13053,Laakdal,Antwerpen,laakdal 41,laakdal 41,20,flanders
851,2023,29,juvenile,05-07-2023_laakdal 41,3FF122FA-A234-4A59-B023-BF7A15813990,13053,Laakdal,Antwerpen,laakdal 41,laakdal 41,20,flanders
852,2023,295,larvae,05-07-2023_laakdal 41,3FF122FA-A234-4A59-B023-BF7A15813990,13053,Laakdal,Antwerpen,laakdal 41,laakdal 41,20,flanders
853,2024,0,adult,05-07-2024_scheps 1,99b57d68-38ec-4f35-8d21-edaa375cf288,13003,Balen,Antwerpen,scheps 1,scheps 1,2,flanders
854,2024,0,juvenile,05-07-2024_scheps 1,99b57d68-38ec-4f35-8d21-edaa375cf288,13003,Balen,Antwerpen,scheps 1,scheps 1,2,flanders
855,2024,0,larvae,05-07-2024_scheps 1,99b57d68-38ec-4f35-8d21-edaa375cf288,13003,Balen,Antwerpen,scheps 1,scheps 1,2,flanders
856,2024,0,adult,05-07-2024_scheps 34,1095ed65-0f2b-45bf-8cc7-47537a7b1f00,13003,Balen,Antwerpen,scheps 34,scheps 34,15,flanders
857,2024,1,juvenile,05-07-2024_scheps 34,1095ed65-0f2b-45bf-8cc7-47537a7b1f00,13003,Balen,Antwerpen,scheps 34,scheps 34,15,flanders
858,2024,115,larvae,05-07-2024_scheps 34,1095ed65-0f2b-45bf-8cc7-47537a7b1f00,13003,Balen,Antwerpen,scheps 34,scheps 34,15,flanders
859,2024,0,adult,05-07-2024_scheps 39,E0BFF7E4-D0E2-44B4-A7FE-2DD211144B52,13003,Balen,Antwerpen,scheps 39,scheps 39,15,flanders
860,2024,1,juvenile,05-07-2024_scheps 39,E0BFF7E4-D0E2-44B4-A7FE-2DD211144B52,13003,Balen,Antwerpen,scheps 39,scheps 39,15,flanders
861,2024,1981,larvae,05-07-2024_scheps 39,E0BFF7E4-D0E2-44B4-A7FE-2DD211144B52,13003,Balen,Antwerpen,scheps 39,scheps 39,15,flanders
862,2024,1,adult,05-07-2024_scheps 41,89FF8F2D-DE88-49E0-95F6-D0EA5A15D42F,13003,Balen,Antwerpen,scheps 41,scheps 41,12,flanders
863,2024,0,juvenile,05-07-2024_scheps 41,89FF8F2D-DE88-49E0-95F6-D0EA5A15D42F,13003,Balen,Antwerpen,scheps 41,scheps 41,12,flanders
864,2024,3,larvae,05-07-2024_scheps 41,89FF8F2D-DE88-49E0-95F6-D0EA5A15D42F,13003,Balen,Antwerpen,scheps 41,scheps 41,12,flanders
865,2024,0,adult,05-07-2024_scheps 42,323F5909-B7D0-4A77-AC74-D9EF1DFB812A,13003,Balen,Antwerpen,scheps 42,scheps 42,10,flanders
866,2024,0,juvenile,05-07-2024_scheps 42,323F5909-B7D0-4A77-AC74-D9EF1DFB812A,13003,Balen,Antwerpen,scheps 42,scheps 42,10,flanders
867,2024,1,larvae,05-07-2024_scheps 42,323F5909-B7D0-4A77-AC74-D9EF1DFB812A,13003,Balen,Antwerpen,scheps 42,scheps 42,10,flanders
868,2011,0,adult,05-08-2011_arendonk 2,fbb3baeb-c846-444c-926e-02445e328b78,13001,Arendonk,Antwerpen,NA,NA,6,flanders
869,2011,1,juvenile,05-08-2011_arendonk 2,fbb3baeb-c846-444c-926e-02445e328b78,13001,Arendonk,Antwerpen,NA,NA,6,flanders
870,2011,115,larvae,05-08-2011_arendonk 2,fbb3baeb-c846-444c-926e-02445e328b78,13001,Arendonk,Antwerpen,NA,NA,6,flanders
871,2014,0,adult,05-08-2014_driehoek,48fb261c-3f3a-4a95-9103-1e6822dae999,13014,Hoogstraten,Antwerpen,NA,NA,3,flanders
872,2014,0,juvenile,05-08-2014_driehoek,48fb261c-3f3a-4a95-9103-1e6822dae999,13014,Hoogstraten,Antwerpen,NA,NA,3,flanders
873,2014,17,larvae,05-08-2014_driehoek,48fb261c-3f3a-4a95-9103-1e6822dae999,13014,Hoogstraten,Antwerpen,NA,NA,3,flanders
874,2020,0,adult,05-08-2020_scheps 12,0701b62d-8e2d-436c-a25d-fae9a6529871,13003,Balen,Antwerpen,scheps 12,scheps 12,2,flanders
875,2020,1,juvenile,05-08-2020_scheps 12,0701b62d-8e2d-436c-a25d-fae9a6529871,13003,Balen,Antwerpen,scheps 12,scheps 12,2,flanders
876,2020,0,larvae,05-08-2020_scheps 12,0701b62d-8e2d-436c-a25d-fae9a6529871,13003,Balen,Antwerpen,scheps 12,scheps 12,2,flanders
877,2020,0,adult,05-08-2020_scheps 18,696dfa66-6654-40d7-b115-8aa065f74301,13003,Balen,Antwerpen,scheps 18,scheps 18,3,flanders
878,2020,0,juvenile,05-08-2020_scheps 18,696dfa66-6654-40d7-b115-8aa065f74301,13003,Balen,Antwerpen,scheps 18,scheps 18,3,flanders
879,2020,0,larvae,05-08-2020_scheps 18,696dfa66-6654-40d7-b115-8aa065f74301,13003,Balen,Antwerpen,scheps 18,scheps 18,3,flanders
880,2020,1,adult,05-08-2020_scheps 19b,a321d8fa-853f-4c3a-8c14-c1d649ea0e43,13003,Balen,Antwerpen,scheps 19b,scheps 19b,3,flanders
881,2020,3,juvenile,05-08-2020_scheps 19b,a321d8fa-853f-4c3a-8c14-c1d649ea0e43,13003,Balen,Antwerpen,scheps 19b,scheps 19b,3,flanders
882,2020,0,larvae,05-08-2020_scheps 19b,a321d8fa-853f-4c3a-8c14-c1d649ea0e43,13003,Balen,Antwerpen,scheps 19b,scheps 19b,3,flanders
883,2021,3,adult,05-08-2021_molse nete 27,13C21386-73BD-4394-BF8C-D621BB1AE140,13003,Balen,Antwerpen,molse nete 27,molse nete 27,4,flanders
884,2021,1,juvenile,05-08-2021_molse nete 27,13C21386-73BD-4394-BF8C-D621BB1AE140,13003,Balen,Antwerpen,molse nete 27,molse nete 27,4,flanders
885,2021,0,larvae,05-08-2021_molse nete 27,13C21386-73BD-4394-BF8C-D621BB1AE140,13003,Balen,Antwerpen,molse nete 27,molse nete 27,4,flanders
886,2021,0,adult,05-08-2021_molse nete 29,B58A0CA0-1DD3-4A71-B356-C088AF4BA385,13003,Balen,Antwerpen,molse nete 29,molse nete 29,4,flanders
887,2021,1,juvenile,05-08-2021_molse nete 29,B58A0CA0-1DD3-4A71-B356-C088AF4BA385,13003,Balen,Antwerpen,molse nete 29,molse nete 29,4,flanders
888,2021,0,larvae,05-08-2021_molse nete 29,B58A0CA0-1DD3-4A71-B356-C088AF4BA385,13003,Balen,Antwerpen,molse nete 29,molse nete 29,4,flanders
889,2021,0,adult,05-08-2021_nijlen b15,05c32330-fd8e-4e80-9ef6-57357d09ef38,12026,Nijlen,Antwerpen,nijlen b15,nijlen b15,5,flanders
890,2021,0,juvenile,05-08-2021_nijlen b15,05c32330-fd8e-4e80-9ef6-57357d09ef38,12026,Nijlen,Antwerpen,nijlen b15,nijlen b15,5,flanders
891,2021,0,larvae,05-08-2021_nijlen b15,05c32330-fd8e-4e80-9ef6-57357d09ef38,12026,Nijlen,Antwerpen,nijlen b15,nijlen b15,5,flanders
892,2021,0,adult,05-08-2021_nijlen b3b,023e2cd6-493c-4e24-bbe1-e03c9afdb0a1,12026,Nijlen,Antwerpen,nijlen b3b,nijlen b3b,4,flanders
893,2021,0,juvenile,05-08-2021_nijlen b3b,023e2cd6-493c-4e24-bbe1-e03c9afdb0a1,12026,Nijlen,Antwerpen,nijlen b3b,nijlen b3b,4,flanders
894,2021,0,larvae,05-08-2021_nijlen b3b,023e2cd6-493c-4e24-bbe1-e03c9afdb0a1,12026,Nijlen,Antwerpen,nijlen b3b,nijlen b3b,4,flanders
895,2021,1,adult,05-08-2021_scheps 1,99b57d68-38ec-4f35-8d21-edaa375cf288,13003,Balen,Antwerpen,scheps 1,scheps 1,2,flanders
896,2021,2,juvenile,05-08-2021_scheps 1,99b57d68-38ec-4f35-8d21-edaa375cf288,13003,Balen,Antwerpen,scheps 1,scheps 1,2,flanders
897,2021,0,larvae,05-08-2021_scheps 1,99b57d68-38ec-4f35-8d21-edaa375cf288,13003,Balen,Antwerpen,scheps 1,scheps 1,2,flanders
898,2021,0,adult,05-08-2021_scheps 12,0701b62d-8e2d-436c-a25d-fae9a6529871,13003,Balen,Antwerpen,scheps 12,scheps 12,6,flanders
899,2021,0,juvenile,05-08-2021_scheps 12,0701b62d-8e2d-436c-a25d-fae9a6529871,13003,Balen,Antwerpen,scheps 12,scheps 12,6,flanders
900,2021,0,larvae,05-08-2021_scheps 12,0701b62d-8e2d-436c-a25d-fae9a6529871,13003,Balen,Antwerpen,scheps 12,scheps 12,6,flanders
901,2021,0,adult,05-08-2021_scheps 18,696dfa66-6654-40d7-b115-8aa065f74301,13003,Balen,Antwerpen,scheps 18,scheps 18,5,flanders
902,2021,0,juvenile,05-08-2021_scheps 18,696dfa66-6654-40d7-b115-8aa065f74301,13003,Balen,Antwerpen,scheps 18,scheps 18,5,flanders
903,2021,0,larvae,05-08-2021_scheps 18,696dfa66-6654-40d7-b115-8aa065f74301,13003,Balen,Antwerpen,scheps 18,scheps 18,5,flanders
904,2021,0,adult,05-08-2021_scheps 27,ce6f91bc-f5ae-4e1c-82eb-1b8fdb47c18f,13003,Balen,Antwerpen,scheps 27,scheps 27,2,flanders
905,2021,0,juvenile,05-08-2021_scheps 27,ce6f91bc-f5ae-4e1c-82eb-1b8fdb47c18f,13003,Balen,Antwerpen,scheps 27,scheps 27,2,flanders
906,2021,0,larvae,05-08-2021_scheps 27,ce6f91bc-f5ae-4e1c-82eb-1b8fdb47c18f,13003,Balen,Antwerpen,scheps 27,scheps 27,2,flanders
907,2018,0,adult,05-09-2018_arendonk 2,fbb3baeb-c846-444c-926e-02445e328b78,13001,Arendonk,Antwerpen,NA,NA,1,flanders
908,2018,0,juvenile,05-09-2018_arendonk 2,fbb3baeb-c846-444c-926e-02445e328b78,13001,Arendonk,Antwerpen,NA,NA,1,flanders
909,2018,516,larvae,05-09-2018_arendonk 2,fbb3baeb-c846-444c-926e-02445e328b78,13001,Arendonk,Antwerpen,NA,NA,1,flanders
910,2018,0,adult,05-09-2018_nijlen b10,554e3c11-e529-4b0b-a162-714c72d3547e,12026,Nijlen,Antwerpen,NA,NA,2,flanders
911,2018,0,juvenile,05-09-2018_nijlen b10,554e3c11-e529-4b0b-a162-714c72d3547e,12026,Nijlen,Antwerpen,NA,NA,2,flanders
912,2018,1120,larvae,05-09-2018_nijlen b10,554e3c11-e529-4b0b-a162-714c72d3547e,12026,Nijlen,Antwerpen,NA,NA,2,flanders
913,2018,0,adult,05-09-2018_nijlen c12,66f391c6-4279-47d6-b73f-b2f633d0a318,12021,Lier,Antwerpen,nijlen c12,nijlen c12,1,flanders
914,2018,0,juvenile,05-09-2018_nijlen c12,66f391c6-4279-47d6-b73f-b2f633d0a318,12021,Lier,Antwerpen,nijlen c12,nijlen c12,1,flanders
915,2018,2,larvae,05-09-2018_nijlen c12,66f391c6-4279-47d6-b73f-b2f633d0a318,12021,Lier,Antwerpen,nijlen c12,nijlen c12,1,flanders
916,2018,0,adult,05-09-2018_nijlen d3,01c64427-44d5-497c-bbdc-dbff8b1c8dc7,12021,Lier,Antwerpen,NA,NA,1,flanders
917,2018,0,juvenile,05-09-2018_nijlen d3,01c64427-44d5-497c-bbdc-dbff8b1c8dc7,12021,Lier,Antwerpen,NA,NA,1,flanders
918,2018,1,larvae,05-09-2018_nijlen d3,01c64427-44d5-497c-bbdc-dbff8b1c8dc7,12021,Lier,Antwerpen,NA,NA,1,flanders
919,2023,6,adult,05-09-2023_griesbroek 6,03dc3f07-506f-4c71-bbcd-ad24c177cab5,13003,Balen,Antwerpen,griesbroek 6,griesbroek 6,6,flanders
920,2023,14,juvenile,05-09-2023_griesbroek 6,03dc3f07-506f-4c71-bbcd-ad24c177cab5,13003,Balen,Antwerpen,griesbroek 6,griesbroek 6,6,flanders
921,2023,49,larvae,05-09-2023_griesbroek 6,03dc3f07-506f-4c71-bbcd-ad24c177cab5,13003,Balen,Antwerpen,griesbroek 6,griesbroek 6,6,flanders
922,2023,8,adult,05-09-2023_scheps 35,C40A62BC-753E-4B8E-A09E-101C73DE9BD0,13021,Meerhout,Antwerpen,scheps 35,scheps 35,7,flanders
923,2023,41,juvenile,05-09-2023_scheps 35,C40A62BC-753E-4B8E-A09E-101C73DE9BD0,13021,Meerhout,Antwerpen,scheps 35,scheps 35,7,flanders
924,2023,7369,larvae,05-09-2023_scheps 35,C40A62BC-753E-4B8E-A09E-101C73DE9BD0,13021,Meerhout,Antwerpen,scheps 35,scheps 35,7,flanders
925,2017,0,adult,05-10-2017_arendonk 2,fbb3baeb-c846-444c-926e-02445e328b78,13001,Arendonk,Antwerpen,NA,NA,8,flanders
926,2017,0,juvenile,05-10-2017_arendonk 2,fbb3baeb-c846-444c-926e-02445e328b78,13001,Arendonk,Antwerpen,NA,NA,8,flanders
927,2017,888,larvae,05-10-2017_arendonk 2,fbb3baeb-c846-444c-926e-02445e328b78,13001,Arendonk,Antwerpen,NA,NA,8,flanders
928,2017,0,adult,05-10-2017_arendonk 3,60e6e43e-6855-4917-a336-9ac46d087fad,13001,Arendonk,Antwerpen,NA,NA,2,flanders
929,2017,0,juvenile,05-10-2017_arendonk 3,60e6e43e-6855-4917-a336-9ac46d087fad,13001,Arendonk,Antwerpen,NA,NA,2,flanders
930,2017,24,larvae,05-10-2017_arendonk 3,60e6e43e-6855-4917-a336-9ac46d087fad,13001,Arendonk,Antwerpen,NA,NA,2,flanders
931,2015,0,adult,06-05-2015_arendonk 2,fbb3baeb-c846-444c-926e-02445e328b78,13001,Arendonk,Antwerpen,NA,NA,4,flanders
932,2015,0,juvenile,06-05-2015_arendonk 2,fbb3baeb-c846-444c-926e-02445e328b78,13001,Arendonk,Antwerpen,NA,NA,4,flanders
933,2015,449,larvae,06-05-2015_arendonk 2,fbb3baeb-c846-444c-926e-02445e328b78,13001,Arendonk,Antwerpen,NA,NA,4,flanders
934,2015,0,adult,06-05-2015_arendonk 3,60e6e43e-6855-4917-a336-9ac46d087fad,13001,Arendonk,Antwerpen,NA,NA,3,flanders
935,2015,7,juvenile,06-05-2015_arendonk 3,60e6e43e-6855-4917-a336-9ac46d087fad,13001,Arendonk,Antwerpen,NA,NA,3,flanders
936,2015,0,larvae,06-05-2015_arendonk 3,60e6e43e-6855-4917-a336-9ac46d087fad,13001,Arendonk,Antwerpen,NA,NA,3,flanders
937,2015,0,adult,06-05-2015_bospoel,bf074168-c09d-40a9-b321-59ce253aa461,13014,Hoogstraten,Antwerpen,NA,NA,3,flanders
938,2015,0,juvenile,06-05-2015_bospoel,bf074168-c09d-40a9-b321-59ce253aa461,13014,Hoogstraten,Antwerpen,NA,NA,3,flanders
939,2015,35,larvae,06-05-2015_bospoel,bf074168-c09d-40a9-b321-59ce253aa461,13014,Hoogstraten,Antwerpen,NA,NA,3,flanders
940,2020,0,adult,06-05-2020_griesbroek 3,95a96ebf-b2d0-461f-9304-d7ada7c4f31d,13003,Balen,Antwerpen,griesbroek 3,griesbroek 3,2,flanders
941,2020,1,juvenile,06-05-2020_griesbroek 3,95a96ebf-b2d0-461f-9304-d7ada7c4f31d,13003,Balen,Antwerpen,griesbroek 3,griesbroek 3,2,flanders
942,2020,146,larvae,06-05-2020_griesbroek 3,95a96ebf-b2d0-461f-9304-d7ada7c4f31d,13003,Balen,Antwerpen,griesbroek 3,griesbroek 3,2,flanders
943,2020,0,adult,06-05-2020_griesbroek 4,ae7f6fdc-d05b-4c2a-ac00-1411d658bd0e,13003,Balen,Antwerpen,griesbroek 4,griesbroek 4,2,flanders
944,2020,0,juvenile,06-05-2020_griesbroek 4,ae7f6fdc-d05b-4c2a-ac00-1411d658bd0e,13003,Balen,Antwerpen,griesbroek 4,griesbroek 4,2,flanders
945,2020,149,larvae,06-05-2020_griesbroek 4,ae7f6fdc-d05b-4c2a-ac00-1411d658bd0e,13003,Balen,Antwerpen,griesbroek 4,griesbroek 4,2,flanders
946,2020,0,adult,06-05-2020_griesbroek 5,829b4e3e-8baf-4236-9896-1f8bb58e893c,13003,Balen,Antwerpen,griesbroek 5,griesbroek 5,3,flanders
947,2020,0,juvenile,06-05-2020_griesbroek 5,829b4e3e-8baf-4236-9896-1f8bb58e893c,13003,Balen,Antwerpen,griesbroek 5,griesbroek 5,3,flanders
948,2020,146,larvae,06-05-2020_griesbroek 5,829b4e3e-8baf-4236-9896-1f8bb58e893c,13003,Balen,Antwerpen,griesbroek 5,griesbroek 5,3,flanders
949,2020,0,adult,06-05-2020_griesbroek 7,80f08260-00f4-4989-8299-eee838d085b4,13003,Balen,Antwerpen,griesbroek 7,griesbroek 7,3,flanders
950,2020,0,juvenile,06-05-2020_griesbroek 7,80f08260-00f4-4989-8299-eee838d085b4,13003,Balen,Antwerpen,griesbroek 7,griesbroek 7,3,flanders
951,2020,1,larvae,06-05-2020_griesbroek 7,80f08260-00f4-4989-8299-eee838d085b4,13003,Balen,Antwerpen,griesbroek 7,griesbroek 7,3,flanders
952,2020,0,adult,06-05-2020_nijlen b10,554e3c11-e529-4b0b-a162-714c72d3547e,12026,Nijlen,Antwerpen,nijlen b10,nijlen b10,3,flanders
953,2020,1,juvenile,06-05-2020_nijlen b10,554e3c11-e529-4b0b-a162-714c72d3547e,12026,Nijlen,Antwerpen,nijlen b10,nijlen b10,3,flanders
954,2020,38,larvae,06-05-2020_nijlen b10,554e3c11-e529-4b0b-a162-714c72d3547e,12026,Nijlen,Antwerpen,nijlen b10,nijlen b10,3,flanders
955,2020,0,adult,06-05-2020_nijlen b12,c4835169-0734-46cd-a891-d49de970ef45,12026,Nijlen,Antwerpen,nijlen b12,nijlen b12,1,flanders
956,2020,0,juvenile,06-05-2020_nijlen b12,c4835169-0734-46cd-a891-d49de970ef45,12026,Nijlen,Antwerpen,nijlen b12,nijlen b12,1,flanders
957,2020,0,larvae,06-05-2020_nijlen b12,c4835169-0734-46cd-a891-d49de970ef45,12026,Nijlen,Antwerpen,nijlen b12,nijlen b12,1,flanders
958,2020,0,adult,06-05-2020_nijlen b13,54ce2446-f7e8-4a59-9680-f5a72eb40fc7,12026,Nijlen,Antwerpen,nijlen b13,nijlen b13,1,flanders
959,2020,0,juvenile,06-05-2020_nijlen b13,54ce2446-f7e8-4a59-9680-f5a72eb40fc7,12026,Nijlen,Antwerpen,nijlen b13,nijlen b13,1,flanders
960,2020,0,larvae,06-05-2020_nijlen b13,54ce2446-f7e8-4a59-9680-f5a72eb40fc7,12026,Nijlen,Antwerpen,nijlen b13,nijlen b13,1,flanders
961,2020,0,adult,06-05-2020_nijlen b6,7bfeea33-87a3-4896-b2e4-a2f6b8d951a9,12026,Nijlen,Antwerpen,nijlen b6,nijlen b6,1,flanders
962,2020,0,juvenile,06-05-2020_nijlen b6,7bfeea33-87a3-4896-b2e4-a2f6b8d951a9,12026,Nijlen,Antwerpen,nijlen b6,nijlen b6,1,flanders
963,2020,0,larvae,06-05-2020_nijlen b6,7bfeea33-87a3-4896-b2e4-a2f6b8d951a9,12026,Nijlen,Antwerpen,nijlen b6,nijlen b6,1,flanders
964,2020,0,adult,06-05-2020_nijlen b7,d7c1cfe1-7c93-4c4a-82b1-65d0f9c0cd19,12026,Nijlen,Antwerpen,nijlen b7,nijlen b7,1,flanders
965,2020,0,juvenile,06-05-2020_nijlen b7,d7c1cfe1-7c93-4c4a-82b1-65d0f9c0cd19,12026,Nijlen,Antwerpen,nijlen b7,nijlen b7,1,flanders
966,2020,0,larvae,06-05-2020_nijlen b7,d7c1cfe1-7c93-4c4a-82b1-65d0f9c0cd19,12026,Nijlen,Antwerpen,nijlen b7,nijlen b7,1,flanders
967,2020,0,adult,06-05-2020_nijlen b9,abd1f412-8e63-4eae-bf83-afa3f0d03b33,12026,Nijlen,Antwerpen,nijlen b9,nijlen b9,1,flanders
968,2020,0,juvenile,06-05-2020_nijlen b9,abd1f412-8e63-4eae-bf83-afa3f0d03b33,12026,Nijlen,Antwerpen,nijlen b9,nijlen b9,1,flanders
969,2020,0,larvae,06-05-2020_nijlen b9,abd1f412-8e63-4eae-bf83-afa3f0d03b33,12026,Nijlen,Antwerpen,nijlen b9,nijlen b9,1,flanders
970,2021,1,adult,06-05-2021_griesbroek 6,03dc3f07-506f-4c71-bbcd-ad24c177cab5,13003,Balen,Antwerpen,griesbroek 6,griesbroek 6,8,flanders
971,2021,0,juvenile,06-05-2021_griesbroek 6,03dc3f07-506f-4c71-bbcd-ad24c177cab5,13003,Balen,Antwerpen,griesbroek 6,griesbroek 6,8,flanders
972,2021,1112,larvae,06-05-2021_griesbroek 6,03dc3f07-506f-4c71-bbcd-ad24c177cab5,13003,Balen,Antwerpen,griesbroek 6,griesbroek 6,8,flanders
973,2025,10,adult,06-05-2025_griesbroek 6,03dc3f07-506f-4c71-bbcd-ad24c177cab5,13003,Balen,Antwerpen,griesbroek 6,griesbroek 6,12,flanders
974,2025,5,juvenile,06-05-2025_griesbroek 6,03dc3f07-506f-4c71-bbcd-ad24c177cab5,13003,Balen,Antwerpen,griesbroek 6,griesbroek 6,12,flanders
975,2025,522,larvae,06-05-2025_griesbroek 6,03dc3f07-506f-4c71-bbcd-ad24c177cab5,13003,Balen,Antwerpen,griesbroek 6,griesbroek 6,12,flanders
976,2025,1,adult,06-05-2025_molse nete 25,CCB25757-251A-496E-BE76-0FCEBCCE248E,13003,Balen,Antwerpen,molse nete 25,molse nete 25,6,flanders
977,2025,0,juvenile,06-05-2025_molse nete 25,CCB25757-251A-496E-BE76-0FCEBCCE248E,13003,Balen,Antwerpen,molse nete 25,molse nete 25,6,flanders
978,2025,256,larvae,06-05-2025_molse nete 25,CCB25757-251A-496E-BE76-0FCEBCCE248E,13003,Balen,Antwerpen,molse nete 25,molse nete 25,6,flanders
979,2025,1,adult,06-05-2025_molse nete 31,FF2EAC7B-0342-4549-A8B8-E0542719444C,13003,Balen,Antwerpen,molse nete 31,molse nete 31,9,flanders
980,2025,1,juvenile,06-05-2025_molse nete 31,FF2EAC7B-0342-4549-A8B8-E0542719444C,13003,Balen,Antwerpen,molse nete 31,molse nete 31,9,flanders
981,2025,67,larvae,06-05-2025_molse nete 31,FF2EAC7B-0342-4549-A8B8-E0542719444C,13003,Balen,Antwerpen,molse nete 31,molse nete 31,9,flanders
982,2025,1,adult,06-05-2025_molse nete 34,C9CD45C3-D4B7-43B3-A539-282D76046F45,13003,Balen,Antwerpen,molse nete 34,molse nete 34,11,flanders
983,2025,2,juvenile,06-05-2025_molse nete 34,C9CD45C3-D4B7-43B3-A539-282D76046F45,13003,Balen,Antwerpen,molse nete 34,molse nete 34,11,flanders
984,2025,18,larvae,06-05-2025_molse nete 34,C9CD45C3-D4B7-43B3-A539-282D76046F45,13003,Balen,Antwerpen,molse nete 34,molse nete 34,11,flanders
985,2025,0,adult,06-05-2025_scheps 20,03167d3d-4f00-42b8-b8be-fbe739205a3c,13003,Balen,Antwerpen,scheps 20,scheps 20,10,flanders
986,2025,0,juvenile,06-05-2025_scheps 20,03167d3d-4f00-42b8-b8be-fbe739205a3c,13003,Balen,Antwerpen,scheps 20,scheps 20,10,flanders
987,2025,24,larvae,06-05-2025_scheps 20,03167d3d-4f00-42b8-b8be-fbe739205a3c,13003,Balen,Antwerpen,scheps 20,scheps 20,10,flanders
988,2012,0,adult,06-06-2012_bospoel,bf074168-c09d-40a9-b321-59ce253aa461,13014,Hoogstraten,Antwerpen,NA,NA,1,flanders
989,2012,0,juvenile,06-06-2012_bospoel,bf074168-c09d-40a9-b321-59ce253aa461,13014,Hoogstraten,Antwerpen,NA,NA,1,flanders
990,2012,6,larvae,06-06-2012_bospoel,bf074168-c09d-40a9-b321-59ce253aa461,13014,Hoogstraten,Antwerpen,NA,NA,1,flanders
991,2012,4,adult,06-06-2012_driehoek,48fb261c-3f3a-4a95-9103-1e6822dae999,13014,Hoogstraten,Antwerpen,NA,NA,4,flanders
992,2012,0,juvenile,06-06-2012_driehoek,48fb261c-3f3a-4a95-9103-1e6822dae999,13014,Hoogstraten,Antwerpen,NA,NA,4,flanders
993,2012,0,larvae,06-06-2012_driehoek,48fb261c-3f3a-4a95-9103-1e6822dae999,13014,Hoogstraten,Antwerpen,NA,NA,4,flanders
994,2018,0,adult,06-06-2018_nijlen b10,554e3c11-e529-4b0b-a162-714c72d3547e,12026,Nijlen,Antwerpen,NA,NA,5,flanders
995,2018,3,juvenile,06-06-2018_nijlen b10,554e3c11-e529-4b0b-a162-714c72d3547e,12026,Nijlen,Antwerpen,NA,NA,5,flanders
996,2018,3,larvae,06-06-2018_nijlen b10,554e3c11-e529-4b0b-a162-714c72d3547e,12026,Nijlen,Antwerpen,NA,NA,5,flanders
997,2018,0,adult,06-06-2018_nijlen b4,d8073f6b-6ef9-4124-b3ab-b9bdb4ab28dc,12026,Nijlen,Antwerpen,NA,NA,1,flanders
998,2018,0,juvenile,06-06-2018_nijlen b4,d8073f6b-6ef9-4124-b3ab-b9bdb4ab28dc,12026,Nijlen,Antwerpen,NA,NA,1,flanders
999,2018,8,larvae,06-06-2018_nijlen b4,d8073f6b-6ef9-4124-b3ab-b9bdb4ab28dc,12026,Nijlen,Antwerpen,NA,NA,1,flanders
1000,2018,2,adult,06-06-2018_scheps 20,03167d3d-4f00-42b8-b8be-fbe739205a3c,13003,Balen,Antwerpen,NA,NA,1,flanders
1001,2018,26,juvenile,06-06-2018_scheps 20,03167d3d-4f00-42b8-b8be-fbe739205a3c,13003,Balen,Antwerpen,NA,NA,1,flanders
1002,2018,0,larvae,06-06-2018_scheps 20,03167d3d-4f00-42b8-b8be-fbe739205a3c,13003,Balen,Antwerpen,NA,NA,1,flanders
1003,2018,4,adult,06-06-2018_scheps 6,3f097ed2-a6e2-4db8-ab6d-eb411d610792,13003,Balen,Antwerpen,NA,NA,1,flanders
1004,2018,5,juvenile,06-06-2018_scheps 6,3f097ed2-a6e2-4db8-ab6d-eb411d610792,13003,Balen,Antwerpen,NA,NA,1,flanders
1005,2018,0,larvae,06-06-2018_scheps 6,3f097ed2-a6e2-4db8-ab6d-eb411d610792,13003,Balen,Antwerpen,NA,NA,1,flanders
1006,2019,0,adult,06-06-2019_arendonk 2,fbb3baeb-c846-444c-926e-02445e328b78,13001,Arendonk,Antwerpen,arendonk 2,arendonk 2,9,flanders
1007,2019,0,juvenile,06-06-2019_arendonk 2,fbb3baeb-c846-444c-926e-02445e328b78,13001,Arendonk,Antwerpen,arendonk 2,arendonk 2,9,flanders
1008,2019,45,larvae,06-06-2019_arendonk 2,fbb3baeb-c846-444c-926e-02445e328b78,13001,Arendonk,Antwerpen,arendonk 2,arendonk 2,9,flanders
1009,2019,1,adult,06-06-2019_nijlen b10,554e3c11-e529-4b0b-a162-714c72d3547e,12026,Nijlen,Antwerpen,nijlen b10,nijlen b10,4,flanders
1010,2019,3,juvenile,06-06-2019_nijlen b10,554e3c11-e529-4b0b-a162-714c72d3547e,12026,Nijlen,Antwerpen,nijlen b10,nijlen b10,4,flanders
1011,2019,809,larvae,06-06-2019_nijlen b10,554e3c11-e529-4b0b-a162-714c72d3547e,12026,Nijlen,Antwerpen,nijlen b10,nijlen b10,4,flanders
1012,2019,1,adult,06-06-2019_nijlen b15,05c32330-fd8e-4e80-9ef6-57357d09ef38,12026,Nijlen,Antwerpen,nijlen b15,nijlen b15,4,flanders
1013,2019,0,juvenile,06-06-2019_nijlen b15,05c32330-fd8e-4e80-9ef6-57357d09ef38,12026,Nijlen,Antwerpen,nijlen b15,nijlen b15,4,flanders
1014,2019,0,larvae,06-06-2019_nijlen b15,05c32330-fd8e-4e80-9ef6-57357d09ef38,12026,Nijlen,Antwerpen,nijlen b15,nijlen b15,4,flanders
1015,2021,8,adult,06-06-2021_griesbroek 6,03dc3f07-506f-4c71-bbcd-ad24c177cab5,13003,Balen,Antwerpen,griesbroek 6,griesbroek 6,6,flanders
1016,2021,2,juvenile,06-06-2021_griesbroek 6,03dc3f07-506f-4c71-bbcd-ad24c177cab5,13003,Balen,Antwerpen,griesbroek 6,griesbroek 6,6,flanders
1017,2021,250,larvae,06-06-2021_griesbroek 6,03dc3f07-506f-4c71-bbcd-ad24c177cab5,13003,Balen,Antwerpen,griesbroek 6,griesbroek 6,6,flanders
1018,2021,3,adult,06-06-2021_laakdal 41,3FF122FA-A234-4A59-B023-BF7A15813990,13053,Laakdal,Antwerpen,laakdal 41,laakdal 41,11,flanders
1019,2021,0,juvenile,06-06-2021_laakdal 41,3FF122FA-A234-4A59-B023-BF7A15813990,13053,Laakdal,Antwerpen,laakdal 41,laakdal 41,11,flanders
1020,2021,1382,larvae,06-06-2021_laakdal 41,3FF122FA-A234-4A59-B023-BF7A15813990,13053,Laakdal,Antwerpen,laakdal 41,laakdal 41,11,flanders
1021,2022,0,adult,06-06-2022_meerhout 14,2AB1C866-FD95-4691-A764-F45063561D06,13008,Geel,Antwerpen,meerhout 14,meerhout 14,30,flanders
1022,2022,35,juvenile,06-06-2022_meerhout 14,2AB1C866-FD95-4691-A764-F45063561D06,13008,Geel,Antwerpen,meerhout 14,meerhout 14,30,flanders
1023,2022,999,larvae,06-06-2022_meerhout 14,2AB1C866-FD95-4691-A764-F45063561D06,13008,Geel,Antwerpen,meerhout 14,meerhout 14,30,flanders
1024,2023,0,adult,06-06-2023_arendonk 2,fbb3baeb-c846-444c-926e-02445e328b78,13001,Arendonk,Antwerpen,arendonk 2,arendonk 2,20,flanders
1025,2023,9,juvenile,06-06-2023_arendonk 2,fbb3baeb-c846-444c-926e-02445e328b78,13001,Arendonk,Antwerpen,arendonk 2,arendonk 2,20,flanders
1026,2023,150,larvae,06-06-2023_arendonk 2,fbb3baeb-c846-444c-926e-02445e328b78,13001,Arendonk,Antwerpen,arendonk 2,arendonk 2,20,flanders
1027,2023,8,adult,06-06-2023_griesbroek 6,03dc3f07-506f-4c71-bbcd-ad24c177cab5,13003,Balen,Antwerpen,griesbroek 6,griesbroek 6,5,flanders
1028,2023,16,juvenile,06-06-2023_griesbroek 6,03dc3f07-506f-4c71-bbcd-ad24c177cab5,13003,Balen,Antwerpen,griesbroek 6,griesbroek 6,5,flanders
1029,2023,384,larvae,06-06-2023_griesbroek 6,03dc3f07-506f-4c71-bbcd-ad24c177cab5,13003,Balen,Antwerpen,griesbroek 6,griesbroek 6,5,flanders
1030,2023,2,adult,06-06-2023_laakdal 42,CFE5F760-038E-4AFA-A19C-F41167BA5C06,13053,Laakdal,Antwerpen,laakdal 42,laakdal 42,20,flanders
1031,2023,0,juvenile,06-06-2023_laakdal 42,CFE5F760-038E-4AFA-A19C-F41167BA5C06,13053,Laakdal,Antwerpen,laakdal 42,laakdal 42,20,flanders
1032,2023,10,larvae,06-06-2023_laakdal 42,CFE5F760-038E-4AFA-A19C-F41167BA5C06,13053,Laakdal,Antwerpen,laakdal 42,laakdal 42,20,flanders
1033,2023,0,adult,06-06-2023_scheps 20,03167d3d-4f00-42b8-b8be-fbe739205a3c,13003,Balen,Antwerpen,scheps 20,scheps 20,2,flanders
1034,2023,0,juvenile,06-06-2023_scheps 20,03167d3d-4f00-42b8-b8be-fbe739205a3c,13003,Balen,Antwerpen,scheps 20,scheps 20,2,flanders
1035,2023,87,larvae,06-06-2023_scheps 20,03167d3d-4f00-42b8-b8be-fbe739205a3c,13003,Balen,Antwerpen,scheps 20,scheps 20,2,flanders
1036,2023,6,adult,06-06-2023_scheps 35,C40A62BC-753E-4B8E-A09E-101C73DE9BD0,13021,Meerhout,Antwerpen,scheps 35,scheps 35,6,flanders
1037,2023,0,juvenile,06-06-2023_scheps 35,C40A62BC-753E-4B8E-A09E-101C73DE9BD0,13021,Meerhout,Antwerpen,scheps 35,scheps 35,6,flanders
1038,2023,3068,larvae,06-06-2023_scheps 35,C40A62BC-753E-4B8E-A09E-101C73DE9BD0,13021,Meerhout,Antwerpen,scheps 35,scheps 35,6,flanders
1039,2024,0,adult,06-06-2024_arendonk 2,fbb3baeb-c846-444c-926e-02445e328b78,13001,Arendonk,Antwerpen,arendonk 2,arendonk 2,20,flanders
1040,2024,0,juvenile,06-06-2024_arendonk 2,fbb3baeb-c846-444c-926e-02445e328b78,13001,Arendonk,Antwerpen,arendonk 2,arendonk 2,20,flanders
1041,2024,0,larvae,06-06-2024_arendonk 2,fbb3baeb-c846-444c-926e-02445e328b78,13001,Arendonk,Antwerpen,arendonk 2,arendonk 2,20,flanders
1042,2024,0,adult,06-06-2024_bel 1,E889F226-84B5-499E-A73B-A5DF719C540C,13008,Geel,Antwerpen,bel 1,bel 1,14,flanders
1043,2024,0,juvenile,06-06-2024_bel 1,E889F226-84B5-499E-A73B-A5DF719C540C,13008,Geel,Antwerpen,bel 1,bel 1,14,flanders
1044,2024,2151,larvae,06-06-2024_bel 1,E889F226-84B5-499E-A73B-A5DF719C540C,13008,Geel,Antwerpen,bel 1,bel 1,14,flanders
1045,2024,0,adult,06-06-2024_geel kruiskwacht 2,781F2ED8-0177-4D33-902F-C7DC87D7808E,13008,Geel,Antwerpen,geel kruiskwacht 2,geel kruiskwacht 2,7,flanders
1046,2024,1,juvenile,06-06-2024_geel kruiskwacht 2,781F2ED8-0177-4D33-902F-C7DC87D7808E,13008,Geel,Antwerpen,geel kruiskwacht 2,geel kruiskwacht 2,7,flanders
1047,2024,176,larvae,06-06-2024_geel kruiskwacht 2,781F2ED8-0177-4D33-902F-C7DC87D7808E,13008,Geel,Antwerpen,geel kruiskwacht 2,geel kruiskwacht 2,7,flanders
1048,2024,1,adult,06-06-2024_geel kruiskwacht 3,03D4A801-541C-48F7-86F0-F65BE5D1B246,13008,Geel,Antwerpen,geel kruiskwacht 3,geel kruiskwacht 3,6,flanders
1049,2024,9,juvenile,06-06-2024_geel kruiskwacht 3,03D4A801-541C-48F7-86F0-F65BE5D1B246,13008,Geel,Antwerpen,geel kruiskwacht 3,geel kruiskwacht 3,6,flanders
1050,2024,279,larvae,06-06-2024_geel kruiskwacht 3,03D4A801-541C-48F7-86F0-F65BE5D1B246,13008,Geel,Antwerpen,geel kruiskwacht 3,geel kruiskwacht 3,6,flanders
1051,2024,8,adult,06-06-2024_griesbroek 6,03dc3f07-506f-4c71-bbcd-ad24c177cab5,13003,Balen,Antwerpen,griesbroek 6,griesbroek 6,22,flanders
1052,2024,2,juvenile,06-06-2024_griesbroek 6,03dc3f07-506f-4c71-bbcd-ad24c177cab5,13003,Balen,Antwerpen,griesbroek 6,griesbroek 6,22,flanders
1053,2024,52,larvae,06-06-2024_griesbroek 6,03dc3f07-506f-4c71-bbcd-ad24c177cab5,13003,Balen,Antwerpen,griesbroek 6,griesbroek 6,22,flanders
1054,2025,0,adult,06-06-2025_antrav 0230,06F4189A-568F-47F3-9D4C-26980122BBDA,13035,Ravels,Antwerpen,antrav 0230,antrav 0230,10,flanders
1055,2025,0,juvenile,06-06-2025_antrav 0230,06F4189A-568F-47F3-9D4C-26980122BBDA,13035,Ravels,Antwerpen,antrav 0230,antrav 0230,10,flanders
1056,2025,0,larvae,06-06-2025_antrav 0230,06F4189A-568F-47F3-9D4C-26980122BBDA,13035,Ravels,Antwerpen,antrav 0230,antrav 0230,10,flanders
1057,2025,2,adult,06-06-2025_bergebeek 1,A4760255-D2AE-4D89-BF0B-4E60ABC25410,12014,Heist-Op-Den-Berg,Antwerpen,bergebeek 1,bergebeek 1,10,flanders
1058,2025,1,juvenile,06-06-2025_bergebeek 1,A4760255-D2AE-4D89-BF0B-4E60ABC25410,12014,Heist-Op-Den-Berg,Antwerpen,bergebeek 1,bergebeek 1,10,flanders
1059,2025,87,larvae,06-06-2025_bergebeek 1,A4760255-D2AE-4D89-BF0B-4E60ABC25410,12014,Heist-Op-Den-Berg,Antwerpen,bergebeek 1,bergebeek 1,10,flanders
1060,2025,1,adult,06-06-2025_bergebeek 2,E7E36A76-5373-4375-BE63-2EB245A510E2,12014,Heist-Op-Den-Berg,Antwerpen,bergebeek 2,bergebeek 2,13,flanders
1061,2025,1,juvenile,06-06-2025_bergebeek 2,E7E36A76-5373-4375-BE63-2EB245A510E2,12014,Heist-Op-Den-Berg,Antwerpen,bergebeek 2,bergebeek 2,13,flanders
1062,2025,80,larvae,06-06-2025_bergebeek 2,E7E36A76-5373-4375-BE63-2EB245A510E2,12014,Heist-Op-Den-Berg,Antwerpen,bergebeek 2,bergebeek 2,13,flanders
1063,2012,0,adult,06-07-2012_arendonk 3,60e6e43e-6855-4917-a336-9ac46d087fad,13001,Arendonk,Antwerpen,NA,NA,6,flanders
1064,2012,0,juvenile,06-07-2012_arendonk 3,60e6e43e-6855-4917-a336-9ac46d087fad,13001,Arendonk,Antwerpen,NA,NA,6,flanders
1065,2012,60,larvae,06-07-2012_arendonk 3,60e6e43e-6855-4917-a336-9ac46d087fad,13001,Arendonk,Antwerpen,NA,NA,6,flanders
1066,2017,0,adult,06-07-2017_scheps 10,ff328547-af9c-4e6f-bbf1-5d2856b2da7b,13003,Balen,Antwerpen,NA,NA,5,flanders
1067,2017,8,juvenile,06-07-2017_scheps 10,ff328547-af9c-4e6f-bbf1-5d2856b2da7b,13003,Balen,Antwerpen,NA,NA,5,flanders
1068,2017,1,larvae,06-07-2017_scheps 10,ff328547-af9c-4e6f-bbf1-5d2856b2da7b,13003,Balen,Antwerpen,NA,NA,5,flanders
1069,2017,1,adult,06-07-2017_scheps 6,3f097ed2-a6e2-4db8-ab6d-eb411d610792,13003,Balen,Antwerpen,NA,NA,5,flanders
1070,2017,6,juvenile,06-07-2017_scheps 6,3f097ed2-a6e2-4db8-ab6d-eb411d610792,13003,Balen,Antwerpen,NA,NA,5,flanders
1071,2017,53,larvae,06-07-2017_scheps 6,3f097ed2-a6e2-4db8-ab6d-eb411d610792,13003,Balen,Antwerpen,NA,NA,5,flanders
1072,2018,1,adult,06-07-2018_scheps 20,03167d3d-4f00-42b8-b8be-fbe739205a3c,13003,Balen,Antwerpen,scheps 20,scheps 20,9,flanders
1073,2018,16,juvenile,06-07-2018_scheps 20,03167d3d-4f00-42b8-b8be-fbe739205a3c,13003,Balen,Antwerpen,scheps 20,scheps 20,9,flanders
1074,2018,8,larvae,06-07-2018_scheps 20,03167d3d-4f00-42b8-b8be-fbe739205a3c,13003,Balen,Antwerpen,scheps 20,scheps 20,9,flanders
1075,2021,6,adult,06-07-2021_laakdal 37,835E903F-A579-4355-8AB0-7D70249F0B89,13053,Laakdal,Antwerpen,laakdal 37,laakdal 37,4,flanders
1076,2021,0,juvenile,06-07-2021_laakdal 37,835E903F-A579-4355-8AB0-7D70249F0B89,13053,Laakdal,Antwerpen,laakdal 37,laakdal 37,4,flanders
1077,2021,0,larvae,06-07-2021_laakdal 37,835E903F-A579-4355-8AB0-7D70249F0B89,13053,Laakdal,Antwerpen,laakdal 37,laakdal 37,4,flanders
1078,2021,1,adult,06-07-2021_laakdal 5,62abe301-066c-4fa9-a54d-14e8b8882923,13053,Laakdal,Antwerpen,laakdal 5,laakdal 5,8,flanders
1079,2021,4,juvenile,06-07-2021_laakdal 5,62abe301-066c-4fa9-a54d-14e8b8882923,13053,Laakdal,Antwerpen,laakdal 5,laakdal 5,8,flanders
1080,2021,349,larvae,06-07-2021_laakdal 5,62abe301-066c-4fa9-a54d-14e8b8882923,13053,Laakdal,Antwerpen,laakdal 5,laakdal 5,8,flanders
1081,2021,0,adult,06-07-2021_nijlen g2,a484323f-4a55-4cf1-affb-6b5870f769db,12021,Lier,Antwerpen,nijlen g2,nijlen g2,7,flanders
1082,2021,0,juvenile,06-07-2021_nijlen g2,a484323f-4a55-4cf1-affb-6b5870f769db,12021,Lier,Antwerpen,nijlen g2,nijlen g2,7,flanders
1083,2021,0,larvae,06-07-2021_nijlen g2,a484323f-4a55-4cf1-affb-6b5870f769db,12021,Lier,Antwerpen,nijlen g2,nijlen g2,7,flanders
1084,2022,0,adult,06-07-2022_herselt 28,99BDEF54-B094-4E05-95DD-CA9ACB03CC39,13013,Herselt,Antwerpen,herselt 28,herselt 28,20,flanders
1085,2022,0,juvenile,06-07-2022_herselt 28,99BDEF54-B094-4E05-95DD-CA9ACB03CC39,13013,Herselt,Antwerpen,herselt 28,herselt 28,20,flanders
1086,2022,0,larvae,06-07-2022_herselt 28,99BDEF54-B094-4E05-95DD-CA9ACB03CC39,13013,Herselt,Antwerpen,herselt 28,herselt 28,20,flanders
1087,2022,0,adult,06-07-2022_laakdal 30c,e8165c62-451a-4d96-882f-468098023cc4,13053,Laakdal,Antwerpen,laakdal 30c,laakdal 30c,9,flanders
1088,2022,0,juvenile,06-07-2022_laakdal 30c,e8165c62-451a-4d96-882f-468098023cc4,13053,Laakdal,Antwerpen,laakdal 30c,laakdal 30c,9,flanders
1089,2022,0,larvae,06-07-2022_laakdal 30c,e8165c62-451a-4d96-882f-468098023cc4,13053,Laakdal,Antwerpen,laakdal 30c,laakdal 30c,9,flanders
1090,2022,0,adult,06-07-2022_laakdal 32c,8dd8b062-2159-4ffb-bb54-2902bcaf4652,13053,Laakdal,Antwerpen,laakdal 32c,laakdal 32c,9,flanders
1091,2022,0,juvenile,06-07-2022_laakdal 32c,8dd8b062-2159-4ffb-bb54-2902bcaf4652,13053,Laakdal,Antwerpen,laakdal 32c,laakdal 32c,9,flanders
1092,2022,0,larvae,06-07-2022_laakdal 32c,8dd8b062-2159-4ffb-bb54-2902bcaf4652,13053,Laakdal,Antwerpen,laakdal 32c,laakdal 32c,9,flanders
1093,2023,1,adult,06-07-2023_laakdal 16a,6390430e-5452-4bf9-9f99-97ad75bacf11,13053,Laakdal,Antwerpen,laakdal 16a,laakdal 16a,15,flanders
1094,2023,0,juvenile,06-07-2023_laakdal 16a,6390430e-5452-4bf9-9f99-97ad75bacf11,13053,Laakdal,Antwerpen,laakdal 16a,laakdal 16a,15,flanders
1095,2023,0,larvae,06-07-2023_laakdal 16a,6390430e-5452-4bf9-9f99-97ad75bacf11,13053,Laakdal,Antwerpen,laakdal 16a,laakdal 16a,15,flanders
1096,2023,0,adult,06-07-2023_laakdal 16b,af15e2c5-8ad8-4f77-bc2c-8f1c6d18fc90,13053,Laakdal,Antwerpen,laakdal 16b,laakdal 16b,3,flanders
1097,2023,1,juvenile,06-07-2023_laakdal 16b,af15e2c5-8ad8-4f77-bc2c-8f1c6d18fc90,13053,Laakdal,Antwerpen,laakdal 16b,laakdal 16b,3,flanders
1098,2023,0,larvae,06-07-2023_laakdal 16b,af15e2c5-8ad8-4f77-bc2c-8f1c6d18fc90,13053,Laakdal,Antwerpen,laakdal 16b,laakdal 16b,3,flanders
1099,2023,0,adult,06-07-2023_laakdal 39,E9E4CE1C-43A6-4817-96EB-873765AA5598,13053,Laakdal,Antwerpen,laakdal 39,laakdal 39,4,flanders
1100,2023,9,juvenile,06-07-2023_laakdal 39,E9E4CE1C-43A6-4817-96EB-873765AA5598,13053,Laakdal,Antwerpen,laakdal 39,laakdal 39,4,flanders
1101,2023,23,larvae,06-07-2023_laakdal 39,E9E4CE1C-43A6-4817-96EB-873765AA5598,13053,Laakdal,Antwerpen,laakdal 39,laakdal 39,4,flanders
1102,2023,1,adult,06-07-2023_laakdal 41,3FF122FA-A234-4A59-B023-BF7A15813990,13053,Laakdal,Antwerpen,laakdal 41,laakdal 41,20,flanders
1103,2023,21,juvenile,06-07-2023_laakdal 41,3FF122FA-A234-4A59-B023-BF7A15813990,13053,Laakdal,Antwerpen,laakdal 41,laakdal 41,20,flanders
1104,2023,219,larvae,06-07-2023_laakdal 41,3FF122FA-A234-4A59-B023-BF7A15813990,13053,Laakdal,Antwerpen,laakdal 41,laakdal 41,20,flanders
1105,2013,2,adult,06-08-2013_driehoek,48fb261c-3f3a-4a95-9103-1e6822dae999,13014,Hoogstraten,Antwerpen,NA,NA,3,flanders
1106,2013,0,juvenile,06-08-2013_driehoek,48fb261c-3f3a-4a95-9103-1e6822dae999,13014,Hoogstraten,Antwerpen,NA,NA,3,flanders
1107,2013,5,larvae,06-08-2013_driehoek,48fb261c-3f3a-4a95-9103-1e6822dae999,13014,Hoogstraten,Antwerpen,NA,NA,3,flanders
1108,2014,0,adult,06-08-2014_arendonk 2,fbb3baeb-c846-444c-926e-02445e328b78,13001,Arendonk,Antwerpen,NA,NA,4,flanders
1109,2014,0,juvenile,06-08-2014_arendonk 2,fbb3baeb-c846-444c-926e-02445e328b78,13001,Arendonk,Antwerpen,NA,NA,4,flanders
1110,2014,140,larvae,06-08-2014_arendonk 2,fbb3baeb-c846-444c-926e-02445e328b78,13001,Arendonk,Antwerpen,NA,NA,4,flanders
1111,2014,0,adult,06-08-2014_kasterlee 7,d47894eb-3a0b-4dc1-8804-627d397aa280,13017,Kasterlee,Antwerpen,NA,NA,4,flanders
1112,2014,0,juvenile,06-08-2014_kasterlee 7,d47894eb-3a0b-4dc1-8804-627d397aa280,13017,Kasterlee,Antwerpen,NA,NA,4,flanders
1113,2014,18,larvae,06-08-2014_kasterlee 7,d47894eb-3a0b-4dc1-8804-627d397aa280,13017,Kasterlee,Antwerpen,NA,NA,4,flanders
1114,2015,1,adult,06-08-2015_arendonk 3,60e6e43e-6855-4917-a336-9ac46d087fad,13001,Arendonk,Antwerpen,NA,NA,6,flanders
1115,2015,2,juvenile,06-08-2015_arendonk 3,60e6e43e-6855-4917-a336-9ac46d087fad,13001,Arendonk,Antwerpen,NA,NA,6,flanders
1116,2015,2,larvae,06-08-2015_arendonk 3,60e6e43e-6855-4917-a336-9ac46d087fad,13001,Arendonk,Antwerpen,NA,NA,6,flanders
1117,2020,1,adult,06-08-2020_scheps 12,0701b62d-8e2d-436c-a25d-fae9a6529871,13003,Balen,Antwerpen,scheps 12,scheps 12,2,flanders
1118,2020,0,juvenile,06-08-2020_scheps 12,0701b62d-8e2d-436c-a25d-fae9a6529871,13003,Balen,Antwerpen,scheps 12,scheps 12,2,flanders
1119,2020,0,larvae,06-08-2020_scheps 12,0701b62d-8e2d-436c-a25d-fae9a6529871,13003,Balen,Antwerpen,scheps 12,scheps 12,2,flanders
1120,2020,0,adult,06-08-2020_scheps 18,696dfa66-6654-40d7-b115-8aa065f74301,13003,Balen,Antwerpen,scheps 18,scheps 18,3,flanders
1121,2020,0,juvenile,06-08-2020_scheps 18,696dfa66-6654-40d7-b115-8aa065f74301,13003,Balen,Antwerpen,scheps 18,scheps 18,3,flanders
1122,2020,0,larvae,06-08-2020_scheps 18,696dfa66-6654-40d7-b115-8aa065f74301,13003,Balen,Antwerpen,scheps 18,scheps 18,3,flanders
1123,2020,2,adult,06-08-2020_scheps 19b,a321d8fa-853f-4c3a-8c14-c1d649ea0e43,13003,Balen,Antwerpen,scheps 19b,scheps 19b,3,flanders
1124,2020,0,juvenile,06-08-2020_scheps 19b,a321d8fa-853f-4c3a-8c14-c1d649ea0e43,13003,Balen,Antwerpen,scheps 19b,scheps 19b,3,flanders
1125,2020,0,larvae,06-08-2020_scheps 19b,a321d8fa-853f-4c3a-8c14-c1d649ea0e43,13003,Balen,Antwerpen,scheps 19b,scheps 19b,3,flanders
1126,2021,0,adult,06-08-2021_molse nete 27,13C21386-73BD-4394-BF8C-D621BB1AE140,13003,Balen,Antwerpen,molse nete 27,molse nete 27,4,flanders
1127,2021,7,juvenile,06-08-2021_molse nete 27,13C21386-73BD-4394-BF8C-D621BB1AE140,13003,Balen,Antwerpen,molse nete 27,molse nete 27,4,flanders
1128,2021,0,larvae,06-08-2021_molse nete 27,13C21386-73BD-4394-BF8C-D621BB1AE140,13003,Balen,Antwerpen,molse nete 27,molse nete 27,4,flanders
1129,2021,0,adult,06-08-2021_molse nete 29,B58A0CA0-1DD3-4A71-B356-C088AF4BA385,13003,Balen,Antwerpen,molse nete 29,molse nete 29,4,flanders
1130,2021,3,juvenile,06-08-2021_molse nete 29,B58A0CA0-1DD3-4A71-B356-C088AF4BA385,13003,Balen,Antwerpen,molse nete 29,molse nete 29,4,flanders
1131,2021,0,larvae,06-08-2021_molse nete 29,B58A0CA0-1DD3-4A71-B356-C088AF4BA385,13003,Balen,Antwerpen,molse nete 29,molse nete 29,4,flanders
1132,2021,1,adult,06-08-2021_nijlen b15,05c32330-fd8e-4e80-9ef6-57357d09ef38,12026,Nijlen,Antwerpen,nijlen b15,nijlen b15,5,flanders
1133,2021,0,juvenile,06-08-2021_nijlen b15,05c32330-fd8e-4e80-9ef6-57357d09ef38,12026,Nijlen,Antwerpen,nijlen b15,nijlen b15,5,flanders
1134,2021,0,larvae,06-08-2021_nijlen b15,05c32330-fd8e-4e80-9ef6-57357d09ef38,12026,Nijlen,Antwerpen,nijlen b15,nijlen b15,5,flanders
1135,2021,0,adult,06-08-2021_nijlen b3b,023e2cd6-493c-4e24-bbe1-e03c9afdb0a1,12026,Nijlen,Antwerpen,nijlen b3b,nijlen b3b,4,flanders
1136,2021,0,juvenile,06-08-2021_nijlen b3b,023e2cd6-493c-4e24-bbe1-e03c9afdb0a1,12026,Nijlen,Antwerpen,nijlen b3b,nijlen b3b,4,flanders
1137,2021,0,larvae,06-08-2021_nijlen b3b,023e2cd6-493c-4e24-bbe1-e03c9afdb0a1,12026,Nijlen,Antwerpen,nijlen b3b,nijlen b3b,4,flanders
1138,2021,0,adult,06-08-2021_scheps 1,99b57d68-38ec-4f35-8d21-edaa375cf288,13003,Balen,Antwerpen,scheps 1,scheps 1,2,flanders
1139,2021,0,juvenile,06-08-2021_scheps 1,99b57d68-38ec-4f35-8d21-edaa375cf288,13003,Balen,Antwerpen,scheps 1,scheps 1,2,flanders
1140,2021,0,larvae,06-08-2021_scheps 1,99b57d68-38ec-4f35-8d21-edaa375cf288,13003,Balen,Antwerpen,scheps 1,scheps 1,2,flanders
1141,2021,0,adult,06-08-2021_scheps 12,0701b62d-8e2d-436c-a25d-fae9a6529871,13003,Balen,Antwerpen,scheps 12,scheps 12,6,flanders
1142,2021,0,juvenile,06-08-2021_scheps 12,0701b62d-8e2d-436c-a25d-fae9a6529871,13003,Balen,Antwerpen,scheps 12,scheps 12,6,flanders
1143,2021,0,larvae,06-08-2021_scheps 12,0701b62d-8e2d-436c-a25d-fae9a6529871,13003,Balen,Antwerpen,scheps 12,scheps 12,6,flanders
1144,2021,0,adult,06-08-2021_scheps 18,696dfa66-6654-40d7-b115-8aa065f74301,13003,Balen,Antwerpen,scheps 18,scheps 18,5,flanders
1145,2021,0,juvenile,06-08-2021_scheps 18,696dfa66-6654-40d7-b115-8aa065f74301,13003,Balen,Antwerpen,scheps 18,scheps 18,5,flanders
1146,2021,0,larvae,06-08-2021_scheps 18,696dfa66-6654-40d7-b115-8aa065f74301,13003,Balen,Antwerpen,scheps 18,scheps 18,5,flanders
1147,2021,0,adult,06-08-2021_scheps 27,ce6f91bc-f5ae-4e1c-82eb-1b8fdb47c18f,13003,Balen,Antwerpen,scheps 27,scheps 27,2,flanders
1148,2021,0,juvenile,06-08-2021_scheps 27,ce6f91bc-f5ae-4e1c-82eb-1b8fdb47c18f,13003,Balen,Antwerpen,scheps 27,scheps 27,2,flanders
1149,2021,0,larvae,06-08-2021_scheps 27,ce6f91bc-f5ae-4e1c-82eb-1b8fdb47c18f,13003,Balen,Antwerpen,scheps 27,scheps 27,2,flanders
1150,2024,2,adult,06-08-2024_scheps 35,C40A62BC-753E-4B8E-A09E-101C73DE9BD0,13021,Meerhout,Antwerpen,scheps 35,scheps 35,3,flanders
1151,2024,2,juvenile,06-08-2024_scheps 35,C40A62BC-753E-4B8E-A09E-101C73DE9BD0,13021,Meerhout,Antwerpen,scheps 35,scheps 35,3,flanders
1152,2024,3423,larvae,06-08-2024_scheps 35,C40A62BC-753E-4B8E-A09E-101C73DE9BD0,13021,Meerhout,Antwerpen,scheps 35,scheps 35,3,flanders
1153,2024,2,adult,06-08-2024_scheps 39,E0BFF7E4-D0E2-44B4-A7FE-2DD211144B52,13003,Balen,Antwerpen,scheps 39,scheps 39,17,flanders
1154,2024,0,juvenile,06-08-2024_scheps 39,E0BFF7E4-D0E2-44B4-A7FE-2DD211144B52,13003,Balen,Antwerpen,scheps 39,scheps 39,17,flanders
1155,2024,108,larvae,06-08-2024_scheps 39,E0BFF7E4-D0E2-44B4-A7FE-2DD211144B52,13003,Balen,Antwerpen,scheps 39,scheps 39,17,flanders
1156,2011,4,adult,06-09-2011_arendonk 3,60e6e43e-6855-4917-a336-9ac46d087fad,13001,Arendonk,Antwerpen,NA,NA,8,flanders
1157,2011,1,juvenile,06-09-2011_arendonk 3,60e6e43e-6855-4917-a336-9ac46d087fad,13001,Arendonk,Antwerpen,NA,NA,8,flanders
1158,2011,28,larvae,06-09-2011_arendonk 3,60e6e43e-6855-4917-a336-9ac46d087fad,13001,Arendonk,Antwerpen,NA,NA,8,flanders
1159,2018,0,adult,06-09-2018_arendonk 2,fbb3baeb-c846-444c-926e-02445e328b78,13001,Arendonk,Antwerpen,NA,NA,1,flanders
1160,2018,0,juvenile,06-09-2018_arendonk 2,fbb3baeb-c846-444c-926e-02445e328b78,13001,Arendonk,Antwerpen,NA,NA,1,flanders
1161,2018,494,larvae,06-09-2018_arendonk 2,fbb3baeb-c846-444c-926e-02445e328b78,13001,Arendonk,Antwerpen,NA,NA,1,flanders
1162,2022,7,adult,06-09-2022_scheps 20,03167d3d-4f00-42b8-b8be-fbe739205a3c,13003,Balen,Antwerpen,scheps 20,scheps 20,10,flanders
1163,2022,267,juvenile,06-09-2022_scheps 20,03167d3d-4f00-42b8-b8be-fbe739205a3c,13003,Balen,Antwerpen,scheps 20,scheps 20,10,flanders
1164,2022,1060,larvae,06-09-2022_scheps 20,03167d3d-4f00-42b8-b8be-fbe739205a3c,13003,Balen,Antwerpen,scheps 20,scheps 20,10,flanders
1165,2023,10,adult,06-09-2023_griesbroek 6,03dc3f07-506f-4c71-bbcd-ad24c177cab5,13003,Balen,Antwerpen,griesbroek 6,griesbroek 6,6,flanders
1166,2023,5,juvenile,06-09-2023_griesbroek 6,03dc3f07-506f-4c71-bbcd-ad24c177cab5,13003,Balen,Antwerpen,griesbroek 6,griesbroek 6,6,flanders
1167,2023,38,larvae,06-09-2023_griesbroek 6,03dc3f07-506f-4c71-bbcd-ad24c177cab5,13003,Balen,Antwerpen,griesbroek 6,griesbroek 6,6,flanders
1168,2023,2,adult,06-09-2023_scheps 35,C40A62BC-753E-4B8E-A09E-101C73DE9BD0,13021,Meerhout,Antwerpen,scheps 35,scheps 35,7,flanders
1169,2023,27,juvenile,06-09-2023_scheps 35,C40A62BC-753E-4B8E-A09E-101C73DE9BD0,13021,Meerhout,Antwerpen,scheps 35,scheps 35,7,flanders
1170,2023,2678,larvae,06-09-2023_scheps 35,C40A62BC-753E-4B8E-A09E-101C73DE9BD0,13021,Meerhout,Antwerpen,scheps 35,scheps 35,7,flanders
1171,2017,0,adult,06-10-2017_arendonk 2,fbb3baeb-c846-444c-926e-02445e328b78,13001,Arendonk,Antwerpen,NA,NA,8,flanders
1172,2017,0,juvenile,06-10-2017_arendonk 2,fbb3baeb-c846-444c-926e-02445e328b78,13001,Arendonk,Antwerpen,NA,NA,8,flanders
1173,2017,683,larvae,06-10-2017_arendonk 2,fbb3baeb-c846-444c-926e-02445e328b78,13001,Arendonk,Antwerpen,NA,NA,8,flanders
1174,2017,0,adult,06-10-2017_arendonk 3,60e6e43e-6855-4917-a336-9ac46d087fad,13001,Arendonk,Antwerpen,NA,NA,2,flanders
1175,2017,0,juvenile,06-10-2017_arendonk 3,60e6e43e-6855-4917-a336-9ac46d087fad,13001,Arendonk,Antwerpen,NA,NA,2,flanders
1176,2017,15,larvae,06-10-2017_arendonk 3,60e6e43e-6855-4917-a336-9ac46d087fad,13001,Arendonk,Antwerpen,NA,NA,2,flanders
1177,2021,0,adult,06-10-2021_molse nete 30,83A1CEBC-73DF-448E-ACFA-85D5E9051C1D,13003,Balen,Antwerpen,molse nete 30,molse nete 30,4,flanders
1178,2021,0,juvenile,06-10-2021_molse nete 30,83A1CEBC-73DF-448E-ACFA-85D5E9051C1D,13003,Balen,Antwerpen,molse nete 30,molse nete 30,4,flanders
1179,2021,0,larvae,06-10-2021_molse nete 30,83A1CEBC-73DF-448E-ACFA-85D5E9051C1D,13003,Balen,Antwerpen,molse nete 30,molse nete 30,4,flanders
1180,2021,0,adult,06-10-2021_zilvermeer 1,1AC0E37E-A362-44A7-8DF5-FF340BEA8607,13025,Mol,Antwerpen,zilvermeer 1,zilvermeer 1,3,flanders
1181,2021,0,juvenile,06-10-2021_zilvermeer 1,1AC0E37E-A362-44A7-8DF5-FF340BEA8607,13025,Mol,Antwerpen,zilvermeer 1,zilvermeer 1,3,flanders
1182,2021,0,larvae,06-10-2021_zilvermeer 1,1AC0E37E-A362-44A7-8DF5-FF340BEA8607,13025,Mol,Antwerpen,zilvermeer 1,zilvermeer 1,3,flanders
1183,2021,0,adult,06-10-2021_zilvermeer 2,B72057E0-3333-4DE2-B98C-219E270DF2A9,13025,Mol,Antwerpen,zilvermeer 2,zilvermeer 2,2,flanders
1184,2021,0,juvenile,06-10-2021_zilvermeer 2,B72057E0-3333-4DE2-B98C-219E270DF2A9,13025,Mol,Antwerpen,zilvermeer 2,zilvermeer 2,2,flanders
1185,2021,0,larvae,06-10-2021_zilvermeer 2,B72057E0-3333-4DE2-B98C-219E270DF2A9,13025,Mol,Antwerpen,zilvermeer 2,zilvermeer 2,2,flanders
1186,2021,2,adult,06-10-2021_zilvermeer 4,2EEA9083-CF92-48AF-981A-A9AF025AD318,13025,Mol,Antwerpen,zilvermeer 4,zilvermeer 4,3,flanders
1187,2021,0,juvenile,06-10-2021_zilvermeer 4,2EEA9083-CF92-48AF-981A-A9AF025AD318,13025,Mol,Antwerpen,zilvermeer 4,zilvermeer 4,3,flanders
1188,2021,0,larvae,06-10-2021_zilvermeer 4,2EEA9083-CF92-48AF-981A-A9AF025AD318,13025,Mol,Antwerpen,zilvermeer 4,zilvermeer 4,3,flanders
1189,2021,0,adult,06-10-2021_zilvermeer 5,0A0EBFB4-4B4E-4815-AD05-64A9DC4E9818,13025,Mol,Antwerpen,zilvermeer 5,zilvermeer 5,3,flanders
1190,2021,0,juvenile,06-10-2021_zilvermeer 5,0A0EBFB4-4B4E-4815-AD05-64A9DC4E9818,13025,Mol,Antwerpen,zilvermeer 5,zilvermeer 5,3,flanders
1191,2021,0,larvae,06-10-2021_zilvermeer 5,0A0EBFB4-4B4E-4815-AD05-64A9DC4E9818,13025,Mol,Antwerpen,zilvermeer 5,zilvermeer 5,3,flanders
1192,2013,0,adult,07-05-2013_arendonk 2,fbb3baeb-c846-444c-926e-02445e328b78,13001,Arendonk,Antwerpen,NA,NA,5,flanders
1193,2013,0,juvenile,07-05-2013_arendonk 2,fbb3baeb-c846-444c-926e-02445e328b78,13001,Arendonk,Antwerpen,NA,NA,5,flanders
1194,2013,1121,larvae,07-05-2013_arendonk 2,fbb3baeb-c846-444c-926e-02445e328b78,13001,Arendonk,Antwerpen,NA,NA,5,flanders
1195,2014,0,adult,07-05-2014_kasterlee 7,d47894eb-3a0b-4dc1-8804-627d397aa280,13017,Kasterlee,Antwerpen,NA,NA,4,flanders
1196,2014,0,juvenile,07-05-2014_kasterlee 7,d47894eb-3a0b-4dc1-8804-627d397aa280,13017,Kasterlee,Antwerpen,NA,NA,4,flanders
1197,2014,143,larvae,07-05-2014_kasterlee 7,d47894eb-3a0b-4dc1-8804-627d397aa280,13017,Kasterlee,Antwerpen,NA,NA,4,flanders
1198,2015,0,adult,07-05-2015_arendonk 2,fbb3baeb-c846-444c-926e-02445e328b78,13001,Arendonk,Antwerpen,NA,NA,4,flanders
1199,2015,0,juvenile,07-05-2015_arendonk 2,fbb3baeb-c846-444c-926e-02445e328b78,13001,Arendonk,Antwerpen,NA,NA,4,flanders
1200,2015,441,larvae,07-05-2015_arendonk 2,fbb3baeb-c846-444c-926e-02445e328b78,13001,Arendonk,Antwerpen,NA,NA,4,flanders
1201,2015,0,adult,07-05-2015_arendonk 3,60e6e43e-6855-4917-a336-9ac46d087fad,13001,Arendonk,Antwerpen,NA,NA,3,flanders
1202,2015,2,juvenile,07-05-2015_arendonk 3,60e6e43e-6855-4917-a336-9ac46d087fad,13001,Arendonk,Antwerpen,NA,NA,3,flanders
1203,2015,0,larvae,07-05-2015_arendonk 3,60e6e43e-6855-4917-a336-9ac46d087fad,13001,Arendonk,Antwerpen,NA,NA,3,flanders
1204,2015,0,adult,07-05-2015_bospoel,bf074168-c09d-40a9-b321-59ce253aa461,13014,Hoogstraten,Antwerpen,NA,NA,3,flanders
1205,2015,0,juvenile,07-05-2015_bospoel,bf074168-c09d-40a9-b321-59ce253aa461,13014,Hoogstraten,Antwerpen,NA,NA,3,flanders
1206,2015,12,larvae,07-05-2015_bospoel,bf074168-c09d-40a9-b321-59ce253aa461,13014,Hoogstraten,Antwerpen,NA,NA,3,flanders
1207,2019,0,adult,07-05-2019_arendonk 2,fbb3baeb-c846-444c-926e-02445e328b78,13001,Arendonk,Antwerpen,arendonk 2,arendonk 2,1,flanders
1208,2019,0,juvenile,07-05-2019_arendonk 2,fbb3baeb-c846-444c-926e-02445e328b78,13001,Arendonk,Antwerpen,arendonk 2,arendonk 2,1,flanders
1209,2019,0,larvae,07-05-2019_arendonk 2,fbb3baeb-c846-444c-926e-02445e328b78,13001,Arendonk,Antwerpen,arendonk 2,arendonk 2,1,flanders
1210,2019,0,adult,07-05-2019_arendonk 4,a7a15699-ae79-44ec-9f82-08ee0158e31d,13001,Arendonk,Antwerpen,arendonk 4,arendonk 4,1,flanders
1211,2019,0,juvenile,07-05-2019_arendonk 4,a7a15699-ae79-44ec-9f82-08ee0158e31d,13001,Arendonk,Antwerpen,arendonk 4,arendonk 4,1,flanders
1212,2019,0,larvae,07-05-2019_arendonk 4,a7a15699-ae79-44ec-9f82-08ee0158e31d,13001,Arendonk,Antwerpen,arendonk 4,arendonk 4,1,flanders
1213,2020,0,adult,07-05-2020_griesbroek 3,95a96ebf-b2d0-461f-9304-d7ada7c4f31d,13003,Balen,Antwerpen,griesbroek 3,griesbroek 3,2,flanders
1214,2020,1,juvenile,07-05-2020_griesbroek 3,95a96ebf-b2d0-461f-9304-d7ada7c4f31d,13003,Balen,Antwerpen,griesbroek 3,griesbroek 3,2,flanders
1215,2020,41,larvae,07-05-2020_griesbroek 3,95a96ebf-b2d0-461f-9304-d7ada7c4f31d,13003,Balen,Antwerpen,griesbroek 3,griesbroek 3,2,flanders
1216,2020,1,adult,07-05-2020_griesbroek 4,ae7f6fdc-d05b-4c2a-ac00-1411d658bd0e,13003,Balen,Antwerpen,griesbroek 4,griesbroek 4,2,flanders
1217,2020,0,juvenile,07-05-2020_griesbroek 4,ae7f6fdc-d05b-4c2a-ac00-1411d658bd0e,13003,Balen,Antwerpen,griesbroek 4,griesbroek 4,2,flanders
1218,2020,52,larvae,07-05-2020_griesbroek 4,ae7f6fdc-d05b-4c2a-ac00-1411d658bd0e,13003,Balen,Antwerpen,griesbroek 4,griesbroek 4,2,flanders
1219,2020,0,adult,07-05-2020_griesbroek 5,829b4e3e-8baf-4236-9896-1f8bb58e893c,13003,Balen,Antwerpen,griesbroek 5,griesbroek 5,3,flanders
1220,2020,2,juvenile,07-05-2020_griesbroek 5,829b4e3e-8baf-4236-9896-1f8bb58e893c,13003,Balen,Antwerpen,griesbroek 5,griesbroek 5,3,flanders
1221,2020,241,larvae,07-05-2020_griesbroek 5,829b4e3e-8baf-4236-9896-1f8bb58e893c,13003,Balen,Antwerpen,griesbroek 5,griesbroek 5,3,flanders
1222,2020,5,adult,07-05-2020_griesbroek 6,03dc3f07-506f-4c71-bbcd-ad24c177cab5,13003,Balen,Antwerpen,griesbroek 6,griesbroek 6,3,flanders
1223,2020,0,juvenile,07-05-2020_griesbroek 6,03dc3f07-506f-4c71-bbcd-ad24c177cab5,13003,Balen,Antwerpen,griesbroek 6,griesbroek 6,3,flanders
1224,2020,487,larvae,07-05-2020_griesbroek 6,03dc3f07-506f-4c71-bbcd-ad24c177cab5,13003,Balen,Antwerpen,griesbroek 6,griesbroek 6,3,flanders
1225,2020,0,adult,07-05-2020_griesbroek 7,80f08260-00f4-4989-8299-eee838d085b4,13003,Balen,Antwerpen,griesbroek 7,griesbroek 7,3,flanders
1226,2020,0,juvenile,07-05-2020_griesbroek 7,80f08260-00f4-4989-8299-eee838d085b4,13003,Balen,Antwerpen,griesbroek 7,griesbroek 7,3,flanders
1227,2020,14,larvae,07-05-2020_griesbroek 7,80f08260-00f4-4989-8299-eee838d085b4,13003,Balen,Antwerpen,griesbroek 7,griesbroek 7,3,flanders
1228,2021,2,adult,07-05-2021_griesbroek 6,03dc3f07-506f-4c71-bbcd-ad24c177cab5,13003,Balen,Antwerpen,griesbroek 6,griesbroek 6,8,flanders
1229,2021,1,juvenile,07-05-2021_griesbroek 6,03dc3f07-506f-4c71-bbcd-ad24c177cab5,13003,Balen,Antwerpen,griesbroek 6,griesbroek 6,8,flanders
1230,2021,1092,larvae,07-05-2021_griesbroek 6,03dc3f07-506f-4c71-bbcd-ad24c177cab5,13003,Balen,Antwerpen,griesbroek 6,griesbroek 6,8,flanders
1231,2022,10,adult,07-05-2022_griesbroek 6,03dc3f07-506f-4c71-bbcd-ad24c177cab5,13003,Balen,Antwerpen,griesbroek 6,griesbroek 6,20,flanders
1232,2022,2,juvenile,07-05-2022_griesbroek 6,03dc3f07-506f-4c71-bbcd-ad24c177cab5,13003,Balen,Antwerpen,griesbroek 6,griesbroek 6,20,flanders
1233,2022,3186,larvae,07-05-2022_griesbroek 6,03dc3f07-506f-4c71-bbcd-ad24c177cab5,13003,Balen,Antwerpen,griesbroek 6,griesbroek 6,20,flanders
1234,2024,7,adult,07-05-2024_griesbroek 6,03dc3f07-506f-4c71-bbcd-ad24c177cab5,13003,Balen,Antwerpen,griesbroek 6,griesbroek 6,20,flanders
1235,2024,3,juvenile,07-05-2024_griesbroek 6,03dc3f07-506f-4c71-bbcd-ad24c177cab5,13003,Balen,Antwerpen,griesbroek 6,griesbroek 6,20,flanders
1236,2024,1,larvae,07-05-2024_griesbroek 6,03dc3f07-506f-4c71-bbcd-ad24c177cab5,13003,Balen,Antwerpen,griesbroek 6,griesbroek 6,20,flanders
1237,2024,0,adult,07-05-2024_laakdal 39,E9E4CE1C-43A6-4817-96EB-873765AA5598,13053,Laakdal,Antwerpen,laakdal 39,laakdal 39,20,flanders
1238,2024,0,juvenile,07-05-2024_laakdal 39,E9E4CE1C-43A6-4817-96EB-873765AA5598,13053,Laakdal,Antwerpen,laakdal 39,laakdal 39,20,flanders
1239,2024,0,larvae,07-05-2024_laakdal 39,E9E4CE1C-43A6-4817-96EB-873765AA5598,13053,Laakdal,Antwerpen,laakdal 39,laakdal 39,20,flanders
1240,2024,0,adult,07-05-2024_scheps 7,009d325e-8c76-4049-bc69-31f6163e254e,13003,Balen,Antwerpen,scheps 7,scheps 7,7,flanders
1241,2024,0,juvenile,07-05-2024_scheps 7,009d325e-8c76-4049-bc69-31f6163e254e,13003,Balen,Antwerpen,scheps 7,scheps 7,7,flanders
1242,2024,2,larvae,07-05-2024_scheps 7,009d325e-8c76-4049-bc69-31f6163e254e,13003,Balen,Antwerpen,scheps 7,scheps 7,7,flanders
1243,2025,3,adult,07-05-2025_griesbroek 6,03dc3f07-506f-4c71-bbcd-ad24c177cab5,13003,Balen,Antwerpen,griesbroek 6,griesbroek 6,12,flanders
1244,2025,4,juvenile,07-05-2025_griesbroek 6,03dc3f07-506f-4c71-bbcd-ad24c177cab5,13003,Balen,Antwerpen,griesbroek 6,griesbroek 6,12,flanders
1245,2025,403,larvae,07-05-2025_griesbroek 6,03dc3f07-506f-4c71-bbcd-ad24c177cab5,13003,Balen,Antwerpen,griesbroek 6,griesbroek 6,12,flanders
1246,2025,0,adult,07-05-2025_molse nete 25,CCB25757-251A-496E-BE76-0FCEBCCE248E,13003,Balen,Antwerpen,molse nete 25,molse nete 25,6,flanders
1247,2025,1,juvenile,07-05-2025_molse nete 25,CCB25757-251A-496E-BE76-0FCEBCCE248E,13003,Balen,Antwerpen,molse nete 25,molse nete 25,6,flanders
1248,2025,215,larvae,07-05-2025_molse nete 25,CCB25757-251A-496E-BE76-0FCEBCCE248E,13003,Balen,Antwerpen,molse nete 25,molse nete 25,6,flanders
1249,2025,1,adult,07-05-2025_molse nete 31,FF2EAC7B-0342-4549-A8B8-E0542719444C,13003,Balen,Antwerpen,molse nete 31,molse nete 31,9,flanders
1250,2025,0,juvenile,07-05-2025_molse nete 31,FF2EAC7B-0342-4549-A8B8-E0542719444C,13003,Balen,Antwerpen,molse nete 31,molse nete 31,9,flanders
1251,2025,102,larvae,07-05-2025_molse nete 31,FF2EAC7B-0342-4549-A8B8-E0542719444C,13003,Balen,Antwerpen,molse nete 31,molse nete 31,9,flanders
1252,2025,0,adult,07-05-2025_molse nete 34,C9CD45C3-D4B7-43B3-A539-282D76046F45,13003,Balen,Antwerpen,molse nete 34,molse nete 34,11,flanders
1253,2025,0,juvenile,07-05-2025_molse nete 34,C9CD45C3-D4B7-43B3-A539-282D76046F45,13003,Balen,Antwerpen,molse nete 34,molse nete 34,11,flanders
1254,2025,19,larvae,07-05-2025_molse nete 34,C9CD45C3-D4B7-43B3-A539-282D76046F45,13003,Balen,Antwerpen,molse nete 34,molse nete 34,11,flanders
1255,2025,0,adult,07-05-2025_scheps 20,03167d3d-4f00-42b8-b8be-fbe739205a3c,13003,Balen,Antwerpen,scheps 20,scheps 20,11,flanders
1256,2025,4,juvenile,07-05-2025_scheps 20,03167d3d-4f00-42b8-b8be-fbe739205a3c,13003,Balen,Antwerpen,scheps 20,scheps 20,11,flanders
1257,2025,42,larvae,07-05-2025_scheps 20,03167d3d-4f00-42b8-b8be-fbe739205a3c,13003,Balen,Antwerpen,scheps 20,scheps 20,11,flanders
1258,2012,0,adult,07-06-2012_bospoel,bf074168-c09d-40a9-b321-59ce253aa461,13014,Hoogstraten,Antwerpen,NA,NA,3,flanders
1259,2012,0,juvenile,07-06-2012_bospoel,bf074168-c09d-40a9-b321-59ce253aa461,13014,Hoogstraten,Antwerpen,NA,NA,3,flanders
1260,2012,2,larvae,07-06-2012_bospoel,bf074168-c09d-40a9-b321-59ce253aa461,13014,Hoogstraten,Antwerpen,NA,NA,3,flanders
1261,2012,2,adult,07-06-2012_driehoek,48fb261c-3f3a-4a95-9103-1e6822dae999,13014,Hoogstraten,Antwerpen,NA,NA,4,flanders
1262,2012,0,juvenile,07-06-2012_driehoek,48fb261c-3f3a-4a95-9103-1e6822dae999,13014,Hoogstraten,Antwerpen,NA,NA,4,flanders
1263,2012,2,larvae,07-06-2012_driehoek,48fb261c-3f3a-4a95-9103-1e6822dae999,13014,Hoogstraten,Antwerpen,NA,NA,4,flanders
1264,2021,4,adult,07-06-2021_griesbroek 6,03dc3f07-506f-4c71-bbcd-ad24c177cab5,13003,Balen,Antwerpen,griesbroek 6,griesbroek 6,8,flanders
1265,2021,1,juvenile,07-06-2021_griesbroek 6,03dc3f07-506f-4c71-bbcd-ad24c177cab5,13003,Balen,Antwerpen,griesbroek 6,griesbroek 6,8,flanders
1266,2021,956,larvae,07-06-2021_griesbroek 6,03dc3f07-506f-4c71-bbcd-ad24c177cab5,13003,Balen,Antwerpen,griesbroek 6,griesbroek 6,8,flanders
1267,2021,0,adult,07-06-2021_laakdal 41,3FF122FA-A234-4A59-B023-BF7A15813990,13053,Laakdal,Antwerpen,laakdal 41,laakdal 41,11,flanders
1268,2021,0,juvenile,07-06-2021_laakdal 41,3FF122FA-A234-4A59-B023-BF7A15813990,13053,Laakdal,Antwerpen,laakdal 41,laakdal 41,11,flanders
1269,2021,1160,larvae,07-06-2021_laakdal 41,3FF122FA-A234-4A59-B023-BF7A15813990,13053,Laakdal,Antwerpen,laakdal 41,laakdal 41,11,flanders
1270,2022,0,adult,07-06-2022_laakdal 8,09ca8425-c95b-4917-b164-156dd49df60c,13053,Laakdal,Antwerpen,laakdal 8,laakdal 8,10,flanders
1271,2022,0,juvenile,07-06-2022_laakdal 8,09ca8425-c95b-4917-b164-156dd49df60c,13053,Laakdal,Antwerpen,laakdal 8,laakdal 8,10,flanders
1272,2022,0,larvae,07-06-2022_laakdal 8,09ca8425-c95b-4917-b164-156dd49df60c,13053,Laakdal,Antwerpen,laakdal 8,laakdal 8,10,flanders
1273,2022,4,adult,07-06-2022_meerhout 14,2AB1C866-FD95-4691-A764-F45063561D06,13008,Geel,Antwerpen,meerhout 14,meerhout 14,39,flanders
1274,2022,32,juvenile,07-06-2022_meerhout 14,2AB1C866-FD95-4691-A764-F45063561D06,13008,Geel,Antwerpen,meerhout 14,meerhout 14,39,flanders
1275,2022,1707,larvae,07-06-2022_meerhout 14,2AB1C866-FD95-4691-A764-F45063561D06,13008,Geel,Antwerpen,meerhout 14,meerhout 14,39,flanders
1276,2023,0,adult,07-06-2023_arendonk 2,fbb3baeb-c846-444c-926e-02445e328b78,13001,Arendonk,Antwerpen,arendonk 2,arendonk 2,20,flanders
1277,2023,5,juvenile,07-06-2023_arendonk 2,fbb3baeb-c846-444c-926e-02445e328b78,13001,Arendonk,Antwerpen,arendonk 2,arendonk 2,20,flanders
1278,2023,176,larvae,07-06-2023_arendonk 2,fbb3baeb-c846-444c-926e-02445e328b78,13001,Arendonk,Antwerpen,arendonk 2,arendonk 2,20,flanders
1279,2023,15,adult,07-06-2023_griesbroek 6,03dc3f07-506f-4c71-bbcd-ad24c177cab5,13003,Balen,Antwerpen,griesbroek 6,griesbroek 6,4,flanders
1280,2023,18,juvenile,07-06-2023_griesbroek 6,03dc3f07-506f-4c71-bbcd-ad24c177cab5,13003,Balen,Antwerpen,griesbroek 6,griesbroek 6,4,flanders
1281,2023,186,larvae,07-06-2023_griesbroek 6,03dc3f07-506f-4c71-bbcd-ad24c177cab5,13003,Balen,Antwerpen,griesbroek 6,griesbroek 6,4,flanders
1282,2023,1,adult,07-06-2023_laakdal 42,CFE5F760-038E-4AFA-A19C-F41167BA5C06,13053,Laakdal,Antwerpen,laakdal 42,laakdal 42,20,flanders
1283,2023,0,juvenile,07-06-2023_laakdal 42,CFE5F760-038E-4AFA-A19C-F41167BA5C06,13053,Laakdal,Antwerpen,laakdal 42,laakdal 42,20,flanders
1284,2023,8,larvae,07-06-2023_laakdal 42,CFE5F760-038E-4AFA-A19C-F41167BA5C06,13053,Laakdal,Antwerpen,laakdal 42,laakdal 42,20,flanders
1285,2023,0,adult,07-06-2023_scheps 20,03167d3d-4f00-42b8-b8be-fbe739205a3c,13003,Balen,Antwerpen,scheps 20,scheps 20,2,flanders
1286,2023,1,juvenile,07-06-2023_scheps 20,03167d3d-4f00-42b8-b8be-fbe739205a3c,13003,Balen,Antwerpen,scheps 20,scheps 20,2,flanders
1287,2023,72,larvae,07-06-2023_scheps 20,03167d3d-4f00-42b8-b8be-fbe739205a3c,13003,Balen,Antwerpen,scheps 20,scheps 20,2,flanders
1288,2023,3,adult,07-06-2023_scheps 35,C40A62BC-753E-4B8E-A09E-101C73DE9BD0,13021,Meerhout,Antwerpen,scheps 35,scheps 35,6,flanders
1289,2023,0,juvenile,07-06-2023_scheps 35,C40A62BC-753E-4B8E-A09E-101C73DE9BD0,13021,Meerhout,Antwerpen,scheps 35,scheps 35,6,flanders
1290,2023,1260,larvae,07-06-2023_scheps 35,C40A62BC-753E-4B8E-A09E-101C73DE9BD0,13021,Meerhout,Antwerpen,scheps 35,scheps 35,6,flanders
1291,2024,0,adult,07-06-2024_arendonk 2,fbb3baeb-c846-444c-926e-02445e328b78,13001,Arendonk,Antwerpen,arendonk 2,arendonk 2,20,flanders
1292,2024,0,juvenile,07-06-2024_arendonk 2,fbb3baeb-c846-444c-926e-02445e328b78,13001,Arendonk,Antwerpen,arendonk 2,arendonk 2,20,flanders
1293,2024,0,larvae,07-06-2024_arendonk 2,fbb3baeb-c846-444c-926e-02445e328b78,13001,Arendonk,Antwerpen,arendonk 2,arendonk 2,20,flanders
1294,2024,3,adult,07-06-2024_bel 1,E889F226-84B5-499E-A73B-A5DF719C540C,13008,Geel,Antwerpen,bel 1,bel 1,16,flanders
1295,2024,0,juvenile,07-06-2024_bel 1,E889F226-84B5-499E-A73B-A5DF719C540C,13008,Geel,Antwerpen,bel 1,bel 1,16,flanders
1296,2024,1238,larvae,07-06-2024_bel 1,E889F226-84B5-499E-A73B-A5DF719C540C,13008,Geel,Antwerpen,bel 1,bel 1,16,flanders
1297,2024,0,adult,07-06-2024_geel kruiskwacht 2,781F2ED8-0177-4D33-902F-C7DC87D7808E,13008,Geel,Antwerpen,geel kruiskwacht 2,geel kruiskwacht 2,10,flanders
1298,2024,0,juvenile,07-06-2024_geel kruiskwacht 2,781F2ED8-0177-4D33-902F-C7DC87D7808E,13008,Geel,Antwerpen,geel kruiskwacht 2,geel kruiskwacht 2,10,flanders
1299,2024,46,larvae,07-06-2024_geel kruiskwacht 2,781F2ED8-0177-4D33-902F-C7DC87D7808E,13008,Geel,Antwerpen,geel kruiskwacht 2,geel kruiskwacht 2,10,flanders
1300,2024,6,adult,07-06-2024_geel kruiskwacht 3,03D4A801-541C-48F7-86F0-F65BE5D1B246,13008,Geel,Antwerpen,geel kruiskwacht 3,geel kruiskwacht 3,6,flanders
1301,2024,3,juvenile,07-06-2024_geel kruiskwacht 3,03D4A801-541C-48F7-86F0-F65BE5D1B246,13008,Geel,Antwerpen,geel kruiskwacht 3,geel kruiskwacht 3,6,flanders
1302,2024,220,larvae,07-06-2024_geel kruiskwacht 3,03D4A801-541C-48F7-86F0-F65BE5D1B246,13008,Geel,Antwerpen,geel kruiskwacht 3,geel kruiskwacht 3,6,flanders
1303,2024,1,adult,07-06-2024_griesbroek 6,03dc3f07-506f-4c71-bbcd-ad24c177cab5,13003,Balen,Antwerpen,griesbroek 6,griesbroek 6,20,flanders
1304,2024,4,juvenile,07-06-2024_griesbroek 6,03dc3f07-506f-4c71-bbcd-ad24c177cab5,13003,Balen,Antwerpen,griesbroek 6,griesbroek 6,20,flanders
1305,2024,34,larvae,07-06-2024_griesbroek 6,03dc3f07-506f-4c71-bbcd-ad24c177cab5,13003,Balen,Antwerpen,griesbroek 6,griesbroek 6,20,flanders
1306,2020,0,adult,07-07-2020_kasterlee 1,63d295be-59bb-4c60-8106-fe667dd5dc7e,13017,Kasterlee,Antwerpen,kasterlee 1,kasterlee 1,1,flanders
1307,2020,0,juvenile,07-07-2020_kasterlee 1,63d295be-59bb-4c60-8106-fe667dd5dc7e,13017,Kasterlee,Antwerpen,kasterlee 1,kasterlee 1,1,flanders
1308,2020,0,larvae,07-07-2020_kasterlee 1,63d295be-59bb-4c60-8106-fe667dd5dc7e,13017,Kasterlee,Antwerpen,kasterlee 1,kasterlee 1,1,flanders
1309,2020,0,adult,07-07-2020_kasterlee 12,a1afa4c1-fb1a-4717-909f-9fed2eefb9fa,13017,Kasterlee,Antwerpen,kasterlee 12,kasterlee 12,2,flanders
1310,2020,0,juvenile,07-07-2020_kasterlee 12,a1afa4c1-fb1a-4717-909f-9fed2eefb9fa,13017,Kasterlee,Antwerpen,kasterlee 12,kasterlee 12,2,flanders
1311,2020,0,larvae,07-07-2020_kasterlee 12,a1afa4c1-fb1a-4717-909f-9fed2eefb9fa,13017,Kasterlee,Antwerpen,kasterlee 12,kasterlee 12,2,flanders
1312,2020,0,adult,07-07-2020_kasterlee 13,db13750e-281b-4b47-80e5-e4036050d1c1,13017,Kasterlee,Antwerpen,kasterlee 13,kasterlee 13,2,flanders
1313,2020,0,juvenile,07-07-2020_kasterlee 13,db13750e-281b-4b47-80e5-e4036050d1c1,13017,Kasterlee,Antwerpen,kasterlee 13,kasterlee 13,2,flanders
1314,2020,0,larvae,07-07-2020_kasterlee 13,db13750e-281b-4b47-80e5-e4036050d1c1,13017,Kasterlee,Antwerpen,kasterlee 13,kasterlee 13,2,flanders
1315,2020,0,adult,07-07-2020_kasterlee 3,fa5d281f-6266-4d4b-b6a7-cd44132e9b99,13017,Kasterlee,Antwerpen,kasterlee 3,kasterlee 3,2,flanders
1316,2020,0,juvenile,07-07-2020_kasterlee 3,fa5d281f-6266-4d4b-b6a7-cd44132e9b99,13017,Kasterlee,Antwerpen,kasterlee 3,kasterlee 3,2,flanders
1317,2020,0,larvae,07-07-2020_kasterlee 3,fa5d281f-6266-4d4b-b6a7-cd44132e9b99,13017,Kasterlee,Antwerpen,kasterlee 3,kasterlee 3,2,flanders
1318,2020,0,adult,07-07-2020_kasterlee 7,d47894eb-3a0b-4dc1-8804-627d397aa280,13017,Kasterlee,Antwerpen,kasterlee 7,kasterlee 7,1,flanders
1319,2020,0,juvenile,07-07-2020_kasterlee 7,d47894eb-3a0b-4dc1-8804-627d397aa280,13017,Kasterlee,Antwerpen,kasterlee 7,kasterlee 7,1,flanders
1320,2020,0,larvae,07-07-2020_kasterlee 7,d47894eb-3a0b-4dc1-8804-627d397aa280,13017,Kasterlee,Antwerpen,kasterlee 7,kasterlee 7,1,flanders
1321,2020,0,adult,07-07-2020_laakdal 29a,de83344d-e0f9-4f55-a1a8-78276efef1a7,13053,Laakdal,Antwerpen,laakdal 29a,laakdal 29a,1,flanders
1322,2020,0,juvenile,07-07-2020_laakdal 29a,de83344d-e0f9-4f55-a1a8-78276efef1a7,13053,Laakdal,Antwerpen,laakdal 29a,laakdal 29a,1,flanders
1323,2020,0,larvae,07-07-2020_laakdal 29a,de83344d-e0f9-4f55-a1a8-78276efef1a7,13053,Laakdal,Antwerpen,laakdal 29a,laakdal 29a,1,flanders
1324,2020,0,adult,07-07-2020_laakdal 29b,111e5f0d-b25e-4ec8-aabf-0eeb6cd1d93b,13053,Laakdal,Antwerpen,laakdal 29b,laakdal 29b,1,flanders
1325,2020,1,juvenile,07-07-2020_laakdal 29b,111e5f0d-b25e-4ec8-aabf-0eeb6cd1d93b,13053,Laakdal,Antwerpen,laakdal 29b,laakdal 29b,1,flanders
1326,2020,0,larvae,07-07-2020_laakdal 29b,111e5f0d-b25e-4ec8-aabf-0eeb6cd1d93b,13053,Laakdal,Antwerpen,laakdal 29b,laakdal 29b,1,flanders
1327,2020,0,adult,07-07-2020_laakdal 30,b9f26eb5-535f-4adb-a08c-a03acbdd911d,13053,Laakdal,Antwerpen,laakdal 30,laakdal 30,1,flanders
1328,2020,0,juvenile,07-07-2020_laakdal 30,b9f26eb5-535f-4adb-a08c-a03acbdd911d,13053,Laakdal,Antwerpen,laakdal 30,laakdal 30,1,flanders
1329,2020,0,larvae,07-07-2020_laakdal 30,b9f26eb5-535f-4adb-a08c-a03acbdd911d,13053,Laakdal,Antwerpen,laakdal 30,laakdal 30,1,flanders
1330,2020,0,adult,07-07-2020_laakdal 30a,ce2db875-a0b7-4036-82e6-7d6d928d83f7,13053,Laakdal,Antwerpen,laakdal 30a,laakdal 30a,1,flanders
1331,2020,0,juvenile,07-07-2020_laakdal 30a,ce2db875-a0b7-4036-82e6-7d6d928d83f7,13053,Laakdal,Antwerpen,laakdal 30a,laakdal 30a,1,flanders
1332,2020,0,larvae,07-07-2020_laakdal 30a,ce2db875-a0b7-4036-82e6-7d6d928d83f7,13053,Laakdal,Antwerpen,laakdal 30a,laakdal 30a,1,flanders
1333,2020,0,adult,07-07-2020_laakdal 30b,92777d67-9553-48cc-b78e-2f8325715769,13053,Laakdal,Antwerpen,laakdal 30b,laakdal 30b,3,flanders
1334,2020,2,juvenile,07-07-2020_laakdal 30b,92777d67-9553-48cc-b78e-2f8325715769,13053,Laakdal,Antwerpen,laakdal 30b,laakdal 30b,3,flanders
1335,2020,0,larvae,07-07-2020_laakdal 30b,92777d67-9553-48cc-b78e-2f8325715769,13053,Laakdal,Antwerpen,laakdal 30b,laakdal 30b,3,flanders
1336,2020,0,adult,07-07-2020_laakdal 30c,e8165c62-451a-4d96-882f-468098023cc4,13053,Laakdal,Antwerpen,laakdal 30c,laakdal 30c,2,flanders
1337,2020,0,juvenile,07-07-2020_laakdal 30c,e8165c62-451a-4d96-882f-468098023cc4,13053,Laakdal,Antwerpen,laakdal 30c,laakdal 30c,2,flanders
1338,2020,0,larvae,07-07-2020_laakdal 30c,e8165c62-451a-4d96-882f-468098023cc4,13053,Laakdal,Antwerpen,laakdal 30c,laakdal 30c,2,flanders
1339,2021,0,adult,07-07-2021_antlkd0019b,FB494ED0-A45E-46C5-815E-0175772811CA,13053,Laakdal,Antwerpen,antlkd0019b,antlkd0019b,5,flanders
1340,2021,0,juvenile,07-07-2021_antlkd0019b,FB494ED0-A45E-46C5-815E-0175772811CA,13053,Laakdal,Antwerpen,antlkd0019b,antlkd0019b,5,flanders
1341,2021,233,larvae,07-07-2021_antlkd0019b,FB494ED0-A45E-46C5-815E-0175772811CA,13053,Laakdal,Antwerpen,antlkd0019b,antlkd0019b,5,flanders
1342,2021,1,adult,07-07-2021_laakdal 37,835E903F-A579-4355-8AB0-7D70249F0B89,13053,Laakdal,Antwerpen,laakdal 37,laakdal 37,4,flanders
1343,2021,0,juvenile,07-07-2021_laakdal 37,835E903F-A579-4355-8AB0-7D70249F0B89,13053,Laakdal,Antwerpen,laakdal 37,laakdal 37,4,flanders
1344,2021,0,larvae,07-07-2021_laakdal 37,835E903F-A579-4355-8AB0-7D70249F0B89,13053,Laakdal,Antwerpen,laakdal 37,laakdal 37,4,flanders
1345,2021,0,adult,07-07-2021_laakdal 5,62abe301-066c-4fa9-a54d-14e8b8882923,13053,Laakdal,Antwerpen,laakdal 5,laakdal 5,8,flanders
1346,2021,6,juvenile,07-07-2021_laakdal 5,62abe301-066c-4fa9-a54d-14e8b8882923,13053,Laakdal,Antwerpen,laakdal 5,laakdal 5,8,flanders
1347,2021,126,larvae,07-07-2021_laakdal 5,62abe301-066c-4fa9-a54d-14e8b8882923,13053,Laakdal,Antwerpen,laakdal 5,laakdal 5,8,flanders
1348,2021,0,adult,07-07-2021_nijlen g2,a484323f-4a55-4cf1-affb-6b5870f769db,12021,Lier,Antwerpen,nijlen g2,nijlen g2,7,flanders
1349,2021,0,juvenile,07-07-2021_nijlen g2,a484323f-4a55-4cf1-affb-6b5870f769db,12021,Lier,Antwerpen,nijlen g2,nijlen g2,7,flanders
1350,2021,0,larvae,07-07-2021_nijlen g2,a484323f-4a55-4cf1-affb-6b5870f769db,12021,Lier,Antwerpen,nijlen g2,nijlen g2,7,flanders
1351,2022,0,adult,07-07-2022_herselt 28,99BDEF54-B094-4E05-95DD-CA9ACB03CC39,13013,Herselt,Antwerpen,herselt 28,herselt 28,20,flanders
1352,2022,0,juvenile,07-07-2022_herselt 28,99BDEF54-B094-4E05-95DD-CA9ACB03CC39,13013,Herselt,Antwerpen,herselt 28,herselt 28,20,flanders
1353,2022,0,larvae,07-07-2022_herselt 28,99BDEF54-B094-4E05-95DD-CA9ACB03CC39,13013,Herselt,Antwerpen,herselt 28,herselt 28,20,flanders
1354,2022,1,adult,07-07-2022_laakdal 30c,e8165c62-451a-4d96-882f-468098023cc4,13053,Laakdal,Antwerpen,laakdal 30c,laakdal 30c,9,flanders
1355,2022,1,juvenile,07-07-2022_laakdal 30c,e8165c62-451a-4d96-882f-468098023cc4,13053,Laakdal,Antwerpen,laakdal 30c,laakdal 30c,9,flanders
1356,2022,1,larvae,07-07-2022_laakdal 30c,e8165c62-451a-4d96-882f-468098023cc4,13053,Laakdal,Antwerpen,laakdal 30c,laakdal 30c,9,flanders
1357,2022,0,adult,07-07-2022_laakdal 32c,8dd8b062-2159-4ffb-bb54-2902bcaf4652,13053,Laakdal,Antwerpen,laakdal 32c,laakdal 32c,9,flanders
1358,2022,0,juvenile,07-07-2022_laakdal 32c,8dd8b062-2159-4ffb-bb54-2902bcaf4652,13053,Laakdal,Antwerpen,laakdal 32c,laakdal 32c,9,flanders
1359,2022,0,larvae,07-07-2022_laakdal 32c,8dd8b062-2159-4ffb-bb54-2902bcaf4652,13053,Laakdal,Antwerpen,laakdal 32c,laakdal 32c,9,flanders
1360,2022,0,adult,07-07-2022_laakdal 46,10AFB11D-0BEB-4E33-8446-433D3E834C10,13053,Laakdal,Antwerpen,laakdal 46,laakdal 46,1,flanders
1361,2022,0,juvenile,07-07-2022_laakdal 46,10AFB11D-0BEB-4E33-8446-433D3E834C10,13053,Laakdal,Antwerpen,laakdal 46,laakdal 46,1,flanders
1362,2022,0,larvae,07-07-2022_laakdal 46,10AFB11D-0BEB-4E33-8446-433D3E834C10,13053,Laakdal,Antwerpen,laakdal 46,laakdal 46,1,flanders
1363,2023,0,adult,07-07-2023_laakdal 16a,6390430e-5452-4bf9-9f99-97ad75bacf11,13053,Laakdal,Antwerpen,laakdal 16a,laakdal 16a,15,flanders
1364,2023,0,juvenile,07-07-2023_laakdal 16a,6390430e-5452-4bf9-9f99-97ad75bacf11,13053,Laakdal,Antwerpen,laakdal 16a,laakdal 16a,15,flanders
1365,2023,1,larvae,07-07-2023_laakdal 16a,6390430e-5452-4bf9-9f99-97ad75bacf11,13053,Laakdal,Antwerpen,laakdal 16a,laakdal 16a,15,flanders
1366,2023,0,adult,07-07-2023_laakdal 16b,af15e2c5-8ad8-4f77-bc2c-8f1c6d18fc90,13053,Laakdal,Antwerpen,laakdal 16b,laakdal 16b,3,flanders
1367,2023,0,juvenile,07-07-2023_laakdal 16b,af15e2c5-8ad8-4f77-bc2c-8f1c6d18fc90,13053,Laakdal,Antwerpen,laakdal 16b,laakdal 16b,3,flanders
1368,2023,0,larvae,07-07-2023_laakdal 16b,af15e2c5-8ad8-4f77-bc2c-8f1c6d18fc90,13053,Laakdal,Antwerpen,laakdal 16b,laakdal 16b,3,flanders
1369,2023,0,adult,07-07-2023_laakdal 39,E9E4CE1C-43A6-4817-96EB-873765AA5598,13053,Laakdal,Antwerpen,laakdal 39,laakdal 39,4,flanders
1370,2023,14,juvenile,07-07-2023_laakdal 39,E9E4CE1C-43A6-4817-96EB-873765AA5598,13053,Laakdal,Antwerpen,laakdal 39,laakdal 39,4,flanders
1371,2023,85,larvae,07-07-2023_laakdal 39,E9E4CE1C-43A6-4817-96EB-873765AA5598,13053,Laakdal,Antwerpen,laakdal 39,laakdal 39,4,flanders
1372,2023,1,adult,07-07-2023_laakdal 41,3FF122FA-A234-4A59-B023-BF7A15813990,13053,Laakdal,Antwerpen,laakdal 41,laakdal 41,20,flanders
1373,2023,11,juvenile,07-07-2023_laakdal 41,3FF122FA-A234-4A59-B023-BF7A15813990,13053,Laakdal,Antwerpen,laakdal 41,laakdal 41,20,flanders
1374,2023,205,larvae,07-07-2023_laakdal 41,3FF122FA-A234-4A59-B023-BF7A15813990,13053,Laakdal,Antwerpen,laakdal 41,laakdal 41,20,flanders
1375,2013,1,adult,07-08-2013_driehoek,48fb261c-3f3a-4a95-9103-1e6822dae999,13014,Hoogstraten,Antwerpen,NA,NA,3,flanders
1376,2013,0,juvenile,07-08-2013_driehoek,48fb261c-3f3a-4a95-9103-1e6822dae999,13014,Hoogstraten,Antwerpen,NA,NA,3,flanders
1377,2013,4,larvae,07-08-2013_driehoek,48fb261c-3f3a-4a95-9103-1e6822dae999,13014,Hoogstraten,Antwerpen,NA,NA,3,flanders
1378,2014,0,adult,07-08-2014_driehoek,48fb261c-3f3a-4a95-9103-1e6822dae999,13014,Hoogstraten,Antwerpen,NA,NA,3,flanders
1379,2014,0,juvenile,07-08-2014_driehoek,48fb261c-3f3a-4a95-9103-1e6822dae999,13014,Hoogstraten,Antwerpen,NA,NA,3,flanders
1380,2014,18,larvae,07-08-2014_driehoek,48fb261c-3f3a-4a95-9103-1e6822dae999,13014,Hoogstraten,Antwerpen,NA,NA,3,flanders
1381,2020,1,adult,07-08-2020_scheps 12,0701b62d-8e2d-436c-a25d-fae9a6529871,13003,Balen,Antwerpen,scheps 12,scheps 12,2,flanders
1382,2020,0,juvenile,07-08-2020_scheps 12,0701b62d-8e2d-436c-a25d-fae9a6529871,13003,Balen,Antwerpen,scheps 12,scheps 12,2,flanders
1383,2020,0,larvae,07-08-2020_scheps 12,0701b62d-8e2d-436c-a25d-fae9a6529871,13003,Balen,Antwerpen,scheps 12,scheps 12,2,flanders
1384,2020,0,adult,07-08-2020_scheps 18,696dfa66-6654-40d7-b115-8aa065f74301,13003,Balen,Antwerpen,scheps 18,scheps 18,3,flanders
1385,2020,0,juvenile,07-08-2020_scheps 18,696dfa66-6654-40d7-b115-8aa065f74301,13003,Balen,Antwerpen,scheps 18,scheps 18,3,flanders
1386,2020,0,larvae,07-08-2020_scheps 18,696dfa66-6654-40d7-b115-8aa065f74301,13003,Balen,Antwerpen,scheps 18,scheps 18,3,flanders
1387,2020,1,adult,07-08-2020_scheps 19b,a321d8fa-853f-4c3a-8c14-c1d649ea0e43,13003,Balen,Antwerpen,scheps 19b,scheps 19b,3,flanders
1388,2020,0,juvenile,07-08-2020_scheps 19b,a321d8fa-853f-4c3a-8c14-c1d649ea0e43,13003,Balen,Antwerpen,scheps 19b,scheps 19b,3,flanders
1389,2020,0,larvae,07-08-2020_scheps 19b,a321d8fa-853f-4c3a-8c14-c1d649ea0e43,13003,Balen,Antwerpen,scheps 19b,scheps 19b,3,flanders
1390,2021,0,adult,07-08-2021_nijlen b15,05c32330-fd8e-4e80-9ef6-57357d09ef38,12026,Nijlen,Antwerpen,nijlen b15,nijlen b15,5,flanders
1391,2021,0,juvenile,07-08-2021_nijlen b15,05c32330-fd8e-4e80-9ef6-57357d09ef38,12026,Nijlen,Antwerpen,nijlen b15,nijlen b15,5,flanders
1392,2021,0,larvae,07-08-2021_nijlen b15,05c32330-fd8e-4e80-9ef6-57357d09ef38,12026,Nijlen,Antwerpen,nijlen b15,nijlen b15,5,flanders
1393,2021,0,adult,07-08-2021_nijlen b3b,023e2cd6-493c-4e24-bbe1-e03c9afdb0a1,12026,Nijlen,Antwerpen,nijlen b3b,nijlen b3b,4,flanders
1394,2021,4,juvenile,07-08-2021_nijlen b3b,023e2cd6-493c-4e24-bbe1-e03c9afdb0a1,12026,Nijlen,Antwerpen,nijlen b3b,nijlen b3b,4,flanders
1395,2021,0,larvae,07-08-2021_nijlen b3b,023e2cd6-493c-4e24-bbe1-e03c9afdb0a1,12026,Nijlen,Antwerpen,nijlen b3b,nijlen b3b,4,flanders
1396,2024,2,adult,07-08-2024_scheps 35,C40A62BC-753E-4B8E-A09E-101C73DE9BD0,13021,Meerhout,Antwerpen,scheps 35,scheps 35,3,flanders
1397,2024,1,juvenile,07-08-2024_scheps 35,C40A62BC-753E-4B8E-A09E-101C73DE9BD0,13021,Meerhout,Antwerpen,scheps 35,scheps 35,3,flanders
1398,2024,911,larvae,07-08-2024_scheps 35,C40A62BC-753E-4B8E-A09E-101C73DE9BD0,13021,Meerhout,Antwerpen,scheps 35,scheps 35,3,flanders
1399,2024,1,adult,07-08-2024_scheps 39,E0BFF7E4-D0E2-44B4-A7FE-2DD211144B52,13003,Balen,Antwerpen,scheps 39,scheps 39,17,flanders
1400,2024,1,juvenile,07-08-2024_scheps 39,E0BFF7E4-D0E2-44B4-A7FE-2DD211144B52,13003,Balen,Antwerpen,scheps 39,scheps 39,17,flanders
1401,2024,94,larvae,07-08-2024_scheps 39,E0BFF7E4-D0E2-44B4-A7FE-2DD211144B52,13003,Balen,Antwerpen,scheps 39,scheps 39,17,flanders
1402,2010,1,adult,07-09-2010_driehoek,48fb261c-3f3a-4a95-9103-1e6822dae999,13014,Hoogstraten,Antwerpen,NA,NA,4,flanders
1403,2010,2,juvenile,07-09-2010_driehoek,48fb261c-3f3a-4a95-9103-1e6822dae999,13014,Hoogstraten,Antwerpen,NA,NA,4,flanders
1404,2010,16,larvae,07-09-2010_driehoek,48fb261c-3f3a-4a95-9103-1e6822dae999,13014,Hoogstraten,Antwerpen,NA,NA,4,flanders
1405,2011,2,adult,07-09-2011_arendonk 3,60e6e43e-6855-4917-a336-9ac46d087fad,13001,Arendonk,Antwerpen,NA,NA,6,flanders
1406,2011,1,juvenile,07-09-2011_arendonk 3,60e6e43e-6855-4917-a336-9ac46d087fad,13001,Arendonk,Antwerpen,NA,NA,6,flanders
1407,2011,31,larvae,07-09-2011_arendonk 3,60e6e43e-6855-4917-a336-9ac46d087fad,13001,Arendonk,Antwerpen,NA,NA,6,flanders
1408,2018,0,adult,07-09-2018_arendonk 2,fbb3baeb-c846-444c-926e-02445e328b78,13001,Arendonk,Antwerpen,NA,NA,1,flanders
1409,2018,0,juvenile,07-09-2018_arendonk 2,fbb3baeb-c846-444c-926e-02445e328b78,13001,Arendonk,Antwerpen,NA,NA,1,flanders
1410,2018,347,larvae,07-09-2018_arendonk 2,fbb3baeb-c846-444c-926e-02445e328b78,13001,Arendonk,Antwerpen,NA,NA,1,flanders
1411,2022,3,adult,07-09-2022_scheps 20,03167d3d-4f00-42b8-b8be-fbe739205a3c,13003,Balen,Antwerpen,scheps 20,scheps 20,11,flanders
1412,2022,66,juvenile,07-09-2022_scheps 20,03167d3d-4f00-42b8-b8be-fbe739205a3c,13003,Balen,Antwerpen,scheps 20,scheps 20,11,flanders
1413,2022,652,larvae,07-09-2022_scheps 20,03167d3d-4f00-42b8-b8be-fbe739205a3c,13003,Balen,Antwerpen,scheps 20,scheps 20,11,flanders
1414,2023,2,adult,07-09-2023_griesbroek 6,03dc3f07-506f-4c71-bbcd-ad24c177cab5,13003,Balen,Antwerpen,griesbroek 6,griesbroek 6,6,flanders
1415,2023,5,juvenile,07-09-2023_griesbroek 6,03dc3f07-506f-4c71-bbcd-ad24c177cab5,13003,Balen,Antwerpen,griesbroek 6,griesbroek 6,6,flanders
1416,2023,21,larvae,07-09-2023_griesbroek 6,03dc3f07-506f-4c71-bbcd-ad24c177cab5,13003,Balen,Antwerpen,griesbroek 6,griesbroek 6,6,flanders
1417,2023,2,adult,07-09-2023_scheps 35,C40A62BC-753E-4B8E-A09E-101C73DE9BD0,13021,Meerhout,Antwerpen,scheps 35,scheps 35,7,flanders
1418,2023,24,juvenile,07-09-2023_scheps 35,C40A62BC-753E-4B8E-A09E-101C73DE9BD0,13021,Meerhout,Antwerpen,scheps 35,scheps 35,7,flanders
1419,2023,1610,larvae,07-09-2023_scheps 35,C40A62BC-753E-4B8E-A09E-101C73DE9BD0,13021,Meerhout,Antwerpen,scheps 35,scheps 35,7,flanders
1420,2014,0,adult,07-10-2014_arendonk 2,fbb3baeb-c846-444c-926e-02445e328b78,13001,Arendonk,Antwerpen,NA,NA,4,flanders
1421,2014,0,juvenile,07-10-2014_arendonk 2,fbb3baeb-c846-444c-926e-02445e328b78,13001,Arendonk,Antwerpen,NA,NA,4,flanders
1422,2014,353,larvae,07-10-2014_arendonk 2,fbb3baeb-c846-444c-926e-02445e328b78,13001,Arendonk,Antwerpen,NA,NA,4,flanders
1423,2021,1,adult,07-10-2021_bergebeek 1,A4760255-D2AE-4D89-BF0B-4E60ABC25410,12014,Heist-Op-Den-Berg,Antwerpen,bergebeek 1,bergebeek 1,4,flanders
1424,2021,121,juvenile,07-10-2021_bergebeek 1,A4760255-D2AE-4D89-BF0B-4E60ABC25410,12014,Heist-Op-Den-Berg,Antwerpen,bergebeek 1,bergebeek 1,4,flanders
1425,2021,201,larvae,07-10-2021_bergebeek 1,A4760255-D2AE-4D89-BF0B-4E60ABC25410,12014,Heist-Op-Den-Berg,Antwerpen,bergebeek 1,bergebeek 1,4,flanders
1426,2021,0,adult,07-10-2021_hallaar 2,4768A45A-E834-4347-93C9-F0CB9F9F36F1,12014,Heist-Op-Den-Berg,Antwerpen,hallaar 2,hallaar 2,2,flanders
1427,2021,0,juvenile,07-10-2021_hallaar 2,4768A45A-E834-4347-93C9-F0CB9F9F36F1,12014,Heist-Op-Den-Berg,Antwerpen,hallaar 2,hallaar 2,2,flanders
1428,2021,10,larvae,07-10-2021_hallaar 2,4768A45A-E834-4347-93C9-F0CB9F9F36F1,12014,Heist-Op-Den-Berg,Antwerpen,hallaar 2,hallaar 2,2,flanders
1429,2021,0,adult,07-10-2021_molse nete 30,83A1CEBC-73DF-448E-ACFA-85D5E9051C1D,13003,Balen,Antwerpen,molse nete 30,molse nete 30,4,flanders
1430,2021,0,juvenile,07-10-2021_molse nete 30,83A1CEBC-73DF-448E-ACFA-85D5E9051C1D,13003,Balen,Antwerpen,molse nete 30,molse nete 30,4,flanders
1431,2021,0,larvae,07-10-2021_molse nete 30,83A1CEBC-73DF-448E-ACFA-85D5E9051C1D,13003,Balen,Antwerpen,molse nete 30,molse nete 30,4,flanders
1432,2021,0,adult,07-10-2021_zilvermeer 1,1AC0E37E-A362-44A7-8DF5-FF340BEA8607,13025,Mol,Antwerpen,zilvermeer 1,zilvermeer 1,3,flanders
1433,2021,0,juvenile,07-10-2021_zilvermeer 1,1AC0E37E-A362-44A7-8DF5-FF340BEA8607,13025,Mol,Antwerpen,zilvermeer 1,zilvermeer 1,3,flanders
1434,2021,0,larvae,07-10-2021_zilvermeer 1,1AC0E37E-A362-44A7-8DF5-FF340BEA8607,13025,Mol,Antwerpen,zilvermeer 1,zilvermeer 1,3,flanders
1435,2021,0,adult,07-10-2021_zilvermeer 4,2EEA9083-CF92-48AF-981A-A9AF025AD318,13025,Mol,Antwerpen,zilvermeer 4,zilvermeer 4,3,flanders
1436,2021,0,juvenile,07-10-2021_zilvermeer 4,2EEA9083-CF92-48AF-981A-A9AF025AD318,13025,Mol,Antwerpen,zilvermeer 4,zilvermeer 4,3,flanders
1437,2021,0,larvae,07-10-2021_zilvermeer 4,2EEA9083-CF92-48AF-981A-A9AF025AD318,13025,Mol,Antwerpen,zilvermeer 4,zilvermeer 4,3,flanders
1438,2021,0,adult,07-10-2021_zilvermeer 5,0A0EBFB4-4B4E-4815-AD05-64A9DC4E9818,13025,Mol,Antwerpen,zilvermeer 5,zilvermeer 5,3,flanders
1439,2021,0,juvenile,07-10-2021_zilvermeer 5,0A0EBFB4-4B4E-4815-AD05-64A9DC4E9818,13025,Mol,Antwerpen,zilvermeer 5,zilvermeer 5,3,flanders
1440,2021,0,larvae,07-10-2021_zilvermeer 5,0A0EBFB4-4B4E-4815-AD05-64A9DC4E9818,13025,Mol,Antwerpen,zilvermeer 5,zilvermeer 5,3,flanders
1441,2013,0,adult,08-05-2013_arendonk 2,fbb3baeb-c846-444c-926e-02445e328b78,13001,Arendonk,Antwerpen,NA,NA,5,flanders
1442,2013,0,juvenile,08-05-2013_arendonk 2,fbb3baeb-c846-444c-926e-02445e328b78,13001,Arendonk,Antwerpen,NA,NA,5,flanders
1443,2013,1074,larvae,08-05-2013_arendonk 2,fbb3baeb-c846-444c-926e-02445e328b78,13001,Arendonk,Antwerpen,NA,NA,5,flanders
1444,2014,0,adult,08-05-2014_kasterlee 7,d47894eb-3a0b-4dc1-8804-627d397aa280,13017,Kasterlee,Antwerpen,NA,NA,4,flanders
1445,2014,0,juvenile,08-05-2014_kasterlee 7,d47894eb-3a0b-4dc1-8804-627d397aa280,13017,Kasterlee,Antwerpen,NA,NA,4,flanders
1446,2014,85,larvae,08-05-2014_kasterlee 7,d47894eb-3a0b-4dc1-8804-627d397aa280,13017,Kasterlee,Antwerpen,NA,NA,4,flanders
1447,2015,0,adult,08-05-2015_arendonk 2,fbb3baeb-c846-444c-926e-02445e328b78,13001,Arendonk,Antwerpen,NA,NA,4,flanders
1448,2015,0,juvenile,08-05-2015_arendonk 2,fbb3baeb-c846-444c-926e-02445e328b78,13001,Arendonk,Antwerpen,NA,NA,4,flanders
1449,2015,303,larvae,08-05-2015_arendonk 2,fbb3baeb-c846-444c-926e-02445e328b78,13001,Arendonk,Antwerpen,NA,NA,4,flanders
1450,2015,0,adult,08-05-2015_arendonk 3,60e6e43e-6855-4917-a336-9ac46d087fad,13001,Arendonk,Antwerpen,NA,NA,3,flanders
1451,2015,1,juvenile,08-05-2015_arendonk 3,60e6e43e-6855-4917-a336-9ac46d087fad,13001,Arendonk,Antwerpen,NA,NA,3,flanders
1452,2015,0,larvae,08-05-2015_arendonk 3,60e6e43e-6855-4917-a336-9ac46d087fad,13001,Arendonk,Antwerpen,NA,NA,3,flanders
1453,2015,0,adult,08-05-2015_bospoel,bf074168-c09d-40a9-b321-59ce253aa461,13014,Hoogstraten,Antwerpen,NA,NA,3,flanders
1454,2015,0,juvenile,08-05-2015_bospoel,bf074168-c09d-40a9-b321-59ce253aa461,13014,Hoogstraten,Antwerpen,NA,NA,3,flanders
1455,2015,10,larvae,08-05-2015_bospoel,bf074168-c09d-40a9-b321-59ce253aa461,13014,Hoogstraten,Antwerpen,NA,NA,3,flanders
1456,2019,3,adult,08-05-2019_nijlen b10,554e3c11-e529-4b0b-a162-714c72d3547e,12026,Nijlen,Antwerpen,nijlen b10,nijlen b10,3,flanders
1457,2019,1,juvenile,08-05-2019_nijlen b10,554e3c11-e529-4b0b-a162-714c72d3547e,12026,Nijlen,Antwerpen,nijlen b10,nijlen b10,3,flanders
1458,2019,90,larvae,08-05-2019_nijlen b10,554e3c11-e529-4b0b-a162-714c72d3547e,12026,Nijlen,Antwerpen,nijlen b10,nijlen b10,3,flanders
1459,2019,0,adult,08-05-2019_nijlen b9,abd1f412-8e63-4eae-bf83-afa3f0d03b33,12026,Nijlen,Antwerpen,nijlen b9,nijlen b9,1,flanders
1460,2019,0,juvenile,08-05-2019_nijlen b9,abd1f412-8e63-4eae-bf83-afa3f0d03b33,12026,Nijlen,Antwerpen,nijlen b9,nijlen b9,1,flanders
1461,2019,1,larvae,08-05-2019_nijlen b9,abd1f412-8e63-4eae-bf83-afa3f0d03b33,12026,Nijlen,Antwerpen,nijlen b9,nijlen b9,1,flanders
1462,2020,1,adult,08-05-2020_griesbroek 3,95a96ebf-b2d0-461f-9304-d7ada7c4f31d,13003,Balen,Antwerpen,griesbroek 3,griesbroek 3,2,flanders
1463,2020,0,juvenile,08-05-2020_griesbroek 3,95a96ebf-b2d0-461f-9304-d7ada7c4f31d,13003,Balen,Antwerpen,griesbroek 3,griesbroek 3,2,flanders
1464,2020,20,larvae,08-05-2020_griesbroek 3,95a96ebf-b2d0-461f-9304-d7ada7c4f31d,13003,Balen,Antwerpen,griesbroek 3,griesbroek 3,2,flanders
1465,2020,0,adult,08-05-2020_griesbroek 4,ae7f6fdc-d05b-4c2a-ac00-1411d658bd0e,13003,Balen,Antwerpen,griesbroek 4,griesbroek 4,2,flanders
1466,2020,0,juvenile,08-05-2020_griesbroek 4,ae7f6fdc-d05b-4c2a-ac00-1411d658bd0e,13003,Balen,Antwerpen,griesbroek 4,griesbroek 4,2,flanders
1467,2020,27,larvae,08-05-2020_griesbroek 4,ae7f6fdc-d05b-4c2a-ac00-1411d658bd0e,13003,Balen,Antwerpen,griesbroek 4,griesbroek 4,2,flanders
1468,2020,1,adult,08-05-2020_griesbroek 5,829b4e3e-8baf-4236-9896-1f8bb58e893c,13003,Balen,Antwerpen,griesbroek 5,griesbroek 5,3,flanders
1469,2020,0,juvenile,08-05-2020_griesbroek 5,829b4e3e-8baf-4236-9896-1f8bb58e893c,13003,Balen,Antwerpen,griesbroek 5,griesbroek 5,3,flanders
1470,2020,77,larvae,08-05-2020_griesbroek 5,829b4e3e-8baf-4236-9896-1f8bb58e893c,13003,Balen,Antwerpen,griesbroek 5,griesbroek 5,3,flanders
1471,2020,3,adult,08-05-2020_griesbroek 6,03dc3f07-506f-4c71-bbcd-ad24c177cab5,13003,Balen,Antwerpen,griesbroek 6,griesbroek 6,3,flanders
1472,2020,0,juvenile,08-05-2020_griesbroek 6,03dc3f07-506f-4c71-bbcd-ad24c177cab5,13003,Balen,Antwerpen,griesbroek 6,griesbroek 6,3,flanders
1473,2020,210,larvae,08-05-2020_griesbroek 6,03dc3f07-506f-4c71-bbcd-ad24c177cab5,13003,Balen,Antwerpen,griesbroek 6,griesbroek 6,3,flanders
1474,2020,2,adult,08-05-2020_griesbroek 7,80f08260-00f4-4989-8299-eee838d085b4,13003,Balen,Antwerpen,griesbroek 7,griesbroek 7,3,flanders
1475,2020,0,juvenile,08-05-2020_griesbroek 7,80f08260-00f4-4989-8299-eee838d085b4,13003,Balen,Antwerpen,griesbroek 7,griesbroek 7,3,flanders
1476,2020,20,larvae,08-05-2020_griesbroek 7,80f08260-00f4-4989-8299-eee838d085b4,13003,Balen,Antwerpen,griesbroek 7,griesbroek 7,3,flanders
1477,2022,3,adult,08-05-2022_griesbroek 6,03dc3f07-506f-4c71-bbcd-ad24c177cab5,13003,Balen,Antwerpen,griesbroek 6,griesbroek 6,20,flanders
1478,2022,5,juvenile,08-05-2022_griesbroek 6,03dc3f07-506f-4c71-bbcd-ad24c177cab5,13003,Balen,Antwerpen,griesbroek 6,griesbroek 6,20,flanders
1479,2022,1772,larvae,08-05-2022_griesbroek 6,03dc3f07-506f-4c71-bbcd-ad24c177cab5,13003,Balen,Antwerpen,griesbroek 6,griesbroek 6,20,flanders
1480,2024,0,adult,08-05-2024_laakdal 39,E9E4CE1C-43A6-4817-96EB-873765AA5598,13053,Laakdal,Antwerpen,laakdal 39,laakdal 39,20,flanders
1481,2024,0,juvenile,08-05-2024_laakdal 39,E9E4CE1C-43A6-4817-96EB-873765AA5598,13053,Laakdal,Antwerpen,laakdal 39,laakdal 39,20,flanders
1482,2024,0,larvae,08-05-2024_laakdal 39,E9E4CE1C-43A6-4817-96EB-873765AA5598,13053,Laakdal,Antwerpen,laakdal 39,laakdal 39,20,flanders
1483,2024,7,adult,08-05-2024_scheps 7,009d325e-8c76-4049-bc69-31f6163e254e,13003,Balen,Antwerpen,scheps 7,scheps 7,27,flanders
1484,2024,6,juvenile,08-05-2024_scheps 7,009d325e-8c76-4049-bc69-31f6163e254e,13003,Balen,Antwerpen,scheps 7,scheps 7,27,flanders
1485,2024,2,larvae,08-05-2024_scheps 7,009d325e-8c76-4049-bc69-31f6163e254e,13003,Balen,Antwerpen,scheps 7,scheps 7,27,flanders
1486,2025,4,adult,08-05-2025_griesbroek 6,03dc3f07-506f-4c71-bbcd-ad24c177cab5,13003,Balen,Antwerpen,griesbroek 6,griesbroek 6,11,flanders
1487,2025,4,juvenile,08-05-2025_griesbroek 6,03dc3f07-506f-4c71-bbcd-ad24c177cab5,13003,Balen,Antwerpen,griesbroek 6,griesbroek 6,11,flanders
1488,2025,449,larvae,08-05-2025_griesbroek 6,03dc3f07-506f-4c71-bbcd-ad24c177cab5,13003,Balen,Antwerpen,griesbroek 6,griesbroek 6,11,flanders
1489,2025,0,adult,08-05-2025_molse nete 25,CCB25757-251A-496E-BE76-0FCEBCCE248E,13003,Balen,Antwerpen,molse nete 25,molse nete 25,6,flanders
1490,2025,1,juvenile,08-05-2025_molse nete 25,CCB25757-251A-496E-BE76-0FCEBCCE248E,13003,Balen,Antwerpen,molse nete 25,molse nete 25,6,flanders
1491,2025,135,larvae,08-05-2025_molse nete 25,CCB25757-251A-496E-BE76-0FCEBCCE248E,13003,Balen,Antwerpen,molse nete 25,molse nete 25,6,flanders
1492,2025,0,adult,08-05-2025_molse nete 3,8c45153a-c54e-44ed-b8bc-c553a148e247,13003,Balen,Antwerpen,molse nete 3,molse nete 3,1,flanders
1493,2025,0,juvenile,08-05-2025_molse nete 3,8c45153a-c54e-44ed-b8bc-c553a148e247,13003,Balen,Antwerpen,molse nete 3,molse nete 3,1,flanders
1494,2025,0,larvae,08-05-2025_molse nete 3,8c45153a-c54e-44ed-b8bc-c553a148e247,13003,Balen,Antwerpen,molse nete 3,molse nete 3,1,flanders
1495,2025,1,adult,08-05-2025_molse nete 31,FF2EAC7B-0342-4549-A8B8-E0542719444C,13003,Balen,Antwerpen,molse nete 31,molse nete 31,9,flanders
1496,2025,1,juvenile,08-05-2025_molse nete 31,FF2EAC7B-0342-4549-A8B8-E0542719444C,13003,Balen,Antwerpen,molse nete 31,molse nete 31,9,flanders
1497,2025,63,larvae,08-05-2025_molse nete 31,FF2EAC7B-0342-4549-A8B8-E0542719444C,13003,Balen,Antwerpen,molse nete 31,molse nete 31,9,flanders
1498,2025,1,adult,08-05-2025_molse nete 34,C9CD45C3-D4B7-43B3-A539-282D76046F45,13003,Balen,Antwerpen,molse nete 34,molse nete 34,11,flanders
1499,2025,3,juvenile,08-05-2025_molse nete 34,C9CD45C3-D4B7-43B3-A539-282D76046F45,13003,Balen,Antwerpen,molse nete 34,molse nete 34,11,flanders
1500,2025,9,larvae,08-05-2025_molse nete 34,C9CD45C3-D4B7-43B3-A539-282D76046F45,13003,Balen,Antwerpen,molse nete 34,molse nete 34,11,flanders
1501,2025,0,adult,08-05-2025_scheps 20,03167d3d-4f00-42b8-b8be-fbe739205a3c,13003,Balen,Antwerpen,scheps 20,scheps 20,11,flanders
1502,2025,0,juvenile,08-05-2025_scheps 20,03167d3d-4f00-42b8-b8be-fbe739205a3c,13003,Balen,Antwerpen,scheps 20,scheps 20,11,flanders
1503,2025,13,larvae,08-05-2025_scheps 20,03167d3d-4f00-42b8-b8be-fbe739205a3c,13003,Balen,Antwerpen,scheps 20,scheps 20,11,flanders
1504,2012,1,adult,08-06-2012_bospoel,bf074168-c09d-40a9-b321-59ce253aa461,13014,Hoogstraten,Antwerpen,NA,NA,3,flanders
1505,2012,0,juvenile,08-06-2012_bospoel,bf074168-c09d-40a9-b321-59ce253aa461,13014,Hoogstraten,Antwerpen,NA,NA,3,flanders
1506,2012,7,larvae,08-06-2012_bospoel,bf074168-c09d-40a9-b321-59ce253aa461,13014,Hoogstraten,Antwerpen,NA,NA,3,flanders
1507,2012,4,adult,08-06-2012_driehoek,48fb261c-3f3a-4a95-9103-1e6822dae999,13014,Hoogstraten,Antwerpen,NA,NA,3,flanders
1508,2012,0,juvenile,08-06-2012_driehoek,48fb261c-3f3a-4a95-9103-1e6822dae999,13014,Hoogstraten,Antwerpen,NA,NA,3,flanders
1509,2012,0,larvae,08-06-2012_driehoek,48fb261c-3f3a-4a95-9103-1e6822dae999,13014,Hoogstraten,Antwerpen,NA,NA,3,flanders
1510,2016,0,adult,08-06-2016_arendonk 1,91a8e2bb-b682-4c53-b213-7494198b12ce,13001,Arendonk,Antwerpen,NA,NA,3,flanders
1511,2016,0,juvenile,08-06-2016_arendonk 1,91a8e2bb-b682-4c53-b213-7494198b12ce,13001,Arendonk,Antwerpen,NA,NA,3,flanders
1512,2016,139,larvae,08-06-2016_arendonk 1,91a8e2bb-b682-4c53-b213-7494198b12ce,13001,Arendonk,Antwerpen,NA,NA,3,flanders
1513,2018,0,adult,08-06-2018_nijlen b10,554e3c11-e529-4b0b-a162-714c72d3547e,12026,Nijlen,Antwerpen,NA,NA,1,flanders
1514,2018,1,juvenile,08-06-2018_nijlen b10,554e3c11-e529-4b0b-a162-714c72d3547e,12026,Nijlen,Antwerpen,NA,NA,1,flanders
1515,2018,1,larvae,08-06-2018_nijlen b10,554e3c11-e529-4b0b-a162-714c72d3547e,12026,Nijlen,Antwerpen,NA,NA,1,flanders
1516,2018,3,adult,08-06-2018_scheps 20,03167d3d-4f00-42b8-b8be-fbe739205a3c,13003,Balen,Antwerpen,NA,NA,1,flanders
1517,2018,17,juvenile,08-06-2018_scheps 20,03167d3d-4f00-42b8-b8be-fbe739205a3c,13003,Balen,Antwerpen,NA,NA,1,flanders
1518,2018,0,larvae,08-06-2018_scheps 20,03167d3d-4f00-42b8-b8be-fbe739205a3c,13003,Balen,Antwerpen,NA,NA,1,flanders
1519,2021,1,adult,08-06-2021_laakdal 41,3FF122FA-A234-4A59-B023-BF7A15813990,13053,Laakdal,Antwerpen,laakdal 41,laakdal 41,11,flanders
1520,2021,5,juvenile,08-06-2021_laakdal 41,3FF122FA-A234-4A59-B023-BF7A15813990,13053,Laakdal,Antwerpen,laakdal 41,laakdal 41,11,flanders
1521,2021,1443,larvae,08-06-2021_laakdal 41,3FF122FA-A234-4A59-B023-BF7A15813990,13053,Laakdal,Antwerpen,laakdal 41,laakdal 41,11,flanders
1522,2021,6,adult,08-06-2021_scheps 20,03167d3d-4f00-42b8-b8be-fbe739205a3c,13003,Balen,Antwerpen,scheps 20,scheps 20,8,flanders
1523,2021,1,juvenile,08-06-2021_scheps 20,03167d3d-4f00-42b8-b8be-fbe739205a3c,13003,Balen,Antwerpen,scheps 20,scheps 20,8,flanders
1524,2021,1439,larvae,08-06-2021_scheps 20,03167d3d-4f00-42b8-b8be-fbe739205a3c,13003,Balen,Antwerpen,scheps 20,scheps 20,8,flanders
1525,2022,1,adult,08-06-2022_meerhout 14,2AB1C866-FD95-4691-A764-F45063561D06,13008,Geel,Antwerpen,meerhout 14,meerhout 14,36,flanders
1526,2022,20,juvenile,08-06-2022_meerhout 14,2AB1C866-FD95-4691-A764-F45063561D06,13008,Geel,Antwerpen,meerhout 14,meerhout 14,36,flanders
1527,2022,1116,larvae,08-06-2022_meerhout 14,2AB1C866-FD95-4691-A764-F45063561D06,13008,Geel,Antwerpen,meerhout 14,meerhout 14,36,flanders
1528,2023,2,adult,08-06-2023_arendonk 2,fbb3baeb-c846-444c-926e-02445e328b78,13001,Arendonk,Antwerpen,arendonk 2,arendonk 2,20,flanders
1529,2023,12,juvenile,08-06-2023_arendonk 2,fbb3baeb-c846-444c-926e-02445e328b78,13001,Arendonk,Antwerpen,arendonk 2,arendonk 2,20,flanders
1530,2023,141,larvae,08-06-2023_arendonk 2,fbb3baeb-c846-444c-926e-02445e328b78,13001,Arendonk,Antwerpen,arendonk 2,arendonk 2,20,flanders
1531,2023,8,adult,08-06-2023_griesbroek 6,03dc3f07-506f-4c71-bbcd-ad24c177cab5,13003,Balen,Antwerpen,griesbroek 6,griesbroek 6,4,flanders
1532,2023,29,juvenile,08-06-2023_griesbroek 6,03dc3f07-506f-4c71-bbcd-ad24c177cab5,13003,Balen,Antwerpen,griesbroek 6,griesbroek 6,4,flanders
1533,2023,70,larvae,08-06-2023_griesbroek 6,03dc3f07-506f-4c71-bbcd-ad24c177cab5,13003,Balen,Antwerpen,griesbroek 6,griesbroek 6,4,flanders
1534,2023,1,adult,08-06-2023_laakdal 42,CFE5F760-038E-4AFA-A19C-F41167BA5C06,13053,Laakdal,Antwerpen,laakdal 42,laakdal 42,20,flanders
1535,2023,1,juvenile,08-06-2023_laakdal 42,CFE5F760-038E-4AFA-A19C-F41167BA5C06,13053,Laakdal,Antwerpen,laakdal 42,laakdal 42,20,flanders
1536,2023,3,larvae,08-06-2023_laakdal 42,CFE5F760-038E-4AFA-A19C-F41167BA5C06,13053,Laakdal,Antwerpen,laakdal 42,laakdal 42,20,flanders
1537,2023,0,adult,08-06-2023_nijlen b5,02d79285-1ed2-44b9-84d5-96cd0b55f479,12026,Nijlen,Antwerpen,nijlen b5,nijlen b5,4,flanders
1538,2023,1,juvenile,08-06-2023_nijlen b5,02d79285-1ed2-44b9-84d5-96cd0b55f479,12026,Nijlen,Antwerpen,nijlen b5,nijlen b5,4,flanders
1539,2023,0,larvae,08-06-2023_nijlen b5,02d79285-1ed2-44b9-84d5-96cd0b55f479,12026,Nijlen,Antwerpen,nijlen b5,nijlen b5,4,flanders
1540,2023,0,adult,08-06-2023_scheps 20,03167d3d-4f00-42b8-b8be-fbe739205a3c,13003,Balen,Antwerpen,scheps 20,scheps 20,2,flanders
1541,2023,0,juvenile,08-06-2023_scheps 20,03167d3d-4f00-42b8-b8be-fbe739205a3c,13003,Balen,Antwerpen,scheps 20,scheps 20,2,flanders
1542,2023,62,larvae,08-06-2023_scheps 20,03167d3d-4f00-42b8-b8be-fbe739205a3c,13003,Balen,Antwerpen,scheps 20,scheps 20,2,flanders
1543,2023,4,adult,08-06-2023_scheps 35,C40A62BC-753E-4B8E-A09E-101C73DE9BD0,13021,Meerhout,Antwerpen,scheps 35,scheps 35,6,flanders
1544,2023,0,juvenile,08-06-2023_scheps 35,C40A62BC-753E-4B8E-A09E-101C73DE9BD0,13021,Meerhout,Antwerpen,scheps 35,scheps 35,6,flanders
1545,2023,1188,larvae,08-06-2023_scheps 35,C40A62BC-753E-4B8E-A09E-101C73DE9BD0,13021,Meerhout,Antwerpen,scheps 35,scheps 35,6,flanders
1546,2010,0,adult,08-07-2010_driehoek,48fb261c-3f3a-4a95-9103-1e6822dae999,13014,Hoogstraten,Antwerpen,NA,NA,2,flanders
1547,2010,0,juvenile,08-07-2010_driehoek,48fb261c-3f3a-4a95-9103-1e6822dae999,13014,Hoogstraten,Antwerpen,NA,NA,2,flanders
1548,2010,599,larvae,08-07-2010_driehoek,48fb261c-3f3a-4a95-9103-1e6822dae999,13014,Hoogstraten,Antwerpen,NA,NA,2,flanders
1549,2014,0,adult,08-07-2014_arendonk 2,fbb3baeb-c846-444c-926e-02445e328b78,13001,Arendonk,Antwerpen,NA,NA,4,flanders
1550,2014,0,juvenile,08-07-2014_arendonk 2,fbb3baeb-c846-444c-926e-02445e328b78,13001,Arendonk,Antwerpen,NA,NA,4,flanders
1551,2014,378,larvae,08-07-2014_arendonk 2,fbb3baeb-c846-444c-926e-02445e328b78,13001,Arendonk,Antwerpen,NA,NA,4,flanders
1552,2014,0,adult,08-07-2014_kasterlee 3,fa5d281f-6266-4d4b-b6a7-cd44132e9b99,13017,Kasterlee,Antwerpen,NA,NA,3,flanders
1553,2014,0,juvenile,08-07-2014_kasterlee 3,fa5d281f-6266-4d4b-b6a7-cd44132e9b99,13017,Kasterlee,Antwerpen,NA,NA,3,flanders
1554,2014,8,larvae,08-07-2014_kasterlee 3,fa5d281f-6266-4d4b-b6a7-cd44132e9b99,13017,Kasterlee,Antwerpen,NA,NA,3,flanders
1555,2015,0,adult,08-07-2015_arendonk 3,60e6e43e-6855-4917-a336-9ac46d087fad,13001,Arendonk,Antwerpen,NA,NA,3,flanders
1556,2015,2,juvenile,08-07-2015_arendonk 3,60e6e43e-6855-4917-a336-9ac46d087fad,13001,Arendonk,Antwerpen,NA,NA,3,flanders
1557,2015,4,larvae,08-07-2015_arendonk 3,60e6e43e-6855-4917-a336-9ac46d087fad,13001,Arendonk,Antwerpen,NA,NA,3,flanders
1558,2020,0,adult,08-07-2020_laakdal 29a,de83344d-e0f9-4f55-a1a8-78276efef1a7,13053,Laakdal,Antwerpen,laakdal 29a,laakdal 29a,1,flanders
1559,2020,0,juvenile,08-07-2020_laakdal 29a,de83344d-e0f9-4f55-a1a8-78276efef1a7,13053,Laakdal,Antwerpen,laakdal 29a,laakdal 29a,1,flanders
1560,2020,0,larvae,08-07-2020_laakdal 29a,de83344d-e0f9-4f55-a1a8-78276efef1a7,13053,Laakdal,Antwerpen,laakdal 29a,laakdal 29a,1,flanders
1561,2020,0,adult,08-07-2020_laakdal 29b,111e5f0d-b25e-4ec8-aabf-0eeb6cd1d93b,13053,Laakdal,Antwerpen,laakdal 29b,laakdal 29b,1,flanders
1562,2020,0,juvenile,08-07-2020_laakdal 29b,111e5f0d-b25e-4ec8-aabf-0eeb6cd1d93b,13053,Laakdal,Antwerpen,laakdal 29b,laakdal 29b,1,flanders
1563,2020,0,larvae,08-07-2020_laakdal 29b,111e5f0d-b25e-4ec8-aabf-0eeb6cd1d93b,13053,Laakdal,Antwerpen,laakdal 29b,laakdal 29b,1,flanders
1564,2020,0,adult,08-07-2020_laakdal 30,b9f26eb5-535f-4adb-a08c-a03acbdd911d,13053,Laakdal,Antwerpen,laakdal 30,laakdal 30,1,flanders
1565,2020,1,juvenile,08-07-2020_laakdal 30,b9f26eb5-535f-4adb-a08c-a03acbdd911d,13053,Laakdal,Antwerpen,laakdal 30,laakdal 30,1,flanders
1566,2020,0,larvae,08-07-2020_laakdal 30,b9f26eb5-535f-4adb-a08c-a03acbdd911d,13053,Laakdal,Antwerpen,laakdal 30,laakdal 30,1,flanders
1567,2020,0,adult,08-07-2020_laakdal 30a,ce2db875-a0b7-4036-82e6-7d6d928d83f7,13053,Laakdal,Antwerpen,laakdal 30a,laakdal 30a,1,flanders
1568,2020,0,juvenile,08-07-2020_laakdal 30a,ce2db875-a0b7-4036-82e6-7d6d928d83f7,13053,Laakdal,Antwerpen,laakdal 30a,laakdal 30a,1,flanders
1569,2020,0,larvae,08-07-2020_laakdal 30a,ce2db875-a0b7-4036-82e6-7d6d928d83f7,13053,Laakdal,Antwerpen,laakdal 30a,laakdal 30a,1,flanders
1570,2020,1,adult,08-07-2020_laakdal 30b,92777d67-9553-48cc-b78e-2f8325715769,13053,Laakdal,Antwerpen,laakdal 30b,laakdal 30b,3,flanders
1571,2020,3,juvenile,08-07-2020_laakdal 30b,92777d67-9553-48cc-b78e-2f8325715769,13053,Laakdal,Antwerpen,laakdal 30b,laakdal 30b,3,flanders
1572,2020,0,larvae,08-07-2020_laakdal 30b,92777d67-9553-48cc-b78e-2f8325715769,13053,Laakdal,Antwerpen,laakdal 30b,laakdal 30b,3,flanders
1573,2020,0,adult,08-07-2020_laakdal 30c,e8165c62-451a-4d96-882f-468098023cc4,13053,Laakdal,Antwerpen,laakdal 30c,laakdal 30c,2,flanders
1574,2020,2,juvenile,08-07-2020_laakdal 30c,e8165c62-451a-4d96-882f-468098023cc4,13053,Laakdal,Antwerpen,laakdal 30c,laakdal 30c,2,flanders
1575,2020,0,larvae,08-07-2020_laakdal 30c,e8165c62-451a-4d96-882f-468098023cc4,13053,Laakdal,Antwerpen,laakdal 30c,laakdal 30c,2,flanders
1576,2021,0,adult,08-07-2021_antlkd0019b,FB494ED0-A45E-46C5-815E-0175772811CA,13053,Laakdal,Antwerpen,antlkd0019b,antlkd0019b,5,flanders
1577,2021,0,juvenile,08-07-2021_antlkd0019b,FB494ED0-A45E-46C5-815E-0175772811CA,13053,Laakdal,Antwerpen,antlkd0019b,antlkd0019b,5,flanders
1578,2021,184,larvae,08-07-2021_antlkd0019b,FB494ED0-A45E-46C5-815E-0175772811CA,13053,Laakdal,Antwerpen,antlkd0019b,antlkd0019b,5,flanders
1579,2021,1,adult,08-07-2021_laakdal 37,835E903F-A579-4355-8AB0-7D70249F0B89,13053,Laakdal,Antwerpen,laakdal 37,laakdal 37,4,flanders
1580,2021,0,juvenile,08-07-2021_laakdal 37,835E903F-A579-4355-8AB0-7D70249F0B89,13053,Laakdal,Antwerpen,laakdal 37,laakdal 37,4,flanders
1581,2021,0,larvae,08-07-2021_laakdal 37,835E903F-A579-4355-8AB0-7D70249F0B89,13053,Laakdal,Antwerpen,laakdal 37,laakdal 37,4,flanders
1582,2021,2,adult,08-07-2021_laakdal 5,62abe301-066c-4fa9-a54d-14e8b8882923,13053,Laakdal,Antwerpen,laakdal 5,laakdal 5,8,flanders
1583,2021,9,juvenile,08-07-2021_laakdal 5,62abe301-066c-4fa9-a54d-14e8b8882923,13053,Laakdal,Antwerpen,laakdal 5,laakdal 5,8,flanders
1584,2021,176,larvae,08-07-2021_laakdal 5,62abe301-066c-4fa9-a54d-14e8b8882923,13053,Laakdal,Antwerpen,laakdal 5,laakdal 5,8,flanders
1585,2021,0,adult,08-07-2021_nijlen g2,a484323f-4a55-4cf1-affb-6b5870f769db,12021,Lier,Antwerpen,nijlen g2,nijlen g2,7,flanders
1586,2021,0,juvenile,08-07-2021_nijlen g2,a484323f-4a55-4cf1-affb-6b5870f769db,12021,Lier,Antwerpen,nijlen g2,nijlen g2,7,flanders
1587,2021,0,larvae,08-07-2021_nijlen g2,a484323f-4a55-4cf1-affb-6b5870f769db,12021,Lier,Antwerpen,nijlen g2,nijlen g2,7,flanders
1588,2022,0,adult,08-07-2022_herselt 28,99BDEF54-B094-4E05-95DD-CA9ACB03CC39,13013,Herselt,Antwerpen,herselt 28,herselt 28,20,flanders
1589,2022,0,juvenile,08-07-2022_herselt 28,99BDEF54-B094-4E05-95DD-CA9ACB03CC39,13013,Herselt,Antwerpen,herselt 28,herselt 28,20,flanders
1590,2022,0,larvae,08-07-2022_herselt 28,99BDEF54-B094-4E05-95DD-CA9ACB03CC39,13013,Herselt,Antwerpen,herselt 28,herselt 28,20,flanders
1591,2022,0,adult,08-07-2022_laakdal 30b,92777d67-9553-48cc-b78e-2f8325715769,13053,Laakdal,Antwerpen,laakdal 30b,laakdal 30b,9,flanders
1592,2022,1,juvenile,08-07-2022_laakdal 30b,92777d67-9553-48cc-b78e-2f8325715769,13053,Laakdal,Antwerpen,laakdal 30b,laakdal 30b,9,flanders
1593,2022,0,larvae,08-07-2022_laakdal 30b,92777d67-9553-48cc-b78e-2f8325715769,13053,Laakdal,Antwerpen,laakdal 30b,laakdal 30b,9,flanders
1594,2022,1,adult,08-07-2022_laakdal 32c,8dd8b062-2159-4ffb-bb54-2902bcaf4652,13053,Laakdal,Antwerpen,laakdal 32c,laakdal 32c,9,flanders
1595,2022,0,juvenile,08-07-2022_laakdal 32c,8dd8b062-2159-4ffb-bb54-2902bcaf4652,13053,Laakdal,Antwerpen,laakdal 32c,laakdal 32c,9,flanders
1596,2022,0,larvae,08-07-2022_laakdal 32c,8dd8b062-2159-4ffb-bb54-2902bcaf4652,13053,Laakdal,Antwerpen,laakdal 32c,laakdal 32c,9,flanders
1597,2022,0,adult,08-07-2022_laakdal 46,10AFB11D-0BEB-4E33-8446-433D3E834C10,13053,Laakdal,Antwerpen,laakdal 46,laakdal 46,1,flanders
1598,2022,0,juvenile,08-07-2022_laakdal 46,10AFB11D-0BEB-4E33-8446-433D3E834C10,13053,Laakdal,Antwerpen,laakdal 46,laakdal 46,1,flanders
1599,2022,0,larvae,08-07-2022_laakdal 46,10AFB11D-0BEB-4E33-8446-433D3E834C10,13053,Laakdal,Antwerpen,laakdal 46,laakdal 46,1,flanders
1600,2025,2,adult,08-07-2025_antbal 0244,137EB5C2-F5CC-4AAC-BF65-F8B0843D1709,13003,Balen,Antwerpen,antbal 0244,antbal 0244,3,flanders
1601,2025,0,juvenile,08-07-2025_antbal 0244,137EB5C2-F5CC-4AAC-BF65-F8B0843D1709,13003,Balen,Antwerpen,antbal 0244,antbal 0244,3,flanders
1602,2025,0,larvae,08-07-2025_antbal 0244,137EB5C2-F5CC-4AAC-BF65-F8B0843D1709,13003,Balen,Antwerpen,antbal 0244,antbal 0244,3,flanders
1603,2025,1,adult,08-07-2025_anthei 0647,409E6558-5B68-4E45-AABC-50F507EF4595,12014,Heist-Op-Den-Berg,Antwerpen,anthei 0647,anthei 0647,3,flanders
1604,2025,101,juvenile,08-07-2025_anthei 0647,409E6558-5B68-4E45-AABC-50F507EF4595,12014,Heist-Op-Den-Berg,Antwerpen,anthei 0647,anthei 0647,3,flanders
1605,2025,85789,larvae,08-07-2025_anthei 0647,409E6558-5B68-4E45-AABC-50F507EF4595,12014,Heist-Op-Den-Berg,Antwerpen,anthei 0647,anthei 0647,3,flanders
1606,2025,0,adult,08-07-2025_anthul 0147,B6D9C817-48DF-4230-B1B6-323D87DAD47D,13016,Hulshout,Antwerpen,anthul 0147,anthul 0147,1,flanders
1607,2025,0,juvenile,08-07-2025_anthul 0147,B6D9C817-48DF-4230-B1B6-323D87DAD47D,13016,Hulshout,Antwerpen,anthul 0147,anthul 0147,1,flanders
1608,2025,0,larvae,08-07-2025_anthul 0147,B6D9C817-48DF-4230-B1B6-323D87DAD47D,13016,Hulshout,Antwerpen,anthul 0147,anthul 0147,1,flanders
1609,2025,1,adult,08-07-2025_anthul 159,53F90D73-7E29-4E35-A91F-B8CF25EC53AF,13016,Hulshout,Antwerpen,anthul 159,anthul 159,1,flanders
1610,2025,0,juvenile,08-07-2025_anthul 159,53F90D73-7E29-4E35-A91F-B8CF25EC53AF,13016,Hulshout,Antwerpen,anthul 159,anthul 159,1,flanders
1611,2025,0,larvae,08-07-2025_anthul 159,53F90D73-7E29-4E35-A91F-B8CF25EC53AF,13016,Hulshout,Antwerpen,anthul 159,anthul 159,1,flanders
1612,2025,0,adult,08-07-2025_bergebeek 5,D86F0049-5884-4570-BBEB-06BF1986CAC2,12014,Heist-Op-Den-Berg,Antwerpen,bergebeek 5,bergebeek 5,2,flanders
1613,2025,0,juvenile,08-07-2025_bergebeek 5,D86F0049-5884-4570-BBEB-06BF1986CAC2,12014,Heist-Op-Den-Berg,Antwerpen,bergebeek 5,bergebeek 5,2,flanders
1614,2025,37,larvae,08-07-2025_bergebeek 5,D86F0049-5884-4570-BBEB-06BF1986CAC2,12014,Heist-Op-Den-Berg,Antwerpen,bergebeek 5,bergebeek 5,2,flanders
1615,2025,0,adult,08-07-2025_molse nete 37,E65FFD20-513A-4687-914A-74407F086BDF,13003,Balen,Antwerpen,molse nete 37,molse nete 37,6,flanders
1616,2025,0,juvenile,08-07-2025_molse nete 37,E65FFD20-513A-4687-914A-74407F086BDF,13003,Balen,Antwerpen,molse nete 37,molse nete 37,6,flanders
1617,2025,1,larvae,08-07-2025_molse nete 37,E65FFD20-513A-4687-914A-74407F086BDF,13003,Balen,Antwerpen,molse nete 37,molse nete 37,6,flanders
1618,2018,0,adult,08-08-2018_arendonk 2,fbb3baeb-c846-444c-926e-02445e328b78,13001,Arendonk,Antwerpen,NA,NA,1,flanders
1619,2018,0,juvenile,08-08-2018_arendonk 2,fbb3baeb-c846-444c-926e-02445e328b78,13001,Arendonk,Antwerpen,NA,NA,1,flanders
1620,2018,501,larvae,08-08-2018_arendonk 2,fbb3baeb-c846-444c-926e-02445e328b78,13001,Arendonk,Antwerpen,NA,NA,1,flanders
1621,2018,1,adult,08-08-2018_arendonk 3,60e6e43e-6855-4917-a336-9ac46d087fad,13001,Arendonk,Antwerpen,NA,NA,1,flanders
1622,2018,12,juvenile,08-08-2018_arendonk 3,60e6e43e-6855-4917-a336-9ac46d087fad,13001,Arendonk,Antwerpen,NA,NA,1,flanders
1623,2018,3,larvae,08-08-2018_arendonk 3,60e6e43e-6855-4917-a336-9ac46d087fad,13001,Arendonk,Antwerpen,NA,NA,1,flanders
1624,2023,0,adult,08-08-2023_anthst0508,A9602FFB-8557-4F92-B665-E4AE31001127,13013,Herselt,Antwerpen,anthst0508,anthst0508,5,flanders
1625,2023,0,juvenile,08-08-2023_anthst0508,A9602FFB-8557-4F92-B665-E4AE31001127,13013,Herselt,Antwerpen,anthst0508,anthst0508,5,flanders
1626,2023,0,larvae,08-08-2023_anthst0508,A9602FFB-8557-4F92-B665-E4AE31001127,13013,Herselt,Antwerpen,anthst0508,anthst0508,5,flanders
1627,2023,0,adult,08-08-2023_herselt 29,5FC74D94-87EE-4F0F-AA6E-295885EB4FE9,13013,Herselt,Antwerpen,herselt 29,herselt 29,4,flanders
1628,2023,0,juvenile,08-08-2023_herselt 29,5FC74D94-87EE-4F0F-AA6E-295885EB4FE9,13013,Herselt,Antwerpen,herselt 29,herselt 29,4,flanders
1629,2023,0,larvae,08-08-2023_herselt 29,5FC74D94-87EE-4F0F-AA6E-295885EB4FE9,13013,Herselt,Antwerpen,herselt 29,herselt 29,4,flanders
1630,2023,0,adult,08-08-2023_herselt 30,83983A92-9D1D-4907-A806-7EB4012E49EE,13013,Herselt,Antwerpen,herselt 30,herselt 30,4,flanders
1631,2023,0,juvenile,08-08-2023_herselt 30,83983A92-9D1D-4907-A806-7EB4012E49EE,13013,Herselt,Antwerpen,herselt 30,herselt 30,4,flanders
1632,2023,0,larvae,08-08-2023_herselt 30,83983A92-9D1D-4907-A806-7EB4012E49EE,13013,Herselt,Antwerpen,herselt 30,herselt 30,4,flanders
1633,2024,1,adult,08-08-2024_scheps 35,C40A62BC-753E-4B8E-A09E-101C73DE9BD0,13021,Meerhout,Antwerpen,scheps 35,scheps 35,2,flanders
1634,2024,0,juvenile,08-08-2024_scheps 35,C40A62BC-753E-4B8E-A09E-101C73DE9BD0,13021,Meerhout,Antwerpen,scheps 35,scheps 35,2,flanders
1635,2024,1864,larvae,08-08-2024_scheps 35,C40A62BC-753E-4B8E-A09E-101C73DE9BD0,13021,Meerhout,Antwerpen,scheps 35,scheps 35,2,flanders
1636,2024,2,adult,08-08-2024_scheps 39,E0BFF7E4-D0E2-44B4-A7FE-2DD211144B52,13003,Balen,Antwerpen,scheps 39,scheps 39,18,flanders
1637,2024,0,juvenile,08-08-2024_scheps 39,E0BFF7E4-D0E2-44B4-A7FE-2DD211144B52,13003,Balen,Antwerpen,scheps 39,scheps 39,18,flanders
1638,2024,112,larvae,08-08-2024_scheps 39,E0BFF7E4-D0E2-44B4-A7FE-2DD211144B52,13003,Balen,Antwerpen,scheps 39,scheps 39,18,flanders
1639,2011,0,adult,08-09-2011_arendonk 3,60e6e43e-6855-4917-a336-9ac46d087fad,13001,Arendonk,Antwerpen,NA,NA,5,flanders
1640,2011,0,juvenile,08-09-2011_arendonk 3,60e6e43e-6855-4917-a336-9ac46d087fad,13001,Arendonk,Antwerpen,NA,NA,5,flanders
1641,2011,11,larvae,08-09-2011_arendonk 3,60e6e43e-6855-4917-a336-9ac46d087fad,13001,Arendonk,Antwerpen,NA,NA,5,flanders
1642,2016,1,adult,08-09-2016_scheps 10,ff328547-af9c-4e6f-bbf1-5d2856b2da7b,13003,Balen,Antwerpen,NA,NA,1,flanders
1643,2016,14,juvenile,08-09-2016_scheps 10,ff328547-af9c-4e6f-bbf1-5d2856b2da7b,13003,Balen,Antwerpen,NA,NA,1,flanders
1644,2016,35,larvae,08-09-2016_scheps 10,ff328547-af9c-4e6f-bbf1-5d2856b2da7b,13003,Balen,Antwerpen,NA,NA,1,flanders
1645,2016,0,adult,08-09-2016_scheps 6,3f097ed2-a6e2-4db8-ab6d-eb411d610792,13003,Balen,Antwerpen,NA,NA,1,flanders
1646,2016,4,juvenile,08-09-2016_scheps 6,3f097ed2-a6e2-4db8-ab6d-eb411d610792,13003,Balen,Antwerpen,NA,NA,1,flanders
1647,2016,328,larvae,08-09-2016_scheps 6,3f097ed2-a6e2-4db8-ab6d-eb411d610792,13003,Balen,Antwerpen,NA,NA,1,flanders
1648,2016,0,adult,08-09-2016_scheps 7,009d325e-8c76-4049-bc69-31f6163e254e,13003,Balen,Antwerpen,NA,NA,1,flanders
1649,2016,0,juvenile,08-09-2016_scheps 7,009d325e-8c76-4049-bc69-31f6163e254e,13003,Balen,Antwerpen,NA,NA,1,flanders
1650,2016,4,larvae,08-09-2016_scheps 7,009d325e-8c76-4049-bc69-31f6163e254e,13003,Balen,Antwerpen,NA,NA,1,flanders
1651,2016,0,adult,08-09-2016_scheps 8,909d4ce7-901a-499c-b993-242731897f23,13003,Balen,Antwerpen,NA,NA,1,flanders
1652,2016,2,juvenile,08-09-2016_scheps 8,909d4ce7-901a-499c-b993-242731897f23,13003,Balen,Antwerpen,NA,NA,1,flanders
1653,2016,11,larvae,08-09-2016_scheps 8,909d4ce7-901a-499c-b993-242731897f23,13003,Balen,Antwerpen,NA,NA,1,flanders
1654,2022,2,adult,08-09-2022_scheps 20,03167d3d-4f00-42b8-b8be-fbe739205a3c,13003,Balen,Antwerpen,scheps 20,scheps 20,13,flanders
1655,2022,85,juvenile,08-09-2022_scheps 20,03167d3d-4f00-42b8-b8be-fbe739205a3c,13003,Balen,Antwerpen,scheps 20,scheps 20,13,flanders
1656,2022,603,larvae,08-09-2022_scheps 20,03167d3d-4f00-42b8-b8be-fbe739205a3c,13003,Balen,Antwerpen,scheps 20,scheps 20,13,flanders
1657,2023,2,adult,08-09-2023_griesbroek 6,03dc3f07-506f-4c71-bbcd-ad24c177cab5,13003,Balen,Antwerpen,griesbroek 6,griesbroek 6,6,flanders
1658,2023,14,juvenile,08-09-2023_griesbroek 6,03dc3f07-506f-4c71-bbcd-ad24c177cab5,13003,Balen,Antwerpen,griesbroek 6,griesbroek 6,6,flanders
1659,2023,52,larvae,08-09-2023_griesbroek 6,03dc3f07-506f-4c71-bbcd-ad24c177cab5,13003,Balen,Antwerpen,griesbroek 6,griesbroek 6,6,flanders
1660,2023,0,adult,08-09-2023_scheps 35,C40A62BC-753E-4B8E-A09E-101C73DE9BD0,13021,Meerhout,Antwerpen,scheps 35,scheps 35,7,flanders
1661,2023,24,juvenile,08-09-2023_scheps 35,C40A62BC-753E-4B8E-A09E-101C73DE9BD0,13021,Meerhout,Antwerpen,scheps 35,scheps 35,7,flanders
1662,2023,1461,larvae,08-09-2023_scheps 35,C40A62BC-753E-4B8E-A09E-101C73DE9BD0,13021,Meerhout,Antwerpen,scheps 35,scheps 35,7,flanders
1663,2014,5,adult,08-10-2014_arendonk 3,60e6e43e-6855-4917-a336-9ac46d087fad,13001,Arendonk,Antwerpen,NA,NA,8,flanders
1664,2014,7,juvenile,08-10-2014_arendonk 3,60e6e43e-6855-4917-a336-9ac46d087fad,13001,Arendonk,Antwerpen,NA,NA,8,flanders
1665,2014,890,larvae,08-10-2014_arendonk 3,60e6e43e-6855-4917-a336-9ac46d087fad,13001,Arendonk,Antwerpen,NA,NA,8,flanders
1666,2021,1,adult,08-10-2021_bergebeek 1,A4760255-D2AE-4D89-BF0B-4E60ABC25410,12014,Heist-Op-Den-Berg,Antwerpen,bergebeek 1,bergebeek 1,6,flanders
1667,2021,109,juvenile,08-10-2021_bergebeek 1,A4760255-D2AE-4D89-BF0B-4E60ABC25410,12014,Heist-Op-Den-Berg,Antwerpen,bergebeek 1,bergebeek 1,6,flanders
1668,2021,160,larvae,08-10-2021_bergebeek 1,A4760255-D2AE-4D89-BF0B-4E60ABC25410,12014,Heist-Op-Den-Berg,Antwerpen,bergebeek 1,bergebeek 1,6,flanders
1669,2021,0,adult,08-10-2021_hallaar 2,4768A45A-E834-4347-93C9-F0CB9F9F36F1,12014,Heist-Op-Den-Berg,Antwerpen,hallaar 2,hallaar 2,6,flanders
1670,2021,0,juvenile,08-10-2021_hallaar 2,4768A45A-E834-4347-93C9-F0CB9F9F36F1,12014,Heist-Op-Den-Berg,Antwerpen,hallaar 2,hallaar 2,6,flanders
1671,2021,10,larvae,08-10-2021_hallaar 2,4768A45A-E834-4347-93C9-F0CB9F9F36F1,12014,Heist-Op-Den-Berg,Antwerpen,hallaar 2,hallaar 2,6,flanders
1672,2021,0,adult,08-10-2021_molse nete 30,83A1CEBC-73DF-448E-ACFA-85D5E9051C1D,13003,Balen,Antwerpen,molse nete 30,molse nete 30,4,flanders
1673,2021,0,juvenile,08-10-2021_molse nete 30,83A1CEBC-73DF-448E-ACFA-85D5E9051C1D,13003,Balen,Antwerpen,molse nete 30,molse nete 30,4,flanders
1674,2021,0,larvae,08-10-2021_molse nete 30,83A1CEBC-73DF-448E-ACFA-85D5E9051C1D,13003,Balen,Antwerpen,molse nete 30,molse nete 30,4,flanders
1675,2021,1,adult,08-10-2021_steenkesloop 1,B08D8107-F3B5-4C98-9757-147574C9402D,13016,Hulshout,Antwerpen,steenkesloop 1,steenkesloop 1,6,flanders
1676,2021,1,juvenile,08-10-2021_steenkesloop 1,B08D8107-F3B5-4C98-9757-147574C9402D,13016,Hulshout,Antwerpen,steenkesloop 1,steenkesloop 1,6,flanders
1677,2021,3,larvae,08-10-2021_steenkesloop 1,B08D8107-F3B5-4C98-9757-147574C9402D,13016,Hulshout,Antwerpen,steenkesloop 1,steenkesloop 1,6,flanders
1678,2021,0,adult,08-10-2021_zilvermeer 1,1AC0E37E-A362-44A7-8DF5-FF340BEA8607,13025,Mol,Antwerpen,zilvermeer 1,zilvermeer 1,3,flanders
1679,2021,0,juvenile,08-10-2021_zilvermeer 1,1AC0E37E-A362-44A7-8DF5-FF340BEA8607,13025,Mol,Antwerpen,zilvermeer 1,zilvermeer 1,3,flanders
1680,2021,0,larvae,08-10-2021_zilvermeer 1,1AC0E37E-A362-44A7-8DF5-FF340BEA8607,13025,Mol,Antwerpen,zilvermeer 1,zilvermeer 1,3,flanders
1681,2021,0,adult,08-10-2021_zilvermeer 2,B72057E0-3333-4DE2-B98C-219E270DF2A9,13025,Mol,Antwerpen,zilvermeer 2,zilvermeer 2,3,flanders
1682,2021,0,juvenile,08-10-2021_zilvermeer 2,B72057E0-3333-4DE2-B98C-219E270DF2A9,13025,Mol,Antwerpen,zilvermeer 2,zilvermeer 2,3,flanders
1683,2021,0,larvae,08-10-2021_zilvermeer 2,B72057E0-3333-4DE2-B98C-219E270DF2A9,13025,Mol,Antwerpen,zilvermeer 2,zilvermeer 2,3,flanders
1684,2021,0,adult,08-10-2021_zilvermeer 4,2EEA9083-CF92-48AF-981A-A9AF025AD318,13025,Mol,Antwerpen,zilvermeer 4,zilvermeer 4,3,flanders
1685,2021,0,juvenile,08-10-2021_zilvermeer 4,2EEA9083-CF92-48AF-981A-A9AF025AD318,13025,Mol,Antwerpen,zilvermeer 4,zilvermeer 4,3,flanders
1686,2021,0,larvae,08-10-2021_zilvermeer 4,2EEA9083-CF92-48AF-981A-A9AF025AD318,13025,Mol,Antwerpen,zilvermeer 4,zilvermeer 4,3,flanders
1687,2021,0,adult,08-10-2021_zilvermeer 5,0A0EBFB4-4B4E-4815-AD05-64A9DC4E9818,13025,Mol,Antwerpen,zilvermeer 5,zilvermeer 5,3,flanders
1688,2021,0,juvenile,08-10-2021_zilvermeer 5,0A0EBFB4-4B4E-4815-AD05-64A9DC4E9818,13025,Mol,Antwerpen,zilvermeer 5,zilvermeer 5,3,flanders
1689,2021,0,larvae,08-10-2021_zilvermeer 5,0A0EBFB4-4B4E-4815-AD05-64A9DC4E9818,13025,Mol,Antwerpen,zilvermeer 5,zilvermeer 5,3,flanders
1690,2021,0,adult,08-10-2021_zilvermeer 6,96F857EE-F0D7-4567-9418-F6F3C0D67FE1,13025,Mol,Antwerpen,zilvermeer 6,zilvermeer 6,3,flanders
1691,2021,0,juvenile,08-10-2021_zilvermeer 6,96F857EE-F0D7-4567-9418-F6F3C0D67FE1,13025,Mol,Antwerpen,zilvermeer 6,zilvermeer 6,3,flanders
1692,2021,0,larvae,08-10-2021_zilvermeer 6,96F857EE-F0D7-4567-9418-F6F3C0D67FE1,13025,Mol,Antwerpen,zilvermeer 6,zilvermeer 6,3,flanders
1693,2021,0,adult,08-10-2021_zilvermeer 7,DAC9611B-FA4F-4B00-821D-82F35C5E8DF2,13025,Mol,Antwerpen,zilvermeer 7,zilvermeer 7,1,flanders
1694,2021,0,juvenile,08-10-2021_zilvermeer 7,DAC9611B-FA4F-4B00-821D-82F35C5E8DF2,13025,Mol,Antwerpen,zilvermeer 7,zilvermeer 7,1,flanders
1695,2021,0,larvae,08-10-2021_zilvermeer 7,DAC9611B-FA4F-4B00-821D-82F35C5E8DF2,13025,Mol,Antwerpen,zilvermeer 7,zilvermeer 7,1,flanders
1696,2023,5,adult,08-10-2023_griesbroek 6,03dc3f07-506f-4c71-bbcd-ad24c177cab5,13003,Balen,Antwerpen,griesbroek 6,griesbroek 6,3,flanders
1697,2023,2,juvenile,08-10-2023_griesbroek 6,03dc3f07-506f-4c71-bbcd-ad24c177cab5,13003,Balen,Antwerpen,griesbroek 6,griesbroek 6,3,flanders
1698,2023,0,larvae,08-10-2023_griesbroek 6,03dc3f07-506f-4c71-bbcd-ad24c177cab5,13003,Balen,Antwerpen,griesbroek 6,griesbroek 6,3,flanders
1699,2023,1,adult,08-10-2023_scheps 35,C40A62BC-753E-4B8E-A09E-101C73DE9BD0,13021,Meerhout,Antwerpen,scheps 35,scheps 35,1,flanders
1700,2023,1,juvenile,08-10-2023_scheps 35,C40A62BC-753E-4B8E-A09E-101C73DE9BD0,13021,Meerhout,Antwerpen,scheps 35,scheps 35,1,flanders
1701,2023,1596,larvae,08-10-2023_scheps 35,C40A62BC-753E-4B8E-A09E-101C73DE9BD0,13021,Meerhout,Antwerpen,scheps 35,scheps 35,1,flanders
1702,2014,0,adult,09-05-2014_kasterlee 7,d47894eb-3a0b-4dc1-8804-627d397aa280,13017,Kasterlee,Antwerpen,NA,NA,4,flanders
1703,2014,0,juvenile,09-05-2014_kasterlee 7,d47894eb-3a0b-4dc1-8804-627d397aa280,13017,Kasterlee,Antwerpen,NA,NA,4,flanders
1704,2014,25,larvae,09-05-2014_kasterlee 7,d47894eb-3a0b-4dc1-8804-627d397aa280,13017,Kasterlee,Antwerpen,NA,NA,4,flanders
1705,2020,2,adult,09-05-2020_griesbroek 3,95a96ebf-b2d0-461f-9304-d7ada7c4f31d,13003,Balen,Antwerpen,griesbroek 3,griesbroek 3,2,flanders
1706,2020,0,juvenile,09-05-2020_griesbroek 3,95a96ebf-b2d0-461f-9304-d7ada7c4f31d,13003,Balen,Antwerpen,griesbroek 3,griesbroek 3,2,flanders
1707,2020,32,larvae,09-05-2020_griesbroek 3,95a96ebf-b2d0-461f-9304-d7ada7c4f31d,13003,Balen,Antwerpen,griesbroek 3,griesbroek 3,2,flanders
1708,2020,0,adult,09-05-2020_griesbroek 5,829b4e3e-8baf-4236-9896-1f8bb58e893c,13003,Balen,Antwerpen,griesbroek 5,griesbroek 5,3,flanders
1709,2020,2,juvenile,09-05-2020_griesbroek 5,829b4e3e-8baf-4236-9896-1f8bb58e893c,13003,Balen,Antwerpen,griesbroek 5,griesbroek 5,3,flanders
1710,2020,70,larvae,09-05-2020_griesbroek 5,829b4e3e-8baf-4236-9896-1f8bb58e893c,13003,Balen,Antwerpen,griesbroek 5,griesbroek 5,3,flanders
1711,2020,5,adult,09-05-2020_griesbroek 6,03dc3f07-506f-4c71-bbcd-ad24c177cab5,13003,Balen,Antwerpen,griesbroek 6,griesbroek 6,2,flanders
1712,2020,0,juvenile,09-05-2020_griesbroek 6,03dc3f07-506f-4c71-bbcd-ad24c177cab5,13003,Balen,Antwerpen,griesbroek 6,griesbroek 6,2,flanders
1713,2020,345,larvae,09-05-2020_griesbroek 6,03dc3f07-506f-4c71-bbcd-ad24c177cab5,13003,Balen,Antwerpen,griesbroek 6,griesbroek 6,2,flanders
1714,2020,1,adult,09-05-2020_griesbroek 7,80f08260-00f4-4989-8299-eee838d085b4,13003,Balen,Antwerpen,griesbroek 7,griesbroek 7,3,flanders
1715,2020,0,juvenile,09-05-2020_griesbroek 7,80f08260-00f4-4989-8299-eee838d085b4,13003,Balen,Antwerpen,griesbroek 7,griesbroek 7,3,flanders
1716,2020,13,larvae,09-05-2020_griesbroek 7,80f08260-00f4-4989-8299-eee838d085b4,13003,Balen,Antwerpen,griesbroek 7,griesbroek 7,3,flanders
1717,2022,3,adult,09-05-2022_griesbroek 6,03dc3f07-506f-4c71-bbcd-ad24c177cab5,13003,Balen,Antwerpen,griesbroek 6,griesbroek 6,20,flanders
1718,2022,3,juvenile,09-05-2022_griesbroek 6,03dc3f07-506f-4c71-bbcd-ad24c177cab5,13003,Balen,Antwerpen,griesbroek 6,griesbroek 6,20,flanders
1719,2022,1125,larvae,09-05-2022_griesbroek 6,03dc3f07-506f-4c71-bbcd-ad24c177cab5,13003,Balen,Antwerpen,griesbroek 6,griesbroek 6,20,flanders
1720,2024,6,adult,09-05-2024_griesbroek 6,03dc3f07-506f-4c71-bbcd-ad24c177cab5,13003,Balen,Antwerpen,griesbroek 6,griesbroek 6,20,flanders
1721,2024,1,juvenile,09-05-2024_griesbroek 6,03dc3f07-506f-4c71-bbcd-ad24c177cab5,13003,Balen,Antwerpen,griesbroek 6,griesbroek 6,20,flanders
1722,2024,0,larvae,09-05-2024_griesbroek 6,03dc3f07-506f-4c71-bbcd-ad24c177cab5,13003,Balen,Antwerpen,griesbroek 6,griesbroek 6,20,flanders
1723,2024,0,adult,09-05-2024_laakdal 39,E9E4CE1C-43A6-4817-96EB-873765AA5598,13053,Laakdal,Antwerpen,laakdal 39,laakdal 39,20,flanders
1724,2024,0,juvenile,09-05-2024_laakdal 39,E9E4CE1C-43A6-4817-96EB-873765AA5598,13053,Laakdal,Antwerpen,laakdal 39,laakdal 39,20,flanders
1725,2024,0,larvae,09-05-2024_laakdal 39,E9E4CE1C-43A6-4817-96EB-873765AA5598,13053,Laakdal,Antwerpen,laakdal 39,laakdal 39,20,flanders
1726,2024,0,adult,09-05-2024_scheps 7,009d325e-8c76-4049-bc69-31f6163e254e,13003,Balen,Antwerpen,scheps 7,scheps 7,9,flanders
1727,2024,0,juvenile,09-05-2024_scheps 7,009d325e-8c76-4049-bc69-31f6163e254e,13003,Balen,Antwerpen,scheps 7,scheps 7,9,flanders
1728,2024,4,larvae,09-05-2024_scheps 7,009d325e-8c76-4049-bc69-31f6163e254e,13003,Balen,Antwerpen,scheps 7,scheps 7,9,flanders
1729,2025,4,adult,09-05-2025_griesbroek 6,03dc3f07-506f-4c71-bbcd-ad24c177cab5,13003,Balen,Antwerpen,griesbroek 6,griesbroek 6,12,flanders
1730,2025,4,juvenile,09-05-2025_griesbroek 6,03dc3f07-506f-4c71-bbcd-ad24c177cab5,13003,Balen,Antwerpen,griesbroek 6,griesbroek 6,12,flanders
1731,2025,240,larvae,09-05-2025_griesbroek 6,03dc3f07-506f-4c71-bbcd-ad24c177cab5,13003,Balen,Antwerpen,griesbroek 6,griesbroek 6,12,flanders
1732,2025,0,adult,09-05-2025_molse nete 25,CCB25757-251A-496E-BE76-0FCEBCCE248E,13003,Balen,Antwerpen,molse nete 25,molse nete 25,6,flanders
1733,2025,0,juvenile,09-05-2025_molse nete 25,CCB25757-251A-496E-BE76-0FCEBCCE248E,13003,Balen,Antwerpen,molse nete 25,molse nete 25,6,flanders
1734,2025,215,larvae,09-05-2025_molse nete 25,CCB25757-251A-496E-BE76-0FCEBCCE248E,13003,Balen,Antwerpen,molse nete 25,molse nete 25,6,flanders
1735,2025,2,adult,09-05-2025_molse nete 31,FF2EAC7B-0342-4549-A8B8-E0542719444C,13003,Balen,Antwerpen,molse nete 31,molse nete 31,9,flanders
1736,2025,0,juvenile,09-05-2025_molse nete 31,FF2EAC7B-0342-4549-A8B8-E0542719444C,13003,Balen,Antwerpen,molse nete 31,molse nete 31,9,flanders
1737,2025,43,larvae,09-05-2025_molse nete 31,FF2EAC7B-0342-4549-A8B8-E0542719444C,13003,Balen,Antwerpen,molse nete 31,molse nete 31,9,flanders
1738,2025,0,adult,09-05-2025_molse nete 34,C9CD45C3-D4B7-43B3-A539-282D76046F45,13003,Balen,Antwerpen,molse nete 34,molse nete 34,11,flanders
1739,2025,1,juvenile,09-05-2025_molse nete 34,C9CD45C3-D4B7-43B3-A539-282D76046F45,13003,Balen,Antwerpen,molse nete 34,molse nete 34,11,flanders
1740,2025,11,larvae,09-05-2025_molse nete 34,C9CD45C3-D4B7-43B3-A539-282D76046F45,13003,Balen,Antwerpen,molse nete 34,molse nete 34,11,flanders
1741,2025,0,adult,09-05-2025_scheps 20,03167d3d-4f00-42b8-b8be-fbe739205a3c,13003,Balen,Antwerpen,scheps 20,scheps 20,11,flanders
1742,2025,0,juvenile,09-05-2025_scheps 20,03167d3d-4f00-42b8-b8be-fbe739205a3c,13003,Balen,Antwerpen,scheps 20,scheps 20,11,flanders
1743,2025,40,larvae,09-05-2025_scheps 20,03167d3d-4f00-42b8-b8be-fbe739205a3c,13003,Balen,Antwerpen,scheps 20,scheps 20,11,flanders
1744,2015,1,adult,09-06-2015_bospoel,bf074168-c09d-40a9-b321-59ce253aa461,13014,Hoogstraten,Antwerpen,NA,NA,2,flanders
1745,2015,0,juvenile,09-06-2015_bospoel,bf074168-c09d-40a9-b321-59ce253aa461,13014,Hoogstraten,Antwerpen,NA,NA,2,flanders
1746,2015,9,larvae,09-06-2015_bospoel,bf074168-c09d-40a9-b321-59ce253aa461,13014,Hoogstraten,Antwerpen,NA,NA,2,flanders
1747,2015,0,adult,09-06-2015_kasterlee 3,fa5d281f-6266-4d4b-b6a7-cd44132e9b99,13017,Kasterlee,Antwerpen,NA,NA,4,flanders
1748,2015,0,juvenile,09-06-2015_kasterlee 3,fa5d281f-6266-4d4b-b6a7-cd44132e9b99,13017,Kasterlee,Antwerpen,NA,NA,4,flanders
1749,2015,12,larvae,09-06-2015_kasterlee 3,fa5d281f-6266-4d4b-b6a7-cd44132e9b99,13017,Kasterlee,Antwerpen,NA,NA,4,flanders
1750,2016,0,adult,09-06-2016_arendonk 1,91a8e2bb-b682-4c53-b213-7494198b12ce,13001,Arendonk,Antwerpen,NA,NA,3,flanders
1751,2016,0,juvenile,09-06-2016_arendonk 1,91a8e2bb-b682-4c53-b213-7494198b12ce,13001,Arendonk,Antwerpen,NA,NA,3,flanders
1752,2016,123,larvae,09-06-2016_arendonk 1,91a8e2bb-b682-4c53-b213-7494198b12ce,13001,Arendonk,Antwerpen,NA,NA,3,flanders
1753,2016,0,adult,09-06-2016_arendonk 2,fbb3baeb-c846-444c-926e-02445e328b78,13001,Arendonk,Antwerpen,NA,NA,4,flanders
1754,2016,0,juvenile,09-06-2016_arendonk 2,fbb3baeb-c846-444c-926e-02445e328b78,13001,Arendonk,Antwerpen,NA,NA,4,flanders
1755,2016,279,larvae,09-06-2016_arendonk 2,fbb3baeb-c846-444c-926e-02445e328b78,13001,Arendonk,Antwerpen,NA,NA,4,flanders
1756,2021,4,adult,09-06-2021_laakdal 41,3FF122FA-A234-4A59-B023-BF7A15813990,13053,Laakdal,Antwerpen,laakdal 41,laakdal 41,11,flanders
1757,2021,3,juvenile,09-06-2021_laakdal 41,3FF122FA-A234-4A59-B023-BF7A15813990,13053,Laakdal,Antwerpen,laakdal 41,laakdal 41,11,flanders
1758,2021,1353,larvae,09-06-2021_laakdal 41,3FF122FA-A234-4A59-B023-BF7A15813990,13053,Laakdal,Antwerpen,laakdal 41,laakdal 41,11,flanders
1759,2021,0,adult,09-06-2021_nijlen h1,e4967c07-aaa3-4aa5-9ba6-54322313066c,12021,Lier,Antwerpen,nijlen h1,nijlen h1,8,flanders
1760,2021,0,juvenile,09-06-2021_nijlen h1,e4967c07-aaa3-4aa5-9ba6-54322313066c,12021,Lier,Antwerpen,nijlen h1,nijlen h1,8,flanders
1761,2021,0,larvae,09-06-2021_nijlen h1,e4967c07-aaa3-4aa5-9ba6-54322313066c,12021,Lier,Antwerpen,nijlen h1,nijlen h1,8,flanders
1762,2021,2,adult,09-06-2021_scheps 20,03167d3d-4f00-42b8-b8be-fbe739205a3c,13003,Balen,Antwerpen,scheps 20,scheps 20,8,flanders
1763,2021,0,juvenile,09-06-2021_scheps 20,03167d3d-4f00-42b8-b8be-fbe739205a3c,13003,Balen,Antwerpen,scheps 20,scheps 20,8,flanders
1764,2021,914,larvae,09-06-2021_scheps 20,03167d3d-4f00-42b8-b8be-fbe739205a3c,13003,Balen,Antwerpen,scheps 20,scheps 20,8,flanders
1765,2022,1,adult,09-06-2022_meerhout 14,2AB1C866-FD95-4691-A764-F45063561D06,13008,Geel,Antwerpen,meerhout 14,meerhout 14,37,flanders
1766,2022,15,juvenile,09-06-2022_meerhout 14,2AB1C866-FD95-4691-A764-F45063561D06,13008,Geel,Antwerpen,meerhout 14,meerhout 14,37,flanders
1767,2022,669,larvae,09-06-2022_meerhout 14,2AB1C866-FD95-4691-A764-F45063561D06,13008,Geel,Antwerpen,meerhout 14,meerhout 14,37,flanders
1768,2023,2,adult,09-06-2023_arendonk 2,fbb3baeb-c846-444c-926e-02445e328b78,13001,Arendonk,Antwerpen,arendonk 2,arendonk 2,20,flanders
1769,2023,7,juvenile,09-06-2023_arendonk 2,fbb3baeb-c846-444c-926e-02445e328b78,13001,Arendonk,Antwerpen,arendonk 2,arendonk 2,20,flanders
1770,2023,206,larvae,09-06-2023_arendonk 2,fbb3baeb-c846-444c-926e-02445e328b78,13001,Arendonk,Antwerpen,arendonk 2,arendonk 2,20,flanders
1771,2023,17,adult,09-06-2023_griesbroek 6,03dc3f07-506f-4c71-bbcd-ad24c177cab5,13003,Balen,Antwerpen,griesbroek 6,griesbroek 6,4,flanders
1772,2023,20,juvenile,09-06-2023_griesbroek 6,03dc3f07-506f-4c71-bbcd-ad24c177cab5,13003,Balen,Antwerpen,griesbroek 6,griesbroek 6,4,flanders
1773,2023,105,larvae,09-06-2023_griesbroek 6,03dc3f07-506f-4c71-bbcd-ad24c177cab5,13003,Balen,Antwerpen,griesbroek 6,griesbroek 6,4,flanders
1774,2023,0,adult,09-06-2023_laakdal 42,CFE5F760-038E-4AFA-A19C-F41167BA5C06,13053,Laakdal,Antwerpen,laakdal 42,laakdal 42,20,flanders
1775,2023,0,juvenile,09-06-2023_laakdal 42,CFE5F760-038E-4AFA-A19C-F41167BA5C06,13053,Laakdal,Antwerpen,laakdal 42,laakdal 42,20,flanders
1776,2023,8,larvae,09-06-2023_laakdal 42,CFE5F760-038E-4AFA-A19C-F41167BA5C06,13053,Laakdal,Antwerpen,laakdal 42,laakdal 42,20,flanders
1777,2023,0,adult,09-06-2023_scheps 20,03167d3d-4f00-42b8-b8be-fbe739205a3c,13003,Balen,Antwerpen,scheps 20,scheps 20,2,flanders
1778,2023,1,juvenile,09-06-2023_scheps 20,03167d3d-4f00-42b8-b8be-fbe739205a3c,13003,Balen,Antwerpen,scheps 20,scheps 20,2,flanders
1779,2023,77,larvae,09-06-2023_scheps 20,03167d3d-4f00-42b8-b8be-fbe739205a3c,13003,Balen,Antwerpen,scheps 20,scheps 20,2,flanders
1780,2023,2,adult,09-06-2023_scheps 35,C40A62BC-753E-4B8E-A09E-101C73DE9BD0,13021,Meerhout,Antwerpen,scheps 35,scheps 35,6,flanders
1781,2023,0,juvenile,09-06-2023_scheps 35,C40A62BC-753E-4B8E-A09E-101C73DE9BD0,13021,Meerhout,Antwerpen,scheps 35,scheps 35,6,flanders
1782,2023,961,larvae,09-06-2023_scheps 35,C40A62BC-753E-4B8E-A09E-101C73DE9BD0,13021,Meerhout,Antwerpen,scheps 35,scheps 35,6,flanders
1783,2010,1,adult,09-07-2010_driehoek,48fb261c-3f3a-4a95-9103-1e6822dae999,13014,Hoogstraten,Antwerpen,NA,NA,3,flanders
1784,2010,1,juvenile,09-07-2010_driehoek,48fb261c-3f3a-4a95-9103-1e6822dae999,13014,Hoogstraten,Antwerpen,NA,NA,3,flanders
1785,2010,149,larvae,09-07-2010_driehoek,48fb261c-3f3a-4a95-9103-1e6822dae999,13014,Hoogstraten,Antwerpen,NA,NA,3,flanders
1786,2014,0,adult,09-07-2014_arendonk 2,fbb3baeb-c846-444c-926e-02445e328b78,13001,Arendonk,Antwerpen,NA,NA,4,flanders
1787,2014,0,juvenile,09-07-2014_arendonk 2,fbb3baeb-c846-444c-926e-02445e328b78,13001,Arendonk,Antwerpen,NA,NA,4,flanders
1788,2014,107,larvae,09-07-2014_arendonk 2,fbb3baeb-c846-444c-926e-02445e328b78,13001,Arendonk,Antwerpen,NA,NA,4,flanders
1789,2014,0,adult,09-07-2014_driehoek,48fb261c-3f3a-4a95-9103-1e6822dae999,13014,Hoogstraten,Antwerpen,NA,NA,3,flanders
1790,2014,0,juvenile,09-07-2014_driehoek,48fb261c-3f3a-4a95-9103-1e6822dae999,13014,Hoogstraten,Antwerpen,NA,NA,3,flanders
1791,2014,598,larvae,09-07-2014_driehoek,48fb261c-3f3a-4a95-9103-1e6822dae999,13014,Hoogstraten,Antwerpen,NA,NA,3,flanders
1792,2014,0,adult,09-07-2014_kasterlee 3,fa5d281f-6266-4d4b-b6a7-cd44132e9b99,13017,Kasterlee,Antwerpen,NA,NA,2,flanders
1793,2014,0,juvenile,09-07-2014_kasterlee 3,fa5d281f-6266-4d4b-b6a7-cd44132e9b99,13017,Kasterlee,Antwerpen,NA,NA,2,flanders
1794,2014,5,larvae,09-07-2014_kasterlee 3,fa5d281f-6266-4d4b-b6a7-cd44132e9b99,13017,Kasterlee,Antwerpen,NA,NA,2,flanders
1795,2015,0,adult,09-07-2015_arendonk 3,60e6e43e-6855-4917-a336-9ac46d087fad,13001,Arendonk,Antwerpen,NA,NA,4,flanders
1796,2015,2,juvenile,09-07-2015_arendonk 3,60e6e43e-6855-4917-a336-9ac46d087fad,13001,Arendonk,Antwerpen,NA,NA,4,flanders
1797,2015,1,larvae,09-07-2015_arendonk 3,60e6e43e-6855-4917-a336-9ac46d087fad,13001,Arendonk,Antwerpen,NA,NA,4,flanders
1798,2019,0,adult,09-07-2019_arendonk 2,fbb3baeb-c846-444c-926e-02445e328b78,13001,Arendonk,Antwerpen,arendonk 2,arendonk 2,5,flanders
1799,2019,0,juvenile,09-07-2019_arendonk 2,fbb3baeb-c846-444c-926e-02445e328b78,13001,Arendonk,Antwerpen,arendonk 2,arendonk 2,5,flanders
1800,2019,23,larvae,09-07-2019_arendonk 2,fbb3baeb-c846-444c-926e-02445e328b78,13001,Arendonk,Antwerpen,arendonk 2,arendonk 2,5,flanders
1801,2020,0,adult,09-07-2020_kasterlee 14,31afab53-0d30-4026-af4d-e94dcecd79c4,13017,Kasterlee,Antwerpen,kasterlee 14,kasterlee 14,2,flanders
1802,2020,0,juvenile,09-07-2020_kasterlee 14,31afab53-0d30-4026-af4d-e94dcecd79c4,13017,Kasterlee,Antwerpen,kasterlee 14,kasterlee 14,2,flanders
1803,2020,0,larvae,09-07-2020_kasterlee 14,31afab53-0d30-4026-af4d-e94dcecd79c4,13017,Kasterlee,Antwerpen,kasterlee 14,kasterlee 14,2,flanders
1804,2020,0,adult,09-07-2020_kasterlee 2,902992af-4522-4053-8807-fb181584bdc4,13017,Kasterlee,Antwerpen,kasterlee 2,kasterlee 2,2,flanders
1805,2020,0,juvenile,09-07-2020_kasterlee 2,902992af-4522-4053-8807-fb181584bdc4,13017,Kasterlee,Antwerpen,kasterlee 2,kasterlee 2,2,flanders
1806,2020,0,larvae,09-07-2020_kasterlee 2,902992af-4522-4053-8807-fb181584bdc4,13017,Kasterlee,Antwerpen,kasterlee 2,kasterlee 2,2,flanders
1807,2020,0,adult,09-07-2020_kasterlee 3,fa5d281f-6266-4d4b-b6a7-cd44132e9b99,13017,Kasterlee,Antwerpen,kasterlee 3,kasterlee 3,2,flanders
1808,2020,0,juvenile,09-07-2020_kasterlee 3,fa5d281f-6266-4d4b-b6a7-cd44132e9b99,13017,Kasterlee,Antwerpen,kasterlee 3,kasterlee 3,2,flanders
1809,2020,0,larvae,09-07-2020_kasterlee 3,fa5d281f-6266-4d4b-b6a7-cd44132e9b99,13017,Kasterlee,Antwerpen,kasterlee 3,kasterlee 3,2,flanders
1810,2020,0,adult,09-07-2020_laakdal 10,ed140e69-cc25-475f-ae0a-3b54cb11d089,13053,Laakdal,Antwerpen,laakdal 10,laakdal 10,2,flanders
1811,2020,6,juvenile,09-07-2020_laakdal 10,ed140e69-cc25-475f-ae0a-3b54cb11d089,13053,Laakdal,Antwerpen,laakdal 10,laakdal 10,2,flanders
1812,2020,0,larvae,09-07-2020_laakdal 10,ed140e69-cc25-475f-ae0a-3b54cb11d089,13053,Laakdal,Antwerpen,laakdal 10,laakdal 10,2,flanders
1813,2020,0,adult,09-07-2020_laakdal 3,d415562e-8a6a-4234-9bc8-23cd09f85748,13053,Laakdal,Antwerpen,laakdal 3,laakdal 3,4,flanders
1814,2020,3,juvenile,09-07-2020_laakdal 3,d415562e-8a6a-4234-9bc8-23cd09f85748,13053,Laakdal,Antwerpen,laakdal 3,laakdal 3,4,flanders
1815,2020,0,larvae,09-07-2020_laakdal 3,d415562e-8a6a-4234-9bc8-23cd09f85748,13053,Laakdal,Antwerpen,laakdal 3,laakdal 3,4,flanders
1816,2020,0,adult,09-07-2020_laakdal 30,b9f26eb5-535f-4adb-a08c-a03acbdd911d,13053,Laakdal,Antwerpen,laakdal 30,laakdal 30,1,flanders
1817,2020,0,juvenile,09-07-2020_laakdal 30,b9f26eb5-535f-4adb-a08c-a03acbdd911d,13053,Laakdal,Antwerpen,laakdal 30,laakdal 30,1,flanders
1818,2020,0,larvae,09-07-2020_laakdal 30,b9f26eb5-535f-4adb-a08c-a03acbdd911d,13053,Laakdal,Antwerpen,laakdal 30,laakdal 30,1,flanders
1819,2020,0,adult,09-07-2020_laakdal 9,cffd6091-a7ba-42fa-a5fb-975e7ab483d1,13053,Laakdal,Antwerpen,laakdal 9,laakdal 9,4,flanders
1820,2020,20,juvenile,09-07-2020_laakdal 9,cffd6091-a7ba-42fa-a5fb-975e7ab483d1,13053,Laakdal,Antwerpen,laakdal 9,laakdal 9,4,flanders
1821,2020,0,larvae,09-07-2020_laakdal 9,cffd6091-a7ba-42fa-a5fb-975e7ab483d1,13053,Laakdal,Antwerpen,laakdal 9,laakdal 9,4,flanders
1822,2020,0,adult,09-07-2020_retiebaan 1,007f5913-1bdf-4e46-b2e3-587a0437fdbc,13017,Kasterlee,Antwerpen,retiebaan 1,retiebaan 1,2,flanders
1823,2020,0,juvenile,09-07-2020_retiebaan 1,007f5913-1bdf-4e46-b2e3-587a0437fdbc,13017,Kasterlee,Antwerpen,retiebaan 1,retiebaan 1,2,flanders
1824,2020,0,larvae,09-07-2020_retiebaan 1,007f5913-1bdf-4e46-b2e3-587a0437fdbc,13017,Kasterlee,Antwerpen,retiebaan 1,retiebaan 1,2,flanders
1825,2020,0,adult,09-07-2020_retiebaan 2,4e76c083-9d1e-4900-8395-911d04e4e5ea,13017,Kasterlee,Antwerpen,retiebaan 2,retiebaan 2,2,flanders
1826,2020,0,juvenile,09-07-2020_retiebaan 2,4e76c083-9d1e-4900-8395-911d04e4e5ea,13017,Kasterlee,Antwerpen,retiebaan 2,retiebaan 2,2,flanders
1827,2020,0,larvae,09-07-2020_retiebaan 2,4e76c083-9d1e-4900-8395-911d04e4e5ea,13017,Kasterlee,Antwerpen,retiebaan 2,retiebaan 2,2,flanders
1828,2021,0,adult,09-07-2021_antlkd0019b,FB494ED0-A45E-46C5-815E-0175772811CA,13053,Laakdal,Antwerpen,antlkd0019b,antlkd0019b,5,flanders
1829,2021,0,juvenile,09-07-2021_antlkd0019b,FB494ED0-A45E-46C5-815E-0175772811CA,13053,Laakdal,Antwerpen,antlkd0019b,antlkd0019b,5,flanders
1830,2021,102,larvae,09-07-2021_antlkd0019b,FB494ED0-A45E-46C5-815E-0175772811CA,13053,Laakdal,Antwerpen,antlkd0019b,antlkd0019b,5,flanders
1831,2021,1,adult,09-07-2021_laakdal 37,835E903F-A579-4355-8AB0-7D70249F0B89,13053,Laakdal,Antwerpen,laakdal 37,laakdal 37,4,flanders
1832,2021,0,juvenile,09-07-2021_laakdal 37,835E903F-A579-4355-8AB0-7D70249F0B89,13053,Laakdal,Antwerpen,laakdal 37,laakdal 37,4,flanders
1833,2021,0,larvae,09-07-2021_laakdal 37,835E903F-A579-4355-8AB0-7D70249F0B89,13053,Laakdal,Antwerpen,laakdal 37,laakdal 37,4,flanders
1834,2021,2,adult,09-07-2021_laakdal 5,62abe301-066c-4fa9-a54d-14e8b8882923,13053,Laakdal,Antwerpen,laakdal 5,laakdal 5,8,flanders
1835,2021,2,juvenile,09-07-2021_laakdal 5,62abe301-066c-4fa9-a54d-14e8b8882923,13053,Laakdal,Antwerpen,laakdal 5,laakdal 5,8,flanders
1836,2021,178,larvae,09-07-2021_laakdal 5,62abe301-066c-4fa9-a54d-14e8b8882923,13053,Laakdal,Antwerpen,laakdal 5,laakdal 5,8,flanders
1837,2021,0,adult,09-07-2021_nijlen g2,a484323f-4a55-4cf1-affb-6b5870f769db,12021,Lier,Antwerpen,nijlen g2,nijlen g2,7,flanders
1838,2021,0,juvenile,09-07-2021_nijlen g2,a484323f-4a55-4cf1-affb-6b5870f769db,12021,Lier,Antwerpen,nijlen g2,nijlen g2,7,flanders
1839,2021,0,larvae,09-07-2021_nijlen g2,a484323f-4a55-4cf1-affb-6b5870f769db,12021,Lier,Antwerpen,nijlen g2,nijlen g2,7,flanders
1840,2024,0,adult,09-07-2024_bel 1,E889F226-84B5-499E-A73B-A5DF719C540C,13008,Geel,Antwerpen,bel 1,bel 1,12,flanders
1841,2024,1,juvenile,09-07-2024_bel 1,E889F226-84B5-499E-A73B-A5DF719C540C,13008,Geel,Antwerpen,bel 1,bel 1,12,flanders
1842,2024,2274,larvae,09-07-2024_bel 1,E889F226-84B5-499E-A73B-A5DF719C540C,13008,Geel,Antwerpen,bel 1,bel 1,12,flanders
1843,2024,2,adult,09-07-2024_geel kruiskwacht 2,781F2ED8-0177-4D33-902F-C7DC87D7808E,13008,Geel,Antwerpen,geel kruiskwacht 2,geel kruiskwacht 2,9,flanders
1844,2024,1,juvenile,09-07-2024_geel kruiskwacht 2,781F2ED8-0177-4D33-902F-C7DC87D7808E,13008,Geel,Antwerpen,geel kruiskwacht 2,geel kruiskwacht 2,9,flanders
1845,2024,744,larvae,09-07-2024_geel kruiskwacht 2,781F2ED8-0177-4D33-902F-C7DC87D7808E,13008,Geel,Antwerpen,geel kruiskwacht 2,geel kruiskwacht 2,9,flanders
1846,2024,2,adult,09-07-2024_geel kruiskwacht 3,03D4A801-541C-48F7-86F0-F65BE5D1B246,13008,Geel,Antwerpen,geel kruiskwacht 3,geel kruiskwacht 3,10,flanders
1847,2024,31,juvenile,09-07-2024_geel kruiskwacht 3,03D4A801-541C-48F7-86F0-F65BE5D1B246,13008,Geel,Antwerpen,geel kruiskwacht 3,geel kruiskwacht 3,10,flanders
1848,2024,246,larvae,09-07-2024_geel kruiskwacht 3,03D4A801-541C-48F7-86F0-F65BE5D1B246,13008,Geel,Antwerpen,geel kruiskwacht 3,geel kruiskwacht 3,10,flanders
1849,2024,1,adult,09-07-2024_meerhout 20,DC50D1FB-9A6C-4744-8D25-B511474F778B,13021,Meerhout,Antwerpen,meerhout 20,meerhout 20,8,flanders
1850,2024,0,juvenile,09-07-2024_meerhout 20,DC50D1FB-9A6C-4744-8D25-B511474F778B,13021,Meerhout,Antwerpen,meerhout 20,meerhout 20,8,flanders
1851,2024,0,larvae,09-07-2024_meerhout 20,DC50D1FB-9A6C-4744-8D25-B511474F778B,13021,Meerhout,Antwerpen,meerhout 20,meerhout 20,8,flanders
1852,2024,9,adult,09-07-2024_scheps 35,C40A62BC-753E-4B8E-A09E-101C73DE9BD0,13021,Meerhout,Antwerpen,scheps 35,scheps 35,8,flanders
1853,2024,0,juvenile,09-07-2024_scheps 35,C40A62BC-753E-4B8E-A09E-101C73DE9BD0,13021,Meerhout,Antwerpen,scheps 35,scheps 35,8,flanders
1854,2024,465,larvae,09-07-2024_scheps 35,C40A62BC-753E-4B8E-A09E-101C73DE9BD0,13021,Meerhout,Antwerpen,scheps 35,scheps 35,8,flanders
1855,2024,2,adult,09-07-2024_scheps 39,E0BFF7E4-D0E2-44B4-A7FE-2DD211144B52,13003,Balen,Antwerpen,scheps 39,scheps 39,6,flanders
1856,2024,0,juvenile,09-07-2024_scheps 39,E0BFF7E4-D0E2-44B4-A7FE-2DD211144B52,13003,Balen,Antwerpen,scheps 39,scheps 39,6,flanders
1857,2024,1299,larvae,09-07-2024_scheps 39,E0BFF7E4-D0E2-44B4-A7FE-2DD211144B52,13003,Balen,Antwerpen,scheps 39,scheps 39,6,flanders
1858,2025,0,adult,09-07-2025_antbal 0244,137EB5C2-F5CC-4AAC-BF65-F8B0843D1709,13003,Balen,Antwerpen,antbal 0244,antbal 0244,3,flanders
1859,2025,0,juvenile,09-07-2025_antbal 0244,137EB5C2-F5CC-4AAC-BF65-F8B0843D1709,13003,Balen,Antwerpen,antbal 0244,antbal 0244,3,flanders
1860,2025,0,larvae,09-07-2025_antbal 0244,137EB5C2-F5CC-4AAC-BF65-F8B0843D1709,13003,Balen,Antwerpen,antbal 0244,antbal 0244,3,flanders
1861,2025,0,adult,09-07-2025_anthei 0647,409E6558-5B68-4E45-AABC-50F507EF4595,12014,Heist-Op-Den-Berg,Antwerpen,anthei 0647,anthei 0647,3,flanders
1862,2025,60,juvenile,09-07-2025_anthei 0647,409E6558-5B68-4E45-AABC-50F507EF4595,12014,Heist-Op-Den-Berg,Antwerpen,anthei 0647,anthei 0647,3,flanders
1863,2025,1956,larvae,09-07-2025_anthei 0647,409E6558-5B68-4E45-AABC-50F507EF4595,12014,Heist-Op-Den-Berg,Antwerpen,anthei 0647,anthei 0647,3,flanders
1864,2025,1,adult,09-07-2025_anthul 0147,B6D9C817-48DF-4230-B1B6-323D87DAD47D,13016,Hulshout,Antwerpen,anthul 0147,anthul 0147,2,flanders
1865,2025,0,juvenile,09-07-2025_anthul 0147,B6D9C817-48DF-4230-B1B6-323D87DAD47D,13016,Hulshout,Antwerpen,anthul 0147,anthul 0147,2,flanders
1866,2025,0,larvae,09-07-2025_anthul 0147,B6D9C817-48DF-4230-B1B6-323D87DAD47D,13016,Hulshout,Antwerpen,anthul 0147,anthul 0147,2,flanders
1867,2025,0,adult,09-07-2025_anthul 159,53F90D73-7E29-4E35-A91F-B8CF25EC53AF,13016,Hulshout,Antwerpen,anthul 159,anthul 159,1,flanders
1868,2025,0,juvenile,09-07-2025_anthul 159,53F90D73-7E29-4E35-A91F-B8CF25EC53AF,13016,Hulshout,Antwerpen,anthul 159,anthul 159,1,flanders
1869,2025,0,larvae,09-07-2025_anthul 159,53F90D73-7E29-4E35-A91F-B8CF25EC53AF,13016,Hulshout,Antwerpen,anthul 159,anthul 159,1,flanders
1870,2025,0,adult,09-07-2025_bergebeek 5,D86F0049-5884-4570-BBEB-06BF1986CAC2,12014,Heist-Op-Den-Berg,Antwerpen,bergebeek 5,bergebeek 5,2,flanders
1871,2025,1,juvenile,09-07-2025_bergebeek 5,D86F0049-5884-4570-BBEB-06BF1986CAC2,12014,Heist-Op-Den-Berg,Antwerpen,bergebeek 5,bergebeek 5,2,flanders
1872,2025,80,larvae,09-07-2025_bergebeek 5,D86F0049-5884-4570-BBEB-06BF1986CAC2,12014,Heist-Op-Den-Berg,Antwerpen,bergebeek 5,bergebeek 5,2,flanders
1873,2025,0,adult,09-07-2025_molse nete 37,E65FFD20-513A-4687-914A-74407F086BDF,13003,Balen,Antwerpen,molse nete 37,molse nete 37,6,flanders
1874,2025,0,juvenile,09-07-2025_molse nete 37,E65FFD20-513A-4687-914A-74407F086BDF,13003,Balen,Antwerpen,molse nete 37,molse nete 37,6,flanders
1875,2025,0,larvae,09-07-2025_molse nete 37,E65FFD20-513A-4687-914A-74407F086BDF,13003,Balen,Antwerpen,molse nete 37,molse nete 37,6,flanders
1876,2011,5,adult,09-08-2011_arendonk 3,60e6e43e-6855-4917-a336-9ac46d087fad,13001,Arendonk,Antwerpen,NA,NA,8,flanders
1877,2011,327,juvenile,09-08-2011_arendonk 3,60e6e43e-6855-4917-a336-9ac46d087fad,13001,Arendonk,Antwerpen,NA,NA,8,flanders
1878,2011,1307,larvae,09-08-2011_arendonk 3,60e6e43e-6855-4917-a336-9ac46d087fad,13001,Arendonk,Antwerpen,NA,NA,8,flanders
1879,2013,0,adult,09-08-2013_arendonk 1,91a8e2bb-b682-4c53-b213-7494198b12ce,13001,Arendonk,Antwerpen,NA,NA,4,flanders
1880,2013,0,juvenile,09-08-2013_arendonk 1,91a8e2bb-b682-4c53-b213-7494198b12ce,13001,Arendonk,Antwerpen,NA,NA,4,flanders
1881,2013,3,larvae,09-08-2013_arendonk 1,91a8e2bb-b682-4c53-b213-7494198b12ce,13001,Arendonk,Antwerpen,NA,NA,4,flanders
1882,2013,1,adult,09-08-2013_driehoek,48fb261c-3f3a-4a95-9103-1e6822dae999,13014,Hoogstraten,Antwerpen,NA,NA,3,flanders
1883,2013,0,juvenile,09-08-2013_driehoek,48fb261c-3f3a-4a95-9103-1e6822dae999,13014,Hoogstraten,Antwerpen,NA,NA,3,flanders
1884,2013,8,larvae,09-08-2013_driehoek,48fb261c-3f3a-4a95-9103-1e6822dae999,13014,Hoogstraten,Antwerpen,NA,NA,3,flanders
1885,2017,0,adult,09-08-2017_scheps 10,ff328547-af9c-4e6f-bbf1-5d2856b2da7b,13003,Balen,Antwerpen,NA,NA,4,flanders
1886,2017,9,juvenile,09-08-2017_scheps 10,ff328547-af9c-4e6f-bbf1-5d2856b2da7b,13003,Balen,Antwerpen,NA,NA,4,flanders
1887,2017,0,larvae,09-08-2017_scheps 10,ff328547-af9c-4e6f-bbf1-5d2856b2da7b,13003,Balen,Antwerpen,NA,NA,4,flanders
1888,2018,0,adult,09-08-2018_arendonk 2,fbb3baeb-c846-444c-926e-02445e328b78,13001,Arendonk,Antwerpen,NA,NA,1,flanders
1889,2018,0,juvenile,09-08-2018_arendonk 2,fbb3baeb-c846-444c-926e-02445e328b78,13001,Arendonk,Antwerpen,NA,NA,1,flanders
1890,2018,96,larvae,09-08-2018_arendonk 2,fbb3baeb-c846-444c-926e-02445e328b78,13001,Arendonk,Antwerpen,NA,NA,1,flanders
1891,2018,0,adult,09-08-2018_arendonk 3,60e6e43e-6855-4917-a336-9ac46d087fad,13001,Arendonk,Antwerpen,NA,NA,1,flanders
1892,2018,2,juvenile,09-08-2018_arendonk 3,60e6e43e-6855-4917-a336-9ac46d087fad,13001,Arendonk,Antwerpen,NA,NA,1,flanders
1893,2018,4,larvae,09-08-2018_arendonk 3,60e6e43e-6855-4917-a336-9ac46d087fad,13001,Arendonk,Antwerpen,NA,NA,1,flanders
1894,2023,0,adult,09-08-2023_anthst0508,A9602FFB-8557-4F92-B665-E4AE31001127,13013,Herselt,Antwerpen,anthst0508,anthst0508,5,flanders
1895,2023,0,juvenile,09-08-2023_anthst0508,A9602FFB-8557-4F92-B665-E4AE31001127,13013,Herselt,Antwerpen,anthst0508,anthst0508,5,flanders
1896,2023,0,larvae,09-08-2023_anthst0508,A9602FFB-8557-4F92-B665-E4AE31001127,13013,Herselt,Antwerpen,anthst0508,anthst0508,5,flanders
1897,2023,0,adult,09-08-2023_herselt 29,5FC74D94-87EE-4F0F-AA6E-295885EB4FE9,13013,Herselt,Antwerpen,herselt 29,herselt 29,4,flanders
1898,2023,0,juvenile,09-08-2023_herselt 29,5FC74D94-87EE-4F0F-AA6E-295885EB4FE9,13013,Herselt,Antwerpen,herselt 29,herselt 29,4,flanders
1899,2023,0,larvae,09-08-2023_herselt 29,5FC74D94-87EE-4F0F-AA6E-295885EB4FE9,13013,Herselt,Antwerpen,herselt 29,herselt 29,4,flanders
1900,2023,0,adult,09-08-2023_herselt 30,83983A92-9D1D-4907-A806-7EB4012E49EE,13013,Herselt,Antwerpen,herselt 30,herselt 30,4,flanders
1901,2023,0,juvenile,09-08-2023_herselt 30,83983A92-9D1D-4907-A806-7EB4012E49EE,13013,Herselt,Antwerpen,herselt 30,herselt 30,4,flanders
1902,2023,0,larvae,09-08-2023_herselt 30,83983A92-9D1D-4907-A806-7EB4012E49EE,13013,Herselt,Antwerpen,herselt 30,herselt 30,4,flanders
1903,2024,1,adult,09-08-2024_scheps 35,C40A62BC-753E-4B8E-A09E-101C73DE9BD0,13021,Meerhout,Antwerpen,scheps 35,scheps 35,2,flanders
1904,2024,1,juvenile,09-08-2024_scheps 35,C40A62BC-753E-4B8E-A09E-101C73DE9BD0,13021,Meerhout,Antwerpen,scheps 35,scheps 35,2,flanders
1905,2024,902,larvae,09-08-2024_scheps 35,C40A62BC-753E-4B8E-A09E-101C73DE9BD0,13021,Meerhout,Antwerpen,scheps 35,scheps 35,2,flanders
1906,2024,1,adult,09-08-2024_scheps 39,E0BFF7E4-D0E2-44B4-A7FE-2DD211144B52,13003,Balen,Antwerpen,scheps 39,scheps 39,20,flanders
1907,2024,2,juvenile,09-08-2024_scheps 39,E0BFF7E4-D0E2-44B4-A7FE-2DD211144B52,13003,Balen,Antwerpen,scheps 39,scheps 39,20,flanders
1908,2024,81,larvae,09-08-2024_scheps 39,E0BFF7E4-D0E2-44B4-A7FE-2DD211144B52,13003,Balen,Antwerpen,scheps 39,scheps 39,20,flanders
1909,2015,0,adult,09-09-2015_arendonk 2,fbb3baeb-c846-444c-926e-02445e328b78,13001,Arendonk,Antwerpen,NA,NA,4,flanders
1910,2015,6,juvenile,09-09-2015_arendonk 2,fbb3baeb-c846-444c-926e-02445e328b78,13001,Arendonk,Antwerpen,NA,NA,4,flanders
1911,2015,90,larvae,09-09-2015_arendonk 2,fbb3baeb-c846-444c-926e-02445e328b78,13001,Arendonk,Antwerpen,NA,NA,4,flanders
1912,2020,0,adult,09-09-2020_arendonk 2,fbb3baeb-c846-444c-926e-02445e328b78,13001,Arendonk,Antwerpen,arendonk 2,arendonk 2,2,flanders
1913,2020,0,juvenile,09-09-2020_arendonk 2,fbb3baeb-c846-444c-926e-02445e328b78,13001,Arendonk,Antwerpen,arendonk 2,arendonk 2,2,flanders
1914,2020,414,larvae,09-09-2020_arendonk 2,fbb3baeb-c846-444c-926e-02445e328b78,13001,Arendonk,Antwerpen,arendonk 2,arendonk 2,2,flanders
1915,2022,1,adult,09-09-2022_scheps 20,03167d3d-4f00-42b8-b8be-fbe739205a3c,13003,Balen,Antwerpen,scheps 20,scheps 20,12,flanders
1916,2022,77,juvenile,09-09-2022_scheps 20,03167d3d-4f00-42b8-b8be-fbe739205a3c,13003,Balen,Antwerpen,scheps 20,scheps 20,12,flanders
1917,2022,441,larvae,09-09-2022_scheps 20,03167d3d-4f00-42b8-b8be-fbe739205a3c,13003,Balen,Antwerpen,scheps 20,scheps 20,12,flanders
1918,2014,0,adult,09-10-2014_arendonk 3,60e6e43e-6855-4917-a336-9ac46d087fad,13001,Arendonk,Antwerpen,NA,NA,10,flanders
1919,2014,40,juvenile,09-10-2014_arendonk 3,60e6e43e-6855-4917-a336-9ac46d087fad,13001,Arendonk,Antwerpen,NA,NA,10,flanders
1920,2014,429,larvae,09-10-2014_arendonk 3,60e6e43e-6855-4917-a336-9ac46d087fad,13001,Arendonk,Antwerpen,NA,NA,10,flanders
1921,2024,0,adult,10-03-2024_bel 1,E889F226-84B5-499E-A73B-A5DF719C540C,13008,Geel,Antwerpen,bel 1,bel 1,1,flanders
1922,2024,0,juvenile,10-03-2024_bel 1,E889F226-84B5-499E-A73B-A5DF719C540C,13008,Geel,Antwerpen,bel 1,bel 1,1,flanders
1923,2024,166,larvae,10-03-2024_bel 1,E889F226-84B5-499E-A73B-A5DF719C540C,13008,Geel,Antwerpen,bel 1,bel 1,1,flanders
1924,2022,0,adult,10-05-2022_arendonk 2,fbb3baeb-c846-444c-926e-02445e328b78,13001,Arendonk,Antwerpen,arendonk 2,arendonk 2,19,flanders
1925,2022,0,juvenile,10-05-2022_arendonk 2,fbb3baeb-c846-444c-926e-02445e328b78,13001,Arendonk,Antwerpen,arendonk 2,arendonk 2,19,flanders
1926,2022,0,larvae,10-05-2022_arendonk 2,fbb3baeb-c846-444c-926e-02445e328b78,13001,Arendonk,Antwerpen,arendonk 2,arendonk 2,19,flanders
1927,2022,12,adult,10-05-2022_griesbroek 6,03dc3f07-506f-4c71-bbcd-ad24c177cab5,13003,Balen,Antwerpen,griesbroek 6,griesbroek 6,20,flanders
1928,2022,12,juvenile,10-05-2022_griesbroek 6,03dc3f07-506f-4c71-bbcd-ad24c177cab5,13003,Balen,Antwerpen,griesbroek 6,griesbroek 6,20,flanders
1929,2022,1259,larvae,10-05-2022_griesbroek 6,03dc3f07-506f-4c71-bbcd-ad24c177cab5,13003,Balen,Antwerpen,griesbroek 6,griesbroek 6,20,flanders
1930,2024,3,adult,10-05-2024_griesbroek 6,03dc3f07-506f-4c71-bbcd-ad24c177cab5,13003,Balen,Antwerpen,griesbroek 6,griesbroek 6,20,flanders
1931,2024,6,juvenile,10-05-2024_griesbroek 6,03dc3f07-506f-4c71-bbcd-ad24c177cab5,13003,Balen,Antwerpen,griesbroek 6,griesbroek 6,20,flanders
1932,2024,0,larvae,10-05-2024_griesbroek 6,03dc3f07-506f-4c71-bbcd-ad24c177cab5,13003,Balen,Antwerpen,griesbroek 6,griesbroek 6,20,flanders
1933,2024,0,adult,10-05-2024_laakdal 39,E9E4CE1C-43A6-4817-96EB-873765AA5598,13053,Laakdal,Antwerpen,laakdal 39,laakdal 39,20,flanders
1934,2024,0,juvenile,10-05-2024_laakdal 39,E9E4CE1C-43A6-4817-96EB-873765AA5598,13053,Laakdal,Antwerpen,laakdal 39,laakdal 39,20,flanders
1935,2024,0,larvae,10-05-2024_laakdal 39,E9E4CE1C-43A6-4817-96EB-873765AA5598,13053,Laakdal,Antwerpen,laakdal 39,laakdal 39,20,flanders
1936,2024,0,adult,10-05-2024_scheps 7,009d325e-8c76-4049-bc69-31f6163e254e,13003,Balen,Antwerpen,scheps 7,scheps 7,8,flanders
1937,2024,0,juvenile,10-05-2024_scheps 7,009d325e-8c76-4049-bc69-31f6163e254e,13003,Balen,Antwerpen,scheps 7,scheps 7,8,flanders
1938,2024,4,larvae,10-05-2024_scheps 7,009d325e-8c76-4049-bc69-31f6163e254e,13003,Balen,Antwerpen,scheps 7,scheps 7,8,flanders
1939,2015,0,adult,10-06-2015_bospoel,bf074168-c09d-40a9-b321-59ce253aa461,13014,Hoogstraten,Antwerpen,NA,NA,2,flanders
1940,2015,0,juvenile,10-06-2015_bospoel,bf074168-c09d-40a9-b321-59ce253aa461,13014,Hoogstraten,Antwerpen,NA,NA,2,flanders
1941,2015,27,larvae,10-06-2015_bospoel,bf074168-c09d-40a9-b321-59ce253aa461,13014,Hoogstraten,Antwerpen,NA,NA,2,flanders
1942,2015,0,adult,10-06-2015_kasterlee 3,fa5d281f-6266-4d4b-b6a7-cd44132e9b99,13017,Kasterlee,Antwerpen,NA,NA,4,flanders
1943,2015,0,juvenile,10-06-2015_kasterlee 3,fa5d281f-6266-4d4b-b6a7-cd44132e9b99,13017,Kasterlee,Antwerpen,NA,NA,4,flanders
1944,2015,6,larvae,10-06-2015_kasterlee 3,fa5d281f-6266-4d4b-b6a7-cd44132e9b99,13017,Kasterlee,Antwerpen,NA,NA,4,flanders
1945,2016,1,adult,10-06-2016_arendonk 1,91a8e2bb-b682-4c53-b213-7494198b12ce,13001,Arendonk,Antwerpen,NA,NA,3,flanders
1946,2016,0,juvenile,10-06-2016_arendonk 1,91a8e2bb-b682-4c53-b213-7494198b12ce,13001,Arendonk,Antwerpen,NA,NA,3,flanders
1947,2016,50,larvae,10-06-2016_arendonk 1,91a8e2bb-b682-4c53-b213-7494198b12ce,13001,Arendonk,Antwerpen,NA,NA,3,flanders
1948,2016,0,adult,10-06-2016_arendonk 2,fbb3baeb-c846-444c-926e-02445e328b78,13001,Arendonk,Antwerpen,NA,NA,4,flanders
1949,2016,0,juvenile,10-06-2016_arendonk 2,fbb3baeb-c846-444c-926e-02445e328b78,13001,Arendonk,Antwerpen,NA,NA,4,flanders
1950,2016,408,larvae,10-06-2016_arendonk 2,fbb3baeb-c846-444c-926e-02445e328b78,13001,Arendonk,Antwerpen,NA,NA,4,flanders
1951,2020,0,adult,10-06-2020_nijlen b11,602c47a6-7c4a-46b9-b481-921731880571,12026,Nijlen,Antwerpen,nijlen b11,nijlen b11,4,flanders
1952,2020,0,juvenile,10-06-2020_nijlen b11,602c47a6-7c4a-46b9-b481-921731880571,12026,Nijlen,Antwerpen,nijlen b11,nijlen b11,4,flanders
1953,2020,222,larvae,10-06-2020_nijlen b11,602c47a6-7c4a-46b9-b481-921731880571,12026,Nijlen,Antwerpen,nijlen b11,nijlen b11,4,flanders
1954,2020,0,adult,10-06-2020_nijlen b3b,023e2cd6-493c-4e24-bbe1-e03c9afdb0a1,12026,Nijlen,Antwerpen,nijlen b3b,nijlen b3b,2,flanders
1955,2020,1,juvenile,10-06-2020_nijlen b3b,023e2cd6-493c-4e24-bbe1-e03c9afdb0a1,12026,Nijlen,Antwerpen,nijlen b3b,nijlen b3b,2,flanders
1956,2020,0,larvae,10-06-2020_nijlen b3b,023e2cd6-493c-4e24-bbe1-e03c9afdb0a1,12026,Nijlen,Antwerpen,nijlen b3b,nijlen b3b,2,flanders
1957,2020,0,adult,10-06-2020_nijlen b5,02d79285-1ed2-44b9-84d5-96cd0b55f479,12026,Nijlen,Antwerpen,nijlen b5,nijlen b5,2,flanders
1958,2020,0,juvenile,10-06-2020_nijlen b5,02d79285-1ed2-44b9-84d5-96cd0b55f479,12026,Nijlen,Antwerpen,nijlen b5,nijlen b5,2,flanders
1959,2020,0,larvae,10-06-2020_nijlen b5,02d79285-1ed2-44b9-84d5-96cd0b55f479,12026,Nijlen,Antwerpen,nijlen b5,nijlen b5,2,flanders
1960,2020,0,adult,10-06-2020_nijlen b6,7bfeea33-87a3-4896-b2e4-a2f6b8d951a9,12026,Nijlen,Antwerpen,nijlen b6,nijlen b6,2,flanders
1961,2020,0,juvenile,10-06-2020_nijlen b6,7bfeea33-87a3-4896-b2e4-a2f6b8d951a9,12026,Nijlen,Antwerpen,nijlen b6,nijlen b6,2,flanders
1962,2020,0,larvae,10-06-2020_nijlen b6,7bfeea33-87a3-4896-b2e4-a2f6b8d951a9,12026,Nijlen,Antwerpen,nijlen b6,nijlen b6,2,flanders
1963,2020,0,adult,10-06-2020_nijlen b7,d7c1cfe1-7c93-4c4a-82b1-65d0f9c0cd19,12026,Nijlen,Antwerpen,nijlen b7,nijlen b7,2,flanders
1964,2020,0,juvenile,10-06-2020_nijlen b7,d7c1cfe1-7c93-4c4a-82b1-65d0f9c0cd19,12026,Nijlen,Antwerpen,nijlen b7,nijlen b7,2,flanders
1965,2020,0,larvae,10-06-2020_nijlen b7,d7c1cfe1-7c93-4c4a-82b1-65d0f9c0cd19,12026,Nijlen,Antwerpen,nijlen b7,nijlen b7,2,flanders
1966,2021,2,adult,10-06-2021_laakdal 41,3FF122FA-A234-4A59-B023-BF7A15813990,13053,Laakdal,Antwerpen,laakdal 41,laakdal 41,11,flanders
1967,2021,2,juvenile,10-06-2021_laakdal 41,3FF122FA-A234-4A59-B023-BF7A15813990,13053,Laakdal,Antwerpen,laakdal 41,laakdal 41,11,flanders
1968,2021,1317,larvae,10-06-2021_laakdal 41,3FF122FA-A234-4A59-B023-BF7A15813990,13053,Laakdal,Antwerpen,laakdal 41,laakdal 41,11,flanders
1969,2021,0,adult,10-06-2021_nijlen h1,e4967c07-aaa3-4aa5-9ba6-54322313066c,12021,Lier,Antwerpen,nijlen h1,nijlen h1,8,flanders
1970,2021,0,juvenile,10-06-2021_nijlen h1,e4967c07-aaa3-4aa5-9ba6-54322313066c,12021,Lier,Antwerpen,nijlen h1,nijlen h1,8,flanders
1971,2021,0,larvae,10-06-2021_nijlen h1,e4967c07-aaa3-4aa5-9ba6-54322313066c,12021,Lier,Antwerpen,nijlen h1,nijlen h1,8,flanders
1972,2021,3,adult,10-06-2021_scheps 20,03167d3d-4f00-42b8-b8be-fbe739205a3c,13003,Balen,Antwerpen,scheps 20,scheps 20,8,flanders
1973,2021,0,juvenile,10-06-2021_scheps 20,03167d3d-4f00-42b8-b8be-fbe739205a3c,13003,Balen,Antwerpen,scheps 20,scheps 20,8,flanders
1974,2021,866,larvae,10-06-2021_scheps 20,03167d3d-4f00-42b8-b8be-fbe739205a3c,13003,Balen,Antwerpen,scheps 20,scheps 20,8,flanders
1975,2022,2,adult,10-06-2022_meerhout 14,2AB1C866-FD95-4691-A764-F45063561D06,13008,Geel,Antwerpen,meerhout 14,meerhout 14,37,flanders
1976,2022,30,juvenile,10-06-2022_meerhout 14,2AB1C866-FD95-4691-A764-F45063561D06,13008,Geel,Antwerpen,meerhout 14,meerhout 14,37,flanders
1977,2022,892,larvae,10-06-2022_meerhout 14,2AB1C866-FD95-4691-A764-F45063561D06,13008,Geel,Antwerpen,meerhout 14,meerhout 14,37,flanders
1978,2025,2,adult,10-06-2025_scheps 39,E0BFF7E4-D0E2-44B4-A7FE-2DD211144B52,13003,Balen,Antwerpen,scheps 39,scheps 39,10,flanders
1979,2025,0,juvenile,10-06-2025_scheps 39,E0BFF7E4-D0E2-44B4-A7FE-2DD211144B52,13003,Balen,Antwerpen,scheps 39,scheps 39,10,flanders
1980,2025,87,larvae,10-06-2025_scheps 39,E0BFF7E4-D0E2-44B4-A7FE-2DD211144B52,13003,Balen,Antwerpen,scheps 39,scheps 39,10,flanders
1981,2025,3,adult,10-06-2025_scheps 41,89FF8F2D-DE88-49E0-95F6-D0EA5A15D42F,13003,Balen,Antwerpen,scheps 41,scheps 41,4,flanders
1982,2025,1,juvenile,10-06-2025_scheps 41,89FF8F2D-DE88-49E0-95F6-D0EA5A15D42F,13003,Balen,Antwerpen,scheps 41,scheps 41,4,flanders
1983,2025,66,larvae,10-06-2025_scheps 41,89FF8F2D-DE88-49E0-95F6-D0EA5A15D42F,13003,Balen,Antwerpen,scheps 41,scheps 41,4,flanders
1984,2025,1,adult,10-06-2025_scheps 42,323F5909-B7D0-4A77-AC74-D9EF1DFB812A,13003,Balen,Antwerpen,scheps 42,scheps 42,3,flanders
1985,2025,0,juvenile,10-06-2025_scheps 42,323F5909-B7D0-4A77-AC74-D9EF1DFB812A,13003,Balen,Antwerpen,scheps 42,scheps 42,3,flanders
1986,2025,41,larvae,10-06-2025_scheps 42,323F5909-B7D0-4A77-AC74-D9EF1DFB812A,13003,Balen,Antwerpen,scheps 42,scheps 42,3,flanders
1987,2025,7,adult,10-06-2025_scheps 6,3f097ed2-a6e2-4db8-ab6d-eb411d610792,13003,Balen,Antwerpen,scheps 6,scheps 6,4,flanders
1988,2025,0,juvenile,10-06-2025_scheps 6,3f097ed2-a6e2-4db8-ab6d-eb411d610792,13003,Balen,Antwerpen,scheps 6,scheps 6,4,flanders
1989,2025,0,larvae,10-06-2025_scheps 6,3f097ed2-a6e2-4db8-ab6d-eb411d610792,13003,Balen,Antwerpen,scheps 6,scheps 6,4,flanders
1990,2025,3,adult,10-06-2025_scheps 8,909d4ce7-901a-499c-b993-242731897f23,13003,Balen,Antwerpen,scheps 8,scheps 8,6,flanders
1991,2025,1,juvenile,10-06-2025_scheps 8,909d4ce7-901a-499c-b993-242731897f23,13003,Balen,Antwerpen,scheps 8,scheps 8,6,flanders
1992,2025,53,larvae,10-06-2025_scheps 8,909d4ce7-901a-499c-b993-242731897f23,13003,Balen,Antwerpen,scheps 8,scheps 8,6,flanders
1993,2025,1,adult,10-06-2025_scheps 9,dacf70c7-504f-401e-8d63-1a361709fd5f,13003,Balen,Antwerpen,scheps 9,scheps 9,8,flanders
1994,2025,0,juvenile,10-06-2025_scheps 9,dacf70c7-504f-401e-8d63-1a361709fd5f,13003,Balen,Antwerpen,scheps 9,scheps 9,8,flanders
1995,2025,0,larvae,10-06-2025_scheps 9,dacf70c7-504f-401e-8d63-1a361709fd5f,13003,Balen,Antwerpen,scheps 9,scheps 9,8,flanders
1996,2012,0,adult,10-07-2012_arendonk 4,a7a15699-ae79-44ec-9f82-08ee0158e31d,13001,Arendonk,Antwerpen,NA,NA,6,flanders
1997,2012,0,juvenile,10-07-2012_arendonk 4,a7a15699-ae79-44ec-9f82-08ee0158e31d,13001,Arendonk,Antwerpen,NA,NA,6,flanders
1998,2012,103,larvae,10-07-2012_arendonk 4,a7a15699-ae79-44ec-9f82-08ee0158e31d,13001,Arendonk,Antwerpen,NA,NA,6,flanders
1999,2014,0,adult,10-07-2014_arendonk 2,fbb3baeb-c846-444c-926e-02445e328b78,13001,Arendonk,Antwerpen,NA,NA,4,flanders
2000,2014,0,juvenile,10-07-2014_arendonk 2,fbb3baeb-c846-444c-926e-02445e328b78,13001,Arendonk,Antwerpen,NA,NA,4,flanders
2001,2014,183,larvae,10-07-2014_arendonk 2,fbb3baeb-c846-444c-926e-02445e328b78,13001,Arendonk,Antwerpen,NA,NA,4,flanders
2002,2014,1,adult,10-07-2014_kasterlee 3,fa5d281f-6266-4d4b-b6a7-cd44132e9b99,13017,Kasterlee,Antwerpen,NA,NA,4,flanders
2003,2014,0,juvenile,10-07-2014_kasterlee 3,fa5d281f-6266-4d4b-b6a7-cd44132e9b99,13017,Kasterlee,Antwerpen,NA,NA,4,flanders
2004,2014,385,larvae,10-07-2014_kasterlee 3,fa5d281f-6266-4d4b-b6a7-cd44132e9b99,13017,Kasterlee,Antwerpen,NA,NA,4,flanders
2005,2015,0,adult,10-07-2015_arendonk 2,fbb3baeb-c846-444c-926e-02445e328b78,13001,Arendonk,Antwerpen,NA,NA,4,flanders
2006,2015,1,juvenile,10-07-2015_arendonk 2,fbb3baeb-c846-444c-926e-02445e328b78,13001,Arendonk,Antwerpen,NA,NA,4,flanders
2007,2015,369,larvae,10-07-2015_arendonk 2,fbb3baeb-c846-444c-926e-02445e328b78,13001,Arendonk,Antwerpen,NA,NA,4,flanders
2008,2020,0,adult,10-07-2020_laakdal 10,ed140e69-cc25-475f-ae0a-3b54cb11d089,13053,Laakdal,Antwerpen,laakdal 10,laakdal 10,2,flanders
2009,2020,6,juvenile,10-07-2020_laakdal 10,ed140e69-cc25-475f-ae0a-3b54cb11d089,13053,Laakdal,Antwerpen,laakdal 10,laakdal 10,2,flanders
2010,2020,0,larvae,10-07-2020_laakdal 10,ed140e69-cc25-475f-ae0a-3b54cb11d089,13053,Laakdal,Antwerpen,laakdal 10,laakdal 10,2,flanders
2011,2020,0,adult,10-07-2020_laakdal 3,d415562e-8a6a-4234-9bc8-23cd09f85748,13053,Laakdal,Antwerpen,laakdal 3,laakdal 3,4,flanders
2012,2020,6,juvenile,10-07-2020_laakdal 3,d415562e-8a6a-4234-9bc8-23cd09f85748,13053,Laakdal,Antwerpen,laakdal 3,laakdal 3,4,flanders
2013,2020,0,larvae,10-07-2020_laakdal 3,d415562e-8a6a-4234-9bc8-23cd09f85748,13053,Laakdal,Antwerpen,laakdal 3,laakdal 3,4,flanders
2014,2020,0,adult,10-07-2020_laakdal 30,b9f26eb5-535f-4adb-a08c-a03acbdd911d,13053,Laakdal,Antwerpen,laakdal 30,laakdal 30,1,flanders
2015,2020,1,juvenile,10-07-2020_laakdal 30,b9f26eb5-535f-4adb-a08c-a03acbdd911d,13053,Laakdal,Antwerpen,laakdal 30,laakdal 30,1,flanders
2016,2020,0,larvae,10-07-2020_laakdal 30,b9f26eb5-535f-4adb-a08c-a03acbdd911d,13053,Laakdal,Antwerpen,laakdal 30,laakdal 30,1,flanders
2017,2020,0,adult,10-07-2020_laakdal 9,cffd6091-a7ba-42fa-a5fb-975e7ab483d1,13053,Laakdal,Antwerpen,laakdal 9,laakdal 9,4,flanders
2018,2020,21,juvenile,10-07-2020_laakdal 9,cffd6091-a7ba-42fa-a5fb-975e7ab483d1,13053,Laakdal,Antwerpen,laakdal 9,laakdal 9,4,flanders
2019,2020,1,larvae,10-07-2020_laakdal 9,cffd6091-a7ba-42fa-a5fb-975e7ab483d1,13053,Laakdal,Antwerpen,laakdal 9,laakdal 9,4,flanders
2020,2024,0,adult,10-07-2024_bel 1,E889F226-84B5-499E-A73B-A5DF719C540C,13008,Geel,Antwerpen,bel 1,bel 1,12,flanders
2021,2024,0,juvenile,10-07-2024_bel 1,E889F226-84B5-499E-A73B-A5DF719C540C,13008,Geel,Antwerpen,bel 1,bel 1,12,flanders
2022,2024,1533,larvae,10-07-2024_bel 1,E889F226-84B5-499E-A73B-A5DF719C540C,13008,Geel,Antwerpen,bel 1,bel 1,12,flanders
2023,2024,1,adult,10-07-2024_geel kruiskwacht 2,781F2ED8-0177-4D33-902F-C7DC87D7808E,13008,Geel,Antwerpen,geel kruiskwacht 2,geel kruiskwacht 2,7,flanders
2024,2024,4,juvenile,10-07-2024_geel kruiskwacht 2,781F2ED8-0177-4D33-902F-C7DC87D7808E,13008,Geel,Antwerpen,geel kruiskwacht 2,geel kruiskwacht 2,7,flanders
2025,2024,352,larvae,10-07-2024_geel kruiskwacht 2,781F2ED8-0177-4D33-902F-C7DC87D7808E,13008,Geel,Antwerpen,geel kruiskwacht 2,geel kruiskwacht 2,7,flanders
2026,2024,3,adult,10-07-2024_geel kruiskwacht 3,03D4A801-541C-48F7-86F0-F65BE5D1B246,13008,Geel,Antwerpen,geel kruiskwacht 3,geel kruiskwacht 3,10,flanders
2027,2024,26,juvenile,10-07-2024_geel kruiskwacht 3,03D4A801-541C-48F7-86F0-F65BE5D1B246,13008,Geel,Antwerpen,geel kruiskwacht 3,geel kruiskwacht 3,10,flanders
2028,2024,196,larvae,10-07-2024_geel kruiskwacht 3,03D4A801-541C-48F7-86F0-F65BE5D1B246,13008,Geel,Antwerpen,geel kruiskwacht 3,geel kruiskwacht 3,10,flanders
2029,2024,0,adult,10-07-2024_meerhout 20,DC50D1FB-9A6C-4744-8D25-B511474F778B,13021,Meerhout,Antwerpen,meerhout 20,meerhout 20,8,flanders
2030,2024,0,juvenile,10-07-2024_meerhout 20,DC50D1FB-9A6C-4744-8D25-B511474F778B,13021,Meerhout,Antwerpen,meerhout 20,meerhout 20,8,flanders
2031,2024,0,larvae,10-07-2024_meerhout 20,DC50D1FB-9A6C-4744-8D25-B511474F778B,13021,Meerhout,Antwerpen,meerhout 20,meerhout 20,8,flanders
2032,2024,8,adult,10-07-2024_scheps 35,C40A62BC-753E-4B8E-A09E-101C73DE9BD0,13021,Meerhout,Antwerpen,scheps 35,scheps 35,7,flanders
2033,2024,0,juvenile,10-07-2024_scheps 35,C40A62BC-753E-4B8E-A09E-101C73DE9BD0,13021,Meerhout,Antwerpen,scheps 35,scheps 35,7,flanders
2034,2024,402,larvae,10-07-2024_scheps 35,C40A62BC-753E-4B8E-A09E-101C73DE9BD0,13021,Meerhout,Antwerpen,scheps 35,scheps 35,7,flanders
2035,2024,4,adult,10-07-2024_scheps 39,E0BFF7E4-D0E2-44B4-A7FE-2DD211144B52,13003,Balen,Antwerpen,scheps 39,scheps 39,5,flanders
2036,2024,0,juvenile,10-07-2024_scheps 39,E0BFF7E4-D0E2-44B4-A7FE-2DD211144B52,13003,Balen,Antwerpen,scheps 39,scheps 39,5,flanders
2037,2024,428,larvae,10-07-2024_scheps 39,E0BFF7E4-D0E2-44B4-A7FE-2DD211144B52,13003,Balen,Antwerpen,scheps 39,scheps 39,5,flanders
2038,2025,0,adult,10-07-2025_antbal 0244,137EB5C2-F5CC-4AAC-BF65-F8B0843D1709,13003,Balen,Antwerpen,antbal 0244,antbal 0244,3,flanders
2039,2025,0,juvenile,10-07-2025_antbal 0244,137EB5C2-F5CC-4AAC-BF65-F8B0843D1709,13003,Balen,Antwerpen,antbal 0244,antbal 0244,3,flanders
2040,2025,0,larvae,10-07-2025_antbal 0244,137EB5C2-F5CC-4AAC-BF65-F8B0843D1709,13003,Balen,Antwerpen,antbal 0244,antbal 0244,3,flanders
2041,2025,0,adult,10-07-2025_anthei 0647,409E6558-5B68-4E45-AABC-50F507EF4595,12014,Heist-Op-Den-Berg,Antwerpen,anthei 0647,anthei 0647,4,flanders
2042,2025,65,juvenile,10-07-2025_anthei 0647,409E6558-5B68-4E45-AABC-50F507EF4595,12014,Heist-Op-Den-Berg,Antwerpen,anthei 0647,anthei 0647,4,flanders
2043,2025,1183,larvae,10-07-2025_anthei 0647,409E6558-5B68-4E45-AABC-50F507EF4595,12014,Heist-Op-Den-Berg,Antwerpen,anthei 0647,anthei 0647,4,flanders
2044,2025,0,adult,10-07-2025_anthul 0147,B6D9C817-48DF-4230-B1B6-323D87DAD47D,13016,Hulshout,Antwerpen,anthul 0147,anthul 0147,1,flanders
2045,2025,0,juvenile,10-07-2025_anthul 0147,B6D9C817-48DF-4230-B1B6-323D87DAD47D,13016,Hulshout,Antwerpen,anthul 0147,anthul 0147,1,flanders
2046,2025,0,larvae,10-07-2025_anthul 0147,B6D9C817-48DF-4230-B1B6-323D87DAD47D,13016,Hulshout,Antwerpen,anthul 0147,anthul 0147,1,flanders
2047,2025,0,adult,10-07-2025_anthul 159,53F90D73-7E29-4E35-A91F-B8CF25EC53AF,13016,Hulshout,Antwerpen,anthul 159,anthul 159,1,flanders
2048,2025,0,juvenile,10-07-2025_anthul 159,53F90D73-7E29-4E35-A91F-B8CF25EC53AF,13016,Hulshout,Antwerpen,anthul 159,anthul 159,1,flanders
2049,2025,0,larvae,10-07-2025_anthul 159,53F90D73-7E29-4E35-A91F-B8CF25EC53AF,13016,Hulshout,Antwerpen,anthul 159,anthul 159,1,flanders
2050,2025,0,adult,10-07-2025_molse nete 37,E65FFD20-513A-4687-914A-74407F086BDF,13003,Balen,Antwerpen,molse nete 37,molse nete 37,6,flanders
2051,2025,0,juvenile,10-07-2025_molse nete 37,E65FFD20-513A-4687-914A-74407F086BDF,13003,Balen,Antwerpen,molse nete 37,molse nete 37,6,flanders
2052,2025,1,larvae,10-07-2025_molse nete 37,E65FFD20-513A-4687-914A-74407F086BDF,13003,Balen,Antwerpen,molse nete 37,molse nete 37,6,flanders
2053,2025,0,adult,10-07-2025_steenkesloop 5,ECA7478C-5118-4264-AEC9-BEA600FCCF86,13016,Hulshout,Antwerpen,steenkesloop 5,steenkesloop 5,2,flanders
2054,2025,2,juvenile,10-07-2025_steenkesloop 5,ECA7478C-5118-4264-AEC9-BEA600FCCF86,13016,Hulshout,Antwerpen,steenkesloop 5,steenkesloop 5,2,flanders
2055,2025,51,larvae,10-07-2025_steenkesloop 5,ECA7478C-5118-4264-AEC9-BEA600FCCF86,13016,Hulshout,Antwerpen,steenkesloop 5,steenkesloop 5,2,flanders
2056,2011,0,adult,10-08-2011_arendonk 3,60e6e43e-6855-4917-a336-9ac46d087fad,13001,Arendonk,Antwerpen,NA,NA,6,flanders
2057,2011,324,juvenile,10-08-2011_arendonk 3,60e6e43e-6855-4917-a336-9ac46d087fad,13001,Arendonk,Antwerpen,NA,NA,6,flanders
2058,2011,782,larvae,10-08-2011_arendonk 3,60e6e43e-6855-4917-a336-9ac46d087fad,13001,Arendonk,Antwerpen,NA,NA,6,flanders
2059,2016,0,adult,10-08-2016_arendonk 2,fbb3baeb-c846-444c-926e-02445e328b78,13001,Arendonk,Antwerpen,NA,NA,6,flanders
2060,2016,1,juvenile,10-08-2016_arendonk 2,fbb3baeb-c846-444c-926e-02445e328b78,13001,Arendonk,Antwerpen,NA,NA,6,flanders
2061,2016,156,larvae,10-08-2016_arendonk 2,fbb3baeb-c846-444c-926e-02445e328b78,13001,Arendonk,Antwerpen,NA,NA,6,flanders
2062,2018,0,adult,10-08-2018_arendonk 2,fbb3baeb-c846-444c-926e-02445e328b78,13001,Arendonk,Antwerpen,NA,NA,1,flanders
2063,2018,0,juvenile,10-08-2018_arendonk 2,fbb3baeb-c846-444c-926e-02445e328b78,13001,Arendonk,Antwerpen,NA,NA,1,flanders
2064,2018,151,larvae,10-08-2018_arendonk 2,fbb3baeb-c846-444c-926e-02445e328b78,13001,Arendonk,Antwerpen,NA,NA,1,flanders
2065,2018,0,adult,10-08-2018_arendonk 3,60e6e43e-6855-4917-a336-9ac46d087fad,13001,Arendonk,Antwerpen,NA,NA,2,flanders
2066,2018,27,juvenile,10-08-2018_arendonk 3,60e6e43e-6855-4917-a336-9ac46d087fad,13001,Arendonk,Antwerpen,NA,NA,2,flanders
2067,2018,11,larvae,10-08-2018_arendonk 3,60e6e43e-6855-4917-a336-9ac46d087fad,13001,Arendonk,Antwerpen,NA,NA,2,flanders
2068,2021,2,adult,10-08-2021_laakdal 30,b9f26eb5-535f-4adb-a08c-a03acbdd911d,13053,Laakdal,Antwerpen,laakdal 30,laakdal 30,4,flanders
2069,2021,0,juvenile,10-08-2021_laakdal 30,b9f26eb5-535f-4adb-a08c-a03acbdd911d,13053,Laakdal,Antwerpen,laakdal 30,laakdal 30,4,flanders
2070,2021,0,larvae,10-08-2021_laakdal 30,b9f26eb5-535f-4adb-a08c-a03acbdd911d,13053,Laakdal,Antwerpen,laakdal 30,laakdal 30,4,flanders
2071,2021,0,adult,10-08-2021_laakdal 30c,e8165c62-451a-4d96-882f-468098023cc4,13053,Laakdal,Antwerpen,laakdal 30c,laakdal 30c,4,flanders
2072,2021,0,juvenile,10-08-2021_laakdal 30c,e8165c62-451a-4d96-882f-468098023cc4,13053,Laakdal,Antwerpen,laakdal 30c,laakdal 30c,4,flanders
2073,2021,11,larvae,10-08-2021_laakdal 30c,e8165c62-451a-4d96-882f-468098023cc4,13053,Laakdal,Antwerpen,laakdal 30c,laakdal 30c,4,flanders
2074,2021,4,adult,10-08-2021_molse nete 23,025AB23B-DF57-46C0-84C4-D351208209B3,13003,Balen,Antwerpen,molse nete 23,molse nete 23,4,flanders
2075,2021,0,juvenile,10-08-2021_molse nete 23,025AB23B-DF57-46C0-84C4-D351208209B3,13003,Balen,Antwerpen,molse nete 23,molse nete 23,4,flanders
2076,2021,17,larvae,10-08-2021_molse nete 23,025AB23B-DF57-46C0-84C4-D351208209B3,13003,Balen,Antwerpen,molse nete 23,molse nete 23,4,flanders
2077,2021,0,adult,10-08-2021_molse nete 24,667B05B6-3402-42C6-9DA3-60DA57D7751A,13003,Balen,Antwerpen,molse nete 24,molse nete 24,5,flanders
2078,2021,2,juvenile,10-08-2021_molse nete 24,667B05B6-3402-42C6-9DA3-60DA57D7751A,13003,Balen,Antwerpen,molse nete 24,molse nete 24,5,flanders
2079,2021,0,larvae,10-08-2021_molse nete 24,667B05B6-3402-42C6-9DA3-60DA57D7751A,13003,Balen,Antwerpen,molse nete 24,molse nete 24,5,flanders
2080,2023,0,adult,10-08-2023_anthst0508,A9602FFB-8557-4F92-B665-E4AE31001127,13013,Herselt,Antwerpen,anthst0508,anthst0508,5,flanders
2081,2023,0,juvenile,10-08-2023_anthst0508,A9602FFB-8557-4F92-B665-E4AE31001127,13013,Herselt,Antwerpen,anthst0508,anthst0508,5,flanders
2082,2023,0,larvae,10-08-2023_anthst0508,A9602FFB-8557-4F92-B665-E4AE31001127,13013,Herselt,Antwerpen,anthst0508,anthst0508,5,flanders
2083,2023,0,adult,10-08-2023_herselt 29,5FC74D94-87EE-4F0F-AA6E-295885EB4FE9,13013,Herselt,Antwerpen,herselt 29,herselt 29,4,flanders
2084,2023,0,juvenile,10-08-2023_herselt 29,5FC74D94-87EE-4F0F-AA6E-295885EB4FE9,13013,Herselt,Antwerpen,herselt 29,herselt 29,4,flanders
2085,2023,0,larvae,10-08-2023_herselt 29,5FC74D94-87EE-4F0F-AA6E-295885EB4FE9,13013,Herselt,Antwerpen,herselt 29,herselt 29,4,flanders
2086,2023,0,adult,10-08-2023_herselt 30,83983A92-9D1D-4907-A806-7EB4012E49EE,13013,Herselt,Antwerpen,herselt 30,herselt 30,4,flanders
2087,2023,0,juvenile,10-08-2023_herselt 30,83983A92-9D1D-4907-A806-7EB4012E49EE,13013,Herselt,Antwerpen,herselt 30,herselt 30,4,flanders
2088,2023,0,larvae,10-08-2023_herselt 30,83983A92-9D1D-4907-A806-7EB4012E49EE,13013,Herselt,Antwerpen,herselt 30,herselt 30,4,flanders
2089,2015,0,adult,10-09-2015_arendonk 2,fbb3baeb-c846-444c-926e-02445e328b78,13001,Arendonk,Antwerpen,NA,NA,4,flanders
2090,2015,16,juvenile,10-09-2015_arendonk 2,fbb3baeb-c846-444c-926e-02445e328b78,13001,Arendonk,Antwerpen,NA,NA,4,flanders
2091,2015,80,larvae,10-09-2015_arendonk 2,fbb3baeb-c846-444c-926e-02445e328b78,13001,Arendonk,Antwerpen,NA,NA,4,flanders
2092,2020,0,adult,10-09-2020_kasterlee 12,a1afa4c1-fb1a-4717-909f-9fed2eefb9fa,13017,Kasterlee,Antwerpen,kasterlee 12,kasterlee 12,1,flanders
2093,2020,0,juvenile,10-09-2020_kasterlee 12,a1afa4c1-fb1a-4717-909f-9fed2eefb9fa,13017,Kasterlee,Antwerpen,kasterlee 12,kasterlee 12,1,flanders
2094,2020,0,larvae,10-09-2020_kasterlee 12,a1afa4c1-fb1a-4717-909f-9fed2eefb9fa,13017,Kasterlee,Antwerpen,kasterlee 12,kasterlee 12,1,flanders
2095,2020,0,adult,10-09-2020_kasterlee 13,db13750e-281b-4b47-80e5-e4036050d1c1,13017,Kasterlee,Antwerpen,kasterlee 13,kasterlee 13,1,flanders
2096,2020,0,juvenile,10-09-2020_kasterlee 13,db13750e-281b-4b47-80e5-e4036050d1c1,13017,Kasterlee,Antwerpen,kasterlee 13,kasterlee 13,1,flanders
2097,2020,0,larvae,10-09-2020_kasterlee 13,db13750e-281b-4b47-80e5-e4036050d1c1,13017,Kasterlee,Antwerpen,kasterlee 13,kasterlee 13,1,flanders
2098,2020,0,adult,10-09-2020_kasterlee 14,31afab53-0d30-4026-af4d-e94dcecd79c4,13017,Kasterlee,Antwerpen,kasterlee 14,kasterlee 14,2,flanders
2099,2020,0,juvenile,10-09-2020_kasterlee 14,31afab53-0d30-4026-af4d-e94dcecd79c4,13017,Kasterlee,Antwerpen,kasterlee 14,kasterlee 14,2,flanders
2100,2020,0,larvae,10-09-2020_kasterlee 14,31afab53-0d30-4026-af4d-e94dcecd79c4,13017,Kasterlee,Antwerpen,kasterlee 14,kasterlee 14,2,flanders
2101,2020,0,adult,10-09-2020_retiebaan 1,007f5913-1bdf-4e46-b2e3-587a0437fdbc,13017,Kasterlee,Antwerpen,retiebaan 1,retiebaan 1,2,flanders
2102,2020,0,juvenile,10-09-2020_retiebaan 1,007f5913-1bdf-4e46-b2e3-587a0437fdbc,13017,Kasterlee,Antwerpen,retiebaan 1,retiebaan 1,2,flanders
2103,2020,0,larvae,10-09-2020_retiebaan 1,007f5913-1bdf-4e46-b2e3-587a0437fdbc,13017,Kasterlee,Antwerpen,retiebaan 1,retiebaan 1,2,flanders
2104,2020,0,adult,10-09-2020_retiebaan 2,4e76c083-9d1e-4900-8395-911d04e4e5ea,13017,Kasterlee,Antwerpen,retiebaan 2,retiebaan 2,1,flanders
2105,2020,0,juvenile,10-09-2020_retiebaan 2,4e76c083-9d1e-4900-8395-911d04e4e5ea,13017,Kasterlee,Antwerpen,retiebaan 2,retiebaan 2,1,flanders
2106,2020,0,larvae,10-09-2020_retiebaan 2,4e76c083-9d1e-4900-8395-911d04e4e5ea,13017,Kasterlee,Antwerpen,retiebaan 2,retiebaan 2,1,flanders
2107,2020,0,adult,10-09-2020_retiebaan 3,0db5f7a9-ae54-41f3-9763-fe3d472a2a15,13017,Kasterlee,Antwerpen,retiebaan 3,retiebaan 3,1,flanders
2108,2020,0,juvenile,10-09-2020_retiebaan 3,0db5f7a9-ae54-41f3-9763-fe3d472a2a15,13017,Kasterlee,Antwerpen,retiebaan 3,retiebaan 3,1,flanders
2109,2020,0,larvae,10-09-2020_retiebaan 3,0db5f7a9-ae54-41f3-9763-fe3d472a2a15,13017,Kasterlee,Antwerpen,retiebaan 3,retiebaan 3,1,flanders
2110,2013,0,adult,10-10-2013_kasterlee 11a,d125be4e-fa0a-4b7c-95cf-124eb6df5fd8,13017,Kasterlee,Antwerpen,NA,NA,1,flanders
2111,2013,0,juvenile,10-10-2013_kasterlee 11a,d125be4e-fa0a-4b7c-95cf-124eb6df5fd8,13017,Kasterlee,Antwerpen,NA,NA,1,flanders
2112,2013,14,larvae,10-10-2013_kasterlee 11a,d125be4e-fa0a-4b7c-95cf-124eb6df5fd8,13017,Kasterlee,Antwerpen,NA,NA,1,flanders
2113,2013,0,adult,10-10-2013_kasterlee 3,fa5d281f-6266-4d4b-b6a7-cd44132e9b99,13017,Kasterlee,Antwerpen,NA,NA,1,flanders
2114,2013,0,juvenile,10-10-2013_kasterlee 3,fa5d281f-6266-4d4b-b6a7-cd44132e9b99,13017,Kasterlee,Antwerpen,NA,NA,1,flanders
2115,2013,5,larvae,10-10-2013_kasterlee 3,fa5d281f-6266-4d4b-b6a7-cd44132e9b99,13017,Kasterlee,Antwerpen,NA,NA,1,flanders
2116,2013,0,adult,10-10-2013_kasterlee 7,d47894eb-3a0b-4dc1-8804-627d397aa280,13017,Kasterlee,Antwerpen,NA,NA,1,flanders
2117,2013,0,juvenile,10-10-2013_kasterlee 7,d47894eb-3a0b-4dc1-8804-627d397aa280,13017,Kasterlee,Antwerpen,NA,NA,1,flanders
2118,2013,138,larvae,10-10-2013_kasterlee 7,d47894eb-3a0b-4dc1-8804-627d397aa280,13017,Kasterlee,Antwerpen,NA,NA,1,flanders
2119,2014,2,adult,10-10-2014_arendonk 3,60e6e43e-6855-4917-a336-9ac46d087fad,13001,Arendonk,Antwerpen,NA,NA,10,flanders
2120,2014,15,juvenile,10-10-2014_arendonk 3,60e6e43e-6855-4917-a336-9ac46d087fad,13001,Arendonk,Antwerpen,NA,NA,10,flanders
2121,2014,123,larvae,10-10-2014_arendonk 3,60e6e43e-6855-4917-a336-9ac46d087fad,13001,Arendonk,Antwerpen,NA,NA,10,flanders
2122,2016,0,adult,11-05-2016_arendonk 1,91a8e2bb-b682-4c53-b213-7494198b12ce,13001,Arendonk,Antwerpen,NA,NA,1,flanders
2123,2016,0,juvenile,11-05-2016_arendonk 1,91a8e2bb-b682-4c53-b213-7494198b12ce,13001,Arendonk,Antwerpen,NA,NA,1,flanders
2124,2016,7,larvae,11-05-2016_arendonk 1,91a8e2bb-b682-4c53-b213-7494198b12ce,13001,Arendonk,Antwerpen,NA,NA,1,flanders
2125,2016,0,adult,11-05-2016_arendonk 2,fbb3baeb-c846-444c-926e-02445e328b78,13001,Arendonk,Antwerpen,NA,NA,3,flanders
2126,2016,0,juvenile,11-05-2016_arendonk 2,fbb3baeb-c846-444c-926e-02445e328b78,13001,Arendonk,Antwerpen,NA,NA,3,flanders
2127,2016,527,larvae,11-05-2016_arendonk 2,fbb3baeb-c846-444c-926e-02445e328b78,13001,Arendonk,Antwerpen,NA,NA,3,flanders
2128,2021,0,adult,11-05-2021_arendonk 2,fbb3baeb-c846-444c-926e-02445e328b78,13001,Arendonk,Antwerpen,arendonk 2,arendonk 2,10,flanders
2129,2021,0,juvenile,11-05-2021_arendonk 2,fbb3baeb-c846-444c-926e-02445e328b78,13001,Arendonk,Antwerpen,arendonk 2,arendonk 2,10,flanders
2130,2021,1354,larvae,11-05-2021_arendonk 2,fbb3baeb-c846-444c-926e-02445e328b78,13001,Arendonk,Antwerpen,arendonk 2,arendonk 2,10,flanders
2131,2021,8,adult,11-05-2021_griesbroek 6,03dc3f07-506f-4c71-bbcd-ad24c177cab5,13003,Balen,Antwerpen,griesbroek 6,griesbroek 6,8,flanders
2132,2021,2,juvenile,11-05-2021_griesbroek 6,03dc3f07-506f-4c71-bbcd-ad24c177cab5,13003,Balen,Antwerpen,griesbroek 6,griesbroek 6,8,flanders
2133,2021,1755,larvae,11-05-2021_griesbroek 6,03dc3f07-506f-4c71-bbcd-ad24c177cab5,13003,Balen,Antwerpen,griesbroek 6,griesbroek 6,8,flanders
2134,2021,0,adult,11-05-2021_nijlen b4,d8073f6b-6ef9-4124-b3ab-b9bdb4ab28dc,12026,Nijlen,Antwerpen,nijlen b4,nijlen b4,3,flanders
2135,2021,0,juvenile,11-05-2021_nijlen b4,d8073f6b-6ef9-4124-b3ab-b9bdb4ab28dc,12026,Nijlen,Antwerpen,nijlen b4,nijlen b4,3,flanders
2136,2021,0,larvae,11-05-2021_nijlen b4,d8073f6b-6ef9-4124-b3ab-b9bdb4ab28dc,12026,Nijlen,Antwerpen,nijlen b4,nijlen b4,3,flanders
2137,2021,0,adult,11-05-2021_nijlen b5,02d79285-1ed2-44b9-84d5-96cd0b55f479,12026,Nijlen,Antwerpen,nijlen b5,nijlen b5,3,flanders
2138,2021,0,juvenile,11-05-2021_nijlen b5,02d79285-1ed2-44b9-84d5-96cd0b55f479,12026,Nijlen,Antwerpen,nijlen b5,nijlen b5,3,flanders
2139,2021,0,larvae,11-05-2021_nijlen b5,02d79285-1ed2-44b9-84d5-96cd0b55f479,12026,Nijlen,Antwerpen,nijlen b5,nijlen b5,3,flanders
2140,2022,0,adult,11-05-2022_arendonk 2,fbb3baeb-c846-444c-926e-02445e328b78,13001,Arendonk,Antwerpen,arendonk 2,arendonk 2,19,flanders
2141,2022,0,juvenile,11-05-2022_arendonk 2,fbb3baeb-c846-444c-926e-02445e328b78,13001,Arendonk,Antwerpen,arendonk 2,arendonk 2,19,flanders
2142,2022,0,larvae,11-05-2022_arendonk 2,fbb3baeb-c846-444c-926e-02445e328b78,13001,Arendonk,Antwerpen,arendonk 2,arendonk 2,19,flanders
2143,2022,6,adult,11-05-2022_griesbroek 6,03dc3f07-506f-4c71-bbcd-ad24c177cab5,13003,Balen,Antwerpen,griesbroek 6,griesbroek 6,20,flanders
2144,2022,2,juvenile,11-05-2022_griesbroek 6,03dc3f07-506f-4c71-bbcd-ad24c177cab5,13003,Balen,Antwerpen,griesbroek 6,griesbroek 6,20,flanders
2145,2022,1337,larvae,11-05-2022_griesbroek 6,03dc3f07-506f-4c71-bbcd-ad24c177cab5,13003,Balen,Antwerpen,griesbroek 6,griesbroek 6,20,flanders
2146,2022,0,adult,11-05-2022_nijlen l9,f5fae4b8-8b29-46d6-9d83-8dcf2a965cb8,12021,Lier,Antwerpen,nijlen l9,nijlen l9,10,flanders
2147,2022,0,juvenile,11-05-2022_nijlen l9,f5fae4b8-8b29-46d6-9d83-8dcf2a965cb8,12021,Lier,Antwerpen,nijlen l9,nijlen l9,10,flanders
2148,2022,0,larvae,11-05-2022_nijlen l9,f5fae4b8-8b29-46d6-9d83-8dcf2a965cb8,12021,Lier,Antwerpen,nijlen l9,nijlen l9,10,flanders
2149,2013,0,adult,11-06-2013_arendonk 2,fbb3baeb-c846-444c-926e-02445e328b78,13001,Arendonk,Antwerpen,NA,NA,5,flanders
2150,2013,0,juvenile,11-06-2013_arendonk 2,fbb3baeb-c846-444c-926e-02445e328b78,13001,Arendonk,Antwerpen,NA,NA,5,flanders
2151,2013,678,larvae,11-06-2013_arendonk 2,fbb3baeb-c846-444c-926e-02445e328b78,13001,Arendonk,Antwerpen,NA,NA,5,flanders
2152,2014,1,adult,11-06-2014_arendonk 2,fbb3baeb-c846-444c-926e-02445e328b78,13001,Arendonk,Antwerpen,NA,NA,5,flanders
2153,2014,0,juvenile,11-06-2014_arendonk 2,fbb3baeb-c846-444c-926e-02445e328b78,13001,Arendonk,Antwerpen,NA,NA,5,flanders
2154,2014,844,larvae,11-06-2014_arendonk 2,fbb3baeb-c846-444c-926e-02445e328b78,13001,Arendonk,Antwerpen,NA,NA,5,flanders
2155,2014,0,adult,11-06-2014_driehoek,48fb261c-3f3a-4a95-9103-1e6822dae999,13014,Hoogstraten,Antwerpen,NA,NA,3,flanders
2156,2014,0,juvenile,11-06-2014_driehoek,48fb261c-3f3a-4a95-9103-1e6822dae999,13014,Hoogstraten,Antwerpen,NA,NA,3,flanders
2157,2014,962,larvae,11-06-2014_driehoek,48fb261c-3f3a-4a95-9103-1e6822dae999,13014,Hoogstraten,Antwerpen,NA,NA,3,flanders
2158,2015,0,adult,11-06-2015_bospoel,bf074168-c09d-40a9-b321-59ce253aa461,13014,Hoogstraten,Antwerpen,NA,NA,2,flanders
2159,2015,0,juvenile,11-06-2015_bospoel,bf074168-c09d-40a9-b321-59ce253aa461,13014,Hoogstraten,Antwerpen,NA,NA,2,flanders
2160,2015,9,larvae,11-06-2015_bospoel,bf074168-c09d-40a9-b321-59ce253aa461,13014,Hoogstraten,Antwerpen,NA,NA,2,flanders
2161,2021,0,adult,11-06-2021_laakdal 41,3FF122FA-A234-4A59-B023-BF7A15813990,13053,Laakdal,Antwerpen,laakdal 41,laakdal 41,11,flanders
2162,2021,11,juvenile,11-06-2021_laakdal 41,3FF122FA-A234-4A59-B023-BF7A15813990,13053,Laakdal,Antwerpen,laakdal 41,laakdal 41,11,flanders
2163,2021,1542,larvae,11-06-2021_laakdal 41,3FF122FA-A234-4A59-B023-BF7A15813990,13053,Laakdal,Antwerpen,laakdal 41,laakdal 41,11,flanders
2164,2021,0,adult,11-06-2021_nijlen h1,e4967c07-aaa3-4aa5-9ba6-54322313066c,12021,Lier,Antwerpen,nijlen h1,nijlen h1,8,flanders
2165,2021,0,juvenile,11-06-2021_nijlen h1,e4967c07-aaa3-4aa5-9ba6-54322313066c,12021,Lier,Antwerpen,nijlen h1,nijlen h1,8,flanders
2166,2021,0,larvae,11-06-2021_nijlen h1,e4967c07-aaa3-4aa5-9ba6-54322313066c,12021,Lier,Antwerpen,nijlen h1,nijlen h1,8,flanders
2167,2021,2,adult,11-06-2021_scheps 20,03167d3d-4f00-42b8-b8be-fbe739205a3c,13003,Balen,Antwerpen,scheps 20,scheps 20,8,flanders
2168,2021,0,juvenile,11-06-2021_scheps 20,03167d3d-4f00-42b8-b8be-fbe739205a3c,13003,Balen,Antwerpen,scheps 20,scheps 20,8,flanders
2169,2021,803,larvae,11-06-2021_scheps 20,03167d3d-4f00-42b8-b8be-fbe739205a3c,13003,Balen,Antwerpen,scheps 20,scheps 20,8,flanders
2170,2024,0,adult,11-06-2024_arendonk 2,fbb3baeb-c846-444c-926e-02445e328b78,13001,Arendonk,Antwerpen,arendonk 2,arendonk 2,20,flanders
2171,2024,0,juvenile,11-06-2024_arendonk 2,fbb3baeb-c846-444c-926e-02445e328b78,13001,Arendonk,Antwerpen,arendonk 2,arendonk 2,20,flanders
2172,2024,0,larvae,11-06-2024_arendonk 2,fbb3baeb-c846-444c-926e-02445e328b78,13001,Arendonk,Antwerpen,arendonk 2,arendonk 2,20,flanders
2173,2024,0,adult,11-06-2024_laakdal 27,8ba96a81-af07-4f86-a068-2ec52caf6a2f,13053,Laakdal,Antwerpen,laakdal 27,laakdal 27,28,flanders
2174,2024,0,juvenile,11-06-2024_laakdal 27,8ba96a81-af07-4f86-a068-2ec52caf6a2f,13053,Laakdal,Antwerpen,laakdal 27,laakdal 27,28,flanders
2175,2024,0,larvae,11-06-2024_laakdal 27,8ba96a81-af07-4f86-a068-2ec52caf6a2f,13053,Laakdal,Antwerpen,laakdal 27,laakdal 27,28,flanders
2176,2024,1,adult,11-06-2024_laakdal 5,62abe301-066c-4fa9-a54d-14e8b8882923,13053,Laakdal,Antwerpen,laakdal 5,laakdal 5,23,flanders
2177,2024,2,juvenile,11-06-2024_laakdal 5,62abe301-066c-4fa9-a54d-14e8b8882923,13053,Laakdal,Antwerpen,laakdal 5,laakdal 5,23,flanders
2178,2024,675,larvae,11-06-2024_laakdal 5,62abe301-066c-4fa9-a54d-14e8b8882923,13053,Laakdal,Antwerpen,laakdal 5,laakdal 5,23,flanders
2179,2024,0,adult,11-06-2024_stokt 1,1279D9FC-15DA-42A2-B478-4C957EA4BCE0,13025,Mol,Antwerpen,stokt 1,stokt 1,1,flanders
2180,2024,0,juvenile,11-06-2024_stokt 1,1279D9FC-15DA-42A2-B478-4C957EA4BCE0,13025,Mol,Antwerpen,stokt 1,stokt 1,1,flanders
2181,2024,0,larvae,11-06-2024_stokt 1,1279D9FC-15DA-42A2-B478-4C957EA4BCE0,13025,Mol,Antwerpen,stokt 1,stokt 1,1,flanders
2182,2025,0,adult,11-06-2025_scheps 39,E0BFF7E4-D0E2-44B4-A7FE-2DD211144B52,13003,Balen,Antwerpen,scheps 39,scheps 39,9,flanders
2183,2025,0,juvenile,11-06-2025_scheps 39,E0BFF7E4-D0E2-44B4-A7FE-2DD211144B52,13003,Balen,Antwerpen,scheps 39,scheps 39,9,flanders
2184,2025,63,larvae,11-06-2025_scheps 39,E0BFF7E4-D0E2-44B4-A7FE-2DD211144B52,13003,Balen,Antwerpen,scheps 39,scheps 39,9,flanders
2185,2025,3,adult,11-06-2025_scheps 41,89FF8F2D-DE88-49E0-95F6-D0EA5A15D42F,13003,Balen,Antwerpen,scheps 41,scheps 41,3,flanders
2186,2025,0,juvenile,11-06-2025_scheps 41,89FF8F2D-DE88-49E0-95F6-D0EA5A15D42F,13003,Balen,Antwerpen,scheps 41,scheps 41,3,flanders
2187,2025,34,larvae,11-06-2025_scheps 41,89FF8F2D-DE88-49E0-95F6-D0EA5A15D42F,13003,Balen,Antwerpen,scheps 41,scheps 41,3,flanders
2188,2025,0,adult,11-06-2025_scheps 42,323F5909-B7D0-4A77-AC74-D9EF1DFB812A,13003,Balen,Antwerpen,scheps 42,scheps 42,3,flanders
2189,2025,0,juvenile,11-06-2025_scheps 42,323F5909-B7D0-4A77-AC74-D9EF1DFB812A,13003,Balen,Antwerpen,scheps 42,scheps 42,3,flanders
2190,2025,23,larvae,11-06-2025_scheps 42,323F5909-B7D0-4A77-AC74-D9EF1DFB812A,13003,Balen,Antwerpen,scheps 42,scheps 42,3,flanders
2191,2025,3,adult,11-06-2025_scheps 6,3f097ed2-a6e2-4db8-ab6d-eb411d610792,13003,Balen,Antwerpen,scheps 6,scheps 6,6,flanders
2192,2025,0,juvenile,11-06-2025_scheps 6,3f097ed2-a6e2-4db8-ab6d-eb411d610792,13003,Balen,Antwerpen,scheps 6,scheps 6,6,flanders
2193,2025,0,larvae,11-06-2025_scheps 6,3f097ed2-a6e2-4db8-ab6d-eb411d610792,13003,Balen,Antwerpen,scheps 6,scheps 6,6,flanders
2194,2025,2,adult,11-06-2025_scheps 8,909d4ce7-901a-499c-b993-242731897f23,13003,Balen,Antwerpen,scheps 8,scheps 8,7,flanders
2195,2025,4,juvenile,11-06-2025_scheps 8,909d4ce7-901a-499c-b993-242731897f23,13003,Balen,Antwerpen,scheps 8,scheps 8,7,flanders
2196,2025,49,larvae,11-06-2025_scheps 8,909d4ce7-901a-499c-b993-242731897f23,13003,Balen,Antwerpen,scheps 8,scheps 8,7,flanders
2197,2025,1,adult,11-06-2025_scheps 9,dacf70c7-504f-401e-8d63-1a361709fd5f,13003,Balen,Antwerpen,scheps 9,scheps 9,7,flanders
2198,2025,0,juvenile,11-06-2025_scheps 9,dacf70c7-504f-401e-8d63-1a361709fd5f,13003,Balen,Antwerpen,scheps 9,scheps 9,7,flanders
2199,2025,0,larvae,11-06-2025_scheps 9,dacf70c7-504f-401e-8d63-1a361709fd5f,13003,Balen,Antwerpen,scheps 9,scheps 9,7,flanders
2200,2012,0,adult,11-07-2012_arendonk 4,a7a15699-ae79-44ec-9f82-08ee0158e31d,13001,Arendonk,Antwerpen,NA,NA,6,flanders
2201,2012,0,juvenile,11-07-2012_arendonk 4,a7a15699-ae79-44ec-9f82-08ee0158e31d,13001,Arendonk,Antwerpen,NA,NA,6,flanders
2202,2012,81,larvae,11-07-2012_arendonk 4,a7a15699-ae79-44ec-9f82-08ee0158e31d,13001,Arendonk,Antwerpen,NA,NA,6,flanders
2203,2014,0,adult,11-07-2014_arendonk 2,fbb3baeb-c846-444c-926e-02445e328b78,13001,Arendonk,Antwerpen,NA,NA,4,flanders
2204,2014,0,juvenile,11-07-2014_arendonk 2,fbb3baeb-c846-444c-926e-02445e328b78,13001,Arendonk,Antwerpen,NA,NA,4,flanders
2205,2014,134,larvae,11-07-2014_arendonk 2,fbb3baeb-c846-444c-926e-02445e328b78,13001,Arendonk,Antwerpen,NA,NA,4,flanders
2206,2014,0,adult,11-07-2014_driehoek,48fb261c-3f3a-4a95-9103-1e6822dae999,13014,Hoogstraten,Antwerpen,NA,NA,3,flanders
2207,2014,0,juvenile,11-07-2014_driehoek,48fb261c-3f3a-4a95-9103-1e6822dae999,13014,Hoogstraten,Antwerpen,NA,NA,3,flanders
2208,2014,246,larvae,11-07-2014_driehoek,48fb261c-3f3a-4a95-9103-1e6822dae999,13014,Hoogstraten,Antwerpen,NA,NA,3,flanders
2209,2014,0,adult,11-07-2014_kasterlee 3,fa5d281f-6266-4d4b-b6a7-cd44132e9b99,13017,Kasterlee,Antwerpen,NA,NA,4,flanders
2210,2014,1,juvenile,11-07-2014_kasterlee 3,fa5d281f-6266-4d4b-b6a7-cd44132e9b99,13017,Kasterlee,Antwerpen,NA,NA,4,flanders
2211,2014,236,larvae,11-07-2014_kasterlee 3,fa5d281f-6266-4d4b-b6a7-cd44132e9b99,13017,Kasterlee,Antwerpen,NA,NA,4,flanders
2212,2023,0,adult,11-07-2023_molse nete 23,025AB23B-DF57-46C0-84C4-D351208209B3,13003,Balen,Antwerpen,molse nete 23,molse nete 23,4,flanders
2213,2023,1,juvenile,11-07-2023_molse nete 23,025AB23B-DF57-46C0-84C4-D351208209B3,13003,Balen,Antwerpen,molse nete 23,molse nete 23,4,flanders
2214,2023,0,larvae,11-07-2023_molse nete 23,025AB23B-DF57-46C0-84C4-D351208209B3,13003,Balen,Antwerpen,molse nete 23,molse nete 23,4,flanders
2215,2023,0,adult,11-07-2023_molse nete 24,667B05B6-3402-42C6-9DA3-60DA57D7751A,13003,Balen,Antwerpen,molse nete 24,molse nete 24,4,flanders
2216,2023,7,juvenile,11-07-2023_molse nete 24,667B05B6-3402-42C6-9DA3-60DA57D7751A,13003,Balen,Antwerpen,molse nete 24,molse nete 24,4,flanders
2217,2023,0,larvae,11-07-2023_molse nete 24,667B05B6-3402-42C6-9DA3-60DA57D7751A,13003,Balen,Antwerpen,molse nete 24,molse nete 24,4,flanders
2218,2023,1,adult,11-07-2023_molse nete 25,CCB25757-251A-496E-BE76-0FCEBCCE248E,13003,Balen,Antwerpen,molse nete 25,molse nete 25,6,flanders
2219,2023,11,juvenile,11-07-2023_molse nete 25,CCB25757-251A-496E-BE76-0FCEBCCE248E,13003,Balen,Antwerpen,molse nete 25,molse nete 25,6,flanders
2220,2023,318,larvae,11-07-2023_molse nete 25,CCB25757-251A-496E-BE76-0FCEBCCE248E,13003,Balen,Antwerpen,molse nete 25,molse nete 25,6,flanders
2221,2023,1,adult,11-07-2023_molse nete 27,13C21386-73BD-4394-BF8C-D621BB1AE140,13003,Balen,Antwerpen,molse nete 27,molse nete 27,20,flanders
2222,2023,43,juvenile,11-07-2023_molse nete 27,13C21386-73BD-4394-BF8C-D621BB1AE140,13003,Balen,Antwerpen,molse nete 27,molse nete 27,20,flanders
2223,2023,8,larvae,11-07-2023_molse nete 27,13C21386-73BD-4394-BF8C-D621BB1AE140,13003,Balen,Antwerpen,molse nete 27,molse nete 27,20,flanders
2224,2024,2,adult,11-07-2024_bel 1,E889F226-84B5-499E-A73B-A5DF719C540C,13008,Geel,Antwerpen,bel 1,bel 1,12,flanders
2225,2024,0,juvenile,11-07-2024_bel 1,E889F226-84B5-499E-A73B-A5DF719C540C,13008,Geel,Antwerpen,bel 1,bel 1,12,flanders
2226,2024,660,larvae,11-07-2024_bel 1,E889F226-84B5-499E-A73B-A5DF719C540C,13008,Geel,Antwerpen,bel 1,bel 1,12,flanders
2227,2024,1,adult,11-07-2024_geel kruiskwacht 2,781F2ED8-0177-4D33-902F-C7DC87D7808E,13008,Geel,Antwerpen,geel kruiskwacht 2,geel kruiskwacht 2,7,flanders
2228,2024,5,juvenile,11-07-2024_geel kruiskwacht 2,781F2ED8-0177-4D33-902F-C7DC87D7808E,13008,Geel,Antwerpen,geel kruiskwacht 2,geel kruiskwacht 2,7,flanders
2229,2024,278,larvae,11-07-2024_geel kruiskwacht 2,781F2ED8-0177-4D33-902F-C7DC87D7808E,13008,Geel,Antwerpen,geel kruiskwacht 2,geel kruiskwacht 2,7,flanders
2230,2024,0,adult,11-07-2024_geel kruiskwacht 3,03D4A801-541C-48F7-86F0-F65BE5D1B246,13008,Geel,Antwerpen,geel kruiskwacht 3,geel kruiskwacht 3,9,flanders
2231,2024,16,juvenile,11-07-2024_geel kruiskwacht 3,03D4A801-541C-48F7-86F0-F65BE5D1B246,13008,Geel,Antwerpen,geel kruiskwacht 3,geel kruiskwacht 3,9,flanders
2232,2024,109,larvae,11-07-2024_geel kruiskwacht 3,03D4A801-541C-48F7-86F0-F65BE5D1B246,13008,Geel,Antwerpen,geel kruiskwacht 3,geel kruiskwacht 3,9,flanders
2233,2024,0,adult,11-07-2024_meerhout 20,DC50D1FB-9A6C-4744-8D25-B511474F778B,13021,Meerhout,Antwerpen,meerhout 20,meerhout 20,7,flanders
2234,2024,0,juvenile,11-07-2024_meerhout 20,DC50D1FB-9A6C-4744-8D25-B511474F778B,13021,Meerhout,Antwerpen,meerhout 20,meerhout 20,7,flanders
2235,2024,0,larvae,11-07-2024_meerhout 20,DC50D1FB-9A6C-4744-8D25-B511474F778B,13021,Meerhout,Antwerpen,meerhout 20,meerhout 20,7,flanders
2236,2024,4,adult,11-07-2024_scheps 35,C40A62BC-753E-4B8E-A09E-101C73DE9BD0,13021,Meerhout,Antwerpen,scheps 35,scheps 35,7,flanders
2237,2024,0,juvenile,11-07-2024_scheps 35,C40A62BC-753E-4B8E-A09E-101C73DE9BD0,13021,Meerhout,Antwerpen,scheps 35,scheps 35,7,flanders
2238,2024,551,larvae,11-07-2024_scheps 35,C40A62BC-753E-4B8E-A09E-101C73DE9BD0,13021,Meerhout,Antwerpen,scheps 35,scheps 35,7,flanders
2239,2024,0,adult,11-07-2024_scheps 39,E0BFF7E4-D0E2-44B4-A7FE-2DD211144B52,13003,Balen,Antwerpen,scheps 39,scheps 39,5,flanders
2240,2024,0,juvenile,11-07-2024_scheps 39,E0BFF7E4-D0E2-44B4-A7FE-2DD211144B52,13003,Balen,Antwerpen,scheps 39,scheps 39,5,flanders
2241,2024,464,larvae,11-07-2024_scheps 39,E0BFF7E4-D0E2-44B4-A7FE-2DD211144B52,13003,Balen,Antwerpen,scheps 39,scheps 39,5,flanders
2242,2025,0,adult,11-07-2025_antbal 0244,137EB5C2-F5CC-4AAC-BF65-F8B0843D1709,13003,Balen,Antwerpen,antbal 0244,antbal 0244,3,flanders
2243,2025,0,juvenile,11-07-2025_antbal 0244,137EB5C2-F5CC-4AAC-BF65-F8B0843D1709,13003,Balen,Antwerpen,antbal 0244,antbal 0244,3,flanders
2244,2025,0,larvae,11-07-2025_antbal 0244,137EB5C2-F5CC-4AAC-BF65-F8B0843D1709,13003,Balen,Antwerpen,antbal 0244,antbal 0244,3,flanders
2245,2025,0,adult,11-07-2025_anthei 0647,409E6558-5B68-4E45-AABC-50F507EF4595,12014,Heist-Op-Den-Berg,Antwerpen,anthei 0647,anthei 0647,3,flanders
2246,2025,104,juvenile,11-07-2025_anthei 0647,409E6558-5B68-4E45-AABC-50F507EF4595,12014,Heist-Op-Den-Berg,Antwerpen,anthei 0647,anthei 0647,3,flanders
2247,2025,1048,larvae,11-07-2025_anthei 0647,409E6558-5B68-4E45-AABC-50F507EF4595,12014,Heist-Op-Den-Berg,Antwerpen,anthei 0647,anthei 0647,3,flanders
2248,2025,1,adult,11-07-2025_anthul 0147,B6D9C817-48DF-4230-B1B6-323D87DAD47D,13016,Hulshout,Antwerpen,anthul 0147,anthul 0147,1,flanders
2249,2025,2,juvenile,11-07-2025_anthul 0147,B6D9C817-48DF-4230-B1B6-323D87DAD47D,13016,Hulshout,Antwerpen,anthul 0147,anthul 0147,1,flanders
2250,2025,0,larvae,11-07-2025_anthul 0147,B6D9C817-48DF-4230-B1B6-323D87DAD47D,13016,Hulshout,Antwerpen,anthul 0147,anthul 0147,1,flanders
2251,2025,0,adult,11-07-2025_anthul 159,53F90D73-7E29-4E35-A91F-B8CF25EC53AF,13016,Hulshout,Antwerpen,anthul 159,anthul 159,1,flanders
2252,2025,4,juvenile,11-07-2025_anthul 159,53F90D73-7E29-4E35-A91F-B8CF25EC53AF,13016,Hulshout,Antwerpen,anthul 159,anthul 159,1,flanders
2253,2025,0,larvae,11-07-2025_anthul 159,53F90D73-7E29-4E35-A91F-B8CF25EC53AF,13016,Hulshout,Antwerpen,anthul 159,anthul 159,1,flanders
2254,2025,0,adult,11-07-2025_bergebeek 5,D86F0049-5884-4570-BBEB-06BF1986CAC2,12014,Heist-Op-Den-Berg,Antwerpen,bergebeek 5,bergebeek 5,2,flanders
2255,2025,3,juvenile,11-07-2025_bergebeek 5,D86F0049-5884-4570-BBEB-06BF1986CAC2,12014,Heist-Op-Den-Berg,Antwerpen,bergebeek 5,bergebeek 5,2,flanders
2256,2025,64,larvae,11-07-2025_bergebeek 5,D86F0049-5884-4570-BBEB-06BF1986CAC2,12014,Heist-Op-Den-Berg,Antwerpen,bergebeek 5,bergebeek 5,2,flanders
2257,2025,0,adult,11-07-2025_molse nete 37,E65FFD20-513A-4687-914A-74407F086BDF,13003,Balen,Antwerpen,molse nete 37,molse nete 37,6,flanders
2258,2025,0,juvenile,11-07-2025_molse nete 37,E65FFD20-513A-4687-914A-74407F086BDF,13003,Balen,Antwerpen,molse nete 37,molse nete 37,6,flanders
2259,2025,0,larvae,11-07-2025_molse nete 37,E65FFD20-513A-4687-914A-74407F086BDF,13003,Balen,Antwerpen,molse nete 37,molse nete 37,6,flanders
2260,2011,2,adult,11-08-2011_arendonk 3,60e6e43e-6855-4917-a336-9ac46d087fad,13001,Arendonk,Antwerpen,NA,NA,8,flanders
2261,2011,394,juvenile,11-08-2011_arendonk 3,60e6e43e-6855-4917-a336-9ac46d087fad,13001,Arendonk,Antwerpen,NA,NA,8,flanders
2262,2011,1037,larvae,11-08-2011_arendonk 3,60e6e43e-6855-4917-a336-9ac46d087fad,13001,Arendonk,Antwerpen,NA,NA,8,flanders
2263,2016,0,adult,11-08-2016_arendonk 1,91a8e2bb-b682-4c53-b213-7494198b12ce,13001,Arendonk,Antwerpen,NA,NA,4,flanders
2264,2016,0,juvenile,11-08-2016_arendonk 1,91a8e2bb-b682-4c53-b213-7494198b12ce,13001,Arendonk,Antwerpen,NA,NA,4,flanders
2265,2016,4,larvae,11-08-2016_arendonk 1,91a8e2bb-b682-4c53-b213-7494198b12ce,13001,Arendonk,Antwerpen,NA,NA,4,flanders
2266,2016,0,adult,11-08-2016_arendonk 2,fbb3baeb-c846-444c-926e-02445e328b78,13001,Arendonk,Antwerpen,NA,NA,6,flanders
2267,2016,5,juvenile,11-08-2016_arendonk 2,fbb3baeb-c846-444c-926e-02445e328b78,13001,Arendonk,Antwerpen,NA,NA,6,flanders
2268,2016,135,larvae,11-08-2016_arendonk 2,fbb3baeb-c846-444c-926e-02445e328b78,13001,Arendonk,Antwerpen,NA,NA,6,flanders
2269,2020,0,adult,11-08-2020_scheps 10,ff328547-af9c-4e6f-bbf1-5d2856b2da7b,13003,Balen,Antwerpen,scheps 10,scheps 10,2,flanders
2270,2020,3,juvenile,11-08-2020_scheps 10,ff328547-af9c-4e6f-bbf1-5d2856b2da7b,13003,Balen,Antwerpen,scheps 10,scheps 10,2,flanders
2271,2020,2,larvae,11-08-2020_scheps 10,ff328547-af9c-4e6f-bbf1-5d2856b2da7b,13003,Balen,Antwerpen,scheps 10,scheps 10,2,flanders
2272,2020,0,adult,11-08-2020_scheps 2,02b5890b-9ab4-49fa-9d47-4fd9f8d3c477,13003,Balen,Antwerpen,scheps 2,scheps 2,4,flanders
2273,2020,4,juvenile,11-08-2020_scheps 2,02b5890b-9ab4-49fa-9d47-4fd9f8d3c477,13003,Balen,Antwerpen,scheps 2,scheps 2,4,flanders
2274,2020,780,larvae,11-08-2020_scheps 2,02b5890b-9ab4-49fa-9d47-4fd9f8d3c477,13003,Balen,Antwerpen,scheps 2,scheps 2,4,flanders
2275,2021,0,adult,11-08-2021_arendonk 2,fbb3baeb-c846-444c-926e-02445e328b78,13001,Arendonk,Antwerpen,arendonk 2,arendonk 2,10,flanders
2276,2021,1,juvenile,11-08-2021_arendonk 2,fbb3baeb-c846-444c-926e-02445e328b78,13001,Arendonk,Antwerpen,arendonk 2,arendonk 2,10,flanders
2277,2021,1,larvae,11-08-2021_arendonk 2,fbb3baeb-c846-444c-926e-02445e328b78,13001,Arendonk,Antwerpen,arendonk 2,arendonk 2,10,flanders
2278,2021,0,adult,11-08-2021_laakdal 30,b9f26eb5-535f-4adb-a08c-a03acbdd911d,13053,Laakdal,Antwerpen,laakdal 30,laakdal 30,4,flanders
2279,2021,0,juvenile,11-08-2021_laakdal 30,b9f26eb5-535f-4adb-a08c-a03acbdd911d,13053,Laakdal,Antwerpen,laakdal 30,laakdal 30,4,flanders
2280,2021,0,larvae,11-08-2021_laakdal 30,b9f26eb5-535f-4adb-a08c-a03acbdd911d,13053,Laakdal,Antwerpen,laakdal 30,laakdal 30,4,flanders
2281,2021,1,adult,11-08-2021_laakdal 30c,e8165c62-451a-4d96-882f-468098023cc4,13053,Laakdal,Antwerpen,laakdal 30c,laakdal 30c,4,flanders
2282,2021,0,juvenile,11-08-2021_laakdal 30c,e8165c62-451a-4d96-882f-468098023cc4,13053,Laakdal,Antwerpen,laakdal 30c,laakdal 30c,4,flanders
2283,2021,2,larvae,11-08-2021_laakdal 30c,e8165c62-451a-4d96-882f-468098023cc4,13053,Laakdal,Antwerpen,laakdal 30c,laakdal 30c,4,flanders
2284,2021,1,adult,11-08-2021_molse nete 23,025AB23B-DF57-46C0-84C4-D351208209B3,13003,Balen,Antwerpen,molse nete 23,molse nete 23,4,flanders
2285,2021,1,juvenile,11-08-2021_molse nete 23,025AB23B-DF57-46C0-84C4-D351208209B3,13003,Balen,Antwerpen,molse nete 23,molse nete 23,4,flanders
2286,2021,4,larvae,11-08-2021_molse nete 23,025AB23B-DF57-46C0-84C4-D351208209B3,13003,Balen,Antwerpen,molse nete 23,molse nete 23,4,flanders
2287,2021,1,adult,11-08-2021_molse nete 24,667B05B6-3402-42C6-9DA3-60DA57D7751A,13003,Balen,Antwerpen,molse nete 24,molse nete 24,5,flanders
2288,2021,6,juvenile,11-08-2021_molse nete 24,667B05B6-3402-42C6-9DA3-60DA57D7751A,13003,Balen,Antwerpen,molse nete 24,molse nete 24,5,flanders
2289,2021,0,larvae,11-08-2021_molse nete 24,667B05B6-3402-42C6-9DA3-60DA57D7751A,13003,Balen,Antwerpen,molse nete 24,molse nete 24,5,flanders
2290,2023,0,adult,11-08-2023_anthst0508,A9602FFB-8557-4F92-B665-E4AE31001127,13013,Herselt,Antwerpen,anthst0508,anthst0508,5,flanders
2291,2023,0,juvenile,11-08-2023_anthst0508,A9602FFB-8557-4F92-B665-E4AE31001127,13013,Herselt,Antwerpen,anthst0508,anthst0508,5,flanders
2292,2023,0,larvae,11-08-2023_anthst0508,A9602FFB-8557-4F92-B665-E4AE31001127,13013,Herselt,Antwerpen,anthst0508,anthst0508,5,flanders
2293,2023,0,adult,11-08-2023_herselt 29,5FC74D94-87EE-4F0F-AA6E-295885EB4FE9,13013,Herselt,Antwerpen,herselt 29,herselt 29,4,flanders
2294,2023,0,juvenile,11-08-2023_herselt 29,5FC74D94-87EE-4F0F-AA6E-295885EB4FE9,13013,Herselt,Antwerpen,herselt 29,herselt 29,4,flanders
2295,2023,0,larvae,11-08-2023_herselt 29,5FC74D94-87EE-4F0F-AA6E-295885EB4FE9,13013,Herselt,Antwerpen,herselt 29,herselt 29,4,flanders
2296,2023,0,adult,11-08-2023_herselt 30,83983A92-9D1D-4907-A806-7EB4012E49EE,13013,Herselt,Antwerpen,herselt 30,herselt 30,4,flanders
2297,2023,0,juvenile,11-08-2023_herselt 30,83983A92-9D1D-4907-A806-7EB4012E49EE,13013,Herselt,Antwerpen,herselt 30,herselt 30,4,flanders
2298,2023,0,larvae,11-08-2023_herselt 30,83983A92-9D1D-4907-A806-7EB4012E49EE,13013,Herselt,Antwerpen,herselt 30,herselt 30,4,flanders
2299,2015,1,adult,11-09-2015_arendonk 1,91a8e2bb-b682-4c53-b213-7494198b12ce,13001,Arendonk,Antwerpen,NA,NA,3,flanders
2300,2015,0,juvenile,11-09-2015_arendonk 1,91a8e2bb-b682-4c53-b213-7494198b12ce,13001,Arendonk,Antwerpen,NA,NA,3,flanders
2301,2015,0,larvae,11-09-2015_arendonk 1,91a8e2bb-b682-4c53-b213-7494198b12ce,13001,Arendonk,Antwerpen,NA,NA,3,flanders
2302,2015,0,adult,11-09-2015_arendonk 2,fbb3baeb-c846-444c-926e-02445e328b78,13001,Arendonk,Antwerpen,NA,NA,4,flanders
2303,2015,1,juvenile,11-09-2015_arendonk 2,fbb3baeb-c846-444c-926e-02445e328b78,13001,Arendonk,Antwerpen,NA,NA,4,flanders
2304,2015,57,larvae,11-09-2015_arendonk 2,fbb3baeb-c846-444c-926e-02445e328b78,13001,Arendonk,Antwerpen,NA,NA,4,flanders
2305,2018,0,adult,11-09-2018_arendonk 2,fbb3baeb-c846-444c-926e-02445e328b78,13001,Arendonk,Antwerpen,NA,NA,1,flanders
2306,2018,5,juvenile,11-09-2018_arendonk 2,fbb3baeb-c846-444c-926e-02445e328b78,13001,Arendonk,Antwerpen,NA,NA,1,flanders
2307,2018,305,larvae,11-09-2018_arendonk 2,fbb3baeb-c846-444c-926e-02445e328b78,13001,Arendonk,Antwerpen,NA,NA,1,flanders
2308,2016,0,adult,12-05-2016_arendonk 1,91a8e2bb-b682-4c53-b213-7494198b12ce,13001,Arendonk,Antwerpen,NA,NA,1,flanders
2309,2016,0,juvenile,12-05-2016_arendonk 1,91a8e2bb-b682-4c53-b213-7494198b12ce,13001,Arendonk,Antwerpen,NA,NA,1,flanders
2310,2016,32,larvae,12-05-2016_arendonk 1,91a8e2bb-b682-4c53-b213-7494198b12ce,13001,Arendonk,Antwerpen,NA,NA,1,flanders
2311,2016,0,adult,12-05-2016_arendonk 2,fbb3baeb-c846-444c-926e-02445e328b78,13001,Arendonk,Antwerpen,NA,NA,4,flanders
2312,2016,0,juvenile,12-05-2016_arendonk 2,fbb3baeb-c846-444c-926e-02445e328b78,13001,Arendonk,Antwerpen,NA,NA,4,flanders
2313,2016,303,larvae,12-05-2016_arendonk 2,fbb3baeb-c846-444c-926e-02445e328b78,13001,Arendonk,Antwerpen,NA,NA,4,flanders
2314,2021,0,adult,12-05-2021_arendonk 2,fbb3baeb-c846-444c-926e-02445e328b78,13001,Arendonk,Antwerpen,arendonk 2,arendonk 2,10,flanders
2315,2021,0,juvenile,12-05-2021_arendonk 2,fbb3baeb-c846-444c-926e-02445e328b78,13001,Arendonk,Antwerpen,arendonk 2,arendonk 2,10,flanders
2316,2021,1008,larvae,12-05-2021_arendonk 2,fbb3baeb-c846-444c-926e-02445e328b78,13001,Arendonk,Antwerpen,arendonk 2,arendonk 2,10,flanders
2317,2021,6,adult,12-05-2021_griesbroek 6,03dc3f07-506f-4c71-bbcd-ad24c177cab5,13003,Balen,Antwerpen,griesbroek 6,griesbroek 6,8,flanders
2318,2021,0,juvenile,12-05-2021_griesbroek 6,03dc3f07-506f-4c71-bbcd-ad24c177cab5,13003,Balen,Antwerpen,griesbroek 6,griesbroek 6,8,flanders
2319,2021,1402,larvae,12-05-2021_griesbroek 6,03dc3f07-506f-4c71-bbcd-ad24c177cab5,13003,Balen,Antwerpen,griesbroek 6,griesbroek 6,8,flanders
2320,2021,0,adult,12-05-2021_nijlen b4,d8073f6b-6ef9-4124-b3ab-b9bdb4ab28dc,12026,Nijlen,Antwerpen,nijlen b4,nijlen b4,3,flanders
2321,2021,0,juvenile,12-05-2021_nijlen b4,d8073f6b-6ef9-4124-b3ab-b9bdb4ab28dc,12026,Nijlen,Antwerpen,nijlen b4,nijlen b4,3,flanders
2322,2021,0,larvae,12-05-2021_nijlen b4,d8073f6b-6ef9-4124-b3ab-b9bdb4ab28dc,12026,Nijlen,Antwerpen,nijlen b4,nijlen b4,3,flanders
2323,2021,0,adult,12-05-2021_nijlen b5,02d79285-1ed2-44b9-84d5-96cd0b55f479,12026,Nijlen,Antwerpen,nijlen b5,nijlen b5,3,flanders
2324,2021,0,juvenile,12-05-2021_nijlen b5,02d79285-1ed2-44b9-84d5-96cd0b55f479,12026,Nijlen,Antwerpen,nijlen b5,nijlen b5,3,flanders
2325,2021,0,larvae,12-05-2021_nijlen b5,02d79285-1ed2-44b9-84d5-96cd0b55f479,12026,Nijlen,Antwerpen,nijlen b5,nijlen b5,3,flanders
2326,2022,0,adult,12-05-2022_arendonk 2,fbb3baeb-c846-444c-926e-02445e328b78,13001,Arendonk,Antwerpen,arendonk 2,arendonk 2,19,flanders
2327,2022,0,juvenile,12-05-2022_arendonk 2,fbb3baeb-c846-444c-926e-02445e328b78,13001,Arendonk,Antwerpen,arendonk 2,arendonk 2,19,flanders
2328,2022,0,larvae,12-05-2022_arendonk 2,fbb3baeb-c846-444c-926e-02445e328b78,13001,Arendonk,Antwerpen,arendonk 2,arendonk 2,19,flanders
2329,2022,3,adult,12-05-2022_griesbroek 6,03dc3f07-506f-4c71-bbcd-ad24c177cab5,13003,Balen,Antwerpen,griesbroek 6,griesbroek 6,20,flanders
2330,2022,0,juvenile,12-05-2022_griesbroek 6,03dc3f07-506f-4c71-bbcd-ad24c177cab5,13003,Balen,Antwerpen,griesbroek 6,griesbroek 6,20,flanders
2331,2022,3135,larvae,12-05-2022_griesbroek 6,03dc3f07-506f-4c71-bbcd-ad24c177cab5,13003,Balen,Antwerpen,griesbroek 6,griesbroek 6,20,flanders
2332,2022,0,adult,12-05-2022_nijlen l9,f5fae4b8-8b29-46d6-9d83-8dcf2a965cb8,12021,Lier,Antwerpen,nijlen l9,nijlen l9,10,flanders
2333,2022,0,juvenile,12-05-2022_nijlen l9,f5fae4b8-8b29-46d6-9d83-8dcf2a965cb8,12021,Lier,Antwerpen,nijlen l9,nijlen l9,10,flanders
2334,2022,0,larvae,12-05-2022_nijlen l9,f5fae4b8-8b29-46d6-9d83-8dcf2a965cb8,12021,Lier,Antwerpen,nijlen l9,nijlen l9,10,flanders
2335,2012,0,adult,12-06-2012_arendonk 2,fbb3baeb-c846-444c-926e-02445e328b78,13001,Arendonk,Antwerpen,NA,NA,6,flanders
2336,2012,0,juvenile,12-06-2012_arendonk 2,fbb3baeb-c846-444c-926e-02445e328b78,13001,Arendonk,Antwerpen,NA,NA,6,flanders
2337,2012,1270,larvae,12-06-2012_arendonk 2,fbb3baeb-c846-444c-926e-02445e328b78,13001,Arendonk,Antwerpen,NA,NA,6,flanders
2338,2013,0,adult,12-06-2013_arendonk 2,fbb3baeb-c846-444c-926e-02445e328b78,13001,Arendonk,Antwerpen,NA,NA,5,flanders
2339,2013,0,juvenile,12-06-2013_arendonk 2,fbb3baeb-c846-444c-926e-02445e328b78,13001,Arendonk,Antwerpen,NA,NA,5,flanders
2340,2013,654,larvae,12-06-2013_arendonk 2,fbb3baeb-c846-444c-926e-02445e328b78,13001,Arendonk,Antwerpen,NA,NA,5,flanders
2341,2014,0,adult,12-06-2014_arendonk 2,fbb3baeb-c846-444c-926e-02445e328b78,13001,Arendonk,Antwerpen,NA,NA,5,flanders
2342,2014,0,juvenile,12-06-2014_arendonk 2,fbb3baeb-c846-444c-926e-02445e328b78,13001,Arendonk,Antwerpen,NA,NA,5,flanders
2343,2014,410,larvae,12-06-2014_arendonk 2,fbb3baeb-c846-444c-926e-02445e328b78,13001,Arendonk,Antwerpen,NA,NA,5,flanders
2344,2014,0,adult,12-06-2014_driehoek,48fb261c-3f3a-4a95-9103-1e6822dae999,13014,Hoogstraten,Antwerpen,NA,NA,3,flanders
2345,2014,0,juvenile,12-06-2014_driehoek,48fb261c-3f3a-4a95-9103-1e6822dae999,13014,Hoogstraten,Antwerpen,NA,NA,3,flanders
2346,2014,155,larvae,12-06-2014_driehoek,48fb261c-3f3a-4a95-9103-1e6822dae999,13014,Hoogstraten,Antwerpen,NA,NA,3,flanders
2347,2014,1,adult,12-06-2014_kasterlee 13,db13750e-281b-4b47-80e5-e4036050d1c1,13017,Kasterlee,Antwerpen,NA,NA,1,flanders
2348,2014,0,juvenile,12-06-2014_kasterlee 13,db13750e-281b-4b47-80e5-e4036050d1c1,13017,Kasterlee,Antwerpen,NA,NA,1,flanders
2349,2014,0,larvae,12-06-2014_kasterlee 13,db13750e-281b-4b47-80e5-e4036050d1c1,13017,Kasterlee,Antwerpen,NA,NA,1,flanders
2350,2015,0,adult,12-06-2015_bospoel,bf074168-c09d-40a9-b321-59ce253aa461,13014,Hoogstraten,Antwerpen,NA,NA,3,flanders
2351,2015,0,juvenile,12-06-2015_bospoel,bf074168-c09d-40a9-b321-59ce253aa461,13014,Hoogstraten,Antwerpen,NA,NA,3,flanders
2352,2015,7,larvae,12-06-2015_bospoel,bf074168-c09d-40a9-b321-59ce253aa461,13014,Hoogstraten,Antwerpen,NA,NA,3,flanders
2353,2021,0,adult,12-06-2021_nijlen h1,e4967c07-aaa3-4aa5-9ba6-54322313066c,12021,Lier,Antwerpen,nijlen h1,nijlen h1,8,flanders
2354,2021,0,juvenile,12-06-2021_nijlen h1,e4967c07-aaa3-4aa5-9ba6-54322313066c,12021,Lier,Antwerpen,nijlen h1,nijlen h1,8,flanders
2355,2021,0,larvae,12-06-2021_nijlen h1,e4967c07-aaa3-4aa5-9ba6-54322313066c,12021,Lier,Antwerpen,nijlen h1,nijlen h1,8,flanders
2356,2024,0,adult,12-06-2024_arendonk 2,fbb3baeb-c846-444c-926e-02445e328b78,13001,Arendonk,Antwerpen,arendonk 2,arendonk 2,20,flanders
2357,2024,0,juvenile,12-06-2024_arendonk 2,fbb3baeb-c846-444c-926e-02445e328b78,13001,Arendonk,Antwerpen,arendonk 2,arendonk 2,20,flanders
2358,2024,0,larvae,12-06-2024_arendonk 2,fbb3baeb-c846-444c-926e-02445e328b78,13001,Arendonk,Antwerpen,arendonk 2,arendonk 2,20,flanders
2359,2024,0,adult,12-06-2024_laakdal 27,8ba96a81-af07-4f86-a068-2ec52caf6a2f,13053,Laakdal,Antwerpen,laakdal 27,laakdal 27,26,flanders
2360,2024,0,juvenile,12-06-2024_laakdal 27,8ba96a81-af07-4f86-a068-2ec52caf6a2f,13053,Laakdal,Antwerpen,laakdal 27,laakdal 27,26,flanders
2361,2024,0,larvae,12-06-2024_laakdal 27,8ba96a81-af07-4f86-a068-2ec52caf6a2f,13053,Laakdal,Antwerpen,laakdal 27,laakdal 27,26,flanders
2362,2024,4,adult,12-06-2024_laakdal 5,62abe301-066c-4fa9-a54d-14e8b8882923,13053,Laakdal,Antwerpen,laakdal 5,laakdal 5,30,flanders
2363,2024,4,juvenile,12-06-2024_laakdal 5,62abe301-066c-4fa9-a54d-14e8b8882923,13053,Laakdal,Antwerpen,laakdal 5,laakdal 5,30,flanders
2364,2024,1285,larvae,12-06-2024_laakdal 5,62abe301-066c-4fa9-a54d-14e8b8882923,13053,Laakdal,Antwerpen,laakdal 5,laakdal 5,30,flanders
2365,2025,0,adult,12-06-2025_scheps 39,E0BFF7E4-D0E2-44B4-A7FE-2DD211144B52,13003,Balen,Antwerpen,scheps 39,scheps 39,10,flanders
2366,2025,0,juvenile,12-06-2025_scheps 39,E0BFF7E4-D0E2-44B4-A7FE-2DD211144B52,13003,Balen,Antwerpen,scheps 39,scheps 39,10,flanders
2367,2025,102,larvae,12-06-2025_scheps 39,E0BFF7E4-D0E2-44B4-A7FE-2DD211144B52,13003,Balen,Antwerpen,scheps 39,scheps 39,10,flanders
2368,2025,4,adult,12-06-2025_scheps 41,89FF8F2D-DE88-49E0-95F6-D0EA5A15D42F,13003,Balen,Antwerpen,scheps 41,scheps 41,5,flanders
2369,2025,2,juvenile,12-06-2025_scheps 41,89FF8F2D-DE88-49E0-95F6-D0EA5A15D42F,13003,Balen,Antwerpen,scheps 41,scheps 41,5,flanders
2370,2025,83,larvae,12-06-2025_scheps 41,89FF8F2D-DE88-49E0-95F6-D0EA5A15D42F,13003,Balen,Antwerpen,scheps 41,scheps 41,5,flanders
2371,2025,1,adult,12-06-2025_scheps 42,323F5909-B7D0-4A77-AC74-D9EF1DFB812A,13003,Balen,Antwerpen,scheps 42,scheps 42,4,flanders
2372,2025,0,juvenile,12-06-2025_scheps 42,323F5909-B7D0-4A77-AC74-D9EF1DFB812A,13003,Balen,Antwerpen,scheps 42,scheps 42,4,flanders
2373,2025,67,larvae,12-06-2025_scheps 42,323F5909-B7D0-4A77-AC74-D9EF1DFB812A,13003,Balen,Antwerpen,scheps 42,scheps 42,4,flanders
2374,2025,1,adult,12-06-2025_scheps 6,3f097ed2-a6e2-4db8-ab6d-eb411d610792,13003,Balen,Antwerpen,scheps 6,scheps 6,7,flanders
2375,2025,0,juvenile,12-06-2025_scheps 6,3f097ed2-a6e2-4db8-ab6d-eb411d610792,13003,Balen,Antwerpen,scheps 6,scheps 6,7,flanders
2376,2025,0,larvae,12-06-2025_scheps 6,3f097ed2-a6e2-4db8-ab6d-eb411d610792,13003,Balen,Antwerpen,scheps 6,scheps 6,7,flanders
2377,2025,0,adult,12-06-2025_scheps 7,009d325e-8c76-4049-bc69-31f6163e254e,13003,Balen,Antwerpen,scheps 7,scheps 7,6,flanders
2378,2025,3,juvenile,12-06-2025_scheps 7,009d325e-8c76-4049-bc69-31f6163e254e,13003,Balen,Antwerpen,scheps 7,scheps 7,6,flanders
2379,2025,84,larvae,12-06-2025_scheps 7,009d325e-8c76-4049-bc69-31f6163e254e,13003,Balen,Antwerpen,scheps 7,scheps 7,6,flanders
2380,2025,0,adult,12-06-2025_scheps 9,dacf70c7-504f-401e-8d63-1a361709fd5f,13003,Balen,Antwerpen,scheps 9,scheps 9,7,flanders
2381,2025,0,juvenile,12-06-2025_scheps 9,dacf70c7-504f-401e-8d63-1a361709fd5f,13003,Balen,Antwerpen,scheps 9,scheps 9,7,flanders
2382,2025,0,larvae,12-06-2025_scheps 9,dacf70c7-504f-401e-8d63-1a361709fd5f,13003,Balen,Antwerpen,scheps 9,scheps 9,7,flanders
2383,2012,0,adult,12-07-2012_arendonk 4,a7a15699-ae79-44ec-9f82-08ee0158e31d,13001,Arendonk,Antwerpen,NA,NA,6,flanders
2384,2012,0,juvenile,12-07-2012_arendonk 4,a7a15699-ae79-44ec-9f82-08ee0158e31d,13001,Arendonk,Antwerpen,NA,NA,6,flanders
2385,2012,92,larvae,12-07-2012_arendonk 4,a7a15699-ae79-44ec-9f82-08ee0158e31d,13001,Arendonk,Antwerpen,NA,NA,6,flanders
2386,2017,0,adult,12-07-2017_arendonk 3,60e6e43e-6855-4917-a336-9ac46d087fad,13001,Arendonk,Antwerpen,NA,NA,8,flanders
2387,2017,0,juvenile,12-07-2017_arendonk 3,60e6e43e-6855-4917-a336-9ac46d087fad,13001,Arendonk,Antwerpen,NA,NA,8,flanders
2388,2017,78,larvae,12-07-2017_arendonk 3,60e6e43e-6855-4917-a336-9ac46d087fad,13001,Arendonk,Antwerpen,NA,NA,8,flanders
2389,2022,1,adult,12-07-2022_scheps 38,06E7D771-6B28-4F7B-A26F-7AC3A8C7A4DE,13021,Meerhout,Antwerpen,scheps 38,scheps 38,5,flanders
2390,2022,1,juvenile,12-07-2022_scheps 38,06E7D771-6B28-4F7B-A26F-7AC3A8C7A4DE,13021,Meerhout,Antwerpen,scheps 38,scheps 38,5,flanders
2391,2022,0,larvae,12-07-2022_scheps 38,06E7D771-6B28-4F7B-A26F-7AC3A8C7A4DE,13021,Meerhout,Antwerpen,scheps 38,scheps 38,5,flanders
2392,2022,13,adult,12-07-2022_scheps 40,F839D846-F59A-4D49-AE3A-724B06CE89E4,13003,Balen,Antwerpen,scheps 40,scheps 40,18,flanders
2393,2022,228,juvenile,12-07-2022_scheps 40,F839D846-F59A-4D49-AE3A-724B06CE89E4,13003,Balen,Antwerpen,scheps 40,scheps 40,18,flanders
2394,2022,1041,larvae,12-07-2022_scheps 40,F839D846-F59A-4D49-AE3A-724B06CE89E4,13003,Balen,Antwerpen,scheps 40,scheps 40,18,flanders
2395,2023,0,adult,12-07-2023_molse nete 23,025AB23B-DF57-46C0-84C4-D351208209B3,13003,Balen,Antwerpen,molse nete 23,molse nete 23,4,flanders
2396,2023,5,juvenile,12-07-2023_molse nete 23,025AB23B-DF57-46C0-84C4-D351208209B3,13003,Balen,Antwerpen,molse nete 23,molse nete 23,4,flanders
2397,2023,0,larvae,12-07-2023_molse nete 23,025AB23B-DF57-46C0-84C4-D351208209B3,13003,Balen,Antwerpen,molse nete 23,molse nete 23,4,flanders
2398,2023,0,adult,12-07-2023_molse nete 24,667B05B6-3402-42C6-9DA3-60DA57D7751A,13003,Balen,Antwerpen,molse nete 24,molse nete 24,4,flanders
2399,2023,10,juvenile,12-07-2023_molse nete 24,667B05B6-3402-42C6-9DA3-60DA57D7751A,13003,Balen,Antwerpen,molse nete 24,molse nete 24,4,flanders
2400,2023,0,larvae,12-07-2023_molse nete 24,667B05B6-3402-42C6-9DA3-60DA57D7751A,13003,Balen,Antwerpen,molse nete 24,molse nete 24,4,flanders
2401,2023,1,adult,12-07-2023_molse nete 25,CCB25757-251A-496E-BE76-0FCEBCCE248E,13003,Balen,Antwerpen,molse nete 25,molse nete 25,6,flanders
2402,2023,17,juvenile,12-07-2023_molse nete 25,CCB25757-251A-496E-BE76-0FCEBCCE248E,13003,Balen,Antwerpen,molse nete 25,molse nete 25,6,flanders
2403,2023,171,larvae,12-07-2023_molse nete 25,CCB25757-251A-496E-BE76-0FCEBCCE248E,13003,Balen,Antwerpen,molse nete 25,molse nete 25,6,flanders
2404,2023,0,adult,12-07-2023_molse nete 27,13C21386-73BD-4394-BF8C-D621BB1AE140,13003,Balen,Antwerpen,molse nete 27,molse nete 27,20,flanders
2405,2023,31,juvenile,12-07-2023_molse nete 27,13C21386-73BD-4394-BF8C-D621BB1AE140,13003,Balen,Antwerpen,molse nete 27,molse nete 27,20,flanders
2406,2023,2,larvae,12-07-2023_molse nete 27,13C21386-73BD-4394-BF8C-D621BB1AE140,13003,Balen,Antwerpen,molse nete 27,molse nete 27,20,flanders
2407,2024,1,adult,12-07-2024_bel 1,E889F226-84B5-499E-A73B-A5DF719C540C,13008,Geel,Antwerpen,bel 1,bel 1,15,flanders
2408,2024,2,juvenile,12-07-2024_bel 1,E889F226-84B5-499E-A73B-A5DF719C540C,13008,Geel,Antwerpen,bel 1,bel 1,15,flanders
2409,2024,465,larvae,12-07-2024_bel 1,E889F226-84B5-499E-A73B-A5DF719C540C,13008,Geel,Antwerpen,bel 1,bel 1,15,flanders
2410,2024,0,adult,12-07-2024_geel kruiskwacht 2,781F2ED8-0177-4D33-902F-C7DC87D7808E,13008,Geel,Antwerpen,geel kruiskwacht 2,geel kruiskwacht 2,10,flanders
2411,2024,10,juvenile,12-07-2024_geel kruiskwacht 2,781F2ED8-0177-4D33-902F-C7DC87D7808E,13008,Geel,Antwerpen,geel kruiskwacht 2,geel kruiskwacht 2,10,flanders
2412,2024,214,larvae,12-07-2024_geel kruiskwacht 2,781F2ED8-0177-4D33-902F-C7DC87D7808E,13008,Geel,Antwerpen,geel kruiskwacht 2,geel kruiskwacht 2,10,flanders
2413,2024,1,adult,12-07-2024_geel kruiskwacht 3,03D4A801-541C-48F7-86F0-F65BE5D1B246,13008,Geel,Antwerpen,geel kruiskwacht 3,geel kruiskwacht 3,10,flanders
2414,2024,21,juvenile,12-07-2024_geel kruiskwacht 3,03D4A801-541C-48F7-86F0-F65BE5D1B246,13008,Geel,Antwerpen,geel kruiskwacht 3,geel kruiskwacht 3,10,flanders
2415,2024,113,larvae,12-07-2024_geel kruiskwacht 3,03D4A801-541C-48F7-86F0-F65BE5D1B246,13008,Geel,Antwerpen,geel kruiskwacht 3,geel kruiskwacht 3,10,flanders
2416,2024,0,adult,12-07-2024_meerhout 20,DC50D1FB-9A6C-4744-8D25-B511474F778B,13021,Meerhout,Antwerpen,meerhout 20,meerhout 20,7,flanders
2417,2024,0,juvenile,12-07-2024_meerhout 20,DC50D1FB-9A6C-4744-8D25-B511474F778B,13021,Meerhout,Antwerpen,meerhout 20,meerhout 20,7,flanders
2418,2024,0,larvae,12-07-2024_meerhout 20,DC50D1FB-9A6C-4744-8D25-B511474F778B,13021,Meerhout,Antwerpen,meerhout 20,meerhout 20,7,flanders
2419,2024,0,adult,12-07-2024_scheps 20,03167d3d-4f00-42b8-b8be-fbe739205a3c,13003,Balen,Antwerpen,scheps 20,scheps 20,2,flanders
2420,2024,0,juvenile,12-07-2024_scheps 20,03167d3d-4f00-42b8-b8be-fbe739205a3c,13003,Balen,Antwerpen,scheps 20,scheps 20,2,flanders
2421,2024,0,larvae,12-07-2024_scheps 20,03167d3d-4f00-42b8-b8be-fbe739205a3c,13003,Balen,Antwerpen,scheps 20,scheps 20,2,flanders
2422,2024,1,adult,12-07-2024_scheps 35,C40A62BC-753E-4B8E-A09E-101C73DE9BD0,13021,Meerhout,Antwerpen,scheps 35,scheps 35,13,flanders
2423,2024,0,juvenile,12-07-2024_scheps 35,C40A62BC-753E-4B8E-A09E-101C73DE9BD0,13021,Meerhout,Antwerpen,scheps 35,scheps 35,13,flanders
2424,2024,387,larvae,12-07-2024_scheps 35,C40A62BC-753E-4B8E-A09E-101C73DE9BD0,13021,Meerhout,Antwerpen,scheps 35,scheps 35,13,flanders
2425,2024,0,adult,12-07-2024_scheps 39,E0BFF7E4-D0E2-44B4-A7FE-2DD211144B52,13003,Balen,Antwerpen,scheps 39,scheps 39,7,flanders
2426,2024,0,juvenile,12-07-2024_scheps 39,E0BFF7E4-D0E2-44B4-A7FE-2DD211144B52,13003,Balen,Antwerpen,scheps 39,scheps 39,7,flanders
2427,2024,228,larvae,12-07-2024_scheps 39,E0BFF7E4-D0E2-44B4-A7FE-2DD211144B52,13003,Balen,Antwerpen,scheps 39,scheps 39,7,flanders
2428,2011,4,adult,12-08-2011_arendonk 3,60e6e43e-6855-4917-a336-9ac46d087fad,13001,Arendonk,Antwerpen,NA,NA,10,flanders
2429,2011,183,juvenile,12-08-2011_arendonk 3,60e6e43e-6855-4917-a336-9ac46d087fad,13001,Arendonk,Antwerpen,NA,NA,10,flanders
2430,2011,489,larvae,12-08-2011_arendonk 3,60e6e43e-6855-4917-a336-9ac46d087fad,13001,Arendonk,Antwerpen,NA,NA,10,flanders
2431,2015,0,adult,12-08-2015_kasterlee 3,fa5d281f-6266-4d4b-b6a7-cd44132e9b99,13017,Kasterlee,Antwerpen,NA,NA,3,flanders
2432,2015,3,juvenile,12-08-2015_kasterlee 3,fa5d281f-6266-4d4b-b6a7-cd44132e9b99,13017,Kasterlee,Antwerpen,NA,NA,3,flanders
2433,2015,14,larvae,12-08-2015_kasterlee 3,fa5d281f-6266-4d4b-b6a7-cd44132e9b99,13017,Kasterlee,Antwerpen,NA,NA,3,flanders
2434,2016,0,adult,12-08-2016_arendonk 2,fbb3baeb-c846-444c-926e-02445e328b78,13001,Arendonk,Antwerpen,NA,NA,6,flanders
2435,2016,4,juvenile,12-08-2016_arendonk 2,fbb3baeb-c846-444c-926e-02445e328b78,13001,Arendonk,Antwerpen,NA,NA,6,flanders
2436,2016,42,larvae,12-08-2016_arendonk 2,fbb3baeb-c846-444c-926e-02445e328b78,13001,Arendonk,Antwerpen,NA,NA,6,flanders
2437,2020,2,adult,12-08-2020_scheps 10,ff328547-af9c-4e6f-bbf1-5d2856b2da7b,13003,Balen,Antwerpen,scheps 10,scheps 10,2,flanders
2438,2020,0,juvenile,12-08-2020_scheps 10,ff328547-af9c-4e6f-bbf1-5d2856b2da7b,13003,Balen,Antwerpen,scheps 10,scheps 10,2,flanders
2439,2020,0,larvae,12-08-2020_scheps 10,ff328547-af9c-4e6f-bbf1-5d2856b2da7b,13003,Balen,Antwerpen,scheps 10,scheps 10,2,flanders
2440,2020,0,adult,12-08-2020_scheps 2,02b5890b-9ab4-49fa-9d47-4fd9f8d3c477,13003,Balen,Antwerpen,scheps 2,scheps 2,4,flanders
2441,2020,15,juvenile,12-08-2020_scheps 2,02b5890b-9ab4-49fa-9d47-4fd9f8d3c477,13003,Balen,Antwerpen,scheps 2,scheps 2,4,flanders
2442,2020,549,larvae,12-08-2020_scheps 2,02b5890b-9ab4-49fa-9d47-4fd9f8d3c477,13003,Balen,Antwerpen,scheps 2,scheps 2,4,flanders
2443,2021,0,adult,12-08-2021_arendonk 2,fbb3baeb-c846-444c-926e-02445e328b78,13001,Arendonk,Antwerpen,arendonk 2,arendonk 2,10,flanders
2444,2021,0,juvenile,12-08-2021_arendonk 2,fbb3baeb-c846-444c-926e-02445e328b78,13001,Arendonk,Antwerpen,arendonk 2,arendonk 2,10,flanders
2445,2021,0,larvae,12-08-2021_arendonk 2,fbb3baeb-c846-444c-926e-02445e328b78,13001,Arendonk,Antwerpen,arendonk 2,arendonk 2,10,flanders
2446,2021,0,adult,12-08-2021_laakdal 30,b9f26eb5-535f-4adb-a08c-a03acbdd911d,13053,Laakdal,Antwerpen,laakdal 30,laakdal 30,4,flanders
2447,2021,0,juvenile,12-08-2021_laakdal 30,b9f26eb5-535f-4adb-a08c-a03acbdd911d,13053,Laakdal,Antwerpen,laakdal 30,laakdal 30,4,flanders
2448,2021,0,larvae,12-08-2021_laakdal 30,b9f26eb5-535f-4adb-a08c-a03acbdd911d,13053,Laakdal,Antwerpen,laakdal 30,laakdal 30,4,flanders
2449,2021,0,adult,12-08-2021_laakdal 30c,e8165c62-451a-4d96-882f-468098023cc4,13053,Laakdal,Antwerpen,laakdal 30c,laakdal 30c,4,flanders
2450,2021,0,juvenile,12-08-2021_laakdal 30c,e8165c62-451a-4d96-882f-468098023cc4,13053,Laakdal,Antwerpen,laakdal 30c,laakdal 30c,4,flanders
2451,2021,1,larvae,12-08-2021_laakdal 30c,e8165c62-451a-4d96-882f-468098023cc4,13053,Laakdal,Antwerpen,laakdal 30c,laakdal 30c,4,flanders
2452,2021,0,adult,12-08-2021_laakdal 31b,c8ba32b5-197a-4247-a680-1ce497645d4b,13053,Laakdal,Antwerpen,laakdal 31b,laakdal 31b,1,flanders
2453,2021,0,juvenile,12-08-2021_laakdal 31b,c8ba32b5-197a-4247-a680-1ce497645d4b,13053,Laakdal,Antwerpen,laakdal 31b,laakdal 31b,1,flanders
2454,2021,0,larvae,12-08-2021_laakdal 31b,c8ba32b5-197a-4247-a680-1ce497645d4b,13053,Laakdal,Antwerpen,laakdal 31b,laakdal 31b,1,flanders
2455,2021,1,adult,12-08-2021_molse nete 23,025AB23B-DF57-46C0-84C4-D351208209B3,13003,Balen,Antwerpen,molse nete 23,molse nete 23,4,flanders
2456,2021,0,juvenile,12-08-2021_molse nete 23,025AB23B-DF57-46C0-84C4-D351208209B3,13003,Balen,Antwerpen,molse nete 23,molse nete 23,4,flanders
2457,2021,1,larvae,12-08-2021_molse nete 23,025AB23B-DF57-46C0-84C4-D351208209B3,13003,Balen,Antwerpen,molse nete 23,molse nete 23,4,flanders
2458,2021,3,adult,12-08-2021_molse nete 24,667B05B6-3402-42C6-9DA3-60DA57D7751A,13003,Balen,Antwerpen,molse nete 24,molse nete 24,5,flanders
2459,2021,7,juvenile,12-08-2021_molse nete 24,667B05B6-3402-42C6-9DA3-60DA57D7751A,13003,Balen,Antwerpen,molse nete 24,molse nete 24,5,flanders
2460,2021,3,larvae,12-08-2021_molse nete 24,667B05B6-3402-42C6-9DA3-60DA57D7751A,13003,Balen,Antwerpen,molse nete 24,molse nete 24,5,flanders
2461,2018,0,adult,12-09-2018_arendonk 2,fbb3baeb-c846-444c-926e-02445e328b78,13001,Arendonk,Antwerpen,NA,NA,1,flanders
2462,2018,3,juvenile,12-09-2018_arendonk 2,fbb3baeb-c846-444c-926e-02445e328b78,13001,Arendonk,Antwerpen,NA,NA,1,flanders
2463,2018,189,larvae,12-09-2018_arendonk 2,fbb3baeb-c846-444c-926e-02445e328b78,13001,Arendonk,Antwerpen,NA,NA,1,flanders
2464,2017,0,adult,12-10-2017_arendonk 2,fbb3baeb-c846-444c-926e-02445e328b78,13001,Arendonk,Antwerpen,NA,NA,3,flanders
2465,2017,0,juvenile,12-10-2017_arendonk 2,fbb3baeb-c846-444c-926e-02445e328b78,13001,Arendonk,Antwerpen,NA,NA,3,flanders
2466,2017,492,larvae,12-10-2017_arendonk 2,fbb3baeb-c846-444c-926e-02445e328b78,13001,Arendonk,Antwerpen,NA,NA,3,flanders
2467,2017,0,adult,12-10-2017_kasterlee 7,d47894eb-3a0b-4dc1-8804-627d397aa280,13017,Kasterlee,Antwerpen,NA,NA,1,flanders
2468,2017,1,juvenile,12-10-2017_kasterlee 7,d47894eb-3a0b-4dc1-8804-627d397aa280,13017,Kasterlee,Antwerpen,NA,NA,1,flanders
2469,2017,0,larvae,12-10-2017_kasterlee 7,d47894eb-3a0b-4dc1-8804-627d397aa280,13017,Kasterlee,Antwerpen,NA,NA,1,flanders
2470,2021,0,adult,12-10-2021_bergebeek 1,A4760255-D2AE-4D89-BF0B-4E60ABC25410,12014,Heist-Op-Den-Berg,Antwerpen,bergebeek 1,bergebeek 1,7,flanders
2471,2021,5,juvenile,12-10-2021_bergebeek 1,A4760255-D2AE-4D89-BF0B-4E60ABC25410,12014,Heist-Op-Den-Berg,Antwerpen,bergebeek 1,bergebeek 1,7,flanders
2472,2021,8,larvae,12-10-2021_bergebeek 1,A4760255-D2AE-4D89-BF0B-4E60ABC25410,12014,Heist-Op-Den-Berg,Antwerpen,bergebeek 1,bergebeek 1,7,flanders
2473,2021,0,adult,12-10-2021_steenkesloop 1,B08D8107-F3B5-4C98-9757-147574C9402D,13016,Hulshout,Antwerpen,steenkesloop 1,steenkesloop 1,10,flanders
2474,2021,88,juvenile,12-10-2021_steenkesloop 1,B08D8107-F3B5-4C98-9757-147574C9402D,13016,Hulshout,Antwerpen,steenkesloop 1,steenkesloop 1,10,flanders
2475,2021,179,larvae,12-10-2021_steenkesloop 1,B08D8107-F3B5-4C98-9757-147574C9402D,13016,Hulshout,Antwerpen,steenkesloop 1,steenkesloop 1,10,flanders
2476,2022,0,adult,12-10-2022_steenkesloop 5,ECA7478C-5118-4264-AEC9-BEA600FCCF86,13016,Hulshout,Antwerpen,steenkesloop 5,steenkesloop 5,5,flanders
2477,2022,0,juvenile,12-10-2022_steenkesloop 5,ECA7478C-5118-4264-AEC9-BEA600FCCF86,13016,Hulshout,Antwerpen,steenkesloop 5,steenkesloop 5,5,flanders
2478,2022,0,larvae,12-10-2022_steenkesloop 5,ECA7478C-5118-4264-AEC9-BEA600FCCF86,13016,Hulshout,Antwerpen,steenkesloop 5,steenkesloop 5,5,flanders
2479,2022,0,adult,12-10-2022_steenkesloop 6,0C4240E4-2E14-4631-9259-20492CB3FD01,13016,Hulshout,Antwerpen,steenkesloop 6,steenkesloop 6,2,flanders
2480,2022,0,juvenile,12-10-2022_steenkesloop 6,0C4240E4-2E14-4631-9259-20492CB3FD01,13016,Hulshout,Antwerpen,steenkesloop 6,steenkesloop 6,2,flanders
2481,2022,0,larvae,12-10-2022_steenkesloop 6,0C4240E4-2E14-4631-9259-20492CB3FD01,13016,Hulshout,Antwerpen,steenkesloop 6,steenkesloop 6,2,flanders
2482,2014,0,adult,13-05-2014_arendonk 2,fbb3baeb-c846-444c-926e-02445e328b78,13001,Arendonk,Antwerpen,NA,NA,4,flanders
2483,2014,0,juvenile,13-05-2014_arendonk 2,fbb3baeb-c846-444c-926e-02445e328b78,13001,Arendonk,Antwerpen,NA,NA,4,flanders
2484,2014,440,larvae,13-05-2014_arendonk 2,fbb3baeb-c846-444c-926e-02445e328b78,13001,Arendonk,Antwerpen,NA,NA,4,flanders
2485,2014,0,adult,13-05-2014_kasterlee 7,d47894eb-3a0b-4dc1-8804-627d397aa280,13017,Kasterlee,Antwerpen,NA,NA,4,flanders
2486,2014,0,juvenile,13-05-2014_kasterlee 7,d47894eb-3a0b-4dc1-8804-627d397aa280,13017,Kasterlee,Antwerpen,NA,NA,4,flanders
2487,2014,39,larvae,13-05-2014_kasterlee 7,d47894eb-3a0b-4dc1-8804-627d397aa280,13017,Kasterlee,Antwerpen,NA,NA,4,flanders
2488,2016,0,adult,13-05-2016_arendonk 2,fbb3baeb-c846-444c-926e-02445e328b78,13001,Arendonk,Antwerpen,NA,NA,4,flanders
2489,2016,0,juvenile,13-05-2016_arendonk 2,fbb3baeb-c846-444c-926e-02445e328b78,13001,Arendonk,Antwerpen,NA,NA,4,flanders
2490,2016,643,larvae,13-05-2016_arendonk 2,fbb3baeb-c846-444c-926e-02445e328b78,13001,Arendonk,Antwerpen,NA,NA,4,flanders
2491,2020,0,adult,13-05-2020_griesbroek 3,95a96ebf-b2d0-461f-9304-d7ada7c4f31d,13003,Balen,Antwerpen,griesbroek 3,griesbroek 3,2,flanders
2492,2020,0,juvenile,13-05-2020_griesbroek 3,95a96ebf-b2d0-461f-9304-d7ada7c4f31d,13003,Balen,Antwerpen,griesbroek 3,griesbroek 3,2,flanders
2493,2020,79,larvae,13-05-2020_griesbroek 3,95a96ebf-b2d0-461f-9304-d7ada7c4f31d,13003,Balen,Antwerpen,griesbroek 3,griesbroek 3,2,flanders
2494,2020,0,adult,13-05-2020_griesbroek 4,ae7f6fdc-d05b-4c2a-ac00-1411d658bd0e,13003,Balen,Antwerpen,griesbroek 4,griesbroek 4,1,flanders
2495,2020,0,juvenile,13-05-2020_griesbroek 4,ae7f6fdc-d05b-4c2a-ac00-1411d658bd0e,13003,Balen,Antwerpen,griesbroek 4,griesbroek 4,1,flanders
2496,2020,1,larvae,13-05-2020_griesbroek 4,ae7f6fdc-d05b-4c2a-ac00-1411d658bd0e,13003,Balen,Antwerpen,griesbroek 4,griesbroek 4,1,flanders
2497,2020,3,adult,13-05-2020_griesbroek 6,03dc3f07-506f-4c71-bbcd-ad24c177cab5,13003,Balen,Antwerpen,griesbroek 6,griesbroek 6,5,flanders
2498,2020,2,juvenile,13-05-2020_griesbroek 6,03dc3f07-506f-4c71-bbcd-ad24c177cab5,13003,Balen,Antwerpen,griesbroek 6,griesbroek 6,5,flanders
2499,2020,575,larvae,13-05-2020_griesbroek 6,03dc3f07-506f-4c71-bbcd-ad24c177cab5,13003,Balen,Antwerpen,griesbroek 6,griesbroek 6,5,flanders
2500,2020,0,adult,13-05-2020_griesbroek 7,80f08260-00f4-4989-8299-eee838d085b4,13003,Balen,Antwerpen,griesbroek 7,griesbroek 7,3,flanders
2501,2020,0,juvenile,13-05-2020_griesbroek 7,80f08260-00f4-4989-8299-eee838d085b4,13003,Balen,Antwerpen,griesbroek 7,griesbroek 7,3,flanders
2502,2020,49,larvae,13-05-2020_griesbroek 7,80f08260-00f4-4989-8299-eee838d085b4,13003,Balen,Antwerpen,griesbroek 7,griesbroek 7,3,flanders
2503,2020,0,adult,13-05-2020_nijlen b10,554e3c11-e529-4b0b-a162-714c72d3547e,12026,Nijlen,Antwerpen,nijlen b10,nijlen b10,4,flanders
2504,2020,4,juvenile,13-05-2020_nijlen b10,554e3c11-e529-4b0b-a162-714c72d3547e,12026,Nijlen,Antwerpen,nijlen b10,nijlen b10,4,flanders
2505,2020,66,larvae,13-05-2020_nijlen b10,554e3c11-e529-4b0b-a162-714c72d3547e,12026,Nijlen,Antwerpen,nijlen b10,nijlen b10,4,flanders
2506,2020,0,adult,13-05-2020_nijlen b11,602c47a6-7c4a-46b9-b481-921731880571,12026,Nijlen,Antwerpen,nijlen b11,nijlen b11,1,flanders
2507,2020,0,juvenile,13-05-2020_nijlen b11,602c47a6-7c4a-46b9-b481-921731880571,12026,Nijlen,Antwerpen,nijlen b11,nijlen b11,1,flanders
2508,2020,55,larvae,13-05-2020_nijlen b11,602c47a6-7c4a-46b9-b481-921731880571,12026,Nijlen,Antwerpen,nijlen b11,nijlen b11,1,flanders
2509,2021,0,adult,13-05-2021_arendonk 2,fbb3baeb-c846-444c-926e-02445e328b78,13001,Arendonk,Antwerpen,arendonk 2,arendonk 2,10,flanders
2510,2021,0,juvenile,13-05-2021_arendonk 2,fbb3baeb-c846-444c-926e-02445e328b78,13001,Arendonk,Antwerpen,arendonk 2,arendonk 2,10,flanders
2511,2021,466,larvae,13-05-2021_arendonk 2,fbb3baeb-c846-444c-926e-02445e328b78,13001,Arendonk,Antwerpen,arendonk 2,arendonk 2,10,flanders
2512,2021,5,adult,13-05-2021_griesbroek 6,03dc3f07-506f-4c71-bbcd-ad24c177cab5,13003,Balen,Antwerpen,griesbroek 6,griesbroek 6,8,flanders
2513,2021,1,juvenile,13-05-2021_griesbroek 6,03dc3f07-506f-4c71-bbcd-ad24c177cab5,13003,Balen,Antwerpen,griesbroek 6,griesbroek 6,8,flanders
2514,2021,907,larvae,13-05-2021_griesbroek 6,03dc3f07-506f-4c71-bbcd-ad24c177cab5,13003,Balen,Antwerpen,griesbroek 6,griesbroek 6,8,flanders
2515,2021,0,adult,13-05-2021_nijlen b4,d8073f6b-6ef9-4124-b3ab-b9bdb4ab28dc,12026,Nijlen,Antwerpen,nijlen b4,nijlen b4,3,flanders
2516,2021,0,juvenile,13-05-2021_nijlen b4,d8073f6b-6ef9-4124-b3ab-b9bdb4ab28dc,12026,Nijlen,Antwerpen,nijlen b4,nijlen b4,3,flanders
2517,2021,2,larvae,13-05-2021_nijlen b4,d8073f6b-6ef9-4124-b3ab-b9bdb4ab28dc,12026,Nijlen,Antwerpen,nijlen b4,nijlen b4,3,flanders
2518,2021,0,adult,13-05-2021_nijlen b5,02d79285-1ed2-44b9-84d5-96cd0b55f479,12026,Nijlen,Antwerpen,nijlen b5,nijlen b5,3,flanders
2519,2021,0,juvenile,13-05-2021_nijlen b5,02d79285-1ed2-44b9-84d5-96cd0b55f479,12026,Nijlen,Antwerpen,nijlen b5,nijlen b5,3,flanders
2520,2021,0,larvae,13-05-2021_nijlen b5,02d79285-1ed2-44b9-84d5-96cd0b55f479,12026,Nijlen,Antwerpen,nijlen b5,nijlen b5,3,flanders
2521,2022,0,adult,13-05-2022_arendonk 2,fbb3baeb-c846-444c-926e-02445e328b78,13001,Arendonk,Antwerpen,arendonk 2,arendonk 2,19,flanders
2522,2022,0,juvenile,13-05-2022_arendonk 2,fbb3baeb-c846-444c-926e-02445e328b78,13001,Arendonk,Antwerpen,arendonk 2,arendonk 2,19,flanders
2523,2022,0,larvae,13-05-2022_arendonk 2,fbb3baeb-c846-444c-926e-02445e328b78,13001,Arendonk,Antwerpen,arendonk 2,arendonk 2,19,flanders
2524,2022,9,adult,13-05-2022_griesbroek 6,03dc3f07-506f-4c71-bbcd-ad24c177cab5,13003,Balen,Antwerpen,griesbroek 6,griesbroek 6,20,flanders
2525,2022,2,juvenile,13-05-2022_griesbroek 6,03dc3f07-506f-4c71-bbcd-ad24c177cab5,13003,Balen,Antwerpen,griesbroek 6,griesbroek 6,20,flanders
2526,2022,3533,larvae,13-05-2022_griesbroek 6,03dc3f07-506f-4c71-bbcd-ad24c177cab5,13003,Balen,Antwerpen,griesbroek 6,griesbroek 6,20,flanders
2527,2022,0,adult,13-05-2022_nijlen l9,f5fae4b8-8b29-46d6-9d83-8dcf2a965cb8,12021,Lier,Antwerpen,nijlen l9,nijlen l9,10,flanders
2528,2022,0,juvenile,13-05-2022_nijlen l9,f5fae4b8-8b29-46d6-9d83-8dcf2a965cb8,12021,Lier,Antwerpen,nijlen l9,nijlen l9,10,flanders
2529,2022,0,larvae,13-05-2022_nijlen l9,f5fae4b8-8b29-46d6-9d83-8dcf2a965cb8,12021,Lier,Antwerpen,nijlen l9,nijlen l9,10,flanders
2530,2025,2,adult,13-05-2025_arendonk 2,fbb3baeb-c846-444c-926e-02445e328b78,13001,Arendonk,Antwerpen,arendonk 2,arendonk 2,10,flanders
2531,2025,2,juvenile,13-05-2025_arendonk 2,fbb3baeb-c846-444c-926e-02445e328b78,13001,Arendonk,Antwerpen,arendonk 2,arendonk 2,10,flanders
2532,2025,0,larvae,13-05-2025_arendonk 2,fbb3baeb-c846-444c-926e-02445e328b78,13001,Arendonk,Antwerpen,arendonk 2,arendonk 2,10,flanders
2533,2025,0,adult,13-05-2025_arendonk 3,3F49AB70-7443-4002-8599-FA8F7F38616B,13001,Arendonk,Antwerpen,arendonk 3,arendonk 3,2,flanders
2534,2025,0,juvenile,13-05-2025_arendonk 3,3F49AB70-7443-4002-8599-FA8F7F38616B,13001,Arendonk,Antwerpen,arendonk 3,arendonk 3,2,flanders
2535,2025,0,larvae,13-05-2025_arendonk 3,3F49AB70-7443-4002-8599-FA8F7F38616B,13001,Arendonk,Antwerpen,arendonk 3,arendonk 3,2,flanders
2536,2025,9,adult,13-05-2025_griesbroek 6,03dc3f07-506f-4c71-bbcd-ad24c177cab5,13003,Balen,Antwerpen,griesbroek 6,griesbroek 6,14,flanders
2537,2025,1,juvenile,13-05-2025_griesbroek 6,03dc3f07-506f-4c71-bbcd-ad24c177cab5,13003,Balen,Antwerpen,griesbroek 6,griesbroek 6,14,flanders
2538,2025,131,larvae,13-05-2025_griesbroek 6,03dc3f07-506f-4c71-bbcd-ad24c177cab5,13003,Balen,Antwerpen,griesbroek 6,griesbroek 6,14,flanders
2539,2025,0,adult,13-05-2025_scheps 34,1095ed65-0f2b-45bf-8cc7-47537a7b1f00,13003,Balen,Antwerpen,scheps 34,scheps 34,5,flanders
2540,2025,0,juvenile,13-05-2025_scheps 34,1095ed65-0f2b-45bf-8cc7-47537a7b1f00,13003,Balen,Antwerpen,scheps 34,scheps 34,5,flanders
2541,2025,0,larvae,13-05-2025_scheps 34,1095ed65-0f2b-45bf-8cc7-47537a7b1f00,13003,Balen,Antwerpen,scheps 34,scheps 34,5,flanders
2542,2025,8,adult,13-05-2025_scheps 35,C40A62BC-753E-4B8E-A09E-101C73DE9BD0,13021,Meerhout,Antwerpen,scheps 35,scheps 35,8,flanders
2543,2025,0,juvenile,13-05-2025_scheps 35,C40A62BC-753E-4B8E-A09E-101C73DE9BD0,13021,Meerhout,Antwerpen,scheps 35,scheps 35,8,flanders
2544,2025,2942,larvae,13-05-2025_scheps 35,C40A62BC-753E-4B8E-A09E-101C73DE9BD0,13021,Meerhout,Antwerpen,scheps 35,scheps 35,8,flanders
2545,2025,0,adult,13-05-2025_scheps 7,009d325e-8c76-4049-bc69-31f6163e254e,13003,Balen,Antwerpen,scheps 7,scheps 7,13,flanders
2546,2025,0,juvenile,13-05-2025_scheps 7,009d325e-8c76-4049-bc69-31f6163e254e,13003,Balen,Antwerpen,scheps 7,scheps 7,13,flanders
2547,2025,0,larvae,13-05-2025_scheps 7,009d325e-8c76-4049-bc69-31f6163e254e,13003,Balen,Antwerpen,scheps 7,scheps 7,13,flanders
2548,2012,0,adult,13-06-2012_arendonk 2,fbb3baeb-c846-444c-926e-02445e328b78,13001,Arendonk,Antwerpen,NA,NA,6,flanders
2549,2012,0,juvenile,13-06-2012_arendonk 2,fbb3baeb-c846-444c-926e-02445e328b78,13001,Arendonk,Antwerpen,NA,NA,6,flanders
2550,2012,385,larvae,13-06-2012_arendonk 2,fbb3baeb-c846-444c-926e-02445e328b78,13001,Arendonk,Antwerpen,NA,NA,6,flanders
2551,2013,3,adult,13-06-2013_arendonk 2,fbb3baeb-c846-444c-926e-02445e328b78,13001,Arendonk,Antwerpen,NA,NA,5,flanders
2552,2013,0,juvenile,13-06-2013_arendonk 2,fbb3baeb-c846-444c-926e-02445e328b78,13001,Arendonk,Antwerpen,NA,NA,5,flanders
2553,2013,715,larvae,13-06-2013_arendonk 2,fbb3baeb-c846-444c-926e-02445e328b78,13001,Arendonk,Antwerpen,NA,NA,5,flanders
2554,2014,0,adult,13-06-2014_driehoek,48fb261c-3f3a-4a95-9103-1e6822dae999,13014,Hoogstraten,Antwerpen,NA,NA,3,flanders
2555,2014,0,juvenile,13-06-2014_driehoek,48fb261c-3f3a-4a95-9103-1e6822dae999,13014,Hoogstraten,Antwerpen,NA,NA,3,flanders
2556,2014,299,larvae,13-06-2014_driehoek,48fb261c-3f3a-4a95-9103-1e6822dae999,13014,Hoogstraten,Antwerpen,NA,NA,3,flanders
2557,2023,0,adult,13-06-2023_laakdal 30b,92777d67-9553-48cc-b78e-2f8325715769,13053,Laakdal,Antwerpen,laakdal 30b,laakdal 30b,2,flanders
2558,2023,1,juvenile,13-06-2023_laakdal 30b,92777d67-9553-48cc-b78e-2f8325715769,13053,Laakdal,Antwerpen,laakdal 30b,laakdal 30b,2,flanders
2559,2023,0,larvae,13-06-2023_laakdal 30b,92777d67-9553-48cc-b78e-2f8325715769,13053,Laakdal,Antwerpen,laakdal 30b,laakdal 30b,2,flanders
2560,2023,0,adult,13-06-2023_laakdal 30c,e8165c62-451a-4d96-882f-468098023cc4,13053,Laakdal,Antwerpen,laakdal 30c,laakdal 30c,4,flanders
2561,2023,0,juvenile,13-06-2023_laakdal 30c,e8165c62-451a-4d96-882f-468098023cc4,13053,Laakdal,Antwerpen,laakdal 30c,laakdal 30c,4,flanders
2562,2023,14,larvae,13-06-2023_laakdal 30c,e8165c62-451a-4d96-882f-468098023cc4,13053,Laakdal,Antwerpen,laakdal 30c,laakdal 30c,4,flanders
2563,2023,3,adult,13-06-2023_laakdal 41,3FF122FA-A234-4A59-B023-BF7A15813990,13053,Laakdal,Antwerpen,laakdal 41,laakdal 41,20,flanders
2564,2023,7,juvenile,13-06-2023_laakdal 41,3FF122FA-A234-4A59-B023-BF7A15813990,13053,Laakdal,Antwerpen,laakdal 41,laakdal 41,20,flanders
2565,2023,2335,larvae,13-06-2023_laakdal 41,3FF122FA-A234-4A59-B023-BF7A15813990,13053,Laakdal,Antwerpen,laakdal 41,laakdal 41,20,flanders
2566,2023,1,adult,13-06-2023_laakdal 43,80212004-2568-4EFB-B97B-75F8EC16F9C1,13053,Laakdal,Antwerpen,laakdal 43,laakdal 43,20,flanders
2567,2023,0,juvenile,13-06-2023_laakdal 43,80212004-2568-4EFB-B97B-75F8EC16F9C1,13053,Laakdal,Antwerpen,laakdal 43,laakdal 43,20,flanders
2568,2023,13,larvae,13-06-2023_laakdal 43,80212004-2568-4EFB-B97B-75F8EC16F9C1,13053,Laakdal,Antwerpen,laakdal 43,laakdal 43,20,flanders
2569,2024,0,adult,13-06-2024_arendonk 2,fbb3baeb-c846-444c-926e-02445e328b78,13001,Arendonk,Antwerpen,arendonk 2,arendonk 2,20,flanders
2570,2024,0,juvenile,13-06-2024_arendonk 2,fbb3baeb-c846-444c-926e-02445e328b78,13001,Arendonk,Antwerpen,arendonk 2,arendonk 2,20,flanders
2571,2024,0,larvae,13-06-2024_arendonk 2,fbb3baeb-c846-444c-926e-02445e328b78,13001,Arendonk,Antwerpen,arendonk 2,arendonk 2,20,flanders
2572,2024,0,adult,13-06-2024_laakdal 27,8ba96a81-af07-4f86-a068-2ec52caf6a2f,13053,Laakdal,Antwerpen,laakdal 27,laakdal 27,25,flanders
2573,2024,0,juvenile,13-06-2024_laakdal 27,8ba96a81-af07-4f86-a068-2ec52caf6a2f,13053,Laakdal,Antwerpen,laakdal 27,laakdal 27,25,flanders
2574,2024,0,larvae,13-06-2024_laakdal 27,8ba96a81-af07-4f86-a068-2ec52caf6a2f,13053,Laakdal,Antwerpen,laakdal 27,laakdal 27,25,flanders
2575,2024,2,adult,13-06-2024_laakdal 5,62abe301-066c-4fa9-a54d-14e8b8882923,13053,Laakdal,Antwerpen,laakdal 5,laakdal 5,23,flanders
2576,2024,5,juvenile,13-06-2024_laakdal 5,62abe301-066c-4fa9-a54d-14e8b8882923,13053,Laakdal,Antwerpen,laakdal 5,laakdal 5,23,flanders
2577,2024,960,larvae,13-06-2024_laakdal 5,62abe301-066c-4fa9-a54d-14e8b8882923,13053,Laakdal,Antwerpen,laakdal 5,laakdal 5,23,flanders
2578,2025,0,adult,13-06-2025_scheps 39,E0BFF7E4-D0E2-44B4-A7FE-2DD211144B52,13003,Balen,Antwerpen,scheps 39,scheps 39,9,flanders
2579,2025,0,juvenile,13-06-2025_scheps 39,E0BFF7E4-D0E2-44B4-A7FE-2DD211144B52,13003,Balen,Antwerpen,scheps 39,scheps 39,9,flanders
2580,2025,173,larvae,13-06-2025_scheps 39,E0BFF7E4-D0E2-44B4-A7FE-2DD211144B52,13003,Balen,Antwerpen,scheps 39,scheps 39,9,flanders
2581,2025,3,adult,13-06-2025_scheps 41,89FF8F2D-DE88-49E0-95F6-D0EA5A15D42F,13003,Balen,Antwerpen,scheps 41,scheps 41,4,flanders
2582,2025,0,juvenile,13-06-2025_scheps 41,89FF8F2D-DE88-49E0-95F6-D0EA5A15D42F,13003,Balen,Antwerpen,scheps 41,scheps 41,4,flanders
2583,2025,71,larvae,13-06-2025_scheps 41,89FF8F2D-DE88-49E0-95F6-D0EA5A15D42F,13003,Balen,Antwerpen,scheps 41,scheps 41,4,flanders
2584,2025,0,adult,13-06-2025_scheps 42,323F5909-B7D0-4A77-AC74-D9EF1DFB812A,13003,Balen,Antwerpen,scheps 42,scheps 42,3,flanders
2585,2025,0,juvenile,13-06-2025_scheps 42,323F5909-B7D0-4A77-AC74-D9EF1DFB812A,13003,Balen,Antwerpen,scheps 42,scheps 42,3,flanders
2586,2025,105,larvae,13-06-2025_scheps 42,323F5909-B7D0-4A77-AC74-D9EF1DFB812A,13003,Balen,Antwerpen,scheps 42,scheps 42,3,flanders
2587,2025,1,adult,13-06-2025_scheps 6,3f097ed2-a6e2-4db8-ab6d-eb411d610792,13003,Balen,Antwerpen,scheps 6,scheps 6,3,flanders
2588,2025,0,juvenile,13-06-2025_scheps 6,3f097ed2-a6e2-4db8-ab6d-eb411d610792,13003,Balen,Antwerpen,scheps 6,scheps 6,3,flanders
2589,2025,0,larvae,13-06-2025_scheps 6,3f097ed2-a6e2-4db8-ab6d-eb411d610792,13003,Balen,Antwerpen,scheps 6,scheps 6,3,flanders
2590,2025,0,adult,13-06-2025_scheps 8,909d4ce7-901a-499c-b993-242731897f23,13003,Balen,Antwerpen,scheps 8,scheps 8,7,flanders
2591,2025,4,juvenile,13-06-2025_scheps 8,909d4ce7-901a-499c-b993-242731897f23,13003,Balen,Antwerpen,scheps 8,scheps 8,7,flanders
2592,2025,59,larvae,13-06-2025_scheps 8,909d4ce7-901a-499c-b993-242731897f23,13003,Balen,Antwerpen,scheps 8,scheps 8,7,flanders
2593,2025,0,adult,13-06-2025_scheps 9,dacf70c7-504f-401e-8d63-1a361709fd5f,13003,Balen,Antwerpen,scheps 9,scheps 9,7,flanders
2594,2025,0,juvenile,13-06-2025_scheps 9,dacf70c7-504f-401e-8d63-1a361709fd5f,13003,Balen,Antwerpen,scheps 9,scheps 9,7,flanders
2595,2025,0,larvae,13-06-2025_scheps 9,dacf70c7-504f-401e-8d63-1a361709fd5f,13003,Balen,Antwerpen,scheps 9,scheps 9,7,flanders
2596,2010,1,adult,13-07-2010_driehoek,48fb261c-3f3a-4a95-9103-1e6822dae999,13014,Hoogstraten,Antwerpen,NA,NA,4,flanders
2597,2010,7,juvenile,13-07-2010_driehoek,48fb261c-3f3a-4a95-9103-1e6822dae999,13014,Hoogstraten,Antwerpen,NA,NA,4,flanders
2598,2010,661,larvae,13-07-2010_driehoek,48fb261c-3f3a-4a95-9103-1e6822dae999,13014,Hoogstraten,Antwerpen,NA,NA,4,flanders
2599,2012,0,adult,13-07-2012_arendonk 4,a7a15699-ae79-44ec-9f82-08ee0158e31d,13001,Arendonk,Antwerpen,NA,NA,6,flanders
2600,2012,0,juvenile,13-07-2012_arendonk 4,a7a15699-ae79-44ec-9f82-08ee0158e31d,13001,Arendonk,Antwerpen,NA,NA,6,flanders
2601,2012,67,larvae,13-07-2012_arendonk 4,a7a15699-ae79-44ec-9f82-08ee0158e31d,13001,Arendonk,Antwerpen,NA,NA,6,flanders
2602,2017,0,adult,13-07-2017_arendonk 3,60e6e43e-6855-4917-a336-9ac46d087fad,13001,Arendonk,Antwerpen,NA,NA,8,flanders
2603,2017,0,juvenile,13-07-2017_arendonk 3,60e6e43e-6855-4917-a336-9ac46d087fad,13001,Arendonk,Antwerpen,NA,NA,8,flanders
2604,2017,42,larvae,13-07-2017_arendonk 3,60e6e43e-6855-4917-a336-9ac46d087fad,13001,Arendonk,Antwerpen,NA,NA,8,flanders
2605,2021,4,adult,13-07-2021_laakdal 22b,59cb87e2-b337-409b-8925-d628f9e3b294,13053,Laakdal,Antwerpen,laakdal 22b,laakdal 22b,4,flanders
2606,2021,3,juvenile,13-07-2021_laakdal 22b,59cb87e2-b337-409b-8925-d628f9e3b294,13053,Laakdal,Antwerpen,laakdal 22b,laakdal 22b,4,flanders
2607,2021,0,larvae,13-07-2021_laakdal 22b,59cb87e2-b337-409b-8925-d628f9e3b294,13053,Laakdal,Antwerpen,laakdal 22b,laakdal 22b,4,flanders
2608,2021,0,adult,13-07-2021_laakdal 39,E9E4CE1C-43A6-4817-96EB-873765AA5598,13053,Laakdal,Antwerpen,laakdal 39,laakdal 39,4,flanders
2609,2021,0,juvenile,13-07-2021_laakdal 39,E9E4CE1C-43A6-4817-96EB-873765AA5598,13053,Laakdal,Antwerpen,laakdal 39,laakdal 39,4,flanders
2610,2021,0,larvae,13-07-2021_laakdal 39,E9E4CE1C-43A6-4817-96EB-873765AA5598,13053,Laakdal,Antwerpen,laakdal 39,laakdal 39,4,flanders
2611,2021,10,adult,13-07-2021_molse nete 25,CCB25757-251A-496E-BE76-0FCEBCCE248E,13003,Balen,Antwerpen,molse nete 25,molse nete 25,10,flanders
2612,2021,4,juvenile,13-07-2021_molse nete 25,CCB25757-251A-496E-BE76-0FCEBCCE248E,13003,Balen,Antwerpen,molse nete 25,molse nete 25,10,flanders
2613,2021,969,larvae,13-07-2021_molse nete 25,CCB25757-251A-496E-BE76-0FCEBCCE248E,13003,Balen,Antwerpen,molse nete 25,molse nete 25,10,flanders
2614,2021,0,adult,13-07-2021_nijlen g2,a484323f-4a55-4cf1-affb-6b5870f769db,12021,Lier,Antwerpen,nijlen g2,nijlen g2,6,flanders
2615,2021,0,juvenile,13-07-2021_nijlen g2,a484323f-4a55-4cf1-affb-6b5870f769db,12021,Lier,Antwerpen,nijlen g2,nijlen g2,6,flanders
2616,2021,0,larvae,13-07-2021_nijlen g2,a484323f-4a55-4cf1-affb-6b5870f769db,12021,Lier,Antwerpen,nijlen g2,nijlen g2,6,flanders
2617,2021,0,adult,13-07-2021_scheps 20,03167d3d-4f00-42b8-b8be-fbe739205a3c,13003,Balen,Antwerpen,scheps 20,scheps 20,5,flanders
2618,2021,0,juvenile,13-07-2021_scheps 20,03167d3d-4f00-42b8-b8be-fbe739205a3c,13003,Balen,Antwerpen,scheps 20,scheps 20,5,flanders
2619,2021,1060,larvae,13-07-2021_scheps 20,03167d3d-4f00-42b8-b8be-fbe739205a3c,13003,Balen,Antwerpen,scheps 20,scheps 20,5,flanders
2620,2022,3,adult,13-07-2022_scheps 38,06E7D771-6B28-4F7B-A26F-7AC3A8C7A4DE,13021,Meerhout,Antwerpen,scheps 38,scheps 38,5,flanders
2621,2022,0,juvenile,13-07-2022_scheps 38,06E7D771-6B28-4F7B-A26F-7AC3A8C7A4DE,13021,Meerhout,Antwerpen,scheps 38,scheps 38,5,flanders
2622,2022,0,larvae,13-07-2022_scheps 38,06E7D771-6B28-4F7B-A26F-7AC3A8C7A4DE,13021,Meerhout,Antwerpen,scheps 38,scheps 38,5,flanders
2623,2022,12,adult,13-07-2022_scheps 40,F839D846-F59A-4D49-AE3A-724B06CE89E4,13003,Balen,Antwerpen,scheps 40,scheps 40,18,flanders
2624,2022,69,juvenile,13-07-2022_scheps 40,F839D846-F59A-4D49-AE3A-724B06CE89E4,13003,Balen,Antwerpen,scheps 40,scheps 40,18,flanders
2625,2022,176,larvae,13-07-2022_scheps 40,F839D846-F59A-4D49-AE3A-724B06CE89E4,13003,Balen,Antwerpen,scheps 40,scheps 40,18,flanders
2626,2023,0,adult,13-07-2023_molse nete 23,025AB23B-DF57-46C0-84C4-D351208209B3,13003,Balen,Antwerpen,molse nete 23,molse nete 23,4,flanders
2627,2023,8,juvenile,13-07-2023_molse nete 23,025AB23B-DF57-46C0-84C4-D351208209B3,13003,Balen,Antwerpen,molse nete 23,molse nete 23,4,flanders
2628,2023,0,larvae,13-07-2023_molse nete 23,025AB23B-DF57-46C0-84C4-D351208209B3,13003,Balen,Antwerpen,molse nete 23,molse nete 23,4,flanders
2629,2023,0,adult,13-07-2023_molse nete 24,667B05B6-3402-42C6-9DA3-60DA57D7751A,13003,Balen,Antwerpen,molse nete 24,molse nete 24,4,flanders
2630,2023,6,juvenile,13-07-2023_molse nete 24,667B05B6-3402-42C6-9DA3-60DA57D7751A,13003,Balen,Antwerpen,molse nete 24,molse nete 24,4,flanders
2631,2023,0,larvae,13-07-2023_molse nete 24,667B05B6-3402-42C6-9DA3-60DA57D7751A,13003,Balen,Antwerpen,molse nete 24,molse nete 24,4,flanders
2632,2023,0,adult,13-07-2023_molse nete 25,CCB25757-251A-496E-BE76-0FCEBCCE248E,13003,Balen,Antwerpen,molse nete 25,molse nete 25,6,flanders
2633,2023,13,juvenile,13-07-2023_molse nete 25,CCB25757-251A-496E-BE76-0FCEBCCE248E,13003,Balen,Antwerpen,molse nete 25,molse nete 25,6,flanders
2634,2023,151,larvae,13-07-2023_molse nete 25,CCB25757-251A-496E-BE76-0FCEBCCE248E,13003,Balen,Antwerpen,molse nete 25,molse nete 25,6,flanders
2635,2023,0,adult,13-07-2023_molse nete 27,13C21386-73BD-4394-BF8C-D621BB1AE140,13003,Balen,Antwerpen,molse nete 27,molse nete 27,20,flanders
2636,2023,21,juvenile,13-07-2023_molse nete 27,13C21386-73BD-4394-BF8C-D621BB1AE140,13003,Balen,Antwerpen,molse nete 27,molse nete 27,20,flanders
2637,2023,0,larvae,13-07-2023_molse nete 27,13C21386-73BD-4394-BF8C-D621BB1AE140,13003,Balen,Antwerpen,molse nete 27,molse nete 27,20,flanders
2638,2010,0,adult,13-08-2010_driehoek,48fb261c-3f3a-4a95-9103-1e6822dae999,13014,Hoogstraten,Antwerpen,NA,NA,5,flanders
2639,2010,7,juvenile,13-08-2010_driehoek,48fb261c-3f3a-4a95-9103-1e6822dae999,13014,Hoogstraten,Antwerpen,NA,NA,5,flanders
2640,2010,86,larvae,13-08-2010_driehoek,48fb261c-3f3a-4a95-9103-1e6822dae999,13014,Hoogstraten,Antwerpen,NA,NA,5,flanders
2641,2015,0,adult,13-08-2015_kasterlee 3,fa5d281f-6266-4d4b-b6a7-cd44132e9b99,13017,Kasterlee,Antwerpen,NA,NA,6,flanders
2642,2015,0,juvenile,13-08-2015_kasterlee 3,fa5d281f-6266-4d4b-b6a7-cd44132e9b99,13017,Kasterlee,Antwerpen,NA,NA,6,flanders
2643,2015,2,larvae,13-08-2015_kasterlee 3,fa5d281f-6266-4d4b-b6a7-cd44132e9b99,13017,Kasterlee,Antwerpen,NA,NA,6,flanders
2644,2020,0,adult,13-08-2020_scheps 25,860f4a06-105d-4001-af9d-2f9a58d3b7ba,13003,Balen,Antwerpen,scheps 25,scheps 25,4,flanders
2645,2020,15,juvenile,13-08-2020_scheps 25,860f4a06-105d-4001-af9d-2f9a58d3b7ba,13003,Balen,Antwerpen,scheps 25,scheps 25,4,flanders
2646,2020,345,larvae,13-08-2020_scheps 25,860f4a06-105d-4001-af9d-2f9a58d3b7ba,13003,Balen,Antwerpen,scheps 25,scheps 25,4,flanders
2647,2021,0,adult,13-08-2021_arendonk 2,fbb3baeb-c846-444c-926e-02445e328b78,13001,Arendonk,Antwerpen,arendonk 2,arendonk 2,10,flanders
2648,2021,0,juvenile,13-08-2021_arendonk 2,fbb3baeb-c846-444c-926e-02445e328b78,13001,Arendonk,Antwerpen,arendonk 2,arendonk 2,10,flanders
2649,2021,1,larvae,13-08-2021_arendonk 2,fbb3baeb-c846-444c-926e-02445e328b78,13001,Arendonk,Antwerpen,arendonk 2,arendonk 2,10,flanders
2650,2021,0,adult,13-08-2021_laakdal 30,b9f26eb5-535f-4adb-a08c-a03acbdd911d,13053,Laakdal,Antwerpen,laakdal 30,laakdal 30,4,flanders
2651,2021,0,juvenile,13-08-2021_laakdal 30,b9f26eb5-535f-4adb-a08c-a03acbdd911d,13053,Laakdal,Antwerpen,laakdal 30,laakdal 30,4,flanders
2652,2021,0,larvae,13-08-2021_laakdal 30,b9f26eb5-535f-4adb-a08c-a03acbdd911d,13053,Laakdal,Antwerpen,laakdal 30,laakdal 30,4,flanders
2653,2021,0,adult,13-08-2021_laakdal 30c,e8165c62-451a-4d96-882f-468098023cc4,13053,Laakdal,Antwerpen,laakdal 30c,laakdal 30c,4,flanders
2654,2021,0,juvenile,13-08-2021_laakdal 30c,e8165c62-451a-4d96-882f-468098023cc4,13053,Laakdal,Antwerpen,laakdal 30c,laakdal 30c,4,flanders
2655,2021,1,larvae,13-08-2021_laakdal 30c,e8165c62-451a-4d96-882f-468098023cc4,13053,Laakdal,Antwerpen,laakdal 30c,laakdal 30c,4,flanders
2656,2021,0,adult,13-08-2021_molse nete 23,025AB23B-DF57-46C0-84C4-D351208209B3,13003,Balen,Antwerpen,molse nete 23,molse nete 23,4,flanders
2657,2021,4,juvenile,13-08-2021_molse nete 23,025AB23B-DF57-46C0-84C4-D351208209B3,13003,Balen,Antwerpen,molse nete 23,molse nete 23,4,flanders
2658,2021,5,larvae,13-08-2021_molse nete 23,025AB23B-DF57-46C0-84C4-D351208209B3,13003,Balen,Antwerpen,molse nete 23,molse nete 23,4,flanders
2659,2021,0,adult,13-08-2021_molse nete 24,667B05B6-3402-42C6-9DA3-60DA57D7751A,13003,Balen,Antwerpen,molse nete 24,molse nete 24,5,flanders
2660,2021,6,juvenile,13-08-2021_molse nete 24,667B05B6-3402-42C6-9DA3-60DA57D7751A,13003,Balen,Antwerpen,molse nete 24,molse nete 24,5,flanders
2661,2021,3,larvae,13-08-2021_molse nete 24,667B05B6-3402-42C6-9DA3-60DA57D7751A,13003,Balen,Antwerpen,molse nete 24,molse nete 24,5,flanders
2662,2024,0,adult,13-08-2024_laakdal 42,CFE5F760-038E-4AFA-A19C-F41167BA5C06,13053,Laakdal,Antwerpen,laakdal 42,laakdal 42,6,flanders
2663,2024,16,juvenile,13-08-2024_laakdal 42,CFE5F760-038E-4AFA-A19C-F41167BA5C06,13053,Laakdal,Antwerpen,laakdal 42,laakdal 42,6,flanders
2664,2024,1216,larvae,13-08-2024_laakdal 42,CFE5F760-038E-4AFA-A19C-F41167BA5C06,13053,Laakdal,Antwerpen,laakdal 42,laakdal 42,6,flanders
2665,2024,4,adult,13-08-2024_laakdal 5,62abe301-066c-4fa9-a54d-14e8b8882923,13053,Laakdal,Antwerpen,laakdal 5,laakdal 5,9,flanders
2666,2024,17,juvenile,13-08-2024_laakdal 5,62abe301-066c-4fa9-a54d-14e8b8882923,13053,Laakdal,Antwerpen,laakdal 5,laakdal 5,9,flanders
2667,2024,659,larvae,13-08-2024_laakdal 5,62abe301-066c-4fa9-a54d-14e8b8882923,13053,Laakdal,Antwerpen,laakdal 5,laakdal 5,9,flanders
2668,2024,2,adult,13-08-2024_molse nete 34,C9CD45C3-D4B7-43B3-A539-282D76046F45,13003,Balen,Antwerpen,molse nete 34,molse nete 34,12,flanders
2669,2024,0,juvenile,13-08-2024_molse nete 34,C9CD45C3-D4B7-43B3-A539-282D76046F45,13003,Balen,Antwerpen,molse nete 34,molse nete 34,12,flanders
2670,2024,445,larvae,13-08-2024_molse nete 34,C9CD45C3-D4B7-43B3-A539-282D76046F45,13003,Balen,Antwerpen,molse nete 34,molse nete 34,12,flanders
2671,2024,4,adult,13-08-2024_scheps 35,C40A62BC-753E-4B8E-A09E-101C73DE9BD0,13021,Meerhout,Antwerpen,scheps 35,scheps 35,6,flanders
2672,2024,5,juvenile,13-08-2024_scheps 35,C40A62BC-753E-4B8E-A09E-101C73DE9BD0,13021,Meerhout,Antwerpen,scheps 35,scheps 35,6,flanders
2673,2024,4091,larvae,13-08-2024_scheps 35,C40A62BC-753E-4B8E-A09E-101C73DE9BD0,13021,Meerhout,Antwerpen,scheps 35,scheps 35,6,flanders
2674,2011,0,adult,13-09-2011_arendonk 1,91a8e2bb-b682-4c53-b213-7494198b12ce,13001,Arendonk,Antwerpen,NA,NA,2,flanders
2675,2011,0,juvenile,13-09-2011_arendonk 1,91a8e2bb-b682-4c53-b213-7494198b12ce,13001,Arendonk,Antwerpen,NA,NA,2,flanders
2676,2011,2,larvae,13-09-2011_arendonk 1,91a8e2bb-b682-4c53-b213-7494198b12ce,13001,Arendonk,Antwerpen,NA,NA,2,flanders
2677,2019,0,adult,13-09-2019_nijlen d5,fe309562-2558-40d7-9d5a-8ec8ac307039,12021,Lier,Antwerpen,nijlen d5,nijlen d5,6,flanders
2678,2019,0,juvenile,13-09-2019_nijlen d5,fe309562-2558-40d7-9d5a-8ec8ac307039,12021,Lier,Antwerpen,nijlen d5,nijlen d5,6,flanders
2679,2019,20,larvae,13-09-2019_nijlen d5,fe309562-2558-40d7-9d5a-8ec8ac307039,12021,Lier,Antwerpen,nijlen d5,nijlen d5,6,flanders
2680,2022,0,adult,13-09-2022_nijlen l9,f5fae4b8-8b29-46d6-9d83-8dcf2a965cb8,12021,Lier,Antwerpen,nijlen l9,nijlen l9,8,flanders
2681,2022,0,juvenile,13-09-2022_nijlen l9,f5fae4b8-8b29-46d6-9d83-8dcf2a965cb8,12021,Lier,Antwerpen,nijlen l9,nijlen l9,8,flanders
2682,2022,0,larvae,13-09-2022_nijlen l9,f5fae4b8-8b29-46d6-9d83-8dcf2a965cb8,12021,Lier,Antwerpen,nijlen l9,nijlen l9,8,flanders
2683,2022,4,adult,13-09-2022_scheps 39,E0BFF7E4-D0E2-44B4-A7FE-2DD211144B52,13003,Balen,Antwerpen,scheps 39,scheps 39,10,flanders
2684,2022,0,juvenile,13-09-2022_scheps 39,E0BFF7E4-D0E2-44B4-A7FE-2DD211144B52,13003,Balen,Antwerpen,scheps 39,scheps 39,10,flanders
2685,2022,4,larvae,13-09-2022_scheps 39,E0BFF7E4-D0E2-44B4-A7FE-2DD211144B52,13003,Balen,Antwerpen,scheps 39,scheps 39,10,flanders
2686,2022,0,adult,13-09-2022_scheps 41,89FF8F2D-DE88-49E0-95F6-D0EA5A15D42F,13003,Balen,Antwerpen,scheps 41,scheps 41,5,flanders
2687,2022,0,juvenile,13-09-2022_scheps 41,89FF8F2D-DE88-49E0-95F6-D0EA5A15D42F,13003,Balen,Antwerpen,scheps 41,scheps 41,5,flanders
2688,2022,254,larvae,13-09-2022_scheps 41,89FF8F2D-DE88-49E0-95F6-D0EA5A15D42F,13003,Balen,Antwerpen,scheps 41,scheps 41,5,flanders
2689,2017,0,adult,13-10-2017_arendonk 2,fbb3baeb-c846-444c-926e-02445e328b78,13001,Arendonk,Antwerpen,NA,NA,3,flanders
2690,2017,0,juvenile,13-10-2017_arendonk 2,fbb3baeb-c846-444c-926e-02445e328b78,13001,Arendonk,Antwerpen,NA,NA,3,flanders
2691,2017,123,larvae,13-10-2017_arendonk 2,fbb3baeb-c846-444c-926e-02445e328b78,13001,Arendonk,Antwerpen,NA,NA,3,flanders
2692,2021,1,adult,13-10-2021_steenkesloop 1,B08D8107-F3B5-4C98-9757-147574C9402D,13016,Hulshout,Antwerpen,steenkesloop 1,steenkesloop 1,10,flanders
2693,2021,94,juvenile,13-10-2021_steenkesloop 1,B08D8107-F3B5-4C98-9757-147574C9402D,13016,Hulshout,Antwerpen,steenkesloop 1,steenkesloop 1,10,flanders
2694,2021,130,larvae,13-10-2021_steenkesloop 1,B08D8107-F3B5-4C98-9757-147574C9402D,13016,Hulshout,Antwerpen,steenkesloop 1,steenkesloop 1,10,flanders
2695,2022,1,adult,13-10-2022_steenkesloop 5,ECA7478C-5118-4264-AEC9-BEA600FCCF86,13016,Hulshout,Antwerpen,steenkesloop 5,steenkesloop 5,5,flanders
2696,2022,0,juvenile,13-10-2022_steenkesloop 5,ECA7478C-5118-4264-AEC9-BEA600FCCF86,13016,Hulshout,Antwerpen,steenkesloop 5,steenkesloop 5,5,flanders
2697,2022,0,larvae,13-10-2022_steenkesloop 5,ECA7478C-5118-4264-AEC9-BEA600FCCF86,13016,Hulshout,Antwerpen,steenkesloop 5,steenkesloop 5,5,flanders
2698,2022,0,adult,13-10-2022_steenkesloop 6,0C4240E4-2E14-4631-9259-20492CB3FD01,13016,Hulshout,Antwerpen,steenkesloop 6,steenkesloop 6,2,flanders
2699,2022,0,juvenile,13-10-2022_steenkesloop 6,0C4240E4-2E14-4631-9259-20492CB3FD01,13016,Hulshout,Antwerpen,steenkesloop 6,steenkesloop 6,2,flanders
2700,2022,0,larvae,13-10-2022_steenkesloop 6,0C4240E4-2E14-4631-9259-20492CB3FD01,13016,Hulshout,Antwerpen,steenkesloop 6,steenkesloop 6,2,flanders
2701,2013,0,adult,14-05-2013_arendonk 2,fbb3baeb-c846-444c-926e-02445e328b78,13001,Arendonk,Antwerpen,NA,NA,5,flanders
2702,2013,0,juvenile,14-05-2013_arendonk 2,fbb3baeb-c846-444c-926e-02445e328b78,13001,Arendonk,Antwerpen,NA,NA,5,flanders
2703,2013,1257,larvae,14-05-2013_arendonk 2,fbb3baeb-c846-444c-926e-02445e328b78,13001,Arendonk,Antwerpen,NA,NA,5,flanders
2704,2014,0,adult,14-05-2014_arendonk 2,fbb3baeb-c846-444c-926e-02445e328b78,13001,Arendonk,Antwerpen,NA,NA,4,flanders
2705,2014,1,juvenile,14-05-2014_arendonk 2,fbb3baeb-c846-444c-926e-02445e328b78,13001,Arendonk,Antwerpen,NA,NA,4,flanders
2706,2014,1642,larvae,14-05-2014_arendonk 2,fbb3baeb-c846-444c-926e-02445e328b78,13001,Arendonk,Antwerpen,NA,NA,4,flanders
2707,2014,0,adult,14-05-2014_bospoel,bf074168-c09d-40a9-b321-59ce253aa461,13014,Hoogstraten,Antwerpen,NA,NA,2,flanders
2708,2014,0,juvenile,14-05-2014_bospoel,bf074168-c09d-40a9-b321-59ce253aa461,13014,Hoogstraten,Antwerpen,NA,NA,2,flanders
2709,2014,16,larvae,14-05-2014_bospoel,bf074168-c09d-40a9-b321-59ce253aa461,13014,Hoogstraten,Antwerpen,NA,NA,2,flanders
2710,2014,0,adult,14-05-2014_driehoek,48fb261c-3f3a-4a95-9103-1e6822dae999,13014,Hoogstraten,Antwerpen,NA,NA,2,flanders
2711,2014,0,juvenile,14-05-2014_driehoek,48fb261c-3f3a-4a95-9103-1e6822dae999,13014,Hoogstraten,Antwerpen,NA,NA,2,flanders
2712,2014,896,larvae,14-05-2014_driehoek,48fb261c-3f3a-4a95-9103-1e6822dae999,13014,Hoogstraten,Antwerpen,NA,NA,2,flanders
2713,2014,0,adult,14-05-2014_kasterlee 7,d47894eb-3a0b-4dc1-8804-627d397aa280,13017,Kasterlee,Antwerpen,NA,NA,4,flanders
2714,2014,0,juvenile,14-05-2014_kasterlee 7,d47894eb-3a0b-4dc1-8804-627d397aa280,13017,Kasterlee,Antwerpen,NA,NA,4,flanders
2715,2014,24,larvae,14-05-2014_kasterlee 7,d47894eb-3a0b-4dc1-8804-627d397aa280,13017,Kasterlee,Antwerpen,NA,NA,4,flanders
2716,2020,0,adult,14-05-2020_nijlen b10,554e3c11-e529-4b0b-a162-714c72d3547e,12026,Nijlen,Antwerpen,nijlen b10,nijlen b10,4,flanders
2717,2020,0,juvenile,14-05-2020_nijlen b10,554e3c11-e529-4b0b-a162-714c72d3547e,12026,Nijlen,Antwerpen,nijlen b10,nijlen b10,4,flanders
2718,2020,63,larvae,14-05-2020_nijlen b10,554e3c11-e529-4b0b-a162-714c72d3547e,12026,Nijlen,Antwerpen,nijlen b10,nijlen b10,4,flanders
2719,2020,0,adult,14-05-2020_nijlen b11,602c47a6-7c4a-46b9-b481-921731880571,12026,Nijlen,Antwerpen,nijlen b11,nijlen b11,3,flanders
2720,2020,0,juvenile,14-05-2020_nijlen b11,602c47a6-7c4a-46b9-b481-921731880571,12026,Nijlen,Antwerpen,nijlen b11,nijlen b11,3,flanders
2721,2020,80,larvae,14-05-2020_nijlen b11,602c47a6-7c4a-46b9-b481-921731880571,12026,Nijlen,Antwerpen,nijlen b11,nijlen b11,3,flanders
2722,2021,0,adult,14-05-2021_arendonk 2,fbb3baeb-c846-444c-926e-02445e328b78,13001,Arendonk,Antwerpen,arendonk 2,arendonk 2,10,flanders
2723,2021,0,juvenile,14-05-2021_arendonk 2,fbb3baeb-c846-444c-926e-02445e328b78,13001,Arendonk,Antwerpen,arendonk 2,arendonk 2,10,flanders
2724,2021,184,larvae,14-05-2021_arendonk 2,fbb3baeb-c846-444c-926e-02445e328b78,13001,Arendonk,Antwerpen,arendonk 2,arendonk 2,10,flanders
2725,2021,1,adult,14-05-2021_griesbroek 6,03dc3f07-506f-4c71-bbcd-ad24c177cab5,13003,Balen,Antwerpen,griesbroek 6,griesbroek 6,8,flanders
2726,2021,3,juvenile,14-05-2021_griesbroek 6,03dc3f07-506f-4c71-bbcd-ad24c177cab5,13003,Balen,Antwerpen,griesbroek 6,griesbroek 6,8,flanders
2727,2021,740,larvae,14-05-2021_griesbroek 6,03dc3f07-506f-4c71-bbcd-ad24c177cab5,13003,Balen,Antwerpen,griesbroek 6,griesbroek 6,8,flanders
2728,2021,0,adult,14-05-2021_nijlen b4,d8073f6b-6ef9-4124-b3ab-b9bdb4ab28dc,12026,Nijlen,Antwerpen,nijlen b4,nijlen b4,3,flanders
2729,2021,0,juvenile,14-05-2021_nijlen b4,d8073f6b-6ef9-4124-b3ab-b9bdb4ab28dc,12026,Nijlen,Antwerpen,nijlen b4,nijlen b4,3,flanders
2730,2021,0,larvae,14-05-2021_nijlen b4,d8073f6b-6ef9-4124-b3ab-b9bdb4ab28dc,12026,Nijlen,Antwerpen,nijlen b4,nijlen b4,3,flanders
2731,2021,0,adult,14-05-2021_nijlen b5,02d79285-1ed2-44b9-84d5-96cd0b55f479,12026,Nijlen,Antwerpen,nijlen b5,nijlen b5,3,flanders
2732,2021,1,juvenile,14-05-2021_nijlen b5,02d79285-1ed2-44b9-84d5-96cd0b55f479,12026,Nijlen,Antwerpen,nijlen b5,nijlen b5,3,flanders
2733,2021,0,larvae,14-05-2021_nijlen b5,02d79285-1ed2-44b9-84d5-96cd0b55f479,12026,Nijlen,Antwerpen,nijlen b5,nijlen b5,3,flanders
2734,2022,12,adult,14-05-2022_griesbroek 6,03dc3f07-506f-4c71-bbcd-ad24c177cab5,13003,Balen,Antwerpen,griesbroek 6,griesbroek 6,20,flanders
2735,2022,3,juvenile,14-05-2022_griesbroek 6,03dc3f07-506f-4c71-bbcd-ad24c177cab5,13003,Balen,Antwerpen,griesbroek 6,griesbroek 6,20,flanders
2736,2022,1071,larvae,14-05-2022_griesbroek 6,03dc3f07-506f-4c71-bbcd-ad24c177cab5,13003,Balen,Antwerpen,griesbroek 6,griesbroek 6,20,flanders
2737,2022,0,adult,14-05-2022_nijlen l9,f5fae4b8-8b29-46d6-9d83-8dcf2a965cb8,12021,Lier,Antwerpen,nijlen l9,nijlen l9,10,flanders
2738,2022,0,juvenile,14-05-2022_nijlen l9,f5fae4b8-8b29-46d6-9d83-8dcf2a965cb8,12021,Lier,Antwerpen,nijlen l9,nijlen l9,10,flanders
2739,2022,0,larvae,14-05-2022_nijlen l9,f5fae4b8-8b29-46d6-9d83-8dcf2a965cb8,12021,Lier,Antwerpen,nijlen l9,nijlen l9,10,flanders
2740,2024,12,adult,14-05-2024_griesbroek 6,03dc3f07-506f-4c71-bbcd-ad24c177cab5,13003,Balen,Antwerpen,griesbroek 6,griesbroek 6,19,flanders
2741,2024,0,juvenile,14-05-2024_griesbroek 6,03dc3f07-506f-4c71-bbcd-ad24c177cab5,13003,Balen,Antwerpen,griesbroek 6,griesbroek 6,19,flanders
2742,2024,5,larvae,14-05-2024_griesbroek 6,03dc3f07-506f-4c71-bbcd-ad24c177cab5,13003,Balen,Antwerpen,griesbroek 6,griesbroek 6,19,flanders
2743,2024,8,adult,14-05-2024_scheps 20,03167d3d-4f00-42b8-b8be-fbe739205a3c,13003,Balen,Antwerpen,scheps 20,scheps 20,19,flanders
2744,2024,0,juvenile,14-05-2024_scheps 20,03167d3d-4f00-42b8-b8be-fbe739205a3c,13003,Balen,Antwerpen,scheps 20,scheps 20,19,flanders
2745,2024,3,larvae,14-05-2024_scheps 20,03167d3d-4f00-42b8-b8be-fbe739205a3c,13003,Balen,Antwerpen,scheps 20,scheps 20,19,flanders
2746,2024,1,adult,14-05-2024_scheps 35,C40A62BC-753E-4B8E-A09E-101C73DE9BD0,13021,Meerhout,Antwerpen,scheps 35,scheps 35,10,flanders
2747,2024,0,juvenile,14-05-2024_scheps 35,C40A62BC-753E-4B8E-A09E-101C73DE9BD0,13021,Meerhout,Antwerpen,scheps 35,scheps 35,10,flanders
2748,2024,2039,larvae,14-05-2024_scheps 35,C40A62BC-753E-4B8E-A09E-101C73DE9BD0,13021,Meerhout,Antwerpen,scheps 35,scheps 35,10,flanders
2749,2024,0,adult,14-05-2024_scheps 7,009d325e-8c76-4049-bc69-31f6163e254e,13003,Balen,Antwerpen,scheps 7,scheps 7,7,flanders
2750,2024,0,juvenile,14-05-2024_scheps 7,009d325e-8c76-4049-bc69-31f6163e254e,13003,Balen,Antwerpen,scheps 7,scheps 7,7,flanders
2751,2024,6,larvae,14-05-2024_scheps 7,009d325e-8c76-4049-bc69-31f6163e254e,13003,Balen,Antwerpen,scheps 7,scheps 7,7,flanders
2752,2025,7,adult,14-05-2025_griesbroek 6,03dc3f07-506f-4c71-bbcd-ad24c177cab5,13003,Balen,Antwerpen,griesbroek 6,griesbroek 6,14,flanders
2753,2025,2,juvenile,14-05-2025_griesbroek 6,03dc3f07-506f-4c71-bbcd-ad24c177cab5,13003,Balen,Antwerpen,griesbroek 6,griesbroek 6,14,flanders
2754,2025,96,larvae,14-05-2025_griesbroek 6,03dc3f07-506f-4c71-bbcd-ad24c177cab5,13003,Balen,Antwerpen,griesbroek 6,griesbroek 6,14,flanders
2755,2025,1,adult,14-05-2025_scheps 34,1095ed65-0f2b-45bf-8cc7-47537a7b1f00,13003,Balen,Antwerpen,scheps 34,scheps 34,5,flanders
2756,2025,0,juvenile,14-05-2025_scheps 34,1095ed65-0f2b-45bf-8cc7-47537a7b1f00,13003,Balen,Antwerpen,scheps 34,scheps 34,5,flanders
2757,2025,2,larvae,14-05-2025_scheps 34,1095ed65-0f2b-45bf-8cc7-47537a7b1f00,13003,Balen,Antwerpen,scheps 34,scheps 34,5,flanders
2758,2025,2,adult,14-05-2025_scheps 35,C40A62BC-753E-4B8E-A09E-101C73DE9BD0,13021,Meerhout,Antwerpen,scheps 35,scheps 35,8,flanders
2759,2025,0,juvenile,14-05-2025_scheps 35,C40A62BC-753E-4B8E-A09E-101C73DE9BD0,13021,Meerhout,Antwerpen,scheps 35,scheps 35,8,flanders
2760,2025,784,larvae,14-05-2025_scheps 35,C40A62BC-753E-4B8E-A09E-101C73DE9BD0,13021,Meerhout,Antwerpen,scheps 35,scheps 35,8,flanders
2761,2025,0,adult,14-05-2025_scheps 7,009d325e-8c76-4049-bc69-31f6163e254e,13003,Balen,Antwerpen,scheps 7,scheps 7,13,flanders
2762,2025,0,juvenile,14-05-2025_scheps 7,009d325e-8c76-4049-bc69-31f6163e254e,13003,Balen,Antwerpen,scheps 7,scheps 7,13,flanders
2763,2025,2,larvae,14-05-2025_scheps 7,009d325e-8c76-4049-bc69-31f6163e254e,13003,Balen,Antwerpen,scheps 7,scheps 7,13,flanders
2764,2010,0,adult,14-06-2010_bospoel,bf074168-c09d-40a9-b321-59ce253aa461,13014,Hoogstraten,Antwerpen,NA,NA,1,flanders
2765,2010,1,juvenile,14-06-2010_bospoel,bf074168-c09d-40a9-b321-59ce253aa461,13014,Hoogstraten,Antwerpen,NA,NA,1,flanders
2766,2010,0,larvae,14-06-2010_bospoel,bf074168-c09d-40a9-b321-59ce253aa461,13014,Hoogstraten,Antwerpen,NA,NA,1,flanders
2767,2011,0,adult,14-06-2011_bospoel,bf074168-c09d-40a9-b321-59ce253aa461,13014,Hoogstraten,Antwerpen,NA,NA,4,flanders
2768,2011,1,juvenile,14-06-2011_bospoel,bf074168-c09d-40a9-b321-59ce253aa461,13014,Hoogstraten,Antwerpen,NA,NA,4,flanders
2769,2011,21,larvae,14-06-2011_bospoel,bf074168-c09d-40a9-b321-59ce253aa461,13014,Hoogstraten,Antwerpen,NA,NA,4,flanders
2770,2012,1,adult,14-06-2012_arendonk 2,fbb3baeb-c846-444c-926e-02445e328b78,13001,Arendonk,Antwerpen,NA,NA,6,flanders
2771,2012,0,juvenile,14-06-2012_arendonk 2,fbb3baeb-c846-444c-926e-02445e328b78,13001,Arendonk,Antwerpen,NA,NA,6,flanders
2772,2012,314,larvae,14-06-2012_arendonk 2,fbb3baeb-c846-444c-926e-02445e328b78,13001,Arendonk,Antwerpen,NA,NA,6,flanders
2773,2013,1,adult,14-06-2013_arendonk 2,fbb3baeb-c846-444c-926e-02445e328b78,13001,Arendonk,Antwerpen,NA,NA,5,flanders
2774,2013,0,juvenile,14-06-2013_arendonk 2,fbb3baeb-c846-444c-926e-02445e328b78,13001,Arendonk,Antwerpen,NA,NA,5,flanders
2775,2013,227,larvae,14-06-2013_arendonk 2,fbb3baeb-c846-444c-926e-02445e328b78,13001,Arendonk,Antwerpen,NA,NA,5,flanders
2776,2022,0,adult,14-06-2022_ham 1,E7E0783B-191D-4BDA-B435-D49C9AE5E857,71069,Ham,Limburg,ham 1,ham 1,6,flanders
2777,2022,0,juvenile,14-06-2022_ham 1,E7E0783B-191D-4BDA-B435-D49C9AE5E857,71069,Ham,Limburg,ham 1,ham 1,6,flanders
2778,2022,0,larvae,14-06-2022_ham 1,E7E0783B-191D-4BDA-B435-D49C9AE5E857,71069,Ham,Limburg,ham 1,ham 1,6,flanders
2779,2022,5,adult,14-06-2022_laakdal 39,E9E4CE1C-43A6-4817-96EB-873765AA5598,13053,Laakdal,Antwerpen,laakdal 39,laakdal 39,21,flanders
2780,2022,2,juvenile,14-06-2022_laakdal 39,E9E4CE1C-43A6-4817-96EB-873765AA5598,13053,Laakdal,Antwerpen,laakdal 39,laakdal 39,21,flanders
2781,2022,164,larvae,14-06-2022_laakdal 39,E9E4CE1C-43A6-4817-96EB-873765AA5598,13053,Laakdal,Antwerpen,laakdal 39,laakdal 39,21,flanders
2782,2022,5,adult,14-06-2022_laakdal 41,3FF122FA-A234-4A59-B023-BF7A15813990,13053,Laakdal,Antwerpen,laakdal 41,laakdal 41,18,flanders
2783,2022,17,juvenile,14-06-2022_laakdal 41,3FF122FA-A234-4A59-B023-BF7A15813990,13053,Laakdal,Antwerpen,laakdal 41,laakdal 41,18,flanders
2784,2022,1310,larvae,14-06-2022_laakdal 41,3FF122FA-A234-4A59-B023-BF7A15813990,13053,Laakdal,Antwerpen,laakdal 41,laakdal 41,18,flanders
2785,2022,0,adult,14-06-2022_laakdal 43,80212004-2568-4EFB-B97B-75F8EC16F9C1,13053,Laakdal,Antwerpen,laakdal 43,laakdal 43,10,flanders
2786,2022,0,juvenile,14-06-2022_laakdal 43,80212004-2568-4EFB-B97B-75F8EC16F9C1,13053,Laakdal,Antwerpen,laakdal 43,laakdal 43,10,flanders
2787,2022,276,larvae,14-06-2022_laakdal 43,80212004-2568-4EFB-B97B-75F8EC16F9C1,13053,Laakdal,Antwerpen,laakdal 43,laakdal 43,10,flanders
2788,2023,0,adult,14-06-2023_laakdal 30b,92777d67-9553-48cc-b78e-2f8325715769,13053,Laakdal,Antwerpen,laakdal 30b,laakdal 30b,2,flanders
2789,2023,0,juvenile,14-06-2023_laakdal 30b,92777d67-9553-48cc-b78e-2f8325715769,13053,Laakdal,Antwerpen,laakdal 30b,laakdal 30b,2,flanders
2790,2023,0,larvae,14-06-2023_laakdal 30b,92777d67-9553-48cc-b78e-2f8325715769,13053,Laakdal,Antwerpen,laakdal 30b,laakdal 30b,2,flanders
2791,2023,0,adult,14-06-2023_laakdal 30c,e8165c62-451a-4d96-882f-468098023cc4,13053,Laakdal,Antwerpen,laakdal 30c,laakdal 30c,4,flanders
2792,2023,0,juvenile,14-06-2023_laakdal 30c,e8165c62-451a-4d96-882f-468098023cc4,13053,Laakdal,Antwerpen,laakdal 30c,laakdal 30c,4,flanders
2793,2023,22,larvae,14-06-2023_laakdal 30c,e8165c62-451a-4d96-882f-468098023cc4,13053,Laakdal,Antwerpen,laakdal 30c,laakdal 30c,4,flanders
2794,2023,1,adult,14-06-2023_laakdal 41,3FF122FA-A234-4A59-B023-BF7A15813990,13053,Laakdal,Antwerpen,laakdal 41,laakdal 41,20,flanders
2795,2023,2,juvenile,14-06-2023_laakdal 41,3FF122FA-A234-4A59-B023-BF7A15813990,13053,Laakdal,Antwerpen,laakdal 41,laakdal 41,20,flanders
2796,2023,1426,larvae,14-06-2023_laakdal 41,3FF122FA-A234-4A59-B023-BF7A15813990,13053,Laakdal,Antwerpen,laakdal 41,laakdal 41,20,flanders
2797,2023,0,adult,14-06-2023_laakdal 43,80212004-2568-4EFB-B97B-75F8EC16F9C1,13053,Laakdal,Antwerpen,laakdal 43,laakdal 43,21,flanders
2798,2023,0,juvenile,14-06-2023_laakdal 43,80212004-2568-4EFB-B97B-75F8EC16F9C1,13053,Laakdal,Antwerpen,laakdal 43,laakdal 43,21,flanders
2799,2023,12,larvae,14-06-2023_laakdal 43,80212004-2568-4EFB-B97B-75F8EC16F9C1,13053,Laakdal,Antwerpen,laakdal 43,laakdal 43,21,flanders
2800,2024,0,adult,14-06-2024_arendonk 2,fbb3baeb-c846-444c-926e-02445e328b78,13001,Arendonk,Antwerpen,arendonk 2,arendonk 2,20,flanders
2801,2024,0,juvenile,14-06-2024_arendonk 2,fbb3baeb-c846-444c-926e-02445e328b78,13001,Arendonk,Antwerpen,arendonk 2,arendonk 2,20,flanders
2802,2024,0,larvae,14-06-2024_arendonk 2,fbb3baeb-c846-444c-926e-02445e328b78,13001,Arendonk,Antwerpen,arendonk 2,arendonk 2,20,flanders
2803,2024,2,adult,14-06-2024_laakdal 27,8ba96a81-af07-4f86-a068-2ec52caf6a2f,13053,Laakdal,Antwerpen,laakdal 27,laakdal 27,27,flanders
2804,2024,0,juvenile,14-06-2024_laakdal 27,8ba96a81-af07-4f86-a068-2ec52caf6a2f,13053,Laakdal,Antwerpen,laakdal 27,laakdal 27,27,flanders
2805,2024,0,larvae,14-06-2024_laakdal 27,8ba96a81-af07-4f86-a068-2ec52caf6a2f,13053,Laakdal,Antwerpen,laakdal 27,laakdal 27,27,flanders
2806,2024,1,adult,14-06-2024_laakdal 5,62abe301-066c-4fa9-a54d-14e8b8882923,13053,Laakdal,Antwerpen,laakdal 5,laakdal 5,22,flanders
2807,2024,9,juvenile,14-06-2024_laakdal 5,62abe301-066c-4fa9-a54d-14e8b8882923,13053,Laakdal,Antwerpen,laakdal 5,laakdal 5,22,flanders
2808,2024,1193,larvae,14-06-2024_laakdal 5,62abe301-066c-4fa9-a54d-14e8b8882923,13053,Laakdal,Antwerpen,laakdal 5,laakdal 5,22,flanders
2809,2010,0,adult,14-07-2010_driehoek,48fb261c-3f3a-4a95-9103-1e6822dae999,13014,Hoogstraten,Antwerpen,NA,NA,3,flanders
2810,2010,8,juvenile,14-07-2010_driehoek,48fb261c-3f3a-4a95-9103-1e6822dae999,13014,Hoogstraten,Antwerpen,NA,NA,3,flanders
2811,2010,285,larvae,14-07-2010_driehoek,48fb261c-3f3a-4a95-9103-1e6822dae999,13014,Hoogstraten,Antwerpen,NA,NA,3,flanders
2812,2017,0,adult,14-07-2017_arendonk 3,60e6e43e-6855-4917-a336-9ac46d087fad,13001,Arendonk,Antwerpen,NA,NA,8,flanders
2813,2017,0,juvenile,14-07-2017_arendonk 3,60e6e43e-6855-4917-a336-9ac46d087fad,13001,Arendonk,Antwerpen,NA,NA,8,flanders
2814,2017,58,larvae,14-07-2017_arendonk 3,60e6e43e-6855-4917-a336-9ac46d087fad,13001,Arendonk,Antwerpen,NA,NA,8,flanders
2815,2020,0,adult,14-07-2020_arendonk 1,91a8e2bb-b682-4c53-b213-7494198b12ce,13001,Arendonk,Antwerpen,arendonk 1,arendonk 1,2,flanders
2816,2020,0,juvenile,14-07-2020_arendonk 1,91a8e2bb-b682-4c53-b213-7494198b12ce,13001,Arendonk,Antwerpen,arendonk 1,arendonk 1,2,flanders
2817,2020,0,larvae,14-07-2020_arendonk 1,91a8e2bb-b682-4c53-b213-7494198b12ce,13001,Arendonk,Antwerpen,arendonk 1,arendonk 1,2,flanders
2818,2020,0,adult,14-07-2020_arendonk 2,fbb3baeb-c846-444c-926e-02445e328b78,13001,Arendonk,Antwerpen,arendonk 2,arendonk 2,2,flanders
2819,2020,0,juvenile,14-07-2020_arendonk 2,fbb3baeb-c846-444c-926e-02445e328b78,13001,Arendonk,Antwerpen,arendonk 2,arendonk 2,2,flanders
2820,2020,0,larvae,14-07-2020_arendonk 2,fbb3baeb-c846-444c-926e-02445e328b78,13001,Arendonk,Antwerpen,arendonk 2,arendonk 2,2,flanders
2821,2020,0,adult,14-07-2020_arendonk 2b,6512a7da-95ea-46ef-a040-cc6b08da02be,13001,Arendonk,Antwerpen,arendonk 2b,arendonk 2b,1,flanders
2822,2020,0,juvenile,14-07-2020_arendonk 2b,6512a7da-95ea-46ef-a040-cc6b08da02be,13001,Arendonk,Antwerpen,arendonk 2b,arendonk 2b,1,flanders
2823,2020,0,larvae,14-07-2020_arendonk 2b,6512a7da-95ea-46ef-a040-cc6b08da02be,13001,Arendonk,Antwerpen,arendonk 2b,arendonk 2b,1,flanders
2824,2020,0,adult,14-07-2020_arendonk 3,3F49AB70-7443-4002-8599-FA8F7F38616B,13001,Arendonk,Antwerpen,arendonk 3,arendonk 3,2,flanders
2825,2020,0,juvenile,14-07-2020_arendonk 3,3F49AB70-7443-4002-8599-FA8F7F38616B,13001,Arendonk,Antwerpen,arendonk 3,arendonk 3,2,flanders
2826,2020,0,larvae,14-07-2020_arendonk 3,3F49AB70-7443-4002-8599-FA8F7F38616B,13001,Arendonk,Antwerpen,arendonk 3,arendonk 3,2,flanders
2827,2020,0,adult,14-07-2020_arendonk 4,a7a15699-ae79-44ec-9f82-08ee0158e31d,13001,Arendonk,Antwerpen,arendonk 4,arendonk 4,1,flanders
2828,2020,0,juvenile,14-07-2020_arendonk 4,a7a15699-ae79-44ec-9f82-08ee0158e31d,13001,Arendonk,Antwerpen,arendonk 4,arendonk 4,1,flanders
2829,2020,0,larvae,14-07-2020_arendonk 4,a7a15699-ae79-44ec-9f82-08ee0158e31d,13001,Arendonk,Antwerpen,arendonk 4,arendonk 4,1,flanders
2830,2020,0,adult,14-07-2020_arendonk-visput,565a4567-d1be-4176-8109-a1b0f0196304,13001,Arendonk,Antwerpen,arendonk-visput,arendonk-visput,2,flanders
2831,2020,0,juvenile,14-07-2020_arendonk-visput,565a4567-d1be-4176-8109-a1b0f0196304,13001,Arendonk,Antwerpen,arendonk-visput,arendonk-visput,2,flanders
2832,2020,0,larvae,14-07-2020_arendonk-visput,565a4567-d1be-4176-8109-a1b0f0196304,13001,Arendonk,Antwerpen,arendonk-visput,arendonk-visput,2,flanders
2833,2020,0,adult,14-07-2020_bospoel,bf074168-c09d-40a9-b321-59ce253aa461,13014,Hoogstraten,Antwerpen,bospoel,bospoel,1,flanders
2834,2020,0,juvenile,14-07-2020_bospoel,bf074168-c09d-40a9-b321-59ce253aa461,13014,Hoogstraten,Antwerpen,bospoel,bospoel,1,flanders
2835,2020,0,larvae,14-07-2020_bospoel,bf074168-c09d-40a9-b321-59ce253aa461,13014,Hoogstraten,Antwerpen,bospoel,bospoel,1,flanders
2836,2020,0,adult,14-07-2020_driehoek,48fb261c-3f3a-4a95-9103-1e6822dae999,13014,Hoogstraten,Antwerpen,driehoek,driehoek,1,flanders
2837,2020,0,juvenile,14-07-2020_driehoek,48fb261c-3f3a-4a95-9103-1e6822dae999,13014,Hoogstraten,Antwerpen,driehoek,driehoek,1,flanders
2838,2020,0,larvae,14-07-2020_driehoek,48fb261c-3f3a-4a95-9103-1e6822dae999,13014,Hoogstraten,Antwerpen,driehoek,driehoek,1,flanders
2839,2020,0,adult,14-07-2020_laakdal 2,4b68612a-d69c-485b-b2ec-630445ffcc76,13053,Laakdal,Antwerpen,laakdal 2,laakdal 2,4,flanders
2840,2020,0,juvenile,14-07-2020_laakdal 2,4b68612a-d69c-485b-b2ec-630445ffcc76,13053,Laakdal,Antwerpen,laakdal 2,laakdal 2,4,flanders
2841,2020,0,larvae,14-07-2020_laakdal 2,4b68612a-d69c-485b-b2ec-630445ffcc76,13053,Laakdal,Antwerpen,laakdal 2,laakdal 2,4,flanders
2842,2020,0,adult,14-07-2020_laakdal 31,b72872c7-abb2-4f88-b271-0e0fb21576ff,13053,Laakdal,Antwerpen,laakdal 31,laakdal 31,2,flanders
2843,2020,0,juvenile,14-07-2020_laakdal 31,b72872c7-abb2-4f88-b271-0e0fb21576ff,13053,Laakdal,Antwerpen,laakdal 31,laakdal 31,2,flanders
2844,2020,0,larvae,14-07-2020_laakdal 31,b72872c7-abb2-4f88-b271-0e0fb21576ff,13053,Laakdal,Antwerpen,laakdal 31,laakdal 31,2,flanders
2845,2020,0,adult,14-07-2020_laakdal 6,e02a0538-0a5c-4bf6-9af8-8bea79186857,13053,Laakdal,Antwerpen,laakdal 6,laakdal 6,1,flanders
2846,2020,4,juvenile,14-07-2020_laakdal 6,e02a0538-0a5c-4bf6-9af8-8bea79186857,13053,Laakdal,Antwerpen,laakdal 6,laakdal 6,1,flanders
2847,2020,0,larvae,14-07-2020_laakdal 6,e02a0538-0a5c-4bf6-9af8-8bea79186857,13053,Laakdal,Antwerpen,laakdal 6,laakdal 6,1,flanders
2848,2020,0,adult,14-07-2020_laakdal 8,09ca8425-c95b-4917-b164-156dd49df60c,13053,Laakdal,Antwerpen,laakdal 8,laakdal 8,2,flanders
2849,2020,0,juvenile,14-07-2020_laakdal 8,09ca8425-c95b-4917-b164-156dd49df60c,13053,Laakdal,Antwerpen,laakdal 8,laakdal 8,2,flanders
2850,2020,0,larvae,14-07-2020_laakdal 8,09ca8425-c95b-4917-b164-156dd49df60c,13053,Laakdal,Antwerpen,laakdal 8,laakdal 8,2,flanders
2851,2020,0,adult,14-07-2020_natuurpuntpoel,95cb7221-19b1-4961-8438-46ee438558bf,13014,Hoogstraten,Antwerpen,natuurpuntpoel,natuurpuntpoel,1,flanders
2852,2020,0,juvenile,14-07-2020_natuurpuntpoel,95cb7221-19b1-4961-8438-46ee438558bf,13014,Hoogstraten,Antwerpen,natuurpuntpoel,natuurpuntpoel,1,flanders
2853,2020,0,larvae,14-07-2020_natuurpuntpoel,95cb7221-19b1-4961-8438-46ee438558bf,13014,Hoogstraten,Antwerpen,natuurpuntpoel,natuurpuntpoel,1,flanders
2854,2020,0,adult,14-07-2020_rechthoekigevijver 1,af2ebe57-4936-494d-b42d-7cecc1d83ea5,13014,Hoogstraten,Antwerpen,rechthoekigevijver 1,rechthoekigevijver 1,1,flanders
2855,2020,0,juvenile,14-07-2020_rechthoekigevijver 1,af2ebe57-4936-494d-b42d-7cecc1d83ea5,13014,Hoogstraten,Antwerpen,rechthoekigevijver 1,rechthoekigevijver 1,1,flanders
2856,2020,0,larvae,14-07-2020_rechthoekigevijver 1,af2ebe57-4936-494d-b42d-7cecc1d83ea5,13014,Hoogstraten,Antwerpen,rechthoekigevijver 1,rechthoekigevijver 1,1,flanders
2857,2020,0,adult,14-07-2020_rechthoekigevijver 2,03102e6c-df38-45e0-ae58-8ab899f68179,13014,Hoogstraten,Antwerpen,rechthoekigevijver 2,rechthoekigevijver 2,1,flanders
2858,2020,0,juvenile,14-07-2020_rechthoekigevijver 2,03102e6c-df38-45e0-ae58-8ab899f68179,13014,Hoogstraten,Antwerpen,rechthoekigevijver 2,rechthoekigevijver 2,1,flanders
2859,2020,0,larvae,14-07-2020_rechthoekigevijver 2,03102e6c-df38-45e0-ae58-8ab899f68179,13014,Hoogstraten,Antwerpen,rechthoekigevijver 2,rechthoekigevijver 2,1,flanders
2860,2021,1,adult,14-07-2021_laakdal 22b,59cb87e2-b337-409b-8925-d628f9e3b294,13053,Laakdal,Antwerpen,laakdal 22b,laakdal 22b,4,flanders
2861,2021,1,juvenile,14-07-2021_laakdal 22b,59cb87e2-b337-409b-8925-d628f9e3b294,13053,Laakdal,Antwerpen,laakdal 22b,laakdal 22b,4,flanders
2862,2021,0,larvae,14-07-2021_laakdal 22b,59cb87e2-b337-409b-8925-d628f9e3b294,13053,Laakdal,Antwerpen,laakdal 22b,laakdal 22b,4,flanders
2863,2021,2,adult,14-07-2021_laakdal 39,E9E4CE1C-43A6-4817-96EB-873765AA5598,13053,Laakdal,Antwerpen,laakdal 39,laakdal 39,4,flanders
2864,2021,3,juvenile,14-07-2021_laakdal 39,E9E4CE1C-43A6-4817-96EB-873765AA5598,13053,Laakdal,Antwerpen,laakdal 39,laakdal 39,4,flanders
2865,2021,0,larvae,14-07-2021_laakdal 39,E9E4CE1C-43A6-4817-96EB-873765AA5598,13053,Laakdal,Antwerpen,laakdal 39,laakdal 39,4,flanders
2866,2021,4,adult,14-07-2021_molse nete 25,CCB25757-251A-496E-BE76-0FCEBCCE248E,13003,Balen,Antwerpen,molse nete 25,molse nete 25,10,flanders
2867,2021,11,juvenile,14-07-2021_molse nete 25,CCB25757-251A-496E-BE76-0FCEBCCE248E,13003,Balen,Antwerpen,molse nete 25,molse nete 25,10,flanders
2868,2021,254,larvae,14-07-2021_molse nete 25,CCB25757-251A-496E-BE76-0FCEBCCE248E,13003,Balen,Antwerpen,molse nete 25,molse nete 25,10,flanders
2869,2021,0,adult,14-07-2021_nijlen g2,a484323f-4a55-4cf1-affb-6b5870f769db,12021,Lier,Antwerpen,nijlen g2,nijlen g2,6,flanders
2870,2021,0,juvenile,14-07-2021_nijlen g2,a484323f-4a55-4cf1-affb-6b5870f769db,12021,Lier,Antwerpen,nijlen g2,nijlen g2,6,flanders
2871,2021,0,larvae,14-07-2021_nijlen g2,a484323f-4a55-4cf1-affb-6b5870f769db,12021,Lier,Antwerpen,nijlen g2,nijlen g2,6,flanders
2872,2021,2,adult,14-07-2021_scheps 20,03167d3d-4f00-42b8-b8be-fbe739205a3c,13003,Balen,Antwerpen,scheps 20,scheps 20,5,flanders
2873,2021,0,juvenile,14-07-2021_scheps 20,03167d3d-4f00-42b8-b8be-fbe739205a3c,13003,Balen,Antwerpen,scheps 20,scheps 20,5,flanders
2874,2021,580,larvae,14-07-2021_scheps 20,03167d3d-4f00-42b8-b8be-fbe739205a3c,13003,Balen,Antwerpen,scheps 20,scheps 20,5,flanders
2875,2022,1,adult,14-07-2022_scheps 38,06E7D771-6B28-4F7B-A26F-7AC3A8C7A4DE,13021,Meerhout,Antwerpen,scheps 38,scheps 38,5,flanders
2876,2022,0,juvenile,14-07-2022_scheps 38,06E7D771-6B28-4F7B-A26F-7AC3A8C7A4DE,13021,Meerhout,Antwerpen,scheps 38,scheps 38,5,flanders
2877,2022,0,larvae,14-07-2022_scheps 38,06E7D771-6B28-4F7B-A26F-7AC3A8C7A4DE,13021,Meerhout,Antwerpen,scheps 38,scheps 38,5,flanders
2878,2022,3,adult,14-07-2022_scheps 40,F839D846-F59A-4D49-AE3A-724B06CE89E4,13003,Balen,Antwerpen,scheps 40,scheps 40,19,flanders
2879,2022,73,juvenile,14-07-2022_scheps 40,F839D846-F59A-4D49-AE3A-724B06CE89E4,13003,Balen,Antwerpen,scheps 40,scheps 40,19,flanders
2880,2022,110,larvae,14-07-2022_scheps 40,F839D846-F59A-4D49-AE3A-724B06CE89E4,13003,Balen,Antwerpen,scheps 40,scheps 40,19,flanders
2881,2023,0,adult,14-07-2023_molse nete 23,025AB23B-DF57-46C0-84C4-D351208209B3,13003,Balen,Antwerpen,molse nete 23,molse nete 23,4,flanders
2882,2023,2,juvenile,14-07-2023_molse nete 23,025AB23B-DF57-46C0-84C4-D351208209B3,13003,Balen,Antwerpen,molse nete 23,molse nete 23,4,flanders
2883,2023,0,larvae,14-07-2023_molse nete 23,025AB23B-DF57-46C0-84C4-D351208209B3,13003,Balen,Antwerpen,molse nete 23,molse nete 23,4,flanders
2884,2023,0,adult,14-07-2023_molse nete 24,667B05B6-3402-42C6-9DA3-60DA57D7751A,13003,Balen,Antwerpen,molse nete 24,molse nete 24,4,flanders
2885,2023,6,juvenile,14-07-2023_molse nete 24,667B05B6-3402-42C6-9DA3-60DA57D7751A,13003,Balen,Antwerpen,molse nete 24,molse nete 24,4,flanders
2886,2023,0,larvae,14-07-2023_molse nete 24,667B05B6-3402-42C6-9DA3-60DA57D7751A,13003,Balen,Antwerpen,molse nete 24,molse nete 24,4,flanders
2887,2023,0,adult,14-07-2023_molse nete 25,CCB25757-251A-496E-BE76-0FCEBCCE248E,13003,Balen,Antwerpen,molse nete 25,molse nete 25,5,flanders
2888,2023,15,juvenile,14-07-2023_molse nete 25,CCB25757-251A-496E-BE76-0FCEBCCE248E,13003,Balen,Antwerpen,molse nete 25,molse nete 25,5,flanders
2889,2023,67,larvae,14-07-2023_molse nete 25,CCB25757-251A-496E-BE76-0FCEBCCE248E,13003,Balen,Antwerpen,molse nete 25,molse nete 25,5,flanders
2890,2023,0,adult,14-07-2023_molse nete 27,13C21386-73BD-4394-BF8C-D621BB1AE140,13003,Balen,Antwerpen,molse nete 27,molse nete 27,21,flanders
2891,2023,22,juvenile,14-07-2023_molse nete 27,13C21386-73BD-4394-BF8C-D621BB1AE140,13003,Balen,Antwerpen,molse nete 27,molse nete 27,21,flanders
2892,2023,0,larvae,14-07-2023_molse nete 27,13C21386-73BD-4394-BF8C-D621BB1AE140,13003,Balen,Antwerpen,molse nete 27,molse nete 27,21,flanders
2893,2015,0,adult,14-08-2015_kasterlee 7,d47894eb-3a0b-4dc1-8804-627d397aa280,13017,Kasterlee,Antwerpen,NA,NA,6,flanders
2894,2015,7,juvenile,14-08-2015_kasterlee 7,d47894eb-3a0b-4dc1-8804-627d397aa280,13017,Kasterlee,Antwerpen,NA,NA,6,flanders
2895,2015,6,larvae,14-08-2015_kasterlee 7,d47894eb-3a0b-4dc1-8804-627d397aa280,13017,Kasterlee,Antwerpen,NA,NA,6,flanders
2896,2020,1,adult,14-08-2020_scheps 10,ff328547-af9c-4e6f-bbf1-5d2856b2da7b,13003,Balen,Antwerpen,scheps 10,scheps 10,2,flanders
2897,2020,0,juvenile,14-08-2020_scheps 10,ff328547-af9c-4e6f-bbf1-5d2856b2da7b,13003,Balen,Antwerpen,scheps 10,scheps 10,2,flanders
2898,2020,0,larvae,14-08-2020_scheps 10,ff328547-af9c-4e6f-bbf1-5d2856b2da7b,13003,Balen,Antwerpen,scheps 10,scheps 10,2,flanders
2899,2020,2,adult,14-08-2020_scheps 2,02b5890b-9ab4-49fa-9d47-4fd9f8d3c477,13003,Balen,Antwerpen,scheps 2,scheps 2,4,flanders
2900,2020,8,juvenile,14-08-2020_scheps 2,02b5890b-9ab4-49fa-9d47-4fd9f8d3c477,13003,Balen,Antwerpen,scheps 2,scheps 2,4,flanders
2901,2020,357,larvae,14-08-2020_scheps 2,02b5890b-9ab4-49fa-9d47-4fd9f8d3c477,13003,Balen,Antwerpen,scheps 2,scheps 2,4,flanders
2902,2022,1,adult,14-08-2022_laakdal 28,dee6de91-ec4a-4fe7-ad5b-f291ab15e737,13053,Laakdal,Antwerpen,laakdal 28,laakdal 28,4,flanders
2903,2022,0,juvenile,14-08-2022_laakdal 28,dee6de91-ec4a-4fe7-ad5b-f291ab15e737,13053,Laakdal,Antwerpen,laakdal 28,laakdal 28,4,flanders
2904,2022,0,larvae,14-08-2022_laakdal 28,dee6de91-ec4a-4fe7-ad5b-f291ab15e737,13053,Laakdal,Antwerpen,laakdal 28,laakdal 28,4,flanders
2905,2022,2,adult,14-08-2022_meerhout 13,8731AF96-CC5E-44B2-A8E8-AF9AC37F7E76,13008,Geel,Antwerpen,meerhout 13,meerhout 13,6,flanders
2906,2022,23,juvenile,14-08-2022_meerhout 13,8731AF96-CC5E-44B2-A8E8-AF9AC37F7E76,13008,Geel,Antwerpen,meerhout 13,meerhout 13,6,flanders
2907,2022,288,larvae,14-08-2022_meerhout 13,8731AF96-CC5E-44B2-A8E8-AF9AC37F7E76,13008,Geel,Antwerpen,meerhout 13,meerhout 13,6,flanders
2908,2024,0,adult,14-08-2024_laakdal 42,CFE5F760-038E-4AFA-A19C-F41167BA5C06,13053,Laakdal,Antwerpen,laakdal 42,laakdal 42,6,flanders
2909,2024,14,juvenile,14-08-2024_laakdal 42,CFE5F760-038E-4AFA-A19C-F41167BA5C06,13053,Laakdal,Antwerpen,laakdal 42,laakdal 42,6,flanders
2910,2024,939,larvae,14-08-2024_laakdal 42,CFE5F760-038E-4AFA-A19C-F41167BA5C06,13053,Laakdal,Antwerpen,laakdal 42,laakdal 42,6,flanders
2911,2024,3,adult,14-08-2024_laakdal 5,62abe301-066c-4fa9-a54d-14e8b8882923,13053,Laakdal,Antwerpen,laakdal 5,laakdal 5,9,flanders
2912,2024,14,juvenile,14-08-2024_laakdal 5,62abe301-066c-4fa9-a54d-14e8b8882923,13053,Laakdal,Antwerpen,laakdal 5,laakdal 5,9,flanders
2913,2024,492,larvae,14-08-2024_laakdal 5,62abe301-066c-4fa9-a54d-14e8b8882923,13053,Laakdal,Antwerpen,laakdal 5,laakdal 5,9,flanders
2914,2024,2,adult,14-08-2024_molse nete 34,C9CD45C3-D4B7-43B3-A539-282D76046F45,13003,Balen,Antwerpen,molse nete 34,molse nete 34,12,flanders
2915,2024,0,juvenile,14-08-2024_molse nete 34,C9CD45C3-D4B7-43B3-A539-282D76046F45,13003,Balen,Antwerpen,molse nete 34,molse nete 34,12,flanders
2916,2024,189,larvae,14-08-2024_molse nete 34,C9CD45C3-D4B7-43B3-A539-282D76046F45,13003,Balen,Antwerpen,molse nete 34,molse nete 34,12,flanders
2917,2024,4,adult,14-08-2024_scheps 35,C40A62BC-753E-4B8E-A09E-101C73DE9BD0,13021,Meerhout,Antwerpen,scheps 35,scheps 35,6,flanders
2918,2024,8,juvenile,14-08-2024_scheps 35,C40A62BC-753E-4B8E-A09E-101C73DE9BD0,13021,Meerhout,Antwerpen,scheps 35,scheps 35,6,flanders
2919,2024,2951,larvae,14-08-2024_scheps 35,C40A62BC-753E-4B8E-A09E-101C73DE9BD0,13021,Meerhout,Antwerpen,scheps 35,scheps 35,6,flanders
2920,2011,0,adult,14-09-2011_arendonk 1,91a8e2bb-b682-4c53-b213-7494198b12ce,13001,Arendonk,Antwerpen,NA,NA,3,flanders
2921,2011,2,juvenile,14-09-2011_arendonk 1,91a8e2bb-b682-4c53-b213-7494198b12ce,13001,Arendonk,Antwerpen,NA,NA,3,flanders
2922,2011,2,larvae,14-09-2011_arendonk 1,91a8e2bb-b682-4c53-b213-7494198b12ce,13001,Arendonk,Antwerpen,NA,NA,3,flanders
2923,2017,0,adult,14-09-2017_arendonk 2,fbb3baeb-c846-444c-926e-02445e328b78,13001,Arendonk,Antwerpen,NA,NA,3,flanders
2924,2017,0,juvenile,14-09-2017_arendonk 2,fbb3baeb-c846-444c-926e-02445e328b78,13001,Arendonk,Antwerpen,NA,NA,3,flanders
2925,2017,1387,larvae,14-09-2017_arendonk 2,fbb3baeb-c846-444c-926e-02445e328b78,13001,Arendonk,Antwerpen,NA,NA,3,flanders
2926,2017,0,adult,14-09-2017_arendonk 3,60e6e43e-6855-4917-a336-9ac46d087fad,13001,Arendonk,Antwerpen,NA,NA,2,flanders
2927,2017,0,juvenile,14-09-2017_arendonk 3,60e6e43e-6855-4917-a336-9ac46d087fad,13001,Arendonk,Antwerpen,NA,NA,2,flanders
2928,2017,67,larvae,14-09-2017_arendonk 3,60e6e43e-6855-4917-a336-9ac46d087fad,13001,Arendonk,Antwerpen,NA,NA,2,flanders
2929,2017,0,adult,14-09-2017_scheps 1,99b57d68-38ec-4f35-8d21-edaa375cf288,13003,Balen,Antwerpen,NA,NA,3,flanders
2930,2017,7,juvenile,14-09-2017_scheps 1,99b57d68-38ec-4f35-8d21-edaa375cf288,13003,Balen,Antwerpen,NA,NA,3,flanders
2931,2017,19,larvae,14-09-2017_scheps 1,99b57d68-38ec-4f35-8d21-edaa375cf288,13003,Balen,Antwerpen,NA,NA,3,flanders
2932,2017,0,adult,14-09-2017_scheps 2,02b5890b-9ab4-49fa-9d47-4fd9f8d3c477,13003,Balen,Antwerpen,scheps 2,scheps 2,3,flanders
2933,2017,7,juvenile,14-09-2017_scheps 2,02b5890b-9ab4-49fa-9d47-4fd9f8d3c477,13003,Balen,Antwerpen,scheps 2,scheps 2,3,flanders
2934,2017,19,larvae,14-09-2017_scheps 2,02b5890b-9ab4-49fa-9d47-4fd9f8d3c477,13003,Balen,Antwerpen,scheps 2,scheps 2,3,flanders
2935,2017,1,adult,14-09-2017_scheps 6,3f097ed2-a6e2-4db8-ab6d-eb411d610792,13003,Balen,Antwerpen,NA,NA,1,flanders
2936,2017,0,juvenile,14-09-2017_scheps 6,3f097ed2-a6e2-4db8-ab6d-eb411d610792,13003,Balen,Antwerpen,NA,NA,1,flanders
2937,2017,1,larvae,14-09-2017_scheps 6,3f097ed2-a6e2-4db8-ab6d-eb411d610792,13003,Balen,Antwerpen,NA,NA,1,flanders
2938,2017,1,adult,14-09-2017_scheps 8,909d4ce7-901a-499c-b993-242731897f23,13003,Balen,Antwerpen,NA,NA,1,flanders
2939,2017,0,juvenile,14-09-2017_scheps 8,909d4ce7-901a-499c-b993-242731897f23,13003,Balen,Antwerpen,NA,NA,1,flanders
2940,2017,0,larvae,14-09-2017_scheps 8,909d4ce7-901a-499c-b993-242731897f23,13003,Balen,Antwerpen,NA,NA,1,flanders
2941,2020,0,adult,14-09-2020_kasterlee 1,63d295be-59bb-4c60-8106-fe667dd5dc7e,13017,Kasterlee,Antwerpen,kasterlee 1,kasterlee 1,2,flanders
2942,2020,0,juvenile,14-09-2020_kasterlee 1,63d295be-59bb-4c60-8106-fe667dd5dc7e,13017,Kasterlee,Antwerpen,kasterlee 1,kasterlee 1,2,flanders
2943,2020,0,larvae,14-09-2020_kasterlee 1,63d295be-59bb-4c60-8106-fe667dd5dc7e,13017,Kasterlee,Antwerpen,kasterlee 1,kasterlee 1,2,flanders
2944,2020,0,adult,14-09-2020_kasterlee 2,902992af-4522-4053-8807-fb181584bdc4,13017,Kasterlee,Antwerpen,kasterlee 2,kasterlee 2,2,flanders
2945,2020,0,juvenile,14-09-2020_kasterlee 2,902992af-4522-4053-8807-fb181584bdc4,13017,Kasterlee,Antwerpen,kasterlee 2,kasterlee 2,2,flanders
2946,2020,0,larvae,14-09-2020_kasterlee 2,902992af-4522-4053-8807-fb181584bdc4,13017,Kasterlee,Antwerpen,kasterlee 2,kasterlee 2,2,flanders
2947,2020,0,adult,14-09-2020_kasterlee 3,fa5d281f-6266-4d4b-b6a7-cd44132e9b99,13017,Kasterlee,Antwerpen,kasterlee 3,kasterlee 3,2,flanders
2948,2020,0,juvenile,14-09-2020_kasterlee 3,fa5d281f-6266-4d4b-b6a7-cd44132e9b99,13017,Kasterlee,Antwerpen,kasterlee 3,kasterlee 3,2,flanders
2949,2020,0,larvae,14-09-2020_kasterlee 3,fa5d281f-6266-4d4b-b6a7-cd44132e9b99,13017,Kasterlee,Antwerpen,kasterlee 3,kasterlee 3,2,flanders
2950,2020,0,adult,14-09-2020_kasterlee 7,d47894eb-3a0b-4dc1-8804-627d397aa280,13017,Kasterlee,Antwerpen,kasterlee 7,kasterlee 7,2,flanders
2951,2020,0,juvenile,14-09-2020_kasterlee 7,d47894eb-3a0b-4dc1-8804-627d397aa280,13017,Kasterlee,Antwerpen,kasterlee 7,kasterlee 7,2,flanders
2952,2020,0,larvae,14-09-2020_kasterlee 7,d47894eb-3a0b-4dc1-8804-627d397aa280,13017,Kasterlee,Antwerpen,kasterlee 7,kasterlee 7,2,flanders
2953,2022,0,adult,14-09-2022_nijlen l9,f5fae4b8-8b29-46d6-9d83-8dcf2a965cb8,12021,Lier,Antwerpen,nijlen l9,nijlen l9,8,flanders
2954,2022,0,juvenile,14-09-2022_nijlen l9,f5fae4b8-8b29-46d6-9d83-8dcf2a965cb8,12021,Lier,Antwerpen,nijlen l9,nijlen l9,8,flanders
2955,2022,0,larvae,14-09-2022_nijlen l9,f5fae4b8-8b29-46d6-9d83-8dcf2a965cb8,12021,Lier,Antwerpen,nijlen l9,nijlen l9,8,flanders
2956,2022,3,adult,14-09-2022_scheps 39,E0BFF7E4-D0E2-44B4-A7FE-2DD211144B52,13003,Balen,Antwerpen,scheps 39,scheps 39,11,flanders
2957,2022,0,juvenile,14-09-2022_scheps 39,E0BFF7E4-D0E2-44B4-A7FE-2DD211144B52,13003,Balen,Antwerpen,scheps 39,scheps 39,11,flanders
2958,2022,5,larvae,14-09-2022_scheps 39,E0BFF7E4-D0E2-44B4-A7FE-2DD211144B52,13003,Balen,Antwerpen,scheps 39,scheps 39,11,flanders
2959,2022,1,adult,14-09-2022_scheps 41,89FF8F2D-DE88-49E0-95F6-D0EA5A15D42F,13003,Balen,Antwerpen,scheps 41,scheps 41,5,flanders
2960,2022,0,juvenile,14-09-2022_scheps 41,89FF8F2D-DE88-49E0-95F6-D0EA5A15D42F,13003,Balen,Antwerpen,scheps 41,scheps 41,5,flanders
2961,2022,162,larvae,14-09-2022_scheps 41,89FF8F2D-DE88-49E0-95F6-D0EA5A15D42F,13003,Balen,Antwerpen,scheps 41,scheps 41,5,flanders
2962,2022,0,adult,14-09-2022_scheps 42,323F5909-B7D0-4A77-AC74-D9EF1DFB812A,13003,Balen,Antwerpen,scheps 42,scheps 42,3,flanders
2963,2022,0,juvenile,14-09-2022_scheps 42,323F5909-B7D0-4A77-AC74-D9EF1DFB812A,13003,Balen,Antwerpen,scheps 42,scheps 42,3,flanders
2964,2022,0,larvae,14-09-2022_scheps 42,323F5909-B7D0-4A77-AC74-D9EF1DFB812A,13003,Balen,Antwerpen,scheps 42,scheps 42,3,flanders
2965,2015,0,adult,14-10-2015_arendonk 1,91a8e2bb-b682-4c53-b213-7494198b12ce,13001,Arendonk,Antwerpen,NA,NA,2,flanders
2966,2015,1,juvenile,14-10-2015_arendonk 1,91a8e2bb-b682-4c53-b213-7494198b12ce,13001,Arendonk,Antwerpen,NA,NA,2,flanders
2967,2015,4,larvae,14-10-2015_arendonk 1,91a8e2bb-b682-4c53-b213-7494198b12ce,13001,Arendonk,Antwerpen,NA,NA,2,flanders
2968,2015,0,adult,14-10-2015_arendonk 2,fbb3baeb-c846-444c-926e-02445e328b78,13001,Arendonk,Antwerpen,NA,NA,5,flanders
2969,2015,0,juvenile,14-10-2015_arendonk 2,fbb3baeb-c846-444c-926e-02445e328b78,13001,Arendonk,Antwerpen,NA,NA,5,flanders
2970,2015,86,larvae,14-10-2015_arendonk 2,fbb3baeb-c846-444c-926e-02445e328b78,13001,Arendonk,Antwerpen,NA,NA,5,flanders
2971,2018,0,adult,14-10-2018_scheps 20,03167d3d-4f00-42b8-b8be-fbe739205a3c,13003,Balen,Antwerpen,scheps 20,scheps 20,7,flanders
2972,2018,2,juvenile,14-10-2018_scheps 20,03167d3d-4f00-42b8-b8be-fbe739205a3c,13003,Balen,Antwerpen,scheps 20,scheps 20,7,flanders
2973,2018,601,larvae,14-10-2018_scheps 20,03167d3d-4f00-42b8-b8be-fbe739205a3c,13003,Balen,Antwerpen,scheps 20,scheps 20,7,flanders
2974,2022,2,adult,14-10-2022_steenkesloop 5,ECA7478C-5118-4264-AEC9-BEA600FCCF86,13016,Hulshout,Antwerpen,steenkesloop 5,steenkesloop 5,5,flanders
2975,2022,0,juvenile,14-10-2022_steenkesloop 5,ECA7478C-5118-4264-AEC9-BEA600FCCF86,13016,Hulshout,Antwerpen,steenkesloop 5,steenkesloop 5,5,flanders
2976,2022,0,larvae,14-10-2022_steenkesloop 5,ECA7478C-5118-4264-AEC9-BEA600FCCF86,13016,Hulshout,Antwerpen,steenkesloop 5,steenkesloop 5,5,flanders
2977,2022,0,adult,14-10-2022_steenkesloop 6,0C4240E4-2E14-4631-9259-20492CB3FD01,13016,Hulshout,Antwerpen,steenkesloop 6,steenkesloop 6,2,flanders
2978,2022,0,juvenile,14-10-2022_steenkesloop 6,0C4240E4-2E14-4631-9259-20492CB3FD01,13016,Hulshout,Antwerpen,steenkesloop 6,steenkesloop 6,2,flanders
2979,2022,0,larvae,14-10-2022_steenkesloop 6,0C4240E4-2E14-4631-9259-20492CB3FD01,13016,Hulshout,Antwerpen,steenkesloop 6,steenkesloop 6,2,flanders
2980,2013,0,adult,15-05-2013_arendonk 2,fbb3baeb-c846-444c-926e-02445e328b78,13001,Arendonk,Antwerpen,NA,NA,5,flanders
2981,2013,0,juvenile,15-05-2013_arendonk 2,fbb3baeb-c846-444c-926e-02445e328b78,13001,Arendonk,Antwerpen,NA,NA,5,flanders
2982,2013,1485,larvae,15-05-2013_arendonk 2,fbb3baeb-c846-444c-926e-02445e328b78,13001,Arendonk,Antwerpen,NA,NA,5,flanders
2983,2014,0,adult,15-05-2014_arendonk 2,fbb3baeb-c846-444c-926e-02445e328b78,13001,Arendonk,Antwerpen,NA,NA,4,flanders
2984,2014,0,juvenile,15-05-2014_arendonk 2,fbb3baeb-c846-444c-926e-02445e328b78,13001,Arendonk,Antwerpen,NA,NA,4,flanders
2985,2014,1101,larvae,15-05-2014_arendonk 2,fbb3baeb-c846-444c-926e-02445e328b78,13001,Arendonk,Antwerpen,NA,NA,4,flanders
2986,2014,0,adult,15-05-2014_driehoek,48fb261c-3f3a-4a95-9103-1e6822dae999,13014,Hoogstraten,Antwerpen,NA,NA,2,flanders
2987,2014,0,juvenile,15-05-2014_driehoek,48fb261c-3f3a-4a95-9103-1e6822dae999,13014,Hoogstraten,Antwerpen,NA,NA,2,flanders
2988,2014,379,larvae,15-05-2014_driehoek,48fb261c-3f3a-4a95-9103-1e6822dae999,13014,Hoogstraten,Antwerpen,NA,NA,2,flanders
2989,2014,0,adult,15-05-2014_kasterlee 7,d47894eb-3a0b-4dc1-8804-627d397aa280,13017,Kasterlee,Antwerpen,NA,NA,4,flanders
2990,2014,0,juvenile,15-05-2014_kasterlee 7,d47894eb-3a0b-4dc1-8804-627d397aa280,13017,Kasterlee,Antwerpen,NA,NA,4,flanders
2991,2014,18,larvae,15-05-2014_kasterlee 7,d47894eb-3a0b-4dc1-8804-627d397aa280,13017,Kasterlee,Antwerpen,NA,NA,4,flanders
2992,2018,0,adult,15-05-2018_arendonk 2,fbb3baeb-c846-444c-926e-02445e328b78,13001,Arendonk,Antwerpen,NA,NA,1,flanders
2993,2018,0,juvenile,15-05-2018_arendonk 2,fbb3baeb-c846-444c-926e-02445e328b78,13001,Arendonk,Antwerpen,NA,NA,1,flanders
2994,2018,315,larvae,15-05-2018_arendonk 2,fbb3baeb-c846-444c-926e-02445e328b78,13001,Arendonk,Antwerpen,NA,NA,1,flanders
2995,2020,0,adult,15-05-2020_griesbroek 3,95a96ebf-b2d0-461f-9304-d7ada7c4f31d,13003,Balen,Antwerpen,griesbroek 3,griesbroek 3,2,flanders
2996,2020,0,juvenile,15-05-2020_griesbroek 3,95a96ebf-b2d0-461f-9304-d7ada7c4f31d,13003,Balen,Antwerpen,griesbroek 3,griesbroek 3,2,flanders
2997,2020,119,larvae,15-05-2020_griesbroek 3,95a96ebf-b2d0-461f-9304-d7ada7c4f31d,13003,Balen,Antwerpen,griesbroek 3,griesbroek 3,2,flanders
2998,2020,0,adult,15-05-2020_griesbroek 4,ae7f6fdc-d05b-4c2a-ac00-1411d658bd0e,13003,Balen,Antwerpen,griesbroek 4,griesbroek 4,1,flanders
2999,2020,0,juvenile,15-05-2020_griesbroek 4,ae7f6fdc-d05b-4c2a-ac00-1411d658bd0e,13003,Balen,Antwerpen,griesbroek 4,griesbroek 4,1,flanders
3000,2020,14,larvae,15-05-2020_griesbroek 4,ae7f6fdc-d05b-4c2a-ac00-1411d658bd0e,13003,Balen,Antwerpen,griesbroek 4,griesbroek 4,1,flanders
3001,2020,0,adult,15-05-2020_griesbroek 6,03dc3f07-506f-4c71-bbcd-ad24c177cab5,13003,Balen,Antwerpen,griesbroek 6,griesbroek 6,5,flanders
3002,2020,3,juvenile,15-05-2020_griesbroek 6,03dc3f07-506f-4c71-bbcd-ad24c177cab5,13003,Balen,Antwerpen,griesbroek 6,griesbroek 6,5,flanders
3003,2020,1554,larvae,15-05-2020_griesbroek 6,03dc3f07-506f-4c71-bbcd-ad24c177cab5,13003,Balen,Antwerpen,griesbroek 6,griesbroek 6,5,flanders
3004,2020,0,adult,15-05-2020_griesbroek 7,80f08260-00f4-4989-8299-eee838d085b4,13003,Balen,Antwerpen,griesbroek 7,griesbroek 7,3,flanders
3005,2020,0,juvenile,15-05-2020_griesbroek 7,80f08260-00f4-4989-8299-eee838d085b4,13003,Balen,Antwerpen,griesbroek 7,griesbroek 7,3,flanders
3006,2020,47,larvae,15-05-2020_griesbroek 7,80f08260-00f4-4989-8299-eee838d085b4,13003,Balen,Antwerpen,griesbroek 7,griesbroek 7,3,flanders
3007,2022,7,adult,15-05-2022_griesbroek 6,03dc3f07-506f-4c71-bbcd-ad24c177cab5,13003,Balen,Antwerpen,griesbroek 6,griesbroek 6,20,flanders
3008,2022,15,juvenile,15-05-2022_griesbroek 6,03dc3f07-506f-4c71-bbcd-ad24c177cab5,13003,Balen,Antwerpen,griesbroek 6,griesbroek 6,20,flanders
3009,2022,1561,larvae,15-05-2022_griesbroek 6,03dc3f07-506f-4c71-bbcd-ad24c177cab5,13003,Balen,Antwerpen,griesbroek 6,griesbroek 6,20,flanders
3010,2024,4,adult,15-05-2024_griesbroek 6,03dc3f07-506f-4c71-bbcd-ad24c177cab5,13003,Balen,Antwerpen,griesbroek 6,griesbroek 6,8,flanders
3011,2024,0,juvenile,15-05-2024_griesbroek 6,03dc3f07-506f-4c71-bbcd-ad24c177cab5,13003,Balen,Antwerpen,griesbroek 6,griesbroek 6,8,flanders
3012,2024,0,larvae,15-05-2024_griesbroek 6,03dc3f07-506f-4c71-bbcd-ad24c177cab5,13003,Balen,Antwerpen,griesbroek 6,griesbroek 6,8,flanders
3013,2024,11,adult,15-05-2024_scheps 20,03167d3d-4f00-42b8-b8be-fbe739205a3c,13003,Balen,Antwerpen,scheps 20,scheps 20,28,flanders
3014,2024,1,juvenile,15-05-2024_scheps 20,03167d3d-4f00-42b8-b8be-fbe739205a3c,13003,Balen,Antwerpen,scheps 20,scheps 20,28,flanders
3015,2024,6,larvae,15-05-2024_scheps 20,03167d3d-4f00-42b8-b8be-fbe739205a3c,13003,Balen,Antwerpen,scheps 20,scheps 20,28,flanders
3016,2024,0,adult,15-05-2024_scheps 35,C40A62BC-753E-4B8E-A09E-101C73DE9BD0,13021,Meerhout,Antwerpen,scheps 35,scheps 35,11,flanders
3017,2024,0,juvenile,15-05-2024_scheps 35,C40A62BC-753E-4B8E-A09E-101C73DE9BD0,13021,Meerhout,Antwerpen,scheps 35,scheps 35,11,flanders
3018,2024,1807,larvae,15-05-2024_scheps 35,C40A62BC-753E-4B8E-A09E-101C73DE9BD0,13021,Meerhout,Antwerpen,scheps 35,scheps 35,11,flanders
3019,2024,0,adult,15-05-2024_scheps 7,009d325e-8c76-4049-bc69-31f6163e254e,13003,Balen,Antwerpen,scheps 7,scheps 7,5,flanders
3020,2024,0,juvenile,15-05-2024_scheps 7,009d325e-8c76-4049-bc69-31f6163e254e,13003,Balen,Antwerpen,scheps 7,scheps 7,5,flanders
3021,2024,2,larvae,15-05-2024_scheps 7,009d325e-8c76-4049-bc69-31f6163e254e,13003,Balen,Antwerpen,scheps 7,scheps 7,5,flanders
3022,2025,3,adult,15-05-2025_griesbroek 6,03dc3f07-506f-4c71-bbcd-ad24c177cab5,13003,Balen,Antwerpen,griesbroek 6,griesbroek 6,14,flanders
3023,2025,1,juvenile,15-05-2025_griesbroek 6,03dc3f07-506f-4c71-bbcd-ad24c177cab5,13003,Balen,Antwerpen,griesbroek 6,griesbroek 6,14,flanders
3024,2025,108,larvae,15-05-2025_griesbroek 6,03dc3f07-506f-4c71-bbcd-ad24c177cab5,13003,Balen,Antwerpen,griesbroek 6,griesbroek 6,14,flanders
3025,2025,0,adult,15-05-2025_scheps 34,1095ed65-0f2b-45bf-8cc7-47537a7b1f00,13003,Balen,Antwerpen,scheps 34,scheps 34,5,flanders
3026,2025,0,juvenile,15-05-2025_scheps 34,1095ed65-0f2b-45bf-8cc7-47537a7b1f00,13003,Balen,Antwerpen,scheps 34,scheps 34,5,flanders
3027,2025,2,larvae,15-05-2025_scheps 34,1095ed65-0f2b-45bf-8cc7-47537a7b1f00,13003,Balen,Antwerpen,scheps 34,scheps 34,5,flanders
3028,2025,0,adult,15-05-2025_scheps 35,C40A62BC-753E-4B8E-A09E-101C73DE9BD0,13021,Meerhout,Antwerpen,scheps 35,scheps 35,8,flanders
3029,2025,0,juvenile,15-05-2025_scheps 35,C40A62BC-753E-4B8E-A09E-101C73DE9BD0,13021,Meerhout,Antwerpen,scheps 35,scheps 35,8,flanders
3030,2025,709,larvae,15-05-2025_scheps 35,C40A62BC-753E-4B8E-A09E-101C73DE9BD0,13021,Meerhout,Antwerpen,scheps 35,scheps 35,8,flanders
3031,2025,0,adult,15-05-2025_scheps 7,009d325e-8c76-4049-bc69-31f6163e254e,13003,Balen,Antwerpen,scheps 7,scheps 7,13,flanders
3032,2025,0,juvenile,15-05-2025_scheps 7,009d325e-8c76-4049-bc69-31f6163e254e,13003,Balen,Antwerpen,scheps 7,scheps 7,13,flanders
3033,2025,1,larvae,15-05-2025_scheps 7,009d325e-8c76-4049-bc69-31f6163e254e,13003,Balen,Antwerpen,scheps 7,scheps 7,13,flanders
3034,2010,0,adult,15-06-2010_bospoel,bf074168-c09d-40a9-b321-59ce253aa461,13014,Hoogstraten,Antwerpen,NA,NA,1,flanders
3035,2010,0,juvenile,15-06-2010_bospoel,bf074168-c09d-40a9-b321-59ce253aa461,13014,Hoogstraten,Antwerpen,NA,NA,1,flanders
3036,2010,23,larvae,15-06-2010_bospoel,bf074168-c09d-40a9-b321-59ce253aa461,13014,Hoogstraten,Antwerpen,NA,NA,1,flanders
3037,2011,0,adult,15-06-2011_bospoel,bf074168-c09d-40a9-b321-59ce253aa461,13014,Hoogstraten,Antwerpen,NA,NA,4,flanders
3038,2011,0,juvenile,15-06-2011_bospoel,bf074168-c09d-40a9-b321-59ce253aa461,13014,Hoogstraten,Antwerpen,NA,NA,4,flanders
3039,2011,21,larvae,15-06-2011_bospoel,bf074168-c09d-40a9-b321-59ce253aa461,13014,Hoogstraten,Antwerpen,NA,NA,4,flanders
3040,2012,0,adult,15-06-2012_arendonk 2,fbb3baeb-c846-444c-926e-02445e328b78,13001,Arendonk,Antwerpen,NA,NA,6,flanders
3041,2012,0,juvenile,15-06-2012_arendonk 2,fbb3baeb-c846-444c-926e-02445e328b78,13001,Arendonk,Antwerpen,NA,NA,6,flanders
3042,2012,266,larvae,15-06-2012_arendonk 2,fbb3baeb-c846-444c-926e-02445e328b78,13001,Arendonk,Antwerpen,NA,NA,6,flanders
3043,2021,0,adult,15-06-2021_lokkerse dammen,47F86C95-BCD2-42C6-881B-EF162EE55CC4,13001,Arendonk,Antwerpen,lokkerse dammen,lokkerse dammen,3,flanders
3044,2021,0,juvenile,15-06-2021_lokkerse dammen,47F86C95-BCD2-42C6-881B-EF162EE55CC4,13001,Arendonk,Antwerpen,lokkerse dammen,lokkerse dammen,3,flanders
3045,2021,0,larvae,15-06-2021_lokkerse dammen,47F86C95-BCD2-42C6-881B-EF162EE55CC4,13001,Arendonk,Antwerpen,lokkerse dammen,lokkerse dammen,3,flanders
3046,2022,0,adult,15-06-2022_ham 1,E7E0783B-191D-4BDA-B435-D49C9AE5E857,71069,Ham,Limburg,ham 1,ham 1,6,flanders
3047,2022,0,juvenile,15-06-2022_ham 1,E7E0783B-191D-4BDA-B435-D49C9AE5E857,71069,Ham,Limburg,ham 1,ham 1,6,flanders
3048,2022,0,larvae,15-06-2022_ham 1,E7E0783B-191D-4BDA-B435-D49C9AE5E857,71069,Ham,Limburg,ham 1,ham 1,6,flanders
3049,2022,4,adult,15-06-2022_laakdal 29,b5425787-f7c9-4bae-b5fd-80efc0b529d4,13053,Laakdal,Antwerpen,laakdal 29,laakdal 29,1,flanders
3050,2022,0,juvenile,15-06-2022_laakdal 29,b5425787-f7c9-4bae-b5fd-80efc0b529d4,13053,Laakdal,Antwerpen,laakdal 29,laakdal 29,1,flanders
3051,2022,0,larvae,15-06-2022_laakdal 29,b5425787-f7c9-4bae-b5fd-80efc0b529d4,13053,Laakdal,Antwerpen,laakdal 29,laakdal 29,1,flanders
3052,2022,0,adult,15-06-2022_laakdal 30c,e8165c62-451a-4d96-882f-468098023cc4,13053,Laakdal,Antwerpen,laakdal 30c,laakdal 30c,5,flanders
3053,2022,0,juvenile,15-06-2022_laakdal 30c,e8165c62-451a-4d96-882f-468098023cc4,13053,Laakdal,Antwerpen,laakdal 30c,laakdal 30c,5,flanders
3054,2022,76,larvae,15-06-2022_laakdal 30c,e8165c62-451a-4d96-882f-468098023cc4,13053,Laakdal,Antwerpen,laakdal 30c,laakdal 30c,5,flanders
3055,2022,2,adult,15-06-2022_laakdal 39,E9E4CE1C-43A6-4817-96EB-873765AA5598,13053,Laakdal,Antwerpen,laakdal 39,laakdal 39,15,flanders
3056,2022,1,juvenile,15-06-2022_laakdal 39,E9E4CE1C-43A6-4817-96EB-873765AA5598,13053,Laakdal,Antwerpen,laakdal 39,laakdal 39,15,flanders
3057,2022,42,larvae,15-06-2022_laakdal 39,E9E4CE1C-43A6-4817-96EB-873765AA5598,13053,Laakdal,Antwerpen,laakdal 39,laakdal 39,15,flanders
3058,2022,2,adult,15-06-2022_laakdal 41,3FF122FA-A234-4A59-B023-BF7A15813990,13053,Laakdal,Antwerpen,laakdal 41,laakdal 41,18,flanders
3059,2022,8,juvenile,15-06-2022_laakdal 41,3FF122FA-A234-4A59-B023-BF7A15813990,13053,Laakdal,Antwerpen,laakdal 41,laakdal 41,18,flanders
3060,2022,735,larvae,15-06-2022_laakdal 41,3FF122FA-A234-4A59-B023-BF7A15813990,13053,Laakdal,Antwerpen,laakdal 41,laakdal 41,18,flanders
3061,2022,0,adult,15-06-2022_laakdal 43,80212004-2568-4EFB-B97B-75F8EC16F9C1,13053,Laakdal,Antwerpen,laakdal 43,laakdal 43,10,flanders
3062,2022,0,juvenile,15-06-2022_laakdal 43,80212004-2568-4EFB-B97B-75F8EC16F9C1,13053,Laakdal,Antwerpen,laakdal 43,laakdal 43,10,flanders
3063,2022,229,larvae,15-06-2022_laakdal 43,80212004-2568-4EFB-B97B-75F8EC16F9C1,13053,Laakdal,Antwerpen,laakdal 43,laakdal 43,10,flanders
3064,2023,1,adult,15-06-2023_laakdal 30b,92777d67-9553-48cc-b78e-2f8325715769,13053,Laakdal,Antwerpen,laakdal 30b,laakdal 30b,2,flanders
3065,2023,0,juvenile,15-06-2023_laakdal 30b,92777d67-9553-48cc-b78e-2f8325715769,13053,Laakdal,Antwerpen,laakdal 30b,laakdal 30b,2,flanders
3066,2023,0,larvae,15-06-2023_laakdal 30b,92777d67-9553-48cc-b78e-2f8325715769,13053,Laakdal,Antwerpen,laakdal 30b,laakdal 30b,2,flanders
3067,2023,0,adult,15-06-2023_laakdal 30c,e8165c62-451a-4d96-882f-468098023cc4,13053,Laakdal,Antwerpen,laakdal 30c,laakdal 30c,4,flanders
3068,2023,0,juvenile,15-06-2023_laakdal 30c,e8165c62-451a-4d96-882f-468098023cc4,13053,Laakdal,Antwerpen,laakdal 30c,laakdal 30c,4,flanders
3069,2023,15,larvae,15-06-2023_laakdal 30c,e8165c62-451a-4d96-882f-468098023cc4,13053,Laakdal,Antwerpen,laakdal 30c,laakdal 30c,4,flanders
3070,2023,0,adult,15-06-2023_laakdal 41,3FF122FA-A234-4A59-B023-BF7A15813990,13053,Laakdal,Antwerpen,laakdal 41,laakdal 41,20,flanders
3071,2023,2,juvenile,15-06-2023_laakdal 41,3FF122FA-A234-4A59-B023-BF7A15813990,13053,Laakdal,Antwerpen,laakdal 41,laakdal 41,20,flanders
3072,2023,1468,larvae,15-06-2023_laakdal 41,3FF122FA-A234-4A59-B023-BF7A15813990,13053,Laakdal,Antwerpen,laakdal 41,laakdal 41,20,flanders
3073,2023,0,adult,15-06-2023_laakdal 43,80212004-2568-4EFB-B97B-75F8EC16F9C1,13053,Laakdal,Antwerpen,laakdal 43,laakdal 43,20,flanders
3074,2023,0,juvenile,15-06-2023_laakdal 43,80212004-2568-4EFB-B97B-75F8EC16F9C1,13053,Laakdal,Antwerpen,laakdal 43,laakdal 43,20,flanders
3075,2023,12,larvae,15-06-2023_laakdal 43,80212004-2568-4EFB-B97B-75F8EC16F9C1,13053,Laakdal,Antwerpen,laakdal 43,laakdal 43,20,flanders
3076,2010,0,adult,15-07-2010_driehoek,48fb261c-3f3a-4a95-9103-1e6822dae999,13014,Hoogstraten,Antwerpen,NA,NA,3,flanders
3077,2010,0,juvenile,15-07-2010_driehoek,48fb261c-3f3a-4a95-9103-1e6822dae999,13014,Hoogstraten,Antwerpen,NA,NA,3,flanders
3078,2010,671,larvae,15-07-2010_driehoek,48fb261c-3f3a-4a95-9103-1e6822dae999,13014,Hoogstraten,Antwerpen,NA,NA,3,flanders
3079,2014,0,adult,15-07-2014_driehoek,48fb261c-3f3a-4a95-9103-1e6822dae999,13014,Hoogstraten,Antwerpen,NA,NA,3,flanders
3080,2014,0,juvenile,15-07-2014_driehoek,48fb261c-3f3a-4a95-9103-1e6822dae999,13014,Hoogstraten,Antwerpen,NA,NA,3,flanders
3081,2014,110,larvae,15-07-2014_driehoek,48fb261c-3f3a-4a95-9103-1e6822dae999,13014,Hoogstraten,Antwerpen,NA,NA,3,flanders
3082,2020,0,adult,15-07-2020_laakdal 2,4b68612a-d69c-485b-b2ec-630445ffcc76,13053,Laakdal,Antwerpen,laakdal 2,laakdal 2,4,flanders
3083,2020,0,juvenile,15-07-2020_laakdal 2,4b68612a-d69c-485b-b2ec-630445ffcc76,13053,Laakdal,Antwerpen,laakdal 2,laakdal 2,4,flanders
3084,2020,0,larvae,15-07-2020_laakdal 2,4b68612a-d69c-485b-b2ec-630445ffcc76,13053,Laakdal,Antwerpen,laakdal 2,laakdal 2,4,flanders
3085,2020,0,adult,15-07-2020_laakdal 31,b72872c7-abb2-4f88-b271-0e0fb21576ff,13053,Laakdal,Antwerpen,laakdal 31,laakdal 31,2,flanders
3086,2020,0,juvenile,15-07-2020_laakdal 31,b72872c7-abb2-4f88-b271-0e0fb21576ff,13053,Laakdal,Antwerpen,laakdal 31,laakdal 31,2,flanders
3087,2020,0,larvae,15-07-2020_laakdal 31,b72872c7-abb2-4f88-b271-0e0fb21576ff,13053,Laakdal,Antwerpen,laakdal 31,laakdal 31,2,flanders
3088,2020,2,adult,15-07-2020_laakdal 6,e02a0538-0a5c-4bf6-9af8-8bea79186857,13053,Laakdal,Antwerpen,laakdal 6,laakdal 6,1,flanders
3089,2020,0,juvenile,15-07-2020_laakdal 6,e02a0538-0a5c-4bf6-9af8-8bea79186857,13053,Laakdal,Antwerpen,laakdal 6,laakdal 6,1,flanders
3090,2020,4,larvae,15-07-2020_laakdal 6,e02a0538-0a5c-4bf6-9af8-8bea79186857,13053,Laakdal,Antwerpen,laakdal 6,laakdal 6,1,flanders
3091,2020,0,adult,15-07-2020_laakdal 8,09ca8425-c95b-4917-b164-156dd49df60c,13053,Laakdal,Antwerpen,laakdal 8,laakdal 8,2,flanders
3092,2020,0,juvenile,15-07-2020_laakdal 8,09ca8425-c95b-4917-b164-156dd49df60c,13053,Laakdal,Antwerpen,laakdal 8,laakdal 8,2,flanders
3093,2020,0,larvae,15-07-2020_laakdal 8,09ca8425-c95b-4917-b164-156dd49df60c,13053,Laakdal,Antwerpen,laakdal 8,laakdal 8,2,flanders
3094,2021,1,adult,15-07-2021_laakdal 22b,59cb87e2-b337-409b-8925-d628f9e3b294,13053,Laakdal,Antwerpen,laakdal 22b,laakdal 22b,4,flanders
3095,2021,3,juvenile,15-07-2021_laakdal 22b,59cb87e2-b337-409b-8925-d628f9e3b294,13053,Laakdal,Antwerpen,laakdal 22b,laakdal 22b,4,flanders
3096,2021,0,larvae,15-07-2021_laakdal 22b,59cb87e2-b337-409b-8925-d628f9e3b294,13053,Laakdal,Antwerpen,laakdal 22b,laakdal 22b,4,flanders
3097,2021,0,adult,15-07-2021_laakdal 39,E9E4CE1C-43A6-4817-96EB-873765AA5598,13053,Laakdal,Antwerpen,laakdal 39,laakdal 39,4,flanders
3098,2021,10,juvenile,15-07-2021_laakdal 39,E9E4CE1C-43A6-4817-96EB-873765AA5598,13053,Laakdal,Antwerpen,laakdal 39,laakdal 39,4,flanders
3099,2021,0,larvae,15-07-2021_laakdal 39,E9E4CE1C-43A6-4817-96EB-873765AA5598,13053,Laakdal,Antwerpen,laakdal 39,laakdal 39,4,flanders
3100,2021,5,adult,15-07-2021_molse nete 25,CCB25757-251A-496E-BE76-0FCEBCCE248E,13003,Balen,Antwerpen,molse nete 25,molse nete 25,10,flanders
3101,2021,9,juvenile,15-07-2021_molse nete 25,CCB25757-251A-496E-BE76-0FCEBCCE248E,13003,Balen,Antwerpen,molse nete 25,molse nete 25,10,flanders
3102,2021,147,larvae,15-07-2021_molse nete 25,CCB25757-251A-496E-BE76-0FCEBCCE248E,13003,Balen,Antwerpen,molse nete 25,molse nete 25,10,flanders
3103,2021,0,adult,15-07-2021_nijlen g2,a484323f-4a55-4cf1-affb-6b5870f769db,12021,Lier,Antwerpen,nijlen g2,nijlen g2,6,flanders
3104,2021,0,juvenile,15-07-2021_nijlen g2,a484323f-4a55-4cf1-affb-6b5870f769db,12021,Lier,Antwerpen,nijlen g2,nijlen g2,6,flanders
3105,2021,0,larvae,15-07-2021_nijlen g2,a484323f-4a55-4cf1-affb-6b5870f769db,12021,Lier,Antwerpen,nijlen g2,nijlen g2,6,flanders
3106,2021,0,adult,15-07-2021_scheps 20,03167d3d-4f00-42b8-b8be-fbe739205a3c,13003,Balen,Antwerpen,scheps 20,scheps 20,5,flanders
3107,2021,0,juvenile,15-07-2021_scheps 20,03167d3d-4f00-42b8-b8be-fbe739205a3c,13003,Balen,Antwerpen,scheps 20,scheps 20,5,flanders
3108,2021,135,larvae,15-07-2021_scheps 20,03167d3d-4f00-42b8-b8be-fbe739205a3c,13003,Balen,Antwerpen,scheps 20,scheps 20,5,flanders
3109,2022,1,adult,15-07-2022_scheps 38,06E7D771-6B28-4F7B-A26F-7AC3A8C7A4DE,13021,Meerhout,Antwerpen,scheps 38,scheps 38,5,flanders
3110,2022,0,juvenile,15-07-2022_scheps 38,06E7D771-6B28-4F7B-A26F-7AC3A8C7A4DE,13021,Meerhout,Antwerpen,scheps 38,scheps 38,5,flanders
3111,2022,0,larvae,15-07-2022_scheps 38,06E7D771-6B28-4F7B-A26F-7AC3A8C7A4DE,13021,Meerhout,Antwerpen,scheps 38,scheps 38,5,flanders
3112,2022,1,adult,15-07-2022_scheps 40,F839D846-F59A-4D49-AE3A-724B06CE89E4,13003,Balen,Antwerpen,scheps 40,scheps 40,20,flanders
3113,2022,35,juvenile,15-07-2022_scheps 40,F839D846-F59A-4D49-AE3A-724B06CE89E4,13003,Balen,Antwerpen,scheps 40,scheps 40,20,flanders
3114,2022,43,larvae,15-07-2022_scheps 40,F839D846-F59A-4D49-AE3A-724B06CE89E4,13003,Balen,Antwerpen,scheps 40,scheps 40,20,flanders
3115,2025,7,adult,15-07-2025_antgee 0223,E1FC241D-6C7B-47C7-8C5A-F3818113F7DD,13008,Geel,Antwerpen,antgee 0223,antgee 0223,4,flanders
3116,2025,10,juvenile,15-07-2025_antgee 0223,E1FC241D-6C7B-47C7-8C5A-F3818113F7DD,13008,Geel,Antwerpen,antgee 0223,antgee 0223,4,flanders
3117,2025,112,larvae,15-07-2025_antgee 0223,E1FC241D-6C7B-47C7-8C5A-F3818113F7DD,13008,Geel,Antwerpen,antgee 0223,antgee 0223,4,flanders
3118,2025,3,adult,15-07-2025_antgee 0993,F3602AC8-134A-479B-A76F-AE735DF5D6E1,13008,Geel,Antwerpen,antgee 0993,antgee 0993,3,flanders
3119,2025,0,juvenile,15-07-2025_antgee 0993,F3602AC8-134A-479B-A76F-AE735DF5D6E1,13008,Geel,Antwerpen,antgee 0993,antgee 0993,3,flanders
3120,2025,493,larvae,15-07-2025_antgee 0993,F3602AC8-134A-479B-A76F-AE735DF5D6E1,13008,Geel,Antwerpen,antgee 0993,antgee 0993,3,flanders
3121,2025,5,adult,15-07-2025_antgee 1023,ADA68F96-7C72-4FB6-922D-54D0778942C1,13008,Geel,Antwerpen,antgee 1023,antgee 1023,3,flanders
3122,2025,1,juvenile,15-07-2025_antgee 1023,ADA68F96-7C72-4FB6-922D-54D0778942C1,13008,Geel,Antwerpen,antgee 1023,antgee 1023,3,flanders
3123,2025,181,larvae,15-07-2025_antgee 1023,ADA68F96-7C72-4FB6-922D-54D0778942C1,13008,Geel,Antwerpen,antgee 1023,antgee 1023,3,flanders
3124,2025,2,adult,15-07-2025_antlkd 0140,C083680A-FAAF-4724-8807-2F402E674311,13053,Laakdal,Antwerpen,antlkd 0140,antlkd 0140,5,flanders
3125,2025,0,juvenile,15-07-2025_antlkd 0140,C083680A-FAAF-4724-8807-2F402E674311,13053,Laakdal,Antwerpen,antlkd 0140,antlkd 0140,5,flanders
3126,2025,0,larvae,15-07-2025_antlkd 0140,C083680A-FAAF-4724-8807-2F402E674311,13053,Laakdal,Antwerpen,antlkd 0140,antlkd 0140,5,flanders
3127,2025,2,adult,15-07-2025_laakdal 16a,6390430e-5452-4bf9-9f99-97ad75bacf11,13053,Laakdal,Antwerpen,laakdal 16a,laakdal 16a,4,flanders
3128,2025,0,juvenile,15-07-2025_laakdal 16a,6390430e-5452-4bf9-9f99-97ad75bacf11,13053,Laakdal,Antwerpen,laakdal 16a,laakdal 16a,4,flanders
3129,2025,0,larvae,15-07-2025_laakdal 16a,6390430e-5452-4bf9-9f99-97ad75bacf11,13053,Laakdal,Antwerpen,laakdal 16a,laakdal 16a,4,flanders
3130,2025,0,adult,15-07-2025_laakdal 29a,de83344d-e0f9-4f55-a1a8-78276efef1a7,13053,Laakdal,Antwerpen,laakdal 29a,laakdal 29a,3,flanders
3131,2025,1,juvenile,15-07-2025_laakdal 29a,de83344d-e0f9-4f55-a1a8-78276efef1a7,13053,Laakdal,Antwerpen,laakdal 29a,laakdal 29a,3,flanders
3132,2025,0,larvae,15-07-2025_laakdal 29a,de83344d-e0f9-4f55-a1a8-78276efef1a7,13053,Laakdal,Antwerpen,laakdal 29a,laakdal 29a,3,flanders
3133,2025,0,adult,15-07-2025_laakdal 30c,e8165c62-451a-4d96-882f-468098023cc4,13053,Laakdal,Antwerpen,laakdal 30c,laakdal 30c,3,flanders
3134,2025,0,juvenile,15-07-2025_laakdal 30c,e8165c62-451a-4d96-882f-468098023cc4,13053,Laakdal,Antwerpen,laakdal 30c,laakdal 30c,3,flanders
3135,2025,0,larvae,15-07-2025_laakdal 30c,e8165c62-451a-4d96-882f-468098023cc4,13053,Laakdal,Antwerpen,laakdal 30c,laakdal 30c,3,flanders
3136,2025,0,adult,15-07-2025_laakdal 42,CFE5F760-038E-4AFA-A19C-F41167BA5C06,13053,Laakdal,Antwerpen,laakdal 42,laakdal 42,3,flanders
3137,2025,1,juvenile,15-07-2025_laakdal 42,CFE5F760-038E-4AFA-A19C-F41167BA5C06,13053,Laakdal,Antwerpen,laakdal 42,laakdal 42,3,flanders
3138,2025,45,larvae,15-07-2025_laakdal 42,CFE5F760-038E-4AFA-A19C-F41167BA5C06,13053,Laakdal,Antwerpen,laakdal 42,laakdal 42,3,flanders
3139,2020,1,adult,15-08-2020_scheps 2,02b5890b-9ab4-49fa-9d47-4fd9f8d3c477,13003,Balen,Antwerpen,scheps 2,scheps 2,4,flanders
3140,2020,16,juvenile,15-08-2020_scheps 2,02b5890b-9ab4-49fa-9d47-4fd9f8d3c477,13003,Balen,Antwerpen,scheps 2,scheps 2,4,flanders
3141,2020,381,larvae,15-08-2020_scheps 2,02b5890b-9ab4-49fa-9d47-4fd9f8d3c477,13003,Balen,Antwerpen,scheps 2,scheps 2,4,flanders
3142,2020,5,adult,15-08-2020_scheps 20,03167d3d-4f00-42b8-b8be-fbe739205a3c,13003,Balen,Antwerpen,scheps 20,scheps 20,4,flanders
3143,2020,7,juvenile,15-08-2020_scheps 20,03167d3d-4f00-42b8-b8be-fbe739205a3c,13003,Balen,Antwerpen,scheps 20,scheps 20,4,flanders
3144,2020,1383,larvae,15-08-2020_scheps 20,03167d3d-4f00-42b8-b8be-fbe739205a3c,13003,Balen,Antwerpen,scheps 20,scheps 20,4,flanders
3145,2020,0,adult,15-08-2020_scheps 3,e527fa11-d98b-4caa-a892-3aa87fd646b5,13003,Balen,Antwerpen,scheps 3,scheps 3,4,flanders
3146,2020,0,juvenile,15-08-2020_scheps 3,e527fa11-d98b-4caa-a892-3aa87fd646b5,13003,Balen,Antwerpen,scheps 3,scheps 3,4,flanders
3147,2020,0,larvae,15-08-2020_scheps 3,e527fa11-d98b-4caa-a892-3aa87fd646b5,13003,Balen,Antwerpen,scheps 3,scheps 3,4,flanders
3148,2023,4,adult,15-08-2023_bergebeek 1,A4760255-D2AE-4D89-BF0B-4E60ABC25410,12014,Heist-Op-Den-Berg,Antwerpen,bergebeek 1,bergebeek 1,6,flanders
3149,2023,1,juvenile,15-08-2023_bergebeek 1,A4760255-D2AE-4D89-BF0B-4E60ABC25410,12014,Heist-Op-Den-Berg,Antwerpen,bergebeek 1,bergebeek 1,6,flanders
3150,2023,4,larvae,15-08-2023_bergebeek 1,A4760255-D2AE-4D89-BF0B-4E60ABC25410,12014,Heist-Op-Den-Berg,Antwerpen,bergebeek 1,bergebeek 1,6,flanders
3151,2023,2,adult,15-08-2023_bergebeek 2,E7E36A76-5373-4375-BE63-2EB245A510E2,12014,Heist-Op-Den-Berg,Antwerpen,bergebeek 2,bergebeek 2,7,flanders
3152,2023,0,juvenile,15-08-2023_bergebeek 2,E7E36A76-5373-4375-BE63-2EB245A510E2,12014,Heist-Op-Den-Berg,Antwerpen,bergebeek 2,bergebeek 2,7,flanders
3153,2023,0,larvae,15-08-2023_bergebeek 2,E7E36A76-5373-4375-BE63-2EB245A510E2,12014,Heist-Op-Den-Berg,Antwerpen,bergebeek 2,bergebeek 2,7,flanders
3154,2023,0,adult,15-08-2023_steenkesloop 1,B08D8107-F3B5-4C98-9757-147574C9402D,13016,Hulshout,Antwerpen,steenkesloop 1,steenkesloop 1,5,flanders
3155,2023,0,juvenile,15-08-2023_steenkesloop 1,B08D8107-F3B5-4C98-9757-147574C9402D,13016,Hulshout,Antwerpen,steenkesloop 1,steenkesloop 1,5,flanders
3156,2023,0,larvae,15-08-2023_steenkesloop 1,B08D8107-F3B5-4C98-9757-147574C9402D,13016,Hulshout,Antwerpen,steenkesloop 1,steenkesloop 1,5,flanders
3157,2023,0,adult,15-08-2023_steenkesloop 5,ECA7478C-5118-4264-AEC9-BEA600FCCF86,13016,Hulshout,Antwerpen,steenkesloop 5,steenkesloop 5,5,flanders
3158,2023,0,juvenile,15-08-2023_steenkesloop 5,ECA7478C-5118-4264-AEC9-BEA600FCCF86,13016,Hulshout,Antwerpen,steenkesloop 5,steenkesloop 5,5,flanders
3159,2023,0,larvae,15-08-2023_steenkesloop 5,ECA7478C-5118-4264-AEC9-BEA600FCCF86,13016,Hulshout,Antwerpen,steenkesloop 5,steenkesloop 5,5,flanders
3160,2023,0,adult,15-08-2023_steenkesloop 6,0C4240E4-2E14-4631-9259-20492CB3FD01,13016,Hulshout,Antwerpen,steenkesloop 6,steenkesloop 6,3,flanders
3161,2023,0,juvenile,15-08-2023_steenkesloop 6,0C4240E4-2E14-4631-9259-20492CB3FD01,13016,Hulshout,Antwerpen,steenkesloop 6,steenkesloop 6,3,flanders
3162,2023,0,larvae,15-08-2023_steenkesloop 6,0C4240E4-2E14-4631-9259-20492CB3FD01,13016,Hulshout,Antwerpen,steenkesloop 6,steenkesloop 6,3,flanders
3163,2024,0,adult,15-08-2024_laakdal 42,CFE5F760-038E-4AFA-A19C-F41167BA5C06,13053,Laakdal,Antwerpen,laakdal 42,laakdal 42,6,flanders
3164,2024,30,juvenile,15-08-2024_laakdal 42,CFE5F760-038E-4AFA-A19C-F41167BA5C06,13053,Laakdal,Antwerpen,laakdal 42,laakdal 42,6,flanders
3165,2024,784,larvae,15-08-2024_laakdal 42,CFE5F760-038E-4AFA-A19C-F41167BA5C06,13053,Laakdal,Antwerpen,laakdal 42,laakdal 42,6,flanders
3166,2024,2,adult,15-08-2024_laakdal 5,62abe301-066c-4fa9-a54d-14e8b8882923,13053,Laakdal,Antwerpen,laakdal 5,laakdal 5,9,flanders
3167,2024,10,juvenile,15-08-2024_laakdal 5,62abe301-066c-4fa9-a54d-14e8b8882923,13053,Laakdal,Antwerpen,laakdal 5,laakdal 5,9,flanders
3168,2024,444,larvae,15-08-2024_laakdal 5,62abe301-066c-4fa9-a54d-14e8b8882923,13053,Laakdal,Antwerpen,laakdal 5,laakdal 5,9,flanders
3169,2024,1,adult,15-08-2024_molse nete 34,C9CD45C3-D4B7-43B3-A539-282D76046F45,13003,Balen,Antwerpen,molse nete 34,molse nete 34,12,flanders
3170,2024,0,juvenile,15-08-2024_molse nete 34,C9CD45C3-D4B7-43B3-A539-282D76046F45,13003,Balen,Antwerpen,molse nete 34,molse nete 34,12,flanders
3171,2024,173,larvae,15-08-2024_molse nete 34,C9CD45C3-D4B7-43B3-A539-282D76046F45,13003,Balen,Antwerpen,molse nete 34,molse nete 34,12,flanders
3172,2024,1,adult,15-08-2024_scheps 35,C40A62BC-753E-4B8E-A09E-101C73DE9BD0,13021,Meerhout,Antwerpen,scheps 35,scheps 35,6,flanders
3173,2024,8,juvenile,15-08-2024_scheps 35,C40A62BC-753E-4B8E-A09E-101C73DE9BD0,13021,Meerhout,Antwerpen,scheps 35,scheps 35,6,flanders
3174,2024,2283,larvae,15-08-2024_scheps 35,C40A62BC-753E-4B8E-A09E-101C73DE9BD0,13021,Meerhout,Antwerpen,scheps 35,scheps 35,6,flanders
3175,2011,0,adult,15-09-2011_arendonk 2,fbb3baeb-c846-444c-926e-02445e328b78,13001,Arendonk,Antwerpen,NA,NA,6,flanders
3176,2011,0,juvenile,15-09-2011_arendonk 2,fbb3baeb-c846-444c-926e-02445e328b78,13001,Arendonk,Antwerpen,NA,NA,6,flanders
3177,2011,137,larvae,15-09-2011_arendonk 2,fbb3baeb-c846-444c-926e-02445e328b78,13001,Arendonk,Antwerpen,NA,NA,6,flanders
3178,2022,0,adult,15-09-2022_nijlen l9,f5fae4b8-8b29-46d6-9d83-8dcf2a965cb8,12021,Lier,Antwerpen,nijlen l9,nijlen l9,8,flanders
3179,2022,0,juvenile,15-09-2022_nijlen l9,f5fae4b8-8b29-46d6-9d83-8dcf2a965cb8,12021,Lier,Antwerpen,nijlen l9,nijlen l9,8,flanders
3180,2022,0,larvae,15-09-2022_nijlen l9,f5fae4b8-8b29-46d6-9d83-8dcf2a965cb8,12021,Lier,Antwerpen,nijlen l9,nijlen l9,8,flanders
3181,2022,2,adult,15-09-2022_scheps 39,E0BFF7E4-D0E2-44B4-A7FE-2DD211144B52,13003,Balen,Antwerpen,scheps 39,scheps 39,10,flanders
3182,2022,0,juvenile,15-09-2022_scheps 39,E0BFF7E4-D0E2-44B4-A7FE-2DD211144B52,13003,Balen,Antwerpen,scheps 39,scheps 39,10,flanders
3183,2022,8,larvae,15-09-2022_scheps 39,E0BFF7E4-D0E2-44B4-A7FE-2DD211144B52,13003,Balen,Antwerpen,scheps 39,scheps 39,10,flanders
3184,2022,0,adult,15-09-2022_scheps 41,89FF8F2D-DE88-49E0-95F6-D0EA5A15D42F,13003,Balen,Antwerpen,scheps 41,scheps 41,8,flanders
3185,2022,7,juvenile,15-09-2022_scheps 41,89FF8F2D-DE88-49E0-95F6-D0EA5A15D42F,13003,Balen,Antwerpen,scheps 41,scheps 41,8,flanders
3186,2022,165,larvae,15-09-2022_scheps 41,89FF8F2D-DE88-49E0-95F6-D0EA5A15D42F,13003,Balen,Antwerpen,scheps 41,scheps 41,8,flanders
3187,2022,0,adult,15-09-2022_scheps 42,323F5909-B7D0-4A77-AC74-D9EF1DFB812A,13003,Balen,Antwerpen,scheps 42,scheps 42,3,flanders
3188,2022,0,juvenile,15-09-2022_scheps 42,323F5909-B7D0-4A77-AC74-D9EF1DFB812A,13003,Balen,Antwerpen,scheps 42,scheps 42,3,flanders
3189,2022,4,larvae,15-09-2022_scheps 42,323F5909-B7D0-4A77-AC74-D9EF1DFB812A,13003,Balen,Antwerpen,scheps 42,scheps 42,3,flanders
3190,2015,0,adult,15-10-2015_arendonk 2,fbb3baeb-c846-444c-926e-02445e328b78,13001,Arendonk,Antwerpen,NA,NA,5,flanders
3191,2015,1,juvenile,15-10-2015_arendonk 2,fbb3baeb-c846-444c-926e-02445e328b78,13001,Arendonk,Antwerpen,NA,NA,5,flanders
3192,2015,59,larvae,15-10-2015_arendonk 2,fbb3baeb-c846-444c-926e-02445e328b78,13001,Arendonk,Antwerpen,NA,NA,5,flanders
3193,2022,4,adult,15-10-2022_steenkesloop 5,ECA7478C-5118-4264-AEC9-BEA600FCCF86,13016,Hulshout,Antwerpen,steenkesloop 5,steenkesloop 5,5,flanders
3194,2022,1,juvenile,15-10-2022_steenkesloop 5,ECA7478C-5118-4264-AEC9-BEA600FCCF86,13016,Hulshout,Antwerpen,steenkesloop 5,steenkesloop 5,5,flanders
3195,2022,0,larvae,15-10-2022_steenkesloop 5,ECA7478C-5118-4264-AEC9-BEA600FCCF86,13016,Hulshout,Antwerpen,steenkesloop 5,steenkesloop 5,5,flanders
3196,2022,1,adult,15-10-2022_steenkesloop 6,0C4240E4-2E14-4631-9259-20492CB3FD01,13016,Hulshout,Antwerpen,steenkesloop 6,steenkesloop 6,2,flanders
3197,2022,2,juvenile,15-10-2022_steenkesloop 6,0C4240E4-2E14-4631-9259-20492CB3FD01,13016,Hulshout,Antwerpen,steenkesloop 6,steenkesloop 6,2,flanders
3198,2022,0,larvae,15-10-2022_steenkesloop 6,0C4240E4-2E14-4631-9259-20492CB3FD01,13016,Hulshout,Antwerpen,steenkesloop 6,steenkesloop 6,2,flanders
3199,2024,0,adult,15-10-2024_ham 1,E7E0783B-191D-4BDA-B435-D49C9AE5E857,71069,Ham,Limburg,ham 1,ham 1,8,flanders
3200,2024,0,juvenile,15-10-2024_ham 1,E7E0783B-191D-4BDA-B435-D49C9AE5E857,71069,Ham,Limburg,ham 1,ham 1,8,flanders
3201,2024,2230,larvae,15-10-2024_ham 1,E7E0783B-191D-4BDA-B435-D49C9AE5E857,71069,Ham,Limburg,ham 1,ham 1,8,flanders
3202,2024,0,adult,15-10-2024_ham 2,3B6779FB-9177-4C3D-B349-35624C8278F1,71069,Ham,Limburg,ham 2,ham 2,4,flanders
3203,2024,0,juvenile,15-10-2024_ham 2,3B6779FB-9177-4C3D-B349-35624C8278F1,71069,Ham,Limburg,ham 2,ham 2,4,flanders
3204,2024,0,larvae,15-10-2024_ham 2,3B6779FB-9177-4C3D-B349-35624C8278F1,71069,Ham,Limburg,ham 2,ham 2,4,flanders
3205,2013,0,adult,16-05-2013_arendonk 2,fbb3baeb-c846-444c-926e-02445e328b78,13001,Arendonk,Antwerpen,NA,NA,5,flanders
3206,2013,0,juvenile,16-05-2013_arendonk 2,fbb3baeb-c846-444c-926e-02445e328b78,13001,Arendonk,Antwerpen,NA,NA,5,flanders
3207,2013,1758,larvae,16-05-2013_arendonk 2,fbb3baeb-c846-444c-926e-02445e328b78,13001,Arendonk,Antwerpen,NA,NA,5,flanders
3208,2014,0,adult,16-05-2014_arendonk 2,fbb3baeb-c846-444c-926e-02445e328b78,13001,Arendonk,Antwerpen,NA,NA,4,flanders
3209,2014,1,juvenile,16-05-2014_arendonk 2,fbb3baeb-c846-444c-926e-02445e328b78,13001,Arendonk,Antwerpen,NA,NA,4,flanders
3210,2014,596,larvae,16-05-2014_arendonk 2,fbb3baeb-c846-444c-926e-02445e328b78,13001,Arendonk,Antwerpen,NA,NA,4,flanders
3211,2014,0,adult,16-05-2014_driehoek,48fb261c-3f3a-4a95-9103-1e6822dae999,13014,Hoogstraten,Antwerpen,NA,NA,2,flanders
3212,2014,0,juvenile,16-05-2014_driehoek,48fb261c-3f3a-4a95-9103-1e6822dae999,13014,Hoogstraten,Antwerpen,NA,NA,2,flanders
3213,2014,453,larvae,16-05-2014_driehoek,48fb261c-3f3a-4a95-9103-1e6822dae999,13014,Hoogstraten,Antwerpen,NA,NA,2,flanders
3214,2014,0,adult,16-05-2014_kasterlee 7,d47894eb-3a0b-4dc1-8804-627d397aa280,13017,Kasterlee,Antwerpen,NA,NA,4,flanders
3215,2014,0,juvenile,16-05-2014_kasterlee 7,d47894eb-3a0b-4dc1-8804-627d397aa280,13017,Kasterlee,Antwerpen,NA,NA,4,flanders
3216,2014,22,larvae,16-05-2014_kasterlee 7,d47894eb-3a0b-4dc1-8804-627d397aa280,13017,Kasterlee,Antwerpen,NA,NA,4,flanders
3217,2018,0,adult,16-05-2018_arendonk 2,fbb3baeb-c846-444c-926e-02445e328b78,13001,Arendonk,Antwerpen,NA,NA,1,flanders
3218,2018,0,juvenile,16-05-2018_arendonk 2,fbb3baeb-c846-444c-926e-02445e328b78,13001,Arendonk,Antwerpen,NA,NA,1,flanders
3219,2018,465,larvae,16-05-2018_arendonk 2,fbb3baeb-c846-444c-926e-02445e328b78,13001,Arendonk,Antwerpen,NA,NA,1,flanders
3220,2018,0,adult,16-05-2018_arendonk 3,60e6e43e-6855-4917-a336-9ac46d087fad,13001,Arendonk,Antwerpen,NA,NA,1,flanders
3221,2018,0,juvenile,16-05-2018_arendonk 3,60e6e43e-6855-4917-a336-9ac46d087fad,13001,Arendonk,Antwerpen,NA,NA,1,flanders
3222,2018,208,larvae,16-05-2018_arendonk 3,60e6e43e-6855-4917-a336-9ac46d087fad,13001,Arendonk,Antwerpen,NA,NA,1,flanders
3223,2020,2,adult,16-05-2020_griesbroek 6,03dc3f07-506f-4c71-bbcd-ad24c177cab5,13003,Balen,Antwerpen,griesbroek 6,griesbroek 6,5,flanders
3224,2020,2,juvenile,16-05-2020_griesbroek 6,03dc3f07-506f-4c71-bbcd-ad24c177cab5,13003,Balen,Antwerpen,griesbroek 6,griesbroek 6,5,flanders
3225,2020,237,larvae,16-05-2020_griesbroek 6,03dc3f07-506f-4c71-bbcd-ad24c177cab5,13003,Balen,Antwerpen,griesbroek 6,griesbroek 6,5,flanders
3226,2020,1,adult,16-05-2020_griesbroek 7,80f08260-00f4-4989-8299-eee838d085b4,13003,Balen,Antwerpen,griesbroek 7,griesbroek 7,3,flanders
3227,2020,0,juvenile,16-05-2020_griesbroek 7,80f08260-00f4-4989-8299-eee838d085b4,13003,Balen,Antwerpen,griesbroek 7,griesbroek 7,3,flanders
3228,2020,52,larvae,16-05-2020_griesbroek 7,80f08260-00f4-4989-8299-eee838d085b4,13003,Balen,Antwerpen,griesbroek 7,griesbroek 7,3,flanders
3229,2022,4,adult,16-05-2022_griesbroek 6,03dc3f07-506f-4c71-bbcd-ad24c177cab5,13003,Balen,Antwerpen,griesbroek 6,griesbroek 6,20,flanders
3230,2022,2,juvenile,16-05-2022_griesbroek 6,03dc3f07-506f-4c71-bbcd-ad24c177cab5,13003,Balen,Antwerpen,griesbroek 6,griesbroek 6,20,flanders
3231,2022,1191,larvae,16-05-2022_griesbroek 6,03dc3f07-506f-4c71-bbcd-ad24c177cab5,13003,Balen,Antwerpen,griesbroek 6,griesbroek 6,20,flanders
3232,2023,5,adult,16-05-2023_griesbroek 6,03dc3f07-506f-4c71-bbcd-ad24c177cab5,13003,Balen,Antwerpen,griesbroek 6,griesbroek 6,4,flanders
3233,2023,7,juvenile,16-05-2023_griesbroek 6,03dc3f07-506f-4c71-bbcd-ad24c177cab5,13003,Balen,Antwerpen,griesbroek 6,griesbroek 6,4,flanders
3234,2023,238,larvae,16-05-2023_griesbroek 6,03dc3f07-506f-4c71-bbcd-ad24c177cab5,13003,Balen,Antwerpen,griesbroek 6,griesbroek 6,4,flanders
3235,2023,0,adult,16-05-2023_scheps 20,03167d3d-4f00-42b8-b8be-fbe739205a3c,13003,Balen,Antwerpen,scheps 20,scheps 20,2,flanders
3236,2023,1,juvenile,16-05-2023_scheps 20,03167d3d-4f00-42b8-b8be-fbe739205a3c,13003,Balen,Antwerpen,scheps 20,scheps 20,2,flanders
3237,2023,257,larvae,16-05-2023_scheps 20,03167d3d-4f00-42b8-b8be-fbe739205a3c,13003,Balen,Antwerpen,scheps 20,scheps 20,2,flanders
3238,2024,6,adult,16-05-2024_griesbroek 6,03dc3f07-506f-4c71-bbcd-ad24c177cab5,13003,Balen,Antwerpen,griesbroek 6,griesbroek 6,19,flanders
3239,2024,0,juvenile,16-05-2024_griesbroek 6,03dc3f07-506f-4c71-bbcd-ad24c177cab5,13003,Balen,Antwerpen,griesbroek 6,griesbroek 6,19,flanders
3240,2024,8,larvae,16-05-2024_griesbroek 6,03dc3f07-506f-4c71-bbcd-ad24c177cab5,13003,Balen,Antwerpen,griesbroek 6,griesbroek 6,19,flanders
3241,2024,0,adult,16-05-2024_scheps 20,03167d3d-4f00-42b8-b8be-fbe739205a3c,13003,Balen,Antwerpen,scheps 20,scheps 20,16,flanders
3242,2024,0,juvenile,16-05-2024_scheps 20,03167d3d-4f00-42b8-b8be-fbe739205a3c,13003,Balen,Antwerpen,scheps 20,scheps 20,16,flanders
3243,2024,1,larvae,16-05-2024_scheps 20,03167d3d-4f00-42b8-b8be-fbe739205a3c,13003,Balen,Antwerpen,scheps 20,scheps 20,16,flanders
3244,2024,3,adult,16-05-2024_scheps 35,C40A62BC-753E-4B8E-A09E-101C73DE9BD0,13021,Meerhout,Antwerpen,scheps 35,scheps 35,11,flanders
3245,2024,0,juvenile,16-05-2024_scheps 35,C40A62BC-753E-4B8E-A09E-101C73DE9BD0,13021,Meerhout,Antwerpen,scheps 35,scheps 35,11,flanders
3246,2024,569,larvae,16-05-2024_scheps 35,C40A62BC-753E-4B8E-A09E-101C73DE9BD0,13021,Meerhout,Antwerpen,scheps 35,scheps 35,11,flanders
3247,2024,0,adult,16-05-2024_scheps 7,009d325e-8c76-4049-bc69-31f6163e254e,13003,Balen,Antwerpen,scheps 7,scheps 7,5,flanders
3248,2024,0,juvenile,16-05-2024_scheps 7,009d325e-8c76-4049-bc69-31f6163e254e,13003,Balen,Antwerpen,scheps 7,scheps 7,5,flanders
3249,2024,3,larvae,16-05-2024_scheps 7,009d325e-8c76-4049-bc69-31f6163e254e,13003,Balen,Antwerpen,scheps 7,scheps 7,5,flanders
3250,2025,6,adult,16-05-2025_griesbroek 6,03dc3f07-506f-4c71-bbcd-ad24c177cab5,13003,Balen,Antwerpen,griesbroek 6,griesbroek 6,13,flanders
3251,2025,0,juvenile,16-05-2025_griesbroek 6,03dc3f07-506f-4c71-bbcd-ad24c177cab5,13003,Balen,Antwerpen,griesbroek 6,griesbroek 6,13,flanders
3252,2025,41,larvae,16-05-2025_griesbroek 6,03dc3f07-506f-4c71-bbcd-ad24c177cab5,13003,Balen,Antwerpen,griesbroek 6,griesbroek 6,13,flanders
3253,2025,0,adult,16-05-2025_scheps 34,1095ed65-0f2b-45bf-8cc7-47537a7b1f00,13003,Balen,Antwerpen,scheps 34,scheps 34,5,flanders
3254,2025,0,juvenile,16-05-2025_scheps 34,1095ed65-0f2b-45bf-8cc7-47537a7b1f00,13003,Balen,Antwerpen,scheps 34,scheps 34,5,flanders
3255,2025,0,larvae,16-05-2025_scheps 34,1095ed65-0f2b-45bf-8cc7-47537a7b1f00,13003,Balen,Antwerpen,scheps 34,scheps 34,5,flanders
3256,2025,0,adult,16-05-2025_scheps 35,C40A62BC-753E-4B8E-A09E-101C73DE9BD0,13021,Meerhout,Antwerpen,scheps 35,scheps 35,9,flanders
3257,2025,0,juvenile,16-05-2025_scheps 35,C40A62BC-753E-4B8E-A09E-101C73DE9BD0,13021,Meerhout,Antwerpen,scheps 35,scheps 35,9,flanders
3258,2025,641,larvae,16-05-2025_scheps 35,C40A62BC-753E-4B8E-A09E-101C73DE9BD0,13021,Meerhout,Antwerpen,scheps 35,scheps 35,9,flanders
3259,2025,0,adult,16-05-2025_scheps 7,009d325e-8c76-4049-bc69-31f6163e254e,13003,Balen,Antwerpen,scheps 7,scheps 7,13,flanders
3260,2025,0,juvenile,16-05-2025_scheps 7,009d325e-8c76-4049-bc69-31f6163e254e,13003,Balen,Antwerpen,scheps 7,scheps 7,13,flanders
3261,2025,0,larvae,16-05-2025_scheps 7,009d325e-8c76-4049-bc69-31f6163e254e,13003,Balen,Antwerpen,scheps 7,scheps 7,13,flanders
3262,2011,0,adult,16-06-2011_bospoel,bf074168-c09d-40a9-b321-59ce253aa461,13014,Hoogstraten,Antwerpen,NA,NA,3,flanders
3263,2011,0,juvenile,16-06-2011_bospoel,bf074168-c09d-40a9-b321-59ce253aa461,13014,Hoogstraten,Antwerpen,NA,NA,3,flanders
3264,2011,12,larvae,16-06-2011_bospoel,bf074168-c09d-40a9-b321-59ce253aa461,13014,Hoogstraten,Antwerpen,NA,NA,3,flanders
3265,2015,1,adult,16-06-2015_arendonk 2,fbb3baeb-c846-444c-926e-02445e328b78,13001,Arendonk,Antwerpen,NA,NA,4,flanders
3266,2015,0,juvenile,16-06-2015_arendonk 2,fbb3baeb-c846-444c-926e-02445e328b78,13001,Arendonk,Antwerpen,NA,NA,4,flanders
3267,2015,363,larvae,16-06-2015_arendonk 2,fbb3baeb-c846-444c-926e-02445e328b78,13001,Arendonk,Antwerpen,NA,NA,4,flanders
3268,2020,0,adult,16-06-2020_kasterlee 1,63d295be-59bb-4c60-8106-fe667dd5dc7e,13017,Kasterlee,Antwerpen,kasterlee 1,kasterlee 1,1,flanders
3269,2020,0,juvenile,16-06-2020_kasterlee 1,63d295be-59bb-4c60-8106-fe667dd5dc7e,13017,Kasterlee,Antwerpen,kasterlee 1,kasterlee 1,1,flanders
3270,2020,0,larvae,16-06-2020_kasterlee 1,63d295be-59bb-4c60-8106-fe667dd5dc7e,13017,Kasterlee,Antwerpen,kasterlee 1,kasterlee 1,1,flanders
3271,2020,0,adult,16-06-2020_kasterlee 12,a1afa4c1-fb1a-4717-909f-9fed2eefb9fa,13017,Kasterlee,Antwerpen,kasterlee 12,kasterlee 12,1,flanders
3272,2020,0,juvenile,16-06-2020_kasterlee 12,a1afa4c1-fb1a-4717-909f-9fed2eefb9fa,13017,Kasterlee,Antwerpen,kasterlee 12,kasterlee 12,1,flanders
3273,2020,0,larvae,16-06-2020_kasterlee 12,a1afa4c1-fb1a-4717-909f-9fed2eefb9fa,13017,Kasterlee,Antwerpen,kasterlee 12,kasterlee 12,1,flanders
3274,2020,0,adult,16-06-2020_kasterlee 13,db13750e-281b-4b47-80e5-e4036050d1c1,13017,Kasterlee,Antwerpen,kasterlee 13,kasterlee 13,2,flanders
3275,2020,0,juvenile,16-06-2020_kasterlee 13,db13750e-281b-4b47-80e5-e4036050d1c1,13017,Kasterlee,Antwerpen,kasterlee 13,kasterlee 13,2,flanders
3276,2020,0,larvae,16-06-2020_kasterlee 13,db13750e-281b-4b47-80e5-e4036050d1c1,13017,Kasterlee,Antwerpen,kasterlee 13,kasterlee 13,2,flanders
3277,2020,0,adult,16-06-2020_kasterlee 2,902992af-4522-4053-8807-fb181584bdc4,13017,Kasterlee,Antwerpen,kasterlee 2,kasterlee 2,2,flanders
3278,2020,0,juvenile,16-06-2020_kasterlee 2,902992af-4522-4053-8807-fb181584bdc4,13017,Kasterlee,Antwerpen,kasterlee 2,kasterlee 2,2,flanders
3279,2020,0,larvae,16-06-2020_kasterlee 2,902992af-4522-4053-8807-fb181584bdc4,13017,Kasterlee,Antwerpen,kasterlee 2,kasterlee 2,2,flanders
3280,2020,0,adult,16-06-2020_kasterlee 3,fa5d281f-6266-4d4b-b6a7-cd44132e9b99,13017,Kasterlee,Antwerpen,kasterlee 3,kasterlee 3,2,flanders
3281,2020,0,juvenile,16-06-2020_kasterlee 3,fa5d281f-6266-4d4b-b6a7-cd44132e9b99,13017,Kasterlee,Antwerpen,kasterlee 3,kasterlee 3,2,flanders
3282,2020,0,larvae,16-06-2020_kasterlee 3,fa5d281f-6266-4d4b-b6a7-cd44132e9b99,13017,Kasterlee,Antwerpen,kasterlee 3,kasterlee 3,2,flanders
3283,2020,0,adult,16-06-2020_kasterlee 7,d47894eb-3a0b-4dc1-8804-627d397aa280,13017,Kasterlee,Antwerpen,kasterlee 7,kasterlee 7,1,flanders
3284,2020,0,juvenile,16-06-2020_kasterlee 7,d47894eb-3a0b-4dc1-8804-627d397aa280,13017,Kasterlee,Antwerpen,kasterlee 7,kasterlee 7,1,flanders
3285,2020,0,larvae,16-06-2020_kasterlee 7,d47894eb-3a0b-4dc1-8804-627d397aa280,13017,Kasterlee,Antwerpen,kasterlee 7,kasterlee 7,1,flanders
3286,2021,0,adult,16-06-2021_laakdal 13,f604d01b-df5a-4f99-97ba-5083868d2535,13053,Laakdal,Antwerpen,laakdal 13,laakdal 13,10,flanders
3287,2021,1,juvenile,16-06-2021_laakdal 13,f604d01b-df5a-4f99-97ba-5083868d2535,13053,Laakdal,Antwerpen,laakdal 13,laakdal 13,10,flanders
3288,2021,0,larvae,16-06-2021_laakdal 13,f604d01b-df5a-4f99-97ba-5083868d2535,13053,Laakdal,Antwerpen,laakdal 13,laakdal 13,10,flanders
3289,2021,1,adult,16-06-2021_laakdal 42,CFE5F760-038E-4AFA-A19C-F41167BA5C06,13053,Laakdal,Antwerpen,laakdal 42,laakdal 42,12,flanders
3290,2021,3,juvenile,16-06-2021_laakdal 42,CFE5F760-038E-4AFA-A19C-F41167BA5C06,13053,Laakdal,Antwerpen,laakdal 42,laakdal 42,12,flanders
3291,2021,1068,larvae,16-06-2021_laakdal 42,CFE5F760-038E-4AFA-A19C-F41167BA5C06,13053,Laakdal,Antwerpen,laakdal 42,laakdal 42,12,flanders
3292,2021,0,adult,16-06-2021_lokkerse dammen,47F86C95-BCD2-42C6-881B-EF162EE55CC4,13001,Arendonk,Antwerpen,lokkerse dammen,lokkerse dammen,3,flanders
3293,2021,0,juvenile,16-06-2021_lokkerse dammen,47F86C95-BCD2-42C6-881B-EF162EE55CC4,13001,Arendonk,Antwerpen,lokkerse dammen,lokkerse dammen,3,flanders
3294,2021,0,larvae,16-06-2021_lokkerse dammen,47F86C95-BCD2-42C6-881B-EF162EE55CC4,13001,Arendonk,Antwerpen,lokkerse dammen,lokkerse dammen,3,flanders
3295,2021,0,adult,16-06-2021_nijlen l9,f5fae4b8-8b29-46d6-9d83-8dcf2a965cb8,12021,Lier,Antwerpen,nijlen l9,nijlen l9,8,flanders
3296,2021,0,juvenile,16-06-2021_nijlen l9,f5fae4b8-8b29-46d6-9d83-8dcf2a965cb8,12021,Lier,Antwerpen,nijlen l9,nijlen l9,8,flanders
3297,2021,0,larvae,16-06-2021_nijlen l9,f5fae4b8-8b29-46d6-9d83-8dcf2a965cb8,12021,Lier,Antwerpen,nijlen l9,nijlen l9,8,flanders
3298,2022,0,adult,16-06-2022_ham 1,E7E0783B-191D-4BDA-B435-D49C9AE5E857,71069,Ham,Limburg,ham 1,ham 1,6,flanders
3299,2022,0,juvenile,16-06-2022_ham 1,E7E0783B-191D-4BDA-B435-D49C9AE5E857,71069,Ham,Limburg,ham 1,ham 1,6,flanders
3300,2022,0,larvae,16-06-2022_ham 1,E7E0783B-191D-4BDA-B435-D49C9AE5E857,71069,Ham,Limburg,ham 1,ham 1,6,flanders
3301,2022,1,adult,16-06-2022_laakdal 29,b5425787-f7c9-4bae-b5fd-80efc0b529d4,13053,Laakdal,Antwerpen,laakdal 29,laakdal 29,2,flanders
3302,2022,0,juvenile,16-06-2022_laakdal 29,b5425787-f7c9-4bae-b5fd-80efc0b529d4,13053,Laakdal,Antwerpen,laakdal 29,laakdal 29,2,flanders
3303,2022,0,larvae,16-06-2022_laakdal 29,b5425787-f7c9-4bae-b5fd-80efc0b529d4,13053,Laakdal,Antwerpen,laakdal 29,laakdal 29,2,flanders
3304,2022,1,adult,16-06-2022_laakdal 30c,e8165c62-451a-4d96-882f-468098023cc4,13053,Laakdal,Antwerpen,laakdal 30c,laakdal 30c,5,flanders
3305,2022,1,juvenile,16-06-2022_laakdal 30c,e8165c62-451a-4d96-882f-468098023cc4,13053,Laakdal,Antwerpen,laakdal 30c,laakdal 30c,5,flanders
3306,2022,70,larvae,16-06-2022_laakdal 30c,e8165c62-451a-4d96-882f-468098023cc4,13053,Laakdal,Antwerpen,laakdal 30c,laakdal 30c,5,flanders
3307,2022,2,adult,16-06-2022_laakdal 39,E9E4CE1C-43A6-4817-96EB-873765AA5598,13053,Laakdal,Antwerpen,laakdal 39,laakdal 39,13,flanders
3308,2022,0,juvenile,16-06-2022_laakdal 39,E9E4CE1C-43A6-4817-96EB-873765AA5598,13053,Laakdal,Antwerpen,laakdal 39,laakdal 39,13,flanders
3309,2022,24,larvae,16-06-2022_laakdal 39,E9E4CE1C-43A6-4817-96EB-873765AA5598,13053,Laakdal,Antwerpen,laakdal 39,laakdal 39,13,flanders
3310,2022,0,adult,16-06-2022_laakdal 41,3FF122FA-A234-4A59-B023-BF7A15813990,13053,Laakdal,Antwerpen,laakdal 41,laakdal 41,18,flanders
3311,2022,7,juvenile,16-06-2022_laakdal 41,3FF122FA-A234-4A59-B023-BF7A15813990,13053,Laakdal,Antwerpen,laakdal 41,laakdal 41,18,flanders
3312,2022,507,larvae,16-06-2022_laakdal 41,3FF122FA-A234-4A59-B023-BF7A15813990,13053,Laakdal,Antwerpen,laakdal 41,laakdal 41,18,flanders
3313,2022,0,adult,16-06-2022_laakdal 43,80212004-2568-4EFB-B97B-75F8EC16F9C1,13053,Laakdal,Antwerpen,laakdal 43,laakdal 43,10,flanders
3314,2022,0,juvenile,16-06-2022_laakdal 43,80212004-2568-4EFB-B97B-75F8EC16F9C1,13053,Laakdal,Antwerpen,laakdal 43,laakdal 43,10,flanders
3315,2022,160,larvae,16-06-2022_laakdal 43,80212004-2568-4EFB-B97B-75F8EC16F9C1,13053,Laakdal,Antwerpen,laakdal 43,laakdal 43,10,flanders
3316,2023,0,adult,16-06-2023_laakdal 30b,92777d67-9553-48cc-b78e-2f8325715769,13053,Laakdal,Antwerpen,laakdal 30b,laakdal 30b,2,flanders
3317,2023,0,juvenile,16-06-2023_laakdal 30b,92777d67-9553-48cc-b78e-2f8325715769,13053,Laakdal,Antwerpen,laakdal 30b,laakdal 30b,2,flanders
3318,2023,0,larvae,16-06-2023_laakdal 30b,92777d67-9553-48cc-b78e-2f8325715769,13053,Laakdal,Antwerpen,laakdal 30b,laakdal 30b,2,flanders
3319,2023,0,adult,16-06-2023_laakdal 30c,e8165c62-451a-4d96-882f-468098023cc4,13053,Laakdal,Antwerpen,laakdal 30c,laakdal 30c,4,flanders
3320,2023,0,juvenile,16-06-2023_laakdal 30c,e8165c62-451a-4d96-882f-468098023cc4,13053,Laakdal,Antwerpen,laakdal 30c,laakdal 30c,4,flanders
3321,2023,30,larvae,16-06-2023_laakdal 30c,e8165c62-451a-4d96-882f-468098023cc4,13053,Laakdal,Antwerpen,laakdal 30c,laakdal 30c,4,flanders
3322,2023,2,adult,16-06-2023_laakdal 41,3FF122FA-A234-4A59-B023-BF7A15813990,13053,Laakdal,Antwerpen,laakdal 41,laakdal 41,20,flanders
3323,2023,1,juvenile,16-06-2023_laakdal 41,3FF122FA-A234-4A59-B023-BF7A15813990,13053,Laakdal,Antwerpen,laakdal 41,laakdal 41,20,flanders
3324,2023,1226,larvae,16-06-2023_laakdal 41,3FF122FA-A234-4A59-B023-BF7A15813990,13053,Laakdal,Antwerpen,laakdal 41,laakdal 41,20,flanders
3325,2023,0,adult,16-06-2023_laakdal 43,80212004-2568-4EFB-B97B-75F8EC16F9C1,13053,Laakdal,Antwerpen,laakdal 43,laakdal 43,20,flanders
3326,2023,0,juvenile,16-06-2023_laakdal 43,80212004-2568-4EFB-B97B-75F8EC16F9C1,13053,Laakdal,Antwerpen,laakdal 43,laakdal 43,20,flanders
3327,2023,15,larvae,16-06-2023_laakdal 43,80212004-2568-4EFB-B97B-75F8EC16F9C1,13053,Laakdal,Antwerpen,laakdal 43,laakdal 43,20,flanders
3328,2010,0,adult,16-07-2010_driehoek,48fb261c-3f3a-4a95-9103-1e6822dae999,13014,Hoogstraten,Antwerpen,NA,NA,3,flanders
3329,2010,11,juvenile,16-07-2010_driehoek,48fb261c-3f3a-4a95-9103-1e6822dae999,13014,Hoogstraten,Antwerpen,NA,NA,3,flanders
3330,2010,813,larvae,16-07-2010_driehoek,48fb261c-3f3a-4a95-9103-1e6822dae999,13014,Hoogstraten,Antwerpen,NA,NA,3,flanders
3331,2013,2,adult,16-07-2013_arendonk 2,fbb3baeb-c846-444c-926e-02445e328b78,13001,Arendonk,Antwerpen,NA,NA,5,flanders
3332,2013,0,juvenile,16-07-2013_arendonk 2,fbb3baeb-c846-444c-926e-02445e328b78,13001,Arendonk,Antwerpen,NA,NA,5,flanders
3333,2013,491,larvae,16-07-2013_arendonk 2,fbb3baeb-c846-444c-926e-02445e328b78,13001,Arendonk,Antwerpen,NA,NA,5,flanders
3334,2014,0,adult,16-07-2014_driehoek,48fb261c-3f3a-4a95-9103-1e6822dae999,13014,Hoogstraten,Antwerpen,NA,NA,3,flanders
3335,2014,0,juvenile,16-07-2014_driehoek,48fb261c-3f3a-4a95-9103-1e6822dae999,13014,Hoogstraten,Antwerpen,NA,NA,3,flanders
3336,2014,50,larvae,16-07-2014_driehoek,48fb261c-3f3a-4a95-9103-1e6822dae999,13014,Hoogstraten,Antwerpen,NA,NA,3,flanders
3337,2015,1,adult,16-07-2015_kasterlee 3,fa5d281f-6266-4d4b-b6a7-cd44132e9b99,13017,Kasterlee,Antwerpen,NA,NA,1,flanders
3338,2015,0,juvenile,16-07-2015_kasterlee 3,fa5d281f-6266-4d4b-b6a7-cd44132e9b99,13017,Kasterlee,Antwerpen,NA,NA,1,flanders
3339,2015,1,larvae,16-07-2015_kasterlee 3,fa5d281f-6266-4d4b-b6a7-cd44132e9b99,13017,Kasterlee,Antwerpen,NA,NA,1,flanders
3340,2020,0,adult,16-07-2020_laakdal 2,4b68612a-d69c-485b-b2ec-630445ffcc76,13053,Laakdal,Antwerpen,laakdal 2,laakdal 2,4,flanders
3341,2020,2,juvenile,16-07-2020_laakdal 2,4b68612a-d69c-485b-b2ec-630445ffcc76,13053,Laakdal,Antwerpen,laakdal 2,laakdal 2,4,flanders
3342,2020,0,larvae,16-07-2020_laakdal 2,4b68612a-d69c-485b-b2ec-630445ffcc76,13053,Laakdal,Antwerpen,laakdal 2,laakdal 2,4,flanders
3343,2020,0,adult,16-07-2020_laakdal 31,b72872c7-abb2-4f88-b271-0e0fb21576ff,13053,Laakdal,Antwerpen,laakdal 31,laakdal 31,2,flanders
3344,2020,0,juvenile,16-07-2020_laakdal 31,b72872c7-abb2-4f88-b271-0e0fb21576ff,13053,Laakdal,Antwerpen,laakdal 31,laakdal 31,2,flanders
3345,2020,0,larvae,16-07-2020_laakdal 31,b72872c7-abb2-4f88-b271-0e0fb21576ff,13053,Laakdal,Antwerpen,laakdal 31,laakdal 31,2,flanders
3346,2020,0,adult,16-07-2020_laakdal 6,e02a0538-0a5c-4bf6-9af8-8bea79186857,13053,Laakdal,Antwerpen,laakdal 6,laakdal 6,1,flanders
3347,2020,3,juvenile,16-07-2020_laakdal 6,e02a0538-0a5c-4bf6-9af8-8bea79186857,13053,Laakdal,Antwerpen,laakdal 6,laakdal 6,1,flanders
3348,2020,0,larvae,16-07-2020_laakdal 6,e02a0538-0a5c-4bf6-9af8-8bea79186857,13053,Laakdal,Antwerpen,laakdal 6,laakdal 6,1,flanders
3349,2020,0,adult,16-07-2020_laakdal 8,09ca8425-c95b-4917-b164-156dd49df60c,13053,Laakdal,Antwerpen,laakdal 8,laakdal 8,2,flanders
3350,2020,0,juvenile,16-07-2020_laakdal 8,09ca8425-c95b-4917-b164-156dd49df60c,13053,Laakdal,Antwerpen,laakdal 8,laakdal 8,2,flanders
3351,2020,0,larvae,16-07-2020_laakdal 8,09ca8425-c95b-4917-b164-156dd49df60c,13053,Laakdal,Antwerpen,laakdal 8,laakdal 8,2,flanders
3352,2021,0,adult,16-07-2021_laakdal 22b,59cb87e2-b337-409b-8925-d628f9e3b294,13053,Laakdal,Antwerpen,laakdal 22b,laakdal 22b,4,flanders
3353,2021,0,juvenile,16-07-2021_laakdal 22b,59cb87e2-b337-409b-8925-d628f9e3b294,13053,Laakdal,Antwerpen,laakdal 22b,laakdal 22b,4,flanders
3354,2021,0,larvae,16-07-2021_laakdal 22b,59cb87e2-b337-409b-8925-d628f9e3b294,13053,Laakdal,Antwerpen,laakdal 22b,laakdal 22b,4,flanders
3355,2021,0,adult,16-07-2021_laakdal 39,E9E4CE1C-43A6-4817-96EB-873765AA5598,13053,Laakdal,Antwerpen,laakdal 39,laakdal 39,4,flanders
3356,2021,2,juvenile,16-07-2021_laakdal 39,E9E4CE1C-43A6-4817-96EB-873765AA5598,13053,Laakdal,Antwerpen,laakdal 39,laakdal 39,4,flanders
3357,2021,0,larvae,16-07-2021_laakdal 39,E9E4CE1C-43A6-4817-96EB-873765AA5598,13053,Laakdal,Antwerpen,laakdal 39,laakdal 39,4,flanders
3358,2021,0,adult,16-07-2021_molse nete 25,CCB25757-251A-496E-BE76-0FCEBCCE248E,13003,Balen,Antwerpen,molse nete 25,molse nete 25,10,flanders
3359,2021,9,juvenile,16-07-2021_molse nete 25,CCB25757-251A-496E-BE76-0FCEBCCE248E,13003,Balen,Antwerpen,molse nete 25,molse nete 25,10,flanders
3360,2021,387,larvae,16-07-2021_molse nete 25,CCB25757-251A-496E-BE76-0FCEBCCE248E,13003,Balen,Antwerpen,molse nete 25,molse nete 25,10,flanders
3361,2021,0,adult,16-07-2021_nijlen g2,a484323f-4a55-4cf1-affb-6b5870f769db,12021,Lier,Antwerpen,nijlen g2,nijlen g2,6,flanders
3362,2021,0,juvenile,16-07-2021_nijlen g2,a484323f-4a55-4cf1-affb-6b5870f769db,12021,Lier,Antwerpen,nijlen g2,nijlen g2,6,flanders
3363,2021,0,larvae,16-07-2021_nijlen g2,a484323f-4a55-4cf1-affb-6b5870f769db,12021,Lier,Antwerpen,nijlen g2,nijlen g2,6,flanders
3364,2021,0,adult,16-07-2021_scheps 20,03167d3d-4f00-42b8-b8be-fbe739205a3c,13003,Balen,Antwerpen,scheps 20,scheps 20,5,flanders
3365,2021,0,juvenile,16-07-2021_scheps 20,03167d3d-4f00-42b8-b8be-fbe739205a3c,13003,Balen,Antwerpen,scheps 20,scheps 20,5,flanders
3366,2021,265,larvae,16-07-2021_scheps 20,03167d3d-4f00-42b8-b8be-fbe739205a3c,13003,Balen,Antwerpen,scheps 20,scheps 20,5,flanders
3367,2024,0,adult,16-07-2024_bergebeek 13,AA1C5AEB-1927-4A7D-82DA-C77991F64475,12014,Heist-Op-Den-Berg,Antwerpen,bergebeek 13,bergebeek 13,10,flanders
3368,2024,0,juvenile,16-07-2024_bergebeek 13,AA1C5AEB-1927-4A7D-82DA-C77991F64475,12014,Heist-Op-Den-Berg,Antwerpen,bergebeek 13,bergebeek 13,10,flanders
3369,2024,0,larvae,16-07-2024_bergebeek 13,AA1C5AEB-1927-4A7D-82DA-C77991F64475,12014,Heist-Op-Den-Berg,Antwerpen,bergebeek 13,bergebeek 13,10,flanders
3370,2024,0,adult,16-07-2024_bergebeek 14,08720CE6-15D9-43FE-B17A-BB1EF6A297F6,12014,Heist-Op-Den-Berg,Antwerpen,bergebeek 14,bergebeek 14,5,flanders
3371,2024,0,juvenile,16-07-2024_bergebeek 14,08720CE6-15D9-43FE-B17A-BB1EF6A297F6,12014,Heist-Op-Den-Berg,Antwerpen,bergebeek 14,bergebeek 14,5,flanders
3372,2024,0,larvae,16-07-2024_bergebeek 14,08720CE6-15D9-43FE-B17A-BB1EF6A297F6,12014,Heist-Op-Den-Berg,Antwerpen,bergebeek 14,bergebeek 14,5,flanders
3373,2024,0,adult,16-07-2024_bergebeek 15,CCFA3C5A-7AF9-4D97-A91C-F76A6075AA3B,12014,Heist-Op-Den-Berg,Antwerpen,bergebeek 15,bergebeek 15,4,flanders
3374,2024,0,juvenile,16-07-2024_bergebeek 15,CCFA3C5A-7AF9-4D97-A91C-F76A6075AA3B,12014,Heist-Op-Den-Berg,Antwerpen,bergebeek 15,bergebeek 15,4,flanders
3375,2024,0,larvae,16-07-2024_bergebeek 15,CCFA3C5A-7AF9-4D97-A91C-F76A6075AA3B,12014,Heist-Op-Den-Berg,Antwerpen,bergebeek 15,bergebeek 15,4,flanders
3376,2024,0,adult,16-07-2024_bergebeek 16,6B47CBD9-30B3-44B0-9AE9-FFA163452F8D,12014,Heist-Op-Den-Berg,Antwerpen,bergebeek 16,bergebeek 16,3,flanders
3377,2024,1,juvenile,16-07-2024_bergebeek 16,6B47CBD9-30B3-44B0-9AE9-FFA163452F8D,12014,Heist-Op-Den-Berg,Antwerpen,bergebeek 16,bergebeek 16,3,flanders
3378,2024,0,larvae,16-07-2024_bergebeek 16,6B47CBD9-30B3-44B0-9AE9-FFA163452F8D,12014,Heist-Op-Den-Berg,Antwerpen,bergebeek 16,bergebeek 16,3,flanders
3379,2024,0,adult,16-07-2024_bergebeek 20,C387082F-1875-4B0D-8D74-0E9A64E5549F,12014,Heist-Op-Den-Berg,Antwerpen,bergebeek 20,bergebeek 20,5,flanders
3380,2024,0,juvenile,16-07-2024_bergebeek 20,C387082F-1875-4B0D-8D74-0E9A64E5549F,12014,Heist-Op-Den-Berg,Antwerpen,bergebeek 20,bergebeek 20,5,flanders
3381,2024,0,larvae,16-07-2024_bergebeek 20,C387082F-1875-4B0D-8D74-0E9A64E5549F,12014,Heist-Op-Den-Berg,Antwerpen,bergebeek 20,bergebeek 20,5,flanders
3382,2024,0,adult,16-07-2024_scheps 34,1095ed65-0f2b-45bf-8cc7-47537a7b1f00,13003,Balen,Antwerpen,scheps 34,scheps 34,8,flanders
3383,2024,0,juvenile,16-07-2024_scheps 34,1095ed65-0f2b-45bf-8cc7-47537a7b1f00,13003,Balen,Antwerpen,scheps 34,scheps 34,8,flanders
3384,2024,83,larvae,16-07-2024_scheps 34,1095ed65-0f2b-45bf-8cc7-47537a7b1f00,13003,Balen,Antwerpen,scheps 34,scheps 34,8,flanders
3385,2024,2,adult,16-07-2024_scheps 35,C40A62BC-753E-4B8E-A09E-101C73DE9BD0,13021,Meerhout,Antwerpen,scheps 35,scheps 35,13,flanders
3386,2024,1,juvenile,16-07-2024_scheps 35,C40A62BC-753E-4B8E-A09E-101C73DE9BD0,13021,Meerhout,Antwerpen,scheps 35,scheps 35,13,flanders
3387,2024,164,larvae,16-07-2024_scheps 35,C40A62BC-753E-4B8E-A09E-101C73DE9BD0,13021,Meerhout,Antwerpen,scheps 35,scheps 35,13,flanders
3388,2024,2,adult,16-07-2024_scheps 40,F839D846-F59A-4D49-AE3A-724B06CE89E4,13003,Balen,Antwerpen,scheps 40,scheps 40,6,flanders
3389,2024,0,juvenile,16-07-2024_scheps 40,F839D846-F59A-4D49-AE3A-724B06CE89E4,13003,Balen,Antwerpen,scheps 40,scheps 40,6,flanders
3390,2024,0,larvae,16-07-2024_scheps 40,F839D846-F59A-4D49-AE3A-724B06CE89E4,13003,Balen,Antwerpen,scheps 40,scheps 40,6,flanders
3391,2025,3,adult,16-07-2025_antgee 0223,E1FC241D-6C7B-47C7-8C5A-F3818113F7DD,13008,Geel,Antwerpen,antgee 0223,antgee 0223,5,flanders
3392,2025,10,juvenile,16-07-2025_antgee 0223,E1FC241D-6C7B-47C7-8C5A-F3818113F7DD,13008,Geel,Antwerpen,antgee 0223,antgee 0223,5,flanders
3393,2025,147,larvae,16-07-2025_antgee 0223,E1FC241D-6C7B-47C7-8C5A-F3818113F7DD,13008,Geel,Antwerpen,antgee 0223,antgee 0223,5,flanders
3394,2025,1,adult,16-07-2025_antgee 0993,F3602AC8-134A-479B-A76F-AE735DF5D6E1,13008,Geel,Antwerpen,antgee 0993,antgee 0993,2,flanders
3395,2025,1,juvenile,16-07-2025_antgee 0993,F3602AC8-134A-479B-A76F-AE735DF5D6E1,13008,Geel,Antwerpen,antgee 0993,antgee 0993,2,flanders
3396,2025,311,larvae,16-07-2025_antgee 0993,F3602AC8-134A-479B-A76F-AE735DF5D6E1,13008,Geel,Antwerpen,antgee 0993,antgee 0993,2,flanders
3397,2025,1,adult,16-07-2025_antgee 1023,ADA68F96-7C72-4FB6-922D-54D0778942C1,13008,Geel,Antwerpen,antgee 1023,antgee 1023,4,flanders
3398,2025,0,juvenile,16-07-2025_antgee 1023,ADA68F96-7C72-4FB6-922D-54D0778942C1,13008,Geel,Antwerpen,antgee 1023,antgee 1023,4,flanders
3399,2025,186,larvae,16-07-2025_antgee 1023,ADA68F96-7C72-4FB6-922D-54D0778942C1,13008,Geel,Antwerpen,antgee 1023,antgee 1023,4,flanders
3400,2025,0,adult,16-07-2025_antlkd 0140,C083680A-FAAF-4724-8807-2F402E674311,13053,Laakdal,Antwerpen,antlkd 0140,antlkd 0140,5,flanders
3401,2025,0,juvenile,16-07-2025_antlkd 0140,C083680A-FAAF-4724-8807-2F402E674311,13053,Laakdal,Antwerpen,antlkd 0140,antlkd 0140,5,flanders
3402,2025,0,larvae,16-07-2025_antlkd 0140,C083680A-FAAF-4724-8807-2F402E674311,13053,Laakdal,Antwerpen,antlkd 0140,antlkd 0140,5,flanders
3403,2025,2,adult,16-07-2025_laakdal 16a,6390430e-5452-4bf9-9f99-97ad75bacf11,13053,Laakdal,Antwerpen,laakdal 16a,laakdal 16a,4,flanders
3404,2025,0,juvenile,16-07-2025_laakdal 16a,6390430e-5452-4bf9-9f99-97ad75bacf11,13053,Laakdal,Antwerpen,laakdal 16a,laakdal 16a,4,flanders
3405,2025,0,larvae,16-07-2025_laakdal 16a,6390430e-5452-4bf9-9f99-97ad75bacf11,13053,Laakdal,Antwerpen,laakdal 16a,laakdal 16a,4,flanders
3406,2025,0,adult,16-07-2025_laakdal 29a,de83344d-e0f9-4f55-a1a8-78276efef1a7,13053,Laakdal,Antwerpen,laakdal 29a,laakdal 29a,2,flanders
3407,2025,0,juvenile,16-07-2025_laakdal 29a,de83344d-e0f9-4f55-a1a8-78276efef1a7,13053,Laakdal,Antwerpen,laakdal 29a,laakdal 29a,2,flanders
3408,2025,0,larvae,16-07-2025_laakdal 29a,de83344d-e0f9-4f55-a1a8-78276efef1a7,13053,Laakdal,Antwerpen,laakdal 29a,laakdal 29a,2,flanders
3409,2025,0,adult,16-07-2025_laakdal 30c,e8165c62-451a-4d96-882f-468098023cc4,13053,Laakdal,Antwerpen,laakdal 30c,laakdal 30c,3,flanders
3410,2025,0,juvenile,16-07-2025_laakdal 30c,e8165c62-451a-4d96-882f-468098023cc4,13053,Laakdal,Antwerpen,laakdal 30c,laakdal 30c,3,flanders
3411,2025,0,larvae,16-07-2025_laakdal 30c,e8165c62-451a-4d96-882f-468098023cc4,13053,Laakdal,Antwerpen,laakdal 30c,laakdal 30c,3,flanders
3412,2025,0,adult,16-07-2025_laakdal 42,CFE5F760-038E-4AFA-A19C-F41167BA5C06,13053,Laakdal,Antwerpen,laakdal 42,laakdal 42,3,flanders
3413,2025,4,juvenile,16-07-2025_laakdal 42,CFE5F760-038E-4AFA-A19C-F41167BA5C06,13053,Laakdal,Antwerpen,laakdal 42,laakdal 42,3,flanders
3414,2025,44,larvae,16-07-2025_laakdal 42,CFE5F760-038E-4AFA-A19C-F41167BA5C06,13053,Laakdal,Antwerpen,laakdal 42,laakdal 42,3,flanders
3415,2020,1,adult,16-08-2020_scheps 2,02b5890b-9ab4-49fa-9d47-4fd9f8d3c477,13003,Balen,Antwerpen,scheps 2,scheps 2,4,flanders
3416,2020,9,juvenile,16-08-2020_scheps 2,02b5890b-9ab4-49fa-9d47-4fd9f8d3c477,13003,Balen,Antwerpen,scheps 2,scheps 2,4,flanders
3417,2020,511,larvae,16-08-2020_scheps 2,02b5890b-9ab4-49fa-9d47-4fd9f8d3c477,13003,Balen,Antwerpen,scheps 2,scheps 2,4,flanders
3418,2020,9,adult,16-08-2020_scheps 20,03167d3d-4f00-42b8-b8be-fbe739205a3c,13003,Balen,Antwerpen,scheps 20,scheps 20,4,flanders
3419,2020,5,juvenile,16-08-2020_scheps 20,03167d3d-4f00-42b8-b8be-fbe739205a3c,13003,Balen,Antwerpen,scheps 20,scheps 20,4,flanders
3420,2020,1811,larvae,16-08-2020_scheps 20,03167d3d-4f00-42b8-b8be-fbe739205a3c,13003,Balen,Antwerpen,scheps 20,scheps 20,4,flanders
3421,2023,0,adult,16-08-2023_bergebeek 1,A4760255-D2AE-4D89-BF0B-4E60ABC25410,12014,Heist-Op-Den-Berg,Antwerpen,bergebeek 1,bergebeek 1,6,flanders
3422,2023,0,juvenile,16-08-2023_bergebeek 1,A4760255-D2AE-4D89-BF0B-4E60ABC25410,12014,Heist-Op-Den-Berg,Antwerpen,bergebeek 1,bergebeek 1,6,flanders
3423,2023,3,larvae,16-08-2023_bergebeek 1,A4760255-D2AE-4D89-BF0B-4E60ABC25410,12014,Heist-Op-Den-Berg,Antwerpen,bergebeek 1,bergebeek 1,6,flanders
3424,2023,1,adult,16-08-2023_bergebeek 2,E7E36A76-5373-4375-BE63-2EB245A510E2,12014,Heist-Op-Den-Berg,Antwerpen,bergebeek 2,bergebeek 2,7,flanders
3425,2023,0,juvenile,16-08-2023_bergebeek 2,E7E36A76-5373-4375-BE63-2EB245A510E2,12014,Heist-Op-Den-Berg,Antwerpen,bergebeek 2,bergebeek 2,7,flanders
3426,2023,0,larvae,16-08-2023_bergebeek 2,E7E36A76-5373-4375-BE63-2EB245A510E2,12014,Heist-Op-Den-Berg,Antwerpen,bergebeek 2,bergebeek 2,7,flanders
3427,2023,0,adult,16-08-2023_steenkesloop 1,B08D8107-F3B5-4C98-9757-147574C9402D,13016,Hulshout,Antwerpen,steenkesloop 1,steenkesloop 1,5,flanders
3428,2023,0,juvenile,16-08-2023_steenkesloop 1,B08D8107-F3B5-4C98-9757-147574C9402D,13016,Hulshout,Antwerpen,steenkesloop 1,steenkesloop 1,5,flanders
3429,2023,0,larvae,16-08-2023_steenkesloop 1,B08D8107-F3B5-4C98-9757-147574C9402D,13016,Hulshout,Antwerpen,steenkesloop 1,steenkesloop 1,5,flanders
3430,2023,0,adult,16-08-2023_steenkesloop 5,ECA7478C-5118-4264-AEC9-BEA600FCCF86,13016,Hulshout,Antwerpen,steenkesloop 5,steenkesloop 5,5,flanders
3431,2023,0,juvenile,16-08-2023_steenkesloop 5,ECA7478C-5118-4264-AEC9-BEA600FCCF86,13016,Hulshout,Antwerpen,steenkesloop 5,steenkesloop 5,5,flanders
3432,2023,0,larvae,16-08-2023_steenkesloop 5,ECA7478C-5118-4264-AEC9-BEA600FCCF86,13016,Hulshout,Antwerpen,steenkesloop 5,steenkesloop 5,5,flanders
3433,2023,0,adult,16-08-2023_steenkesloop 6,0C4240E4-2E14-4631-9259-20492CB3FD01,13016,Hulshout,Antwerpen,steenkesloop 6,steenkesloop 6,3,flanders
3434,2023,0,juvenile,16-08-2023_steenkesloop 6,0C4240E4-2E14-4631-9259-20492CB3FD01,13016,Hulshout,Antwerpen,steenkesloop 6,steenkesloop 6,3,flanders
3435,2023,0,larvae,16-08-2023_steenkesloop 6,0C4240E4-2E14-4631-9259-20492CB3FD01,13016,Hulshout,Antwerpen,steenkesloop 6,steenkesloop 6,3,flanders
3436,2024,0,adult,16-08-2024_laakdal 42,CFE5F760-038E-4AFA-A19C-F41167BA5C06,13053,Laakdal,Antwerpen,laakdal 42,laakdal 42,6,flanders
3437,2024,25,juvenile,16-08-2024_laakdal 42,CFE5F760-038E-4AFA-A19C-F41167BA5C06,13053,Laakdal,Antwerpen,laakdal 42,laakdal 42,6,flanders
3438,2024,555,larvae,16-08-2024_laakdal 42,CFE5F760-038E-4AFA-A19C-F41167BA5C06,13053,Laakdal,Antwerpen,laakdal 42,laakdal 42,6,flanders
3439,2024,2,adult,16-08-2024_laakdal 5,62abe301-066c-4fa9-a54d-14e8b8882923,13053,Laakdal,Antwerpen,laakdal 5,laakdal 5,11,flanders
3440,2024,12,juvenile,16-08-2024_laakdal 5,62abe301-066c-4fa9-a54d-14e8b8882923,13053,Laakdal,Antwerpen,laakdal 5,laakdal 5,11,flanders
3441,2024,376,larvae,16-08-2024_laakdal 5,62abe301-066c-4fa9-a54d-14e8b8882923,13053,Laakdal,Antwerpen,laakdal 5,laakdal 5,11,flanders
3442,2024,2,adult,16-08-2024_molse nete 34,C9CD45C3-D4B7-43B3-A539-282D76046F45,13003,Balen,Antwerpen,molse nete 34,molse nete 34,12,flanders
3443,2024,0,juvenile,16-08-2024_molse nete 34,C9CD45C3-D4B7-43B3-A539-282D76046F45,13003,Balen,Antwerpen,molse nete 34,molse nete 34,12,flanders
3444,2024,89,larvae,16-08-2024_molse nete 34,C9CD45C3-D4B7-43B3-A539-282D76046F45,13003,Balen,Antwerpen,molse nete 34,molse nete 34,12,flanders
3445,2024,2,adult,16-08-2024_scheps 35,C40A62BC-753E-4B8E-A09E-101C73DE9BD0,13021,Meerhout,Antwerpen,scheps 35,scheps 35,6,flanders
3446,2024,7,juvenile,16-08-2024_scheps 35,C40A62BC-753E-4B8E-A09E-101C73DE9BD0,13021,Meerhout,Antwerpen,scheps 35,scheps 35,6,flanders
3447,2024,1567,larvae,16-08-2024_scheps 35,C40A62BC-753E-4B8E-A09E-101C73DE9BD0,13021,Meerhout,Antwerpen,scheps 35,scheps 35,6,flanders
3448,2011,0,adult,16-09-2011_arendonk 2,fbb3baeb-c846-444c-926e-02445e328b78,13001,Arendonk,Antwerpen,NA,NA,6,flanders
3449,2011,0,juvenile,16-09-2011_arendonk 2,fbb3baeb-c846-444c-926e-02445e328b78,13001,Arendonk,Antwerpen,NA,NA,6,flanders
3450,2011,170,larvae,16-09-2011_arendonk 2,fbb3baeb-c846-444c-926e-02445e328b78,13001,Arendonk,Antwerpen,NA,NA,6,flanders
3451,2014,0,adult,16-09-2014_arendonk 2,fbb3baeb-c846-444c-926e-02445e328b78,13001,Arendonk,Antwerpen,NA,NA,4,flanders
3452,2014,0,juvenile,16-09-2014_arendonk 2,fbb3baeb-c846-444c-926e-02445e328b78,13001,Arendonk,Antwerpen,NA,NA,4,flanders
3453,2014,673,larvae,16-09-2014_arendonk 2,fbb3baeb-c846-444c-926e-02445e328b78,13001,Arendonk,Antwerpen,NA,NA,4,flanders
3454,2022,0,adult,16-09-2022_nijlen l9,f5fae4b8-8b29-46d6-9d83-8dcf2a965cb8,12021,Lier,Antwerpen,nijlen l9,nijlen l9,8,flanders
3455,2022,0,juvenile,16-09-2022_nijlen l9,f5fae4b8-8b29-46d6-9d83-8dcf2a965cb8,12021,Lier,Antwerpen,nijlen l9,nijlen l9,8,flanders
3456,2022,0,larvae,16-09-2022_nijlen l9,f5fae4b8-8b29-46d6-9d83-8dcf2a965cb8,12021,Lier,Antwerpen,nijlen l9,nijlen l9,8,flanders
3457,2022,3,adult,16-09-2022_scheps 39,E0BFF7E4-D0E2-44B4-A7FE-2DD211144B52,13003,Balen,Antwerpen,scheps 39,scheps 39,10,flanders
3458,2022,0,juvenile,16-09-2022_scheps 39,E0BFF7E4-D0E2-44B4-A7FE-2DD211144B52,13003,Balen,Antwerpen,scheps 39,scheps 39,10,flanders
3459,2022,5,larvae,16-09-2022_scheps 39,E0BFF7E4-D0E2-44B4-A7FE-2DD211144B52,13003,Balen,Antwerpen,scheps 39,scheps 39,10,flanders
3460,2022,0,adult,16-09-2022_scheps 41,89FF8F2D-DE88-49E0-95F6-D0EA5A15D42F,13003,Balen,Antwerpen,scheps 41,scheps 41,9,flanders
3461,2022,0,juvenile,16-09-2022_scheps 41,89FF8F2D-DE88-49E0-95F6-D0EA5A15D42F,13003,Balen,Antwerpen,scheps 41,scheps 41,9,flanders
3462,2022,181,larvae,16-09-2022_scheps 41,89FF8F2D-DE88-49E0-95F6-D0EA5A15D42F,13003,Balen,Antwerpen,scheps 41,scheps 41,9,flanders
3463,2022,0,adult,16-09-2022_scheps 42,323F5909-B7D0-4A77-AC74-D9EF1DFB812A,13003,Balen,Antwerpen,scheps 42,scheps 42,3,flanders
3464,2022,0,juvenile,16-09-2022_scheps 42,323F5909-B7D0-4A77-AC74-D9EF1DFB812A,13003,Balen,Antwerpen,scheps 42,scheps 42,3,flanders
3465,2022,2,larvae,16-09-2022_scheps 42,323F5909-B7D0-4A77-AC74-D9EF1DFB812A,13003,Balen,Antwerpen,scheps 42,scheps 42,3,flanders
3466,2015,0,adult,16-10-2015_arendonk 2,fbb3baeb-c846-444c-926e-02445e328b78,13001,Arendonk,Antwerpen,NA,NA,5,flanders
3467,2015,0,juvenile,16-10-2015_arendonk 2,fbb3baeb-c846-444c-926e-02445e328b78,13001,Arendonk,Antwerpen,NA,NA,5,flanders
3468,2015,78,larvae,16-10-2015_arendonk 2,fbb3baeb-c846-444c-926e-02445e328b78,13001,Arendonk,Antwerpen,NA,NA,5,flanders
3469,2015,1,adult,16-10-2015_arendonk 3,60e6e43e-6855-4917-a336-9ac46d087fad,13001,Arendonk,Antwerpen,NA,NA,2,flanders
3470,2015,0,juvenile,16-10-2015_arendonk 3,60e6e43e-6855-4917-a336-9ac46d087fad,13001,Arendonk,Antwerpen,NA,NA,2,flanders
3471,2015,0,larvae,16-10-2015_arendonk 3,60e6e43e-6855-4917-a336-9ac46d087fad,13001,Arendonk,Antwerpen,NA,NA,2,flanders
3472,2019,0,adult,16-10-2019_scheps 20,03167d3d-4f00-42b8-b8be-fbe739205a3c,13003,Balen,Antwerpen,scheps 20,scheps 20,7,flanders
3473,2019,17,juvenile,16-10-2019_scheps 20,03167d3d-4f00-42b8-b8be-fbe739205a3c,13003,Balen,Antwerpen,scheps 20,scheps 20,7,flanders
3474,2019,6,larvae,16-10-2019_scheps 20,03167d3d-4f00-42b8-b8be-fbe739205a3c,13003,Balen,Antwerpen,scheps 20,scheps 20,7,flanders
3475,2019,0,adult,16-10-2019_scheps 6,3f097ed2-a6e2-4db8-ab6d-eb411d610792,13003,Balen,Antwerpen,scheps 6,scheps 6,3,flanders
3476,2019,0,juvenile,16-10-2019_scheps 6,3f097ed2-a6e2-4db8-ab6d-eb411d610792,13003,Balen,Antwerpen,scheps 6,scheps 6,3,flanders
3477,2019,9,larvae,16-10-2019_scheps 6,3f097ed2-a6e2-4db8-ab6d-eb411d610792,13003,Balen,Antwerpen,scheps 6,scheps 6,3,flanders
3478,2024,0,adult,16-10-2024_ham 1,E7E0783B-191D-4BDA-B435-D49C9AE5E857,71069,Ham,Limburg,ham 1,ham 1,8,flanders
3479,2024,0,juvenile,16-10-2024_ham 1,E7E0783B-191D-4BDA-B435-D49C9AE5E857,71069,Ham,Limburg,ham 1,ham 1,8,flanders
3480,2024,1785,larvae,16-10-2024_ham 1,E7E0783B-191D-4BDA-B435-D49C9AE5E857,71069,Ham,Limburg,ham 1,ham 1,8,flanders
3481,2024,0,adult,16-10-2024_ham 2,3B6779FB-9177-4C3D-B349-35624C8278F1,71069,Ham,Limburg,ham 2,ham 2,4,flanders
3482,2024,0,juvenile,16-10-2024_ham 2,3B6779FB-9177-4C3D-B349-35624C8278F1,71069,Ham,Limburg,ham 2,ham 2,4,flanders
3483,2024,0,larvae,16-10-2024_ham 2,3B6779FB-9177-4C3D-B349-35624C8278F1,71069,Ham,Limburg,ham 2,ham 2,4,flanders
3484,2017,0,adult,17-05-2017_scheps 6,3f097ed2-a6e2-4db8-ab6d-eb411d610792,13003,Balen,Antwerpen,NA,NA,3,flanders
3485,2017,0,juvenile,17-05-2017_scheps 6,3f097ed2-a6e2-4db8-ab6d-eb411d610792,13003,Balen,Antwerpen,NA,NA,3,flanders
3486,2017,231,larvae,17-05-2017_scheps 6,3f097ed2-a6e2-4db8-ab6d-eb411d610792,13003,Balen,Antwerpen,NA,NA,3,flanders
3487,2017,0,adult,17-05-2017_scheps 7,009d325e-8c76-4049-bc69-31f6163e254e,13003,Balen,Antwerpen,scheps 7,scheps 7,2,flanders
3488,2017,0,juvenile,17-05-2017_scheps 7,009d325e-8c76-4049-bc69-31f6163e254e,13003,Balen,Antwerpen,scheps 7,scheps 7,2,flanders
3489,2017,0,larvae,17-05-2017_scheps 7,009d325e-8c76-4049-bc69-31f6163e254e,13003,Balen,Antwerpen,scheps 7,scheps 7,2,flanders
3490,2017,0,adult,17-05-2017_scheps 7,009d325e-8c76-4049-bc69-31f6163e254e,13003,Balen,Antwerpen,NA,NA,1,flanders
3491,2017,0,juvenile,17-05-2017_scheps 7,009d325e-8c76-4049-bc69-31f6163e254e,13003,Balen,Antwerpen,NA,NA,1,flanders
3492,2017,1,larvae,17-05-2017_scheps 7,009d325e-8c76-4049-bc69-31f6163e254e,13003,Balen,Antwerpen,NA,NA,1,flanders
3493,2018,0,adult,17-05-2018_arendonk 2,fbb3baeb-c846-444c-926e-02445e328b78,13001,Arendonk,Antwerpen,NA,NA,1,flanders
3494,2018,0,juvenile,17-05-2018_arendonk 2,fbb3baeb-c846-444c-926e-02445e328b78,13001,Arendonk,Antwerpen,NA,NA,1,flanders
3495,2018,121,larvae,17-05-2018_arendonk 2,fbb3baeb-c846-444c-926e-02445e328b78,13001,Arendonk,Antwerpen,NA,NA,1,flanders
3496,2018,0,adult,17-05-2018_arendonk 3,60e6e43e-6855-4917-a336-9ac46d087fad,13001,Arendonk,Antwerpen,NA,NA,1,flanders
3497,2018,0,juvenile,17-05-2018_arendonk 3,60e6e43e-6855-4917-a336-9ac46d087fad,13001,Arendonk,Antwerpen,NA,NA,1,flanders
3498,2018,394,larvae,17-05-2018_arendonk 3,60e6e43e-6855-4917-a336-9ac46d087fad,13001,Arendonk,Antwerpen,NA,NA,1,flanders
3499,2022,0,adult,17-05-2022_arendonk 2,fbb3baeb-c846-444c-926e-02445e328b78,13001,Arendonk,Antwerpen,arendonk 2,arendonk 2,19,flanders
3500,2022,0,juvenile,17-05-2022_arendonk 2,fbb3baeb-c846-444c-926e-02445e328b78,13001,Arendonk,Antwerpen,arendonk 2,arendonk 2,19,flanders
3501,2022,0,larvae,17-05-2022_arendonk 2,fbb3baeb-c846-444c-926e-02445e328b78,13001,Arendonk,Antwerpen,arendonk 2,arendonk 2,19,flanders
3502,2022,5,adult,17-05-2022_griesbroek 6,03dc3f07-506f-4c71-bbcd-ad24c177cab5,13003,Balen,Antwerpen,griesbroek 6,griesbroek 6,20,flanders
3503,2022,2,juvenile,17-05-2022_griesbroek 6,03dc3f07-506f-4c71-bbcd-ad24c177cab5,13003,Balen,Antwerpen,griesbroek 6,griesbroek 6,20,flanders
3504,2022,754,larvae,17-05-2022_griesbroek 6,03dc3f07-506f-4c71-bbcd-ad24c177cab5,13003,Balen,Antwerpen,griesbroek 6,griesbroek 6,20,flanders
3505,2022,0,adult,17-05-2022_laakdal 41,3FF122FA-A234-4A59-B023-BF7A15813990,13053,Laakdal,Antwerpen,laakdal 41,laakdal 41,19,flanders
3506,2022,0,juvenile,17-05-2022_laakdal 41,3FF122FA-A234-4A59-B023-BF7A15813990,13053,Laakdal,Antwerpen,laakdal 41,laakdal 41,19,flanders
3507,2022,1067,larvae,17-05-2022_laakdal 41,3FF122FA-A234-4A59-B023-BF7A15813990,13053,Laakdal,Antwerpen,laakdal 41,laakdal 41,19,flanders
3508,2022,0,adult,17-05-2022_nijlen l9,f5fae4b8-8b29-46d6-9d83-8dcf2a965cb8,12021,Lier,Antwerpen,nijlen l9,nijlen l9,10,flanders
3509,2022,0,juvenile,17-05-2022_nijlen l9,f5fae4b8-8b29-46d6-9d83-8dcf2a965cb8,12021,Lier,Antwerpen,nijlen l9,nijlen l9,10,flanders
3510,2022,0,larvae,17-05-2022_nijlen l9,f5fae4b8-8b29-46d6-9d83-8dcf2a965cb8,12021,Lier,Antwerpen,nijlen l9,nijlen l9,10,flanders
3511,2023,2,adult,17-05-2023_griesbroek 6,03dc3f07-506f-4c71-bbcd-ad24c177cab5,13003,Balen,Antwerpen,griesbroek 6,griesbroek 6,4,flanders
3512,2023,6,juvenile,17-05-2023_griesbroek 6,03dc3f07-506f-4c71-bbcd-ad24c177cab5,13003,Balen,Antwerpen,griesbroek 6,griesbroek 6,4,flanders
3513,2023,267,larvae,17-05-2023_griesbroek 6,03dc3f07-506f-4c71-bbcd-ad24c177cab5,13003,Balen,Antwerpen,griesbroek 6,griesbroek 6,4,flanders
3514,2023,0,adult,17-05-2023_scheps 20,03167d3d-4f00-42b8-b8be-fbe739205a3c,13003,Balen,Antwerpen,scheps 20,scheps 20,2,flanders
3515,2023,0,juvenile,17-05-2023_scheps 20,03167d3d-4f00-42b8-b8be-fbe739205a3c,13003,Balen,Antwerpen,scheps 20,scheps 20,2,flanders
3516,2023,271,larvae,17-05-2023_scheps 20,03167d3d-4f00-42b8-b8be-fbe739205a3c,13003,Balen,Antwerpen,scheps 20,scheps 20,2,flanders
3517,2024,4,adult,17-05-2024_griesbroek 6,03dc3f07-506f-4c71-bbcd-ad24c177cab5,13003,Balen,Antwerpen,griesbroek 6,griesbroek 6,16,flanders
3518,2024,1,juvenile,17-05-2024_griesbroek 6,03dc3f07-506f-4c71-bbcd-ad24c177cab5,13003,Balen,Antwerpen,griesbroek 6,griesbroek 6,16,flanders
3519,2024,14,larvae,17-05-2024_griesbroek 6,03dc3f07-506f-4c71-bbcd-ad24c177cab5,13003,Balen,Antwerpen,griesbroek 6,griesbroek 6,16,flanders
3520,2024,0,adult,17-05-2024_scheps 20,03167d3d-4f00-42b8-b8be-fbe739205a3c,13003,Balen,Antwerpen,scheps 20,scheps 20,14,flanders
3521,2024,0,juvenile,17-05-2024_scheps 20,03167d3d-4f00-42b8-b8be-fbe739205a3c,13003,Balen,Antwerpen,scheps 20,scheps 20,14,flanders
3522,2024,1,larvae,17-05-2024_scheps 20,03167d3d-4f00-42b8-b8be-fbe739205a3c,13003,Balen,Antwerpen,scheps 20,scheps 20,14,flanders
3523,2024,0,adult,17-05-2024_scheps 35,C40A62BC-753E-4B8E-A09E-101C73DE9BD0,13021,Meerhout,Antwerpen,scheps 35,scheps 35,11,flanders
3524,2024,0,juvenile,17-05-2024_scheps 35,C40A62BC-753E-4B8E-A09E-101C73DE9BD0,13021,Meerhout,Antwerpen,scheps 35,scheps 35,11,flanders
3525,2024,986,larvae,17-05-2024_scheps 35,C40A62BC-753E-4B8E-A09E-101C73DE9BD0,13021,Meerhout,Antwerpen,scheps 35,scheps 35,11,flanders
3526,2024,0,adult,17-05-2024_scheps 7,009d325e-8c76-4049-bc69-31f6163e254e,13003,Balen,Antwerpen,scheps 7,scheps 7,5,flanders
3527,2024,0,juvenile,17-05-2024_scheps 7,009d325e-8c76-4049-bc69-31f6163e254e,13003,Balen,Antwerpen,scheps 7,scheps 7,5,flanders
3528,2024,16,larvae,17-05-2024_scheps 7,009d325e-8c76-4049-bc69-31f6163e254e,13003,Balen,Antwerpen,scheps 7,scheps 7,5,flanders
3529,2011,0,adult,17-06-2011_bospoel,bf074168-c09d-40a9-b321-59ce253aa461,13014,Hoogstraten,Antwerpen,NA,NA,3,flanders
3530,2011,0,juvenile,17-06-2011_bospoel,bf074168-c09d-40a9-b321-59ce253aa461,13014,Hoogstraten,Antwerpen,NA,NA,3,flanders
3531,2011,11,larvae,17-06-2011_bospoel,bf074168-c09d-40a9-b321-59ce253aa461,13014,Hoogstraten,Antwerpen,NA,NA,3,flanders
3532,2015,0,adult,17-06-2015_arendonk 2,fbb3baeb-c846-444c-926e-02445e328b78,13001,Arendonk,Antwerpen,NA,NA,4,flanders
3533,2015,0,juvenile,17-06-2015_arendonk 2,fbb3baeb-c846-444c-926e-02445e328b78,13001,Arendonk,Antwerpen,NA,NA,4,flanders
3534,2015,337,larvae,17-06-2015_arendonk 2,fbb3baeb-c846-444c-926e-02445e328b78,13001,Arendonk,Antwerpen,NA,NA,4,flanders
3535,2015,2,adult,17-06-2015_arendonk 3,60e6e43e-6855-4917-a336-9ac46d087fad,13001,Arendonk,Antwerpen,NA,NA,3,flanders
3536,2015,8,juvenile,17-06-2015_arendonk 3,60e6e43e-6855-4917-a336-9ac46d087fad,13001,Arendonk,Antwerpen,NA,NA,3,flanders
3537,2015,52,larvae,17-06-2015_arendonk 3,60e6e43e-6855-4917-a336-9ac46d087fad,13001,Arendonk,Antwerpen,NA,NA,3,flanders
3538,2021,0,adult,17-06-2021_laakdal 13,f604d01b-df5a-4f99-97ba-5083868d2535,13053,Laakdal,Antwerpen,laakdal 13,laakdal 13,10,flanders
3539,2021,1,juvenile,17-06-2021_laakdal 13,f604d01b-df5a-4f99-97ba-5083868d2535,13053,Laakdal,Antwerpen,laakdal 13,laakdal 13,10,flanders
3540,2021,0,larvae,17-06-2021_laakdal 13,f604d01b-df5a-4f99-97ba-5083868d2535,13053,Laakdal,Antwerpen,laakdal 13,laakdal 13,10,flanders
3541,2021,1,adult,17-06-2021_laakdal 42,CFE5F760-038E-4AFA-A19C-F41167BA5C06,13053,Laakdal,Antwerpen,laakdal 42,laakdal 42,12,flanders
3542,2021,4,juvenile,17-06-2021_laakdal 42,CFE5F760-038E-4AFA-A19C-F41167BA5C06,13053,Laakdal,Antwerpen,laakdal 42,laakdal 42,12,flanders
3543,2021,1118,larvae,17-06-2021_laakdal 42,CFE5F760-038E-4AFA-A19C-F41167BA5C06,13053,Laakdal,Antwerpen,laakdal 42,laakdal 42,12,flanders
3544,2021,0,adult,17-06-2021_lokkerse dammen,47F86C95-BCD2-42C6-881B-EF162EE55CC4,13001,Arendonk,Antwerpen,lokkerse dammen,lokkerse dammen,3,flanders
3545,2021,0,juvenile,17-06-2021_lokkerse dammen,47F86C95-BCD2-42C6-881B-EF162EE55CC4,13001,Arendonk,Antwerpen,lokkerse dammen,lokkerse dammen,3,flanders
3546,2021,0,larvae,17-06-2021_lokkerse dammen,47F86C95-BCD2-42C6-881B-EF162EE55CC4,13001,Arendonk,Antwerpen,lokkerse dammen,lokkerse dammen,3,flanders
3547,2021,0,adult,17-06-2021_nijlen l9,f5fae4b8-8b29-46d6-9d83-8dcf2a965cb8,12021,Lier,Antwerpen,nijlen l9,nijlen l9,8,flanders
3548,2021,0,juvenile,17-06-2021_nijlen l9,f5fae4b8-8b29-46d6-9d83-8dcf2a965cb8,12021,Lier,Antwerpen,nijlen l9,nijlen l9,8,flanders
3549,2021,0,larvae,17-06-2021_nijlen l9,f5fae4b8-8b29-46d6-9d83-8dcf2a965cb8,12021,Lier,Antwerpen,nijlen l9,nijlen l9,8,flanders
3550,2022,0,adult,17-06-2022_ham 1,E7E0783B-191D-4BDA-B435-D49C9AE5E857,71069,Ham,Limburg,ham 1,ham 1,6,flanders
3551,2022,0,juvenile,17-06-2022_ham 1,E7E0783B-191D-4BDA-B435-D49C9AE5E857,71069,Ham,Limburg,ham 1,ham 1,6,flanders
3552,2022,0,larvae,17-06-2022_ham 1,E7E0783B-191D-4BDA-B435-D49C9AE5E857,71069,Ham,Limburg,ham 1,ham 1,6,flanders
3553,2022,1,adult,17-06-2022_laakdal 29,b5425787-f7c9-4bae-b5fd-80efc0b529d4,13053,Laakdal,Antwerpen,laakdal 29,laakdal 29,1,flanders
3554,2022,0,juvenile,17-06-2022_laakdal 29,b5425787-f7c9-4bae-b5fd-80efc0b529d4,13053,Laakdal,Antwerpen,laakdal 29,laakdal 29,1,flanders
3555,2022,0,larvae,17-06-2022_laakdal 29,b5425787-f7c9-4bae-b5fd-80efc0b529d4,13053,Laakdal,Antwerpen,laakdal 29,laakdal 29,1,flanders
3556,2022,0,adult,17-06-2022_laakdal 30c,e8165c62-451a-4d96-882f-468098023cc4,13053,Laakdal,Antwerpen,laakdal 30c,laakdal 30c,5,flanders
3557,2022,0,juvenile,17-06-2022_laakdal 30c,e8165c62-451a-4d96-882f-468098023cc4,13053,Laakdal,Antwerpen,laakdal 30c,laakdal 30c,5,flanders
3558,2022,28,larvae,17-06-2022_laakdal 30c,e8165c62-451a-4d96-882f-468098023cc4,13053,Laakdal,Antwerpen,laakdal 30c,laakdal 30c,5,flanders
3559,2022,2,adult,17-06-2022_laakdal 39,E9E4CE1C-43A6-4817-96EB-873765AA5598,13053,Laakdal,Antwerpen,laakdal 39,laakdal 39,15,flanders
3560,2022,0,juvenile,17-06-2022_laakdal 39,E9E4CE1C-43A6-4817-96EB-873765AA5598,13053,Laakdal,Antwerpen,laakdal 39,laakdal 39,15,flanders
3561,2022,10,larvae,17-06-2022_laakdal 39,E9E4CE1C-43A6-4817-96EB-873765AA5598,13053,Laakdal,Antwerpen,laakdal 39,laakdal 39,15,flanders
3562,2022,3,adult,17-06-2022_laakdal 41,3FF122FA-A234-4A59-B023-BF7A15813990,13053,Laakdal,Antwerpen,laakdal 41,laakdal 41,19,flanders
3563,2022,3,juvenile,17-06-2022_laakdal 41,3FF122FA-A234-4A59-B023-BF7A15813990,13053,Laakdal,Antwerpen,laakdal 41,laakdal 41,19,flanders
3564,2022,549,larvae,17-06-2022_laakdal 41,3FF122FA-A234-4A59-B023-BF7A15813990,13053,Laakdal,Antwerpen,laakdal 41,laakdal 41,19,flanders
3565,2022,0,adult,17-06-2022_laakdal 43,80212004-2568-4EFB-B97B-75F8EC16F9C1,13053,Laakdal,Antwerpen,laakdal 43,laakdal 43,10,flanders
3566,2022,0,juvenile,17-06-2022_laakdal 43,80212004-2568-4EFB-B97B-75F8EC16F9C1,13053,Laakdal,Antwerpen,laakdal 43,laakdal 43,10,flanders
3567,2022,150,larvae,17-06-2022_laakdal 43,80212004-2568-4EFB-B97B-75F8EC16F9C1,13053,Laakdal,Antwerpen,laakdal 43,laakdal 43,10,flanders
3568,2025,0,adult,17-06-2025_antlkd 0300,30BC8B78-B6A9-45DE-92CD-A7801509C5CF,13053,Laakdal,Antwerpen,antlkd 0300,antlkd 0300,4,flanders
3569,2025,1,juvenile,17-06-2025_antlkd 0300,30BC8B78-B6A9-45DE-92CD-A7801509C5CF,13053,Laakdal,Antwerpen,antlkd 0300,antlkd 0300,4,flanders
3570,2025,0,larvae,17-06-2025_antlkd 0300,30BC8B78-B6A9-45DE-92CD-A7801509C5CF,13053,Laakdal,Antwerpen,antlkd 0300,antlkd 0300,4,flanders
3571,2025,6,adult,17-06-2025_bel 1,E889F226-84B5-499E-A73B-A5DF719C540C,13008,Geel,Antwerpen,bel 1,bel 1,3,flanders
3572,2025,1,juvenile,17-06-2025_bel 1,E889F226-84B5-499E-A73B-A5DF719C540C,13008,Geel,Antwerpen,bel 1,bel 1,3,flanders
3573,2025,1513,larvae,17-06-2025_bel 1,E889F226-84B5-499E-A73B-A5DF719C540C,13008,Geel,Antwerpen,bel 1,bel 1,3,flanders
3574,2025,13,adult,17-06-2025_geel kruiskwacht 3,03D4A801-541C-48F7-86F0-F65BE5D1B246,13008,Geel,Antwerpen,geel kruiskwacht 3,geel kruiskwacht 3,9,flanders
3575,2025,6,juvenile,17-06-2025_geel kruiskwacht 3,03D4A801-541C-48F7-86F0-F65BE5D1B246,13008,Geel,Antwerpen,geel kruiskwacht 3,geel kruiskwacht 3,9,flanders
3576,2025,3790,larvae,17-06-2025_geel kruiskwacht 3,03D4A801-541C-48F7-86F0-F65BE5D1B246,13008,Geel,Antwerpen,geel kruiskwacht 3,geel kruiskwacht 3,9,flanders
3577,2025,0,adult,17-06-2025_laakdal 41,3FF122FA-A234-4A59-B023-BF7A15813990,13053,Laakdal,Antwerpen,laakdal 41,laakdal 41,5,flanders
3578,2025,0,juvenile,17-06-2025_laakdal 41,3FF122FA-A234-4A59-B023-BF7A15813990,13053,Laakdal,Antwerpen,laakdal 41,laakdal 41,5,flanders
3579,2025,164,larvae,17-06-2025_laakdal 41,3FF122FA-A234-4A59-B023-BF7A15813990,13053,Laakdal,Antwerpen,laakdal 41,laakdal 41,5,flanders
3580,2025,4,adult,17-06-2025_laakdal 5,62abe301-066c-4fa9-a54d-14e8b8882923,13053,Laakdal,Antwerpen,laakdal 5,laakdal 5,4,flanders
3581,2025,13,juvenile,17-06-2025_laakdal 5,62abe301-066c-4fa9-a54d-14e8b8882923,13053,Laakdal,Antwerpen,laakdal 5,laakdal 5,4,flanders
3582,2025,1357,larvae,17-06-2025_laakdal 5,62abe301-066c-4fa9-a54d-14e8b8882923,13053,Laakdal,Antwerpen,laakdal 5,laakdal 5,4,flanders
3583,2012,0,adult,17-07-2012_arendonk 2,fbb3baeb-c846-444c-926e-02445e328b78,13001,Arendonk,Antwerpen,NA,NA,6,flanders
3584,2012,0,juvenile,17-07-2012_arendonk 2,fbb3baeb-c846-444c-926e-02445e328b78,13001,Arendonk,Antwerpen,NA,NA,6,flanders
3585,2012,19,larvae,17-07-2012_arendonk 2,fbb3baeb-c846-444c-926e-02445e328b78,13001,Arendonk,Antwerpen,NA,NA,6,flanders
3586,2013,1,adult,17-07-2013_arendonk 2,fbb3baeb-c846-444c-926e-02445e328b78,13001,Arendonk,Antwerpen,NA,NA,5,flanders
3587,2013,0,juvenile,17-07-2013_arendonk 2,fbb3baeb-c846-444c-926e-02445e328b78,13001,Arendonk,Antwerpen,NA,NA,5,flanders
3588,2013,387,larvae,17-07-2013_arendonk 2,fbb3baeb-c846-444c-926e-02445e328b78,13001,Arendonk,Antwerpen,NA,NA,5,flanders
3589,2014,0,adult,17-07-2014_driehoek,48fb261c-3f3a-4a95-9103-1e6822dae999,13014,Hoogstraten,Antwerpen,NA,NA,2,flanders
3590,2014,0,juvenile,17-07-2014_driehoek,48fb261c-3f3a-4a95-9103-1e6822dae999,13014,Hoogstraten,Antwerpen,NA,NA,2,flanders
3591,2014,76,larvae,17-07-2014_driehoek,48fb261c-3f3a-4a95-9103-1e6822dae999,13014,Hoogstraten,Antwerpen,NA,NA,2,flanders
3592,2015,0,adult,17-07-2015_kasterlee 7,d47894eb-3a0b-4dc1-8804-627d397aa280,13017,Kasterlee,Antwerpen,NA,NA,1,flanders
3593,2015,0,juvenile,17-07-2015_kasterlee 7,d47894eb-3a0b-4dc1-8804-627d397aa280,13017,Kasterlee,Antwerpen,NA,NA,1,flanders
3594,2015,1,larvae,17-07-2015_kasterlee 7,d47894eb-3a0b-4dc1-8804-627d397aa280,13017,Kasterlee,Antwerpen,NA,NA,1,flanders
3595,2018,0,adult,17-07-2018_kasterlee 14,31afab53-0d30-4026-af4d-e94dcecd79c4,13017,Kasterlee,Antwerpen,NA,NA,1,flanders
3596,2018,0,juvenile,17-07-2018_kasterlee 14,31afab53-0d30-4026-af4d-e94dcecd79c4,13017,Kasterlee,Antwerpen,NA,NA,1,flanders
3597,2018,2,larvae,17-07-2018_kasterlee 14,31afab53-0d30-4026-af4d-e94dcecd79c4,13017,Kasterlee,Antwerpen,NA,NA,1,flanders
3598,2019,0,adult,17-07-2019_scheps 10,ff328547-af9c-4e6f-bbf1-5d2856b2da7b,13003,Balen,Antwerpen,scheps 10,scheps 10,1,flanders
3599,2019,1,juvenile,17-07-2019_scheps 10,ff328547-af9c-4e6f-bbf1-5d2856b2da7b,13003,Balen,Antwerpen,scheps 10,scheps 10,1,flanders
3600,2019,0,larvae,17-07-2019_scheps 10,ff328547-af9c-4e6f-bbf1-5d2856b2da7b,13003,Balen,Antwerpen,scheps 10,scheps 10,1,flanders
3601,2019,0,adult,17-07-2019_scheps 6,3f097ed2-a6e2-4db8-ab6d-eb411d610792,13003,Balen,Antwerpen,scheps 6,scheps 6,5,flanders
3602,2019,1,juvenile,17-07-2019_scheps 6,3f097ed2-a6e2-4db8-ab6d-eb411d610792,13003,Balen,Antwerpen,scheps 6,scheps 6,5,flanders
3603,2019,186,larvae,17-07-2019_scheps 6,3f097ed2-a6e2-4db8-ab6d-eb411d610792,13003,Balen,Antwerpen,scheps 6,scheps 6,5,flanders
3604,2019,0,adult,17-07-2019_scheps 7,009d325e-8c76-4049-bc69-31f6163e254e,13003,Balen,Antwerpen,scheps 7,scheps 7,4,flanders
3605,2019,12,juvenile,17-07-2019_scheps 7,009d325e-8c76-4049-bc69-31f6163e254e,13003,Balen,Antwerpen,scheps 7,scheps 7,4,flanders
3606,2019,319,larvae,17-07-2019_scheps 7,009d325e-8c76-4049-bc69-31f6163e254e,13003,Balen,Antwerpen,scheps 7,scheps 7,4,flanders
3607,2020,0,adult,17-07-2020_laakdal 2,4b68612a-d69c-485b-b2ec-630445ffcc76,13053,Laakdal,Antwerpen,laakdal 2,laakdal 2,4,flanders
3608,2020,0,juvenile,17-07-2020_laakdal 2,4b68612a-d69c-485b-b2ec-630445ffcc76,13053,Laakdal,Antwerpen,laakdal 2,laakdal 2,4,flanders
3609,2020,0,larvae,17-07-2020_laakdal 2,4b68612a-d69c-485b-b2ec-630445ffcc76,13053,Laakdal,Antwerpen,laakdal 2,laakdal 2,4,flanders
3610,2020,0,adult,17-07-2020_laakdal 31,b72872c7-abb2-4f88-b271-0e0fb21576ff,13053,Laakdal,Antwerpen,laakdal 31,laakdal 31,2,flanders
3611,2020,0,juvenile,17-07-2020_laakdal 31,b72872c7-abb2-4f88-b271-0e0fb21576ff,13053,Laakdal,Antwerpen,laakdal 31,laakdal 31,2,flanders
3612,2020,0,larvae,17-07-2020_laakdal 31,b72872c7-abb2-4f88-b271-0e0fb21576ff,13053,Laakdal,Antwerpen,laakdal 31,laakdal 31,2,flanders
3613,2020,0,adult,17-07-2020_laakdal 6,e02a0538-0a5c-4bf6-9af8-8bea79186857,13053,Laakdal,Antwerpen,laakdal 6,laakdal 6,1,flanders
3614,2020,5,juvenile,17-07-2020_laakdal 6,e02a0538-0a5c-4bf6-9af8-8bea79186857,13053,Laakdal,Antwerpen,laakdal 6,laakdal 6,1,flanders
3615,2020,0,larvae,17-07-2020_laakdal 6,e02a0538-0a5c-4bf6-9af8-8bea79186857,13053,Laakdal,Antwerpen,laakdal 6,laakdal 6,1,flanders
3616,2020,0,adult,17-07-2020_laakdal 8,09ca8425-c95b-4917-b164-156dd49df60c,13053,Laakdal,Antwerpen,laakdal 8,laakdal 8,2,flanders
3617,2020,0,juvenile,17-07-2020_laakdal 8,09ca8425-c95b-4917-b164-156dd49df60c,13053,Laakdal,Antwerpen,laakdal 8,laakdal 8,2,flanders
3618,2020,0,larvae,17-07-2020_laakdal 8,09ca8425-c95b-4917-b164-156dd49df60c,13053,Laakdal,Antwerpen,laakdal 8,laakdal 8,2,flanders
3619,2024,0,adult,17-07-2024_bergebeek 13,AA1C5AEB-1927-4A7D-82DA-C77991F64475,12014,Heist-Op-Den-Berg,Antwerpen,bergebeek 13,bergebeek 13,10,flanders
3620,2024,0,juvenile,17-07-2024_bergebeek 13,AA1C5AEB-1927-4A7D-82DA-C77991F64475,12014,Heist-Op-Den-Berg,Antwerpen,bergebeek 13,bergebeek 13,10,flanders
3621,2024,0,larvae,17-07-2024_bergebeek 13,AA1C5AEB-1927-4A7D-82DA-C77991F64475,12014,Heist-Op-Den-Berg,Antwerpen,bergebeek 13,bergebeek 13,10,flanders
3622,2024,0,adult,17-07-2024_bergebeek 14,08720CE6-15D9-43FE-B17A-BB1EF6A297F6,12014,Heist-Op-Den-Berg,Antwerpen,bergebeek 14,bergebeek 14,5,flanders
3623,2024,0,juvenile,17-07-2024_bergebeek 14,08720CE6-15D9-43FE-B17A-BB1EF6A297F6,12014,Heist-Op-Den-Berg,Antwerpen,bergebeek 14,bergebeek 14,5,flanders
3624,2024,0,larvae,17-07-2024_bergebeek 14,08720CE6-15D9-43FE-B17A-BB1EF6A297F6,12014,Heist-Op-Den-Berg,Antwerpen,bergebeek 14,bergebeek 14,5,flanders
3625,2024,0,adult,17-07-2024_bergebeek 15,CCFA3C5A-7AF9-4D97-A91C-F76A6075AA3B,12014,Heist-Op-Den-Berg,Antwerpen,bergebeek 15,bergebeek 15,4,flanders
3626,2024,0,juvenile,17-07-2024_bergebeek 15,CCFA3C5A-7AF9-4D97-A91C-F76A6075AA3B,12014,Heist-Op-Den-Berg,Antwerpen,bergebeek 15,bergebeek 15,4,flanders
3627,2024,0,larvae,17-07-2024_bergebeek 15,CCFA3C5A-7AF9-4D97-A91C-F76A6075AA3B,12014,Heist-Op-Den-Berg,Antwerpen,bergebeek 15,bergebeek 15,4,flanders
3628,2024,1,adult,17-07-2024_bergebeek 16,6B47CBD9-30B3-44B0-9AE9-FFA163452F8D,12014,Heist-Op-Den-Berg,Antwerpen,bergebeek 16,bergebeek 16,3,flanders
3629,2024,0,juvenile,17-07-2024_bergebeek 16,6B47CBD9-30B3-44B0-9AE9-FFA163452F8D,12014,Heist-Op-Den-Berg,Antwerpen,bergebeek 16,bergebeek 16,3,flanders
3630,2024,0,larvae,17-07-2024_bergebeek 16,6B47CBD9-30B3-44B0-9AE9-FFA163452F8D,12014,Heist-Op-Den-Berg,Antwerpen,bergebeek 16,bergebeek 16,3,flanders
3631,2024,0,adult,17-07-2024_bergebeek 20,C387082F-1875-4B0D-8D74-0E9A64E5549F,12014,Heist-Op-Den-Berg,Antwerpen,bergebeek 20,bergebeek 20,5,flanders
3632,2024,0,juvenile,17-07-2024_bergebeek 20,C387082F-1875-4B0D-8D74-0E9A64E5549F,12014,Heist-Op-Den-Berg,Antwerpen,bergebeek 20,bergebeek 20,5,flanders
3633,2024,0,larvae,17-07-2024_bergebeek 20,C387082F-1875-4B0D-8D74-0E9A64E5549F,12014,Heist-Op-Den-Berg,Antwerpen,bergebeek 20,bergebeek 20,5,flanders
3634,2024,1,adult,17-07-2024_scheps 34,1095ed65-0f2b-45bf-8cc7-47537a7b1f00,13003,Balen,Antwerpen,scheps 34,scheps 34,5,flanders
3635,2024,1,juvenile,17-07-2024_scheps 34,1095ed65-0f2b-45bf-8cc7-47537a7b1f00,13003,Balen,Antwerpen,scheps 34,scheps 34,5,flanders
3636,2024,37,larvae,17-07-2024_scheps 34,1095ed65-0f2b-45bf-8cc7-47537a7b1f00,13003,Balen,Antwerpen,scheps 34,scheps 34,5,flanders
3637,2024,3,adult,17-07-2024_scheps 35,C40A62BC-753E-4B8E-A09E-101C73DE9BD0,13021,Meerhout,Antwerpen,scheps 35,scheps 35,7,flanders
3638,2024,0,juvenile,17-07-2024_scheps 35,C40A62BC-753E-4B8E-A09E-101C73DE9BD0,13021,Meerhout,Antwerpen,scheps 35,scheps 35,7,flanders
3639,2024,621,larvae,17-07-2024_scheps 35,C40A62BC-753E-4B8E-A09E-101C73DE9BD0,13021,Meerhout,Antwerpen,scheps 35,scheps 35,7,flanders
3640,2024,0,adult,17-07-2024_scheps 40,F839D846-F59A-4D49-AE3A-724B06CE89E4,13003,Balen,Antwerpen,scheps 40,scheps 40,6,flanders
3641,2024,0,juvenile,17-07-2024_scheps 40,F839D846-F59A-4D49-AE3A-724B06CE89E4,13003,Balen,Antwerpen,scheps 40,scheps 40,6,flanders
3642,2024,2,larvae,17-07-2024_scheps 40,F839D846-F59A-4D49-AE3A-724B06CE89E4,13003,Balen,Antwerpen,scheps 40,scheps 40,6,flanders
3643,2025,4,adult,17-07-2025_antgee 0223,E1FC241D-6C7B-47C7-8C5A-F3818113F7DD,13008,Geel,Antwerpen,antgee 0223,antgee 0223,4,flanders
3644,2025,21,juvenile,17-07-2025_antgee 0223,E1FC241D-6C7B-47C7-8C5A-F3818113F7DD,13008,Geel,Antwerpen,antgee 0223,antgee 0223,4,flanders
3645,2025,60,larvae,17-07-2025_antgee 0223,E1FC241D-6C7B-47C7-8C5A-F3818113F7DD,13008,Geel,Antwerpen,antgee 0223,antgee 0223,4,flanders
3646,2025,0,adult,17-07-2025_antgee 0993,F3602AC8-134A-479B-A76F-AE735DF5D6E1,13008,Geel,Antwerpen,antgee 0993,antgee 0993,4,flanders
3647,2025,0,juvenile,17-07-2025_antgee 0993,F3602AC8-134A-479B-A76F-AE735DF5D6E1,13008,Geel,Antwerpen,antgee 0993,antgee 0993,4,flanders
3648,2025,224,larvae,17-07-2025_antgee 0993,F3602AC8-134A-479B-A76F-AE735DF5D6E1,13008,Geel,Antwerpen,antgee 0993,antgee 0993,4,flanders
3649,2025,3,adult,17-07-2025_antgee 1023,ADA68F96-7C72-4FB6-922D-54D0778942C1,13008,Geel,Antwerpen,antgee 1023,antgee 1023,4,flanders
3650,2025,2,juvenile,17-07-2025_antgee 1023,ADA68F96-7C72-4FB6-922D-54D0778942C1,13008,Geel,Antwerpen,antgee 1023,antgee 1023,4,flanders
3651,2025,53,larvae,17-07-2025_antgee 1023,ADA68F96-7C72-4FB6-922D-54D0778942C1,13008,Geel,Antwerpen,antgee 1023,antgee 1023,4,flanders
3652,2025,0,adult,17-07-2025_antlkd 0140,C083680A-FAAF-4724-8807-2F402E674311,13053,Laakdal,Antwerpen,antlkd 0140,antlkd 0140,7,flanders
3653,2025,0,juvenile,17-07-2025_antlkd 0140,C083680A-FAAF-4724-8807-2F402E674311,13053,Laakdal,Antwerpen,antlkd 0140,antlkd 0140,7,flanders
3654,2025,0,larvae,17-07-2025_antlkd 0140,C083680A-FAAF-4724-8807-2F402E674311,13053,Laakdal,Antwerpen,antlkd 0140,antlkd 0140,7,flanders
3655,2025,0,adult,17-07-2025_laakdal 16a,6390430e-5452-4bf9-9f99-97ad75bacf11,13053,Laakdal,Antwerpen,laakdal 16a,laakdal 16a,4,flanders
3656,2025,0,juvenile,17-07-2025_laakdal 16a,6390430e-5452-4bf9-9f99-97ad75bacf11,13053,Laakdal,Antwerpen,laakdal 16a,laakdal 16a,4,flanders
3657,2025,0,larvae,17-07-2025_laakdal 16a,6390430e-5452-4bf9-9f99-97ad75bacf11,13053,Laakdal,Antwerpen,laakdal 16a,laakdal 16a,4,flanders
3658,2025,0,adult,17-07-2025_laakdal 29a,de83344d-e0f9-4f55-a1a8-78276efef1a7,13053,Laakdal,Antwerpen,laakdal 29a,laakdal 29a,2,flanders
3659,2025,0,juvenile,17-07-2025_laakdal 29a,de83344d-e0f9-4f55-a1a8-78276efef1a7,13053,Laakdal,Antwerpen,laakdal 29a,laakdal 29a,2,flanders
3660,2025,0,larvae,17-07-2025_laakdal 29a,de83344d-e0f9-4f55-a1a8-78276efef1a7,13053,Laakdal,Antwerpen,laakdal 29a,laakdal 29a,2,flanders
3661,2025,0,adult,17-07-2025_laakdal 42,CFE5F760-038E-4AFA-A19C-F41167BA5C06,13053,Laakdal,Antwerpen,laakdal 42,laakdal 42,3,flanders
3662,2025,5,juvenile,17-07-2025_laakdal 42,CFE5F760-038E-4AFA-A19C-F41167BA5C06,13053,Laakdal,Antwerpen,laakdal 42,laakdal 42,3,flanders
3663,2025,11,larvae,17-07-2025_laakdal 42,CFE5F760-038E-4AFA-A19C-F41167BA5C06,13053,Laakdal,Antwerpen,laakdal 42,laakdal 42,3,flanders
3664,2010,1,adult,17-08-2010_driehoek,48fb261c-3f3a-4a95-9103-1e6822dae999,13014,Hoogstraten,Antwerpen,NA,NA,5,flanders
3665,2010,8,juvenile,17-08-2010_driehoek,48fb261c-3f3a-4a95-9103-1e6822dae999,13014,Hoogstraten,Antwerpen,NA,NA,5,flanders
3666,2010,60,larvae,17-08-2010_driehoek,48fb261c-3f3a-4a95-9103-1e6822dae999,13014,Hoogstraten,Antwerpen,NA,NA,5,flanders
3667,2011,2,adult,17-08-2011_arendonk 1,91a8e2bb-b682-4c53-b213-7494198b12ce,13001,Arendonk,Antwerpen,NA,NA,6,flanders
3668,2011,3,juvenile,17-08-2011_arendonk 1,91a8e2bb-b682-4c53-b213-7494198b12ce,13001,Arendonk,Antwerpen,NA,NA,6,flanders
3669,2011,12,larvae,17-08-2011_arendonk 1,91a8e2bb-b682-4c53-b213-7494198b12ce,13001,Arendonk,Antwerpen,NA,NA,6,flanders
3670,2016,0,adult,17-08-2016_rechthoekigevijver 1,af2ebe57-4936-494d-b42d-7cecc1d83ea5,13014,Hoogstraten,Antwerpen,NA,NA,1,flanders
3671,2016,0,juvenile,17-08-2016_rechthoekigevijver 1,af2ebe57-4936-494d-b42d-7cecc1d83ea5,13014,Hoogstraten,Antwerpen,NA,NA,1,flanders
3672,2016,5,larvae,17-08-2016_rechthoekigevijver 1,af2ebe57-4936-494d-b42d-7cecc1d83ea5,13014,Hoogstraten,Antwerpen,NA,NA,1,flanders
3673,2017,0,adult,17-08-2017_arendonk 2,fbb3baeb-c846-444c-926e-02445e328b78,13001,Arendonk,Antwerpen,NA,NA,2,flanders
3674,2017,0,juvenile,17-08-2017_arendonk 2,fbb3baeb-c846-444c-926e-02445e328b78,13001,Arendonk,Antwerpen,NA,NA,2,flanders
3675,2017,253,larvae,17-08-2017_arendonk 2,fbb3baeb-c846-444c-926e-02445e328b78,13001,Arendonk,Antwerpen,NA,NA,2,flanders
3676,2017,0,adult,17-08-2017_arendonk 3,60e6e43e-6855-4917-a336-9ac46d087fad,13001,Arendonk,Antwerpen,NA,NA,4,flanders
3677,2017,0,juvenile,17-08-2017_arendonk 3,60e6e43e-6855-4917-a336-9ac46d087fad,13001,Arendonk,Antwerpen,NA,NA,4,flanders
3678,2017,23,larvae,17-08-2017_arendonk 3,60e6e43e-6855-4917-a336-9ac46d087fad,13001,Arendonk,Antwerpen,NA,NA,4,flanders
3679,2021,0,adult,17-08-2021_herselt 1,5AB89730-1687-4EC6-9E34-D6A23787BF75,13013,Herselt,Antwerpen,herselt 1,herselt 1,6,flanders
3680,2021,0,juvenile,17-08-2021_herselt 1,5AB89730-1687-4EC6-9E34-D6A23787BF75,13013,Herselt,Antwerpen,herselt 1,herselt 1,6,flanders
3681,2021,14,larvae,17-08-2021_herselt 1,5AB89730-1687-4EC6-9E34-D6A23787BF75,13013,Herselt,Antwerpen,herselt 1,herselt 1,6,flanders
3682,2021,0,adult,17-08-2021_herselt 2,AAE5A83A-6590-4F17-AF25-0CAAC262AAB9,13013,Herselt,Antwerpen,herselt 2,herselt 2,4,flanders
3683,2021,0,juvenile,17-08-2021_herselt 2,AAE5A83A-6590-4F17-AF25-0CAAC262AAB9,13013,Herselt,Antwerpen,herselt 2,herselt 2,4,flanders
3684,2021,47,larvae,17-08-2021_herselt 2,AAE5A83A-6590-4F17-AF25-0CAAC262AAB9,13013,Herselt,Antwerpen,herselt 2,herselt 2,4,flanders
3685,2021,0,adult,17-08-2021_herselt 8,3D6D580A-AB46-401F-8ABF-43001E535D3F,13013,Herselt,Antwerpen,herselt 8,herselt 8,10,flanders
3686,2021,1,juvenile,17-08-2021_herselt 8,3D6D580A-AB46-401F-8ABF-43001E535D3F,13013,Herselt,Antwerpen,herselt 8,herselt 8,10,flanders
3687,2021,50,larvae,17-08-2021_herselt 8,3D6D580A-AB46-401F-8ABF-43001E535D3F,13013,Herselt,Antwerpen,herselt 8,herselt 8,10,flanders
3688,2023,0,adult,17-08-2023_bergebeek 1,A4760255-D2AE-4D89-BF0B-4E60ABC25410,12014,Heist-Op-Den-Berg,Antwerpen,bergebeek 1,bergebeek 1,2,flanders
3689,2023,0,juvenile,17-08-2023_bergebeek 1,A4760255-D2AE-4D89-BF0B-4E60ABC25410,12014,Heist-Op-Den-Berg,Antwerpen,bergebeek 1,bergebeek 1,2,flanders
3690,2023,1,larvae,17-08-2023_bergebeek 1,A4760255-D2AE-4D89-BF0B-4E60ABC25410,12014,Heist-Op-Den-Berg,Antwerpen,bergebeek 1,bergebeek 1,2,flanders
3691,2023,1,adult,17-08-2023_steenkesloop 1,B08D8107-F3B5-4C98-9757-147574C9402D,13016,Hulshout,Antwerpen,steenkesloop 1,steenkesloop 1,3,flanders
3692,2023,0,juvenile,17-08-2023_steenkesloop 1,B08D8107-F3B5-4C98-9757-147574C9402D,13016,Hulshout,Antwerpen,steenkesloop 1,steenkesloop 1,3,flanders
3693,2023,0,larvae,17-08-2023_steenkesloop 1,B08D8107-F3B5-4C98-9757-147574C9402D,13016,Hulshout,Antwerpen,steenkesloop 1,steenkesloop 1,3,flanders
3694,2013,0,adult,17-09-2013_arendonk 2,fbb3baeb-c846-444c-926e-02445e328b78,13001,Arendonk,Antwerpen,NA,NA,5,flanders
3695,2013,0,juvenile,17-09-2013_arendonk 2,fbb3baeb-c846-444c-926e-02445e328b78,13001,Arendonk,Antwerpen,NA,NA,5,flanders
3696,2013,216,larvae,17-09-2013_arendonk 2,fbb3baeb-c846-444c-926e-02445e328b78,13001,Arendonk,Antwerpen,NA,NA,5,flanders
3697,2014,0,adult,17-09-2014_arendonk 2,fbb3baeb-c846-444c-926e-02445e328b78,13001,Arendonk,Antwerpen,NA,NA,4,flanders
3698,2014,0,juvenile,17-09-2014_arendonk 2,fbb3baeb-c846-444c-926e-02445e328b78,13001,Arendonk,Antwerpen,NA,NA,4,flanders
3699,2014,672,larvae,17-09-2014_arendonk 2,fbb3baeb-c846-444c-926e-02445e328b78,13001,Arendonk,Antwerpen,NA,NA,4,flanders
3700,2019,0,adult,17-10-2019_scheps 20,03167d3d-4f00-42b8-b8be-fbe739205a3c,13003,Balen,Antwerpen,scheps 20,scheps 20,7,flanders
3701,2019,17,juvenile,17-10-2019_scheps 20,03167d3d-4f00-42b8-b8be-fbe739205a3c,13003,Balen,Antwerpen,scheps 20,scheps 20,7,flanders
3702,2019,11,larvae,17-10-2019_scheps 20,03167d3d-4f00-42b8-b8be-fbe739205a3c,13003,Balen,Antwerpen,scheps 20,scheps 20,7,flanders
3703,2019,0,adult,17-10-2019_scheps 6,3f097ed2-a6e2-4db8-ab6d-eb411d610792,13003,Balen,Antwerpen,scheps 6,scheps 6,3,flanders
3704,2019,0,juvenile,17-10-2019_scheps 6,3f097ed2-a6e2-4db8-ab6d-eb411d610792,13003,Balen,Antwerpen,scheps 6,scheps 6,3,flanders
3705,2019,7,larvae,17-10-2019_scheps 6,3f097ed2-a6e2-4db8-ab6d-eb411d610792,13003,Balen,Antwerpen,scheps 6,scheps 6,3,flanders
3706,2024,0,adult,17-10-2024_ham 1,E7E0783B-191D-4BDA-B435-D49C9AE5E857,71069,Ham,Limburg,ham 1,ham 1,8,flanders
3707,2024,1,juvenile,17-10-2024_ham 1,E7E0783B-191D-4BDA-B435-D49C9AE5E857,71069,Ham,Limburg,ham 1,ham 1,8,flanders
3708,2024,745,larvae,17-10-2024_ham 1,E7E0783B-191D-4BDA-B435-D49C9AE5E857,71069,Ham,Limburg,ham 1,ham 1,8,flanders
3709,2024,0,adult,17-10-2024_ham 2,3B6779FB-9177-4C3D-B349-35624C8278F1,71069,Ham,Limburg,ham 2,ham 2,4,flanders
3710,2024,0,juvenile,17-10-2024_ham 2,3B6779FB-9177-4C3D-B349-35624C8278F1,71069,Ham,Limburg,ham 2,ham 2,4,flanders
3711,2024,0,larvae,17-10-2024_ham 2,3B6779FB-9177-4C3D-B349-35624C8278F1,71069,Ham,Limburg,ham 2,ham 2,4,flanders
3712,2017,0,adult,18-05-2017_scheps 6,3f097ed2-a6e2-4db8-ab6d-eb411d610792,13003,Balen,Antwerpen,NA,NA,3,flanders
3713,2017,0,juvenile,18-05-2017_scheps 6,3f097ed2-a6e2-4db8-ab6d-eb411d610792,13003,Balen,Antwerpen,NA,NA,3,flanders
3714,2017,125,larvae,18-05-2017_scheps 6,3f097ed2-a6e2-4db8-ab6d-eb411d610792,13003,Balen,Antwerpen,NA,NA,3,flanders
3715,2021,0,adult,18-05-2021_arendonk 2,fbb3baeb-c846-444c-926e-02445e328b78,13001,Arendonk,Antwerpen,arendonk 2,arendonk 2,10,flanders
3716,2021,0,juvenile,18-05-2021_arendonk 2,fbb3baeb-c846-444c-926e-02445e328b78,13001,Arendonk,Antwerpen,arendonk 2,arendonk 2,10,flanders
3717,2021,51,larvae,18-05-2021_arendonk 2,fbb3baeb-c846-444c-926e-02445e328b78,13001,Arendonk,Antwerpen,arendonk 2,arendonk 2,10,flanders
3718,2021,3,adult,18-05-2021_griesbroek 6,03dc3f07-506f-4c71-bbcd-ad24c177cab5,13003,Balen,Antwerpen,griesbroek 6,griesbroek 6,8,flanders
3719,2021,2,juvenile,18-05-2021_griesbroek 6,03dc3f07-506f-4c71-bbcd-ad24c177cab5,13003,Balen,Antwerpen,griesbroek 6,griesbroek 6,8,flanders
3720,2021,348,larvae,18-05-2021_griesbroek 6,03dc3f07-506f-4c71-bbcd-ad24c177cab5,13003,Balen,Antwerpen,griesbroek 6,griesbroek 6,8,flanders
3721,2021,0,adult,18-05-2021_nijlen b4,d8073f6b-6ef9-4124-b3ab-b9bdb4ab28dc,12026,Nijlen,Antwerpen,nijlen b4,nijlen b4,3,flanders
3722,2021,0,juvenile,18-05-2021_nijlen b4,d8073f6b-6ef9-4124-b3ab-b9bdb4ab28dc,12026,Nijlen,Antwerpen,nijlen b4,nijlen b4,3,flanders
3723,2021,0,larvae,18-05-2021_nijlen b4,d8073f6b-6ef9-4124-b3ab-b9bdb4ab28dc,12026,Nijlen,Antwerpen,nijlen b4,nijlen b4,3,flanders
3724,2021,0,adult,18-05-2021_nijlen b5,02d79285-1ed2-44b9-84d5-96cd0b55f479,12026,Nijlen,Antwerpen,nijlen b5,nijlen b5,3,flanders
3725,2021,0,juvenile,18-05-2021_nijlen b5,02d79285-1ed2-44b9-84d5-96cd0b55f479,12026,Nijlen,Antwerpen,nijlen b5,nijlen b5,3,flanders
3726,2021,0,larvae,18-05-2021_nijlen b5,02d79285-1ed2-44b9-84d5-96cd0b55f479,12026,Nijlen,Antwerpen,nijlen b5,nijlen b5,3,flanders
3727,2022,0,adult,18-05-2022_arendonk 2,fbb3baeb-c846-444c-926e-02445e328b78,13001,Arendonk,Antwerpen,arendonk 2,arendonk 2,19,flanders
3728,2022,0,juvenile,18-05-2022_arendonk 2,fbb3baeb-c846-444c-926e-02445e328b78,13001,Arendonk,Antwerpen,arendonk 2,arendonk 2,19,flanders
3729,2022,1,larvae,18-05-2022_arendonk 2,fbb3baeb-c846-444c-926e-02445e328b78,13001,Arendonk,Antwerpen,arendonk 2,arendonk 2,19,flanders
3730,2022,18,adult,18-05-2022_griesbroek 6,03dc3f07-506f-4c71-bbcd-ad24c177cab5,13003,Balen,Antwerpen,griesbroek 6,griesbroek 6,19,flanders
3731,2022,7,juvenile,18-05-2022_griesbroek 6,03dc3f07-506f-4c71-bbcd-ad24c177cab5,13003,Balen,Antwerpen,griesbroek 6,griesbroek 6,19,flanders
3732,2022,907,larvae,18-05-2022_griesbroek 6,03dc3f07-506f-4c71-bbcd-ad24c177cab5,13003,Balen,Antwerpen,griesbroek 6,griesbroek 6,19,flanders
3733,2022,2,adult,18-05-2022_laakdal 41,3FF122FA-A234-4A59-B023-BF7A15813990,13053,Laakdal,Antwerpen,laakdal 41,laakdal 41,18,flanders
3734,2022,0,juvenile,18-05-2022_laakdal 41,3FF122FA-A234-4A59-B023-BF7A15813990,13053,Laakdal,Antwerpen,laakdal 41,laakdal 41,18,flanders
3735,2022,822,larvae,18-05-2022_laakdal 41,3FF122FA-A234-4A59-B023-BF7A15813990,13053,Laakdal,Antwerpen,laakdal 41,laakdal 41,18,flanders
3736,2022,0,adult,18-05-2022_nijlen l9,f5fae4b8-8b29-46d6-9d83-8dcf2a965cb8,12021,Lier,Antwerpen,nijlen l9,nijlen l9,9,flanders
3737,2022,0,juvenile,18-05-2022_nijlen l9,f5fae4b8-8b29-46d6-9d83-8dcf2a965cb8,12021,Lier,Antwerpen,nijlen l9,nijlen l9,9,flanders
3738,2022,0,larvae,18-05-2022_nijlen l9,f5fae4b8-8b29-46d6-9d83-8dcf2a965cb8,12021,Lier,Antwerpen,nijlen l9,nijlen l9,9,flanders
3739,2023,8,adult,18-05-2023_griesbroek 6,03dc3f07-506f-4c71-bbcd-ad24c177cab5,13003,Balen,Antwerpen,griesbroek 6,griesbroek 6,4,flanders
3740,2023,10,juvenile,18-05-2023_griesbroek 6,03dc3f07-506f-4c71-bbcd-ad24c177cab5,13003,Balen,Antwerpen,griesbroek 6,griesbroek 6,4,flanders
3741,2023,196,larvae,18-05-2023_griesbroek 6,03dc3f07-506f-4c71-bbcd-ad24c177cab5,13003,Balen,Antwerpen,griesbroek 6,griesbroek 6,4,flanders
3742,2023,0,adult,18-05-2023_scheps 20,03167d3d-4f00-42b8-b8be-fbe739205a3c,13003,Balen,Antwerpen,scheps 20,scheps 20,2,flanders
3743,2023,0,juvenile,18-05-2023_scheps 20,03167d3d-4f00-42b8-b8be-fbe739205a3c,13003,Balen,Antwerpen,scheps 20,scheps 20,2,flanders
3744,2023,186,larvae,18-05-2023_scheps 20,03167d3d-4f00-42b8-b8be-fbe739205a3c,13003,Balen,Antwerpen,scheps 20,scheps 20,2,flanders
3745,2013,1,adult,18-06-2013_arendonk 2,fbb3baeb-c846-444c-926e-02445e328b78,13001,Arendonk,Antwerpen,NA,NA,5,flanders
3746,2013,0,juvenile,18-06-2013_arendonk 2,fbb3baeb-c846-444c-926e-02445e328b78,13001,Arendonk,Antwerpen,NA,NA,5,flanders
3747,2013,252,larvae,18-06-2013_arendonk 2,fbb3baeb-c846-444c-926e-02445e328b78,13001,Arendonk,Antwerpen,NA,NA,5,flanders
3748,2014,0,adult,18-06-2014_arendonk 2,fbb3baeb-c846-444c-926e-02445e328b78,13001,Arendonk,Antwerpen,NA,NA,5,flanders
3749,2014,0,juvenile,18-06-2014_arendonk 2,fbb3baeb-c846-444c-926e-02445e328b78,13001,Arendonk,Antwerpen,NA,NA,5,flanders
3750,2014,256,larvae,18-06-2014_arendonk 2,fbb3baeb-c846-444c-926e-02445e328b78,13001,Arendonk,Antwerpen,NA,NA,5,flanders
3751,2014,0,adult,18-06-2014_driehoek,48fb261c-3f3a-4a95-9103-1e6822dae999,13014,Hoogstraten,Antwerpen,NA,NA,3,flanders
3752,2014,0,juvenile,18-06-2014_driehoek,48fb261c-3f3a-4a95-9103-1e6822dae999,13014,Hoogstraten,Antwerpen,NA,NA,3,flanders
3753,2014,181,larvae,18-06-2014_driehoek,48fb261c-3f3a-4a95-9103-1e6822dae999,13014,Hoogstraten,Antwerpen,NA,NA,3,flanders
3754,2014,0,adult,18-06-2014_kasterlee 7,d47894eb-3a0b-4dc1-8804-627d397aa280,13017,Kasterlee,Antwerpen,NA,NA,1,flanders
3755,2014,0,juvenile,18-06-2014_kasterlee 7,d47894eb-3a0b-4dc1-8804-627d397aa280,13017,Kasterlee,Antwerpen,NA,NA,1,flanders
3756,2014,3,larvae,18-06-2014_kasterlee 7,d47894eb-3a0b-4dc1-8804-627d397aa280,13017,Kasterlee,Antwerpen,NA,NA,1,flanders
3757,2015,0,adult,18-06-2015_arendonk 2,fbb3baeb-c846-444c-926e-02445e328b78,13001,Arendonk,Antwerpen,NA,NA,4,flanders
3758,2015,0,juvenile,18-06-2015_arendonk 2,fbb3baeb-c846-444c-926e-02445e328b78,13001,Arendonk,Antwerpen,NA,NA,4,flanders
3759,2015,296,larvae,18-06-2015_arendonk 2,fbb3baeb-c846-444c-926e-02445e328b78,13001,Arendonk,Antwerpen,NA,NA,4,flanders
3760,2015,0,adult,18-06-2015_arendonk 3,60e6e43e-6855-4917-a336-9ac46d087fad,13001,Arendonk,Antwerpen,NA,NA,3,flanders
3761,2015,3,juvenile,18-06-2015_arendonk 3,60e6e43e-6855-4917-a336-9ac46d087fad,13001,Arendonk,Antwerpen,NA,NA,3,flanders
3762,2015,23,larvae,18-06-2015_arendonk 3,60e6e43e-6855-4917-a336-9ac46d087fad,13001,Arendonk,Antwerpen,NA,NA,3,flanders
3763,2017,0,adult,18-06-2017_scheps 10,ff328547-af9c-4e6f-bbf1-5d2856b2da7b,13003,Balen,Antwerpen,NA,NA,2,flanders
3764,2017,0,juvenile,18-06-2017_scheps 10,ff328547-af9c-4e6f-bbf1-5d2856b2da7b,13003,Balen,Antwerpen,NA,NA,2,flanders
3765,2017,62,larvae,18-06-2017_scheps 10,ff328547-af9c-4e6f-bbf1-5d2856b2da7b,13003,Balen,Antwerpen,NA,NA,2,flanders
3766,2019,0,adult,18-06-2019_arendonk 2,fbb3baeb-c846-444c-926e-02445e328b78,13001,Arendonk,Antwerpen,arendonk 2,arendonk 2,5,flanders
3767,2019,0,juvenile,18-06-2019_arendonk 2,fbb3baeb-c846-444c-926e-02445e328b78,13001,Arendonk,Antwerpen,arendonk 2,arendonk 2,5,flanders
3768,2019,19,larvae,18-06-2019_arendonk 2,fbb3baeb-c846-444c-926e-02445e328b78,13001,Arendonk,Antwerpen,arendonk 2,arendonk 2,5,flanders
3769,2020,0,adult,18-06-2020_kasterlee 14,31afab53-0d30-4026-af4d-e94dcecd79c4,13017,Kasterlee,Antwerpen,kasterlee 14,kasterlee 14,2,flanders
3770,2020,0,juvenile,18-06-2020_kasterlee 14,31afab53-0d30-4026-af4d-e94dcecd79c4,13017,Kasterlee,Antwerpen,kasterlee 14,kasterlee 14,2,flanders
3771,2020,0,larvae,18-06-2020_kasterlee 14,31afab53-0d30-4026-af4d-e94dcecd79c4,13017,Kasterlee,Antwerpen,kasterlee 14,kasterlee 14,2,flanders
3772,2020,0,adult,18-06-2020_kasterlee 9,7448a0e8-761d-4b7c-b9dc-cb8944caa7f4,13017,Kasterlee,Antwerpen,kasterlee 9,kasterlee 9,2,flanders
3773,2020,0,juvenile,18-06-2020_kasterlee 9,7448a0e8-761d-4b7c-b9dc-cb8944caa7f4,13017,Kasterlee,Antwerpen,kasterlee 9,kasterlee 9,2,flanders
3774,2020,0,larvae,18-06-2020_kasterlee 9,7448a0e8-761d-4b7c-b9dc-cb8944caa7f4,13017,Kasterlee,Antwerpen,kasterlee 9,kasterlee 9,2,flanders
3775,2020,0,adult,18-06-2020_retiebaan 1,007f5913-1bdf-4e46-b2e3-587a0437fdbc,13017,Kasterlee,Antwerpen,retiebaan 1,retiebaan 1,2,flanders
3776,2020,0,juvenile,18-06-2020_retiebaan 1,007f5913-1bdf-4e46-b2e3-587a0437fdbc,13017,Kasterlee,Antwerpen,retiebaan 1,retiebaan 1,2,flanders
3777,2020,0,larvae,18-06-2020_retiebaan 1,007f5913-1bdf-4e46-b2e3-587a0437fdbc,13017,Kasterlee,Antwerpen,retiebaan 1,retiebaan 1,2,flanders
3778,2020,0,adult,18-06-2020_retiebaan 2,4e76c083-9d1e-4900-8395-911d04e4e5ea,13017,Kasterlee,Antwerpen,retiebaan 2,retiebaan 2,2,flanders
3779,2020,0,juvenile,18-06-2020_retiebaan 2,4e76c083-9d1e-4900-8395-911d04e4e5ea,13017,Kasterlee,Antwerpen,retiebaan 2,retiebaan 2,2,flanders
3780,2020,0,larvae,18-06-2020_retiebaan 2,4e76c083-9d1e-4900-8395-911d04e4e5ea,13017,Kasterlee,Antwerpen,retiebaan 2,retiebaan 2,2,flanders
3781,2020,0,adult,18-06-2020_retiebaan 3,0db5f7a9-ae54-41f3-9763-fe3d472a2a15,13017,Kasterlee,Antwerpen,retiebaan 3,retiebaan 3,1,flanders
3782,2020,0,juvenile,18-06-2020_retiebaan 3,0db5f7a9-ae54-41f3-9763-fe3d472a2a15,13017,Kasterlee,Antwerpen,retiebaan 3,retiebaan 3,1,flanders
3783,2020,0,larvae,18-06-2020_retiebaan 3,0db5f7a9-ae54-41f3-9763-fe3d472a2a15,13017,Kasterlee,Antwerpen,retiebaan 3,retiebaan 3,1,flanders
3784,2021,1,adult,18-06-2021_laakdal 42,CFE5F760-038E-4AFA-A19C-F41167BA5C06,13053,Laakdal,Antwerpen,laakdal 42,laakdal 42,12,flanders
3785,2021,8,juvenile,18-06-2021_laakdal 42,CFE5F760-038E-4AFA-A19C-F41167BA5C06,13053,Laakdal,Antwerpen,laakdal 42,laakdal 42,12,flanders
3786,2021,1416,larvae,18-06-2021_laakdal 42,CFE5F760-038E-4AFA-A19C-F41167BA5C06,13053,Laakdal,Antwerpen,laakdal 42,laakdal 42,12,flanders
3787,2021,0,adult,18-06-2021_lokkerse dammen,47F86C95-BCD2-42C6-881B-EF162EE55CC4,13001,Arendonk,Antwerpen,lokkerse dammen,lokkerse dammen,3,flanders
3788,2021,0,juvenile,18-06-2021_lokkerse dammen,47F86C95-BCD2-42C6-881B-EF162EE55CC4,13001,Arendonk,Antwerpen,lokkerse dammen,lokkerse dammen,3,flanders
3789,2021,0,larvae,18-06-2021_lokkerse dammen,47F86C95-BCD2-42C6-881B-EF162EE55CC4,13001,Arendonk,Antwerpen,lokkerse dammen,lokkerse dammen,3,flanders
3790,2021,0,adult,18-06-2021_nijlen l9,f5fae4b8-8b29-46d6-9d83-8dcf2a965cb8,12021,Lier,Antwerpen,nijlen l9,nijlen l9,8,flanders
3791,2021,0,juvenile,18-06-2021_nijlen l9,f5fae4b8-8b29-46d6-9d83-8dcf2a965cb8,12021,Lier,Antwerpen,nijlen l9,nijlen l9,8,flanders
3792,2021,0,larvae,18-06-2021_nijlen l9,f5fae4b8-8b29-46d6-9d83-8dcf2a965cb8,12021,Lier,Antwerpen,nijlen l9,nijlen l9,8,flanders
3793,2024,0,adult,18-06-2024_antbal0342,8C17BEDF-B841-417C-B379-1D11FDDAA8B5,13003,Balen,Antwerpen,antbal0342,antbal0342,13,flanders
3794,2024,0,juvenile,18-06-2024_antbal0342,8C17BEDF-B841-417C-B379-1D11FDDAA8B5,13003,Balen,Antwerpen,antbal0342,antbal0342,13,flanders
3795,2024,124,larvae,18-06-2024_antbal0342,8C17BEDF-B841-417C-B379-1D11FDDAA8B5,13003,Balen,Antwerpen,antbal0342,antbal0342,13,flanders
3796,2024,0,adult,18-06-2024_arendonk 2,fbb3baeb-c846-444c-926e-02445e328b78,13001,Arendonk,Antwerpen,arendonk 2,arendonk 2,20,flanders
3797,2024,0,juvenile,18-06-2024_arendonk 2,fbb3baeb-c846-444c-926e-02445e328b78,13001,Arendonk,Antwerpen,arendonk 2,arendonk 2,20,flanders
3798,2024,0,larvae,18-06-2024_arendonk 2,fbb3baeb-c846-444c-926e-02445e328b78,13001,Arendonk,Antwerpen,arendonk 2,arendonk 2,20,flanders
3799,2024,1,adult,18-06-2024_molse nete 25,CCB25757-251A-496E-BE76-0FCEBCCE248E,13003,Balen,Antwerpen,molse nete 25,molse nete 25,2,flanders
3800,2024,0,juvenile,18-06-2024_molse nete 25,CCB25757-251A-496E-BE76-0FCEBCCE248E,13003,Balen,Antwerpen,molse nete 25,molse nete 25,2,flanders
3801,2024,615,larvae,18-06-2024_molse nete 25,CCB25757-251A-496E-BE76-0FCEBCCE248E,13003,Balen,Antwerpen,molse nete 25,molse nete 25,2,flanders
3802,2024,0,adult,18-06-2024_molse nete 27,13C21386-73BD-4394-BF8C-D621BB1AE140,13003,Balen,Antwerpen,molse nete 27,molse nete 27,12,flanders
3803,2024,2,juvenile,18-06-2024_molse nete 27,13C21386-73BD-4394-BF8C-D621BB1AE140,13003,Balen,Antwerpen,molse nete 27,molse nete 27,12,flanders
3804,2024,1,larvae,18-06-2024_molse nete 27,13C21386-73BD-4394-BF8C-D621BB1AE140,13003,Balen,Antwerpen,molse nete 27,molse nete 27,12,flanders
3805,2024,1,adult,18-06-2024_molse nete 29,B58A0CA0-1DD3-4A71-B356-C088AF4BA385,13003,Balen,Antwerpen,molse nete 29,molse nete 29,6,flanders
3806,2024,2,juvenile,18-06-2024_molse nete 29,B58A0CA0-1DD3-4A71-B356-C088AF4BA385,13003,Balen,Antwerpen,molse nete 29,molse nete 29,6,flanders
3807,2024,0,larvae,18-06-2024_molse nete 29,B58A0CA0-1DD3-4A71-B356-C088AF4BA385,13003,Balen,Antwerpen,molse nete 29,molse nete 29,6,flanders
3808,2024,12,adult,18-06-2024_molse nete 34,C9CD45C3-D4B7-43B3-A539-282D76046F45,13003,Balen,Antwerpen,molse nete 34,molse nete 34,14,flanders
3809,2024,0,juvenile,18-06-2024_molse nete 34,C9CD45C3-D4B7-43B3-A539-282D76046F45,13003,Balen,Antwerpen,molse nete 34,molse nete 34,14,flanders
3810,2024,0,larvae,18-06-2024_molse nete 34,C9CD45C3-D4B7-43B3-A539-282D76046F45,13003,Balen,Antwerpen,molse nete 34,molse nete 34,14,flanders
3811,2025,0,adult,18-06-2025_antlkd 0300,30BC8B78-B6A9-45DE-92CD-A7801509C5CF,13053,Laakdal,Antwerpen,antlkd 0300,antlkd 0300,4,flanders
3812,2025,5,juvenile,18-06-2025_antlkd 0300,30BC8B78-B6A9-45DE-92CD-A7801509C5CF,13053,Laakdal,Antwerpen,antlkd 0300,antlkd 0300,4,flanders
3813,2025,0,larvae,18-06-2025_antlkd 0300,30BC8B78-B6A9-45DE-92CD-A7801509C5CF,13053,Laakdal,Antwerpen,antlkd 0300,antlkd 0300,4,flanders
3814,2025,4,adult,18-06-2025_bel 1,E889F226-84B5-499E-A73B-A5DF719C540C,13008,Geel,Antwerpen,bel 1,bel 1,3,flanders
3815,2025,13,juvenile,18-06-2025_bel 1,E889F226-84B5-499E-A73B-A5DF719C540C,13008,Geel,Antwerpen,bel 1,bel 1,3,flanders
3816,2025,631,larvae,18-06-2025_bel 1,E889F226-84B5-499E-A73B-A5DF719C540C,13008,Geel,Antwerpen,bel 1,bel 1,3,flanders
3817,2025,7,adult,18-06-2025_geel kruiskwacht 2,781F2ED8-0177-4D33-902F-C7DC87D7808E,13008,Geel,Antwerpen,geel kruiskwacht 2,geel kruiskwacht 2,8,flanders
3818,2025,0,juvenile,18-06-2025_geel kruiskwacht 2,781F2ED8-0177-4D33-902F-C7DC87D7808E,13008,Geel,Antwerpen,geel kruiskwacht 2,geel kruiskwacht 2,8,flanders
3819,2025,1800,larvae,18-06-2025_geel kruiskwacht 2,781F2ED8-0177-4D33-902F-C7DC87D7808E,13008,Geel,Antwerpen,geel kruiskwacht 2,geel kruiskwacht 2,8,flanders
3820,2025,10,adult,18-06-2025_geel kruiskwacht 3,03D4A801-541C-48F7-86F0-F65BE5D1B246,13008,Geel,Antwerpen,geel kruiskwacht 3,geel kruiskwacht 3,2,flanders
3821,2025,4,juvenile,18-06-2025_geel kruiskwacht 3,03D4A801-541C-48F7-86F0-F65BE5D1B246,13008,Geel,Antwerpen,geel kruiskwacht 3,geel kruiskwacht 3,2,flanders
3822,2025,46,larvae,18-06-2025_geel kruiskwacht 3,03D4A801-541C-48F7-86F0-F65BE5D1B246,13008,Geel,Antwerpen,geel kruiskwacht 3,geel kruiskwacht 3,2,flanders
3823,2025,0,adult,18-06-2025_laakdal 41,3FF122FA-A234-4A59-B023-BF7A15813990,13053,Laakdal,Antwerpen,laakdal 41,laakdal 41,4,flanders
3824,2025,0,juvenile,18-06-2025_laakdal 41,3FF122FA-A234-4A59-B023-BF7A15813990,13053,Laakdal,Antwerpen,laakdal 41,laakdal 41,4,flanders
3825,2025,180,larvae,18-06-2025_laakdal 41,3FF122FA-A234-4A59-B023-BF7A15813990,13053,Laakdal,Antwerpen,laakdal 41,laakdal 41,4,flanders
3826,2025,2,adult,18-06-2025_laakdal 5,62abe301-066c-4fa9-a54d-14e8b8882923,13053,Laakdal,Antwerpen,laakdal 5,laakdal 5,5,flanders
3827,2025,6,juvenile,18-06-2025_laakdal 5,62abe301-066c-4fa9-a54d-14e8b8882923,13053,Laakdal,Antwerpen,laakdal 5,laakdal 5,5,flanders
3828,2025,591,larvae,18-06-2025_laakdal 5,62abe301-066c-4fa9-a54d-14e8b8882923,13053,Laakdal,Antwerpen,laakdal 5,laakdal 5,5,flanders
3829,2012,0,adult,18-07-2012_arendonk 2,fbb3baeb-c846-444c-926e-02445e328b78,13001,Arendonk,Antwerpen,NA,NA,6,flanders
3830,2012,0,juvenile,18-07-2012_arendonk 2,fbb3baeb-c846-444c-926e-02445e328b78,13001,Arendonk,Antwerpen,NA,NA,6,flanders
3831,2012,44,larvae,18-07-2012_arendonk 2,fbb3baeb-c846-444c-926e-02445e328b78,13001,Arendonk,Antwerpen,NA,NA,6,flanders
3832,2013,0,adult,18-07-2013_arendonk 2,fbb3baeb-c846-444c-926e-02445e328b78,13001,Arendonk,Antwerpen,NA,NA,5,flanders
3833,2013,0,juvenile,18-07-2013_arendonk 2,fbb3baeb-c846-444c-926e-02445e328b78,13001,Arendonk,Antwerpen,NA,NA,5,flanders
3834,2013,145,larvae,18-07-2013_arendonk 2,fbb3baeb-c846-444c-926e-02445e328b78,13001,Arendonk,Antwerpen,NA,NA,5,flanders
3835,2018,1,adult,18-07-2018_nijlen b10,554e3c11-e529-4b0b-a162-714c72d3547e,12026,Nijlen,Antwerpen,NA,NA,6,flanders
3836,2018,0,juvenile,18-07-2018_nijlen b10,554e3c11-e529-4b0b-a162-714c72d3547e,12026,Nijlen,Antwerpen,NA,NA,6,flanders
3837,2018,3856,larvae,18-07-2018_nijlen b10,554e3c11-e529-4b0b-a162-714c72d3547e,12026,Nijlen,Antwerpen,NA,NA,6,flanders
3838,2018,7,adult,18-07-2018_scheps 10,ff328547-af9c-4e6f-bbf1-5d2856b2da7b,13003,Balen,Antwerpen,scheps 10,scheps 10,3,flanders
3839,2018,2,juvenile,18-07-2018_scheps 10,ff328547-af9c-4e6f-bbf1-5d2856b2da7b,13003,Balen,Antwerpen,scheps 10,scheps 10,3,flanders
3840,2018,0,larvae,18-07-2018_scheps 10,ff328547-af9c-4e6f-bbf1-5d2856b2da7b,13003,Balen,Antwerpen,scheps 10,scheps 10,3,flanders
3841,2018,4,adult,18-07-2018_scheps 20,03167d3d-4f00-42b8-b8be-fbe739205a3c,13003,Balen,Antwerpen,scheps 20,scheps 20,5,flanders
3842,2018,8,juvenile,18-07-2018_scheps 20,03167d3d-4f00-42b8-b8be-fbe739205a3c,13003,Balen,Antwerpen,scheps 20,scheps 20,5,flanders
3843,2018,300,larvae,18-07-2018_scheps 20,03167d3d-4f00-42b8-b8be-fbe739205a3c,13003,Balen,Antwerpen,scheps 20,scheps 20,5,flanders
3844,2018,0,adult,18-07-2018_scheps 25,860f4a06-105d-4001-af9d-2f9a58d3b7ba,13003,Balen,Antwerpen,scheps 25,scheps 25,1,flanders
3845,2018,1,juvenile,18-07-2018_scheps 25,860f4a06-105d-4001-af9d-2f9a58d3b7ba,13003,Balen,Antwerpen,scheps 25,scheps 25,1,flanders
3846,2018,0,larvae,18-07-2018_scheps 25,860f4a06-105d-4001-af9d-2f9a58d3b7ba,13003,Balen,Antwerpen,scheps 25,scheps 25,1,flanders
3847,2018,1,adult,18-07-2018_scheps 8,909d4ce7-901a-499c-b993-242731897f23,13003,Balen,Antwerpen,scheps 8,scheps 8,2,flanders
3848,2018,0,juvenile,18-07-2018_scheps 8,909d4ce7-901a-499c-b993-242731897f23,13003,Balen,Antwerpen,scheps 8,scheps 8,2,flanders
3849,2018,0,larvae,18-07-2018_scheps 8,909d4ce7-901a-499c-b993-242731897f23,13003,Balen,Antwerpen,scheps 8,scheps 8,2,flanders
3850,2019,1,adult,18-07-2019_scheps 6,3f097ed2-a6e2-4db8-ab6d-eb411d610792,13003,Balen,Antwerpen,scheps 6,scheps 6,5,flanders
3851,2019,0,juvenile,18-07-2019_scheps 6,3f097ed2-a6e2-4db8-ab6d-eb411d610792,13003,Balen,Antwerpen,scheps 6,scheps 6,5,flanders
3852,2019,76,larvae,18-07-2019_scheps 6,3f097ed2-a6e2-4db8-ab6d-eb411d610792,13003,Balen,Antwerpen,scheps 6,scheps 6,5,flanders
3853,2019,0,adult,18-07-2019_scheps 7,009d325e-8c76-4049-bc69-31f6163e254e,13003,Balen,Antwerpen,scheps 7,scheps 7,4,flanders
3854,2019,2,juvenile,18-07-2019_scheps 7,009d325e-8c76-4049-bc69-31f6163e254e,13003,Balen,Antwerpen,scheps 7,scheps 7,4,flanders
3855,2019,85,larvae,18-07-2019_scheps 7,009d325e-8c76-4049-bc69-31f6163e254e,13003,Balen,Antwerpen,scheps 7,scheps 7,4,flanders
3856,2023,0,adult,18-07-2023_antbal0342,8C17BEDF-B841-417C-B379-1D11FDDAA8B5,13003,Balen,Antwerpen,antbal0342,antbal0342,6,flanders
3857,2023,23,juvenile,18-07-2023_antbal0342,8C17BEDF-B841-417C-B379-1D11FDDAA8B5,13003,Balen,Antwerpen,antbal0342,antbal0342,6,flanders
3858,2023,277,larvae,18-07-2023_antbal0342,8C17BEDF-B841-417C-B379-1D11FDDAA8B5,13003,Balen,Antwerpen,antbal0342,antbal0342,6,flanders
3859,2023,0,adult,18-07-2023_molse nete 25,CCB25757-251A-496E-BE76-0FCEBCCE248E,13003,Balen,Antwerpen,molse nete 25,molse nete 25,6,flanders
3860,2023,22,juvenile,18-07-2023_molse nete 25,CCB25757-251A-496E-BE76-0FCEBCCE248E,13003,Balen,Antwerpen,molse nete 25,molse nete 25,6,flanders
3861,2023,212,larvae,18-07-2023_molse nete 25,CCB25757-251A-496E-BE76-0FCEBCCE248E,13003,Balen,Antwerpen,molse nete 25,molse nete 25,6,flanders
3862,2023,0,adult,18-07-2023_molse nete 27,13C21386-73BD-4394-BF8C-D621BB1AE140,13003,Balen,Antwerpen,molse nete 27,molse nete 27,7,flanders
3863,2023,19,juvenile,18-07-2023_molse nete 27,13C21386-73BD-4394-BF8C-D621BB1AE140,13003,Balen,Antwerpen,molse nete 27,molse nete 27,7,flanders
3864,2023,2,larvae,18-07-2023_molse nete 27,13C21386-73BD-4394-BF8C-D621BB1AE140,13003,Balen,Antwerpen,molse nete 27,molse nete 27,7,flanders
3865,2023,0,adult,18-07-2023_molse nete 29,B58A0CA0-1DD3-4A71-B356-C088AF4BA385,13003,Balen,Antwerpen,molse nete 29,molse nete 29,5,flanders
3866,2023,6,juvenile,18-07-2023_molse nete 29,B58A0CA0-1DD3-4A71-B356-C088AF4BA385,13003,Balen,Antwerpen,molse nete 29,molse nete 29,5,flanders
3867,2023,0,larvae,18-07-2023_molse nete 29,B58A0CA0-1DD3-4A71-B356-C088AF4BA385,13003,Balen,Antwerpen,molse nete 29,molse nete 29,5,flanders
3868,2024,0,adult,18-07-2024_bergebeek 13,AA1C5AEB-1927-4A7D-82DA-C77991F64475,12014,Heist-Op-Den-Berg,Antwerpen,bergebeek 13,bergebeek 13,10,flanders
3869,2024,0,juvenile,18-07-2024_bergebeek 13,AA1C5AEB-1927-4A7D-82DA-C77991F64475,12014,Heist-Op-Den-Berg,Antwerpen,bergebeek 13,bergebeek 13,10,flanders
3870,2024,0,larvae,18-07-2024_bergebeek 13,AA1C5AEB-1927-4A7D-82DA-C77991F64475,12014,Heist-Op-Den-Berg,Antwerpen,bergebeek 13,bergebeek 13,10,flanders
3871,2024,0,adult,18-07-2024_bergebeek 14,08720CE6-15D9-43FE-B17A-BB1EF6A297F6,12014,Heist-Op-Den-Berg,Antwerpen,bergebeek 14,bergebeek 14,5,flanders
3872,2024,0,juvenile,18-07-2024_bergebeek 14,08720CE6-15D9-43FE-B17A-BB1EF6A297F6,12014,Heist-Op-Den-Berg,Antwerpen,bergebeek 14,bergebeek 14,5,flanders
3873,2024,0,larvae,18-07-2024_bergebeek 14,08720CE6-15D9-43FE-B17A-BB1EF6A297F6,12014,Heist-Op-Den-Berg,Antwerpen,bergebeek 14,bergebeek 14,5,flanders
3874,2024,1,adult,18-07-2024_bergebeek 15,CCFA3C5A-7AF9-4D97-A91C-F76A6075AA3B,12014,Heist-Op-Den-Berg,Antwerpen,bergebeek 15,bergebeek 15,4,flanders
3875,2024,0,juvenile,18-07-2024_bergebeek 15,CCFA3C5A-7AF9-4D97-A91C-F76A6075AA3B,12014,Heist-Op-Den-Berg,Antwerpen,bergebeek 15,bergebeek 15,4,flanders
3876,2024,0,larvae,18-07-2024_bergebeek 15,CCFA3C5A-7AF9-4D97-A91C-F76A6075AA3B,12014,Heist-Op-Den-Berg,Antwerpen,bergebeek 15,bergebeek 15,4,flanders
3877,2024,0,adult,18-07-2024_bergebeek 16,6B47CBD9-30B3-44B0-9AE9-FFA163452F8D,12014,Heist-Op-Den-Berg,Antwerpen,bergebeek 16,bergebeek 16,4,flanders
3878,2024,0,juvenile,18-07-2024_bergebeek 16,6B47CBD9-30B3-44B0-9AE9-FFA163452F8D,12014,Heist-Op-Den-Berg,Antwerpen,bergebeek 16,bergebeek 16,4,flanders
3879,2024,0,larvae,18-07-2024_bergebeek 16,6B47CBD9-30B3-44B0-9AE9-FFA163452F8D,12014,Heist-Op-Den-Berg,Antwerpen,bergebeek 16,bergebeek 16,4,flanders
3880,2024,0,adult,18-07-2024_bergebeek 20,C387082F-1875-4B0D-8D74-0E9A64E5549F,12014,Heist-Op-Den-Berg,Antwerpen,bergebeek 20,bergebeek 20,5,flanders
3881,2024,0,juvenile,18-07-2024_bergebeek 20,C387082F-1875-4B0D-8D74-0E9A64E5549F,12014,Heist-Op-Den-Berg,Antwerpen,bergebeek 20,bergebeek 20,5,flanders
3882,2024,0,larvae,18-07-2024_bergebeek 20,C387082F-1875-4B0D-8D74-0E9A64E5549F,12014,Heist-Op-Den-Berg,Antwerpen,bergebeek 20,bergebeek 20,5,flanders
3883,2024,0,adult,18-07-2024_scheps 34,1095ed65-0f2b-45bf-8cc7-47537a7b1f00,13003,Balen,Antwerpen,scheps 34,scheps 34,5,flanders
3884,2024,1,juvenile,18-07-2024_scheps 34,1095ed65-0f2b-45bf-8cc7-47537a7b1f00,13003,Balen,Antwerpen,scheps 34,scheps 34,5,flanders
3885,2024,11,larvae,18-07-2024_scheps 34,1095ed65-0f2b-45bf-8cc7-47537a7b1f00,13003,Balen,Antwerpen,scheps 34,scheps 34,5,flanders
3886,2024,1,adult,18-07-2024_scheps 35,C40A62BC-753E-4B8E-A09E-101C73DE9BD0,13021,Meerhout,Antwerpen,scheps 35,scheps 35,7,flanders
3887,2024,1,juvenile,18-07-2024_scheps 35,C40A62BC-753E-4B8E-A09E-101C73DE9BD0,13021,Meerhout,Antwerpen,scheps 35,scheps 35,7,flanders
3888,2024,881,larvae,18-07-2024_scheps 35,C40A62BC-753E-4B8E-A09E-101C73DE9BD0,13021,Meerhout,Antwerpen,scheps 35,scheps 35,7,flanders
3889,2024,2,adult,18-07-2024_scheps 40,F839D846-F59A-4D49-AE3A-724B06CE89E4,13003,Balen,Antwerpen,scheps 40,scheps 40,6,flanders
3890,2024,1,juvenile,18-07-2024_scheps 40,F839D846-F59A-4D49-AE3A-724B06CE89E4,13003,Balen,Antwerpen,scheps 40,scheps 40,6,flanders
3891,2024,0,larvae,18-07-2024_scheps 40,F839D846-F59A-4D49-AE3A-724B06CE89E4,13003,Balen,Antwerpen,scheps 40,scheps 40,6,flanders
3892,2025,4,adult,18-07-2025_antgee 0223,E1FC241D-6C7B-47C7-8C5A-F3818113F7DD,13008,Geel,Antwerpen,antgee 0223,antgee 0223,4,flanders
3893,2025,19,juvenile,18-07-2025_antgee 0223,E1FC241D-6C7B-47C7-8C5A-F3818113F7DD,13008,Geel,Antwerpen,antgee 0223,antgee 0223,4,flanders
3894,2025,36,larvae,18-07-2025_antgee 0223,E1FC241D-6C7B-47C7-8C5A-F3818113F7DD,13008,Geel,Antwerpen,antgee 0223,antgee 0223,4,flanders
3895,2025,0,adult,18-07-2025_antgee 0993,F3602AC8-134A-479B-A76F-AE735DF5D6E1,13008,Geel,Antwerpen,antgee 0993,antgee 0993,2,flanders
3896,2025,3,juvenile,18-07-2025_antgee 0993,F3602AC8-134A-479B-A76F-AE735DF5D6E1,13008,Geel,Antwerpen,antgee 0993,antgee 0993,2,flanders
3897,2025,180,larvae,18-07-2025_antgee 0993,F3602AC8-134A-479B-A76F-AE735DF5D6E1,13008,Geel,Antwerpen,antgee 0993,antgee 0993,2,flanders
3898,2025,2,adult,18-07-2025_antgee 1023,ADA68F96-7C72-4FB6-922D-54D0778942C1,13008,Geel,Antwerpen,antgee 1023,antgee 1023,4,flanders
3899,2025,3,juvenile,18-07-2025_antgee 1023,ADA68F96-7C72-4FB6-922D-54D0778942C1,13008,Geel,Antwerpen,antgee 1023,antgee 1023,4,flanders
3900,2025,43,larvae,18-07-2025_antgee 1023,ADA68F96-7C72-4FB6-922D-54D0778942C1,13008,Geel,Antwerpen,antgee 1023,antgee 1023,4,flanders
3901,2025,0,adult,18-07-2025_antlkd 0140,C083680A-FAAF-4724-8807-2F402E674311,13053,Laakdal,Antwerpen,antlkd 0140,antlkd 0140,5,flanders
3902,2025,0,juvenile,18-07-2025_antlkd 0140,C083680A-FAAF-4724-8807-2F402E674311,13053,Laakdal,Antwerpen,antlkd 0140,antlkd 0140,5,flanders
3903,2025,0,larvae,18-07-2025_antlkd 0140,C083680A-FAAF-4724-8807-2F402E674311,13053,Laakdal,Antwerpen,antlkd 0140,antlkd 0140,5,flanders
3904,2025,2,adult,18-07-2025_laakdal 16a,6390430e-5452-4bf9-9f99-97ad75bacf11,13053,Laakdal,Antwerpen,laakdal 16a,laakdal 16a,4,flanders
3905,2025,0,juvenile,18-07-2025_laakdal 16a,6390430e-5452-4bf9-9f99-97ad75bacf11,13053,Laakdal,Antwerpen,laakdal 16a,laakdal 16a,4,flanders
3906,2025,0,larvae,18-07-2025_laakdal 16a,6390430e-5452-4bf9-9f99-97ad75bacf11,13053,Laakdal,Antwerpen,laakdal 16a,laakdal 16a,4,flanders
3907,2025,0,adult,18-07-2025_laakdal 29a,de83344d-e0f9-4f55-a1a8-78276efef1a7,13053,Laakdal,Antwerpen,laakdal 29a,laakdal 29a,2,flanders
3908,2025,0,juvenile,18-07-2025_laakdal 29a,de83344d-e0f9-4f55-a1a8-78276efef1a7,13053,Laakdal,Antwerpen,laakdal 29a,laakdal 29a,2,flanders
3909,2025,0,larvae,18-07-2025_laakdal 29a,de83344d-e0f9-4f55-a1a8-78276efef1a7,13053,Laakdal,Antwerpen,laakdal 29a,laakdal 29a,2,flanders
3910,2025,0,adult,18-07-2025_laakdal 30c,e8165c62-451a-4d96-882f-468098023cc4,13053,Laakdal,Antwerpen,laakdal 30c,laakdal 30c,3,flanders
3911,2025,0,juvenile,18-07-2025_laakdal 30c,e8165c62-451a-4d96-882f-468098023cc4,13053,Laakdal,Antwerpen,laakdal 30c,laakdal 30c,3,flanders
3912,2025,0,larvae,18-07-2025_laakdal 30c,e8165c62-451a-4d96-882f-468098023cc4,13053,Laakdal,Antwerpen,laakdal 30c,laakdal 30c,3,flanders
3913,2025,0,adult,18-07-2025_laakdal 42,CFE5F760-038E-4AFA-A19C-F41167BA5C06,13053,Laakdal,Antwerpen,laakdal 42,laakdal 42,3,flanders
3914,2025,5,juvenile,18-07-2025_laakdal 42,CFE5F760-038E-4AFA-A19C-F41167BA5C06,13053,Laakdal,Antwerpen,laakdal 42,laakdal 42,3,flanders
3915,2025,21,larvae,18-07-2025_laakdal 42,CFE5F760-038E-4AFA-A19C-F41167BA5C06,13053,Laakdal,Antwerpen,laakdal 42,laakdal 42,3,flanders
3916,2010,0,adult,18-08-2010_driehoek,48fb261c-3f3a-4a95-9103-1e6822dae999,13014,Hoogstraten,Antwerpen,NA,NA,3,flanders
3917,2010,2,juvenile,18-08-2010_driehoek,48fb261c-3f3a-4a95-9103-1e6822dae999,13014,Hoogstraten,Antwerpen,NA,NA,3,flanders
3918,2010,41,larvae,18-08-2010_driehoek,48fb261c-3f3a-4a95-9103-1e6822dae999,13014,Hoogstraten,Antwerpen,NA,NA,3,flanders
3919,2016,0,adult,18-08-2016_rechthoekigevijver 1,af2ebe57-4936-494d-b42d-7cecc1d83ea5,13014,Hoogstraten,Antwerpen,NA,NA,4,flanders
3920,2016,0,juvenile,18-08-2016_rechthoekigevijver 1,af2ebe57-4936-494d-b42d-7cecc1d83ea5,13014,Hoogstraten,Antwerpen,NA,NA,4,flanders
3921,2016,6,larvae,18-08-2016_rechthoekigevijver 1,af2ebe57-4936-494d-b42d-7cecc1d83ea5,13014,Hoogstraten,Antwerpen,NA,NA,4,flanders
3922,2021,0,adult,18-08-2021_herselt 1,5AB89730-1687-4EC6-9E34-D6A23787BF75,13013,Herselt,Antwerpen,herselt 1,herselt 1,5,flanders
3923,2021,0,juvenile,18-08-2021_herselt 1,5AB89730-1687-4EC6-9E34-D6A23787BF75,13013,Herselt,Antwerpen,herselt 1,herselt 1,5,flanders
3924,2021,6,larvae,18-08-2021_herselt 1,5AB89730-1687-4EC6-9E34-D6A23787BF75,13013,Herselt,Antwerpen,herselt 1,herselt 1,5,flanders
3925,2021,0,adult,18-08-2021_herselt 2,AAE5A83A-6590-4F17-AF25-0CAAC262AAB9,13013,Herselt,Antwerpen,herselt 2,herselt 2,4,flanders
3926,2021,0,juvenile,18-08-2021_herselt 2,AAE5A83A-6590-4F17-AF25-0CAAC262AAB9,13013,Herselt,Antwerpen,herselt 2,herselt 2,4,flanders
3927,2021,1,larvae,18-08-2021_herselt 2,AAE5A83A-6590-4F17-AF25-0CAAC262AAB9,13013,Herselt,Antwerpen,herselt 2,herselt 2,4,flanders
3928,2021,0,adult,18-08-2021_herselt 8,3D6D580A-AB46-401F-8ABF-43001E535D3F,13013,Herselt,Antwerpen,herselt 8,herselt 8,10,flanders
3929,2021,0,juvenile,18-08-2021_herselt 8,3D6D580A-AB46-401F-8ABF-43001E535D3F,13013,Herselt,Antwerpen,herselt 8,herselt 8,10,flanders
3930,2021,48,larvae,18-08-2021_herselt 8,3D6D580A-AB46-401F-8ABF-43001E535D3F,13013,Herselt,Antwerpen,herselt 8,herselt 8,10,flanders
3931,2023,0,adult,18-08-2023_bergebeek 1,A4760255-D2AE-4D89-BF0B-4E60ABC25410,12014,Heist-Op-Den-Berg,Antwerpen,bergebeek 1,bergebeek 1,8,flanders
3932,2023,1,juvenile,18-08-2023_bergebeek 1,A4760255-D2AE-4D89-BF0B-4E60ABC25410,12014,Heist-Op-Den-Berg,Antwerpen,bergebeek 1,bergebeek 1,8,flanders
3933,2023,0,larvae,18-08-2023_bergebeek 1,A4760255-D2AE-4D89-BF0B-4E60ABC25410,12014,Heist-Op-Den-Berg,Antwerpen,bergebeek 1,bergebeek 1,8,flanders
3934,2023,0,adult,18-08-2023_bergebeek 2,E7E36A76-5373-4375-BE63-2EB245A510E2,12014,Heist-Op-Den-Berg,Antwerpen,bergebeek 2,bergebeek 2,5,flanders
3935,2023,0,juvenile,18-08-2023_bergebeek 2,E7E36A76-5373-4375-BE63-2EB245A510E2,12014,Heist-Op-Den-Berg,Antwerpen,bergebeek 2,bergebeek 2,5,flanders
3936,2023,0,larvae,18-08-2023_bergebeek 2,E7E36A76-5373-4375-BE63-2EB245A510E2,12014,Heist-Op-Den-Berg,Antwerpen,bergebeek 2,bergebeek 2,5,flanders
3937,2023,0,adult,18-08-2023_steenkesloop 1,B08D8107-F3B5-4C98-9757-147574C9402D,13016,Hulshout,Antwerpen,steenkesloop 1,steenkesloop 1,3,flanders
3938,2023,0,juvenile,18-08-2023_steenkesloop 1,B08D8107-F3B5-4C98-9757-147574C9402D,13016,Hulshout,Antwerpen,steenkesloop 1,steenkesloop 1,3,flanders
3939,2023,0,larvae,18-08-2023_steenkesloop 1,B08D8107-F3B5-4C98-9757-147574C9402D,13016,Hulshout,Antwerpen,steenkesloop 1,steenkesloop 1,3,flanders
3940,2023,0,adult,18-08-2023_steenkesloop 5,ECA7478C-5118-4264-AEC9-BEA600FCCF86,13016,Hulshout,Antwerpen,steenkesloop 5,steenkesloop 5,4,flanders
3941,2023,0,juvenile,18-08-2023_steenkesloop 5,ECA7478C-5118-4264-AEC9-BEA600FCCF86,13016,Hulshout,Antwerpen,steenkesloop 5,steenkesloop 5,4,flanders
3942,2023,0,larvae,18-08-2023_steenkesloop 5,ECA7478C-5118-4264-AEC9-BEA600FCCF86,13016,Hulshout,Antwerpen,steenkesloop 5,steenkesloop 5,4,flanders
3943,2023,0,adult,18-08-2023_steenkesloop 6,0C4240E4-2E14-4631-9259-20492CB3FD01,13016,Hulshout,Antwerpen,steenkesloop 6,steenkesloop 6,5,flanders
3944,2023,0,juvenile,18-08-2023_steenkesloop 6,0C4240E4-2E14-4631-9259-20492CB3FD01,13016,Hulshout,Antwerpen,steenkesloop 6,steenkesloop 6,5,flanders
3945,2023,0,larvae,18-08-2023_steenkesloop 6,0C4240E4-2E14-4631-9259-20492CB3FD01,13016,Hulshout,Antwerpen,steenkesloop 6,steenkesloop 6,5,flanders
3946,2012,0,adult,18-09-2012_arendonk 3,60e6e43e-6855-4917-a336-9ac46d087fad,13001,Arendonk,Antwerpen,NA,NA,6,flanders
3947,2012,2,juvenile,18-09-2012_arendonk 3,60e6e43e-6855-4917-a336-9ac46d087fad,13001,Arendonk,Antwerpen,NA,NA,6,flanders
3948,2012,42,larvae,18-09-2012_arendonk 3,60e6e43e-6855-4917-a336-9ac46d087fad,13001,Arendonk,Antwerpen,NA,NA,6,flanders
3949,2013,0,adult,18-09-2013_arendonk 2,fbb3baeb-c846-444c-926e-02445e328b78,13001,Arendonk,Antwerpen,NA,NA,5,flanders
3950,2013,0,juvenile,18-09-2013_arendonk 2,fbb3baeb-c846-444c-926e-02445e328b78,13001,Arendonk,Antwerpen,NA,NA,5,flanders
3951,2013,225,larvae,18-09-2013_arendonk 2,fbb3baeb-c846-444c-926e-02445e328b78,13001,Arendonk,Antwerpen,NA,NA,5,flanders
3952,2014,1,adult,18-09-2014_arendonk 2,fbb3baeb-c846-444c-926e-02445e328b78,13001,Arendonk,Antwerpen,NA,NA,4,flanders
3953,2014,0,juvenile,18-09-2014_arendonk 2,fbb3baeb-c846-444c-926e-02445e328b78,13001,Arendonk,Antwerpen,NA,NA,4,flanders
3954,2014,1253,larvae,18-09-2014_arendonk 2,fbb3baeb-c846-444c-926e-02445e328b78,13001,Arendonk,Antwerpen,NA,NA,4,flanders
3955,2014,0,adult,18-09-2014_kasterlee 3,fa5d281f-6266-4d4b-b6a7-cd44132e9b99,13017,Kasterlee,Antwerpen,NA,NA,4,flanders
3956,2014,0,juvenile,18-09-2014_kasterlee 3,fa5d281f-6266-4d4b-b6a7-cd44132e9b99,13017,Kasterlee,Antwerpen,NA,NA,4,flanders
3957,2014,13,larvae,18-09-2014_kasterlee 3,fa5d281f-6266-4d4b-b6a7-cd44132e9b99,13017,Kasterlee,Antwerpen,NA,NA,4,flanders
3958,2019,0,adult,18-09-2019_scheps 10,ff328547-af9c-4e6f-bbf1-5d2856b2da7b,13003,Balen,Antwerpen,scheps 10,scheps 10,1,flanders
3959,2019,1,juvenile,18-09-2019_scheps 10,ff328547-af9c-4e6f-bbf1-5d2856b2da7b,13003,Balen,Antwerpen,scheps 10,scheps 10,1,flanders
3960,2019,0,larvae,18-09-2019_scheps 10,ff328547-af9c-4e6f-bbf1-5d2856b2da7b,13003,Balen,Antwerpen,scheps 10,scheps 10,1,flanders
3961,2019,0,adult,18-09-2019_scheps 20,03167d3d-4f00-42b8-b8be-fbe739205a3c,13003,Balen,Antwerpen,scheps 20,scheps 20,5,flanders
3962,2019,11,juvenile,18-09-2019_scheps 20,03167d3d-4f00-42b8-b8be-fbe739205a3c,13003,Balen,Antwerpen,scheps 20,scheps 20,5,flanders
3963,2019,28,larvae,18-09-2019_scheps 20,03167d3d-4f00-42b8-b8be-fbe739205a3c,13003,Balen,Antwerpen,scheps 20,scheps 20,5,flanders
3964,2019,0,adult,18-09-2019_scheps 6,3f097ed2-a6e2-4db8-ab6d-eb411d610792,13003,Balen,Antwerpen,scheps 6,scheps 6,3,flanders
3965,2019,0,juvenile,18-09-2019_scheps 6,3f097ed2-a6e2-4db8-ab6d-eb411d610792,13003,Balen,Antwerpen,scheps 6,scheps 6,3,flanders
3966,2019,1,larvae,18-09-2019_scheps 6,3f097ed2-a6e2-4db8-ab6d-eb411d610792,13003,Balen,Antwerpen,scheps 6,scheps 6,3,flanders
3967,2017,0,adult,18-10-2017_arendonk 2,fbb3baeb-c846-444c-926e-02445e328b78,13001,Arendonk,Antwerpen,NA,NA,3,flanders
3968,2017,0,juvenile,18-10-2017_arendonk 2,fbb3baeb-c846-444c-926e-02445e328b78,13001,Arendonk,Antwerpen,NA,NA,3,flanders
3969,2017,89,larvae,18-10-2017_arendonk 2,fbb3baeb-c846-444c-926e-02445e328b78,13001,Arendonk,Antwerpen,NA,NA,3,flanders
3970,2017,0,adult,18-10-2017_arendonk 3,60e6e43e-6855-4917-a336-9ac46d087fad,13001,Arendonk,Antwerpen,NA,NA,2,flanders
3971,2017,0,juvenile,18-10-2017_arendonk 3,60e6e43e-6855-4917-a336-9ac46d087fad,13001,Arendonk,Antwerpen,NA,NA,2,flanders
3972,2017,13,larvae,18-10-2017_arendonk 3,60e6e43e-6855-4917-a336-9ac46d087fad,13001,Arendonk,Antwerpen,NA,NA,2,flanders
3973,2019,0,adult,18-10-2019_scheps 20,03167d3d-4f00-42b8-b8be-fbe739205a3c,13003,Balen,Antwerpen,scheps 20,scheps 20,7,flanders
3974,2019,5,juvenile,18-10-2019_scheps 20,03167d3d-4f00-42b8-b8be-fbe739205a3c,13003,Balen,Antwerpen,scheps 20,scheps 20,7,flanders
3975,2019,21,larvae,18-10-2019_scheps 20,03167d3d-4f00-42b8-b8be-fbe739205a3c,13003,Balen,Antwerpen,scheps 20,scheps 20,7,flanders
3976,2019,0,adult,18-10-2019_scheps 6,3f097ed2-a6e2-4db8-ab6d-eb411d610792,13003,Balen,Antwerpen,scheps 6,scheps 6,3,flanders
3977,2019,0,juvenile,18-10-2019_scheps 6,3f097ed2-a6e2-4db8-ab6d-eb411d610792,13003,Balen,Antwerpen,scheps 6,scheps 6,3,flanders
3978,2019,48,larvae,18-10-2019_scheps 6,3f097ed2-a6e2-4db8-ab6d-eb411d610792,13003,Balen,Antwerpen,scheps 6,scheps 6,3,flanders
3979,2024,0,adult,18-10-2024_ham 1,E7E0783B-191D-4BDA-B435-D49C9AE5E857,71069,Ham,Limburg,ham 1,ham 1,8,flanders
3980,2024,0,juvenile,18-10-2024_ham 1,E7E0783B-191D-4BDA-B435-D49C9AE5E857,71069,Ham,Limburg,ham 1,ham 1,8,flanders
3981,2024,547,larvae,18-10-2024_ham 1,E7E0783B-191D-4BDA-B435-D49C9AE5E857,71069,Ham,Limburg,ham 1,ham 1,8,flanders
3982,2024,0,adult,18-10-2024_ham 2,3B6779FB-9177-4C3D-B349-35624C8278F1,71069,Ham,Limburg,ham 2,ham 2,4,flanders
3983,2024,0,juvenile,18-10-2024_ham 2,3B6779FB-9177-4C3D-B349-35624C8278F1,71069,Ham,Limburg,ham 2,ham 2,4,flanders
3984,2024,0,larvae,18-10-2024_ham 2,3B6779FB-9177-4C3D-B349-35624C8278F1,71069,Ham,Limburg,ham 2,ham 2,4,flanders
3985,2015,0,adult,19-05-2015_kasterlee 3,fa5d281f-6266-4d4b-b6a7-cd44132e9b99,13017,Kasterlee,Antwerpen,NA,NA,2,flanders
3986,2015,0,juvenile,19-05-2015_kasterlee 3,fa5d281f-6266-4d4b-b6a7-cd44132e9b99,13017,Kasterlee,Antwerpen,NA,NA,2,flanders
3987,2015,3,larvae,19-05-2015_kasterlee 3,fa5d281f-6266-4d4b-b6a7-cd44132e9b99,13017,Kasterlee,Antwerpen,NA,NA,2,flanders
3988,2017,0,adult,19-05-2017_scheps 10,ff328547-af9c-4e6f-bbf1-5d2856b2da7b,13003,Balen,Antwerpen,NA,NA,2,flanders
3989,2017,0,juvenile,19-05-2017_scheps 10,ff328547-af9c-4e6f-bbf1-5d2856b2da7b,13003,Balen,Antwerpen,NA,NA,2,flanders
3990,2017,19,larvae,19-05-2017_scheps 10,ff328547-af9c-4e6f-bbf1-5d2856b2da7b,13003,Balen,Antwerpen,NA,NA,2,flanders
3991,2017,0,adult,19-05-2017_scheps 6,3f097ed2-a6e2-4db8-ab6d-eb411d610792,13003,Balen,Antwerpen,NA,NA,3,flanders
3992,2017,0,juvenile,19-05-2017_scheps 6,3f097ed2-a6e2-4db8-ab6d-eb411d610792,13003,Balen,Antwerpen,NA,NA,3,flanders
3993,2017,139,larvae,19-05-2017_scheps 6,3f097ed2-a6e2-4db8-ab6d-eb411d610792,13003,Balen,Antwerpen,NA,NA,3,flanders
3994,2021,0,adult,19-05-2021_arendonk 2,fbb3baeb-c846-444c-926e-02445e328b78,13001,Arendonk,Antwerpen,arendonk 2,arendonk 2,10,flanders
3995,2021,0,juvenile,19-05-2021_arendonk 2,fbb3baeb-c846-444c-926e-02445e328b78,13001,Arendonk,Antwerpen,arendonk 2,arendonk 2,10,flanders
3996,2021,73,larvae,19-05-2021_arendonk 2,fbb3baeb-c846-444c-926e-02445e328b78,13001,Arendonk,Antwerpen,arendonk 2,arendonk 2,10,flanders
3997,2021,3,adult,19-05-2021_griesbroek 6,03dc3f07-506f-4c71-bbcd-ad24c177cab5,13003,Balen,Antwerpen,griesbroek 6,griesbroek 6,8,flanders
3998,2021,2,juvenile,19-05-2021_griesbroek 6,03dc3f07-506f-4c71-bbcd-ad24c177cab5,13003,Balen,Antwerpen,griesbroek 6,griesbroek 6,8,flanders
3999,2021,1523,larvae,19-05-2021_griesbroek 6,03dc3f07-506f-4c71-bbcd-ad24c177cab5,13003,Balen,Antwerpen,griesbroek 6,griesbroek 6,8,flanders
4000,2021,0,adult,19-05-2021_nijlen b4,d8073f6b-6ef9-4124-b3ab-b9bdb4ab28dc,12026,Nijlen,Antwerpen,nijlen b4,nijlen b4,3,flanders
4001,2021,0,juvenile,19-05-2021_nijlen b4,d8073f6b-6ef9-4124-b3ab-b9bdb4ab28dc,12026,Nijlen,Antwerpen,nijlen b4,nijlen b4,3,flanders
4002,2021,0,larvae,19-05-2021_nijlen b4,d8073f6b-6ef9-4124-b3ab-b9bdb4ab28dc,12026,Nijlen,Antwerpen,nijlen b4,nijlen b4,3,flanders
4003,2021,0,adult,19-05-2021_nijlen b5,02d79285-1ed2-44b9-84d5-96cd0b55f479,12026,Nijlen,Antwerpen,nijlen b5,nijlen b5,3,flanders
4004,2021,0,juvenile,19-05-2021_nijlen b5,02d79285-1ed2-44b9-84d5-96cd0b55f479,12026,Nijlen,Antwerpen,nijlen b5,nijlen b5,3,flanders
4005,2021,0,larvae,19-05-2021_nijlen b5,02d79285-1ed2-44b9-84d5-96cd0b55f479,12026,Nijlen,Antwerpen,nijlen b5,nijlen b5,3,flanders
4006,2022,1,adult,19-05-2022_arendonk 2,fbb3baeb-c846-444c-926e-02445e328b78,13001,Arendonk,Antwerpen,arendonk 2,arendonk 2,19,flanders
4007,2022,0,juvenile,19-05-2022_arendonk 2,fbb3baeb-c846-444c-926e-02445e328b78,13001,Arendonk,Antwerpen,arendonk 2,arendonk 2,19,flanders
4008,2022,0,larvae,19-05-2022_arendonk 2,fbb3baeb-c846-444c-926e-02445e328b78,13001,Arendonk,Antwerpen,arendonk 2,arendonk 2,19,flanders
4009,2022,8,adult,19-05-2022_griesbroek 6,03dc3f07-506f-4c71-bbcd-ad24c177cab5,13003,Balen,Antwerpen,griesbroek 6,griesbroek 6,19,flanders
4010,2022,6,juvenile,19-05-2022_griesbroek 6,03dc3f07-506f-4c71-bbcd-ad24c177cab5,13003,Balen,Antwerpen,griesbroek 6,griesbroek 6,19,flanders
4011,2022,771,larvae,19-05-2022_griesbroek 6,03dc3f07-506f-4c71-bbcd-ad24c177cab5,13003,Balen,Antwerpen,griesbroek 6,griesbroek 6,19,flanders
4012,2022,1,adult,19-05-2022_laakdal 41,3FF122FA-A234-4A59-B023-BF7A15813990,13053,Laakdal,Antwerpen,laakdal 41,laakdal 41,19,flanders
4013,2022,2,juvenile,19-05-2022_laakdal 41,3FF122FA-A234-4A59-B023-BF7A15813990,13053,Laakdal,Antwerpen,laakdal 41,laakdal 41,19,flanders
4014,2022,945,larvae,19-05-2022_laakdal 41,3FF122FA-A234-4A59-B023-BF7A15813990,13053,Laakdal,Antwerpen,laakdal 41,laakdal 41,19,flanders
4015,2022,0,adult,19-05-2022_nijlen l9,f5fae4b8-8b29-46d6-9d83-8dcf2a965cb8,12021,Lier,Antwerpen,nijlen l9,nijlen l9,13,flanders
4016,2022,0,juvenile,19-05-2022_nijlen l9,f5fae4b8-8b29-46d6-9d83-8dcf2a965cb8,12021,Lier,Antwerpen,nijlen l9,nijlen l9,13,flanders
4017,2022,0,larvae,19-05-2022_nijlen l9,f5fae4b8-8b29-46d6-9d83-8dcf2a965cb8,12021,Lier,Antwerpen,nijlen l9,nijlen l9,13,flanders
4018,2023,3,adult,19-05-2023_griesbroek 6,03dc3f07-506f-4c71-bbcd-ad24c177cab5,13003,Balen,Antwerpen,griesbroek 6,griesbroek 6,4,flanders
4019,2023,13,juvenile,19-05-2023_griesbroek 6,03dc3f07-506f-4c71-bbcd-ad24c177cab5,13003,Balen,Antwerpen,griesbroek 6,griesbroek 6,4,flanders
4020,2023,203,larvae,19-05-2023_griesbroek 6,03dc3f07-506f-4c71-bbcd-ad24c177cab5,13003,Balen,Antwerpen,griesbroek 6,griesbroek 6,4,flanders
4021,2023,0,adult,19-05-2023_scheps 20,03167d3d-4f00-42b8-b8be-fbe739205a3c,13003,Balen,Antwerpen,scheps 20,scheps 20,2,flanders
4022,2023,0,juvenile,19-05-2023_scheps 20,03167d3d-4f00-42b8-b8be-fbe739205a3c,13003,Balen,Antwerpen,scheps 20,scheps 20,2,flanders
4023,2023,138,larvae,19-05-2023_scheps 20,03167d3d-4f00-42b8-b8be-fbe739205a3c,13003,Balen,Antwerpen,scheps 20,scheps 20,2,flanders
4024,2012,0,adult,19-06-2012_arendonk 2,fbb3baeb-c846-444c-926e-02445e328b78,13001,Arendonk,Antwerpen,NA,NA,6,flanders
4025,2012,0,juvenile,19-06-2012_arendonk 2,fbb3baeb-c846-444c-926e-02445e328b78,13001,Arendonk,Antwerpen,NA,NA,6,flanders
4026,2012,214,larvae,19-06-2012_arendonk 2,fbb3baeb-c846-444c-926e-02445e328b78,13001,Arendonk,Antwerpen,NA,NA,6,flanders
4027,2013,0,adult,19-06-2013_arendonk 2,fbb3baeb-c846-444c-926e-02445e328b78,13001,Arendonk,Antwerpen,NA,NA,5,flanders
4028,2013,0,juvenile,19-06-2013_arendonk 2,fbb3baeb-c846-444c-926e-02445e328b78,13001,Arendonk,Antwerpen,NA,NA,5,flanders
4029,2013,515,larvae,19-06-2013_arendonk 2,fbb3baeb-c846-444c-926e-02445e328b78,13001,Arendonk,Antwerpen,NA,NA,5,flanders
4030,2014,0,adult,19-06-2014_arendonk 2,fbb3baeb-c846-444c-926e-02445e328b78,13001,Arendonk,Antwerpen,NA,NA,5,flanders
4031,2014,0,juvenile,19-06-2014_arendonk 2,fbb3baeb-c846-444c-926e-02445e328b78,13001,Arendonk,Antwerpen,NA,NA,5,flanders
4032,2014,138,larvae,19-06-2014_arendonk 2,fbb3baeb-c846-444c-926e-02445e328b78,13001,Arendonk,Antwerpen,NA,NA,5,flanders
4033,2014,0,adult,19-06-2014_driehoek,48fb261c-3f3a-4a95-9103-1e6822dae999,13014,Hoogstraten,Antwerpen,NA,NA,3,flanders
4034,2014,0,juvenile,19-06-2014_driehoek,48fb261c-3f3a-4a95-9103-1e6822dae999,13014,Hoogstraten,Antwerpen,NA,NA,3,flanders
4035,2014,139,larvae,19-06-2014_driehoek,48fb261c-3f3a-4a95-9103-1e6822dae999,13014,Hoogstraten,Antwerpen,NA,NA,3,flanders
4036,2014,0,adult,19-06-2014_kasterlee 7,d47894eb-3a0b-4dc1-8804-627d397aa280,13017,Kasterlee,Antwerpen,NA,NA,4,flanders
4037,2014,0,juvenile,19-06-2014_kasterlee 7,d47894eb-3a0b-4dc1-8804-627d397aa280,13017,Kasterlee,Antwerpen,NA,NA,4,flanders
4038,2014,14,larvae,19-06-2014_kasterlee 7,d47894eb-3a0b-4dc1-8804-627d397aa280,13017,Kasterlee,Antwerpen,NA,NA,4,flanders
4039,2015,0,adult,19-06-2015_arendonk 2,fbb3baeb-c846-444c-926e-02445e328b78,13001,Arendonk,Antwerpen,NA,NA,4,flanders
4040,2015,0,juvenile,19-06-2015_arendonk 2,fbb3baeb-c846-444c-926e-02445e328b78,13001,Arendonk,Antwerpen,NA,NA,4,flanders
4041,2015,969,larvae,19-06-2015_arendonk 2,fbb3baeb-c846-444c-926e-02445e328b78,13001,Arendonk,Antwerpen,NA,NA,4,flanders
4042,2015,1,adult,19-06-2015_arendonk 3,60e6e43e-6855-4917-a336-9ac46d087fad,13001,Arendonk,Antwerpen,NA,NA,3,flanders
4043,2015,0,juvenile,19-06-2015_arendonk 3,60e6e43e-6855-4917-a336-9ac46d087fad,13001,Arendonk,Antwerpen,NA,NA,3,flanders
4044,2015,4,larvae,19-06-2015_arendonk 3,60e6e43e-6855-4917-a336-9ac46d087fad,13001,Arendonk,Antwerpen,NA,NA,3,flanders
4045,2018,0,adult,19-06-2018_arendonk 2,fbb3baeb-c846-444c-926e-02445e328b78,13001,Arendonk,Antwerpen,NA,NA,1,flanders
4046,2018,0,juvenile,19-06-2018_arendonk 2,fbb3baeb-c846-444c-926e-02445e328b78,13001,Arendonk,Antwerpen,NA,NA,1,flanders
4047,2018,25,larvae,19-06-2018_arendonk 2,fbb3baeb-c846-444c-926e-02445e328b78,13001,Arendonk,Antwerpen,NA,NA,1,flanders
4048,2019,1,adult,19-06-2019_arendonk 2,fbb3baeb-c846-444c-926e-02445e328b78,13001,Arendonk,Antwerpen,arendonk 2,arendonk 2,5,flanders
4049,2019,0,juvenile,19-06-2019_arendonk 2,fbb3baeb-c846-444c-926e-02445e328b78,13001,Arendonk,Antwerpen,arendonk 2,arendonk 2,5,flanders
4050,2019,35,larvae,19-06-2019_arendonk 2,fbb3baeb-c846-444c-926e-02445e328b78,13001,Arendonk,Antwerpen,arendonk 2,arendonk 2,5,flanders
4051,2019,6,adult,19-06-2019_scheps 20,03167d3d-4f00-42b8-b8be-fbe739205a3c,13003,Balen,Antwerpen,scheps 20,scheps 20,8,flanders
4052,2019,2,juvenile,19-06-2019_scheps 20,03167d3d-4f00-42b8-b8be-fbe739205a3c,13003,Balen,Antwerpen,scheps 20,scheps 20,8,flanders
4053,2019,745,larvae,19-06-2019_scheps 20,03167d3d-4f00-42b8-b8be-fbe739205a3c,13003,Balen,Antwerpen,scheps 20,scheps 20,8,flanders
4054,2019,0,adult,19-06-2019_scheps 6,3f097ed2-a6e2-4db8-ab6d-eb411d610792,13003,Balen,Antwerpen,scheps 6,scheps 6,1,flanders
4055,2019,0,juvenile,19-06-2019_scheps 6,3f097ed2-a6e2-4db8-ab6d-eb411d610792,13003,Balen,Antwerpen,scheps 6,scheps 6,1,flanders
4056,2019,68,larvae,19-06-2019_scheps 6,3f097ed2-a6e2-4db8-ab6d-eb411d610792,13003,Balen,Antwerpen,scheps 6,scheps 6,1,flanders
4057,2021,0,adult,19-06-2021_nijlen l9,f5fae4b8-8b29-46d6-9d83-8dcf2a965cb8,12021,Lier,Antwerpen,nijlen l9,nijlen l9,8,flanders
4058,2021,0,juvenile,19-06-2021_nijlen l9,f5fae4b8-8b29-46d6-9d83-8dcf2a965cb8,12021,Lier,Antwerpen,nijlen l9,nijlen l9,8,flanders
4059,2021,0,larvae,19-06-2021_nijlen l9,f5fae4b8-8b29-46d6-9d83-8dcf2a965cb8,12021,Lier,Antwerpen,nijlen l9,nijlen l9,8,flanders
4060,2024,0,adult,19-06-2024_antbal0342,8C17BEDF-B841-417C-B379-1D11FDDAA8B5,13003,Balen,Antwerpen,antbal0342,antbal0342,13,flanders
4061,2024,0,juvenile,19-06-2024_antbal0342,8C17BEDF-B841-417C-B379-1D11FDDAA8B5,13003,Balen,Antwerpen,antbal0342,antbal0342,13,flanders
4062,2024,43,larvae,19-06-2024_antbal0342,8C17BEDF-B841-417C-B379-1D11FDDAA8B5,13003,Balen,Antwerpen,antbal0342,antbal0342,13,flanders
4063,2024,0,adult,19-06-2024_arendonk 2,fbb3baeb-c846-444c-926e-02445e328b78,13001,Arendonk,Antwerpen,arendonk 2,arendonk 2,20,flanders
4064,2024,0,juvenile,19-06-2024_arendonk 2,fbb3baeb-c846-444c-926e-02445e328b78,13001,Arendonk,Antwerpen,arendonk 2,arendonk 2,20,flanders
4065,2024,0,larvae,19-06-2024_arendonk 2,fbb3baeb-c846-444c-926e-02445e328b78,13001,Arendonk,Antwerpen,arendonk 2,arendonk 2,20,flanders
4066,2024,1,adult,19-06-2024_molse nete 25,CCB25757-251A-496E-BE76-0FCEBCCE248E,13003,Balen,Antwerpen,molse nete 25,molse nete 25,2,flanders
4067,2024,3,juvenile,19-06-2024_molse nete 25,CCB25757-251A-496E-BE76-0FCEBCCE248E,13003,Balen,Antwerpen,molse nete 25,molse nete 25,2,flanders
4068,2024,221,larvae,19-06-2024_molse nete 25,CCB25757-251A-496E-BE76-0FCEBCCE248E,13003,Balen,Antwerpen,molse nete 25,molse nete 25,2,flanders
4069,2024,0,adult,19-06-2024_molse nete 27,13C21386-73BD-4394-BF8C-D621BB1AE140,13003,Balen,Antwerpen,molse nete 27,molse nete 27,12,flanders
4070,2024,4,juvenile,19-06-2024_molse nete 27,13C21386-73BD-4394-BF8C-D621BB1AE140,13003,Balen,Antwerpen,molse nete 27,molse nete 27,12,flanders
4071,2024,1,larvae,19-06-2024_molse nete 27,13C21386-73BD-4394-BF8C-D621BB1AE140,13003,Balen,Antwerpen,molse nete 27,molse nete 27,12,flanders
4072,2024,0,adult,19-06-2024_molse nete 29,B58A0CA0-1DD3-4A71-B356-C088AF4BA385,13003,Balen,Antwerpen,molse nete 29,molse nete 29,6,flanders
4073,2024,0,juvenile,19-06-2024_molse nete 29,B58A0CA0-1DD3-4A71-B356-C088AF4BA385,13003,Balen,Antwerpen,molse nete 29,molse nete 29,6,flanders
4074,2024,0,larvae,19-06-2024_molse nete 29,B58A0CA0-1DD3-4A71-B356-C088AF4BA385,13003,Balen,Antwerpen,molse nete 29,molse nete 29,6,flanders
4075,2024,15,adult,19-06-2024_molse nete 34,C9CD45C3-D4B7-43B3-A539-282D76046F45,13003,Balen,Antwerpen,molse nete 34,molse nete 34,14,flanders
4076,2024,0,juvenile,19-06-2024_molse nete 34,C9CD45C3-D4B7-43B3-A539-282D76046F45,13003,Balen,Antwerpen,molse nete 34,molse nete 34,14,flanders
4077,2024,0,larvae,19-06-2024_molse nete 34,C9CD45C3-D4B7-43B3-A539-282D76046F45,13003,Balen,Antwerpen,molse nete 34,molse nete 34,14,flanders
4078,2025,0,adult,19-06-2025_antlkd 0300,30BC8B78-B6A9-45DE-92CD-A7801509C5CF,13053,Laakdal,Antwerpen,antlkd 0300,antlkd 0300,4,flanders
4079,2025,0,juvenile,19-06-2025_antlkd 0300,30BC8B78-B6A9-45DE-92CD-A7801509C5CF,13053,Laakdal,Antwerpen,antlkd 0300,antlkd 0300,4,flanders
4080,2025,0,larvae,19-06-2025_antlkd 0300,30BC8B78-B6A9-45DE-92CD-A7801509C5CF,13053,Laakdal,Antwerpen,antlkd 0300,antlkd 0300,4,flanders
4081,2025,0,adult,19-06-2025_bel 1,E889F226-84B5-499E-A73B-A5DF719C540C,13008,Geel,Antwerpen,bel 1,bel 1,3,flanders
4082,2025,1,juvenile,19-06-2025_bel 1,E889F226-84B5-499E-A73B-A5DF719C540C,13008,Geel,Antwerpen,bel 1,bel 1,3,flanders
4083,2025,468,larvae,19-06-2025_bel 1,E889F226-84B5-499E-A73B-A5DF719C540C,13008,Geel,Antwerpen,bel 1,bel 1,3,flanders
4084,2025,1,adult,19-06-2025_geel kruiskwacht 2,781F2ED8-0177-4D33-902F-C7DC87D7808E,13008,Geel,Antwerpen,geel kruiskwacht 2,geel kruiskwacht 2,6,flanders
4085,2025,1,juvenile,19-06-2025_geel kruiskwacht 2,781F2ED8-0177-4D33-902F-C7DC87D7808E,13008,Geel,Antwerpen,geel kruiskwacht 2,geel kruiskwacht 2,6,flanders
4086,2025,1288,larvae,19-06-2025_geel kruiskwacht 2,781F2ED8-0177-4D33-902F-C7DC87D7808E,13008,Geel,Antwerpen,geel kruiskwacht 2,geel kruiskwacht 2,6,flanders
4087,2025,3,adult,19-06-2025_geel kruiskwacht 3,03D4A801-541C-48F7-86F0-F65BE5D1B246,13008,Geel,Antwerpen,geel kruiskwacht 3,geel kruiskwacht 3,2,flanders
4088,2025,5,juvenile,19-06-2025_geel kruiskwacht 3,03D4A801-541C-48F7-86F0-F65BE5D1B246,13008,Geel,Antwerpen,geel kruiskwacht 3,geel kruiskwacht 3,2,flanders
4089,2025,11,larvae,19-06-2025_geel kruiskwacht 3,03D4A801-541C-48F7-86F0-F65BE5D1B246,13008,Geel,Antwerpen,geel kruiskwacht 3,geel kruiskwacht 3,2,flanders
4090,2025,0,adult,19-06-2025_laakdal 41,3FF122FA-A234-4A59-B023-BF7A15813990,13053,Laakdal,Antwerpen,laakdal 41,laakdal 41,5,flanders
4091,2025,0,juvenile,19-06-2025_laakdal 41,3FF122FA-A234-4A59-B023-BF7A15813990,13053,Laakdal,Antwerpen,laakdal 41,laakdal 41,5,flanders
4092,2025,117,larvae,19-06-2025_laakdal 41,3FF122FA-A234-4A59-B023-BF7A15813990,13053,Laakdal,Antwerpen,laakdal 41,laakdal 41,5,flanders
4093,2025,1,adult,19-06-2025_laakdal 5,62abe301-066c-4fa9-a54d-14e8b8882923,13053,Laakdal,Antwerpen,laakdal 5,laakdal 5,4,flanders
4094,2025,2,juvenile,19-06-2025_laakdal 5,62abe301-066c-4fa9-a54d-14e8b8882923,13053,Laakdal,Antwerpen,laakdal 5,laakdal 5,4,flanders
4095,2025,466,larvae,19-06-2025_laakdal 5,62abe301-066c-4fa9-a54d-14e8b8882923,13053,Laakdal,Antwerpen,laakdal 5,laakdal 5,4,flanders
4096,2012,0,adult,19-07-2012_arendonk 2,fbb3baeb-c846-444c-926e-02445e328b78,13001,Arendonk,Antwerpen,NA,NA,6,flanders
4097,2012,0,juvenile,19-07-2012_arendonk 2,fbb3baeb-c846-444c-926e-02445e328b78,13001,Arendonk,Antwerpen,NA,NA,6,flanders
4098,2012,48,larvae,19-07-2012_arendonk 2,fbb3baeb-c846-444c-926e-02445e328b78,13001,Arendonk,Antwerpen,NA,NA,6,flanders
4099,2012,6,adult,19-07-2012_driehoek,48fb261c-3f3a-4a95-9103-1e6822dae999,13014,Hoogstraten,Antwerpen,NA,NA,6,flanders
4100,2012,0,juvenile,19-07-2012_driehoek,48fb261c-3f3a-4a95-9103-1e6822dae999,13014,Hoogstraten,Antwerpen,NA,NA,6,flanders
4101,2012,2,larvae,19-07-2012_driehoek,48fb261c-3f3a-4a95-9103-1e6822dae999,13014,Hoogstraten,Antwerpen,NA,NA,6,flanders
4102,2013,0,adult,19-07-2013_arendonk 2,fbb3baeb-c846-444c-926e-02445e328b78,13001,Arendonk,Antwerpen,NA,NA,5,flanders
4103,2013,0,juvenile,19-07-2013_arendonk 2,fbb3baeb-c846-444c-926e-02445e328b78,13001,Arendonk,Antwerpen,NA,NA,5,flanders
4104,2013,103,larvae,19-07-2013_arendonk 2,fbb3baeb-c846-444c-926e-02445e328b78,13001,Arendonk,Antwerpen,NA,NA,5,flanders
4105,2017,0,adult,19-07-2017_arendonk 3,60e6e43e-6855-4917-a336-9ac46d087fad,13001,Arendonk,Antwerpen,NA,NA,5,flanders
4106,2017,0,juvenile,19-07-2017_arendonk 3,60e6e43e-6855-4917-a336-9ac46d087fad,13001,Arendonk,Antwerpen,NA,NA,5,flanders
4107,2017,14,larvae,19-07-2017_arendonk 3,60e6e43e-6855-4917-a336-9ac46d087fad,13001,Arendonk,Antwerpen,NA,NA,5,flanders
4108,2018,4,adult,19-07-2018_scheps 10,ff328547-af9c-4e6f-bbf1-5d2856b2da7b,13003,Balen,Antwerpen,scheps 10,scheps 10,3,flanders
4109,2018,2,juvenile,19-07-2018_scheps 10,ff328547-af9c-4e6f-bbf1-5d2856b2da7b,13003,Balen,Antwerpen,scheps 10,scheps 10,3,flanders
4110,2018,0,larvae,19-07-2018_scheps 10,ff328547-af9c-4e6f-bbf1-5d2856b2da7b,13003,Balen,Antwerpen,scheps 10,scheps 10,3,flanders
4111,2018,1,adult,19-07-2018_scheps 20,03167d3d-4f00-42b8-b8be-fbe739205a3c,13003,Balen,Antwerpen,scheps 20,scheps 20,5,flanders
4112,2018,7,juvenile,19-07-2018_scheps 20,03167d3d-4f00-42b8-b8be-fbe739205a3c,13003,Balen,Antwerpen,scheps 20,scheps 20,5,flanders
4113,2018,158,larvae,19-07-2018_scheps 20,03167d3d-4f00-42b8-b8be-fbe739205a3c,13003,Balen,Antwerpen,scheps 20,scheps 20,5,flanders
4114,2019,4,adult,19-07-2019_scheps 20,03167d3d-4f00-42b8-b8be-fbe739205a3c,13003,Balen,Antwerpen,scheps 20,scheps 20,4,flanders
4115,2019,31,juvenile,19-07-2019_scheps 20,03167d3d-4f00-42b8-b8be-fbe739205a3c,13003,Balen,Antwerpen,scheps 20,scheps 20,4,flanders
4116,2019,65,larvae,19-07-2019_scheps 20,03167d3d-4f00-42b8-b8be-fbe739205a3c,13003,Balen,Antwerpen,scheps 20,scheps 20,4,flanders
4117,2019,1,adult,19-07-2019_scheps 6,3f097ed2-a6e2-4db8-ab6d-eb411d610792,13003,Balen,Antwerpen,scheps 6,scheps 6,5,flanders
4118,2019,0,juvenile,19-07-2019_scheps 6,3f097ed2-a6e2-4db8-ab6d-eb411d610792,13003,Balen,Antwerpen,scheps 6,scheps 6,5,flanders
4119,2019,91,larvae,19-07-2019_scheps 6,3f097ed2-a6e2-4db8-ab6d-eb411d610792,13003,Balen,Antwerpen,scheps 6,scheps 6,5,flanders
4120,2019,0,adult,19-07-2019_scheps 7,009d325e-8c76-4049-bc69-31f6163e254e,13003,Balen,Antwerpen,scheps 7,scheps 7,4,flanders
4121,2019,3,juvenile,19-07-2019_scheps 7,009d325e-8c76-4049-bc69-31f6163e254e,13003,Balen,Antwerpen,scheps 7,scheps 7,4,flanders
4122,2019,31,larvae,19-07-2019_scheps 7,009d325e-8c76-4049-bc69-31f6163e254e,13003,Balen,Antwerpen,scheps 7,scheps 7,4,flanders
4123,2022,1,adult,19-07-2022_molse nete 27,13C21386-73BD-4394-BF8C-D621BB1AE140,13003,Balen,Antwerpen,molse nete 27,molse nete 27,10,flanders
4124,2022,0,juvenile,19-07-2022_molse nete 27,13C21386-73BD-4394-BF8C-D621BB1AE140,13003,Balen,Antwerpen,molse nete 27,molse nete 27,10,flanders
4125,2022,299,larvae,19-07-2022_molse nete 27,13C21386-73BD-4394-BF8C-D621BB1AE140,13003,Balen,Antwerpen,molse nete 27,molse nete 27,10,flanders
4126,2022,0,adult,19-07-2022_molse nete 29,B58A0CA0-1DD3-4A71-B356-C088AF4BA385,13003,Balen,Antwerpen,molse nete 29,molse nete 29,10,flanders
4127,2022,41,juvenile,19-07-2022_molse nete 29,B58A0CA0-1DD3-4A71-B356-C088AF4BA385,13003,Balen,Antwerpen,molse nete 29,molse nete 29,10,flanders
4128,2022,59,larvae,19-07-2022_molse nete 29,B58A0CA0-1DD3-4A71-B356-C088AF4BA385,13003,Balen,Antwerpen,molse nete 29,molse nete 29,10,flanders
4129,2023,0,adult,19-07-2023_antbal0342,8C17BEDF-B841-417C-B379-1D11FDDAA8B5,13003,Balen,Antwerpen,antbal0342,antbal0342,6,flanders
4130,2023,41,juvenile,19-07-2023_antbal0342,8C17BEDF-B841-417C-B379-1D11FDDAA8B5,13003,Balen,Antwerpen,antbal0342,antbal0342,6,flanders
4131,2023,221,larvae,19-07-2023_antbal0342,8C17BEDF-B841-417C-B379-1D11FDDAA8B5,13003,Balen,Antwerpen,antbal0342,antbal0342,6,flanders
4132,2023,1,adult,19-07-2023_molse nete 25,CCB25757-251A-496E-BE76-0FCEBCCE248E,13003,Balen,Antwerpen,molse nete 25,molse nete 25,6,flanders
4133,2023,11,juvenile,19-07-2023_molse nete 25,CCB25757-251A-496E-BE76-0FCEBCCE248E,13003,Balen,Antwerpen,molse nete 25,molse nete 25,6,flanders
4134,2023,193,larvae,19-07-2023_molse nete 25,CCB25757-251A-496E-BE76-0FCEBCCE248E,13003,Balen,Antwerpen,molse nete 25,molse nete 25,6,flanders
4135,2023,1,adult,19-07-2023_molse nete 27,13C21386-73BD-4394-BF8C-D621BB1AE140,13003,Balen,Antwerpen,molse nete 27,molse nete 27,7,flanders
4136,2023,36,juvenile,19-07-2023_molse nete 27,13C21386-73BD-4394-BF8C-D621BB1AE140,13003,Balen,Antwerpen,molse nete 27,molse nete 27,7,flanders
4137,2023,2,larvae,19-07-2023_molse nete 27,13C21386-73BD-4394-BF8C-D621BB1AE140,13003,Balen,Antwerpen,molse nete 27,molse nete 27,7,flanders
4138,2023,0,adult,19-07-2023_molse nete 29,B58A0CA0-1DD3-4A71-B356-C088AF4BA385,13003,Balen,Antwerpen,molse nete 29,molse nete 29,5,flanders
4139,2023,4,juvenile,19-07-2023_molse nete 29,B58A0CA0-1DD3-4A71-B356-C088AF4BA385,13003,Balen,Antwerpen,molse nete 29,molse nete 29,5,flanders
4140,2023,0,larvae,19-07-2023_molse nete 29,B58A0CA0-1DD3-4A71-B356-C088AF4BA385,13003,Balen,Antwerpen,molse nete 29,molse nete 29,5,flanders
4141,2024,0,adult,19-07-2024_bergebeek 13,AA1C5AEB-1927-4A7D-82DA-C77991F64475,12014,Heist-Op-Den-Berg,Antwerpen,bergebeek 13,bergebeek 13,10,flanders
4142,2024,0,juvenile,19-07-2024_bergebeek 13,AA1C5AEB-1927-4A7D-82DA-C77991F64475,12014,Heist-Op-Den-Berg,Antwerpen,bergebeek 13,bergebeek 13,10,flanders
4143,2024,0,larvae,19-07-2024_bergebeek 13,AA1C5AEB-1927-4A7D-82DA-C77991F64475,12014,Heist-Op-Den-Berg,Antwerpen,bergebeek 13,bergebeek 13,10,flanders
4144,2024,0,adult,19-07-2024_bergebeek 14,08720CE6-15D9-43FE-B17A-BB1EF6A297F6,12014,Heist-Op-Den-Berg,Antwerpen,bergebeek 14,bergebeek 14,5,flanders
4145,2024,0,juvenile,19-07-2024_bergebeek 14,08720CE6-15D9-43FE-B17A-BB1EF6A297F6,12014,Heist-Op-Den-Berg,Antwerpen,bergebeek 14,bergebeek 14,5,flanders
4146,2024,0,larvae,19-07-2024_bergebeek 14,08720CE6-15D9-43FE-B17A-BB1EF6A297F6,12014,Heist-Op-Den-Berg,Antwerpen,bergebeek 14,bergebeek 14,5,flanders
4147,2024,0,adult,19-07-2024_bergebeek 15,CCFA3C5A-7AF9-4D97-A91C-F76A6075AA3B,12014,Heist-Op-Den-Berg,Antwerpen,bergebeek 15,bergebeek 15,4,flanders
4148,2024,0,juvenile,19-07-2024_bergebeek 15,CCFA3C5A-7AF9-4D97-A91C-F76A6075AA3B,12014,Heist-Op-Den-Berg,Antwerpen,bergebeek 15,bergebeek 15,4,flanders
4149,2024,0,larvae,19-07-2024_bergebeek 15,CCFA3C5A-7AF9-4D97-A91C-F76A6075AA3B,12014,Heist-Op-Den-Berg,Antwerpen,bergebeek 15,bergebeek 15,4,flanders
4150,2024,0,adult,19-07-2024_bergebeek 16,6B47CBD9-30B3-44B0-9AE9-FFA163452F8D,12014,Heist-Op-Den-Berg,Antwerpen,bergebeek 16,bergebeek 16,4,flanders
4151,2024,0,juvenile,19-07-2024_bergebeek 16,6B47CBD9-30B3-44B0-9AE9-FFA163452F8D,12014,Heist-Op-Den-Berg,Antwerpen,bergebeek 16,bergebeek 16,4,flanders
4152,2024,0,larvae,19-07-2024_bergebeek 16,6B47CBD9-30B3-44B0-9AE9-FFA163452F8D,12014,Heist-Op-Den-Berg,Antwerpen,bergebeek 16,bergebeek 16,4,flanders
4153,2024,0,adult,19-07-2024_bergebeek 20,C387082F-1875-4B0D-8D74-0E9A64E5549F,12014,Heist-Op-Den-Berg,Antwerpen,bergebeek 20,bergebeek 20,5,flanders
4154,2024,0,juvenile,19-07-2024_bergebeek 20,C387082F-1875-4B0D-8D74-0E9A64E5549F,12014,Heist-Op-Den-Berg,Antwerpen,bergebeek 20,bergebeek 20,5,flanders
4155,2024,0,larvae,19-07-2024_bergebeek 20,C387082F-1875-4B0D-8D74-0E9A64E5549F,12014,Heist-Op-Den-Berg,Antwerpen,bergebeek 20,bergebeek 20,5,flanders
4156,2024,0,adult,19-07-2024_scheps 34,1095ed65-0f2b-45bf-8cc7-47537a7b1f00,13003,Balen,Antwerpen,scheps 34,scheps 34,5,flanders
4157,2024,0,juvenile,19-07-2024_scheps 34,1095ed65-0f2b-45bf-8cc7-47537a7b1f00,13003,Balen,Antwerpen,scheps 34,scheps 34,5,flanders
4158,2024,13,larvae,19-07-2024_scheps 34,1095ed65-0f2b-45bf-8cc7-47537a7b1f00,13003,Balen,Antwerpen,scheps 34,scheps 34,5,flanders
4159,2024,2,adult,19-07-2024_scheps 35,C40A62BC-753E-4B8E-A09E-101C73DE9BD0,13021,Meerhout,Antwerpen,scheps 35,scheps 35,7,flanders
4160,2024,1,juvenile,19-07-2024_scheps 35,C40A62BC-753E-4B8E-A09E-101C73DE9BD0,13021,Meerhout,Antwerpen,scheps 35,scheps 35,7,flanders
4161,2024,415,larvae,19-07-2024_scheps 35,C40A62BC-753E-4B8E-A09E-101C73DE9BD0,13021,Meerhout,Antwerpen,scheps 35,scheps 35,7,flanders
4162,2024,2,adult,19-07-2024_scheps 40,F839D846-F59A-4D49-AE3A-724B06CE89E4,13003,Balen,Antwerpen,scheps 40,scheps 40,5,flanders
4163,2024,0,juvenile,19-07-2024_scheps 40,F839D846-F59A-4D49-AE3A-724B06CE89E4,13003,Balen,Antwerpen,scheps 40,scheps 40,5,flanders
4164,2024,1,larvae,19-07-2024_scheps 40,F839D846-F59A-4D49-AE3A-724B06CE89E4,13003,Balen,Antwerpen,scheps 40,scheps 40,5,flanders
4165,2014,0,adult,19-08-2014_arendonk 2,fbb3baeb-c846-444c-926e-02445e328b78,13001,Arendonk,Antwerpen,NA,NA,4,flanders
4166,2014,1,juvenile,19-08-2014_arendonk 2,fbb3baeb-c846-444c-926e-02445e328b78,13001,Arendonk,Antwerpen,NA,NA,4,flanders
4167,2014,179,larvae,19-08-2014_arendonk 2,fbb3baeb-c846-444c-926e-02445e328b78,13001,Arendonk,Antwerpen,NA,NA,4,flanders
4168,2014,0,adult,19-08-2014_kasterlee 7,d47894eb-3a0b-4dc1-8804-627d397aa280,13017,Kasterlee,Antwerpen,NA,NA,4,flanders
4169,2014,2,juvenile,19-08-2014_kasterlee 7,d47894eb-3a0b-4dc1-8804-627d397aa280,13017,Kasterlee,Antwerpen,NA,NA,4,flanders
4170,2014,13,larvae,19-08-2014_kasterlee 7,d47894eb-3a0b-4dc1-8804-627d397aa280,13017,Kasterlee,Antwerpen,NA,NA,4,flanders
4171,2020,1,adult,19-08-2020_nijlen b10,554e3c11-e529-4b0b-a162-714c72d3547e,12026,Nijlen,Antwerpen,nijlen b10,nijlen b10,2,flanders
4172,2020,24,juvenile,19-08-2020_nijlen b10,554e3c11-e529-4b0b-a162-714c72d3547e,12026,Nijlen,Antwerpen,nijlen b10,nijlen b10,2,flanders
4173,2020,113,larvae,19-08-2020_nijlen b10,554e3c11-e529-4b0b-a162-714c72d3547e,12026,Nijlen,Antwerpen,nijlen b10,nijlen b10,2,flanders
4174,2020,0,adult,19-08-2020_nijlen b11,602c47a6-7c4a-46b9-b481-921731880571,12026,Nijlen,Antwerpen,nijlen b11,nijlen b11,2,flanders
4175,2020,3,juvenile,19-08-2020_nijlen b11,602c47a6-7c4a-46b9-b481-921731880571,12026,Nijlen,Antwerpen,nijlen b11,nijlen b11,2,flanders
4176,2020,32,larvae,19-08-2020_nijlen b11,602c47a6-7c4a-46b9-b481-921731880571,12026,Nijlen,Antwerpen,nijlen b11,nijlen b11,2,flanders
4177,2020,0,adult,19-08-2020_nijlen b12,c4835169-0734-46cd-a891-d49de970ef45,12026,Nijlen,Antwerpen,nijlen b12,nijlen b12,2,flanders
4178,2020,0,juvenile,19-08-2020_nijlen b12,c4835169-0734-46cd-a891-d49de970ef45,12026,Nijlen,Antwerpen,nijlen b12,nijlen b12,2,flanders
4179,2020,0,larvae,19-08-2020_nijlen b12,c4835169-0734-46cd-a891-d49de970ef45,12026,Nijlen,Antwerpen,nijlen b12,nijlen b12,2,flanders
4180,2020,0,adult,19-08-2020_nijlen b13,54ce2446-f7e8-4a59-9680-f5a72eb40fc7,12026,Nijlen,Antwerpen,nijlen b13,nijlen b13,2,flanders
4181,2020,1,juvenile,19-08-2020_nijlen b13,54ce2446-f7e8-4a59-9680-f5a72eb40fc7,12026,Nijlen,Antwerpen,nijlen b13,nijlen b13,2,flanders
4182,2020,0,larvae,19-08-2020_nijlen b13,54ce2446-f7e8-4a59-9680-f5a72eb40fc7,12026,Nijlen,Antwerpen,nijlen b13,nijlen b13,2,flanders
4183,2020,0,adult,19-08-2020_nijlen b6,7bfeea33-87a3-4896-b2e4-a2f6b8d951a9,12026,Nijlen,Antwerpen,nijlen b6,nijlen b6,2,flanders
4184,2020,0,juvenile,19-08-2020_nijlen b6,7bfeea33-87a3-4896-b2e4-a2f6b8d951a9,12026,Nijlen,Antwerpen,nijlen b6,nijlen b6,2,flanders
4185,2020,0,larvae,19-08-2020_nijlen b6,7bfeea33-87a3-4896-b2e4-a2f6b8d951a9,12026,Nijlen,Antwerpen,nijlen b6,nijlen b6,2,flanders
4186,2020,0,adult,19-08-2020_nijlen b7,d7c1cfe1-7c93-4c4a-82b1-65d0f9c0cd19,12026,Nijlen,Antwerpen,nijlen b7,nijlen b7,1,flanders
4187,2020,1,juvenile,19-08-2020_nijlen b7,d7c1cfe1-7c93-4c4a-82b1-65d0f9c0cd19,12026,Nijlen,Antwerpen,nijlen b7,nijlen b7,1,flanders
4188,2020,0,larvae,19-08-2020_nijlen b7,d7c1cfe1-7c93-4c4a-82b1-65d0f9c0cd19,12026,Nijlen,Antwerpen,nijlen b7,nijlen b7,1,flanders
4189,2020,0,adult,19-08-2020_nijlen b9,abd1f412-8e63-4eae-bf83-afa3f0d03b33,12026,Nijlen,Antwerpen,nijlen b9,nijlen b9,1,flanders
4190,2020,0,juvenile,19-08-2020_nijlen b9,abd1f412-8e63-4eae-bf83-afa3f0d03b33,12026,Nijlen,Antwerpen,nijlen b9,nijlen b9,1,flanders
4191,2020,1,larvae,19-08-2020_nijlen b9,abd1f412-8e63-4eae-bf83-afa3f0d03b33,12026,Nijlen,Antwerpen,nijlen b9,nijlen b9,1,flanders
4192,2020,5,adult,19-08-2020_scheps 20,03167d3d-4f00-42b8-b8be-fbe739205a3c,13003,Balen,Antwerpen,scheps 20,scheps 20,4,flanders
4193,2020,2,juvenile,19-08-2020_scheps 20,03167d3d-4f00-42b8-b8be-fbe739205a3c,13003,Balen,Antwerpen,scheps 20,scheps 20,4,flanders
4194,2020,3329,larvae,19-08-2020_scheps 20,03167d3d-4f00-42b8-b8be-fbe739205a3c,13003,Balen,Antwerpen,scheps 20,scheps 20,4,flanders
4195,2021,0,adult,19-08-2021_herselt 1,5AB89730-1687-4EC6-9E34-D6A23787BF75,13013,Herselt,Antwerpen,herselt 1,herselt 1,6,flanders
4196,2021,0,juvenile,19-08-2021_herselt 1,5AB89730-1687-4EC6-9E34-D6A23787BF75,13013,Herselt,Antwerpen,herselt 1,herselt 1,6,flanders
4197,2021,4,larvae,19-08-2021_herselt 1,5AB89730-1687-4EC6-9E34-D6A23787BF75,13013,Herselt,Antwerpen,herselt 1,herselt 1,6,flanders
4198,2021,0,adult,19-08-2021_herselt 2,AAE5A83A-6590-4F17-AF25-0CAAC262AAB9,13013,Herselt,Antwerpen,herselt 2,herselt 2,4,flanders
4199,2021,0,juvenile,19-08-2021_herselt 2,AAE5A83A-6590-4F17-AF25-0CAAC262AAB9,13013,Herselt,Antwerpen,herselt 2,herselt 2,4,flanders
4200,2021,25,larvae,19-08-2021_herselt 2,AAE5A83A-6590-4F17-AF25-0CAAC262AAB9,13013,Herselt,Antwerpen,herselt 2,herselt 2,4,flanders
4201,2021,0,adult,19-08-2021_herselt 8,3D6D580A-AB46-401F-8ABF-43001E535D3F,13013,Herselt,Antwerpen,herselt 8,herselt 8,10,flanders
4202,2021,0,juvenile,19-08-2021_herselt 8,3D6D580A-AB46-401F-8ABF-43001E535D3F,13013,Herselt,Antwerpen,herselt 8,herselt 8,10,flanders
4203,2021,121,larvae,19-08-2021_herselt 8,3D6D580A-AB46-401F-8ABF-43001E535D3F,13013,Herselt,Antwerpen,herselt 8,herselt 8,10,flanders
4204,2012,2,adult,19-09-2012_arendonk 3,60e6e43e-6855-4917-a336-9ac46d087fad,13001,Arendonk,Antwerpen,NA,NA,6,flanders
4205,2012,0,juvenile,19-09-2012_arendonk 3,60e6e43e-6855-4917-a336-9ac46d087fad,13001,Arendonk,Antwerpen,NA,NA,6,flanders
4206,2012,42,larvae,19-09-2012_arendonk 3,60e6e43e-6855-4917-a336-9ac46d087fad,13001,Arendonk,Antwerpen,NA,NA,6,flanders
4207,2013,0,adult,19-09-2013_arendonk 2,fbb3baeb-c846-444c-926e-02445e328b78,13001,Arendonk,Antwerpen,NA,NA,5,flanders
4208,2013,0,juvenile,19-09-2013_arendonk 2,fbb3baeb-c846-444c-926e-02445e328b78,13001,Arendonk,Antwerpen,NA,NA,5,flanders
4209,2013,288,larvae,19-09-2013_arendonk 2,fbb3baeb-c846-444c-926e-02445e328b78,13001,Arendonk,Antwerpen,NA,NA,5,flanders
4210,2014,0,adult,19-09-2014_arendonk 2,fbb3baeb-c846-444c-926e-02445e328b78,13001,Arendonk,Antwerpen,NA,NA,4,flanders
4211,2014,0,juvenile,19-09-2014_arendonk 2,fbb3baeb-c846-444c-926e-02445e328b78,13001,Arendonk,Antwerpen,NA,NA,4,flanders
4212,2014,192,larvae,19-09-2014_arendonk 2,fbb3baeb-c846-444c-926e-02445e328b78,13001,Arendonk,Antwerpen,NA,NA,4,flanders
4213,2018,0,adult,19-09-2018_arendonk 2,fbb3baeb-c846-444c-926e-02445e328b78,13001,Arendonk,Antwerpen,NA,NA,1,flanders
4214,2018,16,juvenile,19-09-2018_arendonk 2,fbb3baeb-c846-444c-926e-02445e328b78,13001,Arendonk,Antwerpen,NA,NA,1,flanders
4215,2018,282,larvae,19-09-2018_arendonk 2,fbb3baeb-c846-444c-926e-02445e328b78,13001,Arendonk,Antwerpen,NA,NA,1,flanders
4216,2019,4,adult,19-09-2019_scheps 2,02b5890b-9ab4-49fa-9d47-4fd9f8d3c477,13003,Balen,Antwerpen,scheps 2,scheps 2,4,flanders
4217,2019,39,juvenile,19-09-2019_scheps 2,02b5890b-9ab4-49fa-9d47-4fd9f8d3c477,13003,Balen,Antwerpen,scheps 2,scheps 2,4,flanders
4218,2019,935,larvae,19-09-2019_scheps 2,02b5890b-9ab4-49fa-9d47-4fd9f8d3c477,13003,Balen,Antwerpen,scheps 2,scheps 2,4,flanders
4219,2019,0,adult,19-09-2019_scheps 20,03167d3d-4f00-42b8-b8be-fbe739205a3c,13003,Balen,Antwerpen,scheps 20,scheps 20,5,flanders
4220,2019,10,juvenile,19-09-2019_scheps 20,03167d3d-4f00-42b8-b8be-fbe739205a3c,13003,Balen,Antwerpen,scheps 20,scheps 20,5,flanders
4221,2019,23,larvae,19-09-2019_scheps 20,03167d3d-4f00-42b8-b8be-fbe739205a3c,13003,Balen,Antwerpen,scheps 20,scheps 20,5,flanders
4222,2017,0,adult,19-10-2017_arendonk 2,fbb3baeb-c846-444c-926e-02445e328b78,13001,Arendonk,Antwerpen,NA,NA,3,flanders
4223,2017,0,juvenile,19-10-2017_arendonk 2,fbb3baeb-c846-444c-926e-02445e328b78,13001,Arendonk,Antwerpen,NA,NA,3,flanders
4224,2017,65,larvae,19-10-2017_arendonk 2,fbb3baeb-c846-444c-926e-02445e328b78,13001,Arendonk,Antwerpen,NA,NA,3,flanders
4225,2017,0,adult,19-10-2017_arendonk 3,60e6e43e-6855-4917-a336-9ac46d087fad,13001,Arendonk,Antwerpen,NA,NA,2,flanders
4226,2017,0,juvenile,19-10-2017_arendonk 3,60e6e43e-6855-4917-a336-9ac46d087fad,13001,Arendonk,Antwerpen,NA,NA,2,flanders
4227,2017,41,larvae,19-10-2017_arendonk 3,60e6e43e-6855-4917-a336-9ac46d087fad,13001,Arendonk,Antwerpen,NA,NA,2,flanders
4228,2024,0,adult,19-10-2024_ham 1,E7E0783B-191D-4BDA-B435-D49C9AE5E857,71069,Ham,Limburg,ham 1,ham 1,4,flanders
4229,2024,0,juvenile,19-10-2024_ham 1,E7E0783B-191D-4BDA-B435-D49C9AE5E857,71069,Ham,Limburg,ham 1,ham 1,4,flanders
4230,2024,251,larvae,19-10-2024_ham 1,E7E0783B-191D-4BDA-B435-D49C9AE5E857,71069,Ham,Limburg,ham 1,ham 1,4,flanders
4231,2014,1,adult,20-05-2014_arendonk 2,fbb3baeb-c846-444c-926e-02445e328b78,13001,Arendonk,Antwerpen,NA,NA,4,flanders
4232,2014,0,juvenile,20-05-2014_arendonk 2,fbb3baeb-c846-444c-926e-02445e328b78,13001,Arendonk,Antwerpen,NA,NA,4,flanders
4233,2014,284,larvae,20-05-2014_arendonk 2,fbb3baeb-c846-444c-926e-02445e328b78,13001,Arendonk,Antwerpen,NA,NA,4,flanders
4234,2014,0,adult,20-05-2014_driehoek,48fb261c-3f3a-4a95-9103-1e6822dae999,13014,Hoogstraten,Antwerpen,NA,NA,3,flanders
4235,2014,0,juvenile,20-05-2014_driehoek,48fb261c-3f3a-4a95-9103-1e6822dae999,13014,Hoogstraten,Antwerpen,NA,NA,3,flanders
4236,2014,963,larvae,20-05-2014_driehoek,48fb261c-3f3a-4a95-9103-1e6822dae999,13014,Hoogstraten,Antwerpen,NA,NA,3,flanders
4237,2021,0,adult,20-05-2021_arendonk 2,fbb3baeb-c846-444c-926e-02445e328b78,13001,Arendonk,Antwerpen,arendonk 2,arendonk 2,10,flanders
4238,2021,0,juvenile,20-05-2021_arendonk 2,fbb3baeb-c846-444c-926e-02445e328b78,13001,Arendonk,Antwerpen,arendonk 2,arendonk 2,10,flanders
4239,2021,33,larvae,20-05-2021_arendonk 2,fbb3baeb-c846-444c-926e-02445e328b78,13001,Arendonk,Antwerpen,arendonk 2,arendonk 2,10,flanders
4240,2021,4,adult,20-05-2021_griesbroek 6,03dc3f07-506f-4c71-bbcd-ad24c177cab5,13003,Balen,Antwerpen,griesbroek 6,griesbroek 6,8,flanders
4241,2021,1,juvenile,20-05-2021_griesbroek 6,03dc3f07-506f-4c71-bbcd-ad24c177cab5,13003,Balen,Antwerpen,griesbroek 6,griesbroek 6,8,flanders
4242,2021,1133,larvae,20-05-2021_griesbroek 6,03dc3f07-506f-4c71-bbcd-ad24c177cab5,13003,Balen,Antwerpen,griesbroek 6,griesbroek 6,8,flanders
4243,2021,0,adult,20-05-2021_nijlen b4,d8073f6b-6ef9-4124-b3ab-b9bdb4ab28dc,12026,Nijlen,Antwerpen,nijlen b4,nijlen b4,3,flanders
4244,2021,0,juvenile,20-05-2021_nijlen b4,d8073f6b-6ef9-4124-b3ab-b9bdb4ab28dc,12026,Nijlen,Antwerpen,nijlen b4,nijlen b4,3,flanders
4245,2021,0,larvae,20-05-2021_nijlen b4,d8073f6b-6ef9-4124-b3ab-b9bdb4ab28dc,12026,Nijlen,Antwerpen,nijlen b4,nijlen b4,3,flanders
4246,2021,0,adult,20-05-2021_nijlen b5,02d79285-1ed2-44b9-84d5-96cd0b55f479,12026,Nijlen,Antwerpen,nijlen b5,nijlen b5,3,flanders
4247,2021,0,juvenile,20-05-2021_nijlen b5,02d79285-1ed2-44b9-84d5-96cd0b55f479,12026,Nijlen,Antwerpen,nijlen b5,nijlen b5,3,flanders
4248,2021,0,larvae,20-05-2021_nijlen b5,02d79285-1ed2-44b9-84d5-96cd0b55f479,12026,Nijlen,Antwerpen,nijlen b5,nijlen b5,3,flanders
4249,2022,0,adult,20-05-2022_arendonk 2,fbb3baeb-c846-444c-926e-02445e328b78,13001,Arendonk,Antwerpen,arendonk 2,arendonk 2,19,flanders
4250,2022,0,juvenile,20-05-2022_arendonk 2,fbb3baeb-c846-444c-926e-02445e328b78,13001,Arendonk,Antwerpen,arendonk 2,arendonk 2,19,flanders
4251,2022,0,larvae,20-05-2022_arendonk 2,fbb3baeb-c846-444c-926e-02445e328b78,13001,Arendonk,Antwerpen,arendonk 2,arendonk 2,19,flanders
4252,2022,2,adult,20-05-2022_griesbroek 6,03dc3f07-506f-4c71-bbcd-ad24c177cab5,13003,Balen,Antwerpen,griesbroek 6,griesbroek 6,20,flanders
4253,2022,11,juvenile,20-05-2022_griesbroek 6,03dc3f07-506f-4c71-bbcd-ad24c177cab5,13003,Balen,Antwerpen,griesbroek 6,griesbroek 6,20,flanders
4254,2022,1077,larvae,20-05-2022_griesbroek 6,03dc3f07-506f-4c71-bbcd-ad24c177cab5,13003,Balen,Antwerpen,griesbroek 6,griesbroek 6,20,flanders
4255,2022,2,adult,20-05-2022_laakdal 41,3FF122FA-A234-4A59-B023-BF7A15813990,13053,Laakdal,Antwerpen,laakdal 41,laakdal 41,17,flanders
4256,2022,0,juvenile,20-05-2022_laakdal 41,3FF122FA-A234-4A59-B023-BF7A15813990,13053,Laakdal,Antwerpen,laakdal 41,laakdal 41,17,flanders
4257,2022,667,larvae,20-05-2022_laakdal 41,3FF122FA-A234-4A59-B023-BF7A15813990,13053,Laakdal,Antwerpen,laakdal 41,laakdal 41,17,flanders
4258,2022,0,adult,20-05-2022_nijlen l9,f5fae4b8-8b29-46d6-9d83-8dcf2a965cb8,12021,Lier,Antwerpen,nijlen l9,nijlen l9,9,flanders
4259,2022,0,juvenile,20-05-2022_nijlen l9,f5fae4b8-8b29-46d6-9d83-8dcf2a965cb8,12021,Lier,Antwerpen,nijlen l9,nijlen l9,9,flanders
4260,2022,0,larvae,20-05-2022_nijlen l9,f5fae4b8-8b29-46d6-9d83-8dcf2a965cb8,12021,Lier,Antwerpen,nijlen l9,nijlen l9,9,flanders
4261,2025,9,adult,20-05-2025_bel 3,9D556E3D-7FCB-47FB-B5F4-40E66889C484,13025,Mol,Antwerpen,bel 3,bel 3,19,flanders
4262,2025,98,juvenile,20-05-2025_bel 3,9D556E3D-7FCB-47FB-B5F4-40E66889C484,13025,Mol,Antwerpen,bel 3,bel 3,19,flanders
4263,2025,4829,larvae,20-05-2025_bel 3,9D556E3D-7FCB-47FB-B5F4-40E66889C484,13025,Mol,Antwerpen,bel 3,bel 3,19,flanders
4264,2025,1,adult,20-05-2025_scheps 39,E0BFF7E4-D0E2-44B4-A7FE-2DD211144B52,13003,Balen,Antwerpen,scheps 39,scheps 39,6,flanders
4265,2025,2,juvenile,20-05-2025_scheps 39,E0BFF7E4-D0E2-44B4-A7FE-2DD211144B52,13003,Balen,Antwerpen,scheps 39,scheps 39,6,flanders
4266,2025,235,larvae,20-05-2025_scheps 39,E0BFF7E4-D0E2-44B4-A7FE-2DD211144B52,13003,Balen,Antwerpen,scheps 39,scheps 39,6,flanders
4267,2025,3,adult,20-05-2025_scheps 41,89FF8F2D-DE88-49E0-95F6-D0EA5A15D42F,13003,Balen,Antwerpen,scheps 41,scheps 41,5,flanders
4268,2025,0,juvenile,20-05-2025_scheps 41,89FF8F2D-DE88-49E0-95F6-D0EA5A15D42F,13003,Balen,Antwerpen,scheps 41,scheps 41,5,flanders
4269,2025,371,larvae,20-05-2025_scheps 41,89FF8F2D-DE88-49E0-95F6-D0EA5A15D42F,13003,Balen,Antwerpen,scheps 41,scheps 41,5,flanders
4270,2025,0,adult,20-05-2025_scheps 42,323F5909-B7D0-4A77-AC74-D9EF1DFB812A,13003,Balen,Antwerpen,scheps 42,scheps 42,3,flanders
4271,2025,0,juvenile,20-05-2025_scheps 42,323F5909-B7D0-4A77-AC74-D9EF1DFB812A,13003,Balen,Antwerpen,scheps 42,scheps 42,3,flanders
4272,2025,94,larvae,20-05-2025_scheps 42,323F5909-B7D0-4A77-AC74-D9EF1DFB812A,13003,Balen,Antwerpen,scheps 42,scheps 42,3,flanders
4273,2012,0,adult,20-06-2012_arendonk 2,fbb3baeb-c846-444c-926e-02445e328b78,13001,Arendonk,Antwerpen,NA,NA,6,flanders
4274,2012,0,juvenile,20-06-2012_arendonk 2,fbb3baeb-c846-444c-926e-02445e328b78,13001,Arendonk,Antwerpen,NA,NA,6,flanders
4275,2012,191,larvae,20-06-2012_arendonk 2,fbb3baeb-c846-444c-926e-02445e328b78,13001,Arendonk,Antwerpen,NA,NA,6,flanders
4276,2013,2,adult,20-06-2013_arendonk 2,fbb3baeb-c846-444c-926e-02445e328b78,13001,Arendonk,Antwerpen,NA,NA,5,flanders
4277,2013,0,juvenile,20-06-2013_arendonk 2,fbb3baeb-c846-444c-926e-02445e328b78,13001,Arendonk,Antwerpen,NA,NA,5,flanders
4278,2013,363,larvae,20-06-2013_arendonk 2,fbb3baeb-c846-444c-926e-02445e328b78,13001,Arendonk,Antwerpen,NA,NA,5,flanders
4279,2014,0,adult,20-06-2014_driehoek,48fb261c-3f3a-4a95-9103-1e6822dae999,13014,Hoogstraten,Antwerpen,NA,NA,3,flanders
4280,2014,0,juvenile,20-06-2014_driehoek,48fb261c-3f3a-4a95-9103-1e6822dae999,13014,Hoogstraten,Antwerpen,NA,NA,3,flanders
4281,2014,74,larvae,20-06-2014_driehoek,48fb261c-3f3a-4a95-9103-1e6822dae999,13014,Hoogstraten,Antwerpen,NA,NA,3,flanders
4282,2018,1,adult,20-06-2018_arendonk 2,fbb3baeb-c846-444c-926e-02445e328b78,13001,Arendonk,Antwerpen,NA,NA,1,flanders
4283,2018,0,juvenile,20-06-2018_arendonk 2,fbb3baeb-c846-444c-926e-02445e328b78,13001,Arendonk,Antwerpen,NA,NA,1,flanders
4284,2018,32,larvae,20-06-2018_arendonk 2,fbb3baeb-c846-444c-926e-02445e328b78,13001,Arendonk,Antwerpen,NA,NA,1,flanders
4285,2019,0,adult,20-06-2019_arendonk 2,fbb3baeb-c846-444c-926e-02445e328b78,13001,Arendonk,Antwerpen,arendonk 2,arendonk 2,5,flanders
4286,2019,0,juvenile,20-06-2019_arendonk 2,fbb3baeb-c846-444c-926e-02445e328b78,13001,Arendonk,Antwerpen,arendonk 2,arendonk 2,5,flanders
4287,2019,15,larvae,20-06-2019_arendonk 2,fbb3baeb-c846-444c-926e-02445e328b78,13001,Arendonk,Antwerpen,arendonk 2,arendonk 2,5,flanders
4288,2019,2,adult,20-06-2019_nijlen b10,554e3c11-e529-4b0b-a162-714c72d3547e,12026,Nijlen,Antwerpen,nijlen b10,nijlen b10,7,flanders
4289,2019,13,juvenile,20-06-2019_nijlen b10,554e3c11-e529-4b0b-a162-714c72d3547e,12026,Nijlen,Antwerpen,nijlen b10,nijlen b10,7,flanders
4290,2019,422,larvae,20-06-2019_nijlen b10,554e3c11-e529-4b0b-a162-714c72d3547e,12026,Nijlen,Antwerpen,nijlen b10,nijlen b10,7,flanders
4291,2019,1,adult,20-06-2019_scheps 20,03167d3d-4f00-42b8-b8be-fbe739205a3c,13003,Balen,Antwerpen,scheps 20,scheps 20,8,flanders
4292,2019,0,juvenile,20-06-2019_scheps 20,03167d3d-4f00-42b8-b8be-fbe739205a3c,13003,Balen,Antwerpen,scheps 20,scheps 20,8,flanders
4293,2019,244,larvae,20-06-2019_scheps 20,03167d3d-4f00-42b8-b8be-fbe739205a3c,13003,Balen,Antwerpen,scheps 20,scheps 20,8,flanders
4294,2023,0,adult,20-06-2023_laakdal 29,b5425787-f7c9-4bae-b5fd-80efc0b529d4,13053,Laakdal,Antwerpen,laakdal 29,laakdal 29,4,flanders
4295,2023,0,juvenile,20-06-2023_laakdal 29,b5425787-f7c9-4bae-b5fd-80efc0b529d4,13053,Laakdal,Antwerpen,laakdal 29,laakdal 29,4,flanders
4296,2023,0,larvae,20-06-2023_laakdal 29,b5425787-f7c9-4bae-b5fd-80efc0b529d4,13053,Laakdal,Antwerpen,laakdal 29,laakdal 29,4,flanders
4297,2023,0,adult,20-06-2023_laakdal 29b,111e5f0d-b25e-4ec8-aabf-0eeb6cd1d93b,13053,Laakdal,Antwerpen,laakdal 29b,laakdal 29b,2,flanders
4298,2023,3,juvenile,20-06-2023_laakdal 29b,111e5f0d-b25e-4ec8-aabf-0eeb6cd1d93b,13053,Laakdal,Antwerpen,laakdal 29b,laakdal 29b,2,flanders
4299,2023,0,larvae,20-06-2023_laakdal 29b,111e5f0d-b25e-4ec8-aabf-0eeb6cd1d93b,13053,Laakdal,Antwerpen,laakdal 29b,laakdal 29b,2,flanders
4300,2023,1,adult,20-06-2023_laakdal 32c,8dd8b062-2159-4ffb-bb54-2902bcaf4652,13053,Laakdal,Antwerpen,laakdal 32c,laakdal 32c,5,flanders
4301,2023,0,juvenile,20-06-2023_laakdal 32c,8dd8b062-2159-4ffb-bb54-2902bcaf4652,13053,Laakdal,Antwerpen,laakdal 32c,laakdal 32c,5,flanders
4302,2023,0,larvae,20-06-2023_laakdal 32c,8dd8b062-2159-4ffb-bb54-2902bcaf4652,13053,Laakdal,Antwerpen,laakdal 32c,laakdal 32c,5,flanders
4303,2023,1,adult,20-06-2023_laakdal 37,835E903F-A579-4355-8AB0-7D70249F0B89,13053,Laakdal,Antwerpen,laakdal 37,laakdal 37,9,flanders
4304,2023,0,juvenile,20-06-2023_laakdal 37,835E903F-A579-4355-8AB0-7D70249F0B89,13053,Laakdal,Antwerpen,laakdal 37,laakdal 37,9,flanders
4305,2023,0,larvae,20-06-2023_laakdal 37,835E903F-A579-4355-8AB0-7D70249F0B89,13053,Laakdal,Antwerpen,laakdal 37,laakdal 37,9,flanders
4306,2023,2,adult,20-06-2023_laakdal 39,E9E4CE1C-43A6-4817-96EB-873765AA5598,13053,Laakdal,Antwerpen,laakdal 39,laakdal 39,15,flanders
4307,2023,8,juvenile,20-06-2023_laakdal 39,E9E4CE1C-43A6-4817-96EB-873765AA5598,13053,Laakdal,Antwerpen,laakdal 39,laakdal 39,15,flanders
4308,2023,604,larvae,20-06-2023_laakdal 39,E9E4CE1C-43A6-4817-96EB-873765AA5598,13053,Laakdal,Antwerpen,laakdal 39,laakdal 39,15,flanders
4309,2023,0,adult,20-06-2023_laakdal 6,e02a0538-0a5c-4bf6-9af8-8bea79186857,13053,Laakdal,Antwerpen,laakdal 6,laakdal 6,3,flanders
4310,2023,1,juvenile,20-06-2023_laakdal 6,e02a0538-0a5c-4bf6-9af8-8bea79186857,13053,Laakdal,Antwerpen,laakdal 6,laakdal 6,3,flanders
4311,2023,0,larvae,20-06-2023_laakdal 6,e02a0538-0a5c-4bf6-9af8-8bea79186857,13053,Laakdal,Antwerpen,laakdal 6,laakdal 6,3,flanders
4312,2023,0,adult,20-06-2023_roost 38,B67850BE-C1FF-4995-9CF3-73B5E4F09B31,13053,Laakdal,Antwerpen,roost 38,roost 38,10,flanders
4313,2023,0,juvenile,20-06-2023_roost 38,B67850BE-C1FF-4995-9CF3-73B5E4F09B31,13053,Laakdal,Antwerpen,roost 38,roost 38,10,flanders
4314,2023,18,larvae,20-06-2023_roost 38,B67850BE-C1FF-4995-9CF3-73B5E4F09B31,13053,Laakdal,Antwerpen,roost 38,roost 38,10,flanders
4315,2024,0,adult,20-06-2024_antbal0342,8C17BEDF-B841-417C-B379-1D11FDDAA8B5,13003,Balen,Antwerpen,antbal0342,antbal0342,13,flanders
4316,2024,2,juvenile,20-06-2024_antbal0342,8C17BEDF-B841-417C-B379-1D11FDDAA8B5,13003,Balen,Antwerpen,antbal0342,antbal0342,13,flanders
4317,2024,88,larvae,20-06-2024_antbal0342,8C17BEDF-B841-417C-B379-1D11FDDAA8B5,13003,Balen,Antwerpen,antbal0342,antbal0342,13,flanders
4318,2024,0,adult,20-06-2024_arendonk 2,fbb3baeb-c846-444c-926e-02445e328b78,13001,Arendonk,Antwerpen,arendonk 2,arendonk 2,18,flanders
4319,2024,0,juvenile,20-06-2024_arendonk 2,fbb3baeb-c846-444c-926e-02445e328b78,13001,Arendonk,Antwerpen,arendonk 2,arendonk 2,18,flanders
4320,2024,0,larvae,20-06-2024_arendonk 2,fbb3baeb-c846-444c-926e-02445e328b78,13001,Arendonk,Antwerpen,arendonk 2,arendonk 2,18,flanders
4321,2024,0,adult,20-06-2024_molse nete 25,CCB25757-251A-496E-BE76-0FCEBCCE248E,13003,Balen,Antwerpen,molse nete 25,molse nete 25,2,flanders
4322,2024,0,juvenile,20-06-2024_molse nete 25,CCB25757-251A-496E-BE76-0FCEBCCE248E,13003,Balen,Antwerpen,molse nete 25,molse nete 25,2,flanders
4323,2024,179,larvae,20-06-2024_molse nete 25,CCB25757-251A-496E-BE76-0FCEBCCE248E,13003,Balen,Antwerpen,molse nete 25,molse nete 25,2,flanders
4324,2024,0,adult,20-06-2024_molse nete 27,13C21386-73BD-4394-BF8C-D621BB1AE140,13003,Balen,Antwerpen,molse nete 27,molse nete 27,12,flanders
4325,2024,0,juvenile,20-06-2024_molse nete 27,13C21386-73BD-4394-BF8C-D621BB1AE140,13003,Balen,Antwerpen,molse nete 27,molse nete 27,12,flanders
4326,2024,5,larvae,20-06-2024_molse nete 27,13C21386-73BD-4394-BF8C-D621BB1AE140,13003,Balen,Antwerpen,molse nete 27,molse nete 27,12,flanders
4327,2024,0,adult,20-06-2024_molse nete 29,B58A0CA0-1DD3-4A71-B356-C088AF4BA385,13003,Balen,Antwerpen,molse nete 29,molse nete 29,6,flanders
4328,2024,0,juvenile,20-06-2024_molse nete 29,B58A0CA0-1DD3-4A71-B356-C088AF4BA385,13003,Balen,Antwerpen,molse nete 29,molse nete 29,6,flanders
4329,2024,0,larvae,20-06-2024_molse nete 29,B58A0CA0-1DD3-4A71-B356-C088AF4BA385,13003,Balen,Antwerpen,molse nete 29,molse nete 29,6,flanders
4330,2024,13,adult,20-06-2024_molse nete 34,C9CD45C3-D4B7-43B3-A539-282D76046F45,13003,Balen,Antwerpen,molse nete 34,molse nete 34,14,flanders
4331,2024,0,juvenile,20-06-2024_molse nete 34,C9CD45C3-D4B7-43B3-A539-282D76046F45,13003,Balen,Antwerpen,molse nete 34,molse nete 34,14,flanders
4332,2024,0,larvae,20-06-2024_molse nete 34,C9CD45C3-D4B7-43B3-A539-282D76046F45,13003,Balen,Antwerpen,molse nete 34,molse nete 34,14,flanders
4333,2025,0,adult,20-06-2025_antlkd 0300,30BC8B78-B6A9-45DE-92CD-A7801509C5CF,13053,Laakdal,Antwerpen,antlkd 0300,antlkd 0300,4,flanders
4334,2025,1,juvenile,20-06-2025_antlkd 0300,30BC8B78-B6A9-45DE-92CD-A7801509C5CF,13053,Laakdal,Antwerpen,antlkd 0300,antlkd 0300,4,flanders
4335,2025,1,larvae,20-06-2025_antlkd 0300,30BC8B78-B6A9-45DE-92CD-A7801509C5CF,13053,Laakdal,Antwerpen,antlkd 0300,antlkd 0300,4,flanders
4336,2025,0,adult,20-06-2025_bel 1,E889F226-84B5-499E-A73B-A5DF719C540C,13008,Geel,Antwerpen,bel 1,bel 1,3,flanders
4337,2025,0,juvenile,20-06-2025_bel 1,E889F226-84B5-499E-A73B-A5DF719C540C,13008,Geel,Antwerpen,bel 1,bel 1,3,flanders
4338,2025,591,larvae,20-06-2025_bel 1,E889F226-84B5-499E-A73B-A5DF719C540C,13008,Geel,Antwerpen,bel 1,bel 1,3,flanders
4339,2025,2,adult,20-06-2025_geel kruiskwacht 2,781F2ED8-0177-4D33-902F-C7DC87D7808E,13008,Geel,Antwerpen,geel kruiskwacht 2,geel kruiskwacht 2,7,flanders
4340,2025,1,juvenile,20-06-2025_geel kruiskwacht 2,781F2ED8-0177-4D33-902F-C7DC87D7808E,13008,Geel,Antwerpen,geel kruiskwacht 2,geel kruiskwacht 2,7,flanders
4341,2025,1032,larvae,20-06-2025_geel kruiskwacht 2,781F2ED8-0177-4D33-902F-C7DC87D7808E,13008,Geel,Antwerpen,geel kruiskwacht 2,geel kruiskwacht 2,7,flanders
4342,2025,0,adult,20-06-2025_geel kruiskwacht 3,03D4A801-541C-48F7-86F0-F65BE5D1B246,13008,Geel,Antwerpen,geel kruiskwacht 3,geel kruiskwacht 3,2,flanders
4343,2025,12,juvenile,20-06-2025_geel kruiskwacht 3,03D4A801-541C-48F7-86F0-F65BE5D1B246,13008,Geel,Antwerpen,geel kruiskwacht 3,geel kruiskwacht 3,2,flanders
4344,2025,17,larvae,20-06-2025_geel kruiskwacht 3,03D4A801-541C-48F7-86F0-F65BE5D1B246,13008,Geel,Antwerpen,geel kruiskwacht 3,geel kruiskwacht 3,2,flanders
4345,2025,0,adult,20-06-2025_laakdal 41,3FF122FA-A234-4A59-B023-BF7A15813990,13053,Laakdal,Antwerpen,laakdal 41,laakdal 41,6,flanders
4346,2025,0,juvenile,20-06-2025_laakdal 41,3FF122FA-A234-4A59-B023-BF7A15813990,13053,Laakdal,Antwerpen,laakdal 41,laakdal 41,6,flanders
4347,2025,146,larvae,20-06-2025_laakdal 41,3FF122FA-A234-4A59-B023-BF7A15813990,13053,Laakdal,Antwerpen,laakdal 41,laakdal 41,6,flanders
4348,2025,0,adult,20-06-2025_laakdal 5,62abe301-066c-4fa9-a54d-14e8b8882923,13053,Laakdal,Antwerpen,laakdal 5,laakdal 5,4,flanders
4349,2025,5,juvenile,20-06-2025_laakdal 5,62abe301-066c-4fa9-a54d-14e8b8882923,13053,Laakdal,Antwerpen,laakdal 5,laakdal 5,4,flanders
4350,2025,532,larvae,20-06-2025_laakdal 5,62abe301-066c-4fa9-a54d-14e8b8882923,13053,Laakdal,Antwerpen,laakdal 5,laakdal 5,4,flanders
4351,2010,0,adult,20-07-2010_driehoek,48fb261c-3f3a-4a95-9103-1e6822dae999,13014,Hoogstraten,Antwerpen,NA,NA,4,flanders
4352,2010,4,juvenile,20-07-2010_driehoek,48fb261c-3f3a-4a95-9103-1e6822dae999,13014,Hoogstraten,Antwerpen,NA,NA,4,flanders
4353,2010,1123,larvae,20-07-2010_driehoek,48fb261c-3f3a-4a95-9103-1e6822dae999,13014,Hoogstraten,Antwerpen,NA,NA,4,flanders
4354,2011,10,adult,20-07-2011_arendonk 1,91a8e2bb-b682-4c53-b213-7494198b12ce,13001,Arendonk,Antwerpen,NA,NA,9,flanders
4355,2011,2,juvenile,20-07-2011_arendonk 1,91a8e2bb-b682-4c53-b213-7494198b12ce,13001,Arendonk,Antwerpen,NA,NA,9,flanders
4356,2011,382,larvae,20-07-2011_arendonk 1,91a8e2bb-b682-4c53-b213-7494198b12ce,13001,Arendonk,Antwerpen,NA,NA,9,flanders
4357,2012,0,adult,20-07-2012_arendonk 2,fbb3baeb-c846-444c-926e-02445e328b78,13001,Arendonk,Antwerpen,NA,NA,6,flanders
4358,2012,0,juvenile,20-07-2012_arendonk 2,fbb3baeb-c846-444c-926e-02445e328b78,13001,Arendonk,Antwerpen,NA,NA,6,flanders
4359,2012,53,larvae,20-07-2012_arendonk 2,fbb3baeb-c846-444c-926e-02445e328b78,13001,Arendonk,Antwerpen,NA,NA,6,flanders
4360,2012,8,adult,20-07-2012_driehoek,48fb261c-3f3a-4a95-9103-1e6822dae999,13014,Hoogstraten,Antwerpen,NA,NA,6,flanders
4361,2012,0,juvenile,20-07-2012_driehoek,48fb261c-3f3a-4a95-9103-1e6822dae999,13014,Hoogstraten,Antwerpen,NA,NA,6,flanders
4362,2012,0,larvae,20-07-2012_driehoek,48fb261c-3f3a-4a95-9103-1e6822dae999,13014,Hoogstraten,Antwerpen,NA,NA,6,flanders
4363,2017,0,adult,20-07-2017_arendonk 3,60e6e43e-6855-4917-a336-9ac46d087fad,13001,Arendonk,Antwerpen,NA,NA,5,flanders
4364,2017,0,juvenile,20-07-2017_arendonk 3,60e6e43e-6855-4917-a336-9ac46d087fad,13001,Arendonk,Antwerpen,NA,NA,5,flanders
4365,2017,11,larvae,20-07-2017_arendonk 3,60e6e43e-6855-4917-a336-9ac46d087fad,13001,Arendonk,Antwerpen,NA,NA,5,flanders
4366,2017,1,adult,20-07-2017_retiebaan 2,4e76c083-9d1e-4900-8395-911d04e4e5ea,13017,Kasterlee,Antwerpen,NA,NA,2,flanders
4367,2017,0,juvenile,20-07-2017_retiebaan 2,4e76c083-9d1e-4900-8395-911d04e4e5ea,13017,Kasterlee,Antwerpen,NA,NA,2,flanders
4368,2017,0,larvae,20-07-2017_retiebaan 2,4e76c083-9d1e-4900-8395-911d04e4e5ea,13017,Kasterlee,Antwerpen,NA,NA,2,flanders
4369,2018,0,adult,20-07-2018_arendonk 2,fbb3baeb-c846-444c-926e-02445e328b78,13001,Arendonk,Antwerpen,NA,NA,1,flanders
4370,2018,0,juvenile,20-07-2018_arendonk 2,fbb3baeb-c846-444c-926e-02445e328b78,13001,Arendonk,Antwerpen,NA,NA,1,flanders
4371,2018,1138,larvae,20-07-2018_arendonk 2,fbb3baeb-c846-444c-926e-02445e328b78,13001,Arendonk,Antwerpen,NA,NA,1,flanders
4372,2018,0,adult,20-07-2018_arendonk 3,60e6e43e-6855-4917-a336-9ac46d087fad,13001,Arendonk,Antwerpen,NA,NA,1,flanders
4373,2018,17,juvenile,20-07-2018_arendonk 3,60e6e43e-6855-4917-a336-9ac46d087fad,13001,Arendonk,Antwerpen,NA,NA,1,flanders
4374,2018,91,larvae,20-07-2018_arendonk 3,60e6e43e-6855-4917-a336-9ac46d087fad,13001,Arendonk,Antwerpen,NA,NA,1,flanders
4375,2018,1,adult,20-07-2018_nijlen b10,554e3c11-e529-4b0b-a162-714c72d3547e,12026,Nijlen,Antwerpen,NA,NA,6,flanders
4376,2018,3,juvenile,20-07-2018_nijlen b10,554e3c11-e529-4b0b-a162-714c72d3547e,12026,Nijlen,Antwerpen,NA,NA,6,flanders
4377,2018,1893,larvae,20-07-2018_nijlen b10,554e3c11-e529-4b0b-a162-714c72d3547e,12026,Nijlen,Antwerpen,NA,NA,6,flanders
4378,2018,1,adult,20-07-2018_scheps 10,ff328547-af9c-4e6f-bbf1-5d2856b2da7b,13003,Balen,Antwerpen,scheps 10,scheps 10,3,flanders
4379,2018,1,juvenile,20-07-2018_scheps 10,ff328547-af9c-4e6f-bbf1-5d2856b2da7b,13003,Balen,Antwerpen,scheps 10,scheps 10,3,flanders
4380,2018,0,larvae,20-07-2018_scheps 10,ff328547-af9c-4e6f-bbf1-5d2856b2da7b,13003,Balen,Antwerpen,scheps 10,scheps 10,3,flanders
4381,2018,2,adult,20-07-2018_scheps 20,03167d3d-4f00-42b8-b8be-fbe739205a3c,13003,Balen,Antwerpen,scheps 20,scheps 20,5,flanders
4382,2018,3,juvenile,20-07-2018_scheps 20,03167d3d-4f00-42b8-b8be-fbe739205a3c,13003,Balen,Antwerpen,scheps 20,scheps 20,5,flanders
4383,2018,137,larvae,20-07-2018_scheps 20,03167d3d-4f00-42b8-b8be-fbe739205a3c,13003,Balen,Antwerpen,scheps 20,scheps 20,5,flanders
4384,2018,1,adult,20-07-2018_scheps 6,3f097ed2-a6e2-4db8-ab6d-eb411d610792,13003,Balen,Antwerpen,scheps 6,scheps 6,2,flanders
4385,2018,0,juvenile,20-07-2018_scheps 6,3f097ed2-a6e2-4db8-ab6d-eb411d610792,13003,Balen,Antwerpen,scheps 6,scheps 6,2,flanders
4386,2018,0,larvae,20-07-2018_scheps 6,3f097ed2-a6e2-4db8-ab6d-eb411d610792,13003,Balen,Antwerpen,scheps 6,scheps 6,2,flanders
4387,2019,0,adult,20-07-2019_nijlen d3,01c64427-44d5-497c-bbdc-dbff8b1c8dc7,12021,Lier,Antwerpen,nijlen d3,nijlen d3,5,flanders
4388,2019,0,juvenile,20-07-2019_nijlen d3,01c64427-44d5-497c-bbdc-dbff8b1c8dc7,12021,Lier,Antwerpen,nijlen d3,nijlen d3,5,flanders
4389,2019,0,larvae,20-07-2019_nijlen d3,01c64427-44d5-497c-bbdc-dbff8b1c8dc7,12021,Lier,Antwerpen,nijlen d3,nijlen d3,5,flanders
4390,2021,0,adult,20-07-2021_laakdal 26,598e42bd-eadc-4594-b967-130cb4905c0c,13053,Laakdal,Antwerpen,laakdal 26,laakdal 26,4,flanders
4391,2021,0,juvenile,20-07-2021_laakdal 26,598e42bd-eadc-4594-b967-130cb4905c0c,13053,Laakdal,Antwerpen,laakdal 26,laakdal 26,4,flanders
4392,2021,0,larvae,20-07-2021_laakdal 26,598e42bd-eadc-4594-b967-130cb4905c0c,13053,Laakdal,Antwerpen,laakdal 26,laakdal 26,4,flanders
4393,2021,0,adult,20-07-2021_laakdal 26b,d7da64c9-cd55-484c-95bf-ee15fb3f570a,13053,Laakdal,Antwerpen,laakdal 26b,laakdal 26b,4,flanders
4394,2021,0,juvenile,20-07-2021_laakdal 26b,d7da64c9-cd55-484c-95bf-ee15fb3f570a,13053,Laakdal,Antwerpen,laakdal 26b,laakdal 26b,4,flanders
4395,2021,0,larvae,20-07-2021_laakdal 26b,d7da64c9-cd55-484c-95bf-ee15fb3f570a,13053,Laakdal,Antwerpen,laakdal 26b,laakdal 26b,4,flanders
4396,2021,1,adult,20-07-2021_molse nete 25,CCB25757-251A-496E-BE76-0FCEBCCE248E,13003,Balen,Antwerpen,molse nete 25,molse nete 25,10,flanders
4397,2021,13,juvenile,20-07-2021_molse nete 25,CCB25757-251A-496E-BE76-0FCEBCCE248E,13003,Balen,Antwerpen,molse nete 25,molse nete 25,10,flanders
4398,2021,866,larvae,20-07-2021_molse nete 25,CCB25757-251A-496E-BE76-0FCEBCCE248E,13003,Balen,Antwerpen,molse nete 25,molse nete 25,10,flanders
4399,2021,0,adult,20-07-2021_nijlen g2,a484323f-4a55-4cf1-affb-6b5870f769db,12021,Lier,Antwerpen,nijlen g2,nijlen g2,6,flanders
4400,2021,0,juvenile,20-07-2021_nijlen g2,a484323f-4a55-4cf1-affb-6b5870f769db,12021,Lier,Antwerpen,nijlen g2,nijlen g2,6,flanders
4401,2021,0,larvae,20-07-2021_nijlen g2,a484323f-4a55-4cf1-affb-6b5870f769db,12021,Lier,Antwerpen,nijlen g2,nijlen g2,6,flanders
4402,2022,0,adult,20-07-2022_antbal0342,8C17BEDF-B841-417C-B379-1D11FDDAA8B5,13003,Balen,Antwerpen,antbal0342,antbal0342,5,flanders
4403,2022,0,juvenile,20-07-2022_antbal0342,8C17BEDF-B841-417C-B379-1D11FDDAA8B5,13003,Balen,Antwerpen,antbal0342,antbal0342,5,flanders
4404,2022,47,larvae,20-07-2022_antbal0342,8C17BEDF-B841-417C-B379-1D11FDDAA8B5,13003,Balen,Antwerpen,antbal0342,antbal0342,5,flanders
4405,2022,2,adult,20-07-2022_molse nete 27,13C21386-73BD-4394-BF8C-D621BB1AE140,13003,Balen,Antwerpen,molse nete 27,molse nete 27,10,flanders
4406,2022,8,juvenile,20-07-2022_molse nete 27,13C21386-73BD-4394-BF8C-D621BB1AE140,13003,Balen,Antwerpen,molse nete 27,molse nete 27,10,flanders
4407,2022,277,larvae,20-07-2022_molse nete 27,13C21386-73BD-4394-BF8C-D621BB1AE140,13003,Balen,Antwerpen,molse nete 27,molse nete 27,10,flanders
4408,2022,0,adult,20-07-2022_molse nete 29,B58A0CA0-1DD3-4A71-B356-C088AF4BA385,13003,Balen,Antwerpen,molse nete 29,molse nete 29,9,flanders
4409,2022,25,juvenile,20-07-2022_molse nete 29,B58A0CA0-1DD3-4A71-B356-C088AF4BA385,13003,Balen,Antwerpen,molse nete 29,molse nete 29,9,flanders
4410,2022,47,larvae,20-07-2022_molse nete 29,B58A0CA0-1DD3-4A71-B356-C088AF4BA385,13003,Balen,Antwerpen,molse nete 29,molse nete 29,9,flanders
4411,2023,0,adult,20-07-2023_antbal0342,8C17BEDF-B841-417C-B379-1D11FDDAA8B5,13003,Balen,Antwerpen,antbal0342,antbal0342,6,flanders
4412,2023,31,juvenile,20-07-2023_antbal0342,8C17BEDF-B841-417C-B379-1D11FDDAA8B5,13003,Balen,Antwerpen,antbal0342,antbal0342,6,flanders
4413,2023,121,larvae,20-07-2023_antbal0342,8C17BEDF-B841-417C-B379-1D11FDDAA8B5,13003,Balen,Antwerpen,antbal0342,antbal0342,6,flanders
4414,2023,0,adult,20-07-2023_molse nete 25,CCB25757-251A-496E-BE76-0FCEBCCE248E,13003,Balen,Antwerpen,molse nete 25,molse nete 25,6,flanders
4415,2023,5,juvenile,20-07-2023_molse nete 25,CCB25757-251A-496E-BE76-0FCEBCCE248E,13003,Balen,Antwerpen,molse nete 25,molse nete 25,6,flanders
4416,2023,192,larvae,20-07-2023_molse nete 25,CCB25757-251A-496E-BE76-0FCEBCCE248E,13003,Balen,Antwerpen,molse nete 25,molse nete 25,6,flanders
4417,2023,0,adult,20-07-2023_molse nete 27,13C21386-73BD-4394-BF8C-D621BB1AE140,13003,Balen,Antwerpen,molse nete 27,molse nete 27,7,flanders
4418,2023,35,juvenile,20-07-2023_molse nete 27,13C21386-73BD-4394-BF8C-D621BB1AE140,13003,Balen,Antwerpen,molse nete 27,molse nete 27,7,flanders
4419,2023,1,larvae,20-07-2023_molse nete 27,13C21386-73BD-4394-BF8C-D621BB1AE140,13003,Balen,Antwerpen,molse nete 27,molse nete 27,7,flanders
4420,2023,0,adult,20-07-2023_molse nete 29,B58A0CA0-1DD3-4A71-B356-C088AF4BA385,13003,Balen,Antwerpen,molse nete 29,molse nete 29,6,flanders
4421,2023,8,juvenile,20-07-2023_molse nete 29,B58A0CA0-1DD3-4A71-B356-C088AF4BA385,13003,Balen,Antwerpen,molse nete 29,molse nete 29,6,flanders
4422,2023,0,larvae,20-07-2023_molse nete 29,B58A0CA0-1DD3-4A71-B356-C088AF4BA385,13003,Balen,Antwerpen,molse nete 29,molse nete 29,6,flanders
4423,2010,0,adult,20-08-2010_driehoek,48fb261c-3f3a-4a95-9103-1e6822dae999,13014,Hoogstraten,Antwerpen,NA,NA,3,flanders
4424,2010,0,juvenile,20-08-2010_driehoek,48fb261c-3f3a-4a95-9103-1e6822dae999,13014,Hoogstraten,Antwerpen,NA,NA,3,flanders
4425,2010,76,larvae,20-08-2010_driehoek,48fb261c-3f3a-4a95-9103-1e6822dae999,13014,Hoogstraten,Antwerpen,NA,NA,3,flanders
4426,2013,0,adult,20-08-2013_arendonk 2,fbb3baeb-c846-444c-926e-02445e328b78,13001,Arendonk,Antwerpen,NA,NA,5,flanders
4427,2013,0,juvenile,20-08-2013_arendonk 2,fbb3baeb-c846-444c-926e-02445e328b78,13001,Arendonk,Antwerpen,NA,NA,5,flanders
4428,2013,232,larvae,20-08-2013_arendonk 2,fbb3baeb-c846-444c-926e-02445e328b78,13001,Arendonk,Antwerpen,NA,NA,5,flanders
4429,2014,0,adult,20-08-2014_arendonk 2,fbb3baeb-c846-444c-926e-02445e328b78,13001,Arendonk,Antwerpen,NA,NA,4,flanders
4430,2014,1,juvenile,20-08-2014_arendonk 2,fbb3baeb-c846-444c-926e-02445e328b78,13001,Arendonk,Antwerpen,NA,NA,4,flanders
4431,2014,218,larvae,20-08-2014_arendonk 2,fbb3baeb-c846-444c-926e-02445e328b78,13001,Arendonk,Antwerpen,NA,NA,4,flanders
4432,2014,0,adult,20-08-2014_kasterlee 7,d47894eb-3a0b-4dc1-8804-627d397aa280,13017,Kasterlee,Antwerpen,NA,NA,4,flanders
4433,2014,0,juvenile,20-08-2014_kasterlee 7,d47894eb-3a0b-4dc1-8804-627d397aa280,13017,Kasterlee,Antwerpen,NA,NA,4,flanders
4434,2014,8,larvae,20-08-2014_kasterlee 7,d47894eb-3a0b-4dc1-8804-627d397aa280,13017,Kasterlee,Antwerpen,NA,NA,4,flanders
4435,2015,0,adult,20-08-2015_kasterlee 9,7448a0e8-761d-4b7c-b9dc-cb8944caa7f4,13017,Kasterlee,Antwerpen,NA,NA,3,flanders
4436,2015,13,juvenile,20-08-2015_kasterlee 9,7448a0e8-761d-4b7c-b9dc-cb8944caa7f4,13017,Kasterlee,Antwerpen,NA,NA,3,flanders
4437,2015,0,larvae,20-08-2015_kasterlee 9,7448a0e8-761d-4b7c-b9dc-cb8944caa7f4,13017,Kasterlee,Antwerpen,NA,NA,3,flanders
4438,2017,2,adult,20-08-2017_scheps 1,99b57d68-38ec-4f35-8d21-edaa375cf288,13003,Balen,Antwerpen,NA,NA,7,flanders
4439,2017,111,juvenile,20-08-2017_scheps 1,99b57d68-38ec-4f35-8d21-edaa375cf288,13003,Balen,Antwerpen,NA,NA,7,flanders
4440,2017,80,larvae,20-08-2017_scheps 1,99b57d68-38ec-4f35-8d21-edaa375cf288,13003,Balen,Antwerpen,NA,NA,7,flanders
4441,2017,2,adult,20-08-2017_scheps 2,02b5890b-9ab4-49fa-9d47-4fd9f8d3c477,13003,Balen,Antwerpen,scheps 2,scheps 2,7,flanders
4442,2017,111,juvenile,20-08-2017_scheps 2,02b5890b-9ab4-49fa-9d47-4fd9f8d3c477,13003,Balen,Antwerpen,scheps 2,scheps 2,7,flanders
4443,2017,80,larvae,20-08-2017_scheps 2,02b5890b-9ab4-49fa-9d47-4fd9f8d3c477,13003,Balen,Antwerpen,scheps 2,scheps 2,7,flanders
4444,2020,0,adult,20-08-2020_nijlen b1,371b2c32-c877-4fc7-9842-89ee20a6bd29,12026,Nijlen,Antwerpen,nijlen b1,nijlen b1,1,flanders
4445,2020,0,juvenile,20-08-2020_nijlen b1,371b2c32-c877-4fc7-9842-89ee20a6bd29,12026,Nijlen,Antwerpen,nijlen b1,nijlen b1,1,flanders
4446,2020,0,larvae,20-08-2020_nijlen b1,371b2c32-c877-4fc7-9842-89ee20a6bd29,12026,Nijlen,Antwerpen,nijlen b1,nijlen b1,1,flanders
4447,2020,0,adult,20-08-2020_nijlen b2,a575a95b-16db-4cf3-bc1d-ea5aab092466,12026,Nijlen,Antwerpen,nijlen b2,nijlen b2,6,flanders
4448,2020,0,juvenile,20-08-2020_nijlen b2,a575a95b-16db-4cf3-bc1d-ea5aab092466,12026,Nijlen,Antwerpen,nijlen b2,nijlen b2,6,flanders
4449,2020,0,larvae,20-08-2020_nijlen b2,a575a95b-16db-4cf3-bc1d-ea5aab092466,12026,Nijlen,Antwerpen,nijlen b2,nijlen b2,6,flanders
4450,2020,1,adult,20-08-2020_nijlen b4,d8073f6b-6ef9-4124-b3ab-b9bdb4ab28dc,12026,Nijlen,Antwerpen,nijlen b4,nijlen b4,2,flanders
4451,2020,0,juvenile,20-08-2020_nijlen b4,d8073f6b-6ef9-4124-b3ab-b9bdb4ab28dc,12026,Nijlen,Antwerpen,nijlen b4,nijlen b4,2,flanders
4452,2020,0,larvae,20-08-2020_nijlen b4,d8073f6b-6ef9-4124-b3ab-b9bdb4ab28dc,12026,Nijlen,Antwerpen,nijlen b4,nijlen b4,2,flanders
4453,2020,1,adult,20-08-2020_nijlen b5,02d79285-1ed2-44b9-84d5-96cd0b55f479,12026,Nijlen,Antwerpen,nijlen b5,nijlen b5,2,flanders
4454,2020,0,juvenile,20-08-2020_nijlen b5,02d79285-1ed2-44b9-84d5-96cd0b55f479,12026,Nijlen,Antwerpen,nijlen b5,nijlen b5,2,flanders
4455,2020,0,larvae,20-08-2020_nijlen b5,02d79285-1ed2-44b9-84d5-96cd0b55f479,12026,Nijlen,Antwerpen,nijlen b5,nijlen b5,2,flanders
4456,2020,4,adult,20-08-2020_scheps 20,03167d3d-4f00-42b8-b8be-fbe739205a3c,13003,Balen,Antwerpen,scheps 20,scheps 20,4,flanders
4457,2020,1,juvenile,20-08-2020_scheps 20,03167d3d-4f00-42b8-b8be-fbe739205a3c,13003,Balen,Antwerpen,scheps 20,scheps 20,4,flanders
4458,2020,1174,larvae,20-08-2020_scheps 20,03167d3d-4f00-42b8-b8be-fbe739205a3c,13003,Balen,Antwerpen,scheps 20,scheps 20,4,flanders
4459,2021,0,adult,20-08-2021_herselt 1,5AB89730-1687-4EC6-9E34-D6A23787BF75,13013,Herselt,Antwerpen,herselt 1,herselt 1,6,flanders
4460,2021,0,juvenile,20-08-2021_herselt 1,5AB89730-1687-4EC6-9E34-D6A23787BF75,13013,Herselt,Antwerpen,herselt 1,herselt 1,6,flanders
4461,2021,11,larvae,20-08-2021_herselt 1,5AB89730-1687-4EC6-9E34-D6A23787BF75,13013,Herselt,Antwerpen,herselt 1,herselt 1,6,flanders
4462,2021,0,adult,20-08-2021_herselt 2,AAE5A83A-6590-4F17-AF25-0CAAC262AAB9,13013,Herselt,Antwerpen,herselt 2,herselt 2,4,flanders
4463,2021,0,juvenile,20-08-2021_herselt 2,AAE5A83A-6590-4F17-AF25-0CAAC262AAB9,13013,Herselt,Antwerpen,herselt 2,herselt 2,4,flanders
4464,2021,30,larvae,20-08-2021_herselt 2,AAE5A83A-6590-4F17-AF25-0CAAC262AAB9,13013,Herselt,Antwerpen,herselt 2,herselt 2,4,flanders
4465,2021,0,adult,20-08-2021_herselt 8,3D6D580A-AB46-401F-8ABF-43001E535D3F,13013,Herselt,Antwerpen,herselt 8,herselt 8,5,flanders
4466,2021,0,juvenile,20-08-2021_herselt 8,3D6D580A-AB46-401F-8ABF-43001E535D3F,13013,Herselt,Antwerpen,herselt 8,herselt 8,5,flanders
4467,2021,157,larvae,20-08-2021_herselt 8,3D6D580A-AB46-401F-8ABF-43001E535D3F,13013,Herselt,Antwerpen,herselt 8,herselt 8,5,flanders
4468,2024,0,adult,20-08-2024_westerlo pidpa 1,7C31CF7F-E64E-4AD4-9C7F-56AE53BC8DDA,13049,Westerlo,Antwerpen,westerlo pidpa 1,westerlo pidpa 1,5,flanders
4469,2024,7,juvenile,20-08-2024_westerlo pidpa 1,7C31CF7F-E64E-4AD4-9C7F-56AE53BC8DDA,13049,Westerlo,Antwerpen,westerlo pidpa 1,westerlo pidpa 1,5,flanders
4470,2024,78,larvae,20-08-2024_westerlo pidpa 1,7C31CF7F-E64E-4AD4-9C7F-56AE53BC8DDA,13049,Westerlo,Antwerpen,westerlo pidpa 1,westerlo pidpa 1,5,flanders
4471,2024,2,adult,20-08-2024_westerlo pidpa 2,A02C865C-B51E-4403-8C7F-CA23CD132BFE,13049,Westerlo,Antwerpen,westerlo pidpa 2,westerlo pidpa 2,8,flanders
4472,2024,102,juvenile,20-08-2024_westerlo pidpa 2,A02C865C-B51E-4403-8C7F-CA23CD132BFE,13049,Westerlo,Antwerpen,westerlo pidpa 2,westerlo pidpa 2,8,flanders
4473,2024,456,larvae,20-08-2024_westerlo pidpa 2,A02C865C-B51E-4403-8C7F-CA23CD132BFE,13049,Westerlo,Antwerpen,westerlo pidpa 2,westerlo pidpa 2,8,flanders
4474,2024,4,adult,20-08-2024_westerlo pidpa 3,2A0EB8B2-70D9-41D8-867E-7724BBBBB22F,13049,Westerlo,Antwerpen,westerlo pidpa 3,westerlo pidpa 3,6,flanders
4475,2024,104,juvenile,20-08-2024_westerlo pidpa 3,2A0EB8B2-70D9-41D8-867E-7724BBBBB22F,13049,Westerlo,Antwerpen,westerlo pidpa 3,westerlo pidpa 3,6,flanders
4476,2024,459,larvae,20-08-2024_westerlo pidpa 3,2A0EB8B2-70D9-41D8-867E-7724BBBBB22F,13049,Westerlo,Antwerpen,westerlo pidpa 3,westerlo pidpa 3,6,flanders
4477,2024,3,adult,20-08-2024_westerlo pidpa 4,97DBF7D8-3437-4AA1-B606-C07DDF6E0A04,13049,Westerlo,Antwerpen,westerlo pidpa 4,westerlo pidpa 4,10,flanders
4478,2024,44,juvenile,20-08-2024_westerlo pidpa 4,97DBF7D8-3437-4AA1-B606-C07DDF6E0A04,13049,Westerlo,Antwerpen,westerlo pidpa 4,westerlo pidpa 4,10,flanders
4479,2024,96,larvae,20-08-2024_westerlo pidpa 4,97DBF7D8-3437-4AA1-B606-C07DDF6E0A04,13049,Westerlo,Antwerpen,westerlo pidpa 4,westerlo pidpa 4,10,flanders
4480,2011,2,adult,20-09-2011_arendonk 3,60e6e43e-6855-4917-a336-9ac46d087fad,13001,Arendonk,Antwerpen,NA,NA,8,flanders
4481,2011,1,juvenile,20-09-2011_arendonk 3,60e6e43e-6855-4917-a336-9ac46d087fad,13001,Arendonk,Antwerpen,NA,NA,8,flanders
4482,2011,55,larvae,20-09-2011_arendonk 3,60e6e43e-6855-4917-a336-9ac46d087fad,13001,Arendonk,Antwerpen,NA,NA,8,flanders
4483,2011,0,adult,20-09-2011_bospoel,bf074168-c09d-40a9-b321-59ce253aa461,13014,Hoogstraten,Antwerpen,NA,NA,2,flanders
4484,2011,1,juvenile,20-09-2011_bospoel,bf074168-c09d-40a9-b321-59ce253aa461,13014,Hoogstraten,Antwerpen,NA,NA,2,flanders
4485,2011,5,larvae,20-09-2011_bospoel,bf074168-c09d-40a9-b321-59ce253aa461,13014,Hoogstraten,Antwerpen,NA,NA,2,flanders
4486,2012,1,adult,20-09-2012_arendonk 3,60e6e43e-6855-4917-a336-9ac46d087fad,13001,Arendonk,Antwerpen,NA,NA,6,flanders
4487,2012,0,juvenile,20-09-2012_arendonk 3,60e6e43e-6855-4917-a336-9ac46d087fad,13001,Arendonk,Antwerpen,NA,NA,6,flanders
4488,2012,38,larvae,20-09-2012_arendonk 3,60e6e43e-6855-4917-a336-9ac46d087fad,13001,Arendonk,Antwerpen,NA,NA,6,flanders
4489,2013,0,adult,20-09-2013_arendonk 2,fbb3baeb-c846-444c-926e-02445e328b78,13001,Arendonk,Antwerpen,NA,NA,5,flanders
4490,2013,0,juvenile,20-09-2013_arendonk 2,fbb3baeb-c846-444c-926e-02445e328b78,13001,Arendonk,Antwerpen,NA,NA,5,flanders
4491,2013,186,larvae,20-09-2013_arendonk 2,fbb3baeb-c846-444c-926e-02445e328b78,13001,Arendonk,Antwerpen,NA,NA,5,flanders
4492,2018,0,adult,20-09-2018_arendonk 2,fbb3baeb-c846-444c-926e-02445e328b78,13001,Arendonk,Antwerpen,NA,NA,1,flanders
4493,2018,2,juvenile,20-09-2018_arendonk 2,fbb3baeb-c846-444c-926e-02445e328b78,13001,Arendonk,Antwerpen,NA,NA,1,flanders
4494,2018,66,larvae,20-09-2018_arendonk 2,fbb3baeb-c846-444c-926e-02445e328b78,13001,Arendonk,Antwerpen,NA,NA,1,flanders
4495,2019,0,adult,20-09-2019_scheps 20,03167d3d-4f00-42b8-b8be-fbe739205a3c,13003,Balen,Antwerpen,scheps 20,scheps 20,5,flanders
4496,2019,17,juvenile,20-09-2019_scheps 20,03167d3d-4f00-42b8-b8be-fbe739205a3c,13003,Balen,Antwerpen,scheps 20,scheps 20,5,flanders
4497,2019,54,larvae,20-09-2019_scheps 20,03167d3d-4f00-42b8-b8be-fbe739205a3c,13003,Balen,Antwerpen,scheps 20,scheps 20,5,flanders
4498,2019,0,adult,20-09-2019_scheps 6,3f097ed2-a6e2-4db8-ab6d-eb411d610792,13003,Balen,Antwerpen,scheps 6,scheps 6,3,flanders
4499,2019,0,juvenile,20-09-2019_scheps 6,3f097ed2-a6e2-4db8-ab6d-eb411d610792,13003,Balen,Antwerpen,scheps 6,scheps 6,3,flanders
4500,2019,0,larvae,20-09-2019_scheps 6,3f097ed2-a6e2-4db8-ab6d-eb411d610792,13003,Balen,Antwerpen,scheps 6,scheps 6,3,flanders
4501,2022,0,adult,20-09-2022_bergebeek 1,A4760255-D2AE-4D89-BF0B-4E60ABC25410,12014,Heist-Op-Den-Berg,Antwerpen,bergebeek 1,bergebeek 1,5,flanders
4502,2022,0,juvenile,20-09-2022_bergebeek 1,A4760255-D2AE-4D89-BF0B-4E60ABC25410,12014,Heist-Op-Den-Berg,Antwerpen,bergebeek 1,bergebeek 1,5,flanders
4503,2022,0,larvae,20-09-2022_bergebeek 1,A4760255-D2AE-4D89-BF0B-4E60ABC25410,12014,Heist-Op-Den-Berg,Antwerpen,bergebeek 1,bergebeek 1,5,flanders
4504,2022,0,adult,20-09-2022_hallaar 2,4768A45A-E834-4347-93C9-F0CB9F9F36F1,12014,Heist-Op-Den-Berg,Antwerpen,hallaar 2,hallaar 2,2,flanders
4505,2022,0,juvenile,20-09-2022_hallaar 2,4768A45A-E834-4347-93C9-F0CB9F9F36F1,12014,Heist-Op-Den-Berg,Antwerpen,hallaar 2,hallaar 2,2,flanders
4506,2022,0,larvae,20-09-2022_hallaar 2,4768A45A-E834-4347-93C9-F0CB9F9F36F1,12014,Heist-Op-Den-Berg,Antwerpen,hallaar 2,hallaar 2,2,flanders
4507,2017,0,adult,20-10-2017_arendonk 2,fbb3baeb-c846-444c-926e-02445e328b78,13001,Arendonk,Antwerpen,NA,NA,3,flanders
4508,2017,0,juvenile,20-10-2017_arendonk 2,fbb3baeb-c846-444c-926e-02445e328b78,13001,Arendonk,Antwerpen,NA,NA,3,flanders
4509,2017,29,larvae,20-10-2017_arendonk 2,fbb3baeb-c846-444c-926e-02445e328b78,13001,Arendonk,Antwerpen,NA,NA,3,flanders
4510,2017,0,adult,20-10-2017_arendonk 3,60e6e43e-6855-4917-a336-9ac46d087fad,13001,Arendonk,Antwerpen,NA,NA,2,flanders
4511,2017,0,juvenile,20-10-2017_arendonk 3,60e6e43e-6855-4917-a336-9ac46d087fad,13001,Arendonk,Antwerpen,NA,NA,2,flanders
4512,2017,96,larvae,20-10-2017_arendonk 3,60e6e43e-6855-4917-a336-9ac46d087fad,13001,Arendonk,Antwerpen,NA,NA,2,flanders
4513,2024,0,adult,20-10-2024_griesbroek 6,03dc3f07-506f-4c71-bbcd-ad24c177cab5,13003,Balen,Antwerpen,griesbroek 6,griesbroek 6,2,flanders
4514,2024,1,juvenile,20-10-2024_griesbroek 6,03dc3f07-506f-4c71-bbcd-ad24c177cab5,13003,Balen,Antwerpen,griesbroek 6,griesbroek 6,2,flanders
4515,2024,1,larvae,20-10-2024_griesbroek 6,03dc3f07-506f-4c71-bbcd-ad24c177cab5,13003,Balen,Antwerpen,griesbroek 6,griesbroek 6,2,flanders
4516,2015,0,adult,21-04-2015_arendonk 2,fbb3baeb-c846-444c-926e-02445e328b78,13001,Arendonk,Antwerpen,NA,NA,4,flanders
4517,2015,0,juvenile,21-04-2015_arendonk 2,fbb3baeb-c846-444c-926e-02445e328b78,13001,Arendonk,Antwerpen,NA,NA,4,flanders
4518,2015,1056,larvae,21-04-2015_arendonk 2,fbb3baeb-c846-444c-926e-02445e328b78,13001,Arendonk,Antwerpen,NA,NA,4,flanders
4519,2014,0,adult,21-05-2014_arendonk 2,fbb3baeb-c846-444c-926e-02445e328b78,13001,Arendonk,Antwerpen,NA,NA,4,flanders
4520,2014,0,juvenile,21-05-2014_arendonk 2,fbb3baeb-c846-444c-926e-02445e328b78,13001,Arendonk,Antwerpen,NA,NA,4,flanders
4521,2014,307,larvae,21-05-2014_arendonk 2,fbb3baeb-c846-444c-926e-02445e328b78,13001,Arendonk,Antwerpen,NA,NA,4,flanders
4522,2014,0,adult,21-05-2014_driehoek,48fb261c-3f3a-4a95-9103-1e6822dae999,13014,Hoogstraten,Antwerpen,NA,NA,3,flanders
4523,2014,0,juvenile,21-05-2014_driehoek,48fb261c-3f3a-4a95-9103-1e6822dae999,13014,Hoogstraten,Antwerpen,NA,NA,3,flanders
4524,2014,1144,larvae,21-05-2014_driehoek,48fb261c-3f3a-4a95-9103-1e6822dae999,13014,Hoogstraten,Antwerpen,NA,NA,3,flanders
4525,2019,0,adult,21-05-2019_watermolen,4155d322-4f87-46a9-88f6-4e123bd5342b,13017,Kasterlee,Antwerpen,watermolen,watermolen,1,flanders
4526,2019,0,juvenile,21-05-2019_watermolen,4155d322-4f87-46a9-88f6-4e123bd5342b,13017,Kasterlee,Antwerpen,watermolen,watermolen,1,flanders
4527,2019,0,larvae,21-05-2019_watermolen,4155d322-4f87-46a9-88f6-4e123bd5342b,13017,Kasterlee,Antwerpen,watermolen,watermolen,1,flanders
4528,2020,3,adult,21-05-2020_griesbroek 6,03dc3f07-506f-4c71-bbcd-ad24c177cab5,13003,Balen,Antwerpen,griesbroek 6,griesbroek 6,1,flanders
4529,2020,0,juvenile,21-05-2020_griesbroek 6,03dc3f07-506f-4c71-bbcd-ad24c177cab5,13003,Balen,Antwerpen,griesbroek 6,griesbroek 6,1,flanders
4530,2020,21,larvae,21-05-2020_griesbroek 6,03dc3f07-506f-4c71-bbcd-ad24c177cab5,13003,Balen,Antwerpen,griesbroek 6,griesbroek 6,1,flanders
4531,2020,1,adult,21-05-2020_scheps 20,03167d3d-4f00-42b8-b8be-fbe739205a3c,13003,Balen,Antwerpen,scheps 20,scheps 20,4,flanders
4532,2020,2,juvenile,21-05-2020_scheps 20,03167d3d-4f00-42b8-b8be-fbe739205a3c,13003,Balen,Antwerpen,scheps 20,scheps 20,4,flanders
4533,2020,134,larvae,21-05-2020_scheps 20,03167d3d-4f00-42b8-b8be-fbe739205a3c,13003,Balen,Antwerpen,scheps 20,scheps 20,4,flanders
4534,2021,0,adult,21-05-2021_arendonk 2,fbb3baeb-c846-444c-926e-02445e328b78,13001,Arendonk,Antwerpen,arendonk 2,arendonk 2,10,flanders
4535,2021,0,juvenile,21-05-2021_arendonk 2,fbb3baeb-c846-444c-926e-02445e328b78,13001,Arendonk,Antwerpen,arendonk 2,arendonk 2,10,flanders
4536,2021,73,larvae,21-05-2021_arendonk 2,fbb3baeb-c846-444c-926e-02445e328b78,13001,Arendonk,Antwerpen,arendonk 2,arendonk 2,10,flanders
4537,2021,4,adult,21-05-2021_griesbroek 6,03dc3f07-506f-4c71-bbcd-ad24c177cab5,13003,Balen,Antwerpen,griesbroek 6,griesbroek 6,8,flanders
4538,2021,3,juvenile,21-05-2021_griesbroek 6,03dc3f07-506f-4c71-bbcd-ad24c177cab5,13003,Balen,Antwerpen,griesbroek 6,griesbroek 6,8,flanders
4539,2021,887,larvae,21-05-2021_griesbroek 6,03dc3f07-506f-4c71-bbcd-ad24c177cab5,13003,Balen,Antwerpen,griesbroek 6,griesbroek 6,8,flanders
4540,2021,0,adult,21-05-2021_nijlen b4,d8073f6b-6ef9-4124-b3ab-b9bdb4ab28dc,12026,Nijlen,Antwerpen,nijlen b4,nijlen b4,3,flanders
4541,2021,0,juvenile,21-05-2021_nijlen b4,d8073f6b-6ef9-4124-b3ab-b9bdb4ab28dc,12026,Nijlen,Antwerpen,nijlen b4,nijlen b4,3,flanders
4542,2021,0,larvae,21-05-2021_nijlen b4,d8073f6b-6ef9-4124-b3ab-b9bdb4ab28dc,12026,Nijlen,Antwerpen,nijlen b4,nijlen b4,3,flanders
4543,2021,0,adult,21-05-2021_nijlen b5,02d79285-1ed2-44b9-84d5-96cd0b55f479,12026,Nijlen,Antwerpen,nijlen b5,nijlen b5,3,flanders
4544,2021,0,juvenile,21-05-2021_nijlen b5,02d79285-1ed2-44b9-84d5-96cd0b55f479,12026,Nijlen,Antwerpen,nijlen b5,nijlen b5,3,flanders
4545,2021,0,larvae,21-05-2021_nijlen b5,02d79285-1ed2-44b9-84d5-96cd0b55f479,12026,Nijlen,Antwerpen,nijlen b5,nijlen b5,3,flanders
4546,2022,3,adult,21-05-2022_griesbroek 6,03dc3f07-506f-4c71-bbcd-ad24c177cab5,13003,Balen,Antwerpen,griesbroek 6,griesbroek 6,20,flanders
4547,2022,6,juvenile,21-05-2022_griesbroek 6,03dc3f07-506f-4c71-bbcd-ad24c177cab5,13003,Balen,Antwerpen,griesbroek 6,griesbroek 6,20,flanders
4548,2022,443,larvae,21-05-2022_griesbroek 6,03dc3f07-506f-4c71-bbcd-ad24c177cab5,13003,Balen,Antwerpen,griesbroek 6,griesbroek 6,20,flanders
4549,2024,20,adult,21-05-2024_griesbroek 6,03dc3f07-506f-4c71-bbcd-ad24c177cab5,13003,Balen,Antwerpen,griesbroek 6,griesbroek 6,23,flanders
4550,2024,3,juvenile,21-05-2024_griesbroek 6,03dc3f07-506f-4c71-bbcd-ad24c177cab5,13003,Balen,Antwerpen,griesbroek 6,griesbroek 6,23,flanders
4551,2024,49,larvae,21-05-2024_griesbroek 6,03dc3f07-506f-4c71-bbcd-ad24c177cab5,13003,Balen,Antwerpen,griesbroek 6,griesbroek 6,23,flanders
4552,2024,1,adult,21-05-2024_laakdal 41,3FF122FA-A234-4A59-B023-BF7A15813990,13053,Laakdal,Antwerpen,laakdal 41,laakdal 41,24,flanders
4553,2024,0,juvenile,21-05-2024_laakdal 41,3FF122FA-A234-4A59-B023-BF7A15813990,13053,Laakdal,Antwerpen,laakdal 41,laakdal 41,24,flanders
4554,2024,1535,larvae,21-05-2024_laakdal 41,3FF122FA-A234-4A59-B023-BF7A15813990,13053,Laakdal,Antwerpen,laakdal 41,laakdal 41,24,flanders
4555,2025,4,adult,21-05-2025_bel 3,9D556E3D-7FCB-47FB-B5F4-40E66889C484,13025,Mol,Antwerpen,bel 3,bel 3,19,flanders
4556,2025,129,juvenile,21-05-2025_bel 3,9D556E3D-7FCB-47FB-B5F4-40E66889C484,13025,Mol,Antwerpen,bel 3,bel 3,19,flanders
4557,2025,2107,larvae,21-05-2025_bel 3,9D556E3D-7FCB-47FB-B5F4-40E66889C484,13025,Mol,Antwerpen,bel 3,bel 3,19,flanders
4558,2025,1,adult,21-05-2025_scheps 39,E0BFF7E4-D0E2-44B4-A7FE-2DD211144B52,13003,Balen,Antwerpen,scheps 39,scheps 39,4,flanders
4559,2025,3,juvenile,21-05-2025_scheps 39,E0BFF7E4-D0E2-44B4-A7FE-2DD211144B52,13003,Balen,Antwerpen,scheps 39,scheps 39,4,flanders
4560,2025,288,larvae,21-05-2025_scheps 39,E0BFF7E4-D0E2-44B4-A7FE-2DD211144B52,13003,Balen,Antwerpen,scheps 39,scheps 39,4,flanders
4561,2025,0,adult,21-05-2025_scheps 41,89FF8F2D-DE88-49E0-95F6-D0EA5A15D42F,13003,Balen,Antwerpen,scheps 41,scheps 41,5,flanders
4562,2025,0,juvenile,21-05-2025_scheps 41,89FF8F2D-DE88-49E0-95F6-D0EA5A15D42F,13003,Balen,Antwerpen,scheps 41,scheps 41,5,flanders
4563,2025,362,larvae,21-05-2025_scheps 41,89FF8F2D-DE88-49E0-95F6-D0EA5A15D42F,13003,Balen,Antwerpen,scheps 41,scheps 41,5,flanders
4564,2025,0,adult,21-05-2025_scheps 42,323F5909-B7D0-4A77-AC74-D9EF1DFB812A,13003,Balen,Antwerpen,scheps 42,scheps 42,4,flanders
4565,2025,0,juvenile,21-05-2025_scheps 42,323F5909-B7D0-4A77-AC74-D9EF1DFB812A,13003,Balen,Antwerpen,scheps 42,scheps 42,4,flanders
4566,2025,87,larvae,21-05-2025_scheps 42,323F5909-B7D0-4A77-AC74-D9EF1DFB812A,13003,Balen,Antwerpen,scheps 42,scheps 42,4,flanders
4567,2011,0,adult,21-06-2011_driehoek,48fb261c-3f3a-4a95-9103-1e6822dae999,13014,Hoogstraten,Antwerpen,NA,NA,2,flanders
4568,2011,1,juvenile,21-06-2011_driehoek,48fb261c-3f3a-4a95-9103-1e6822dae999,13014,Hoogstraten,Antwerpen,NA,NA,2,flanders
4569,2011,16,larvae,21-06-2011_driehoek,48fb261c-3f3a-4a95-9103-1e6822dae999,13014,Hoogstraten,Antwerpen,NA,NA,2,flanders
4570,2012,0,adult,21-06-2012_arendonk 2,fbb3baeb-c846-444c-926e-02445e328b78,13001,Arendonk,Antwerpen,NA,NA,6,flanders
4571,2012,0,juvenile,21-06-2012_arendonk 2,fbb3baeb-c846-444c-926e-02445e328b78,13001,Arendonk,Antwerpen,NA,NA,6,flanders
4572,2012,181,larvae,21-06-2012_arendonk 2,fbb3baeb-c846-444c-926e-02445e328b78,13001,Arendonk,Antwerpen,NA,NA,6,flanders
4573,2013,3,adult,21-06-2013_arendonk 2,fbb3baeb-c846-444c-926e-02445e328b78,13001,Arendonk,Antwerpen,NA,NA,5,flanders
4574,2013,0,juvenile,21-06-2013_arendonk 2,fbb3baeb-c846-444c-926e-02445e328b78,13001,Arendonk,Antwerpen,NA,NA,5,flanders
4575,2013,414,larvae,21-06-2013_arendonk 2,fbb3baeb-c846-444c-926e-02445e328b78,13001,Arendonk,Antwerpen,NA,NA,5,flanders
4576,2017,0,adult,21-06-2017_scheps 6,3f097ed2-a6e2-4db8-ab6d-eb411d610792,13003,Balen,Antwerpen,NA,NA,7,flanders
4577,2017,0,juvenile,21-06-2017_scheps 6,3f097ed2-a6e2-4db8-ab6d-eb411d610792,13003,Balen,Antwerpen,NA,NA,7,flanders
4578,2017,221,larvae,21-06-2017_scheps 6,3f097ed2-a6e2-4db8-ab6d-eb411d610792,13003,Balen,Antwerpen,NA,NA,7,flanders
4579,2018,0,adult,21-06-2018_arendonk 2,fbb3baeb-c846-444c-926e-02445e328b78,13001,Arendonk,Antwerpen,NA,NA,1,flanders
4580,2018,0,juvenile,21-06-2018_arendonk 2,fbb3baeb-c846-444c-926e-02445e328b78,13001,Arendonk,Antwerpen,NA,NA,1,flanders
4581,2018,54,larvae,21-06-2018_arendonk 2,fbb3baeb-c846-444c-926e-02445e328b78,13001,Arendonk,Antwerpen,NA,NA,1,flanders
4582,2018,0,adult,21-06-2018_arendonk 3,60e6e43e-6855-4917-a336-9ac46d087fad,13001,Arendonk,Antwerpen,NA,NA,1,flanders
4583,2018,0,juvenile,21-06-2018_arendonk 3,60e6e43e-6855-4917-a336-9ac46d087fad,13001,Arendonk,Antwerpen,NA,NA,1,flanders
4584,2018,279,larvae,21-06-2018_arendonk 3,60e6e43e-6855-4917-a336-9ac46d087fad,13001,Arendonk,Antwerpen,NA,NA,1,flanders
4585,2019,0,adult,21-06-2019_scheps 20,03167d3d-4f00-42b8-b8be-fbe739205a3c,13003,Balen,Antwerpen,scheps 20,scheps 20,8,flanders
4586,2019,1,juvenile,21-06-2019_scheps 20,03167d3d-4f00-42b8-b8be-fbe739205a3c,13003,Balen,Antwerpen,scheps 20,scheps 20,8,flanders
4587,2019,99,larvae,21-06-2019_scheps 20,03167d3d-4f00-42b8-b8be-fbe739205a3c,13003,Balen,Antwerpen,scheps 20,scheps 20,8,flanders
4588,2019,0,adult,21-06-2019_scheps 7,009d325e-8c76-4049-bc69-31f6163e254e,13003,Balen,Antwerpen,scheps 7,scheps 7,3,flanders
4589,2019,0,juvenile,21-06-2019_scheps 7,009d325e-8c76-4049-bc69-31f6163e254e,13003,Balen,Antwerpen,scheps 7,scheps 7,3,flanders
4590,2019,145,larvae,21-06-2019_scheps 7,009d325e-8c76-4049-bc69-31f6163e254e,13003,Balen,Antwerpen,scheps 7,scheps 7,3,flanders
4591,2019,1,adult,21-06-2019_scheps 9,dacf70c7-504f-401e-8d63-1a361709fd5f,13003,Balen,Antwerpen,scheps 9,scheps 9,1,flanders
4592,2019,0,juvenile,21-06-2019_scheps 9,dacf70c7-504f-401e-8d63-1a361709fd5f,13003,Balen,Antwerpen,scheps 9,scheps 9,1,flanders
4593,2019,1,larvae,21-06-2019_scheps 9,dacf70c7-504f-401e-8d63-1a361709fd5f,13003,Balen,Antwerpen,scheps 9,scheps 9,1,flanders
4594,2022,0,adult,21-06-2022_ham 3,70D69342-12FA-409F-92F3-4B07DB140073,71069,Ham,Limburg,ham 3,ham 3,6,flanders
4595,2022,0,juvenile,21-06-2022_ham 3,70D69342-12FA-409F-92F3-4B07DB140073,71069,Ham,Limburg,ham 3,ham 3,6,flanders
4596,2022,0,larvae,21-06-2022_ham 3,70D69342-12FA-409F-92F3-4B07DB140073,71069,Ham,Limburg,ham 3,ham 3,6,flanders
4597,2022,0,adult,21-06-2022_laakdal 13,f604d01b-df5a-4f99-97ba-5083868d2535,13053,Laakdal,Antwerpen,laakdal 13,laakdal 13,10,flanders
4598,2022,0,juvenile,21-06-2022_laakdal 13,f604d01b-df5a-4f99-97ba-5083868d2535,13053,Laakdal,Antwerpen,laakdal 13,laakdal 13,10,flanders
4599,2022,0,larvae,21-06-2022_laakdal 13,f604d01b-df5a-4f99-97ba-5083868d2535,13053,Laakdal,Antwerpen,laakdal 13,laakdal 13,10,flanders
4600,2022,0,adult,21-06-2022_laakdal 5,62abe301-066c-4fa9-a54d-14e8b8882923,13053,Laakdal,Antwerpen,laakdal 5,laakdal 5,21,flanders
4601,2022,11,juvenile,21-06-2022_laakdal 5,62abe301-066c-4fa9-a54d-14e8b8882923,13053,Laakdal,Antwerpen,laakdal 5,laakdal 5,21,flanders
4602,2022,862,larvae,21-06-2022_laakdal 5,62abe301-066c-4fa9-a54d-14e8b8882923,13053,Laakdal,Antwerpen,laakdal 5,laakdal 5,21,flanders
4603,2022,0,adult,21-06-2022_molse nete 23,025AB23B-DF57-46C0-84C4-D351208209B3,13003,Balen,Antwerpen,molse nete 23,molse nete 23,8,flanders
4604,2022,1,juvenile,21-06-2022_molse nete 23,025AB23B-DF57-46C0-84C4-D351208209B3,13003,Balen,Antwerpen,molse nete 23,molse nete 23,8,flanders
4605,2022,0,larvae,21-06-2022_molse nete 23,025AB23B-DF57-46C0-84C4-D351208209B3,13003,Balen,Antwerpen,molse nete 23,molse nete 23,8,flanders
4606,2022,2,adult,21-06-2022_molse nete 25,CCB25757-251A-496E-BE76-0FCEBCCE248E,13003,Balen,Antwerpen,molse nete 25,molse nete 25,10,flanders
4607,2022,14,juvenile,21-06-2022_molse nete 25,CCB25757-251A-496E-BE76-0FCEBCCE248E,13003,Balen,Antwerpen,molse nete 25,molse nete 25,10,flanders
4608,2022,110,larvae,21-06-2022_molse nete 25,CCB25757-251A-496E-BE76-0FCEBCCE248E,13003,Balen,Antwerpen,molse nete 25,molse nete 25,10,flanders
4609,2023,0,adult,21-06-2023_laakdal 29,b5425787-f7c9-4bae-b5fd-80efc0b529d4,13053,Laakdal,Antwerpen,laakdal 29,laakdal 29,4,flanders
4610,2023,0,juvenile,21-06-2023_laakdal 29,b5425787-f7c9-4bae-b5fd-80efc0b529d4,13053,Laakdal,Antwerpen,laakdal 29,laakdal 29,4,flanders
4611,2023,0,larvae,21-06-2023_laakdal 29,b5425787-f7c9-4bae-b5fd-80efc0b529d4,13053,Laakdal,Antwerpen,laakdal 29,laakdal 29,4,flanders
4612,2023,0,adult,21-06-2023_laakdal 29b,111e5f0d-b25e-4ec8-aabf-0eeb6cd1d93b,13053,Laakdal,Antwerpen,laakdal 29b,laakdal 29b,2,flanders
4613,2023,1,juvenile,21-06-2023_laakdal 29b,111e5f0d-b25e-4ec8-aabf-0eeb6cd1d93b,13053,Laakdal,Antwerpen,laakdal 29b,laakdal 29b,2,flanders
4614,2023,0,larvae,21-06-2023_laakdal 29b,111e5f0d-b25e-4ec8-aabf-0eeb6cd1d93b,13053,Laakdal,Antwerpen,laakdal 29b,laakdal 29b,2,flanders
4615,2023,0,adult,21-06-2023_laakdal 32c,8dd8b062-2159-4ffb-bb54-2902bcaf4652,13053,Laakdal,Antwerpen,laakdal 32c,laakdal 32c,6,flanders
4616,2023,0,juvenile,21-06-2023_laakdal 32c,8dd8b062-2159-4ffb-bb54-2902bcaf4652,13053,Laakdal,Antwerpen,laakdal 32c,laakdal 32c,6,flanders
4617,2023,0,larvae,21-06-2023_laakdal 32c,8dd8b062-2159-4ffb-bb54-2902bcaf4652,13053,Laakdal,Antwerpen,laakdal 32c,laakdal 32c,6,flanders
4618,2023,0,adult,21-06-2023_laakdal 37,835E903F-A579-4355-8AB0-7D70249F0B89,13053,Laakdal,Antwerpen,laakdal 37,laakdal 37,10,flanders
4619,2023,0,juvenile,21-06-2023_laakdal 37,835E903F-A579-4355-8AB0-7D70249F0B89,13053,Laakdal,Antwerpen,laakdal 37,laakdal 37,10,flanders
4620,2023,20,larvae,21-06-2023_laakdal 37,835E903F-A579-4355-8AB0-7D70249F0B89,13053,Laakdal,Antwerpen,laakdal 37,laakdal 37,10,flanders
4621,2023,1,adult,21-06-2023_laakdal 39,E9E4CE1C-43A6-4817-96EB-873765AA5598,13053,Laakdal,Antwerpen,laakdal 39,laakdal 39,15,flanders
4622,2023,5,juvenile,21-06-2023_laakdal 39,E9E4CE1C-43A6-4817-96EB-873765AA5598,13053,Laakdal,Antwerpen,laakdal 39,laakdal 39,15,flanders
4623,2023,137,larvae,21-06-2023_laakdal 39,E9E4CE1C-43A6-4817-96EB-873765AA5598,13053,Laakdal,Antwerpen,laakdal 39,laakdal 39,15,flanders
4624,2023,0,adult,21-06-2023_laakdal 6,e02a0538-0a5c-4bf6-9af8-8bea79186857,13053,Laakdal,Antwerpen,laakdal 6,laakdal 6,3,flanders
4625,2023,0,juvenile,21-06-2023_laakdal 6,e02a0538-0a5c-4bf6-9af8-8bea79186857,13053,Laakdal,Antwerpen,laakdal 6,laakdal 6,3,flanders
4626,2023,0,larvae,21-06-2023_laakdal 6,e02a0538-0a5c-4bf6-9af8-8bea79186857,13053,Laakdal,Antwerpen,laakdal 6,laakdal 6,3,flanders
4627,2023,1,adult,21-06-2023_roost 38,B67850BE-C1FF-4995-9CF3-73B5E4F09B31,13053,Laakdal,Antwerpen,roost 38,roost 38,8,flanders
4628,2023,0,juvenile,21-06-2023_roost 38,B67850BE-C1FF-4995-9CF3-73B5E4F09B31,13053,Laakdal,Antwerpen,roost 38,roost 38,8,flanders
4629,2023,0,larvae,21-06-2023_roost 38,B67850BE-C1FF-4995-9CF3-73B5E4F09B31,13053,Laakdal,Antwerpen,roost 38,roost 38,8,flanders
4630,2024,0,adult,21-06-2024_antbal0342,8C17BEDF-B841-417C-B379-1D11FDDAA8B5,13003,Balen,Antwerpen,antbal0342,antbal0342,13,flanders
4631,2024,0,juvenile,21-06-2024_antbal0342,8C17BEDF-B841-417C-B379-1D11FDDAA8B5,13003,Balen,Antwerpen,antbal0342,antbal0342,13,flanders
4632,2024,48,larvae,21-06-2024_antbal0342,8C17BEDF-B841-417C-B379-1D11FDDAA8B5,13003,Balen,Antwerpen,antbal0342,antbal0342,13,flanders
4633,2024,0,adult,21-06-2024_arendonk 2,fbb3baeb-c846-444c-926e-02445e328b78,13001,Arendonk,Antwerpen,arendonk 2,arendonk 2,20,flanders
4634,2024,0,juvenile,21-06-2024_arendonk 2,fbb3baeb-c846-444c-926e-02445e328b78,13001,Arendonk,Antwerpen,arendonk 2,arendonk 2,20,flanders
4635,2024,0,larvae,21-06-2024_arendonk 2,fbb3baeb-c846-444c-926e-02445e328b78,13001,Arendonk,Antwerpen,arendonk 2,arendonk 2,20,flanders
4636,2024,0,adult,21-06-2024_molse nete 25,CCB25757-251A-496E-BE76-0FCEBCCE248E,13003,Balen,Antwerpen,molse nete 25,molse nete 25,2,flanders
4637,2024,1,juvenile,21-06-2024_molse nete 25,CCB25757-251A-496E-BE76-0FCEBCCE248E,13003,Balen,Antwerpen,molse nete 25,molse nete 25,2,flanders
4638,2024,109,larvae,21-06-2024_molse nete 25,CCB25757-251A-496E-BE76-0FCEBCCE248E,13003,Balen,Antwerpen,molse nete 25,molse nete 25,2,flanders
4639,2024,0,adult,21-06-2024_molse nete 27,13C21386-73BD-4394-BF8C-D621BB1AE140,13003,Balen,Antwerpen,molse nete 27,molse nete 27,13,flanders
4640,2024,1,juvenile,21-06-2024_molse nete 27,13C21386-73BD-4394-BF8C-D621BB1AE140,13003,Balen,Antwerpen,molse nete 27,molse nete 27,13,flanders
4641,2024,2,larvae,21-06-2024_molse nete 27,13C21386-73BD-4394-BF8C-D621BB1AE140,13003,Balen,Antwerpen,molse nete 27,molse nete 27,13,flanders
4642,2024,0,adult,21-06-2024_molse nete 29,B58A0CA0-1DD3-4A71-B356-C088AF4BA385,13003,Balen,Antwerpen,molse nete 29,molse nete 29,7,flanders
4643,2024,1,juvenile,21-06-2024_molse nete 29,B58A0CA0-1DD3-4A71-B356-C088AF4BA385,13003,Balen,Antwerpen,molse nete 29,molse nete 29,7,flanders
4644,2024,0,larvae,21-06-2024_molse nete 29,B58A0CA0-1DD3-4A71-B356-C088AF4BA385,13003,Balen,Antwerpen,molse nete 29,molse nete 29,7,flanders
4645,2024,6,adult,21-06-2024_molse nete 34,C9CD45C3-D4B7-43B3-A539-282D76046F45,13003,Balen,Antwerpen,molse nete 34,molse nete 34,13,flanders
4646,2024,0,juvenile,21-06-2024_molse nete 34,C9CD45C3-D4B7-43B3-A539-282D76046F45,13003,Balen,Antwerpen,molse nete 34,molse nete 34,13,flanders
4647,2024,0,larvae,21-06-2024_molse nete 34,C9CD45C3-D4B7-43B3-A539-282D76046F45,13003,Balen,Antwerpen,molse nete 34,molse nete 34,13,flanders
4648,2010,0,adult,21-07-2010_driehoek,48fb261c-3f3a-4a95-9103-1e6822dae999,13014,Hoogstraten,Antwerpen,NA,NA,4,flanders
4649,2010,6,juvenile,21-07-2010_driehoek,48fb261c-3f3a-4a95-9103-1e6822dae999,13014,Hoogstraten,Antwerpen,NA,NA,4,flanders
4650,2010,500,larvae,21-07-2010_driehoek,48fb261c-3f3a-4a95-9103-1e6822dae999,13014,Hoogstraten,Antwerpen,NA,NA,4,flanders
4651,2018,3,adult,21-07-2018_scheps 20,03167d3d-4f00-42b8-b8be-fbe739205a3c,13003,Balen,Antwerpen,scheps 20,scheps 20,5,flanders
4652,2018,7,juvenile,21-07-2018_scheps 20,03167d3d-4f00-42b8-b8be-fbe739205a3c,13003,Balen,Antwerpen,scheps 20,scheps 20,5,flanders
4653,2018,68,larvae,21-07-2018_scheps 20,03167d3d-4f00-42b8-b8be-fbe739205a3c,13003,Balen,Antwerpen,scheps 20,scheps 20,5,flanders
4654,2021,0,adult,21-07-2021_laakdal 26,598e42bd-eadc-4594-b967-130cb4905c0c,13053,Laakdal,Antwerpen,laakdal 26,laakdal 26,4,flanders
4655,2021,0,juvenile,21-07-2021_laakdal 26,598e42bd-eadc-4594-b967-130cb4905c0c,13053,Laakdal,Antwerpen,laakdal 26,laakdal 26,4,flanders
4656,2021,0,larvae,21-07-2021_laakdal 26,598e42bd-eadc-4594-b967-130cb4905c0c,13053,Laakdal,Antwerpen,laakdal 26,laakdal 26,4,flanders
4657,2021,0,adult,21-07-2021_laakdal 26b,d7da64c9-cd55-484c-95bf-ee15fb3f570a,13053,Laakdal,Antwerpen,laakdal 26b,laakdal 26b,4,flanders
4658,2021,0,juvenile,21-07-2021_laakdal 26b,d7da64c9-cd55-484c-95bf-ee15fb3f570a,13053,Laakdal,Antwerpen,laakdal 26b,laakdal 26b,4,flanders
4659,2021,0,larvae,21-07-2021_laakdal 26b,d7da64c9-cd55-484c-95bf-ee15fb3f570a,13053,Laakdal,Antwerpen,laakdal 26b,laakdal 26b,4,flanders
4660,2021,6,adult,21-07-2021_molse nete 25,CCB25757-251A-496E-BE76-0FCEBCCE248E,13003,Balen,Antwerpen,molse nete 25,molse nete 25,10,flanders
4661,2021,10,juvenile,21-07-2021_molse nete 25,CCB25757-251A-496E-BE76-0FCEBCCE248E,13003,Balen,Antwerpen,molse nete 25,molse nete 25,10,flanders
4662,2021,428,larvae,21-07-2021_molse nete 25,CCB25757-251A-496E-BE76-0FCEBCCE248E,13003,Balen,Antwerpen,molse nete 25,molse nete 25,10,flanders
4663,2021,0,adult,21-07-2021_nijlen g2,a484323f-4a55-4cf1-affb-6b5870f769db,12021,Lier,Antwerpen,nijlen g2,nijlen g2,6,flanders
4664,2021,0,juvenile,21-07-2021_nijlen g2,a484323f-4a55-4cf1-affb-6b5870f769db,12021,Lier,Antwerpen,nijlen g2,nijlen g2,6,flanders
4665,2021,0,larvae,21-07-2021_nijlen g2,a484323f-4a55-4cf1-affb-6b5870f769db,12021,Lier,Antwerpen,nijlen g2,nijlen g2,6,flanders
4666,2022,0,adult,21-07-2022_antbal0342,8C17BEDF-B841-417C-B379-1D11FDDAA8B5,13003,Balen,Antwerpen,antbal0342,antbal0342,5,flanders
4667,2022,2,juvenile,21-07-2022_antbal0342,8C17BEDF-B841-417C-B379-1D11FDDAA8B5,13003,Balen,Antwerpen,antbal0342,antbal0342,5,flanders
4668,2022,18,larvae,21-07-2022_antbal0342,8C17BEDF-B841-417C-B379-1D11FDDAA8B5,13003,Balen,Antwerpen,antbal0342,antbal0342,5,flanders
4669,2022,0,adult,21-07-2022_molse nete 27,13C21386-73BD-4394-BF8C-D621BB1AE140,13003,Balen,Antwerpen,molse nete 27,molse nete 27,10,flanders
4670,2022,10,juvenile,21-07-2022_molse nete 27,13C21386-73BD-4394-BF8C-D621BB1AE140,13003,Balen,Antwerpen,molse nete 27,molse nete 27,10,flanders
4671,2022,181,larvae,21-07-2022_molse nete 27,13C21386-73BD-4394-BF8C-D621BB1AE140,13003,Balen,Antwerpen,molse nete 27,molse nete 27,10,flanders
4672,2022,0,adult,21-07-2022_molse nete 29,B58A0CA0-1DD3-4A71-B356-C088AF4BA385,13003,Balen,Antwerpen,molse nete 29,molse nete 29,10,flanders
4673,2022,32,juvenile,21-07-2022_molse nete 29,B58A0CA0-1DD3-4A71-B356-C088AF4BA385,13003,Balen,Antwerpen,molse nete 29,molse nete 29,10,flanders
4674,2022,17,larvae,21-07-2022_molse nete 29,B58A0CA0-1DD3-4A71-B356-C088AF4BA385,13003,Balen,Antwerpen,molse nete 29,molse nete 29,10,flanders
4675,2023,1,adult,21-07-2023_antbal0342,8C17BEDF-B841-417C-B379-1D11FDDAA8B5,13003,Balen,Antwerpen,antbal0342,antbal0342,6,flanders
4676,2023,18,juvenile,21-07-2023_antbal0342,8C17BEDF-B841-417C-B379-1D11FDDAA8B5,13003,Balen,Antwerpen,antbal0342,antbal0342,6,flanders
4677,2023,88,larvae,21-07-2023_antbal0342,8C17BEDF-B841-417C-B379-1D11FDDAA8B5,13003,Balen,Antwerpen,antbal0342,antbal0342,6,flanders
4678,2023,1,adult,21-07-2023_molse nete 25,CCB25757-251A-496E-BE76-0FCEBCCE248E,13003,Balen,Antwerpen,molse nete 25,molse nete 25,6,flanders
4679,2023,14,juvenile,21-07-2023_molse nete 25,CCB25757-251A-496E-BE76-0FCEBCCE248E,13003,Balen,Antwerpen,molse nete 25,molse nete 25,6,flanders
4680,2023,165,larvae,21-07-2023_molse nete 25,CCB25757-251A-496E-BE76-0FCEBCCE248E,13003,Balen,Antwerpen,molse nete 25,molse nete 25,6,flanders
4681,2023,0,adult,21-07-2023_molse nete 27,13C21386-73BD-4394-BF8C-D621BB1AE140,13003,Balen,Antwerpen,molse nete 27,molse nete 27,8,flanders
4682,2023,23,juvenile,21-07-2023_molse nete 27,13C21386-73BD-4394-BF8C-D621BB1AE140,13003,Balen,Antwerpen,molse nete 27,molse nete 27,8,flanders
4683,2023,3,larvae,21-07-2023_molse nete 27,13C21386-73BD-4394-BF8C-D621BB1AE140,13003,Balen,Antwerpen,molse nete 27,molse nete 27,8,flanders
4684,2023,1,adult,21-07-2023_molse nete 29,B58A0CA0-1DD3-4A71-B356-C088AF4BA385,13003,Balen,Antwerpen,molse nete 29,molse nete 29,6,flanders
4685,2023,6,juvenile,21-07-2023_molse nete 29,B58A0CA0-1DD3-4A71-B356-C088AF4BA385,13003,Balen,Antwerpen,molse nete 29,molse nete 29,6,flanders
4686,2023,0,larvae,21-07-2023_molse nete 29,B58A0CA0-1DD3-4A71-B356-C088AF4BA385,13003,Balen,Antwerpen,molse nete 29,molse nete 29,6,flanders
4687,2012,0,adult,21-08-2012_arendonk 2,fbb3baeb-c846-444c-926e-02445e328b78,13001,Arendonk,Antwerpen,NA,NA,6,flanders
4688,2012,0,juvenile,21-08-2012_arendonk 2,fbb3baeb-c846-444c-926e-02445e328b78,13001,Arendonk,Antwerpen,NA,NA,6,flanders
4689,2012,98,larvae,21-08-2012_arendonk 2,fbb3baeb-c846-444c-926e-02445e328b78,13001,Arendonk,Antwerpen,NA,NA,6,flanders
4690,2013,0,adult,21-08-2013_arendonk 2,fbb3baeb-c846-444c-926e-02445e328b78,13001,Arendonk,Antwerpen,NA,NA,5,flanders
4691,2013,0,juvenile,21-08-2013_arendonk 2,fbb3baeb-c846-444c-926e-02445e328b78,13001,Arendonk,Antwerpen,NA,NA,5,flanders
4692,2013,181,larvae,21-08-2013_arendonk 2,fbb3baeb-c846-444c-926e-02445e328b78,13001,Arendonk,Antwerpen,NA,NA,5,flanders
4693,2014,0,adult,21-08-2014_arendonk 2,fbb3baeb-c846-444c-926e-02445e328b78,13001,Arendonk,Antwerpen,NA,NA,4,flanders
4694,2014,1,juvenile,21-08-2014_arendonk 2,fbb3baeb-c846-444c-926e-02445e328b78,13001,Arendonk,Antwerpen,NA,NA,4,flanders
4695,2014,288,larvae,21-08-2014_arendonk 2,fbb3baeb-c846-444c-926e-02445e328b78,13001,Arendonk,Antwerpen,NA,NA,4,flanders
4696,2014,0,adult,21-08-2014_kasterlee 7,d47894eb-3a0b-4dc1-8804-627d397aa280,13017,Kasterlee,Antwerpen,NA,NA,1,flanders
4697,2014,0,juvenile,21-08-2014_kasterlee 7,d47894eb-3a0b-4dc1-8804-627d397aa280,13017,Kasterlee,Antwerpen,NA,NA,1,flanders
4698,2014,1,larvae,21-08-2014_kasterlee 7,d47894eb-3a0b-4dc1-8804-627d397aa280,13017,Kasterlee,Antwerpen,NA,NA,1,flanders
4699,2015,0,adult,21-08-2015_arendonk 2,fbb3baeb-c846-444c-926e-02445e328b78,13001,Arendonk,Antwerpen,NA,NA,5,flanders
4700,2015,4,juvenile,21-08-2015_arendonk 2,fbb3baeb-c846-444c-926e-02445e328b78,13001,Arendonk,Antwerpen,NA,NA,5,flanders
4701,2015,253,larvae,21-08-2015_arendonk 2,fbb3baeb-c846-444c-926e-02445e328b78,13001,Arendonk,Antwerpen,NA,NA,5,flanders
4702,2018,0,adult,21-08-2018_arendonk 2,fbb3baeb-c846-444c-926e-02445e328b78,13001,Arendonk,Antwerpen,NA,NA,1,flanders
4703,2018,0,juvenile,21-08-2018_arendonk 2,fbb3baeb-c846-444c-926e-02445e328b78,13001,Arendonk,Antwerpen,NA,NA,1,flanders
4704,2018,1481,larvae,21-08-2018_arendonk 2,fbb3baeb-c846-444c-926e-02445e328b78,13001,Arendonk,Antwerpen,NA,NA,1,flanders
4705,2019,0,adult,21-08-2019_scheps 10,ff328547-af9c-4e6f-bbf1-5d2856b2da7b,13003,Balen,Antwerpen,scheps 10,scheps 10,1,flanders
4706,2019,3,juvenile,21-08-2019_scheps 10,ff328547-af9c-4e6f-bbf1-5d2856b2da7b,13003,Balen,Antwerpen,scheps 10,scheps 10,1,flanders
4707,2019,0,larvae,21-08-2019_scheps 10,ff328547-af9c-4e6f-bbf1-5d2856b2da7b,13003,Balen,Antwerpen,scheps 10,scheps 10,1,flanders
4708,2019,0,adult,21-08-2019_scheps 11,cf55593f-02a2-4c1c-a104-74e1dc9262e3,13003,Balen,Antwerpen,scheps 11,scheps 11,1,flanders
4709,2019,0,juvenile,21-08-2019_scheps 11,cf55593f-02a2-4c1c-a104-74e1dc9262e3,13003,Balen,Antwerpen,scheps 11,scheps 11,1,flanders
4710,2019,0,larvae,21-08-2019_scheps 11,cf55593f-02a2-4c1c-a104-74e1dc9262e3,13003,Balen,Antwerpen,scheps 11,scheps 11,1,flanders
4711,2019,3,adult,21-08-2019_scheps 20,03167d3d-4f00-42b8-b8be-fbe739205a3c,13003,Balen,Antwerpen,scheps 20,scheps 20,5,flanders
4712,2019,24,juvenile,21-08-2019_scheps 20,03167d3d-4f00-42b8-b8be-fbe739205a3c,13003,Balen,Antwerpen,scheps 20,scheps 20,5,flanders
4713,2019,19,larvae,21-08-2019_scheps 20,03167d3d-4f00-42b8-b8be-fbe739205a3c,13003,Balen,Antwerpen,scheps 20,scheps 20,5,flanders
4714,2019,0,adult,21-08-2019_scheps 6,3f097ed2-a6e2-4db8-ab6d-eb411d610792,13003,Balen,Antwerpen,scheps 6,scheps 6,2,flanders
4715,2019,0,juvenile,21-08-2019_scheps 6,3f097ed2-a6e2-4db8-ab6d-eb411d610792,13003,Balen,Antwerpen,scheps 6,scheps 6,2,flanders
4716,2019,33,larvae,21-08-2019_scheps 6,3f097ed2-a6e2-4db8-ab6d-eb411d610792,13003,Balen,Antwerpen,scheps 6,scheps 6,2,flanders
4717,2019,0,adult,21-08-2019_scheps 7,009d325e-8c76-4049-bc69-31f6163e254e,13003,Balen,Antwerpen,scheps 7,scheps 7,2,flanders
4718,2019,1,juvenile,21-08-2019_scheps 7,009d325e-8c76-4049-bc69-31f6163e254e,13003,Balen,Antwerpen,scheps 7,scheps 7,2,flanders
4719,2019,24,larvae,21-08-2019_scheps 7,009d325e-8c76-4049-bc69-31f6163e254e,13003,Balen,Antwerpen,scheps 7,scheps 7,2,flanders
4720,2020,0,adult,21-08-2020_nijlen d3,01c64427-44d5-497c-bbdc-dbff8b1c8dc7,12021,Lier,Antwerpen,nijlen d3,nijlen d3,4,flanders
4721,2020,0,juvenile,21-08-2020_nijlen d3,01c64427-44d5-497c-bbdc-dbff8b1c8dc7,12021,Lier,Antwerpen,nijlen d3,nijlen d3,4,flanders
4722,2020,0,larvae,21-08-2020_nijlen d3,01c64427-44d5-497c-bbdc-dbff8b1c8dc7,12021,Lier,Antwerpen,nijlen d3,nijlen d3,4,flanders
4723,2020,0,adult,21-08-2020_nijlen d5,fe309562-2558-40d7-9d5a-8ec8ac307039,12021,Lier,Antwerpen,nijlen d5,nijlen d5,8,flanders
4724,2020,0,juvenile,21-08-2020_nijlen d5,fe309562-2558-40d7-9d5a-8ec8ac307039,12021,Lier,Antwerpen,nijlen d5,nijlen d5,8,flanders
4725,2020,0,larvae,21-08-2020_nijlen d5,fe309562-2558-40d7-9d5a-8ec8ac307039,12021,Lier,Antwerpen,nijlen d5,nijlen d5,8,flanders
4726,2024,1,adult,21-08-2024_westerlo pidpa 1,7C31CF7F-E64E-4AD4-9C7F-56AE53BC8DDA,13049,Westerlo,Antwerpen,westerlo pidpa 1,westerlo pidpa 1,9,flanders
4727,2024,19,juvenile,21-08-2024_westerlo pidpa 1,7C31CF7F-E64E-4AD4-9C7F-56AE53BC8DDA,13049,Westerlo,Antwerpen,westerlo pidpa 1,westerlo pidpa 1,9,flanders
4728,2024,209,larvae,21-08-2024_westerlo pidpa 1,7C31CF7F-E64E-4AD4-9C7F-56AE53BC8DDA,13049,Westerlo,Antwerpen,westerlo pidpa 1,westerlo pidpa 1,9,flanders
4729,2024,3,adult,21-08-2024_westerlo pidpa 2,A02C865C-B51E-4403-8C7F-CA23CD132BFE,13049,Westerlo,Antwerpen,westerlo pidpa 2,westerlo pidpa 2,9,flanders
4730,2024,49,juvenile,21-08-2024_westerlo pidpa 2,A02C865C-B51E-4403-8C7F-CA23CD132BFE,13049,Westerlo,Antwerpen,westerlo pidpa 2,westerlo pidpa 2,9,flanders
4731,2024,348,larvae,21-08-2024_westerlo pidpa 2,A02C865C-B51E-4403-8C7F-CA23CD132BFE,13049,Westerlo,Antwerpen,westerlo pidpa 2,westerlo pidpa 2,9,flanders
4732,2024,2,adult,21-08-2024_westerlo pidpa 3,2A0EB8B2-70D9-41D8-867E-7724BBBBB22F,13049,Westerlo,Antwerpen,westerlo pidpa 3,westerlo pidpa 3,5,flanders
4733,2024,60,juvenile,21-08-2024_westerlo pidpa 3,2A0EB8B2-70D9-41D8-867E-7724BBBBB22F,13049,Westerlo,Antwerpen,westerlo pidpa 3,westerlo pidpa 3,5,flanders
4734,2024,167,larvae,21-08-2024_westerlo pidpa 3,2A0EB8B2-70D9-41D8-867E-7724BBBBB22F,13049,Westerlo,Antwerpen,westerlo pidpa 3,westerlo pidpa 3,5,flanders
4735,2024,3,adult,21-08-2024_westerlo pidpa 4,97DBF7D8-3437-4AA1-B606-C07DDF6E0A04,13049,Westerlo,Antwerpen,westerlo pidpa 4,westerlo pidpa 4,8,flanders
4736,2024,14,juvenile,21-08-2024_westerlo pidpa 4,97DBF7D8-3437-4AA1-B606-C07DDF6E0A04,13049,Westerlo,Antwerpen,westerlo pidpa 4,westerlo pidpa 4,8,flanders
4737,2024,23,larvae,21-08-2024_westerlo pidpa 4,97DBF7D8-3437-4AA1-B606-C07DDF6E0A04,13049,Westerlo,Antwerpen,westerlo pidpa 4,westerlo pidpa 4,8,flanders
4738,2011,0,adult,21-09-2011_arendonk 3,60e6e43e-6855-4917-a336-9ac46d087fad,13001,Arendonk,Antwerpen,NA,NA,5,flanders
4739,2011,0,juvenile,21-09-2011_arendonk 3,60e6e43e-6855-4917-a336-9ac46d087fad,13001,Arendonk,Antwerpen,NA,NA,5,flanders
4740,2011,35,larvae,21-09-2011_arendonk 3,60e6e43e-6855-4917-a336-9ac46d087fad,13001,Arendonk,Antwerpen,NA,NA,5,flanders
4741,2012,0,adult,21-09-2012_arendonk 3,60e6e43e-6855-4917-a336-9ac46d087fad,13001,Arendonk,Antwerpen,NA,NA,6,flanders
4742,2012,1,juvenile,21-09-2012_arendonk 3,60e6e43e-6855-4917-a336-9ac46d087fad,13001,Arendonk,Antwerpen,NA,NA,6,flanders
4743,2012,16,larvae,21-09-2012_arendonk 3,60e6e43e-6855-4917-a336-9ac46d087fad,13001,Arendonk,Antwerpen,NA,NA,6,flanders
4744,2016,0,adult,21-09-2016_arendonk 2,fbb3baeb-c846-444c-926e-02445e328b78,13001,Arendonk,Antwerpen,NA,NA,6,flanders
4745,2016,0,juvenile,21-09-2016_arendonk 2,fbb3baeb-c846-444c-926e-02445e328b78,13001,Arendonk,Antwerpen,NA,NA,6,flanders
4746,2016,6,larvae,21-09-2016_arendonk 2,fbb3baeb-c846-444c-926e-02445e328b78,13001,Arendonk,Antwerpen,NA,NA,6,flanders
4747,2018,0,adult,21-09-2018_arendonk 2,fbb3baeb-c846-444c-926e-02445e328b78,13001,Arendonk,Antwerpen,NA,NA,1,flanders
4748,2018,4,juvenile,21-09-2018_arendonk 2,fbb3baeb-c846-444c-926e-02445e328b78,13001,Arendonk,Antwerpen,NA,NA,1,flanders
4749,2018,139,larvae,21-09-2018_arendonk 2,fbb3baeb-c846-444c-926e-02445e328b78,13001,Arendonk,Antwerpen,NA,NA,1,flanders
4750,2022,0,adult,21-09-2022_bergebeek 1,A4760255-D2AE-4D89-BF0B-4E60ABC25410,12014,Heist-Op-Den-Berg,Antwerpen,bergebeek 1,bergebeek 1,5,flanders
4751,2022,4,juvenile,21-09-2022_bergebeek 1,A4760255-D2AE-4D89-BF0B-4E60ABC25410,12014,Heist-Op-Den-Berg,Antwerpen,bergebeek 1,bergebeek 1,5,flanders
4752,2022,26,larvae,21-09-2022_bergebeek 1,A4760255-D2AE-4D89-BF0B-4E60ABC25410,12014,Heist-Op-Den-Berg,Antwerpen,bergebeek 1,bergebeek 1,5,flanders
4753,2022,0,adult,21-09-2022_hallaar 2,4768A45A-E834-4347-93C9-F0CB9F9F36F1,12014,Heist-Op-Den-Berg,Antwerpen,hallaar 2,hallaar 2,2,flanders
4754,2022,0,juvenile,21-09-2022_hallaar 2,4768A45A-E834-4347-93C9-F0CB9F9F36F1,12014,Heist-Op-Den-Berg,Antwerpen,hallaar 2,hallaar 2,2,flanders
4755,2022,0,larvae,21-09-2022_hallaar 2,4768A45A-E834-4347-93C9-F0CB9F9F36F1,12014,Heist-Op-Den-Berg,Antwerpen,hallaar 2,hallaar 2,2,flanders
4756,2016,1,adult,21-10-2016_nijlen b5,02d79285-1ed2-44b9-84d5-96cd0b55f479,12026,Nijlen,Antwerpen,NA,NA,1,flanders
4757,2016,0,juvenile,21-10-2016_nijlen b5,02d79285-1ed2-44b9-84d5-96cd0b55f479,12026,Nijlen,Antwerpen,NA,NA,1,flanders
4758,2016,0,larvae,21-10-2016_nijlen b5,02d79285-1ed2-44b9-84d5-96cd0b55f479,12026,Nijlen,Antwerpen,NA,NA,1,flanders
4759,2015,0,adult,22-04-2015_arendonk 2,fbb3baeb-c846-444c-926e-02445e328b78,13001,Arendonk,Antwerpen,NA,NA,4,flanders
4760,2015,0,juvenile,22-04-2015_arendonk 2,fbb3baeb-c846-444c-926e-02445e328b78,13001,Arendonk,Antwerpen,NA,NA,4,flanders
4761,2015,1119,larvae,22-04-2015_arendonk 2,fbb3baeb-c846-444c-926e-02445e328b78,13001,Arendonk,Antwerpen,NA,NA,4,flanders
4762,2012,2,adult,22-05-2012_arendonk 1,91a8e2bb-b682-4c53-b213-7494198b12ce,13001,Arendonk,Antwerpen,NA,NA,6,flanders
4763,2012,1,juvenile,22-05-2012_arendonk 1,91a8e2bb-b682-4c53-b213-7494198b12ce,13001,Arendonk,Antwerpen,NA,NA,6,flanders
4764,2012,2,larvae,22-05-2012_arendonk 1,91a8e2bb-b682-4c53-b213-7494198b12ce,13001,Arendonk,Antwerpen,NA,NA,6,flanders
4765,2013,0,adult,22-05-2013_arendonk 2,fbb3baeb-c846-444c-926e-02445e328b78,13001,Arendonk,Antwerpen,NA,NA,5,flanders
4766,2013,0,juvenile,22-05-2013_arendonk 2,fbb3baeb-c846-444c-926e-02445e328b78,13001,Arendonk,Antwerpen,NA,NA,5,flanders
4767,2013,989,larvae,22-05-2013_arendonk 2,fbb3baeb-c846-444c-926e-02445e328b78,13001,Arendonk,Antwerpen,NA,NA,5,flanders
4768,2013,0,adult,22-05-2013_driehoek,48fb261c-3f3a-4a95-9103-1e6822dae999,13014,Hoogstraten,Antwerpen,NA,NA,5,flanders
4769,2013,0,juvenile,22-05-2013_driehoek,48fb261c-3f3a-4a95-9103-1e6822dae999,13014,Hoogstraten,Antwerpen,NA,NA,5,flanders
4770,2013,25,larvae,22-05-2013_driehoek,48fb261c-3f3a-4a95-9103-1e6822dae999,13014,Hoogstraten,Antwerpen,NA,NA,5,flanders
4771,2014,0,adult,22-05-2014_arendonk 2,fbb3baeb-c846-444c-926e-02445e328b78,13001,Arendonk,Antwerpen,NA,NA,4,flanders
4772,2014,0,juvenile,22-05-2014_arendonk 2,fbb3baeb-c846-444c-926e-02445e328b78,13001,Arendonk,Antwerpen,NA,NA,4,flanders
4773,2014,208,larvae,22-05-2014_arendonk 2,fbb3baeb-c846-444c-926e-02445e328b78,13001,Arendonk,Antwerpen,NA,NA,4,flanders
4774,2014,1,adult,22-05-2014_driehoek,48fb261c-3f3a-4a95-9103-1e6822dae999,13014,Hoogstraten,Antwerpen,NA,NA,3,flanders
4775,2014,0,juvenile,22-05-2014_driehoek,48fb261c-3f3a-4a95-9103-1e6822dae999,13014,Hoogstraten,Antwerpen,NA,NA,3,flanders
4776,2014,321,larvae,22-05-2014_driehoek,48fb261c-3f3a-4a95-9103-1e6822dae999,13014,Hoogstraten,Antwerpen,NA,NA,3,flanders
4777,2019,3,adult,22-05-2019_nijlen b10,554e3c11-e529-4b0b-a162-714c72d3547e,12026,Nijlen,Antwerpen,nijlen b10,nijlen b10,3,flanders
4778,2019,0,juvenile,22-05-2019_nijlen b10,554e3c11-e529-4b0b-a162-714c72d3547e,12026,Nijlen,Antwerpen,nijlen b10,nijlen b10,3,flanders
4779,2019,121,larvae,22-05-2019_nijlen b10,554e3c11-e529-4b0b-a162-714c72d3547e,12026,Nijlen,Antwerpen,nijlen b10,nijlen b10,3,flanders
4780,2019,0,adult,22-05-2019_nijlen b9,abd1f412-8e63-4eae-bf83-afa3f0d03b33,12026,Nijlen,Antwerpen,nijlen b9,nijlen b9,1,flanders
4781,2019,0,juvenile,22-05-2019_nijlen b9,abd1f412-8e63-4eae-bf83-afa3f0d03b33,12026,Nijlen,Antwerpen,nijlen b9,nijlen b9,1,flanders
4782,2019,2,larvae,22-05-2019_nijlen b9,abd1f412-8e63-4eae-bf83-afa3f0d03b33,12026,Nijlen,Antwerpen,nijlen b9,nijlen b9,1,flanders
4783,2020,3,adult,22-05-2020_griesbroek 6,03dc3f07-506f-4c71-bbcd-ad24c177cab5,13003,Balen,Antwerpen,griesbroek 6,griesbroek 6,1,flanders
4784,2020,0,juvenile,22-05-2020_griesbroek 6,03dc3f07-506f-4c71-bbcd-ad24c177cab5,13003,Balen,Antwerpen,griesbroek 6,griesbroek 6,1,flanders
4785,2020,104,larvae,22-05-2020_griesbroek 6,03dc3f07-506f-4c71-bbcd-ad24c177cab5,13003,Balen,Antwerpen,griesbroek 6,griesbroek 6,1,flanders
4786,2020,0,adult,22-05-2020_scheps 20,03167d3d-4f00-42b8-b8be-fbe739205a3c,13003,Balen,Antwerpen,scheps 20,scheps 20,4,flanders
4787,2020,3,juvenile,22-05-2020_scheps 20,03167d3d-4f00-42b8-b8be-fbe739205a3c,13003,Balen,Antwerpen,scheps 20,scheps 20,4,flanders
4788,2020,119,larvae,22-05-2020_scheps 20,03167d3d-4f00-42b8-b8be-fbe739205a3c,13003,Balen,Antwerpen,scheps 20,scheps 20,4,flanders
4789,2022,2,adult,22-05-2022_griesbroek 6,03dc3f07-506f-4c71-bbcd-ad24c177cab5,13003,Balen,Antwerpen,griesbroek 6,griesbroek 6,19,flanders
4790,2022,7,juvenile,22-05-2022_griesbroek 6,03dc3f07-506f-4c71-bbcd-ad24c177cab5,13003,Balen,Antwerpen,griesbroek 6,griesbroek 6,19,flanders
4791,2022,231,larvae,22-05-2022_griesbroek 6,03dc3f07-506f-4c71-bbcd-ad24c177cab5,13003,Balen,Antwerpen,griesbroek 6,griesbroek 6,19,flanders
4792,2024,18,adult,22-05-2024_griesbroek 6,03dc3f07-506f-4c71-bbcd-ad24c177cab5,13003,Balen,Antwerpen,griesbroek 6,griesbroek 6,22,flanders
4793,2024,5,juvenile,22-05-2024_griesbroek 6,03dc3f07-506f-4c71-bbcd-ad24c177cab5,13003,Balen,Antwerpen,griesbroek 6,griesbroek 6,22,flanders
4794,2024,27,larvae,22-05-2024_griesbroek 6,03dc3f07-506f-4c71-bbcd-ad24c177cab5,13003,Balen,Antwerpen,griesbroek 6,griesbroek 6,22,flanders
4795,2024,0,adult,22-05-2024_laakdal 41,3FF122FA-A234-4A59-B023-BF7A15813990,13053,Laakdal,Antwerpen,laakdal 41,laakdal 41,24,flanders
4796,2024,0,juvenile,22-05-2024_laakdal 41,3FF122FA-A234-4A59-B023-BF7A15813990,13053,Laakdal,Antwerpen,laakdal 41,laakdal 41,24,flanders
4797,2024,1000,larvae,22-05-2024_laakdal 41,3FF122FA-A234-4A59-B023-BF7A15813990,13053,Laakdal,Antwerpen,laakdal 41,laakdal 41,24,flanders
4798,2025,2,adult,22-05-2025_bel 3,9D556E3D-7FCB-47FB-B5F4-40E66889C484,13025,Mol,Antwerpen,bel 3,bel 3,19,flanders
4799,2025,79,juvenile,22-05-2025_bel 3,9D556E3D-7FCB-47FB-B5F4-40E66889C484,13025,Mol,Antwerpen,bel 3,bel 3,19,flanders
4800,2025,512,larvae,22-05-2025_bel 3,9D556E3D-7FCB-47FB-B5F4-40E66889C484,13025,Mol,Antwerpen,bel 3,bel 3,19,flanders
4801,2025,0,adult,22-05-2025_scheps 39,E0BFF7E4-D0E2-44B4-A7FE-2DD211144B52,13003,Balen,Antwerpen,scheps 39,scheps 39,9,flanders
4802,2025,0,juvenile,22-05-2025_scheps 39,E0BFF7E4-D0E2-44B4-A7FE-2DD211144B52,13003,Balen,Antwerpen,scheps 39,scheps 39,9,flanders
4803,2025,164,larvae,22-05-2025_scheps 39,E0BFF7E4-D0E2-44B4-A7FE-2DD211144B52,13003,Balen,Antwerpen,scheps 39,scheps 39,9,flanders
4804,2025,0,adult,22-05-2025_scheps 41,89FF8F2D-DE88-49E0-95F6-D0EA5A15D42F,13003,Balen,Antwerpen,scheps 41,scheps 41,8,flanders
4805,2025,1,juvenile,22-05-2025_scheps 41,89FF8F2D-DE88-49E0-95F6-D0EA5A15D42F,13003,Balen,Antwerpen,scheps 41,scheps 41,8,flanders
4806,2025,140,larvae,22-05-2025_scheps 41,89FF8F2D-DE88-49E0-95F6-D0EA5A15D42F,13003,Balen,Antwerpen,scheps 41,scheps 41,8,flanders
4807,2025,0,adult,22-05-2025_scheps 42,323F5909-B7D0-4A77-AC74-D9EF1DFB812A,13003,Balen,Antwerpen,scheps 42,scheps 42,6,flanders
4808,2025,0,juvenile,22-05-2025_scheps 42,323F5909-B7D0-4A77-AC74-D9EF1DFB812A,13003,Balen,Antwerpen,scheps 42,scheps 42,6,flanders
4809,2025,37,larvae,22-05-2025_scheps 42,323F5909-B7D0-4A77-AC74-D9EF1DFB812A,13003,Balen,Antwerpen,scheps 42,scheps 42,6,flanders
4810,2011,0,adult,22-06-2011_driehoek,48fb261c-3f3a-4a95-9103-1e6822dae999,13014,Hoogstraten,Antwerpen,NA,NA,3,flanders
4811,2011,0,juvenile,22-06-2011_driehoek,48fb261c-3f3a-4a95-9103-1e6822dae999,13014,Hoogstraten,Antwerpen,NA,NA,3,flanders
4812,2011,14,larvae,22-06-2011_driehoek,48fb261c-3f3a-4a95-9103-1e6822dae999,13014,Hoogstraten,Antwerpen,NA,NA,3,flanders
4813,2012,0,adult,22-06-2012_arendonk 2,fbb3baeb-c846-444c-926e-02445e328b78,13001,Arendonk,Antwerpen,NA,NA,6,flanders
4814,2012,0,juvenile,22-06-2012_arendonk 2,fbb3baeb-c846-444c-926e-02445e328b78,13001,Arendonk,Antwerpen,NA,NA,6,flanders
4815,2012,82,larvae,22-06-2012_arendonk 2,fbb3baeb-c846-444c-926e-02445e328b78,13001,Arendonk,Antwerpen,NA,NA,6,flanders
4816,2017,0,adult,22-06-2017_arendonk 3,60e6e43e-6855-4917-a336-9ac46d087fad,13001,Arendonk,Antwerpen,NA,NA,2,flanders
4817,2017,0,juvenile,22-06-2017_arendonk 3,60e6e43e-6855-4917-a336-9ac46d087fad,13001,Arendonk,Antwerpen,NA,NA,2,flanders
4818,2017,7,larvae,22-06-2017_arendonk 3,60e6e43e-6855-4917-a336-9ac46d087fad,13001,Arendonk,Antwerpen,NA,NA,2,flanders
4819,2018,0,adult,22-06-2018_arendonk 2,fbb3baeb-c846-444c-926e-02445e328b78,13001,Arendonk,Antwerpen,NA,NA,1,flanders
4820,2018,0,juvenile,22-06-2018_arendonk 2,fbb3baeb-c846-444c-926e-02445e328b78,13001,Arendonk,Antwerpen,NA,NA,1,flanders
4821,2018,30,larvae,22-06-2018_arendonk 2,fbb3baeb-c846-444c-926e-02445e328b78,13001,Arendonk,Antwerpen,NA,NA,1,flanders
4822,2018,0,adult,22-06-2018_arendonk 3,60e6e43e-6855-4917-a336-9ac46d087fad,13001,Arendonk,Antwerpen,NA,NA,1,flanders
4823,2018,1,juvenile,22-06-2018_arendonk 3,60e6e43e-6855-4917-a336-9ac46d087fad,13001,Arendonk,Antwerpen,NA,NA,1,flanders
4824,2018,62,larvae,22-06-2018_arendonk 3,60e6e43e-6855-4917-a336-9ac46d087fad,13001,Arendonk,Antwerpen,NA,NA,1,flanders
4825,2019,2,adult,22-06-2019_scheps 20,03167d3d-4f00-42b8-b8be-fbe739205a3c,13003,Balen,Antwerpen,scheps 20,scheps 20,8,flanders
4826,2019,1,juvenile,22-06-2019_scheps 20,03167d3d-4f00-42b8-b8be-fbe739205a3c,13003,Balen,Antwerpen,scheps 20,scheps 20,8,flanders
4827,2019,141,larvae,22-06-2019_scheps 20,03167d3d-4f00-42b8-b8be-fbe739205a3c,13003,Balen,Antwerpen,scheps 20,scheps 20,8,flanders
4828,2021,0,adult,22-06-2021_arendonk 2,fbb3baeb-c846-444c-926e-02445e328b78,13001,Arendonk,Antwerpen,arendonk 2,arendonk 2,10,flanders
4829,2021,0,juvenile,22-06-2021_arendonk 2,fbb3baeb-c846-444c-926e-02445e328b78,13001,Arendonk,Antwerpen,arendonk 2,arendonk 2,10,flanders
4830,2021,147,larvae,22-06-2021_arendonk 2,fbb3baeb-c846-444c-926e-02445e328b78,13001,Arendonk,Antwerpen,arendonk 2,arendonk 2,10,flanders
4831,2021,0,adult,22-06-2021_laakdal 43,80212004-2568-4EFB-B97B-75F8EC16F9C1,13053,Laakdal,Antwerpen,laakdal 43,laakdal 43,10,flanders
4832,2021,0,juvenile,22-06-2021_laakdal 43,80212004-2568-4EFB-B97B-75F8EC16F9C1,13053,Laakdal,Antwerpen,laakdal 43,laakdal 43,10,flanders
4833,2021,25,larvae,22-06-2021_laakdal 43,80212004-2568-4EFB-B97B-75F8EC16F9C1,13053,Laakdal,Antwerpen,laakdal 43,laakdal 43,10,flanders
4834,2021,0,adult,22-06-2021_laakdal 44,AB6092BB-144E-4FB1-BF40-A06F80F3085B,13053,Laakdal,Antwerpen,laakdal 44,laakdal 44,10,flanders
4835,2021,10,juvenile,22-06-2021_laakdal 44,AB6092BB-144E-4FB1-BF40-A06F80F3085B,13053,Laakdal,Antwerpen,laakdal 44,laakdal 44,10,flanders
4836,2021,40,larvae,22-06-2021_laakdal 44,AB6092BB-144E-4FB1-BF40-A06F80F3085B,13053,Laakdal,Antwerpen,laakdal 44,laakdal 44,10,flanders
4837,2021,0,adult,22-06-2021_scheps 19b,a321d8fa-853f-4c3a-8c14-c1d649ea0e43,13003,Balen,Antwerpen,scheps 19b,scheps 19b,5,flanders
4838,2021,0,juvenile,22-06-2021_scheps 19b,a321d8fa-853f-4c3a-8c14-c1d649ea0e43,13003,Balen,Antwerpen,scheps 19b,scheps 19b,5,flanders
4839,2021,0,larvae,22-06-2021_scheps 19b,a321d8fa-853f-4c3a-8c14-c1d649ea0e43,13003,Balen,Antwerpen,scheps 19b,scheps 19b,5,flanders
4840,2021,0,adult,22-06-2021_scheps 25,860f4a06-105d-4001-af9d-2f9a58d3b7ba,13003,Balen,Antwerpen,scheps 25,scheps 25,10,flanders
4841,2021,0,juvenile,22-06-2021_scheps 25,860f4a06-105d-4001-af9d-2f9a58d3b7ba,13003,Balen,Antwerpen,scheps 25,scheps 25,10,flanders
4842,2021,0,larvae,22-06-2021_scheps 25,860f4a06-105d-4001-af9d-2f9a58d3b7ba,13003,Balen,Antwerpen,scheps 25,scheps 25,10,flanders
4843,2022,1,adult,22-06-2022_ham 3,70D69342-12FA-409F-92F3-4B07DB140073,71069,Ham,Limburg,ham 3,ham 3,6,flanders
4844,2022,0,juvenile,22-06-2022_ham 3,70D69342-12FA-409F-92F3-4B07DB140073,71069,Ham,Limburg,ham 3,ham 3,6,flanders
4845,2022,0,larvae,22-06-2022_ham 3,70D69342-12FA-409F-92F3-4B07DB140073,71069,Ham,Limburg,ham 3,ham 3,6,flanders
4846,2022,0,adult,22-06-2022_laakdal 13,f604d01b-df5a-4f99-97ba-5083868d2535,13053,Laakdal,Antwerpen,laakdal 13,laakdal 13,10,flanders
4847,2022,0,juvenile,22-06-2022_laakdal 13,f604d01b-df5a-4f99-97ba-5083868d2535,13053,Laakdal,Antwerpen,laakdal 13,laakdal 13,10,flanders
4848,2022,0,larvae,22-06-2022_laakdal 13,f604d01b-df5a-4f99-97ba-5083868d2535,13053,Laakdal,Antwerpen,laakdal 13,laakdal 13,10,flanders
4849,2022,1,adult,22-06-2022_laakdal 5,62abe301-066c-4fa9-a54d-14e8b8882923,13053,Laakdal,Antwerpen,laakdal 5,laakdal 5,19,flanders
4850,2022,4,juvenile,22-06-2022_laakdal 5,62abe301-066c-4fa9-a54d-14e8b8882923,13053,Laakdal,Antwerpen,laakdal 5,laakdal 5,19,flanders
4851,2022,733,larvae,22-06-2022_laakdal 5,62abe301-066c-4fa9-a54d-14e8b8882923,13053,Laakdal,Antwerpen,laakdal 5,laakdal 5,19,flanders
4852,2022,0,adult,22-06-2022_molse nete 23,025AB23B-DF57-46C0-84C4-D351208209B3,13003,Balen,Antwerpen,molse nete 23,molse nete 23,6,flanders
4853,2022,0,juvenile,22-06-2022_molse nete 23,025AB23B-DF57-46C0-84C4-D351208209B3,13003,Balen,Antwerpen,molse nete 23,molse nete 23,6,flanders
4854,2022,1,larvae,22-06-2022_molse nete 23,025AB23B-DF57-46C0-84C4-D351208209B3,13003,Balen,Antwerpen,molse nete 23,molse nete 23,6,flanders
4855,2022,3,adult,22-06-2022_molse nete 25,CCB25757-251A-496E-BE76-0FCEBCCE248E,13003,Balen,Antwerpen,molse nete 25,molse nete 25,10,flanders
4856,2022,2,juvenile,22-06-2022_molse nete 25,CCB25757-251A-496E-BE76-0FCEBCCE248E,13003,Balen,Antwerpen,molse nete 25,molse nete 25,10,flanders
4857,2022,96,larvae,22-06-2022_molse nete 25,CCB25757-251A-496E-BE76-0FCEBCCE248E,13003,Balen,Antwerpen,molse nete 25,molse nete 25,10,flanders
4858,2023,0,adult,22-06-2023_laakdal 29,b5425787-f7c9-4bae-b5fd-80efc0b529d4,13053,Laakdal,Antwerpen,laakdal 29,laakdal 29,2,flanders
4859,2023,0,juvenile,22-06-2023_laakdal 29,b5425787-f7c9-4bae-b5fd-80efc0b529d4,13053,Laakdal,Antwerpen,laakdal 29,laakdal 29,2,flanders
4860,2023,0,larvae,22-06-2023_laakdal 29,b5425787-f7c9-4bae-b5fd-80efc0b529d4,13053,Laakdal,Antwerpen,laakdal 29,laakdal 29,2,flanders
4861,2023,0,adult,22-06-2023_laakdal 29b,111e5f0d-b25e-4ec8-aabf-0eeb6cd1d93b,13053,Laakdal,Antwerpen,laakdal 29b,laakdal 29b,4,flanders
4862,2023,0,juvenile,22-06-2023_laakdal 29b,111e5f0d-b25e-4ec8-aabf-0eeb6cd1d93b,13053,Laakdal,Antwerpen,laakdal 29b,laakdal 29b,4,flanders
4863,2023,0,larvae,22-06-2023_laakdal 29b,111e5f0d-b25e-4ec8-aabf-0eeb6cd1d93b,13053,Laakdal,Antwerpen,laakdal 29b,laakdal 29b,4,flanders
4864,2023,0,adult,22-06-2023_laakdal 32c,8dd8b062-2159-4ffb-bb54-2902bcaf4652,13053,Laakdal,Antwerpen,laakdal 32c,laakdal 32c,6,flanders
4865,2023,0,juvenile,22-06-2023_laakdal 32c,8dd8b062-2159-4ffb-bb54-2902bcaf4652,13053,Laakdal,Antwerpen,laakdal 32c,laakdal 32c,6,flanders
4866,2023,0,larvae,22-06-2023_laakdal 32c,8dd8b062-2159-4ffb-bb54-2902bcaf4652,13053,Laakdal,Antwerpen,laakdal 32c,laakdal 32c,6,flanders
4867,2023,0,adult,22-06-2023_laakdal 37,835E903F-A579-4355-8AB0-7D70249F0B89,13053,Laakdal,Antwerpen,laakdal 37,laakdal 37,10,flanders
4868,2023,0,juvenile,22-06-2023_laakdal 37,835E903F-A579-4355-8AB0-7D70249F0B89,13053,Laakdal,Antwerpen,laakdal 37,laakdal 37,10,flanders
4869,2023,19,larvae,22-06-2023_laakdal 37,835E903F-A579-4355-8AB0-7D70249F0B89,13053,Laakdal,Antwerpen,laakdal 37,laakdal 37,10,flanders
4870,2023,1,adult,22-06-2023_laakdal 39,E9E4CE1C-43A6-4817-96EB-873765AA5598,13053,Laakdal,Antwerpen,laakdal 39,laakdal 39,15,flanders
4871,2023,3,juvenile,22-06-2023_laakdal 39,E9E4CE1C-43A6-4817-96EB-873765AA5598,13053,Laakdal,Antwerpen,laakdal 39,laakdal 39,15,flanders
4872,2023,153,larvae,22-06-2023_laakdal 39,E9E4CE1C-43A6-4817-96EB-873765AA5598,13053,Laakdal,Antwerpen,laakdal 39,laakdal 39,15,flanders
4873,2023,0,adult,22-06-2023_laakdal 6,e02a0538-0a5c-4bf6-9af8-8bea79186857,13053,Laakdal,Antwerpen,laakdal 6,laakdal 6,3,flanders
4874,2023,1,juvenile,22-06-2023_laakdal 6,e02a0538-0a5c-4bf6-9af8-8bea79186857,13053,Laakdal,Antwerpen,laakdal 6,laakdal 6,3,flanders
4875,2023,0,larvae,22-06-2023_laakdal 6,e02a0538-0a5c-4bf6-9af8-8bea79186857,13053,Laakdal,Antwerpen,laakdal 6,laakdal 6,3,flanders
4876,2023,0,adult,22-06-2023_roost 38,B67850BE-C1FF-4995-9CF3-73B5E4F09B31,13053,Laakdal,Antwerpen,roost 38,roost 38,10,flanders
4877,2023,0,juvenile,22-06-2023_roost 38,B67850BE-C1FF-4995-9CF3-73B5E4F09B31,13053,Laakdal,Antwerpen,roost 38,roost 38,10,flanders
4878,2023,0,larvae,22-06-2023_roost 38,B67850BE-C1FF-4995-9CF3-73B5E4F09B31,13053,Laakdal,Antwerpen,roost 38,roost 38,10,flanders
4879,2010,0,adult,22-07-2010_driehoek,48fb261c-3f3a-4a95-9103-1e6822dae999,13014,Hoogstraten,Antwerpen,NA,NA,4,flanders
4880,2010,9,juvenile,22-07-2010_driehoek,48fb261c-3f3a-4a95-9103-1e6822dae999,13014,Hoogstraten,Antwerpen,NA,NA,4,flanders
4881,2010,400,larvae,22-07-2010_driehoek,48fb261c-3f3a-4a95-9103-1e6822dae999,13014,Hoogstraten,Antwerpen,NA,NA,4,flanders
4882,2021,0,adult,22-07-2021_laakdal 26,598e42bd-eadc-4594-b967-130cb4905c0c,13053,Laakdal,Antwerpen,laakdal 26,laakdal 26,4,flanders
4883,2021,0,juvenile,22-07-2021_laakdal 26,598e42bd-eadc-4594-b967-130cb4905c0c,13053,Laakdal,Antwerpen,laakdal 26,laakdal 26,4,flanders
4884,2021,0,larvae,22-07-2021_laakdal 26,598e42bd-eadc-4594-b967-130cb4905c0c,13053,Laakdal,Antwerpen,laakdal 26,laakdal 26,4,flanders
4885,2021,1,adult,22-07-2021_laakdal 26b,d7da64c9-cd55-484c-95bf-ee15fb3f570a,13053,Laakdal,Antwerpen,laakdal 26b,laakdal 26b,4,flanders
4886,2021,0,juvenile,22-07-2021_laakdal 26b,d7da64c9-cd55-484c-95bf-ee15fb3f570a,13053,Laakdal,Antwerpen,laakdal 26b,laakdal 26b,4,flanders
4887,2021,0,larvae,22-07-2021_laakdal 26b,d7da64c9-cd55-484c-95bf-ee15fb3f570a,13053,Laakdal,Antwerpen,laakdal 26b,laakdal 26b,4,flanders
4888,2021,0,adult,22-07-2021_molse nete 25,CCB25757-251A-496E-BE76-0FCEBCCE248E,13003,Balen,Antwerpen,molse nete 25,molse nete 25,10,flanders
4889,2021,6,juvenile,22-07-2021_molse nete 25,CCB25757-251A-496E-BE76-0FCEBCCE248E,13003,Balen,Antwerpen,molse nete 25,molse nete 25,10,flanders
4890,2021,298,larvae,22-07-2021_molse nete 25,CCB25757-251A-496E-BE76-0FCEBCCE248E,13003,Balen,Antwerpen,molse nete 25,molse nete 25,10,flanders
4891,2021,0,adult,22-07-2021_nijlen g2,a484323f-4a55-4cf1-affb-6b5870f769db,12021,Lier,Antwerpen,nijlen g2,nijlen g2,6,flanders
4892,2021,0,juvenile,22-07-2021_nijlen g2,a484323f-4a55-4cf1-affb-6b5870f769db,12021,Lier,Antwerpen,nijlen g2,nijlen g2,6,flanders
4893,2021,0,larvae,22-07-2021_nijlen g2,a484323f-4a55-4cf1-affb-6b5870f769db,12021,Lier,Antwerpen,nijlen g2,nijlen g2,6,flanders
4894,2022,0,adult,22-07-2022_antbal0342,8C17BEDF-B841-417C-B379-1D11FDDAA8B5,13003,Balen,Antwerpen,antbal0342,antbal0342,5,flanders
4895,2022,3,juvenile,22-07-2022_antbal0342,8C17BEDF-B841-417C-B379-1D11FDDAA8B5,13003,Balen,Antwerpen,antbal0342,antbal0342,5,flanders
4896,2022,14,larvae,22-07-2022_antbal0342,8C17BEDF-B841-417C-B379-1D11FDDAA8B5,13003,Balen,Antwerpen,antbal0342,antbal0342,5,flanders
4897,2022,1,adult,22-07-2022_molse nete 27,13C21386-73BD-4394-BF8C-D621BB1AE140,13003,Balen,Antwerpen,molse nete 27,molse nete 27,10,flanders
4898,2022,12,juvenile,22-07-2022_molse nete 27,13C21386-73BD-4394-BF8C-D621BB1AE140,13003,Balen,Antwerpen,molse nete 27,molse nete 27,10,flanders
4899,2022,160,larvae,22-07-2022_molse nete 27,13C21386-73BD-4394-BF8C-D621BB1AE140,13003,Balen,Antwerpen,molse nete 27,molse nete 27,10,flanders
4900,2022,0,adult,22-07-2022_molse nete 29,B58A0CA0-1DD3-4A71-B356-C088AF4BA385,13003,Balen,Antwerpen,molse nete 29,molse nete 29,10,flanders
4901,2022,30,juvenile,22-07-2022_molse nete 29,B58A0CA0-1DD3-4A71-B356-C088AF4BA385,13003,Balen,Antwerpen,molse nete 29,molse nete 29,10,flanders
4902,2022,12,larvae,22-07-2022_molse nete 29,B58A0CA0-1DD3-4A71-B356-C088AF4BA385,13003,Balen,Antwerpen,molse nete 29,molse nete 29,10,flanders
4903,2025,1,adult,22-07-2025_antgee 0223,E1FC241D-6C7B-47C7-8C5A-F3818113F7DD,13008,Geel,Antwerpen,antgee 0223,antgee 0223,2,flanders
4904,2025,64,juvenile,22-07-2025_antgee 0223,E1FC241D-6C7B-47C7-8C5A-F3818113F7DD,13008,Geel,Antwerpen,antgee 0223,antgee 0223,2,flanders
4905,2025,600,larvae,22-07-2025_antgee 0223,E1FC241D-6C7B-47C7-8C5A-F3818113F7DD,13008,Geel,Antwerpen,antgee 0223,antgee 0223,2,flanders
4906,2025,0,adult,22-07-2025_antgee 0537,AA6037B7-0ADB-4550-9D91-B7C5C5116D29,13008,Geel,Antwerpen,antgee 0537,antgee 0537,6,flanders
4907,2025,0,juvenile,22-07-2025_antgee 0537,AA6037B7-0ADB-4550-9D91-B7C5C5116D29,13008,Geel,Antwerpen,antgee 0537,antgee 0537,6,flanders
4908,2025,9,larvae,22-07-2025_antgee 0537,AA6037B7-0ADB-4550-9D91-B7C5C5116D29,13008,Geel,Antwerpen,antgee 0537,antgee 0537,6,flanders
4909,2025,2,adult,22-07-2025_antgee 0541,15C363BD-2F37-429D-B2F2-D8F0B9C8BBC5,13008,Geel,Antwerpen,antgee 0541,antgee 0541,5,flanders
4910,2025,10,juvenile,22-07-2025_antgee 0541,15C363BD-2F37-429D-B2F2-D8F0B9C8BBC5,13008,Geel,Antwerpen,antgee 0541,antgee 0541,5,flanders
4911,2025,435,larvae,22-07-2025_antgee 0541,15C363BD-2F37-429D-B2F2-D8F0B9C8BBC5,13008,Geel,Antwerpen,antgee 0541,antgee 0541,5,flanders
4912,2025,0,adult,22-07-2025_antgee 0993,F3602AC8-134A-479B-A76F-AE735DF5D6E1,13008,Geel,Antwerpen,antgee 0993,antgee 0993,3,flanders
4913,2025,4,juvenile,22-07-2025_antgee 0993,F3602AC8-134A-479B-A76F-AE735DF5D6E1,13008,Geel,Antwerpen,antgee 0993,antgee 0993,3,flanders
4914,2025,331,larvae,22-07-2025_antgee 0993,F3602AC8-134A-479B-A76F-AE735DF5D6E1,13008,Geel,Antwerpen,antgee 0993,antgee 0993,3,flanders
4915,2025,1,adult,22-07-2025_antgee 1023,ADA68F96-7C72-4FB6-922D-54D0778942C1,13008,Geel,Antwerpen,antgee 1023,antgee 1023,5,flanders
4916,2025,15,juvenile,22-07-2025_antgee 1023,ADA68F96-7C72-4FB6-922D-54D0778942C1,13008,Geel,Antwerpen,antgee 1023,antgee 1023,5,flanders
4917,2025,219,larvae,22-07-2025_antgee 1023,ADA68F96-7C72-4FB6-922D-54D0778942C1,13008,Geel,Antwerpen,antgee 1023,antgee 1023,5,flanders
4918,2012,0,adult,22-08-2012_arendonk 2,fbb3baeb-c846-444c-926e-02445e328b78,13001,Arendonk,Antwerpen,NA,NA,6,flanders
4919,2012,0,juvenile,22-08-2012_arendonk 2,fbb3baeb-c846-444c-926e-02445e328b78,13001,Arendonk,Antwerpen,NA,NA,6,flanders
4920,2012,105,larvae,22-08-2012_arendonk 2,fbb3baeb-c846-444c-926e-02445e328b78,13001,Arendonk,Antwerpen,NA,NA,6,flanders
4921,2013,0,adult,22-08-2013_arendonk 2,fbb3baeb-c846-444c-926e-02445e328b78,13001,Arendonk,Antwerpen,NA,NA,5,flanders
4922,2013,0,juvenile,22-08-2013_arendonk 2,fbb3baeb-c846-444c-926e-02445e328b78,13001,Arendonk,Antwerpen,NA,NA,5,flanders
4923,2013,220,larvae,22-08-2013_arendonk 2,fbb3baeb-c846-444c-926e-02445e328b78,13001,Arendonk,Antwerpen,NA,NA,5,flanders
4924,2014,0,adult,22-08-2014_arendonk 2,fbb3baeb-c846-444c-926e-02445e328b78,13001,Arendonk,Antwerpen,NA,NA,6,flanders
4925,2014,0,juvenile,22-08-2014_arendonk 2,fbb3baeb-c846-444c-926e-02445e328b78,13001,Arendonk,Antwerpen,NA,NA,6,flanders
4926,2014,702,larvae,22-08-2014_arendonk 2,fbb3baeb-c846-444c-926e-02445e328b78,13001,Arendonk,Antwerpen,NA,NA,6,flanders
4927,2018,0,adult,22-08-2018_arendonk 2,fbb3baeb-c846-444c-926e-02445e328b78,13001,Arendonk,Antwerpen,NA,NA,1,flanders
4928,2018,1,juvenile,22-08-2018_arendonk 2,fbb3baeb-c846-444c-926e-02445e328b78,13001,Arendonk,Antwerpen,NA,NA,1,flanders
4929,2018,1003,larvae,22-08-2018_arendonk 2,fbb3baeb-c846-444c-926e-02445e328b78,13001,Arendonk,Antwerpen,NA,NA,1,flanders
4930,2019,0,adult,22-08-2019_retiebaan 2,4e76c083-9d1e-4900-8395-911d04e4e5ea,13017,Kasterlee,Antwerpen,retiebaan 2,retiebaan 2,2,flanders
4931,2019,0,juvenile,22-08-2019_retiebaan 2,4e76c083-9d1e-4900-8395-911d04e4e5ea,13017,Kasterlee,Antwerpen,retiebaan 2,retiebaan 2,2,flanders
4932,2019,0,larvae,22-08-2019_retiebaan 2,4e76c083-9d1e-4900-8395-911d04e4e5ea,13017,Kasterlee,Antwerpen,retiebaan 2,retiebaan 2,2,flanders
4933,2019,2,adult,22-08-2019_scheps 20,03167d3d-4f00-42b8-b8be-fbe739205a3c,13003,Balen,Antwerpen,scheps 20,scheps 20,5,flanders
4934,2019,22,juvenile,22-08-2019_scheps 20,03167d3d-4f00-42b8-b8be-fbe739205a3c,13003,Balen,Antwerpen,scheps 20,scheps 20,5,flanders
4935,2019,17,larvae,22-08-2019_scheps 20,03167d3d-4f00-42b8-b8be-fbe739205a3c,13003,Balen,Antwerpen,scheps 20,scheps 20,5,flanders
4936,2019,2,adult,22-08-2019_scheps 6,3f097ed2-a6e2-4db8-ab6d-eb411d610792,13003,Balen,Antwerpen,scheps 6,scheps 6,2,flanders
4937,2019,0,juvenile,22-08-2019_scheps 6,3f097ed2-a6e2-4db8-ab6d-eb411d610792,13003,Balen,Antwerpen,scheps 6,scheps 6,2,flanders
4938,2019,0,larvae,22-08-2019_scheps 6,3f097ed2-a6e2-4db8-ab6d-eb411d610792,13003,Balen,Antwerpen,scheps 6,scheps 6,2,flanders
4939,2019,0,adult,22-08-2019_scheps 7,009d325e-8c76-4049-bc69-31f6163e254e,13003,Balen,Antwerpen,scheps 7,scheps 7,2,flanders
4940,2019,1,juvenile,22-08-2019_scheps 7,009d325e-8c76-4049-bc69-31f6163e254e,13003,Balen,Antwerpen,scheps 7,scheps 7,2,flanders
4941,2019,22,larvae,22-08-2019_scheps 7,009d325e-8c76-4049-bc69-31f6163e254e,13003,Balen,Antwerpen,scheps 7,scheps 7,2,flanders
4942,2023,0,adult,22-08-2023_arendonk 2,fbb3baeb-c846-444c-926e-02445e328b78,13001,Arendonk,Antwerpen,arendonk 2,arendonk 2,10,flanders
4943,2023,0,juvenile,22-08-2023_arendonk 2,fbb3baeb-c846-444c-926e-02445e328b78,13001,Arendonk,Antwerpen,arendonk 2,arendonk 2,10,flanders
4944,2023,0,larvae,22-08-2023_arendonk 2,fbb3baeb-c846-444c-926e-02445e328b78,13001,Arendonk,Antwerpen,arendonk 2,arendonk 2,10,flanders
4945,2023,0,adult,22-08-2023_westerlo pidpa 1,7C31CF7F-E64E-4AD4-9C7F-56AE53BC8DDA,13049,Westerlo,Antwerpen,westerlo pidpa 1,westerlo pidpa 1,6,flanders
4946,2023,2,juvenile,22-08-2023_westerlo pidpa 1,7C31CF7F-E64E-4AD4-9C7F-56AE53BC8DDA,13049,Westerlo,Antwerpen,westerlo pidpa 1,westerlo pidpa 1,6,flanders
4947,2023,363,larvae,22-08-2023_westerlo pidpa 1,7C31CF7F-E64E-4AD4-9C7F-56AE53BC8DDA,13049,Westerlo,Antwerpen,westerlo pidpa 1,westerlo pidpa 1,6,flanders
4948,2023,1,adult,22-08-2023_westerlo pidpa 2,A02C865C-B51E-4403-8C7F-CA23CD132BFE,13049,Westerlo,Antwerpen,westerlo pidpa 2,westerlo pidpa 2,7,flanders
4949,2023,18,juvenile,22-08-2023_westerlo pidpa 2,A02C865C-B51E-4403-8C7F-CA23CD132BFE,13049,Westerlo,Antwerpen,westerlo pidpa 2,westerlo pidpa 2,7,flanders
4950,2023,420,larvae,22-08-2023_westerlo pidpa 2,A02C865C-B51E-4403-8C7F-CA23CD132BFE,13049,Westerlo,Antwerpen,westerlo pidpa 2,westerlo pidpa 2,7,flanders
4951,2023,1,adult,22-08-2023_westerlo pidpa 3,2A0EB8B2-70D9-41D8-867E-7724BBBBB22F,13049,Westerlo,Antwerpen,westerlo pidpa 3,westerlo pidpa 3,7,flanders
4952,2023,11,juvenile,22-08-2023_westerlo pidpa 3,2A0EB8B2-70D9-41D8-867E-7724BBBBB22F,13049,Westerlo,Antwerpen,westerlo pidpa 3,westerlo pidpa 3,7,flanders
4953,2023,615,larvae,22-08-2023_westerlo pidpa 3,2A0EB8B2-70D9-41D8-867E-7724BBBBB22F,13049,Westerlo,Antwerpen,westerlo pidpa 3,westerlo pidpa 3,7,flanders
4954,2023,2,adult,22-08-2023_westerlo pidpa 4,97DBF7D8-3437-4AA1-B606-C07DDF6E0A04,13049,Westerlo,Antwerpen,westerlo pidpa 4,westerlo pidpa 4,6,flanders
4955,2023,3,juvenile,22-08-2023_westerlo pidpa 4,97DBF7D8-3437-4AA1-B606-C07DDF6E0A04,13049,Westerlo,Antwerpen,westerlo pidpa 4,westerlo pidpa 4,6,flanders
4956,2023,17,larvae,22-08-2023_westerlo pidpa 4,97DBF7D8-3437-4AA1-B606-C07DDF6E0A04,13049,Westerlo,Antwerpen,westerlo pidpa 4,westerlo pidpa 4,6,flanders
4957,2024,0,adult,22-08-2024_westerlo pidpa 1,7C31CF7F-E64E-4AD4-9C7F-56AE53BC8DDA,13049,Westerlo,Antwerpen,westerlo pidpa 1,westerlo pidpa 1,4,flanders
4958,2024,1,juvenile,22-08-2024_westerlo pidpa 1,7C31CF7F-E64E-4AD4-9C7F-56AE53BC8DDA,13049,Westerlo,Antwerpen,westerlo pidpa 1,westerlo pidpa 1,4,flanders
4959,2024,46,larvae,22-08-2024_westerlo pidpa 1,7C31CF7F-E64E-4AD4-9C7F-56AE53BC8DDA,13049,Westerlo,Antwerpen,westerlo pidpa 1,westerlo pidpa 1,4,flanders
4960,2024,3,adult,22-08-2024_westerlo pidpa 2,A02C865C-B51E-4403-8C7F-CA23CD132BFE,13049,Westerlo,Antwerpen,westerlo pidpa 2,westerlo pidpa 2,8,flanders
4961,2024,23,juvenile,22-08-2024_westerlo pidpa 2,A02C865C-B51E-4403-8C7F-CA23CD132BFE,13049,Westerlo,Antwerpen,westerlo pidpa 2,westerlo pidpa 2,8,flanders
4962,2024,205,larvae,22-08-2024_westerlo pidpa 2,A02C865C-B51E-4403-8C7F-CA23CD132BFE,13049,Westerlo,Antwerpen,westerlo pidpa 2,westerlo pidpa 2,8,flanders
4963,2024,3,adult,22-08-2024_westerlo pidpa 3,2A0EB8B2-70D9-41D8-867E-7724BBBBB22F,13049,Westerlo,Antwerpen,westerlo pidpa 3,westerlo pidpa 3,6,flanders
4964,2024,85,juvenile,22-08-2024_westerlo pidpa 3,2A0EB8B2-70D9-41D8-867E-7724BBBBB22F,13049,Westerlo,Antwerpen,westerlo pidpa 3,westerlo pidpa 3,6,flanders
4965,2024,248,larvae,22-08-2024_westerlo pidpa 3,2A0EB8B2-70D9-41D8-867E-7724BBBBB22F,13049,Westerlo,Antwerpen,westerlo pidpa 3,westerlo pidpa 3,6,flanders
4966,2024,2,adult,22-08-2024_westerlo pidpa 4,97DBF7D8-3437-4AA1-B606-C07DDF6E0A04,13049,Westerlo,Antwerpen,westerlo pidpa 4,westerlo pidpa 4,7,flanders
4967,2024,23,juvenile,22-08-2024_westerlo pidpa 4,97DBF7D8-3437-4AA1-B606-C07DDF6E0A04,13049,Westerlo,Antwerpen,westerlo pidpa 4,westerlo pidpa 4,7,flanders
4968,2024,33,larvae,22-08-2024_westerlo pidpa 4,97DBF7D8-3437-4AA1-B606-C07DDF6E0A04,13049,Westerlo,Antwerpen,westerlo pidpa 4,westerlo pidpa 4,7,flanders
4969,2010,0,adult,22-09-2010_driehoek,48fb261c-3f3a-4a95-9103-1e6822dae999,13014,Hoogstraten,Antwerpen,NA,NA,1,flanders
4970,2010,18,juvenile,22-09-2010_driehoek,48fb261c-3f3a-4a95-9103-1e6822dae999,13014,Hoogstraten,Antwerpen,NA,NA,1,flanders
4971,2010,1361,larvae,22-09-2010_driehoek,48fb261c-3f3a-4a95-9103-1e6822dae999,13014,Hoogstraten,Antwerpen,NA,NA,1,flanders
4972,2011,0,adult,22-09-2011_arendonk 3,60e6e43e-6855-4917-a336-9ac46d087fad,13001,Arendonk,Antwerpen,NA,NA,6,flanders
4973,2011,0,juvenile,22-09-2011_arendonk 3,60e6e43e-6855-4917-a336-9ac46d087fad,13001,Arendonk,Antwerpen,NA,NA,6,flanders
4974,2011,36,larvae,22-09-2011_arendonk 3,60e6e43e-6855-4917-a336-9ac46d087fad,13001,Arendonk,Antwerpen,NA,NA,6,flanders
4975,2016,0,adult,22-09-2016_arendonk 2,fbb3baeb-c846-444c-926e-02445e328b78,13001,Arendonk,Antwerpen,NA,NA,6,flanders
4976,2016,0,juvenile,22-09-2016_arendonk 2,fbb3baeb-c846-444c-926e-02445e328b78,13001,Arendonk,Antwerpen,NA,NA,6,flanders
4977,2016,5,larvae,22-09-2016_arendonk 2,fbb3baeb-c846-444c-926e-02445e328b78,13001,Arendonk,Antwerpen,NA,NA,6,flanders
4978,2022,0,adult,22-09-2022_bergebeek 1,A4760255-D2AE-4D89-BF0B-4E60ABC25410,12014,Heist-Op-Den-Berg,Antwerpen,bergebeek 1,bergebeek 1,5,flanders
4979,2022,1,juvenile,22-09-2022_bergebeek 1,A4760255-D2AE-4D89-BF0B-4E60ABC25410,12014,Heist-Op-Den-Berg,Antwerpen,bergebeek 1,bergebeek 1,5,flanders
4980,2022,5,larvae,22-09-2022_bergebeek 1,A4760255-D2AE-4D89-BF0B-4E60ABC25410,12014,Heist-Op-Den-Berg,Antwerpen,bergebeek 1,bergebeek 1,5,flanders
4981,2022,0,adult,22-09-2022_hallaar 2,4768A45A-E834-4347-93C9-F0CB9F9F36F1,12014,Heist-Op-Den-Berg,Antwerpen,hallaar 2,hallaar 2,2,flanders
4982,2022,0,juvenile,22-09-2022_hallaar 2,4768A45A-E834-4347-93C9-F0CB9F9F36F1,12014,Heist-Op-Den-Berg,Antwerpen,hallaar 2,hallaar 2,2,flanders
4983,2022,0,larvae,22-09-2022_hallaar 2,4768A45A-E834-4347-93C9-F0CB9F9F36F1,12014,Heist-Op-Den-Berg,Antwerpen,hallaar 2,hallaar 2,2,flanders
4984,2014,1,adult,23-04-2014_kasterlee 13,db13750e-281b-4b47-80e5-e4036050d1c1,13017,Kasterlee,Antwerpen,NA,NA,1,flanders
4985,2014,0,juvenile,23-04-2014_kasterlee 13,db13750e-281b-4b47-80e5-e4036050d1c1,13017,Kasterlee,Antwerpen,NA,NA,1,flanders
4986,2014,0,larvae,23-04-2014_kasterlee 13,db13750e-281b-4b47-80e5-e4036050d1c1,13017,Kasterlee,Antwerpen,NA,NA,1,flanders
4987,2014,0,adult,23-04-2014_kasterlee 7,d47894eb-3a0b-4dc1-8804-627d397aa280,13017,Kasterlee,Antwerpen,NA,NA,1,flanders
4988,2014,0,juvenile,23-04-2014_kasterlee 7,d47894eb-3a0b-4dc1-8804-627d397aa280,13017,Kasterlee,Antwerpen,NA,NA,1,flanders
4989,2014,186,larvae,23-04-2014_kasterlee 7,d47894eb-3a0b-4dc1-8804-627d397aa280,13017,Kasterlee,Antwerpen,NA,NA,1,flanders
4990,2015,0,adult,23-04-2015_arendonk 2,fbb3baeb-c846-444c-926e-02445e328b78,13001,Arendonk,Antwerpen,NA,NA,4,flanders
4991,2015,0,juvenile,23-04-2015_arendonk 2,fbb3baeb-c846-444c-926e-02445e328b78,13001,Arendonk,Antwerpen,NA,NA,4,flanders
4992,2015,619,larvae,23-04-2015_arendonk 2,fbb3baeb-c846-444c-926e-02445e328b78,13001,Arendonk,Antwerpen,NA,NA,4,flanders
4993,2015,0,adult,23-04-2015_arendonk 3,60e6e43e-6855-4917-a336-9ac46d087fad,13001,Arendonk,Antwerpen,NA,NA,3,flanders
4994,2015,1,juvenile,23-04-2015_arendonk 3,60e6e43e-6855-4917-a336-9ac46d087fad,13001,Arendonk,Antwerpen,NA,NA,3,flanders
4995,2015,23,larvae,23-04-2015_arendonk 3,60e6e43e-6855-4917-a336-9ac46d087fad,13001,Arendonk,Antwerpen,NA,NA,3,flanders
4996,2015,1,adult,23-04-2015_driehoek,48fb261c-3f3a-4a95-9103-1e6822dae999,13014,Hoogstraten,Antwerpen,NA,NA,2,flanders
4997,2015,2,juvenile,23-04-2015_driehoek,48fb261c-3f3a-4a95-9103-1e6822dae999,13014,Hoogstraten,Antwerpen,NA,NA,2,flanders
4998,2015,1,larvae,23-04-2015_driehoek,48fb261c-3f3a-4a95-9103-1e6822dae999,13014,Hoogstraten,Antwerpen,NA,NA,2,flanders
4999,2020,0,adult,23-04-2020_arendonk 1,91a8e2bb-b682-4c53-b213-7494198b12ce,13001,Arendonk,Antwerpen,arendonk 1,arendonk 1,2,flanders
5000,2020,0,juvenile,23-04-2020_arendonk 1,91a8e2bb-b682-4c53-b213-7494198b12ce,13001,Arendonk,Antwerpen,arendonk 1,arendonk 1,2,flanders
5001,2020,0,larvae,23-04-2020_arendonk 1,91a8e2bb-b682-4c53-b213-7494198b12ce,13001,Arendonk,Antwerpen,arendonk 1,arendonk 1,2,flanders
5002,2012,2,adult,23-05-2012_arendonk 1,91a8e2bb-b682-4c53-b213-7494198b12ce,13001,Arendonk,Antwerpen,NA,NA,4,flanders
5003,2012,0,juvenile,23-05-2012_arendonk 1,91a8e2bb-b682-4c53-b213-7494198b12ce,13001,Arendonk,Antwerpen,NA,NA,4,flanders
5004,2012,1,larvae,23-05-2012_arendonk 1,91a8e2bb-b682-4c53-b213-7494198b12ce,13001,Arendonk,Antwerpen,NA,NA,4,flanders
5005,2013,0,adult,23-05-2013_arendonk 2,fbb3baeb-c846-444c-926e-02445e328b78,13001,Arendonk,Antwerpen,NA,NA,5,flanders
5006,2013,0,juvenile,23-05-2013_arendonk 2,fbb3baeb-c846-444c-926e-02445e328b78,13001,Arendonk,Antwerpen,NA,NA,5,flanders
5007,2013,592,larvae,23-05-2013_arendonk 2,fbb3baeb-c846-444c-926e-02445e328b78,13001,Arendonk,Antwerpen,NA,NA,5,flanders
5008,2013,0,adult,23-05-2013_driehoek,48fb261c-3f3a-4a95-9103-1e6822dae999,13014,Hoogstraten,Antwerpen,NA,NA,4,flanders
5009,2013,0,juvenile,23-05-2013_driehoek,48fb261c-3f3a-4a95-9103-1e6822dae999,13014,Hoogstraten,Antwerpen,NA,NA,4,flanders
5010,2013,16,larvae,23-05-2013_driehoek,48fb261c-3f3a-4a95-9103-1e6822dae999,13014,Hoogstraten,Antwerpen,NA,NA,4,flanders
5011,2014,0,adult,23-05-2014_arendonk 2,fbb3baeb-c846-444c-926e-02445e328b78,13001,Arendonk,Antwerpen,NA,NA,4,flanders
5012,2014,0,juvenile,23-05-2014_arendonk 2,fbb3baeb-c846-444c-926e-02445e328b78,13001,Arendonk,Antwerpen,NA,NA,4,flanders
5013,2014,77,larvae,23-05-2014_arendonk 2,fbb3baeb-c846-444c-926e-02445e328b78,13001,Arendonk,Antwerpen,NA,NA,4,flanders
5014,2014,0,adult,23-05-2014_driehoek,48fb261c-3f3a-4a95-9103-1e6822dae999,13014,Hoogstraten,Antwerpen,NA,NA,3,flanders
5015,2014,1,juvenile,23-05-2014_driehoek,48fb261c-3f3a-4a95-9103-1e6822dae999,13014,Hoogstraten,Antwerpen,NA,NA,3,flanders
5016,2014,213,larvae,23-05-2014_driehoek,48fb261c-3f3a-4a95-9103-1e6822dae999,13014,Hoogstraten,Antwerpen,NA,NA,3,flanders
5017,2014,0,adult,23-05-2014_kasterlee 3,fa5d281f-6266-4d4b-b6a7-cd44132e9b99,13017,Kasterlee,Antwerpen,NA,NA,4,flanders
5018,2014,0,juvenile,23-05-2014_kasterlee 3,fa5d281f-6266-4d4b-b6a7-cd44132e9b99,13017,Kasterlee,Antwerpen,NA,NA,4,flanders
5019,2014,26,larvae,23-05-2014_kasterlee 3,fa5d281f-6266-4d4b-b6a7-cd44132e9b99,13017,Kasterlee,Antwerpen,NA,NA,4,flanders
5020,2018,0,adult,23-05-2018_arendonk 2,fbb3baeb-c846-444c-926e-02445e328b78,13001,Arendonk,Antwerpen,NA,NA,1,flanders
5021,2018,0,juvenile,23-05-2018_arendonk 2,fbb3baeb-c846-444c-926e-02445e328b78,13001,Arendonk,Antwerpen,NA,NA,1,flanders
5022,2018,53,larvae,23-05-2018_arendonk 2,fbb3baeb-c846-444c-926e-02445e328b78,13001,Arendonk,Antwerpen,NA,NA,1,flanders
5023,2018,0,adult,23-05-2018_arendonk 3,60e6e43e-6855-4917-a336-9ac46d087fad,13001,Arendonk,Antwerpen,NA,NA,1,flanders
5024,2018,0,juvenile,23-05-2018_arendonk 3,60e6e43e-6855-4917-a336-9ac46d087fad,13001,Arendonk,Antwerpen,NA,NA,1,flanders
5025,2018,220,larvae,23-05-2018_arendonk 3,60e6e43e-6855-4917-a336-9ac46d087fad,13001,Arendonk,Antwerpen,NA,NA,1,flanders
5026,2020,3,adult,23-05-2020_griesbroek 6,03dc3f07-506f-4c71-bbcd-ad24c177cab5,13003,Balen,Antwerpen,griesbroek 6,griesbroek 6,1,flanders
5027,2020,1,juvenile,23-05-2020_griesbroek 6,03dc3f07-506f-4c71-bbcd-ad24c177cab5,13003,Balen,Antwerpen,griesbroek 6,griesbroek 6,1,flanders
5028,2020,22,larvae,23-05-2020_griesbroek 6,03dc3f07-506f-4c71-bbcd-ad24c177cab5,13003,Balen,Antwerpen,griesbroek 6,griesbroek 6,1,flanders
5029,2020,0,adult,23-05-2020_scheps 20,03167d3d-4f00-42b8-b8be-fbe739205a3c,13003,Balen,Antwerpen,scheps 20,scheps 20,4,flanders
5030,2020,2,juvenile,23-05-2020_scheps 20,03167d3d-4f00-42b8-b8be-fbe739205a3c,13003,Balen,Antwerpen,scheps 20,scheps 20,4,flanders
5031,2020,107,larvae,23-05-2020_scheps 20,03167d3d-4f00-42b8-b8be-fbe739205a3c,13003,Balen,Antwerpen,scheps 20,scheps 20,4,flanders
5032,2022,2,adult,23-05-2022_griesbroek 6,03dc3f07-506f-4c71-bbcd-ad24c177cab5,13003,Balen,Antwerpen,griesbroek 6,griesbroek 6,20,flanders
5033,2022,4,juvenile,23-05-2022_griesbroek 6,03dc3f07-506f-4c71-bbcd-ad24c177cab5,13003,Balen,Antwerpen,griesbroek 6,griesbroek 6,20,flanders
5034,2022,130,larvae,23-05-2022_griesbroek 6,03dc3f07-506f-4c71-bbcd-ad24c177cab5,13003,Balen,Antwerpen,griesbroek 6,griesbroek 6,20,flanders
5035,2023,15,adult,23-05-2023_griesbroek 6,03dc3f07-506f-4c71-bbcd-ad24c177cab5,13003,Balen,Antwerpen,griesbroek 6,griesbroek 6,4,flanders
5036,2023,18,juvenile,23-05-2023_griesbroek 6,03dc3f07-506f-4c71-bbcd-ad24c177cab5,13003,Balen,Antwerpen,griesbroek 6,griesbroek 6,4,flanders
5037,2023,128,larvae,23-05-2023_griesbroek 6,03dc3f07-506f-4c71-bbcd-ad24c177cab5,13003,Balen,Antwerpen,griesbroek 6,griesbroek 6,4,flanders
5038,2023,0,adult,23-05-2023_laakdal 48,1980E2C4-7673-4ADF-BA6D-52B7508E79DB,13053,Laakdal,Antwerpen,laakdal 48,laakdal 48,2,flanders
5039,2023,0,juvenile,23-05-2023_laakdal 48,1980E2C4-7673-4ADF-BA6D-52B7508E79DB,13053,Laakdal,Antwerpen,laakdal 48,laakdal 48,2,flanders
5040,2023,0,larvae,23-05-2023_laakdal 48,1980E2C4-7673-4ADF-BA6D-52B7508E79DB,13053,Laakdal,Antwerpen,laakdal 48,laakdal 48,2,flanders
5041,2023,4,adult,23-05-2023_laakdal 5,62abe301-066c-4fa9-a54d-14e8b8882923,13053,Laakdal,Antwerpen,laakdal 5,laakdal 5,20,flanders
5042,2023,3,juvenile,23-05-2023_laakdal 5,62abe301-066c-4fa9-a54d-14e8b8882923,13053,Laakdal,Antwerpen,laakdal 5,laakdal 5,20,flanders
5043,2023,711,larvae,23-05-2023_laakdal 5,62abe301-066c-4fa9-a54d-14e8b8882923,13053,Laakdal,Antwerpen,laakdal 5,laakdal 5,20,flanders
5044,2023,0,adult,23-05-2023_meerhout 19,6A2EB05E-C933-4632-A071-88952615B54E,13021,Meerhout,Antwerpen,meerhout 19,meerhout 19,6,flanders
5045,2023,2,juvenile,23-05-2023_meerhout 19,6A2EB05E-C933-4632-A071-88952615B54E,13021,Meerhout,Antwerpen,meerhout 19,meerhout 19,6,flanders
5046,2023,36,larvae,23-05-2023_meerhout 19,6A2EB05E-C933-4632-A071-88952615B54E,13021,Meerhout,Antwerpen,meerhout 19,meerhout 19,6,flanders
5047,2023,1,adult,23-05-2023_scheps 20,03167d3d-4f00-42b8-b8be-fbe739205a3c,13003,Balen,Antwerpen,scheps 20,scheps 20,2,flanders
5048,2023,0,juvenile,23-05-2023_scheps 20,03167d3d-4f00-42b8-b8be-fbe739205a3c,13003,Balen,Antwerpen,scheps 20,scheps 20,2,flanders
5049,2023,149,larvae,23-05-2023_scheps 20,03167d3d-4f00-42b8-b8be-fbe739205a3c,13003,Balen,Antwerpen,scheps 20,scheps 20,2,flanders
5050,2024,14,adult,23-05-2024_griesbroek 6,03dc3f07-506f-4c71-bbcd-ad24c177cab5,13003,Balen,Antwerpen,griesbroek 6,griesbroek 6,24,flanders
5051,2024,9,juvenile,23-05-2024_griesbroek 6,03dc3f07-506f-4c71-bbcd-ad24c177cab5,13003,Balen,Antwerpen,griesbroek 6,griesbroek 6,24,flanders
5052,2024,91,larvae,23-05-2024_griesbroek 6,03dc3f07-506f-4c71-bbcd-ad24c177cab5,13003,Balen,Antwerpen,griesbroek 6,griesbroek 6,24,flanders
5053,2024,1,adult,23-05-2024_laakdal 41,3FF122FA-A234-4A59-B023-BF7A15813990,13053,Laakdal,Antwerpen,laakdal 41,laakdal 41,25,flanders
5054,2024,0,juvenile,23-05-2024_laakdal 41,3FF122FA-A234-4A59-B023-BF7A15813990,13053,Laakdal,Antwerpen,laakdal 41,laakdal 41,25,flanders
5055,2024,815,larvae,23-05-2024_laakdal 41,3FF122FA-A234-4A59-B023-BF7A15813990,13053,Laakdal,Antwerpen,laakdal 41,laakdal 41,25,flanders
5056,2025,0,adult,23-05-2025_arendonk 2,fbb3baeb-c846-444c-926e-02445e328b78,13001,Arendonk,Antwerpen,arendonk 2,arendonk 2,10,flanders
5057,2025,0,juvenile,23-05-2025_arendonk 2,fbb3baeb-c846-444c-926e-02445e328b78,13001,Arendonk,Antwerpen,arendonk 2,arendonk 2,10,flanders
5058,2025,0,larvae,23-05-2025_arendonk 2,fbb3baeb-c846-444c-926e-02445e328b78,13001,Arendonk,Antwerpen,arendonk 2,arendonk 2,10,flanders
5059,2025,0,adult,23-05-2025_arendonk 3,3F49AB70-7443-4002-8599-FA8F7F38616B,13001,Arendonk,Antwerpen,arendonk 3,arendonk 3,10,flanders
5060,2025,0,juvenile,23-05-2025_arendonk 3,3F49AB70-7443-4002-8599-FA8F7F38616B,13001,Arendonk,Antwerpen,arendonk 3,arendonk 3,10,flanders
5061,2025,0,larvae,23-05-2025_arendonk 3,3F49AB70-7443-4002-8599-FA8F7F38616B,13001,Arendonk,Antwerpen,arendonk 3,arendonk 3,10,flanders
5062,2025,1,adult,23-05-2025_bel 3,9D556E3D-7FCB-47FB-B5F4-40E66889C484,13025,Mol,Antwerpen,bel 3,bel 3,19,flanders
5063,2025,52,juvenile,23-05-2025_bel 3,9D556E3D-7FCB-47FB-B5F4-40E66889C484,13025,Mol,Antwerpen,bel 3,bel 3,19,flanders
5064,2025,240,larvae,23-05-2025_bel 3,9D556E3D-7FCB-47FB-B5F4-40E66889C484,13025,Mol,Antwerpen,bel 3,bel 3,19,flanders
5065,2025,0,adult,23-05-2025_scheps 39,E0BFF7E4-D0E2-44B4-A7FE-2DD211144B52,13003,Balen,Antwerpen,scheps 39,scheps 39,3,flanders
5066,2025,0,juvenile,23-05-2025_scheps 39,E0BFF7E4-D0E2-44B4-A7FE-2DD211144B52,13003,Balen,Antwerpen,scheps 39,scheps 39,3,flanders
5067,2025,150,larvae,23-05-2025_scheps 39,E0BFF7E4-D0E2-44B4-A7FE-2DD211144B52,13003,Balen,Antwerpen,scheps 39,scheps 39,3,flanders
5068,2025,1,adult,23-05-2025_scheps 41,89FF8F2D-DE88-49E0-95F6-D0EA5A15D42F,13003,Balen,Antwerpen,scheps 41,scheps 41,5,flanders
5069,2025,0,juvenile,23-05-2025_scheps 41,89FF8F2D-DE88-49E0-95F6-D0EA5A15D42F,13003,Balen,Antwerpen,scheps 41,scheps 41,5,flanders
5070,2025,395,larvae,23-05-2025_scheps 41,89FF8F2D-DE88-49E0-95F6-D0EA5A15D42F,13003,Balen,Antwerpen,scheps 41,scheps 41,5,flanders
5071,2025,1,adult,23-05-2025_scheps 42,323F5909-B7D0-4A77-AC74-D9EF1DFB812A,13003,Balen,Antwerpen,scheps 42,scheps 42,4,flanders
5072,2025,0,juvenile,23-05-2025_scheps 42,323F5909-B7D0-4A77-AC74-D9EF1DFB812A,13003,Balen,Antwerpen,scheps 42,scheps 42,4,flanders
5073,2025,85,larvae,23-05-2025_scheps 42,323F5909-B7D0-4A77-AC74-D9EF1DFB812A,13003,Balen,Antwerpen,scheps 42,scheps 42,4,flanders
5074,2015,0,adult,23-06-2015_bospoel,bf074168-c09d-40a9-b321-59ce253aa461,13014,Hoogstraten,Antwerpen,NA,NA,3,flanders
5075,2015,0,juvenile,23-06-2015_bospoel,bf074168-c09d-40a9-b321-59ce253aa461,13014,Hoogstraten,Antwerpen,NA,NA,3,flanders
5076,2015,9,larvae,23-06-2015_bospoel,bf074168-c09d-40a9-b321-59ce253aa461,13014,Hoogstraten,Antwerpen,NA,NA,3,flanders
5077,2020,0,adult,23-06-2020_arendonk 1,91a8e2bb-b682-4c53-b213-7494198b12ce,13001,Arendonk,Antwerpen,arendonk 1,arendonk 1,2,flanders
5078,2020,0,juvenile,23-06-2020_arendonk 1,91a8e2bb-b682-4c53-b213-7494198b12ce,13001,Arendonk,Antwerpen,arendonk 1,arendonk 1,2,flanders
5079,2020,0,larvae,23-06-2020_arendonk 1,91a8e2bb-b682-4c53-b213-7494198b12ce,13001,Arendonk,Antwerpen,arendonk 1,arendonk 1,2,flanders
5080,2020,0,adult,23-06-2020_arendonk 2,fbb3baeb-c846-444c-926e-02445e328b78,13001,Arendonk,Antwerpen,arendonk 2,arendonk 2,2,flanders
5081,2020,0,juvenile,23-06-2020_arendonk 2,fbb3baeb-c846-444c-926e-02445e328b78,13001,Arendonk,Antwerpen,arendonk 2,arendonk 2,2,flanders
5082,2020,0,larvae,23-06-2020_arendonk 2,fbb3baeb-c846-444c-926e-02445e328b78,13001,Arendonk,Antwerpen,arendonk 2,arendonk 2,2,flanders
5083,2020,0,adult,23-06-2020_arendonk 2b,6512a7da-95ea-46ef-a040-cc6b08da02be,13001,Arendonk,Antwerpen,arendonk 2b,arendonk 2b,1,flanders
5084,2020,0,juvenile,23-06-2020_arendonk 2b,6512a7da-95ea-46ef-a040-cc6b08da02be,13001,Arendonk,Antwerpen,arendonk 2b,arendonk 2b,1,flanders
5085,2020,0,larvae,23-06-2020_arendonk 2b,6512a7da-95ea-46ef-a040-cc6b08da02be,13001,Arendonk,Antwerpen,arendonk 2b,arendonk 2b,1,flanders
5086,2020,1,adult,23-06-2020_arendonk 3,3F49AB70-7443-4002-8599-FA8F7F38616B,13001,Arendonk,Antwerpen,arendonk 3,arendonk 3,2,flanders
5087,2020,0,juvenile,23-06-2020_arendonk 3,3F49AB70-7443-4002-8599-FA8F7F38616B,13001,Arendonk,Antwerpen,arendonk 3,arendonk 3,2,flanders
5088,2020,0,larvae,23-06-2020_arendonk 3,3F49AB70-7443-4002-8599-FA8F7F38616B,13001,Arendonk,Antwerpen,arendonk 3,arendonk 3,2,flanders
5089,2020,2,adult,23-06-2020_arendonk 4,a7a15699-ae79-44ec-9f82-08ee0158e31d,13001,Arendonk,Antwerpen,arendonk 4,arendonk 4,2,flanders
5090,2020,0,juvenile,23-06-2020_arendonk 4,a7a15699-ae79-44ec-9f82-08ee0158e31d,13001,Arendonk,Antwerpen,arendonk 4,arendonk 4,2,flanders
5091,2020,0,larvae,23-06-2020_arendonk 4,a7a15699-ae79-44ec-9f82-08ee0158e31d,13001,Arendonk,Antwerpen,arendonk 4,arendonk 4,2,flanders
5092,2020,0,adult,23-06-2020_arendonk-visput,565a4567-d1be-4176-8109-a1b0f0196304,13001,Arendonk,Antwerpen,arendonk-visput,arendonk-visput,2,flanders
5093,2020,0,juvenile,23-06-2020_arendonk-visput,565a4567-d1be-4176-8109-a1b0f0196304,13001,Arendonk,Antwerpen,arendonk-visput,arendonk-visput,2,flanders
5094,2020,0,larvae,23-06-2020_arendonk-visput,565a4567-d1be-4176-8109-a1b0f0196304,13001,Arendonk,Antwerpen,arendonk-visput,arendonk-visput,2,flanders
5095,2021,0,adult,23-06-2021_arendonk 2,fbb3baeb-c846-444c-926e-02445e328b78,13001,Arendonk,Antwerpen,arendonk 2,arendonk 2,10,flanders
5096,2021,0,juvenile,23-06-2021_arendonk 2,fbb3baeb-c846-444c-926e-02445e328b78,13001,Arendonk,Antwerpen,arendonk 2,arendonk 2,10,flanders
5097,2021,336,larvae,23-06-2021_arendonk 2,fbb3baeb-c846-444c-926e-02445e328b78,13001,Arendonk,Antwerpen,arendonk 2,arendonk 2,10,flanders
5098,2021,1,adult,23-06-2021_laakdal 43,80212004-2568-4EFB-B97B-75F8EC16F9C1,13053,Laakdal,Antwerpen,laakdal 43,laakdal 43,10,flanders
5099,2021,1,juvenile,23-06-2021_laakdal 43,80212004-2568-4EFB-B97B-75F8EC16F9C1,13053,Laakdal,Antwerpen,laakdal 43,laakdal 43,10,flanders
5100,2021,13,larvae,23-06-2021_laakdal 43,80212004-2568-4EFB-B97B-75F8EC16F9C1,13053,Laakdal,Antwerpen,laakdal 43,laakdal 43,10,flanders
5101,2021,0,adult,23-06-2021_laakdal 44,AB6092BB-144E-4FB1-BF40-A06F80F3085B,13053,Laakdal,Antwerpen,laakdal 44,laakdal 44,10,flanders
5102,2021,1,juvenile,23-06-2021_laakdal 44,AB6092BB-144E-4FB1-BF40-A06F80F3085B,13053,Laakdal,Antwerpen,laakdal 44,laakdal 44,10,flanders
5103,2021,30,larvae,23-06-2021_laakdal 44,AB6092BB-144E-4FB1-BF40-A06F80F3085B,13053,Laakdal,Antwerpen,laakdal 44,laakdal 44,10,flanders
5104,2021,0,adult,23-06-2021_nijlen l9,f5fae4b8-8b29-46d6-9d83-8dcf2a965cb8,12021,Lier,Antwerpen,nijlen l9,nijlen l9,8,flanders
5105,2021,0,juvenile,23-06-2021_nijlen l9,f5fae4b8-8b29-46d6-9d83-8dcf2a965cb8,12021,Lier,Antwerpen,nijlen l9,nijlen l9,8,flanders
5106,2021,0,larvae,23-06-2021_nijlen l9,f5fae4b8-8b29-46d6-9d83-8dcf2a965cb8,12021,Lier,Antwerpen,nijlen l9,nijlen l9,8,flanders
5107,2021,0,adult,23-06-2021_scheps 19b,a321d8fa-853f-4c3a-8c14-c1d649ea0e43,13003,Balen,Antwerpen,scheps 19b,scheps 19b,5,flanders
5108,2021,0,juvenile,23-06-2021_scheps 19b,a321d8fa-853f-4c3a-8c14-c1d649ea0e43,13003,Balen,Antwerpen,scheps 19b,scheps 19b,5,flanders
5109,2021,0,larvae,23-06-2021_scheps 19b,a321d8fa-853f-4c3a-8c14-c1d649ea0e43,13003,Balen,Antwerpen,scheps 19b,scheps 19b,5,flanders
5110,2021,0,adult,23-06-2021_scheps 25,860f4a06-105d-4001-af9d-2f9a58d3b7ba,13003,Balen,Antwerpen,scheps 25,scheps 25,10,flanders
5111,2021,0,juvenile,23-06-2021_scheps 25,860f4a06-105d-4001-af9d-2f9a58d3b7ba,13003,Balen,Antwerpen,scheps 25,scheps 25,10,flanders
5112,2021,0,larvae,23-06-2021_scheps 25,860f4a06-105d-4001-af9d-2f9a58d3b7ba,13003,Balen,Antwerpen,scheps 25,scheps 25,10,flanders
5113,2022,0,adult,23-06-2022_ham 3,70D69342-12FA-409F-92F3-4B07DB140073,71069,Ham,Limburg,ham 3,ham 3,6,flanders
5114,2022,0,juvenile,23-06-2022_ham 3,70D69342-12FA-409F-92F3-4B07DB140073,71069,Ham,Limburg,ham 3,ham 3,6,flanders
5115,2022,0,larvae,23-06-2022_ham 3,70D69342-12FA-409F-92F3-4B07DB140073,71069,Ham,Limburg,ham 3,ham 3,6,flanders
5116,2022,0,adult,23-06-2022_laakdal 13,f604d01b-df5a-4f99-97ba-5083868d2535,13053,Laakdal,Antwerpen,laakdal 13,laakdal 13,10,flanders
5117,2022,0,juvenile,23-06-2022_laakdal 13,f604d01b-df5a-4f99-97ba-5083868d2535,13053,Laakdal,Antwerpen,laakdal 13,laakdal 13,10,flanders
5118,2022,0,larvae,23-06-2022_laakdal 13,f604d01b-df5a-4f99-97ba-5083868d2535,13053,Laakdal,Antwerpen,laakdal 13,laakdal 13,10,flanders
5119,2022,7,adult,23-06-2022_laakdal 5,62abe301-066c-4fa9-a54d-14e8b8882923,13053,Laakdal,Antwerpen,laakdal 5,laakdal 5,19,flanders
5120,2022,1,juvenile,23-06-2022_laakdal 5,62abe301-066c-4fa9-a54d-14e8b8882923,13053,Laakdal,Antwerpen,laakdal 5,laakdal 5,19,flanders
5121,2022,923,larvae,23-06-2022_laakdal 5,62abe301-066c-4fa9-a54d-14e8b8882923,13053,Laakdal,Antwerpen,laakdal 5,laakdal 5,19,flanders
5122,2022,1,adult,23-06-2022_molse nete 23,025AB23B-DF57-46C0-84C4-D351208209B3,13003,Balen,Antwerpen,molse nete 23,molse nete 23,4,flanders
5123,2022,0,juvenile,23-06-2022_molse nete 23,025AB23B-DF57-46C0-84C4-D351208209B3,13003,Balen,Antwerpen,molse nete 23,molse nete 23,4,flanders
5124,2022,0,larvae,23-06-2022_molse nete 23,025AB23B-DF57-46C0-84C4-D351208209B3,13003,Balen,Antwerpen,molse nete 23,molse nete 23,4,flanders
5125,2022,0,adult,23-06-2022_molse nete 24,667B05B6-3402-42C6-9DA3-60DA57D7751A,13003,Balen,Antwerpen,molse nete 24,molse nete 24,3,flanders
5126,2022,5,juvenile,23-06-2022_molse nete 24,667B05B6-3402-42C6-9DA3-60DA57D7751A,13003,Balen,Antwerpen,molse nete 24,molse nete 24,3,flanders
5127,2022,0,larvae,23-06-2022_molse nete 24,667B05B6-3402-42C6-9DA3-60DA57D7751A,13003,Balen,Antwerpen,molse nete 24,molse nete 24,3,flanders
5128,2022,4,adult,23-06-2022_molse nete 25,CCB25757-251A-496E-BE76-0FCEBCCE248E,13003,Balen,Antwerpen,molse nete 25,molse nete 25,10,flanders
5129,2022,3,juvenile,23-06-2022_molse nete 25,CCB25757-251A-496E-BE76-0FCEBCCE248E,13003,Balen,Antwerpen,molse nete 25,molse nete 25,10,flanders
5130,2022,115,larvae,23-06-2022_molse nete 25,CCB25757-251A-496E-BE76-0FCEBCCE248E,13003,Balen,Antwerpen,molse nete 25,molse nete 25,10,flanders
5131,2023,0,adult,23-06-2023_laakdal 29,b5425787-f7c9-4bae-b5fd-80efc0b529d4,13053,Laakdal,Antwerpen,laakdal 29,laakdal 29,2,flanders
5132,2023,1,juvenile,23-06-2023_laakdal 29,b5425787-f7c9-4bae-b5fd-80efc0b529d4,13053,Laakdal,Antwerpen,laakdal 29,laakdal 29,2,flanders
5133,2023,0,larvae,23-06-2023_laakdal 29,b5425787-f7c9-4bae-b5fd-80efc0b529d4,13053,Laakdal,Antwerpen,laakdal 29,laakdal 29,2,flanders
5134,2023,0,adult,23-06-2023_laakdal 29b,111e5f0d-b25e-4ec8-aabf-0eeb6cd1d93b,13053,Laakdal,Antwerpen,laakdal 29b,laakdal 29b,4,flanders
5135,2023,0,juvenile,23-06-2023_laakdal 29b,111e5f0d-b25e-4ec8-aabf-0eeb6cd1d93b,13053,Laakdal,Antwerpen,laakdal 29b,laakdal 29b,4,flanders
5136,2023,0,larvae,23-06-2023_laakdal 29b,111e5f0d-b25e-4ec8-aabf-0eeb6cd1d93b,13053,Laakdal,Antwerpen,laakdal 29b,laakdal 29b,4,flanders
5137,2023,0,adult,23-06-2023_laakdal 32c,8dd8b062-2159-4ffb-bb54-2902bcaf4652,13053,Laakdal,Antwerpen,laakdal 32c,laakdal 32c,6,flanders
5138,2023,0,juvenile,23-06-2023_laakdal 32c,8dd8b062-2159-4ffb-bb54-2902bcaf4652,13053,Laakdal,Antwerpen,laakdal 32c,laakdal 32c,6,flanders
5139,2023,0,larvae,23-06-2023_laakdal 32c,8dd8b062-2159-4ffb-bb54-2902bcaf4652,13053,Laakdal,Antwerpen,laakdal 32c,laakdal 32c,6,flanders
5140,2023,0,adult,23-06-2023_laakdal 37,835E903F-A579-4355-8AB0-7D70249F0B89,13053,Laakdal,Antwerpen,laakdal 37,laakdal 37,10,flanders
5141,2023,0,juvenile,23-06-2023_laakdal 37,835E903F-A579-4355-8AB0-7D70249F0B89,13053,Laakdal,Antwerpen,laakdal 37,laakdal 37,10,flanders
5142,2023,25,larvae,23-06-2023_laakdal 37,835E903F-A579-4355-8AB0-7D70249F0B89,13053,Laakdal,Antwerpen,laakdal 37,laakdal 37,10,flanders
5143,2023,1,adult,23-06-2023_laakdal 39,E9E4CE1C-43A6-4817-96EB-873765AA5598,13053,Laakdal,Antwerpen,laakdal 39,laakdal 39,15,flanders
5144,2023,1,juvenile,23-06-2023_laakdal 39,E9E4CE1C-43A6-4817-96EB-873765AA5598,13053,Laakdal,Antwerpen,laakdal 39,laakdal 39,15,flanders
5145,2023,76,larvae,23-06-2023_laakdal 39,E9E4CE1C-43A6-4817-96EB-873765AA5598,13053,Laakdal,Antwerpen,laakdal 39,laakdal 39,15,flanders
5146,2023,0,adult,23-06-2023_laakdal 6,e02a0538-0a5c-4bf6-9af8-8bea79186857,13053,Laakdal,Antwerpen,laakdal 6,laakdal 6,3,flanders
5147,2023,2,juvenile,23-06-2023_laakdal 6,e02a0538-0a5c-4bf6-9af8-8bea79186857,13053,Laakdal,Antwerpen,laakdal 6,laakdal 6,3,flanders
5148,2023,0,larvae,23-06-2023_laakdal 6,e02a0538-0a5c-4bf6-9af8-8bea79186857,13053,Laakdal,Antwerpen,laakdal 6,laakdal 6,3,flanders
5149,2023,0,adult,23-06-2023_roost 38,B67850BE-C1FF-4995-9CF3-73B5E4F09B31,13053,Laakdal,Antwerpen,roost 38,roost 38,10,flanders
5150,2023,0,juvenile,23-06-2023_roost 38,B67850BE-C1FF-4995-9CF3-73B5E4F09B31,13053,Laakdal,Antwerpen,roost 38,roost 38,10,flanders
5151,2023,0,larvae,23-06-2023_roost 38,B67850BE-C1FF-4995-9CF3-73B5E4F09B31,13053,Laakdal,Antwerpen,roost 38,roost 38,10,flanders
5152,2013,0,adult,23-07-2013_arendonk 2,fbb3baeb-c846-444c-926e-02445e328b78,13001,Arendonk,Antwerpen,NA,NA,5,flanders
5153,2013,0,juvenile,23-07-2013_arendonk 2,fbb3baeb-c846-444c-926e-02445e328b78,13001,Arendonk,Antwerpen,NA,NA,5,flanders
5154,2013,189,larvae,23-07-2013_arendonk 2,fbb3baeb-c846-444c-926e-02445e328b78,13001,Arendonk,Antwerpen,NA,NA,5,flanders
5155,2014,0,adult,23-07-2014_arendonk 2,fbb3baeb-c846-444c-926e-02445e328b78,13001,Arendonk,Antwerpen,NA,NA,4,flanders
5156,2014,0,juvenile,23-07-2014_arendonk 2,fbb3baeb-c846-444c-926e-02445e328b78,13001,Arendonk,Antwerpen,NA,NA,4,flanders
5157,2014,381,larvae,23-07-2014_arendonk 2,fbb3baeb-c846-444c-926e-02445e328b78,13001,Arendonk,Antwerpen,NA,NA,4,flanders
5158,2014,0,adult,23-07-2014_driehoek,48fb261c-3f3a-4a95-9103-1e6822dae999,13014,Hoogstraten,Antwerpen,NA,NA,3,flanders
5159,2014,0,juvenile,23-07-2014_driehoek,48fb261c-3f3a-4a95-9103-1e6822dae999,13014,Hoogstraten,Antwerpen,NA,NA,3,flanders
5160,2014,60,larvae,23-07-2014_driehoek,48fb261c-3f3a-4a95-9103-1e6822dae999,13014,Hoogstraten,Antwerpen,NA,NA,3,flanders
5161,2014,0,adult,23-07-2014_kasterlee 3,fa5d281f-6266-4d4b-b6a7-cd44132e9b99,13017,Kasterlee,Antwerpen,NA,NA,4,flanders
5162,2014,2,juvenile,23-07-2014_kasterlee 3,fa5d281f-6266-4d4b-b6a7-cd44132e9b99,13017,Kasterlee,Antwerpen,NA,NA,4,flanders
5163,2014,101,larvae,23-07-2014_kasterlee 3,fa5d281f-6266-4d4b-b6a7-cd44132e9b99,13017,Kasterlee,Antwerpen,NA,NA,4,flanders
5164,2020,0,adult,23-07-2020_griesbroek 5,829b4e3e-8baf-4236-9896-1f8bb58e893c,13003,Balen,Antwerpen,griesbroek 5,griesbroek 5,3,flanders
5165,2020,220,juvenile,23-07-2020_griesbroek 5,829b4e3e-8baf-4236-9896-1f8bb58e893c,13003,Balen,Antwerpen,griesbroek 5,griesbroek 5,3,flanders
5166,2020,2146,larvae,23-07-2020_griesbroek 5,829b4e3e-8baf-4236-9896-1f8bb58e893c,13003,Balen,Antwerpen,griesbroek 5,griesbroek 5,3,flanders
5167,2021,0,adult,23-07-2021_laakdal 26,598e42bd-eadc-4594-b967-130cb4905c0c,13053,Laakdal,Antwerpen,laakdal 26,laakdal 26,4,flanders
5168,2021,0,juvenile,23-07-2021_laakdal 26,598e42bd-eadc-4594-b967-130cb4905c0c,13053,Laakdal,Antwerpen,laakdal 26,laakdal 26,4,flanders
5169,2021,0,larvae,23-07-2021_laakdal 26,598e42bd-eadc-4594-b967-130cb4905c0c,13053,Laakdal,Antwerpen,laakdal 26,laakdal 26,4,flanders
5170,2021,0,adult,23-07-2021_laakdal 26b,d7da64c9-cd55-484c-95bf-ee15fb3f570a,13053,Laakdal,Antwerpen,laakdal 26b,laakdal 26b,4,flanders
5171,2021,0,juvenile,23-07-2021_laakdal 26b,d7da64c9-cd55-484c-95bf-ee15fb3f570a,13053,Laakdal,Antwerpen,laakdal 26b,laakdal 26b,4,flanders
5172,2021,0,larvae,23-07-2021_laakdal 26b,d7da64c9-cd55-484c-95bf-ee15fb3f570a,13053,Laakdal,Antwerpen,laakdal 26b,laakdal 26b,4,flanders
5173,2021,1,adult,23-07-2021_molse nete 25,CCB25757-251A-496E-BE76-0FCEBCCE248E,13003,Balen,Antwerpen,molse nete 25,molse nete 25,10,flanders
5174,2021,6,juvenile,23-07-2021_molse nete 25,CCB25757-251A-496E-BE76-0FCEBCCE248E,13003,Balen,Antwerpen,molse nete 25,molse nete 25,10,flanders
5175,2021,250,larvae,23-07-2021_molse nete 25,CCB25757-251A-496E-BE76-0FCEBCCE248E,13003,Balen,Antwerpen,molse nete 25,molse nete 25,10,flanders
5176,2021,0,adult,23-07-2021_nijlen g2,a484323f-4a55-4cf1-affb-6b5870f769db,12021,Lier,Antwerpen,nijlen g2,nijlen g2,6,flanders
5177,2021,0,juvenile,23-07-2021_nijlen g2,a484323f-4a55-4cf1-affb-6b5870f769db,12021,Lier,Antwerpen,nijlen g2,nijlen g2,6,flanders
5178,2021,0,larvae,23-07-2021_nijlen g2,a484323f-4a55-4cf1-affb-6b5870f769db,12021,Lier,Antwerpen,nijlen g2,nijlen g2,6,flanders
5179,2024,0,adult,23-07-2024_laakdal 28,dee6de91-ec4a-4fe7-ad5b-f291ab15e737,13053,Laakdal,Antwerpen,laakdal 28,laakdal 28,10,flanders
5180,2024,0,juvenile,23-07-2024_laakdal 28,dee6de91-ec4a-4fe7-ad5b-f291ab15e737,13053,Laakdal,Antwerpen,laakdal 28,laakdal 28,10,flanders
5181,2024,0,larvae,23-07-2024_laakdal 28,dee6de91-ec4a-4fe7-ad5b-f291ab15e737,13053,Laakdal,Antwerpen,laakdal 28,laakdal 28,10,flanders
5182,2024,1,adult,23-07-2024_laakdal 29a,de83344d-e0f9-4f55-a1a8-78276efef1a7,13053,Laakdal,Antwerpen,laakdal 29a,laakdal 29a,3,flanders
5183,2024,1,juvenile,23-07-2024_laakdal 29a,de83344d-e0f9-4f55-a1a8-78276efef1a7,13053,Laakdal,Antwerpen,laakdal 29a,laakdal 29a,3,flanders
5184,2024,0,larvae,23-07-2024_laakdal 29a,de83344d-e0f9-4f55-a1a8-78276efef1a7,13053,Laakdal,Antwerpen,laakdal 29a,laakdal 29a,3,flanders
5185,2024,0,adult,23-07-2024_laakdal 30,b9f26eb5-535f-4adb-a08c-a03acbdd911d,13053,Laakdal,Antwerpen,laakdal 30,laakdal 30,3,flanders
5186,2024,0,juvenile,23-07-2024_laakdal 30,b9f26eb5-535f-4adb-a08c-a03acbdd911d,13053,Laakdal,Antwerpen,laakdal 30,laakdal 30,3,flanders
5187,2024,0,larvae,23-07-2024_laakdal 30,b9f26eb5-535f-4adb-a08c-a03acbdd911d,13053,Laakdal,Antwerpen,laakdal 30,laakdal 30,3,flanders
5188,2024,0,adult,23-07-2024_laakdal 30c,e8165c62-451a-4d96-882f-468098023cc4,13053,Laakdal,Antwerpen,laakdal 30c,laakdal 30c,3,flanders
5189,2024,0,juvenile,23-07-2024_laakdal 30c,e8165c62-451a-4d96-882f-468098023cc4,13053,Laakdal,Antwerpen,laakdal 30c,laakdal 30c,3,flanders
5190,2024,0,larvae,23-07-2024_laakdal 30c,e8165c62-451a-4d96-882f-468098023cc4,13053,Laakdal,Antwerpen,laakdal 30c,laakdal 30c,3,flanders
5191,2024,0,adult,23-07-2024_molse nete 25,CCB25757-251A-496E-BE76-0FCEBCCE248E,13003,Balen,Antwerpen,molse nete 25,molse nete 25,9,flanders
5192,2024,25,juvenile,23-07-2024_molse nete 25,CCB25757-251A-496E-BE76-0FCEBCCE248E,13003,Balen,Antwerpen,molse nete 25,molse nete 25,9,flanders
5193,2024,671,larvae,23-07-2024_molse nete 25,CCB25757-251A-496E-BE76-0FCEBCCE248E,13003,Balen,Antwerpen,molse nete 25,molse nete 25,9,flanders
5194,2024,0,adult,23-07-2024_molse nete 30,83A1CEBC-73DF-448E-ACFA-85D5E9051C1D,13003,Balen,Antwerpen,molse nete 30,molse nete 30,6,flanders
5195,2024,0,juvenile,23-07-2024_molse nete 30,83A1CEBC-73DF-448E-ACFA-85D5E9051C1D,13003,Balen,Antwerpen,molse nete 30,molse nete 30,6,flanders
5196,2024,0,larvae,23-07-2024_molse nete 30,83A1CEBC-73DF-448E-ACFA-85D5E9051C1D,13003,Balen,Antwerpen,molse nete 30,molse nete 30,6,flanders
5197,2024,3,adult,23-07-2024_molse nete 34,C9CD45C3-D4B7-43B3-A539-282D76046F45,13003,Balen,Antwerpen,molse nete 34,molse nete 34,5,flanders
5198,2024,0,juvenile,23-07-2024_molse nete 34,C9CD45C3-D4B7-43B3-A539-282D76046F45,13003,Balen,Antwerpen,molse nete 34,molse nete 34,5,flanders
5199,2024,570,larvae,23-07-2024_molse nete 34,C9CD45C3-D4B7-43B3-A539-282D76046F45,13003,Balen,Antwerpen,molse nete 34,molse nete 34,5,flanders
5200,2025,2,adult,23-07-2025_antgee 0223,E1FC241D-6C7B-47C7-8C5A-F3818113F7DD,13008,Geel,Antwerpen,antgee 0223,antgee 0223,2,flanders
5201,2025,44,juvenile,23-07-2025_antgee 0223,E1FC241D-6C7B-47C7-8C5A-F3818113F7DD,13008,Geel,Antwerpen,antgee 0223,antgee 0223,2,flanders
5202,2025,191,larvae,23-07-2025_antgee 0223,E1FC241D-6C7B-47C7-8C5A-F3818113F7DD,13008,Geel,Antwerpen,antgee 0223,antgee 0223,2,flanders
5203,2025,1,adult,23-07-2025_antgee 0537,AA6037B7-0ADB-4550-9D91-B7C5C5116D29,13008,Geel,Antwerpen,antgee 0537,antgee 0537,6,flanders
5204,2025,1,juvenile,23-07-2025_antgee 0537,AA6037B7-0ADB-4550-9D91-B7C5C5116D29,13008,Geel,Antwerpen,antgee 0537,antgee 0537,6,flanders
5205,2025,14,larvae,23-07-2025_antgee 0537,AA6037B7-0ADB-4550-9D91-B7C5C5116D29,13008,Geel,Antwerpen,antgee 0537,antgee 0537,6,flanders
5206,2025,4,adult,23-07-2025_antgee 0541,15C363BD-2F37-429D-B2F2-D8F0B9C8BBC5,13008,Geel,Antwerpen,antgee 0541,antgee 0541,6,flanders
5207,2025,11,juvenile,23-07-2025_antgee 0541,15C363BD-2F37-429D-B2F2-D8F0B9C8BBC5,13008,Geel,Antwerpen,antgee 0541,antgee 0541,6,flanders
5208,2025,401,larvae,23-07-2025_antgee 0541,15C363BD-2F37-429D-B2F2-D8F0B9C8BBC5,13008,Geel,Antwerpen,antgee 0541,antgee 0541,6,flanders
5209,2025,0,adult,23-07-2025_antgee 0993,F3602AC8-134A-479B-A76F-AE735DF5D6E1,13008,Geel,Antwerpen,antgee 0993,antgee 0993,3,flanders
5210,2025,1,juvenile,23-07-2025_antgee 0993,F3602AC8-134A-479B-A76F-AE735DF5D6E1,13008,Geel,Antwerpen,antgee 0993,antgee 0993,3,flanders
5211,2025,31,larvae,23-07-2025_antgee 0993,F3602AC8-134A-479B-A76F-AE735DF5D6E1,13008,Geel,Antwerpen,antgee 0993,antgee 0993,3,flanders
5212,2025,3,adult,23-07-2025_antgee 1023,ADA68F96-7C72-4FB6-922D-54D0778942C1,13008,Geel,Antwerpen,antgee 1023,antgee 1023,5,flanders
5213,2025,8,juvenile,23-07-2025_antgee 1023,ADA68F96-7C72-4FB6-922D-54D0778942C1,13008,Geel,Antwerpen,antgee 1023,antgee 1023,5,flanders
5214,2025,125,larvae,23-07-2025_antgee 1023,ADA68F96-7C72-4FB6-922D-54D0778942C1,13008,Geel,Antwerpen,antgee 1023,antgee 1023,5,flanders
5215,2011,0,adult,23-08-2011_arendonk 3,60e6e43e-6855-4917-a336-9ac46d087fad,13001,Arendonk,Antwerpen,NA,NA,6,flanders
5216,2011,8,juvenile,23-08-2011_arendonk 3,60e6e43e-6855-4917-a336-9ac46d087fad,13001,Arendonk,Antwerpen,NA,NA,6,flanders
5217,2011,61,larvae,23-08-2011_arendonk 3,60e6e43e-6855-4917-a336-9ac46d087fad,13001,Arendonk,Antwerpen,NA,NA,6,flanders
5218,2012,0,adult,23-08-2012_arendonk 2,fbb3baeb-c846-444c-926e-02445e328b78,13001,Arendonk,Antwerpen,NA,NA,6,flanders
5219,2012,0,juvenile,23-08-2012_arendonk 2,fbb3baeb-c846-444c-926e-02445e328b78,13001,Arendonk,Antwerpen,NA,NA,6,flanders
5220,2012,95,larvae,23-08-2012_arendonk 2,fbb3baeb-c846-444c-926e-02445e328b78,13001,Arendonk,Antwerpen,NA,NA,6,flanders
5221,2018,0,adult,23-08-2018_arendonk 2,fbb3baeb-c846-444c-926e-02445e328b78,13001,Arendonk,Antwerpen,NA,NA,1,flanders
5222,2018,1,juvenile,23-08-2018_arendonk 2,fbb3baeb-c846-444c-926e-02445e328b78,13001,Arendonk,Antwerpen,NA,NA,1,flanders
5223,2018,1296,larvae,23-08-2018_arendonk 2,fbb3baeb-c846-444c-926e-02445e328b78,13001,Arendonk,Antwerpen,NA,NA,1,flanders
5224,2019,4,adult,23-08-2019_scheps 20,03167d3d-4f00-42b8-b8be-fbe739205a3c,13003,Balen,Antwerpen,scheps 20,scheps 20,9,flanders
5225,2019,39,juvenile,23-08-2019_scheps 20,03167d3d-4f00-42b8-b8be-fbe739205a3c,13003,Balen,Antwerpen,scheps 20,scheps 20,9,flanders
5226,2019,11,larvae,23-08-2019_scheps 20,03167d3d-4f00-42b8-b8be-fbe739205a3c,13003,Balen,Antwerpen,scheps 20,scheps 20,9,flanders
5227,2019,0,adult,23-08-2019_scheps 6,3f097ed2-a6e2-4db8-ab6d-eb411d610792,13003,Balen,Antwerpen,scheps 6,scheps 6,2,flanders
5228,2019,0,juvenile,23-08-2019_scheps 6,3f097ed2-a6e2-4db8-ab6d-eb411d610792,13003,Balen,Antwerpen,scheps 6,scheps 6,2,flanders
5229,2019,20,larvae,23-08-2019_scheps 6,3f097ed2-a6e2-4db8-ab6d-eb411d610792,13003,Balen,Antwerpen,scheps 6,scheps 6,2,flanders
5230,2019,0,adult,23-08-2019_scheps 7,009d325e-8c76-4049-bc69-31f6163e254e,13003,Balen,Antwerpen,scheps 7,scheps 7,2,flanders
5231,2019,6,juvenile,23-08-2019_scheps 7,009d325e-8c76-4049-bc69-31f6163e254e,13003,Balen,Antwerpen,scheps 7,scheps 7,2,flanders
5232,2019,3,larvae,23-08-2019_scheps 7,009d325e-8c76-4049-bc69-31f6163e254e,13003,Balen,Antwerpen,scheps 7,scheps 7,2,flanders
5233,2023,0,adult,23-08-2023_arendonk 2,fbb3baeb-c846-444c-926e-02445e328b78,13001,Arendonk,Antwerpen,arendonk 2,arendonk 2,10,flanders
5234,2023,0,juvenile,23-08-2023_arendonk 2,fbb3baeb-c846-444c-926e-02445e328b78,13001,Arendonk,Antwerpen,arendonk 2,arendonk 2,10,flanders
5235,2023,1,larvae,23-08-2023_arendonk 2,fbb3baeb-c846-444c-926e-02445e328b78,13001,Arendonk,Antwerpen,arendonk 2,arendonk 2,10,flanders
5236,2023,2,adult,23-08-2023_westerlo pidpa 1,7C31CF7F-E64E-4AD4-9C7F-56AE53BC8DDA,13049,Westerlo,Antwerpen,westerlo pidpa 1,westerlo pidpa 1,8,flanders
5237,2023,14,juvenile,23-08-2023_westerlo pidpa 1,7C31CF7F-E64E-4AD4-9C7F-56AE53BC8DDA,13049,Westerlo,Antwerpen,westerlo pidpa 1,westerlo pidpa 1,8,flanders
5238,2023,277,larvae,23-08-2023_westerlo pidpa 1,7C31CF7F-E64E-4AD4-9C7F-56AE53BC8DDA,13049,Westerlo,Antwerpen,westerlo pidpa 1,westerlo pidpa 1,8,flanders
5239,2023,1,adult,23-08-2023_westerlo pidpa 2,A02C865C-B51E-4403-8C7F-CA23CD132BFE,13049,Westerlo,Antwerpen,westerlo pidpa 2,westerlo pidpa 2,8,flanders
5240,2023,25,juvenile,23-08-2023_westerlo pidpa 2,A02C865C-B51E-4403-8C7F-CA23CD132BFE,13049,Westerlo,Antwerpen,westerlo pidpa 2,westerlo pidpa 2,8,flanders
5241,2023,405,larvae,23-08-2023_westerlo pidpa 2,A02C865C-B51E-4403-8C7F-CA23CD132BFE,13049,Westerlo,Antwerpen,westerlo pidpa 2,westerlo pidpa 2,8,flanders
5242,2023,1,adult,23-08-2023_westerlo pidpa 3,2A0EB8B2-70D9-41D8-867E-7724BBBBB22F,13049,Westerlo,Antwerpen,westerlo pidpa 3,westerlo pidpa 3,5,flanders
5243,2023,7,juvenile,23-08-2023_westerlo pidpa 3,2A0EB8B2-70D9-41D8-867E-7724BBBBB22F,13049,Westerlo,Antwerpen,westerlo pidpa 3,westerlo pidpa 3,5,flanders
5244,2023,269,larvae,23-08-2023_westerlo pidpa 3,2A0EB8B2-70D9-41D8-867E-7724BBBBB22F,13049,Westerlo,Antwerpen,westerlo pidpa 3,westerlo pidpa 3,5,flanders
5245,2023,3,adult,23-08-2023_westerlo pidpa 4,97DBF7D8-3437-4AA1-B606-C07DDF6E0A04,13049,Westerlo,Antwerpen,westerlo pidpa 4,westerlo pidpa 4,6,flanders
5246,2023,1,juvenile,23-08-2023_westerlo pidpa 4,97DBF7D8-3437-4AA1-B606-C07DDF6E0A04,13049,Westerlo,Antwerpen,westerlo pidpa 4,westerlo pidpa 4,6,flanders
5247,2023,58,larvae,23-08-2023_westerlo pidpa 4,97DBF7D8-3437-4AA1-B606-C07DDF6E0A04,13049,Westerlo,Antwerpen,westerlo pidpa 4,westerlo pidpa 4,6,flanders
5248,2024,1,adult,23-08-2024_westerlo pidpa 3,2A0EB8B2-70D9-41D8-867E-7724BBBBB22F,13049,Westerlo,Antwerpen,westerlo pidpa 3,westerlo pidpa 3,7,flanders
5249,2024,84,juvenile,23-08-2024_westerlo pidpa 3,2A0EB8B2-70D9-41D8-867E-7724BBBBB22F,13049,Westerlo,Antwerpen,westerlo pidpa 3,westerlo pidpa 3,7,flanders
5250,2024,247,larvae,23-08-2024_westerlo pidpa 3,2A0EB8B2-70D9-41D8-867E-7724BBBBB22F,13049,Westerlo,Antwerpen,westerlo pidpa 3,westerlo pidpa 3,7,flanders
5251,2024,1,adult,23-08-2024_westerlo pidpa 4,97DBF7D8-3437-4AA1-B606-C07DDF6E0A04,13049,Westerlo,Antwerpen,westerlo pidpa 4,westerlo pidpa 4,8,flanders
5252,2024,23,juvenile,23-08-2024_westerlo pidpa 4,97DBF7D8-3437-4AA1-B606-C07DDF6E0A04,13049,Westerlo,Antwerpen,westerlo pidpa 4,westerlo pidpa 4,8,flanders
5253,2024,22,larvae,23-08-2024_westerlo pidpa 4,97DBF7D8-3437-4AA1-B606-C07DDF6E0A04,13049,Westerlo,Antwerpen,westerlo pidpa 4,westerlo pidpa 4,8,flanders
5254,2014,0,adult,23-09-2014_arendonk 2,fbb3baeb-c846-444c-926e-02445e328b78,13001,Arendonk,Antwerpen,NA,NA,10,flanders
5255,2014,0,juvenile,23-09-2014_arendonk 2,fbb3baeb-c846-444c-926e-02445e328b78,13001,Arendonk,Antwerpen,NA,NA,10,flanders
5256,2014,1176,larvae,23-09-2014_arendonk 2,fbb3baeb-c846-444c-926e-02445e328b78,13001,Arendonk,Antwerpen,NA,NA,10,flanders
5257,2016,0,adult,23-09-2016_arendonk 2,fbb3baeb-c846-444c-926e-02445e328b78,13001,Arendonk,Antwerpen,NA,NA,6,flanders
5258,2016,0,juvenile,23-09-2016_arendonk 2,fbb3baeb-c846-444c-926e-02445e328b78,13001,Arendonk,Antwerpen,NA,NA,6,flanders
5259,2016,5,larvae,23-09-2016_arendonk 2,fbb3baeb-c846-444c-926e-02445e328b78,13001,Arendonk,Antwerpen,NA,NA,6,flanders
5260,2018,2,adult,23-09-2018_scheps 1,99b57d68-38ec-4f35-8d21-edaa375cf288,13003,Balen,Antwerpen,NA,NA,6,flanders
5261,2018,3,juvenile,23-09-2018_scheps 1,99b57d68-38ec-4f35-8d21-edaa375cf288,13003,Balen,Antwerpen,NA,NA,6,flanders
5262,2018,388,larvae,23-09-2018_scheps 1,99b57d68-38ec-4f35-8d21-edaa375cf288,13003,Balen,Antwerpen,NA,NA,6,flanders
5263,2018,2,adult,23-09-2018_scheps 2,02b5890b-9ab4-49fa-9d47-4fd9f8d3c477,13003,Balen,Antwerpen,scheps 2,scheps 2,6,flanders
5264,2018,3,juvenile,23-09-2018_scheps 2,02b5890b-9ab4-49fa-9d47-4fd9f8d3c477,13003,Balen,Antwerpen,scheps 2,scheps 2,6,flanders
5265,2018,388,larvae,23-09-2018_scheps 2,02b5890b-9ab4-49fa-9d47-4fd9f8d3c477,13003,Balen,Antwerpen,scheps 2,scheps 2,6,flanders
5266,2018,1,adult,23-09-2018_scheps 20,03167d3d-4f00-42b8-b8be-fbe739205a3c,13003,Balen,Antwerpen,NA,NA,8,flanders
5267,2018,4,juvenile,23-09-2018_scheps 20,03167d3d-4f00-42b8-b8be-fbe739205a3c,13003,Balen,Antwerpen,NA,NA,8,flanders
5268,2018,822,larvae,23-09-2018_scheps 20,03167d3d-4f00-42b8-b8be-fbe739205a3c,13003,Balen,Antwerpen,NA,NA,8,flanders
5269,2020,0,adult,23-09-2020_arendonk 2,fbb3baeb-c846-444c-926e-02445e328b78,13001,Arendonk,Antwerpen,arendonk 2,arendonk 2,10,flanders
5270,2020,0,juvenile,23-09-2020_arendonk 2,fbb3baeb-c846-444c-926e-02445e328b78,13001,Arendonk,Antwerpen,arendonk 2,arendonk 2,10,flanders
5271,2020,1097,larvae,23-09-2020_arendonk 2,fbb3baeb-c846-444c-926e-02445e328b78,13001,Arendonk,Antwerpen,arendonk 2,arendonk 2,10,flanders
5272,2020,0,adult,23-09-2020_nijlen h1,e4967c07-aaa3-4aa5-9ba6-54322313066c,12021,Lier,Antwerpen,nijlen h1,nijlen h1,10,flanders
5273,2020,0,juvenile,23-09-2020_nijlen h1,e4967c07-aaa3-4aa5-9ba6-54322313066c,12021,Lier,Antwerpen,nijlen h1,nijlen h1,10,flanders
5274,2020,0,larvae,23-09-2020_nijlen h1,e4967c07-aaa3-4aa5-9ba6-54322313066c,12021,Lier,Antwerpen,nijlen h1,nijlen h1,10,flanders
5275,2022,0,adult,23-09-2022_bergebeek 1,A4760255-D2AE-4D89-BF0B-4E60ABC25410,12014,Heist-Op-Den-Berg,Antwerpen,bergebeek 1,bergebeek 1,3,flanders
5276,2022,2,juvenile,23-09-2022_bergebeek 1,A4760255-D2AE-4D89-BF0B-4E60ABC25410,12014,Heist-Op-Den-Berg,Antwerpen,bergebeek 1,bergebeek 1,3,flanders
5277,2022,5,larvae,23-09-2022_bergebeek 1,A4760255-D2AE-4D89-BF0B-4E60ABC25410,12014,Heist-Op-Den-Berg,Antwerpen,bergebeek 1,bergebeek 1,3,flanders
5278,2022,0,adult,23-09-2022_hallaar 2,4768A45A-E834-4347-93C9-F0CB9F9F36F1,12014,Heist-Op-Den-Berg,Antwerpen,hallaar 2,hallaar 2,2,flanders
5279,2022,0,juvenile,23-09-2022_hallaar 2,4768A45A-E834-4347-93C9-F0CB9F9F36F1,12014,Heist-Op-Den-Berg,Antwerpen,hallaar 2,hallaar 2,2,flanders
5280,2022,0,larvae,23-09-2022_hallaar 2,4768A45A-E834-4347-93C9-F0CB9F9F36F1,12014,Heist-Op-Den-Berg,Antwerpen,hallaar 2,hallaar 2,2,flanders
5281,2014,0,adult,24-04-2014_kasterlee 7,d47894eb-3a0b-4dc1-8804-627d397aa280,13017,Kasterlee,Antwerpen,NA,NA,4,flanders
5282,2014,0,juvenile,24-04-2014_kasterlee 7,d47894eb-3a0b-4dc1-8804-627d397aa280,13017,Kasterlee,Antwerpen,NA,NA,4,flanders
5283,2014,449,larvae,24-04-2014_kasterlee 7,d47894eb-3a0b-4dc1-8804-627d397aa280,13017,Kasterlee,Antwerpen,NA,NA,4,flanders
5284,2015,0,adult,24-04-2015_arendonk 2,fbb3baeb-c846-444c-926e-02445e328b78,13001,Arendonk,Antwerpen,NA,NA,4,flanders
5285,2015,0,juvenile,24-04-2015_arendonk 2,fbb3baeb-c846-444c-926e-02445e328b78,13001,Arendonk,Antwerpen,NA,NA,4,flanders
5286,2015,684,larvae,24-04-2015_arendonk 2,fbb3baeb-c846-444c-926e-02445e328b78,13001,Arendonk,Antwerpen,NA,NA,4,flanders
5287,2015,1,adult,24-04-2015_arendonk 3,60e6e43e-6855-4917-a336-9ac46d087fad,13001,Arendonk,Antwerpen,NA,NA,3,flanders
5288,2015,1,juvenile,24-04-2015_arendonk 3,60e6e43e-6855-4917-a336-9ac46d087fad,13001,Arendonk,Antwerpen,NA,NA,3,flanders
5289,2015,3,larvae,24-04-2015_arendonk 3,60e6e43e-6855-4917-a336-9ac46d087fad,13001,Arendonk,Antwerpen,NA,NA,3,flanders
5290,2015,0,adult,24-04-2015_bospoel,bf074168-c09d-40a9-b321-59ce253aa461,13014,Hoogstraten,Antwerpen,NA,NA,2,flanders
5291,2015,0,juvenile,24-04-2015_bospoel,bf074168-c09d-40a9-b321-59ce253aa461,13014,Hoogstraten,Antwerpen,NA,NA,2,flanders
5292,2015,20,larvae,24-04-2015_bospoel,bf074168-c09d-40a9-b321-59ce253aa461,13014,Hoogstraten,Antwerpen,NA,NA,2,flanders
5293,2018,0,adult,24-04-2018_arendonk 2,fbb3baeb-c846-444c-926e-02445e328b78,13001,Arendonk,Antwerpen,NA,NA,1,flanders
5294,2018,0,juvenile,24-04-2018_arendonk 2,fbb3baeb-c846-444c-926e-02445e328b78,13001,Arendonk,Antwerpen,NA,NA,1,flanders
5295,2018,252,larvae,24-04-2018_arendonk 2,fbb3baeb-c846-444c-926e-02445e328b78,13001,Arendonk,Antwerpen,NA,NA,1,flanders
5296,2020,0,adult,24-04-2020_arendonk 2,fbb3baeb-c846-444c-926e-02445e328b78,13001,Arendonk,Antwerpen,arendonk 2,arendonk 2,6,flanders
5297,2020,0,juvenile,24-04-2020_arendonk 2,fbb3baeb-c846-444c-926e-02445e328b78,13001,Arendonk,Antwerpen,arendonk 2,arendonk 2,6,flanders
5298,2020,0,larvae,24-04-2020_arendonk 2,fbb3baeb-c846-444c-926e-02445e328b78,13001,Arendonk,Antwerpen,arendonk 2,arendonk 2,6,flanders
5299,2020,0,adult,24-04-2020_arendonk 3,3F49AB70-7443-4002-8599-FA8F7F38616B,13001,Arendonk,Antwerpen,arendonk 3,arendonk 3,2,flanders
5300,2020,0,juvenile,24-04-2020_arendonk 3,3F49AB70-7443-4002-8599-FA8F7F38616B,13001,Arendonk,Antwerpen,arendonk 3,arendonk 3,2,flanders
5301,2020,0,larvae,24-04-2020_arendonk 3,3F49AB70-7443-4002-8599-FA8F7F38616B,13001,Arendonk,Antwerpen,arendonk 3,arendonk 3,2,flanders
5302,2012,2,adult,24-05-2012_arendonk 1,91a8e2bb-b682-4c53-b213-7494198b12ce,13001,Arendonk,Antwerpen,NA,NA,5,flanders
5303,2012,0,juvenile,24-05-2012_arendonk 1,91a8e2bb-b682-4c53-b213-7494198b12ce,13001,Arendonk,Antwerpen,NA,NA,5,flanders
5304,2012,2,larvae,24-05-2012_arendonk 1,91a8e2bb-b682-4c53-b213-7494198b12ce,13001,Arendonk,Antwerpen,NA,NA,5,flanders
5305,2012,2,adult,24-05-2012_arendonk 2,fbb3baeb-c846-444c-926e-02445e328b78,13001,Arendonk,Antwerpen,NA,NA,6,flanders
5306,2012,0,juvenile,24-05-2012_arendonk 2,fbb3baeb-c846-444c-926e-02445e328b78,13001,Arendonk,Antwerpen,NA,NA,6,flanders
5307,2012,0,larvae,24-05-2012_arendonk 2,fbb3baeb-c846-444c-926e-02445e328b78,13001,Arendonk,Antwerpen,NA,NA,6,flanders
5308,2013,0,adult,24-05-2013_arendonk 2,fbb3baeb-c846-444c-926e-02445e328b78,13001,Arendonk,Antwerpen,NA,NA,5,flanders
5309,2013,0,juvenile,24-05-2013_arendonk 2,fbb3baeb-c846-444c-926e-02445e328b78,13001,Arendonk,Antwerpen,NA,NA,5,flanders
5310,2013,800,larvae,24-05-2013_arendonk 2,fbb3baeb-c846-444c-926e-02445e328b78,13001,Arendonk,Antwerpen,NA,NA,5,flanders
5311,2013,1,adult,24-05-2013_driehoek,48fb261c-3f3a-4a95-9103-1e6822dae999,13014,Hoogstraten,Antwerpen,NA,NA,5,flanders
5312,2013,0,juvenile,24-05-2013_driehoek,48fb261c-3f3a-4a95-9103-1e6822dae999,13014,Hoogstraten,Antwerpen,NA,NA,5,flanders
5313,2013,12,larvae,24-05-2013_driehoek,48fb261c-3f3a-4a95-9103-1e6822dae999,13014,Hoogstraten,Antwerpen,NA,NA,5,flanders
5314,2019,4,adult,24-05-2019_nijlen b10,554e3c11-e529-4b0b-a162-714c72d3547e,12026,Nijlen,Antwerpen,nijlen b10,nijlen b10,3,flanders
5315,2019,2,juvenile,24-05-2019_nijlen b10,554e3c11-e529-4b0b-a162-714c72d3547e,12026,Nijlen,Antwerpen,nijlen b10,nijlen b10,3,flanders
5316,2019,107,larvae,24-05-2019_nijlen b10,554e3c11-e529-4b0b-a162-714c72d3547e,12026,Nijlen,Antwerpen,nijlen b10,nijlen b10,3,flanders
5317,2019,0,adult,24-05-2019_nijlen b3b,023e2cd6-493c-4e24-bbe1-e03c9afdb0a1,12026,Nijlen,Antwerpen,nijlen b3b,nijlen b3b,1,flanders
5318,2019,0,juvenile,24-05-2019_nijlen b3b,023e2cd6-493c-4e24-bbe1-e03c9afdb0a1,12026,Nijlen,Antwerpen,nijlen b3b,nijlen b3b,1,flanders
5319,2019,0,larvae,24-05-2019_nijlen b3b,023e2cd6-493c-4e24-bbe1-e03c9afdb0a1,12026,Nijlen,Antwerpen,nijlen b3b,nijlen b3b,1,flanders
5320,2019,0,adult,24-05-2019_nijlen b9,abd1f412-8e63-4eae-bf83-afa3f0d03b33,12026,Nijlen,Antwerpen,nijlen b9,nijlen b9,1,flanders
5321,2019,0,juvenile,24-05-2019_nijlen b9,abd1f412-8e63-4eae-bf83-afa3f0d03b33,12026,Nijlen,Antwerpen,nijlen b9,nijlen b9,1,flanders
5322,2019,4,larvae,24-05-2019_nijlen b9,abd1f412-8e63-4eae-bf83-afa3f0d03b33,12026,Nijlen,Antwerpen,nijlen b9,nijlen b9,1,flanders
5323,2019,0,adult,24-05-2019_nijlen d10,0be705e2-b667-487e-b412-0c9438b3e478,12021,Lier,Antwerpen,nijlen d10,nijlen d10,3,flanders
5324,2019,0,juvenile,24-05-2019_nijlen d10,0be705e2-b667-487e-b412-0c9438b3e478,12021,Lier,Antwerpen,nijlen d10,nijlen d10,3,flanders
5325,2019,21,larvae,24-05-2019_nijlen d10,0be705e2-b667-487e-b412-0c9438b3e478,12021,Lier,Antwerpen,nijlen d10,nijlen d10,3,flanders
5326,2019,0,adult,24-05-2019_nijlen d4,73af51b7-a410-48c1-8064-7ba81692696b,12021,Lier,Antwerpen,nijlen d4,nijlen d4,3,flanders
5327,2019,0,juvenile,24-05-2019_nijlen d4,73af51b7-a410-48c1-8064-7ba81692696b,12021,Lier,Antwerpen,nijlen d4,nijlen d4,3,flanders
5328,2019,0,larvae,24-05-2019_nijlen d4,73af51b7-a410-48c1-8064-7ba81692696b,12021,Lier,Antwerpen,nijlen d4,nijlen d4,3,flanders
5329,2022,13,adult,24-05-2022_griesbroek 6,03dc3f07-506f-4c71-bbcd-ad24c177cab5,13003,Balen,Antwerpen,griesbroek 6,griesbroek 6,20,flanders
5330,2022,4,juvenile,24-05-2022_griesbroek 6,03dc3f07-506f-4c71-bbcd-ad24c177cab5,13003,Balen,Antwerpen,griesbroek 6,griesbroek 6,20,flanders
5331,2022,1505,larvae,24-05-2022_griesbroek 6,03dc3f07-506f-4c71-bbcd-ad24c177cab5,13003,Balen,Antwerpen,griesbroek 6,griesbroek 6,20,flanders
5332,2022,1,adult,24-05-2022_ham 1,E7E0783B-191D-4BDA-B435-D49C9AE5E857,71069,Ham,Limburg,ham 1,ham 1,1,flanders
5333,2022,0,juvenile,24-05-2022_ham 1,E7E0783B-191D-4BDA-B435-D49C9AE5E857,71069,Ham,Limburg,ham 1,ham 1,1,flanders
5334,2022,0,larvae,24-05-2022_ham 1,E7E0783B-191D-4BDA-B435-D49C9AE5E857,71069,Ham,Limburg,ham 1,ham 1,1,flanders
5335,2022,0,adult,24-05-2022_nijlen b3b,023e2cd6-493c-4e24-bbe1-e03c9afdb0a1,12026,Nijlen,Antwerpen,nijlen b3b,nijlen b3b,6,flanders
5336,2022,0,juvenile,24-05-2022_nijlen b3b,023e2cd6-493c-4e24-bbe1-e03c9afdb0a1,12026,Nijlen,Antwerpen,nijlen b3b,nijlen b3b,6,flanders
5337,2022,0,larvae,24-05-2022_nijlen b3b,023e2cd6-493c-4e24-bbe1-e03c9afdb0a1,12026,Nijlen,Antwerpen,nijlen b3b,nijlen b3b,6,flanders
5338,2022,0,adult,24-05-2022_scheps 1,99b57d68-38ec-4f35-8d21-edaa375cf288,13003,Balen,Antwerpen,scheps 1,scheps 1,2,flanders
5339,2022,0,juvenile,24-05-2022_scheps 1,99b57d68-38ec-4f35-8d21-edaa375cf288,13003,Balen,Antwerpen,scheps 1,scheps 1,2,flanders
5340,2022,0,larvae,24-05-2022_scheps 1,99b57d68-38ec-4f35-8d21-edaa375cf288,13003,Balen,Antwerpen,scheps 1,scheps 1,2,flanders
5341,2022,3,adult,24-05-2022_scheps 20,03167d3d-4f00-42b8-b8be-fbe739205a3c,13003,Balen,Antwerpen,scheps 20,scheps 20,17,flanders
5342,2022,0,juvenile,24-05-2022_scheps 20,03167d3d-4f00-42b8-b8be-fbe739205a3c,13003,Balen,Antwerpen,scheps 20,scheps 20,17,flanders
5343,2022,7349,larvae,24-05-2022_scheps 20,03167d3d-4f00-42b8-b8be-fbe739205a3c,13003,Balen,Antwerpen,scheps 20,scheps 20,17,flanders
5344,2023,5,adult,24-05-2023_griesbroek 6,03dc3f07-506f-4c71-bbcd-ad24c177cab5,13003,Balen,Antwerpen,griesbroek 6,griesbroek 6,4,flanders
5345,2023,5,juvenile,24-05-2023_griesbroek 6,03dc3f07-506f-4c71-bbcd-ad24c177cab5,13003,Balen,Antwerpen,griesbroek 6,griesbroek 6,4,flanders
5346,2023,53,larvae,24-05-2023_griesbroek 6,03dc3f07-506f-4c71-bbcd-ad24c177cab5,13003,Balen,Antwerpen,griesbroek 6,griesbroek 6,4,flanders
5347,2023,0,adult,24-05-2023_laakdal 48,1980E2C4-7673-4ADF-BA6D-52B7508E79DB,13053,Laakdal,Antwerpen,laakdal 48,laakdal 48,2,flanders
5348,2023,0,juvenile,24-05-2023_laakdal 48,1980E2C4-7673-4ADF-BA6D-52B7508E79DB,13053,Laakdal,Antwerpen,laakdal 48,laakdal 48,2,flanders
5349,2023,2,larvae,24-05-2023_laakdal 48,1980E2C4-7673-4ADF-BA6D-52B7508E79DB,13053,Laakdal,Antwerpen,laakdal 48,laakdal 48,2,flanders
5350,2023,2,adult,24-05-2023_laakdal 5,62abe301-066c-4fa9-a54d-14e8b8882923,13053,Laakdal,Antwerpen,laakdal 5,laakdal 5,20,flanders
5351,2023,1,juvenile,24-05-2023_laakdal 5,62abe301-066c-4fa9-a54d-14e8b8882923,13053,Laakdal,Antwerpen,laakdal 5,laakdal 5,20,flanders
5352,2023,416,larvae,24-05-2023_laakdal 5,62abe301-066c-4fa9-a54d-14e8b8882923,13053,Laakdal,Antwerpen,laakdal 5,laakdal 5,20,flanders
5353,2023,1,adult,24-05-2023_meerhout 19,6A2EB05E-C933-4632-A071-88952615B54E,13021,Meerhout,Antwerpen,meerhout 19,meerhout 19,6,flanders
5354,2023,0,juvenile,24-05-2023_meerhout 19,6A2EB05E-C933-4632-A071-88952615B54E,13021,Meerhout,Antwerpen,meerhout 19,meerhout 19,6,flanders
5355,2023,15,larvae,24-05-2023_meerhout 19,6A2EB05E-C933-4632-A071-88952615B54E,13021,Meerhout,Antwerpen,meerhout 19,meerhout 19,6,flanders
5356,2023,0,adult,24-05-2023_scheps 20,03167d3d-4f00-42b8-b8be-fbe739205a3c,13003,Balen,Antwerpen,scheps 20,scheps 20,2,flanders
5357,2023,0,juvenile,24-05-2023_scheps 20,03167d3d-4f00-42b8-b8be-fbe739205a3c,13003,Balen,Antwerpen,scheps 20,scheps 20,2,flanders
5358,2023,116,larvae,24-05-2023_scheps 20,03167d3d-4f00-42b8-b8be-fbe739205a3c,13003,Balen,Antwerpen,scheps 20,scheps 20,2,flanders
5359,2024,9,adult,24-05-2024_griesbroek 6,03dc3f07-506f-4c71-bbcd-ad24c177cab5,13003,Balen,Antwerpen,griesbroek 6,griesbroek 6,23,flanders
5360,2024,3,juvenile,24-05-2024_griesbroek 6,03dc3f07-506f-4c71-bbcd-ad24c177cab5,13003,Balen,Antwerpen,griesbroek 6,griesbroek 6,23,flanders
5361,2024,42,larvae,24-05-2024_griesbroek 6,03dc3f07-506f-4c71-bbcd-ad24c177cab5,13003,Balen,Antwerpen,griesbroek 6,griesbroek 6,23,flanders
5362,2024,0,adult,24-05-2024_laakdal 41,3FF122FA-A234-4A59-B023-BF7A15813990,13053,Laakdal,Antwerpen,laakdal 41,laakdal 41,24,flanders
5363,2024,0,juvenile,24-05-2024_laakdal 41,3FF122FA-A234-4A59-B023-BF7A15813990,13053,Laakdal,Antwerpen,laakdal 41,laakdal 41,24,flanders
5364,2024,565,larvae,24-05-2024_laakdal 41,3FF122FA-A234-4A59-B023-BF7A15813990,13053,Laakdal,Antwerpen,laakdal 41,laakdal 41,24,flanders
5365,2010,3,adult,24-06-2010_driehoek,48fb261c-3f3a-4a95-9103-1e6822dae999,13014,Hoogstraten,Antwerpen,NA,NA,2,flanders
5366,2010,1,juvenile,24-06-2010_driehoek,48fb261c-3f3a-4a95-9103-1e6822dae999,13014,Hoogstraten,Antwerpen,NA,NA,2,flanders
5367,2010,278,larvae,24-06-2010_driehoek,48fb261c-3f3a-4a95-9103-1e6822dae999,13014,Hoogstraten,Antwerpen,NA,NA,2,flanders
5368,2011,0,adult,24-06-2011_driehoek,48fb261c-3f3a-4a95-9103-1e6822dae999,13014,Hoogstraten,Antwerpen,NA,NA,3,flanders
5369,2011,1,juvenile,24-06-2011_driehoek,48fb261c-3f3a-4a95-9103-1e6822dae999,13014,Hoogstraten,Antwerpen,NA,NA,3,flanders
5370,2011,4,larvae,24-06-2011_driehoek,48fb261c-3f3a-4a95-9103-1e6822dae999,13014,Hoogstraten,Antwerpen,NA,NA,3,flanders
5371,2015,0,adult,24-06-2015_arendonk 2,fbb3baeb-c846-444c-926e-02445e328b78,13001,Arendonk,Antwerpen,NA,NA,5,flanders
5372,2015,0,juvenile,24-06-2015_arendonk 2,fbb3baeb-c846-444c-926e-02445e328b78,13001,Arendonk,Antwerpen,NA,NA,5,flanders
5373,2015,915,larvae,24-06-2015_arendonk 2,fbb3baeb-c846-444c-926e-02445e328b78,13001,Arendonk,Antwerpen,NA,NA,5,flanders
5374,2015,0,adult,24-06-2015_bospoel,bf074168-c09d-40a9-b321-59ce253aa461,13014,Hoogstraten,Antwerpen,NA,NA,3,flanders
5375,2015,0,juvenile,24-06-2015_bospoel,bf074168-c09d-40a9-b321-59ce253aa461,13014,Hoogstraten,Antwerpen,NA,NA,3,flanders
5376,2015,9,larvae,24-06-2015_bospoel,bf074168-c09d-40a9-b321-59ce253aa461,13014,Hoogstraten,Antwerpen,NA,NA,3,flanders
5377,2020,0,adult,24-06-2020_nijlen g8,aeb8c3ff-e973-43d5-b03a-2e9bbd18b888,12021,Lier,Antwerpen,nijlen g8,nijlen g8,4,flanders
5378,2020,0,juvenile,24-06-2020_nijlen g8,aeb8c3ff-e973-43d5-b03a-2e9bbd18b888,12021,Lier,Antwerpen,nijlen g8,nijlen g8,4,flanders
5379,2020,0,larvae,24-06-2020_nijlen g8,aeb8c3ff-e973-43d5-b03a-2e9bbd18b888,12021,Lier,Antwerpen,nijlen g8,nijlen g8,4,flanders
5380,2020,0,adult,24-06-2020_nijlen l10,aff4c141-a84a-4013-bdd1-8890dae6b376,12021,Lier,Antwerpen,nijlen l10,nijlen l10,4,flanders
5381,2020,0,juvenile,24-06-2020_nijlen l10,aff4c141-a84a-4013-bdd1-8890dae6b376,12021,Lier,Antwerpen,nijlen l10,nijlen l10,4,flanders
5382,2020,0,larvae,24-06-2020_nijlen l10,aff4c141-a84a-4013-bdd1-8890dae6b376,12021,Lier,Antwerpen,nijlen l10,nijlen l10,4,flanders
5383,2021,0,adult,24-06-2021_arendonk 2,fbb3baeb-c846-444c-926e-02445e328b78,13001,Arendonk,Antwerpen,arendonk 2,arendonk 2,10,flanders
5384,2021,0,juvenile,24-06-2021_arendonk 2,fbb3baeb-c846-444c-926e-02445e328b78,13001,Arendonk,Antwerpen,arendonk 2,arendonk 2,10,flanders
5385,2021,100,larvae,24-06-2021_arendonk 2,fbb3baeb-c846-444c-926e-02445e328b78,13001,Arendonk,Antwerpen,arendonk 2,arendonk 2,10,flanders
5386,2021,0,adult,24-06-2021_laakdal 43,80212004-2568-4EFB-B97B-75F8EC16F9C1,13053,Laakdal,Antwerpen,laakdal 43,laakdal 43,10,flanders
5387,2021,1,juvenile,24-06-2021_laakdal 43,80212004-2568-4EFB-B97B-75F8EC16F9C1,13053,Laakdal,Antwerpen,laakdal 43,laakdal 43,10,flanders
5388,2021,10,larvae,24-06-2021_laakdal 43,80212004-2568-4EFB-B97B-75F8EC16F9C1,13053,Laakdal,Antwerpen,laakdal 43,laakdal 43,10,flanders
5389,2021,0,adult,24-06-2021_laakdal 44,AB6092BB-144E-4FB1-BF40-A06F80F3085B,13053,Laakdal,Antwerpen,laakdal 44,laakdal 44,10,flanders
5390,2021,0,juvenile,24-06-2021_laakdal 44,AB6092BB-144E-4FB1-BF40-A06F80F3085B,13053,Laakdal,Antwerpen,laakdal 44,laakdal 44,10,flanders
5391,2021,15,larvae,24-06-2021_laakdal 44,AB6092BB-144E-4FB1-BF40-A06F80F3085B,13053,Laakdal,Antwerpen,laakdal 44,laakdal 44,10,flanders
5392,2021,0,adult,24-06-2021_nijlen l9,f5fae4b8-8b29-46d6-9d83-8dcf2a965cb8,12021,Lier,Antwerpen,nijlen l9,nijlen l9,8,flanders
5393,2021,0,juvenile,24-06-2021_nijlen l9,f5fae4b8-8b29-46d6-9d83-8dcf2a965cb8,12021,Lier,Antwerpen,nijlen l9,nijlen l9,8,flanders
5394,2021,12,larvae,24-06-2021_nijlen l9,f5fae4b8-8b29-46d6-9d83-8dcf2a965cb8,12021,Lier,Antwerpen,nijlen l9,nijlen l9,8,flanders
5395,2021,0,adult,24-06-2021_scheps 19b,a321d8fa-853f-4c3a-8c14-c1d649ea0e43,13003,Balen,Antwerpen,scheps 19b,scheps 19b,5,flanders
5396,2021,0,juvenile,24-06-2021_scheps 19b,a321d8fa-853f-4c3a-8c14-c1d649ea0e43,13003,Balen,Antwerpen,scheps 19b,scheps 19b,5,flanders
5397,2021,0,larvae,24-06-2021_scheps 19b,a321d8fa-853f-4c3a-8c14-c1d649ea0e43,13003,Balen,Antwerpen,scheps 19b,scheps 19b,5,flanders
5398,2021,0,adult,24-06-2021_scheps 25,860f4a06-105d-4001-af9d-2f9a58d3b7ba,13003,Balen,Antwerpen,scheps 25,scheps 25,10,flanders
5399,2021,0,juvenile,24-06-2021_scheps 25,860f4a06-105d-4001-af9d-2f9a58d3b7ba,13003,Balen,Antwerpen,scheps 25,scheps 25,10,flanders
5400,2021,0,larvae,24-06-2021_scheps 25,860f4a06-105d-4001-af9d-2f9a58d3b7ba,13003,Balen,Antwerpen,scheps 25,scheps 25,10,flanders
5401,2022,0,adult,24-06-2022_ham 3,70D69342-12FA-409F-92F3-4B07DB140073,71069,Ham,Limburg,ham 3,ham 3,6,flanders
5402,2022,0,juvenile,24-06-2022_ham 3,70D69342-12FA-409F-92F3-4B07DB140073,71069,Ham,Limburg,ham 3,ham 3,6,flanders
5403,2022,0,larvae,24-06-2022_ham 3,70D69342-12FA-409F-92F3-4B07DB140073,71069,Ham,Limburg,ham 3,ham 3,6,flanders
5404,2022,0,adult,24-06-2022_laakdal 13,f604d01b-df5a-4f99-97ba-5083868d2535,13053,Laakdal,Antwerpen,laakdal 13,laakdal 13,10,flanders
5405,2022,0,juvenile,24-06-2022_laakdal 13,f604d01b-df5a-4f99-97ba-5083868d2535,13053,Laakdal,Antwerpen,laakdal 13,laakdal 13,10,flanders
5406,2022,0,larvae,24-06-2022_laakdal 13,f604d01b-df5a-4f99-97ba-5083868d2535,13053,Laakdal,Antwerpen,laakdal 13,laakdal 13,10,flanders
5407,2022,0,adult,24-06-2022_laakdal 39,E9E4CE1C-43A6-4817-96EB-873765AA5598,13053,Laakdal,Antwerpen,laakdal 39,laakdal 39,18,flanders
5408,2022,5,juvenile,24-06-2022_laakdal 39,E9E4CE1C-43A6-4817-96EB-873765AA5598,13053,Laakdal,Antwerpen,laakdal 39,laakdal 39,18,flanders
5409,2022,832,larvae,24-06-2022_laakdal 39,E9E4CE1C-43A6-4817-96EB-873765AA5598,13053,Laakdal,Antwerpen,laakdal 39,laakdal 39,18,flanders
5410,2022,0,adult,24-06-2022_laakdal 45,4BE6AB85-D78D-46E9-BDE1-3731C652F5BA,13053,Laakdal,Antwerpen,laakdal 45,laakdal 45,1,flanders
5411,2022,0,juvenile,24-06-2022_laakdal 45,4BE6AB85-D78D-46E9-BDE1-3731C652F5BA,13053,Laakdal,Antwerpen,laakdal 45,laakdal 45,1,flanders
5412,2022,0,larvae,24-06-2022_laakdal 45,4BE6AB85-D78D-46E9-BDE1-3731C652F5BA,13053,Laakdal,Antwerpen,laakdal 45,laakdal 45,1,flanders
5413,2022,1,adult,24-06-2022_laakdal 5,62abe301-066c-4fa9-a54d-14e8b8882923,13053,Laakdal,Antwerpen,laakdal 5,laakdal 5,2,flanders
5414,2022,1,juvenile,24-06-2022_laakdal 5,62abe301-066c-4fa9-a54d-14e8b8882923,13053,Laakdal,Antwerpen,laakdal 5,laakdal 5,2,flanders
5415,2022,244,larvae,24-06-2022_laakdal 5,62abe301-066c-4fa9-a54d-14e8b8882923,13053,Laakdal,Antwerpen,laakdal 5,laakdal 5,2,flanders
5416,2022,0,adult,24-06-2022_molse nete 23,025AB23B-DF57-46C0-84C4-D351208209B3,13003,Balen,Antwerpen,molse nete 23,molse nete 23,4,flanders
5417,2022,0,juvenile,24-06-2022_molse nete 23,025AB23B-DF57-46C0-84C4-D351208209B3,13003,Balen,Antwerpen,molse nete 23,molse nete 23,4,flanders
5418,2022,0,larvae,24-06-2022_molse nete 23,025AB23B-DF57-46C0-84C4-D351208209B3,13003,Balen,Antwerpen,molse nete 23,molse nete 23,4,flanders
5419,2022,1,adult,24-06-2022_molse nete 24,667B05B6-3402-42C6-9DA3-60DA57D7751A,13003,Balen,Antwerpen,molse nete 24,molse nete 24,3,flanders
5420,2022,1,juvenile,24-06-2022_molse nete 24,667B05B6-3402-42C6-9DA3-60DA57D7751A,13003,Balen,Antwerpen,molse nete 24,molse nete 24,3,flanders
5421,2022,0,larvae,24-06-2022_molse nete 24,667B05B6-3402-42C6-9DA3-60DA57D7751A,13003,Balen,Antwerpen,molse nete 24,molse nete 24,3,flanders
5422,2022,8,adult,24-06-2022_molse nete 25,CCB25757-251A-496E-BE76-0FCEBCCE248E,13003,Balen,Antwerpen,molse nete 25,molse nete 25,10,flanders
5423,2022,10,juvenile,24-06-2022_molse nete 25,CCB25757-251A-496E-BE76-0FCEBCCE248E,13003,Balen,Antwerpen,molse nete 25,molse nete 25,10,flanders
5424,2022,112,larvae,24-06-2022_molse nete 25,CCB25757-251A-496E-BE76-0FCEBCCE248E,13003,Balen,Antwerpen,molse nete 25,molse nete 25,10,flanders
5425,2025,1,adult,24-06-2025_scheps 39,E0BFF7E4-D0E2-44B4-A7FE-2DD211144B52,13003,Balen,Antwerpen,scheps 39,scheps 39,5,flanders
5426,2025,2,juvenile,24-06-2025_scheps 39,E0BFF7E4-D0E2-44B4-A7FE-2DD211144B52,13003,Balen,Antwerpen,scheps 39,scheps 39,5,flanders
5427,2025,40,larvae,24-06-2025_scheps 39,E0BFF7E4-D0E2-44B4-A7FE-2DD211144B52,13003,Balen,Antwerpen,scheps 39,scheps 39,5,flanders
5428,2025,0,adult,24-06-2025_scheps 41,89FF8F2D-DE88-49E0-95F6-D0EA5A15D42F,13003,Balen,Antwerpen,scheps 41,scheps 41,3,flanders
5429,2025,0,juvenile,24-06-2025_scheps 41,89FF8F2D-DE88-49E0-95F6-D0EA5A15D42F,13003,Balen,Antwerpen,scheps 41,scheps 41,3,flanders
5430,2025,79,larvae,24-06-2025_scheps 41,89FF8F2D-DE88-49E0-95F6-D0EA5A15D42F,13003,Balen,Antwerpen,scheps 41,scheps 41,3,flanders
5431,2025,2,adult,24-06-2025_scheps 42,323F5909-B7D0-4A77-AC74-D9EF1DFB812A,13003,Balen,Antwerpen,scheps 42,scheps 42,4,flanders
5432,2025,0,juvenile,24-06-2025_scheps 42,323F5909-B7D0-4A77-AC74-D9EF1DFB812A,13003,Balen,Antwerpen,scheps 42,scheps 42,4,flanders
5433,2025,76,larvae,24-06-2025_scheps 42,323F5909-B7D0-4A77-AC74-D9EF1DFB812A,13003,Balen,Antwerpen,scheps 42,scheps 42,4,flanders
5434,2025,0,adult,24-06-2025_westerlo pidpa 3,2A0EB8B2-70D9-41D8-867E-7724BBBBB22F,13049,Westerlo,Antwerpen,westerlo pidpa 3,westerlo pidpa 3,5,flanders
5435,2025,1,juvenile,24-06-2025_westerlo pidpa 3,2A0EB8B2-70D9-41D8-867E-7724BBBBB22F,13049,Westerlo,Antwerpen,westerlo pidpa 3,westerlo pidpa 3,5,flanders
5436,2025,1114,larvae,24-06-2025_westerlo pidpa 3,2A0EB8B2-70D9-41D8-867E-7724BBBBB22F,13049,Westerlo,Antwerpen,westerlo pidpa 3,westerlo pidpa 3,5,flanders
5437,2025,0,adult,24-06-2025_westerlo pidpa 4,97DBF7D8-3437-4AA1-B606-C07DDF6E0A04,13049,Westerlo,Antwerpen,westerlo pidpa 4,westerlo pidpa 4,5,flanders
5438,2025,1,juvenile,24-06-2025_westerlo pidpa 4,97DBF7D8-3437-4AA1-B606-C07DDF6E0A04,13049,Westerlo,Antwerpen,westerlo pidpa 4,westerlo pidpa 4,5,flanders
5439,2025,1,larvae,24-06-2025_westerlo pidpa 4,97DBF7D8-3437-4AA1-B606-C07DDF6E0A04,13049,Westerlo,Antwerpen,westerlo pidpa 4,westerlo pidpa 4,5,flanders
5440,2013,0,adult,24-07-2013_arendonk 2,fbb3baeb-c846-444c-926e-02445e328b78,13001,Arendonk,Antwerpen,NA,NA,5,flanders
5441,2013,0,juvenile,24-07-2013_arendonk 2,fbb3baeb-c846-444c-926e-02445e328b78,13001,Arendonk,Antwerpen,NA,NA,5,flanders
5442,2013,161,larvae,24-07-2013_arendonk 2,fbb3baeb-c846-444c-926e-02445e328b78,13001,Arendonk,Antwerpen,NA,NA,5,flanders
5443,2014,0,adult,24-07-2014_arendonk 2,fbb3baeb-c846-444c-926e-02445e328b78,13001,Arendonk,Antwerpen,NA,NA,4,flanders
5444,2014,0,juvenile,24-07-2014_arendonk 2,fbb3baeb-c846-444c-926e-02445e328b78,13001,Arendonk,Antwerpen,NA,NA,4,flanders
5445,2014,128,larvae,24-07-2014_arendonk 2,fbb3baeb-c846-444c-926e-02445e328b78,13001,Arendonk,Antwerpen,NA,NA,4,flanders
5446,2014,0,adult,24-07-2014_driehoek,48fb261c-3f3a-4a95-9103-1e6822dae999,13014,Hoogstraten,Antwerpen,NA,NA,3,flanders
5447,2014,0,juvenile,24-07-2014_driehoek,48fb261c-3f3a-4a95-9103-1e6822dae999,13014,Hoogstraten,Antwerpen,NA,NA,3,flanders
5448,2014,91,larvae,24-07-2014_driehoek,48fb261c-3f3a-4a95-9103-1e6822dae999,13014,Hoogstraten,Antwerpen,NA,NA,3,flanders
5449,2014,0,adult,24-07-2014_kasterlee 3,fa5d281f-6266-4d4b-b6a7-cd44132e9b99,13017,Kasterlee,Antwerpen,NA,NA,4,flanders
5450,2014,0,juvenile,24-07-2014_kasterlee 3,fa5d281f-6266-4d4b-b6a7-cd44132e9b99,13017,Kasterlee,Antwerpen,NA,NA,4,flanders
5451,2014,73,larvae,24-07-2014_kasterlee 3,fa5d281f-6266-4d4b-b6a7-cd44132e9b99,13017,Kasterlee,Antwerpen,NA,NA,4,flanders
5452,2018,0,adult,24-07-2018_arendonk 2,fbb3baeb-c846-444c-926e-02445e328b78,13001,Arendonk,Antwerpen,NA,NA,1,flanders
5453,2018,0,juvenile,24-07-2018_arendonk 2,fbb3baeb-c846-444c-926e-02445e328b78,13001,Arendonk,Antwerpen,NA,NA,1,flanders
5454,2018,3435,larvae,24-07-2018_arendonk 2,fbb3baeb-c846-444c-926e-02445e328b78,13001,Arendonk,Antwerpen,NA,NA,1,flanders
5455,2024,0,adult,24-07-2024_laakdal 28,dee6de91-ec4a-4fe7-ad5b-f291ab15e737,13053,Laakdal,Antwerpen,laakdal 28,laakdal 28,10,flanders
5456,2024,0,juvenile,24-07-2024_laakdal 28,dee6de91-ec4a-4fe7-ad5b-f291ab15e737,13053,Laakdal,Antwerpen,laakdal 28,laakdal 28,10,flanders
5457,2024,0,larvae,24-07-2024_laakdal 28,dee6de91-ec4a-4fe7-ad5b-f291ab15e737,13053,Laakdal,Antwerpen,laakdal 28,laakdal 28,10,flanders
5458,2024,0,adult,24-07-2024_laakdal 29a,de83344d-e0f9-4f55-a1a8-78276efef1a7,13053,Laakdal,Antwerpen,laakdal 29a,laakdal 29a,3,flanders
5459,2024,0,juvenile,24-07-2024_laakdal 29a,de83344d-e0f9-4f55-a1a8-78276efef1a7,13053,Laakdal,Antwerpen,laakdal 29a,laakdal 29a,3,flanders
5460,2024,0,larvae,24-07-2024_laakdal 29a,de83344d-e0f9-4f55-a1a8-78276efef1a7,13053,Laakdal,Antwerpen,laakdal 29a,laakdal 29a,3,flanders
5461,2024,0,adult,24-07-2024_laakdal 30,b9f26eb5-535f-4adb-a08c-a03acbdd911d,13053,Laakdal,Antwerpen,laakdal 30,laakdal 30,3,flanders
5462,2024,0,juvenile,24-07-2024_laakdal 30,b9f26eb5-535f-4adb-a08c-a03acbdd911d,13053,Laakdal,Antwerpen,laakdal 30,laakdal 30,3,flanders
5463,2024,0,larvae,24-07-2024_laakdal 30,b9f26eb5-535f-4adb-a08c-a03acbdd911d,13053,Laakdal,Antwerpen,laakdal 30,laakdal 30,3,flanders
5464,2024,0,adult,24-07-2024_laakdal 30c,e8165c62-451a-4d96-882f-468098023cc4,13053,Laakdal,Antwerpen,laakdal 30c,laakdal 30c,2,flanders
5465,2024,0,juvenile,24-07-2024_laakdal 30c,e8165c62-451a-4d96-882f-468098023cc4,13053,Laakdal,Antwerpen,laakdal 30c,laakdal 30c,2,flanders
5466,2024,0,larvae,24-07-2024_laakdal 30c,e8165c62-451a-4d96-882f-468098023cc4,13053,Laakdal,Antwerpen,laakdal 30c,laakdal 30c,2,flanders
5467,2024,0,adult,24-07-2024_molse nete 25,CCB25757-251A-496E-BE76-0FCEBCCE248E,13003,Balen,Antwerpen,molse nete 25,molse nete 25,9,flanders
5468,2024,4,juvenile,24-07-2024_molse nete 25,CCB25757-251A-496E-BE76-0FCEBCCE248E,13003,Balen,Antwerpen,molse nete 25,molse nete 25,9,flanders
5469,2024,171,larvae,24-07-2024_molse nete 25,CCB25757-251A-496E-BE76-0FCEBCCE248E,13003,Balen,Antwerpen,molse nete 25,molse nete 25,9,flanders
5470,2024,1,adult,24-07-2024_molse nete 30,83A1CEBC-73DF-448E-ACFA-85D5E9051C1D,13003,Balen,Antwerpen,molse nete 30,molse nete 30,6,flanders
5471,2024,0,juvenile,24-07-2024_molse nete 30,83A1CEBC-73DF-448E-ACFA-85D5E9051C1D,13003,Balen,Antwerpen,molse nete 30,molse nete 30,6,flanders
5472,2024,0,larvae,24-07-2024_molse nete 30,83A1CEBC-73DF-448E-ACFA-85D5E9051C1D,13003,Balen,Antwerpen,molse nete 30,molse nete 30,6,flanders
5473,2024,1,adult,24-07-2024_molse nete 34,C9CD45C3-D4B7-43B3-A539-282D76046F45,13003,Balen,Antwerpen,molse nete 34,molse nete 34,5,flanders
5474,2024,1,juvenile,24-07-2024_molse nete 34,C9CD45C3-D4B7-43B3-A539-282D76046F45,13003,Balen,Antwerpen,molse nete 34,molse nete 34,5,flanders
5475,2024,435,larvae,24-07-2024_molse nete 34,C9CD45C3-D4B7-43B3-A539-282D76046F45,13003,Balen,Antwerpen,molse nete 34,molse nete 34,5,flanders
5476,2025,0,adult,24-07-2025_antgee 0537,AA6037B7-0ADB-4550-9D91-B7C5C5116D29,13008,Geel,Antwerpen,antgee 0537,antgee 0537,6,flanders
5477,2025,1,juvenile,24-07-2025_antgee 0537,AA6037B7-0ADB-4550-9D91-B7C5C5116D29,13008,Geel,Antwerpen,antgee 0537,antgee 0537,6,flanders
5478,2025,1,larvae,24-07-2025_antgee 0537,AA6037B7-0ADB-4550-9D91-B7C5C5116D29,13008,Geel,Antwerpen,antgee 0537,antgee 0537,6,flanders
5479,2025,6,adult,24-07-2025_antgee 0541,15C363BD-2F37-429D-B2F2-D8F0B9C8BBC5,13008,Geel,Antwerpen,antgee 0541,antgee 0541,5,flanders
5480,2025,12,juvenile,24-07-2025_antgee 0541,15C363BD-2F37-429D-B2F2-D8F0B9C8BBC5,13008,Geel,Antwerpen,antgee 0541,antgee 0541,5,flanders
5481,2025,353,larvae,24-07-2025_antgee 0541,15C363BD-2F37-429D-B2F2-D8F0B9C8BBC5,13008,Geel,Antwerpen,antgee 0541,antgee 0541,5,flanders
5482,2025,0,adult,24-07-2025_antgee 0993,F3602AC8-134A-479B-A76F-AE735DF5D6E1,13008,Geel,Antwerpen,antgee 0993,antgee 0993,3,flanders
5483,2025,0,juvenile,24-07-2025_antgee 0993,F3602AC8-134A-479B-A76F-AE735DF5D6E1,13008,Geel,Antwerpen,antgee 0993,antgee 0993,3,flanders
5484,2025,50,larvae,24-07-2025_antgee 0993,F3602AC8-134A-479B-A76F-AE735DF5D6E1,13008,Geel,Antwerpen,antgee 0993,antgee 0993,3,flanders
5485,2025,0,adult,24-07-2025_antgee 1023,ADA68F96-7C72-4FB6-922D-54D0778942C1,13008,Geel,Antwerpen,antgee 1023,antgee 1023,5,flanders
5486,2025,12,juvenile,24-07-2025_antgee 1023,ADA68F96-7C72-4FB6-922D-54D0778942C1,13008,Geel,Antwerpen,antgee 1023,antgee 1023,5,flanders
5487,2025,89,larvae,24-07-2025_antgee 1023,ADA68F96-7C72-4FB6-922D-54D0778942C1,13008,Geel,Antwerpen,antgee 1023,antgee 1023,5,flanders
5488,2010,0,adult,24-08-2010_bospoel,bf074168-c09d-40a9-b321-59ce253aa461,13014,Hoogstraten,Antwerpen,NA,NA,4,flanders
5489,2010,6,juvenile,24-08-2010_bospoel,bf074168-c09d-40a9-b321-59ce253aa461,13014,Hoogstraten,Antwerpen,NA,NA,4,flanders
5490,2010,118,larvae,24-08-2010_bospoel,bf074168-c09d-40a9-b321-59ce253aa461,13014,Hoogstraten,Antwerpen,NA,NA,4,flanders
5491,2011,0,adult,24-08-2011_arendonk 3,60e6e43e-6855-4917-a336-9ac46d087fad,13001,Arendonk,Antwerpen,NA,NA,6,flanders
5492,2011,6,juvenile,24-08-2011_arendonk 3,60e6e43e-6855-4917-a336-9ac46d087fad,13001,Arendonk,Antwerpen,NA,NA,6,flanders
5493,2011,27,larvae,24-08-2011_arendonk 3,60e6e43e-6855-4917-a336-9ac46d087fad,13001,Arendonk,Antwerpen,NA,NA,6,flanders
5494,2012,0,adult,24-08-2012_arendonk 2,fbb3baeb-c846-444c-926e-02445e328b78,13001,Arendonk,Antwerpen,NA,NA,6,flanders
5495,2012,0,juvenile,24-08-2012_arendonk 2,fbb3baeb-c846-444c-926e-02445e328b78,13001,Arendonk,Antwerpen,NA,NA,6,flanders
5496,2012,131,larvae,24-08-2012_arendonk 2,fbb3baeb-c846-444c-926e-02445e328b78,13001,Arendonk,Antwerpen,NA,NA,6,flanders
5497,2018,0,adult,24-08-2018_arendonk 2,fbb3baeb-c846-444c-926e-02445e328b78,13001,Arendonk,Antwerpen,NA,NA,1,flanders
5498,2018,0,juvenile,24-08-2018_arendonk 2,fbb3baeb-c846-444c-926e-02445e328b78,13001,Arendonk,Antwerpen,NA,NA,1,flanders
5499,2018,571,larvae,24-08-2018_arendonk 2,fbb3baeb-c846-444c-926e-02445e328b78,13001,Arendonk,Antwerpen,NA,NA,1,flanders
5500,2019,1,adult,24-08-2019_scheps 20,03167d3d-4f00-42b8-b8be-fbe739205a3c,13003,Balen,Antwerpen,scheps 20,scheps 20,9,flanders
5501,2019,37,juvenile,24-08-2019_scheps 20,03167d3d-4f00-42b8-b8be-fbe739205a3c,13003,Balen,Antwerpen,scheps 20,scheps 20,9,flanders
5502,2019,12,larvae,24-08-2019_scheps 20,03167d3d-4f00-42b8-b8be-fbe739205a3c,13003,Balen,Antwerpen,scheps 20,scheps 20,9,flanders
5503,2021,0,adult,24-08-2021_herselt 8,3D6D580A-AB46-401F-8ABF-43001E535D3F,13013,Herselt,Antwerpen,herselt 8,herselt 8,10,flanders
5504,2021,0,juvenile,24-08-2021_herselt 8,3D6D580A-AB46-401F-8ABF-43001E535D3F,13013,Herselt,Antwerpen,herselt 8,herselt 8,10,flanders
5505,2021,244,larvae,24-08-2021_herselt 8,3D6D580A-AB46-401F-8ABF-43001E535D3F,13013,Herselt,Antwerpen,herselt 8,herselt 8,10,flanders
5506,2023,0,adult,24-08-2023_arendonk 2,fbb3baeb-c846-444c-926e-02445e328b78,13001,Arendonk,Antwerpen,arendonk 2,arendonk 2,10,flanders
5507,2023,0,juvenile,24-08-2023_arendonk 2,fbb3baeb-c846-444c-926e-02445e328b78,13001,Arendonk,Antwerpen,arendonk 2,arendonk 2,10,flanders
5508,2023,3,larvae,24-08-2023_arendonk 2,fbb3baeb-c846-444c-926e-02445e328b78,13001,Arendonk,Antwerpen,arendonk 2,arendonk 2,10,flanders
5509,2023,0,adult,24-08-2023_westerlo pidpa 1,7C31CF7F-E64E-4AD4-9C7F-56AE53BC8DDA,13049,Westerlo,Antwerpen,westerlo pidpa 1,westerlo pidpa 1,5,flanders
5510,2023,6,juvenile,24-08-2023_westerlo pidpa 1,7C31CF7F-E64E-4AD4-9C7F-56AE53BC8DDA,13049,Westerlo,Antwerpen,westerlo pidpa 1,westerlo pidpa 1,5,flanders
5511,2023,171,larvae,24-08-2023_westerlo pidpa 1,7C31CF7F-E64E-4AD4-9C7F-56AE53BC8DDA,13049,Westerlo,Antwerpen,westerlo pidpa 1,westerlo pidpa 1,5,flanders
5512,2023,0,adult,24-08-2023_westerlo pidpa 2,A02C865C-B51E-4403-8C7F-CA23CD132BFE,13049,Westerlo,Antwerpen,westerlo pidpa 2,westerlo pidpa 2,13,flanders
5513,2023,37,juvenile,24-08-2023_westerlo pidpa 2,A02C865C-B51E-4403-8C7F-CA23CD132BFE,13049,Westerlo,Antwerpen,westerlo pidpa 2,westerlo pidpa 2,13,flanders
5514,2023,1659,larvae,24-08-2023_westerlo pidpa 2,A02C865C-B51E-4403-8C7F-CA23CD132BFE,13049,Westerlo,Antwerpen,westerlo pidpa 2,westerlo pidpa 2,13,flanders
5515,2023,2,adult,24-08-2023_westerlo pidpa 3,2A0EB8B2-70D9-41D8-867E-7724BBBBB22F,13049,Westerlo,Antwerpen,westerlo pidpa 3,westerlo pidpa 3,6,flanders
5516,2023,21,juvenile,24-08-2023_westerlo pidpa 3,2A0EB8B2-70D9-41D8-867E-7724BBBBB22F,13049,Westerlo,Antwerpen,westerlo pidpa 3,westerlo pidpa 3,6,flanders
5517,2023,432,larvae,24-08-2023_westerlo pidpa 3,2A0EB8B2-70D9-41D8-867E-7724BBBBB22F,13049,Westerlo,Antwerpen,westerlo pidpa 3,westerlo pidpa 3,6,flanders
5518,2023,0,adult,24-08-2023_westerlo pidpa 4,97DBF7D8-3437-4AA1-B606-C07DDF6E0A04,13049,Westerlo,Antwerpen,westerlo pidpa 4,westerlo pidpa 4,7,flanders
5519,2023,8,juvenile,24-08-2023_westerlo pidpa 4,97DBF7D8-3437-4AA1-B606-C07DDF6E0A04,13049,Westerlo,Antwerpen,westerlo pidpa 4,westerlo pidpa 4,7,flanders
5520,2023,35,larvae,24-08-2023_westerlo pidpa 4,97DBF7D8-3437-4AA1-B606-C07DDF6E0A04,13049,Westerlo,Antwerpen,westerlo pidpa 4,westerlo pidpa 4,7,flanders
5521,2014,1,adult,24-09-2014_arendonk 2,fbb3baeb-c846-444c-926e-02445e328b78,13001,Arendonk,Antwerpen,NA,NA,10,flanders
5522,2014,0,juvenile,24-09-2014_arendonk 2,fbb3baeb-c846-444c-926e-02445e328b78,13001,Arendonk,Antwerpen,NA,NA,10,flanders
5523,2014,866,larvae,24-09-2014_arendonk 2,fbb3baeb-c846-444c-926e-02445e328b78,13001,Arendonk,Antwerpen,NA,NA,10,flanders
5524,2020,0,adult,24-09-2020_arendonk 2,fbb3baeb-c846-444c-926e-02445e328b78,13001,Arendonk,Antwerpen,arendonk 2,arendonk 2,10,flanders
5525,2020,0,juvenile,24-09-2020_arendonk 2,fbb3baeb-c846-444c-926e-02445e328b78,13001,Arendonk,Antwerpen,arendonk 2,arendonk 2,10,flanders
5526,2020,1042,larvae,24-09-2020_arendonk 2,fbb3baeb-c846-444c-926e-02445e328b78,13001,Arendonk,Antwerpen,arendonk 2,arendonk 2,10,flanders
5527,2020,0,adult,24-09-2020_nijlen h1,e4967c07-aaa3-4aa5-9ba6-54322313066c,12021,Lier,Antwerpen,nijlen h1,nijlen h1,10,flanders
5528,2020,0,juvenile,24-09-2020_nijlen h1,e4967c07-aaa3-4aa5-9ba6-54322313066c,12021,Lier,Antwerpen,nijlen h1,nijlen h1,10,flanders
5529,2020,0,larvae,24-09-2020_nijlen h1,e4967c07-aaa3-4aa5-9ba6-54322313066c,12021,Lier,Antwerpen,nijlen h1,nijlen h1,10,flanders
5530,2014,0,adult,25-04-2014_kasterlee 7,d47894eb-3a0b-4dc1-8804-627d397aa280,13017,Kasterlee,Antwerpen,NA,NA,4,flanders
5531,2014,0,juvenile,25-04-2014_kasterlee 7,d47894eb-3a0b-4dc1-8804-627d397aa280,13017,Kasterlee,Antwerpen,NA,NA,4,flanders
5532,2014,343,larvae,25-04-2014_kasterlee 7,d47894eb-3a0b-4dc1-8804-627d397aa280,13017,Kasterlee,Antwerpen,NA,NA,4,flanders
5533,2012,0,adult,25-05-2012_arendonk 1,91a8e2bb-b682-4c53-b213-7494198b12ce,13001,Arendonk,Antwerpen,NA,NA,2,flanders
5534,2012,0,juvenile,25-05-2012_arendonk 1,91a8e2bb-b682-4c53-b213-7494198b12ce,13001,Arendonk,Antwerpen,NA,NA,2,flanders
5535,2012,2,larvae,25-05-2012_arendonk 1,91a8e2bb-b682-4c53-b213-7494198b12ce,13001,Arendonk,Antwerpen,NA,NA,2,flanders
5536,2021,6,adult,25-05-2021_griesbroek 6,03dc3f07-506f-4c71-bbcd-ad24c177cab5,13003,Balen,Antwerpen,griesbroek 6,griesbroek 6,8,flanders
5537,2021,1,juvenile,25-05-2021_griesbroek 6,03dc3f07-506f-4c71-bbcd-ad24c177cab5,13003,Balen,Antwerpen,griesbroek 6,griesbroek 6,8,flanders
5538,2021,319,larvae,25-05-2021_griesbroek 6,03dc3f07-506f-4c71-bbcd-ad24c177cab5,13003,Balen,Antwerpen,griesbroek 6,griesbroek 6,8,flanders
5539,2022,8,adult,25-05-2022_griesbroek 6,03dc3f07-506f-4c71-bbcd-ad24c177cab5,13003,Balen,Antwerpen,griesbroek 6,griesbroek 6,21,flanders
5540,2022,0,juvenile,25-05-2022_griesbroek 6,03dc3f07-506f-4c71-bbcd-ad24c177cab5,13003,Balen,Antwerpen,griesbroek 6,griesbroek 6,21,flanders
5541,2022,744,larvae,25-05-2022_griesbroek 6,03dc3f07-506f-4c71-bbcd-ad24c177cab5,13003,Balen,Antwerpen,griesbroek 6,griesbroek 6,21,flanders
5542,2022,0,adult,25-05-2022_ham 1,E7E0783B-191D-4BDA-B435-D49C9AE5E857,71069,Ham,Limburg,ham 1,ham 1,1,flanders
5543,2022,0,juvenile,25-05-2022_ham 1,E7E0783B-191D-4BDA-B435-D49C9AE5E857,71069,Ham,Limburg,ham 1,ham 1,1,flanders
5544,2022,0,larvae,25-05-2022_ham 1,E7E0783B-191D-4BDA-B435-D49C9AE5E857,71069,Ham,Limburg,ham 1,ham 1,1,flanders
5545,2022,0,adult,25-05-2022_nijlen b3b,023e2cd6-493c-4e24-bbe1-e03c9afdb0a1,12026,Nijlen,Antwerpen,nijlen b3b,nijlen b3b,6,flanders
5546,2022,0,juvenile,25-05-2022_nijlen b3b,023e2cd6-493c-4e24-bbe1-e03c9afdb0a1,12026,Nijlen,Antwerpen,nijlen b3b,nijlen b3b,6,flanders
5547,2022,0,larvae,25-05-2022_nijlen b3b,023e2cd6-493c-4e24-bbe1-e03c9afdb0a1,12026,Nijlen,Antwerpen,nijlen b3b,nijlen b3b,6,flanders
5548,2022,0,adult,25-05-2022_scheps 1,99b57d68-38ec-4f35-8d21-edaa375cf288,13003,Balen,Antwerpen,scheps 1,scheps 1,2,flanders
5549,2022,4,juvenile,25-05-2022_scheps 1,99b57d68-38ec-4f35-8d21-edaa375cf288,13003,Balen,Antwerpen,scheps 1,scheps 1,2,flanders
5550,2022,0,larvae,25-05-2022_scheps 1,99b57d68-38ec-4f35-8d21-edaa375cf288,13003,Balen,Antwerpen,scheps 1,scheps 1,2,flanders
5551,2022,2,adult,25-05-2022_scheps 20,03167d3d-4f00-42b8-b8be-fbe739205a3c,13003,Balen,Antwerpen,scheps 20,scheps 20,17,flanders
5552,2022,5,juvenile,25-05-2022_scheps 20,03167d3d-4f00-42b8-b8be-fbe739205a3c,13003,Balen,Antwerpen,scheps 20,scheps 20,17,flanders
5553,2022,2514,larvae,25-05-2022_scheps 20,03167d3d-4f00-42b8-b8be-fbe739205a3c,13003,Balen,Antwerpen,scheps 20,scheps 20,17,flanders
5554,2023,7,adult,25-05-2023_griesbroek 6,03dc3f07-506f-4c71-bbcd-ad24c177cab5,13003,Balen,Antwerpen,griesbroek 6,griesbroek 6,4,flanders
5555,2023,6,juvenile,25-05-2023_griesbroek 6,03dc3f07-506f-4c71-bbcd-ad24c177cab5,13003,Balen,Antwerpen,griesbroek 6,griesbroek 6,4,flanders
5556,2023,37,larvae,25-05-2023_griesbroek 6,03dc3f07-506f-4c71-bbcd-ad24c177cab5,13003,Balen,Antwerpen,griesbroek 6,griesbroek 6,4,flanders
5557,2023,0,adult,25-05-2023_laakdal 45,4BE6AB85-D78D-46E9-BDE1-3731C652F5BA,13053,Laakdal,Antwerpen,laakdal 45,laakdal 45,1,flanders
5558,2023,0,juvenile,25-05-2023_laakdal 45,4BE6AB85-D78D-46E9-BDE1-3731C652F5BA,13053,Laakdal,Antwerpen,laakdal 45,laakdal 45,1,flanders
5559,2023,0,larvae,25-05-2023_laakdal 45,4BE6AB85-D78D-46E9-BDE1-3731C652F5BA,13053,Laakdal,Antwerpen,laakdal 45,laakdal 45,1,flanders
5560,2023,0,adult,25-05-2023_laakdal 48,1980E2C4-7673-4ADF-BA6D-52B7508E79DB,13053,Laakdal,Antwerpen,laakdal 48,laakdal 48,2,flanders
5561,2023,0,juvenile,25-05-2023_laakdal 48,1980E2C4-7673-4ADF-BA6D-52B7508E79DB,13053,Laakdal,Antwerpen,laakdal 48,laakdal 48,2,flanders
5562,2023,0,larvae,25-05-2023_laakdal 48,1980E2C4-7673-4ADF-BA6D-52B7508E79DB,13053,Laakdal,Antwerpen,laakdal 48,laakdal 48,2,flanders
5563,2023,0,adult,25-05-2023_laakdal 5,62abe301-066c-4fa9-a54d-14e8b8882923,13053,Laakdal,Antwerpen,laakdal 5,laakdal 5,18,flanders
5564,2023,1,juvenile,25-05-2023_laakdal 5,62abe301-066c-4fa9-a54d-14e8b8882923,13053,Laakdal,Antwerpen,laakdal 5,laakdal 5,18,flanders
5565,2023,361,larvae,25-05-2023_laakdal 5,62abe301-066c-4fa9-a54d-14e8b8882923,13053,Laakdal,Antwerpen,laakdal 5,laakdal 5,18,flanders
5566,2023,2,adult,25-05-2023_meerhout 19,6A2EB05E-C933-4632-A071-88952615B54E,13021,Meerhout,Antwerpen,meerhout 19,meerhout 19,6,flanders
5567,2023,0,juvenile,25-05-2023_meerhout 19,6A2EB05E-C933-4632-A071-88952615B54E,13021,Meerhout,Antwerpen,meerhout 19,meerhout 19,6,flanders
5568,2023,8,larvae,25-05-2023_meerhout 19,6A2EB05E-C933-4632-A071-88952615B54E,13021,Meerhout,Antwerpen,meerhout 19,meerhout 19,6,flanders
5569,2023,0,adult,25-05-2023_scheps 20,03167d3d-4f00-42b8-b8be-fbe739205a3c,13003,Balen,Antwerpen,scheps 20,scheps 20,2,flanders
5570,2023,0,juvenile,25-05-2023_scheps 20,03167d3d-4f00-42b8-b8be-fbe739205a3c,13003,Balen,Antwerpen,scheps 20,scheps 20,2,flanders
5571,2023,79,larvae,25-05-2023_scheps 20,03167d3d-4f00-42b8-b8be-fbe739205a3c,13003,Balen,Antwerpen,scheps 20,scheps 20,2,flanders
5572,2013,7,adult,25-06-2013_arendonk 4,a7a15699-ae79-44ec-9f82-08ee0158e31d,13001,Arendonk,Antwerpen,NA,NA,5,flanders
5573,2013,0,juvenile,25-06-2013_arendonk 4,a7a15699-ae79-44ec-9f82-08ee0158e31d,13001,Arendonk,Antwerpen,NA,NA,5,flanders
5574,2013,1,larvae,25-06-2013_arendonk 4,a7a15699-ae79-44ec-9f82-08ee0158e31d,13001,Arendonk,Antwerpen,NA,NA,5,flanders
5575,2014,0,adult,25-06-2014_arendonk 2,fbb3baeb-c846-444c-926e-02445e328b78,13001,Arendonk,Antwerpen,NA,NA,4,flanders
5576,2014,0,juvenile,25-06-2014_arendonk 2,fbb3baeb-c846-444c-926e-02445e328b78,13001,Arendonk,Antwerpen,NA,NA,4,flanders
5577,2014,103,larvae,25-06-2014_arendonk 2,fbb3baeb-c846-444c-926e-02445e328b78,13001,Arendonk,Antwerpen,NA,NA,4,flanders
5578,2015,0,adult,25-06-2015_arendonk 2,fbb3baeb-c846-444c-926e-02445e328b78,13001,Arendonk,Antwerpen,NA,NA,6,flanders
5579,2015,0,juvenile,25-06-2015_arendonk 2,fbb3baeb-c846-444c-926e-02445e328b78,13001,Arendonk,Antwerpen,NA,NA,6,flanders
5580,2015,674,larvae,25-06-2015_arendonk 2,fbb3baeb-c846-444c-926e-02445e328b78,13001,Arendonk,Antwerpen,NA,NA,6,flanders
5581,2015,0,adult,25-06-2015_bospoel,bf074168-c09d-40a9-b321-59ce253aa461,13014,Hoogstraten,Antwerpen,NA,NA,3,flanders
5582,2015,0,juvenile,25-06-2015_bospoel,bf074168-c09d-40a9-b321-59ce253aa461,13014,Hoogstraten,Antwerpen,NA,NA,3,flanders
5583,2015,1,larvae,25-06-2015_bospoel,bf074168-c09d-40a9-b321-59ce253aa461,13014,Hoogstraten,Antwerpen,NA,NA,3,flanders
5584,2020,0,adult,25-06-2020_nijlen g8,aeb8c3ff-e973-43d5-b03a-2e9bbd18b888,12021,Lier,Antwerpen,nijlen g8,nijlen g8,4,flanders
5585,2020,0,juvenile,25-06-2020_nijlen g8,aeb8c3ff-e973-43d5-b03a-2e9bbd18b888,12021,Lier,Antwerpen,nijlen g8,nijlen g8,4,flanders
5586,2020,0,larvae,25-06-2020_nijlen g8,aeb8c3ff-e973-43d5-b03a-2e9bbd18b888,12021,Lier,Antwerpen,nijlen g8,nijlen g8,4,flanders
5587,2020,0,adult,25-06-2020_nijlen l10,aff4c141-a84a-4013-bdd1-8890dae6b376,12021,Lier,Antwerpen,nijlen l10,nijlen l10,4,flanders
5588,2020,0,juvenile,25-06-2020_nijlen l10,aff4c141-a84a-4013-bdd1-8890dae6b376,12021,Lier,Antwerpen,nijlen l10,nijlen l10,4,flanders
5589,2020,0,larvae,25-06-2020_nijlen l10,aff4c141-a84a-4013-bdd1-8890dae6b376,12021,Lier,Antwerpen,nijlen l10,nijlen l10,4,flanders
5590,2020,0,adult,25-06-2020_nijlen l3,1aea0563-83f3-4fe6-9b53-f6d2c0e2b477,12021,Lier,Antwerpen,nijlen l3,nijlen l3,4,flanders
5591,2020,0,juvenile,25-06-2020_nijlen l3,1aea0563-83f3-4fe6-9b53-f6d2c0e2b477,12021,Lier,Antwerpen,nijlen l3,nijlen l3,4,flanders
5592,2020,0,larvae,25-06-2020_nijlen l3,1aea0563-83f3-4fe6-9b53-f6d2c0e2b477,12021,Lier,Antwerpen,nijlen l3,nijlen l3,4,flanders
5593,2020,0,adult,25-06-2020_thielen,9bc2c1cf-931c-42e7-88ff-b6fd8f9ff5e0,13017,Kasterlee,Antwerpen,thielen,thielen,1,flanders
5594,2020,0,juvenile,25-06-2020_thielen,9bc2c1cf-931c-42e7-88ff-b6fd8f9ff5e0,13017,Kasterlee,Antwerpen,thielen,thielen,1,flanders
5595,2020,0,larvae,25-06-2020_thielen,9bc2c1cf-931c-42e7-88ff-b6fd8f9ff5e0,13017,Kasterlee,Antwerpen,thielen,thielen,1,flanders
5596,2020,0,adult,25-06-2020_watermolen,4155d322-4f87-46a9-88f6-4e123bd5342b,13017,Kasterlee,Antwerpen,watermolen,watermolen,1,flanders
5597,2020,0,juvenile,25-06-2020_watermolen,4155d322-4f87-46a9-88f6-4e123bd5342b,13017,Kasterlee,Antwerpen,watermolen,watermolen,1,flanders
5598,2020,0,larvae,25-06-2020_watermolen,4155d322-4f87-46a9-88f6-4e123bd5342b,13017,Kasterlee,Antwerpen,watermolen,watermolen,1,flanders
5599,2021,0,adult,25-06-2021_arendonk 2,fbb3baeb-c846-444c-926e-02445e328b78,13001,Arendonk,Antwerpen,arendonk 2,arendonk 2,10,flanders
5600,2021,0,juvenile,25-06-2021_arendonk 2,fbb3baeb-c846-444c-926e-02445e328b78,13001,Arendonk,Antwerpen,arendonk 2,arendonk 2,10,flanders
5601,2021,49,larvae,25-06-2021_arendonk 2,fbb3baeb-c846-444c-926e-02445e328b78,13001,Arendonk,Antwerpen,arendonk 2,arendonk 2,10,flanders
5602,2021,1,adult,25-06-2021_laakdal 43,80212004-2568-4EFB-B97B-75F8EC16F9C1,13053,Laakdal,Antwerpen,laakdal 43,laakdal 43,10,flanders
5603,2021,0,juvenile,25-06-2021_laakdal 43,80212004-2568-4EFB-B97B-75F8EC16F9C1,13053,Laakdal,Antwerpen,laakdal 43,laakdal 43,10,flanders
5604,2021,12,larvae,25-06-2021_laakdal 43,80212004-2568-4EFB-B97B-75F8EC16F9C1,13053,Laakdal,Antwerpen,laakdal 43,laakdal 43,10,flanders
5605,2021,0,adult,25-06-2021_laakdal 44,AB6092BB-144E-4FB1-BF40-A06F80F3085B,13053,Laakdal,Antwerpen,laakdal 44,laakdal 44,10,flanders
5606,2021,0,juvenile,25-06-2021_laakdal 44,AB6092BB-144E-4FB1-BF40-A06F80F3085B,13053,Laakdal,Antwerpen,laakdal 44,laakdal 44,10,flanders
5607,2021,12,larvae,25-06-2021_laakdal 44,AB6092BB-144E-4FB1-BF40-A06F80F3085B,13053,Laakdal,Antwerpen,laakdal 44,laakdal 44,10,flanders
5608,2021,0,adult,25-06-2021_nijlen l9,f5fae4b8-8b29-46d6-9d83-8dcf2a965cb8,12021,Lier,Antwerpen,nijlen l9,nijlen l9,8,flanders
5609,2021,0,juvenile,25-06-2021_nijlen l9,f5fae4b8-8b29-46d6-9d83-8dcf2a965cb8,12021,Lier,Antwerpen,nijlen l9,nijlen l9,8,flanders
5610,2021,0,larvae,25-06-2021_nijlen l9,f5fae4b8-8b29-46d6-9d83-8dcf2a965cb8,12021,Lier,Antwerpen,nijlen l9,nijlen l9,8,flanders
5611,2021,0,adult,25-06-2021_scheps 19b,a321d8fa-853f-4c3a-8c14-c1d649ea0e43,13003,Balen,Antwerpen,scheps 19b,scheps 19b,5,flanders
5612,2021,0,juvenile,25-06-2021_scheps 19b,a321d8fa-853f-4c3a-8c14-c1d649ea0e43,13003,Balen,Antwerpen,scheps 19b,scheps 19b,5,flanders
5613,2021,0,larvae,25-06-2021_scheps 19b,a321d8fa-853f-4c3a-8c14-c1d649ea0e43,13003,Balen,Antwerpen,scheps 19b,scheps 19b,5,flanders
5614,2021,0,adult,25-06-2021_scheps 25,860f4a06-105d-4001-af9d-2f9a58d3b7ba,13003,Balen,Antwerpen,scheps 25,scheps 25,10,flanders
5615,2021,0,juvenile,25-06-2021_scheps 25,860f4a06-105d-4001-af9d-2f9a58d3b7ba,13003,Balen,Antwerpen,scheps 25,scheps 25,10,flanders
5616,2021,0,larvae,25-06-2021_scheps 25,860f4a06-105d-4001-af9d-2f9a58d3b7ba,13003,Balen,Antwerpen,scheps 25,scheps 25,10,flanders
5617,2024,3,adult,25-06-2024_molse nete 31,FF2EAC7B-0342-4549-A8B8-E0542719444C,13003,Balen,Antwerpen,molse nete 31,molse nete 31,4,flanders
5618,2024,0,juvenile,25-06-2024_molse nete 31,FF2EAC7B-0342-4549-A8B8-E0542719444C,13003,Balen,Antwerpen,molse nete 31,molse nete 31,4,flanders
5619,2024,28,larvae,25-06-2024_molse nete 31,FF2EAC7B-0342-4549-A8B8-E0542719444C,13003,Balen,Antwerpen,molse nete 31,molse nete 31,4,flanders
5620,2024,4,adult,25-06-2024_molse nete 33,276A7C1B-8319-406E-994A-FF595554EF58,13003,Balen,Antwerpen,molse nete 33,molse nete 33,10,flanders
5621,2024,0,juvenile,25-06-2024_molse nete 33,276A7C1B-8319-406E-994A-FF595554EF58,13003,Balen,Antwerpen,molse nete 33,molse nete 33,10,flanders
5622,2024,0,larvae,25-06-2024_molse nete 33,276A7C1B-8319-406E-994A-FF595554EF58,13003,Balen,Antwerpen,molse nete 33,molse nete 33,10,flanders
5623,2024,6,adult,25-06-2024_molse nete 34,C9CD45C3-D4B7-43B3-A539-282D76046F45,13003,Balen,Antwerpen,molse nete 34,molse nete 34,7,flanders
5624,2024,0,juvenile,25-06-2024_molse nete 34,C9CD45C3-D4B7-43B3-A539-282D76046F45,13003,Balen,Antwerpen,molse nete 34,molse nete 34,7,flanders
5625,2024,0,larvae,25-06-2024_molse nete 34,C9CD45C3-D4B7-43B3-A539-282D76046F45,13003,Balen,Antwerpen,molse nete 34,molse nete 34,7,flanders
5626,2024,0,adult,25-06-2024_molse nete 35,F3703B35-6728-4900-A862-04E8B6CB57CF,13003,Balen,Antwerpen,molse nete 35,molse nete 35,9,flanders
5627,2024,0,juvenile,25-06-2024_molse nete 35,F3703B35-6728-4900-A862-04E8B6CB57CF,13003,Balen,Antwerpen,molse nete 35,molse nete 35,9,flanders
5628,2024,0,larvae,25-06-2024_molse nete 35,F3703B35-6728-4900-A862-04E8B6CB57CF,13003,Balen,Antwerpen,molse nete 35,molse nete 35,9,flanders
5629,2024,2,adult,25-06-2024_molse nete 36,0CB2CE2E-0B10-466F-AFC9-E89420928222,13003,Balen,Antwerpen,molse nete 36,molse nete 36,5,flanders
5630,2024,0,juvenile,25-06-2024_molse nete 36,0CB2CE2E-0B10-466F-AFC9-E89420928222,13003,Balen,Antwerpen,molse nete 36,molse nete 36,5,flanders
5631,2024,5,larvae,25-06-2024_molse nete 36,0CB2CE2E-0B10-466F-AFC9-E89420928222,13003,Balen,Antwerpen,molse nete 36,molse nete 36,5,flanders
5632,2025,1,adult,25-06-2025_scheps 39,E0BFF7E4-D0E2-44B4-A7FE-2DD211144B52,13003,Balen,Antwerpen,scheps 39,scheps 39,5,flanders
5633,2025,0,juvenile,25-06-2025_scheps 39,E0BFF7E4-D0E2-44B4-A7FE-2DD211144B52,13003,Balen,Antwerpen,scheps 39,scheps 39,5,flanders
5634,2025,28,larvae,25-06-2025_scheps 39,E0BFF7E4-D0E2-44B4-A7FE-2DD211144B52,13003,Balen,Antwerpen,scheps 39,scheps 39,5,flanders
5635,2025,1,adult,25-06-2025_scheps 41,89FF8F2D-DE88-49E0-95F6-D0EA5A15D42F,13003,Balen,Antwerpen,scheps 41,scheps 41,3,flanders
5636,2025,0,juvenile,25-06-2025_scheps 41,89FF8F2D-DE88-49E0-95F6-D0EA5A15D42F,13003,Balen,Antwerpen,scheps 41,scheps 41,3,flanders
5637,2025,80,larvae,25-06-2025_scheps 41,89FF8F2D-DE88-49E0-95F6-D0EA5A15D42F,13003,Balen,Antwerpen,scheps 41,scheps 41,3,flanders
5638,2025,1,adult,25-06-2025_scheps 42,323F5909-B7D0-4A77-AC74-D9EF1DFB812A,13003,Balen,Antwerpen,scheps 42,scheps 42,3,flanders
5639,2025,0,juvenile,25-06-2025_scheps 42,323F5909-B7D0-4A77-AC74-D9EF1DFB812A,13003,Balen,Antwerpen,scheps 42,scheps 42,3,flanders
5640,2025,45,larvae,25-06-2025_scheps 42,323F5909-B7D0-4A77-AC74-D9EF1DFB812A,13003,Balen,Antwerpen,scheps 42,scheps 42,3,flanders
5641,2025,0,adult,25-06-2025_westerlo pidpa 3,2A0EB8B2-70D9-41D8-867E-7724BBBBB22F,13049,Westerlo,Antwerpen,westerlo pidpa 3,westerlo pidpa 3,5,flanders
5642,2025,0,juvenile,25-06-2025_westerlo pidpa 3,2A0EB8B2-70D9-41D8-867E-7724BBBBB22F,13049,Westerlo,Antwerpen,westerlo pidpa 3,westerlo pidpa 3,5,flanders
5643,2025,579,larvae,25-06-2025_westerlo pidpa 3,2A0EB8B2-70D9-41D8-867E-7724BBBBB22F,13049,Westerlo,Antwerpen,westerlo pidpa 3,westerlo pidpa 3,5,flanders
5644,2025,0,adult,25-06-2025_westerlo pidpa 4,97DBF7D8-3437-4AA1-B606-C07DDF6E0A04,13049,Westerlo,Antwerpen,westerlo pidpa 4,westerlo pidpa 4,6,flanders
5645,2025,0,juvenile,25-06-2025_westerlo pidpa 4,97DBF7D8-3437-4AA1-B606-C07DDF6E0A04,13049,Westerlo,Antwerpen,westerlo pidpa 4,westerlo pidpa 4,6,flanders
5646,2025,4,larvae,25-06-2025_westerlo pidpa 4,97DBF7D8-3437-4AA1-B606-C07DDF6E0A04,13049,Westerlo,Antwerpen,westerlo pidpa 4,westerlo pidpa 4,6,flanders
5647,2013,0,adult,25-07-2013_arendonk 2,fbb3baeb-c846-444c-926e-02445e328b78,13001,Arendonk,Antwerpen,NA,NA,5,flanders
5648,2013,0,juvenile,25-07-2013_arendonk 2,fbb3baeb-c846-444c-926e-02445e328b78,13001,Arendonk,Antwerpen,NA,NA,5,flanders
5649,2013,89,larvae,25-07-2013_arendonk 2,fbb3baeb-c846-444c-926e-02445e328b78,13001,Arendonk,Antwerpen,NA,NA,5,flanders
5650,2014,0,adult,25-07-2014_arendonk 2,fbb3baeb-c846-444c-926e-02445e328b78,13001,Arendonk,Antwerpen,NA,NA,4,flanders
5651,2014,0,juvenile,25-07-2014_arendonk 2,fbb3baeb-c846-444c-926e-02445e328b78,13001,Arendonk,Antwerpen,NA,NA,4,flanders
5652,2014,68,larvae,25-07-2014_arendonk 2,fbb3baeb-c846-444c-926e-02445e328b78,13001,Arendonk,Antwerpen,NA,NA,4,flanders
5653,2014,0,adult,25-07-2014_driehoek,48fb261c-3f3a-4a95-9103-1e6822dae999,13014,Hoogstraten,Antwerpen,NA,NA,3,flanders
5654,2014,0,juvenile,25-07-2014_driehoek,48fb261c-3f3a-4a95-9103-1e6822dae999,13014,Hoogstraten,Antwerpen,NA,NA,3,flanders
5655,2014,39,larvae,25-07-2014_driehoek,48fb261c-3f3a-4a95-9103-1e6822dae999,13014,Hoogstraten,Antwerpen,NA,NA,3,flanders
5656,2014,1,adult,25-07-2014_kasterlee 3,fa5d281f-6266-4d4b-b6a7-cd44132e9b99,13017,Kasterlee,Antwerpen,NA,NA,4,flanders
5657,2014,0,juvenile,25-07-2014_kasterlee 3,fa5d281f-6266-4d4b-b6a7-cd44132e9b99,13017,Kasterlee,Antwerpen,NA,NA,4,flanders
5658,2014,30,larvae,25-07-2014_kasterlee 3,fa5d281f-6266-4d4b-b6a7-cd44132e9b99,13017,Kasterlee,Antwerpen,NA,NA,4,flanders
5659,2018,0,adult,25-07-2018_arendonk 2,fbb3baeb-c846-444c-926e-02445e328b78,13001,Arendonk,Antwerpen,NA,NA,1,flanders
5660,2018,0,juvenile,25-07-2018_arendonk 2,fbb3baeb-c846-444c-926e-02445e328b78,13001,Arendonk,Antwerpen,NA,NA,1,flanders
5661,2018,1319,larvae,25-07-2018_arendonk 2,fbb3baeb-c846-444c-926e-02445e328b78,13001,Arendonk,Antwerpen,NA,NA,1,flanders
5662,2018,2,adult,25-07-2018_scheps 10,ff328547-af9c-4e6f-bbf1-5d2856b2da7b,13003,Balen,Antwerpen,NA,NA,2,flanders
5663,2018,1,juvenile,25-07-2018_scheps 10,ff328547-af9c-4e6f-bbf1-5d2856b2da7b,13003,Balen,Antwerpen,NA,NA,2,flanders
5664,2018,0,larvae,25-07-2018_scheps 10,ff328547-af9c-4e6f-bbf1-5d2856b2da7b,13003,Balen,Antwerpen,NA,NA,2,flanders
5665,2018,4,adult,25-07-2018_scheps 20,03167d3d-4f00-42b8-b8be-fbe739205a3c,13003,Balen,Antwerpen,NA,NA,5,flanders
5666,2018,2,juvenile,25-07-2018_scheps 20,03167d3d-4f00-42b8-b8be-fbe739205a3c,13003,Balen,Antwerpen,NA,NA,5,flanders
5667,2018,227,larvae,25-07-2018_scheps 20,03167d3d-4f00-42b8-b8be-fbe739205a3c,13003,Balen,Antwerpen,NA,NA,5,flanders
5668,2023,0,adult,25-07-2023_antbal0309,0BB25383-695B-4437-A66D-E8F3353A93EC,13003,Balen,Antwerpen,antbal0309,antbal0309,6,flanders
5669,2023,0,juvenile,25-07-2023_antbal0309,0BB25383-695B-4437-A66D-E8F3353A93EC,13003,Balen,Antwerpen,antbal0309,antbal0309,6,flanders
5670,2023,0,larvae,25-07-2023_antbal0309,0BB25383-695B-4437-A66D-E8F3353A93EC,13003,Balen,Antwerpen,antbal0309,antbal0309,6,flanders
5671,2023,0,adult,25-07-2023_molse nete 23,025AB23B-DF57-46C0-84C4-D351208209B3,13003,Balen,Antwerpen,molse nete 23,molse nete 23,4,flanders
5672,2023,2,juvenile,25-07-2023_molse nete 23,025AB23B-DF57-46C0-84C4-D351208209B3,13003,Balen,Antwerpen,molse nete 23,molse nete 23,4,flanders
5673,2023,0,larvae,25-07-2023_molse nete 23,025AB23B-DF57-46C0-84C4-D351208209B3,13003,Balen,Antwerpen,molse nete 23,molse nete 23,4,flanders
5674,2023,0,adult,25-07-2023_molse nete 25,CCB25757-251A-496E-BE76-0FCEBCCE248E,13003,Balen,Antwerpen,molse nete 25,molse nete 25,5,flanders
5675,2023,9,juvenile,25-07-2023_molse nete 25,CCB25757-251A-496E-BE76-0FCEBCCE248E,13003,Balen,Antwerpen,molse nete 25,molse nete 25,5,flanders
5676,2023,44,larvae,25-07-2023_molse nete 25,CCB25757-251A-496E-BE76-0FCEBCCE248E,13003,Balen,Antwerpen,molse nete 25,molse nete 25,5,flanders
5677,2023,1,adult,25-07-2023_molse nete 29,B58A0CA0-1DD3-4A71-B356-C088AF4BA385,13003,Balen,Antwerpen,molse nete 29,molse nete 29,4,flanders
5678,2023,6,juvenile,25-07-2023_molse nete 29,B58A0CA0-1DD3-4A71-B356-C088AF4BA385,13003,Balen,Antwerpen,molse nete 29,molse nete 29,4,flanders
5679,2023,9,larvae,25-07-2023_molse nete 29,B58A0CA0-1DD3-4A71-B356-C088AF4BA385,13003,Balen,Antwerpen,molse nete 29,molse nete 29,4,flanders
5680,2024,1,adult,25-07-2024_laakdal 28,dee6de91-ec4a-4fe7-ad5b-f291ab15e737,13053,Laakdal,Antwerpen,laakdal 28,laakdal 28,11,flanders
5681,2024,0,juvenile,25-07-2024_laakdal 28,dee6de91-ec4a-4fe7-ad5b-f291ab15e737,13053,Laakdal,Antwerpen,laakdal 28,laakdal 28,11,flanders
5682,2024,0,larvae,25-07-2024_laakdal 28,dee6de91-ec4a-4fe7-ad5b-f291ab15e737,13053,Laakdal,Antwerpen,laakdal 28,laakdal 28,11,flanders
5683,2024,0,adult,25-07-2024_laakdal 29a,de83344d-e0f9-4f55-a1a8-78276efef1a7,13053,Laakdal,Antwerpen,laakdal 29a,laakdal 29a,3,flanders
5684,2024,0,juvenile,25-07-2024_laakdal 29a,de83344d-e0f9-4f55-a1a8-78276efef1a7,13053,Laakdal,Antwerpen,laakdal 29a,laakdal 29a,3,flanders
5685,2024,0,larvae,25-07-2024_laakdal 29a,de83344d-e0f9-4f55-a1a8-78276efef1a7,13053,Laakdal,Antwerpen,laakdal 29a,laakdal 29a,3,flanders
5686,2024,0,adult,25-07-2024_laakdal 30,b9f26eb5-535f-4adb-a08c-a03acbdd911d,13053,Laakdal,Antwerpen,laakdal 30,laakdal 30,3,flanders
5687,2024,0,juvenile,25-07-2024_laakdal 30,b9f26eb5-535f-4adb-a08c-a03acbdd911d,13053,Laakdal,Antwerpen,laakdal 30,laakdal 30,3,flanders
5688,2024,0,larvae,25-07-2024_laakdal 30,b9f26eb5-535f-4adb-a08c-a03acbdd911d,13053,Laakdal,Antwerpen,laakdal 30,laakdal 30,3,flanders
5689,2024,0,adult,25-07-2024_laakdal 30c,e8165c62-451a-4d96-882f-468098023cc4,13053,Laakdal,Antwerpen,laakdal 30c,laakdal 30c,2,flanders
5690,2024,0,juvenile,25-07-2024_laakdal 30c,e8165c62-451a-4d96-882f-468098023cc4,13053,Laakdal,Antwerpen,laakdal 30c,laakdal 30c,2,flanders
5691,2024,0,larvae,25-07-2024_laakdal 30c,e8165c62-451a-4d96-882f-468098023cc4,13053,Laakdal,Antwerpen,laakdal 30c,laakdal 30c,2,flanders
5692,2024,1,adult,25-07-2024_molse nete 25,CCB25757-251A-496E-BE76-0FCEBCCE248E,13003,Balen,Antwerpen,molse nete 25,molse nete 25,9,flanders
5693,2024,5,juvenile,25-07-2024_molse nete 25,CCB25757-251A-496E-BE76-0FCEBCCE248E,13003,Balen,Antwerpen,molse nete 25,molse nete 25,9,flanders
5694,2024,436,larvae,25-07-2024_molse nete 25,CCB25757-251A-496E-BE76-0FCEBCCE248E,13003,Balen,Antwerpen,molse nete 25,molse nete 25,9,flanders
5695,2024,0,adult,25-07-2024_molse nete 30,83A1CEBC-73DF-448E-ACFA-85D5E9051C1D,13003,Balen,Antwerpen,molse nete 30,molse nete 30,6,flanders
5696,2024,0,juvenile,25-07-2024_molse nete 30,83A1CEBC-73DF-448E-ACFA-85D5E9051C1D,13003,Balen,Antwerpen,molse nete 30,molse nete 30,6,flanders
5697,2024,0,larvae,25-07-2024_molse nete 30,83A1CEBC-73DF-448E-ACFA-85D5E9051C1D,13003,Balen,Antwerpen,molse nete 30,molse nete 30,6,flanders
5698,2024,2,adult,25-07-2024_molse nete 34,C9CD45C3-D4B7-43B3-A539-282D76046F45,13003,Balen,Antwerpen,molse nete 34,molse nete 34,6,flanders
5699,2024,0,juvenile,25-07-2024_molse nete 34,C9CD45C3-D4B7-43B3-A539-282D76046F45,13003,Balen,Antwerpen,molse nete 34,molse nete 34,6,flanders
5700,2024,231,larvae,25-07-2024_molse nete 34,C9CD45C3-D4B7-43B3-A539-282D76046F45,13003,Balen,Antwerpen,molse nete 34,molse nete 34,6,flanders
5701,2025,1,adult,25-07-2025_antgee 0223,E1FC241D-6C7B-47C7-8C5A-F3818113F7DD,13008,Geel,Antwerpen,antgee 0223,antgee 0223,2,flanders
5702,2025,26,juvenile,25-07-2025_antgee 0223,E1FC241D-6C7B-47C7-8C5A-F3818113F7DD,13008,Geel,Antwerpen,antgee 0223,antgee 0223,2,flanders
5703,2025,112,larvae,25-07-2025_antgee 0223,E1FC241D-6C7B-47C7-8C5A-F3818113F7DD,13008,Geel,Antwerpen,antgee 0223,antgee 0223,2,flanders
5704,2025,0,adult,25-07-2025_antgee 0537,AA6037B7-0ADB-4550-9D91-B7C5C5116D29,13008,Geel,Antwerpen,antgee 0537,antgee 0537,6,flanders
5705,2025,1,juvenile,25-07-2025_antgee 0537,AA6037B7-0ADB-4550-9D91-B7C5C5116D29,13008,Geel,Antwerpen,antgee 0537,antgee 0537,6,flanders
5706,2025,24,larvae,25-07-2025_antgee 0537,AA6037B7-0ADB-4550-9D91-B7C5C5116D29,13008,Geel,Antwerpen,antgee 0537,antgee 0537,6,flanders
5707,2025,4,adult,25-07-2025_antgee 0541,15C363BD-2F37-429D-B2F2-D8F0B9C8BBC5,13008,Geel,Antwerpen,antgee 0541,antgee 0541,5,flanders
5708,2025,10,juvenile,25-07-2025_antgee 0541,15C363BD-2F37-429D-B2F2-D8F0B9C8BBC5,13008,Geel,Antwerpen,antgee 0541,antgee 0541,5,flanders
5709,2025,289,larvae,25-07-2025_antgee 0541,15C363BD-2F37-429D-B2F2-D8F0B9C8BBC5,13008,Geel,Antwerpen,antgee 0541,antgee 0541,5,flanders
5710,2025,0,adult,25-07-2025_antgee 0993,F3602AC8-134A-479B-A76F-AE735DF5D6E1,13008,Geel,Antwerpen,antgee 0993,antgee 0993,3,flanders
5711,2025,3,juvenile,25-07-2025_antgee 0993,F3602AC8-134A-479B-A76F-AE735DF5D6E1,13008,Geel,Antwerpen,antgee 0993,antgee 0993,3,flanders
5712,2025,51,larvae,25-07-2025_antgee 0993,F3602AC8-134A-479B-A76F-AE735DF5D6E1,13008,Geel,Antwerpen,antgee 0993,antgee 0993,3,flanders
5713,2025,0,adult,25-07-2025_antgee 1023,ADA68F96-7C72-4FB6-922D-54D0778942C1,13008,Geel,Antwerpen,antgee 1023,antgee 1023,5,flanders
5714,2025,21,juvenile,25-07-2025_antgee 1023,ADA68F96-7C72-4FB6-922D-54D0778942C1,13008,Geel,Antwerpen,antgee 1023,antgee 1023,5,flanders
5715,2025,46,larvae,25-07-2025_antgee 1023,ADA68F96-7C72-4FB6-922D-54D0778942C1,13008,Geel,Antwerpen,antgee 1023,antgee 1023,5,flanders
5716,2011,1,adult,25-08-2011_arendonk 3,60e6e43e-6855-4917-a336-9ac46d087fad,13001,Arendonk,Antwerpen,NA,NA,7,flanders
5717,2011,5,juvenile,25-08-2011_arendonk 3,60e6e43e-6855-4917-a336-9ac46d087fad,13001,Arendonk,Antwerpen,NA,NA,7,flanders
5718,2011,48,larvae,25-08-2011_arendonk 3,60e6e43e-6855-4917-a336-9ac46d087fad,13001,Arendonk,Antwerpen,NA,NA,7,flanders
5719,2021,0,adult,25-08-2021_herselt 8,3D6D580A-AB46-401F-8ABF-43001E535D3F,13013,Herselt,Antwerpen,herselt 8,herselt 8,10,flanders
5720,2021,0,juvenile,25-08-2021_herselt 8,3D6D580A-AB46-401F-8ABF-43001E535D3F,13013,Herselt,Antwerpen,herselt 8,herselt 8,10,flanders
5721,2021,167,larvae,25-08-2021_herselt 8,3D6D580A-AB46-401F-8ABF-43001E535D3F,13013,Herselt,Antwerpen,herselt 8,herselt 8,10,flanders
5722,2023,0,adult,25-08-2023_arendonk 2,fbb3baeb-c846-444c-926e-02445e328b78,13001,Arendonk,Antwerpen,arendonk 2,arendonk 2,10,flanders
5723,2023,0,juvenile,25-08-2023_arendonk 2,fbb3baeb-c846-444c-926e-02445e328b78,13001,Arendonk,Antwerpen,arendonk 2,arendonk 2,10,flanders
5724,2023,2,larvae,25-08-2023_arendonk 2,fbb3baeb-c846-444c-926e-02445e328b78,13001,Arendonk,Antwerpen,arendonk 2,arendonk 2,10,flanders
5725,2014,0,adult,25-09-2014_arendonk 2,fbb3baeb-c846-444c-926e-02445e328b78,13001,Arendonk,Antwerpen,NA,NA,10,flanders
5726,2014,0,juvenile,25-09-2014_arendonk 2,fbb3baeb-c846-444c-926e-02445e328b78,13001,Arendonk,Antwerpen,NA,NA,10,flanders
5727,2014,528,larvae,25-09-2014_arendonk 2,fbb3baeb-c846-444c-926e-02445e328b78,13001,Arendonk,Antwerpen,NA,NA,10,flanders
5728,2018,0,adult,25-09-2018_arendonk 2,fbb3baeb-c846-444c-926e-02445e328b78,13001,Arendonk,Antwerpen,NA,NA,1,flanders
5729,2018,3,juvenile,25-09-2018_arendonk 2,fbb3baeb-c846-444c-926e-02445e328b78,13001,Arendonk,Antwerpen,NA,NA,1,flanders
5730,2018,7,larvae,25-09-2018_arendonk 2,fbb3baeb-c846-444c-926e-02445e328b78,13001,Arendonk,Antwerpen,NA,NA,1,flanders
5731,2020,0,adult,25-09-2020_arendonk 2,fbb3baeb-c846-444c-926e-02445e328b78,13001,Arendonk,Antwerpen,arendonk 2,arendonk 2,10,flanders
5732,2020,0,juvenile,25-09-2020_arendonk 2,fbb3baeb-c846-444c-926e-02445e328b78,13001,Arendonk,Antwerpen,arendonk 2,arendonk 2,10,flanders
5733,2020,832,larvae,25-09-2020_arendonk 2,fbb3baeb-c846-444c-926e-02445e328b78,13001,Arendonk,Antwerpen,arendonk 2,arendonk 2,10,flanders
5734,2020,0,adult,25-09-2020_nijlen h1,e4967c07-aaa3-4aa5-9ba6-54322313066c,12021,Lier,Antwerpen,nijlen h1,nijlen h1,10,flanders
5735,2020,0,juvenile,25-09-2020_nijlen h1,e4967c07-aaa3-4aa5-9ba6-54322313066c,12021,Lier,Antwerpen,nijlen h1,nijlen h1,10,flanders
5736,2020,0,larvae,25-09-2020_nijlen h1,e4967c07-aaa3-4aa5-9ba6-54322313066c,12021,Lier,Antwerpen,nijlen h1,nijlen h1,10,flanders
5737,2017,0,adult,26-04-2017_arendonk 2,fbb3baeb-c846-444c-926e-02445e328b78,13001,Arendonk,Antwerpen,NA,NA,1,flanders
5738,2017,0,juvenile,26-04-2017_arendonk 2,fbb3baeb-c846-444c-926e-02445e328b78,13001,Arendonk,Antwerpen,NA,NA,1,flanders
5739,2017,1,larvae,26-04-2017_arendonk 2,fbb3baeb-c846-444c-926e-02445e328b78,13001,Arendonk,Antwerpen,NA,NA,1,flanders
5740,2017,1,adult,26-05-2017_scheps 10,ff328547-af9c-4e6f-bbf1-5d2856b2da7b,13003,Balen,Antwerpen,NA,NA,3,flanders
5741,2017,6,juvenile,26-05-2017_scheps 10,ff328547-af9c-4e6f-bbf1-5d2856b2da7b,13003,Balen,Antwerpen,NA,NA,3,flanders
5742,2017,20,larvae,26-05-2017_scheps 10,ff328547-af9c-4e6f-bbf1-5d2856b2da7b,13003,Balen,Antwerpen,NA,NA,3,flanders
5743,2017,0,adult,26-05-2017_scheps 6,3f097ed2-a6e2-4db8-ab6d-eb411d610792,13003,Balen,Antwerpen,NA,NA,3,flanders
5744,2017,0,juvenile,26-05-2017_scheps 6,3f097ed2-a6e2-4db8-ab6d-eb411d610792,13003,Balen,Antwerpen,NA,NA,3,flanders
5745,2017,163,larvae,26-05-2017_scheps 6,3f097ed2-a6e2-4db8-ab6d-eb411d610792,13003,Balen,Antwerpen,NA,NA,3,flanders
5746,2021,0,adult,26-05-2021_arendonk 2,fbb3baeb-c846-444c-926e-02445e328b78,13001,Arendonk,Antwerpen,arendonk 2,arendonk 2,5,flanders
5747,2021,0,juvenile,26-05-2021_arendonk 2,fbb3baeb-c846-444c-926e-02445e328b78,13001,Arendonk,Antwerpen,arendonk 2,arendonk 2,5,flanders
5748,2021,0,larvae,26-05-2021_arendonk 2,fbb3baeb-c846-444c-926e-02445e328b78,13001,Arendonk,Antwerpen,arendonk 2,arendonk 2,5,flanders
5749,2021,0,adult,26-05-2021_arendonk 4,a7a15699-ae79-44ec-9f82-08ee0158e31d,13001,Arendonk,Antwerpen,arendonk 4,arendonk 4,5,flanders
5750,2021,0,juvenile,26-05-2021_arendonk 4,a7a15699-ae79-44ec-9f82-08ee0158e31d,13001,Arendonk,Antwerpen,arendonk 4,arendonk 4,5,flanders
5751,2021,0,larvae,26-05-2021_arendonk 4,a7a15699-ae79-44ec-9f82-08ee0158e31d,13001,Arendonk,Antwerpen,arendonk 4,arendonk 4,5,flanders
5752,2021,0,adult,26-05-2021_griesbroek 6,03dc3f07-506f-4c71-bbcd-ad24c177cab5,13003,Balen,Antwerpen,griesbroek 6,griesbroek 6,8,flanders
5753,2021,1,juvenile,26-05-2021_griesbroek 6,03dc3f07-506f-4c71-bbcd-ad24c177cab5,13003,Balen,Antwerpen,griesbroek 6,griesbroek 6,8,flanders
5754,2021,123,larvae,26-05-2021_griesbroek 6,03dc3f07-506f-4c71-bbcd-ad24c177cab5,13003,Balen,Antwerpen,griesbroek 6,griesbroek 6,8,flanders
5755,2021,0,adult,26-05-2021_nijlen h1,e4967c07-aaa3-4aa5-9ba6-54322313066c,12021,Lier,Antwerpen,nijlen h1,nijlen h1,8,flanders
5756,2021,0,juvenile,26-05-2021_nijlen h1,e4967c07-aaa3-4aa5-9ba6-54322313066c,12021,Lier,Antwerpen,nijlen h1,nijlen h1,8,flanders
5757,2021,0,larvae,26-05-2021_nijlen h1,e4967c07-aaa3-4aa5-9ba6-54322313066c,12021,Lier,Antwerpen,nijlen h1,nijlen h1,8,flanders
5758,2022,8,adult,26-05-2022_griesbroek 6,03dc3f07-506f-4c71-bbcd-ad24c177cab5,13003,Balen,Antwerpen,griesbroek 6,griesbroek 6,17,flanders
5759,2022,6,juvenile,26-05-2022_griesbroek 6,03dc3f07-506f-4c71-bbcd-ad24c177cab5,13003,Balen,Antwerpen,griesbroek 6,griesbroek 6,17,flanders
5760,2022,1754,larvae,26-05-2022_griesbroek 6,03dc3f07-506f-4c71-bbcd-ad24c177cab5,13003,Balen,Antwerpen,griesbroek 6,griesbroek 6,17,flanders
5761,2022,2,adult,26-05-2022_griesbroek 8,5cb58f03-360e-4037-9975-b9ecd48948a0,13003,Balen,Antwerpen,griesbroek 8,griesbroek 8,2,flanders
5762,2022,2,juvenile,26-05-2022_griesbroek 8,5cb58f03-360e-4037-9975-b9ecd48948a0,13003,Balen,Antwerpen,griesbroek 8,griesbroek 8,2,flanders
5763,2022,30,larvae,26-05-2022_griesbroek 8,5cb58f03-360e-4037-9975-b9ecd48948a0,13003,Balen,Antwerpen,griesbroek 8,griesbroek 8,2,flanders
5764,2022,0,adult,26-05-2022_ham 1,E7E0783B-191D-4BDA-B435-D49C9AE5E857,71069,Ham,Limburg,ham 1,ham 1,1,flanders
5765,2022,0,juvenile,26-05-2022_ham 1,E7E0783B-191D-4BDA-B435-D49C9AE5E857,71069,Ham,Limburg,ham 1,ham 1,1,flanders
5766,2022,0,larvae,26-05-2022_ham 1,E7E0783B-191D-4BDA-B435-D49C9AE5E857,71069,Ham,Limburg,ham 1,ham 1,1,flanders
5767,2022,0,adult,26-05-2022_nijlen b3b,023e2cd6-493c-4e24-bbe1-e03c9afdb0a1,12026,Nijlen,Antwerpen,nijlen b3b,nijlen b3b,6,flanders
5768,2022,0,juvenile,26-05-2022_nijlen b3b,023e2cd6-493c-4e24-bbe1-e03c9afdb0a1,12026,Nijlen,Antwerpen,nijlen b3b,nijlen b3b,6,flanders
5769,2022,0,larvae,26-05-2022_nijlen b3b,023e2cd6-493c-4e24-bbe1-e03c9afdb0a1,12026,Nijlen,Antwerpen,nijlen b3b,nijlen b3b,6,flanders
5770,2022,2,adult,26-05-2022_scheps 1,99b57d68-38ec-4f35-8d21-edaa375cf288,13003,Balen,Antwerpen,scheps 1,scheps 1,2,flanders
5771,2022,0,juvenile,26-05-2022_scheps 1,99b57d68-38ec-4f35-8d21-edaa375cf288,13003,Balen,Antwerpen,scheps 1,scheps 1,2,flanders
5772,2022,0,larvae,26-05-2022_scheps 1,99b57d68-38ec-4f35-8d21-edaa375cf288,13003,Balen,Antwerpen,scheps 1,scheps 1,2,flanders
5773,2022,2,adult,26-05-2022_scheps 20,03167d3d-4f00-42b8-b8be-fbe739205a3c,13003,Balen,Antwerpen,scheps 20,scheps 20,17,flanders
5774,2022,1,juvenile,26-05-2022_scheps 20,03167d3d-4f00-42b8-b8be-fbe739205a3c,13003,Balen,Antwerpen,scheps 20,scheps 20,17,flanders
5775,2022,1361,larvae,26-05-2022_scheps 20,03167d3d-4f00-42b8-b8be-fbe739205a3c,13003,Balen,Antwerpen,scheps 20,scheps 20,17,flanders
5776,2023,10,adult,26-05-2023_griesbroek 6,03dc3f07-506f-4c71-bbcd-ad24c177cab5,13003,Balen,Antwerpen,griesbroek 6,griesbroek 6,4,flanders
5777,2023,3,juvenile,26-05-2023_griesbroek 6,03dc3f07-506f-4c71-bbcd-ad24c177cab5,13003,Balen,Antwerpen,griesbroek 6,griesbroek 6,4,flanders
5778,2023,19,larvae,26-05-2023_griesbroek 6,03dc3f07-506f-4c71-bbcd-ad24c177cab5,13003,Balen,Antwerpen,griesbroek 6,griesbroek 6,4,flanders
5779,2023,0,adult,26-05-2023_laakdal 48,1980E2C4-7673-4ADF-BA6D-52B7508E79DB,13053,Laakdal,Antwerpen,laakdal 48,laakdal 48,2,flanders
5780,2023,0,juvenile,26-05-2023_laakdal 48,1980E2C4-7673-4ADF-BA6D-52B7508E79DB,13053,Laakdal,Antwerpen,laakdal 48,laakdal 48,2,flanders
5781,2023,0,larvae,26-05-2023_laakdal 48,1980E2C4-7673-4ADF-BA6D-52B7508E79DB,13053,Laakdal,Antwerpen,laakdal 48,laakdal 48,2,flanders
5782,2023,1,adult,26-05-2023_laakdal 5,62abe301-066c-4fa9-a54d-14e8b8882923,13053,Laakdal,Antwerpen,laakdal 5,laakdal 5,20,flanders
5783,2023,0,juvenile,26-05-2023_laakdal 5,62abe301-066c-4fa9-a54d-14e8b8882923,13053,Laakdal,Antwerpen,laakdal 5,laakdal 5,20,flanders
5784,2023,496,larvae,26-05-2023_laakdal 5,62abe301-066c-4fa9-a54d-14e8b8882923,13053,Laakdal,Antwerpen,laakdal 5,laakdal 5,20,flanders
5785,2023,0,adult,26-05-2023_meerhout 19,6A2EB05E-C933-4632-A071-88952615B54E,13021,Meerhout,Antwerpen,meerhout 19,meerhout 19,6,flanders
5786,2023,0,juvenile,26-05-2023_meerhout 19,6A2EB05E-C933-4632-A071-88952615B54E,13021,Meerhout,Antwerpen,meerhout 19,meerhout 19,6,flanders
5787,2023,13,larvae,26-05-2023_meerhout 19,6A2EB05E-C933-4632-A071-88952615B54E,13021,Meerhout,Antwerpen,meerhout 19,meerhout 19,6,flanders
5788,2023,0,adult,26-05-2023_scheps 20,03167d3d-4f00-42b8-b8be-fbe739205a3c,13003,Balen,Antwerpen,scheps 20,scheps 20,2,flanders
5789,2023,0,juvenile,26-05-2023_scheps 20,03167d3d-4f00-42b8-b8be-fbe739205a3c,13003,Balen,Antwerpen,scheps 20,scheps 20,2,flanders
5790,2023,83,larvae,26-05-2023_scheps 20,03167d3d-4f00-42b8-b8be-fbe739205a3c,13003,Balen,Antwerpen,scheps 20,scheps 20,2,flanders
5791,2012,1,adult,26-06-2012_arendonk 2,fbb3baeb-c846-444c-926e-02445e328b78,13001,Arendonk,Antwerpen,NA,NA,6,flanders
5792,2012,0,juvenile,26-06-2012_arendonk 2,fbb3baeb-c846-444c-926e-02445e328b78,13001,Arendonk,Antwerpen,NA,NA,6,flanders
5793,2012,497,larvae,26-06-2012_arendonk 2,fbb3baeb-c846-444c-926e-02445e328b78,13001,Arendonk,Antwerpen,NA,NA,6,flanders
5794,2013,2,adult,26-06-2013_arendonk 4,a7a15699-ae79-44ec-9f82-08ee0158e31d,13001,Arendonk,Antwerpen,NA,NA,5,flanders
5795,2013,0,juvenile,26-06-2013_arendonk 4,a7a15699-ae79-44ec-9f82-08ee0158e31d,13001,Arendonk,Antwerpen,NA,NA,5,flanders
5796,2013,0,larvae,26-06-2013_arendonk 4,a7a15699-ae79-44ec-9f82-08ee0158e31d,13001,Arendonk,Antwerpen,NA,NA,5,flanders
5797,2014,0,adult,26-06-2014_arendonk 2,fbb3baeb-c846-444c-926e-02445e328b78,13001,Arendonk,Antwerpen,NA,NA,4,flanders
5798,2014,0,juvenile,26-06-2014_arendonk 2,fbb3baeb-c846-444c-926e-02445e328b78,13001,Arendonk,Antwerpen,NA,NA,4,flanders
5799,2014,254,larvae,26-06-2014_arendonk 2,fbb3baeb-c846-444c-926e-02445e328b78,13001,Arendonk,Antwerpen,NA,NA,4,flanders
5800,2014,0,adult,26-06-2014_driehoek,48fb261c-3f3a-4a95-9103-1e6822dae999,13014,Hoogstraten,Antwerpen,NA,NA,3,flanders
5801,2014,0,juvenile,26-06-2014_driehoek,48fb261c-3f3a-4a95-9103-1e6822dae999,13014,Hoogstraten,Antwerpen,NA,NA,3,flanders
5802,2014,341,larvae,26-06-2014_driehoek,48fb261c-3f3a-4a95-9103-1e6822dae999,13014,Hoogstraten,Antwerpen,NA,NA,3,flanders
5803,2014,0,adult,26-06-2014_kasterlee 3,fa5d281f-6266-4d4b-b6a7-cd44132e9b99,13017,Kasterlee,Antwerpen,NA,NA,4,flanders
5804,2014,6,juvenile,26-06-2014_kasterlee 3,fa5d281f-6266-4d4b-b6a7-cd44132e9b99,13017,Kasterlee,Antwerpen,NA,NA,4,flanders
5805,2014,89,larvae,26-06-2014_kasterlee 3,fa5d281f-6266-4d4b-b6a7-cd44132e9b99,13017,Kasterlee,Antwerpen,NA,NA,4,flanders
5806,2015,0,adult,26-06-2015_arendonk 2,fbb3baeb-c846-444c-926e-02445e328b78,13001,Arendonk,Antwerpen,NA,NA,5,flanders
5807,2015,0,juvenile,26-06-2015_arendonk 2,fbb3baeb-c846-444c-926e-02445e328b78,13001,Arendonk,Antwerpen,NA,NA,5,flanders
5808,2015,488,larvae,26-06-2015_arendonk 2,fbb3baeb-c846-444c-926e-02445e328b78,13001,Arendonk,Antwerpen,NA,NA,5,flanders
5809,2015,0,adult,26-06-2015_bospoel,bf074168-c09d-40a9-b321-59ce253aa461,13014,Hoogstraten,Antwerpen,NA,NA,3,flanders
5810,2015,0,juvenile,26-06-2015_bospoel,bf074168-c09d-40a9-b321-59ce253aa461,13014,Hoogstraten,Antwerpen,NA,NA,3,flanders
5811,2015,13,larvae,26-06-2015_bospoel,bf074168-c09d-40a9-b321-59ce253aa461,13014,Hoogstraten,Antwerpen,NA,NA,3,flanders
5812,2018,0,adult,26-06-2018_arendonk 2,fbb3baeb-c846-444c-926e-02445e328b78,13001,Arendonk,Antwerpen,NA,NA,1,flanders
5813,2018,0,juvenile,26-06-2018_arendonk 2,fbb3baeb-c846-444c-926e-02445e328b78,13001,Arendonk,Antwerpen,NA,NA,1,flanders
5814,2018,11,larvae,26-06-2018_arendonk 2,fbb3baeb-c846-444c-926e-02445e328b78,13001,Arendonk,Antwerpen,NA,NA,1,flanders
5815,2018,0,adult,26-06-2018_arendonk 3,60e6e43e-6855-4917-a336-9ac46d087fad,13001,Arendonk,Antwerpen,NA,NA,1,flanders
5816,2018,6,juvenile,26-06-2018_arendonk 3,60e6e43e-6855-4917-a336-9ac46d087fad,13001,Arendonk,Antwerpen,NA,NA,1,flanders
5817,2018,116,larvae,26-06-2018_arendonk 3,60e6e43e-6855-4917-a336-9ac46d087fad,13001,Arendonk,Antwerpen,NA,NA,1,flanders
5818,2018,0,adult,26-06-2018_arendonk 4,a7a15699-ae79-44ec-9f82-08ee0158e31d,13001,Arendonk,Antwerpen,NA,NA,1,flanders
5819,2018,0,juvenile,26-06-2018_arendonk 4,a7a15699-ae79-44ec-9f82-08ee0158e31d,13001,Arendonk,Antwerpen,NA,NA,1,flanders
5820,2018,54,larvae,26-06-2018_arendonk 4,a7a15699-ae79-44ec-9f82-08ee0158e31d,13001,Arendonk,Antwerpen,NA,NA,1,flanders
5821,2020,0,adult,26-06-2020_nijlen g8,aeb8c3ff-e973-43d5-b03a-2e9bbd18b888,12021,Lier,Antwerpen,nijlen g8,nijlen g8,4,flanders
5822,2020,0,juvenile,26-06-2020_nijlen g8,aeb8c3ff-e973-43d5-b03a-2e9bbd18b888,12021,Lier,Antwerpen,nijlen g8,nijlen g8,4,flanders
5823,2020,0,larvae,26-06-2020_nijlen g8,aeb8c3ff-e973-43d5-b03a-2e9bbd18b888,12021,Lier,Antwerpen,nijlen g8,nijlen g8,4,flanders
5824,2020,0,adult,26-06-2020_nijlen l3,1aea0563-83f3-4fe6-9b53-f6d2c0e2b477,12021,Lier,Antwerpen,nijlen l3,nijlen l3,4,flanders
5825,2020,0,juvenile,26-06-2020_nijlen l3,1aea0563-83f3-4fe6-9b53-f6d2c0e2b477,12021,Lier,Antwerpen,nijlen l3,nijlen l3,4,flanders
5826,2020,0,larvae,26-06-2020_nijlen l3,1aea0563-83f3-4fe6-9b53-f6d2c0e2b477,12021,Lier,Antwerpen,nijlen l3,nijlen l3,4,flanders
5827,2021,0,adult,26-06-2021_nijlen l9,f5fae4b8-8b29-46d6-9d83-8dcf2a965cb8,12021,Lier,Antwerpen,nijlen l9,nijlen l9,8,flanders
5828,2021,0,juvenile,26-06-2021_nijlen l9,f5fae4b8-8b29-46d6-9d83-8dcf2a965cb8,12021,Lier,Antwerpen,nijlen l9,nijlen l9,8,flanders
5829,2021,0,larvae,26-06-2021_nijlen l9,f5fae4b8-8b29-46d6-9d83-8dcf2a965cb8,12021,Lier,Antwerpen,nijlen l9,nijlen l9,8,flanders
5830,2022,1,adult,26-06-2022_meerhout 13,8731AF96-CC5E-44B2-A8E8-AF9AC37F7E76,13008,Geel,Antwerpen,meerhout 13,meerhout 13,2,flanders
5831,2022,0,juvenile,26-06-2022_meerhout 13,8731AF96-CC5E-44B2-A8E8-AF9AC37F7E76,13008,Geel,Antwerpen,meerhout 13,meerhout 13,2,flanders
5832,2022,149,larvae,26-06-2022_meerhout 13,8731AF96-CC5E-44B2-A8E8-AF9AC37F7E76,13008,Geel,Antwerpen,meerhout 13,meerhout 13,2,flanders
5833,2022,3,adult,26-06-2022_meerhout 15,C3A85A82-8DBF-4F00-B8F0-E9334CC90EA3,13021,Meerhout,Antwerpen,meerhout 15,meerhout 15,2,flanders
5834,2022,4,juvenile,26-06-2022_meerhout 15,C3A85A82-8DBF-4F00-B8F0-E9334CC90EA3,13021,Meerhout,Antwerpen,meerhout 15,meerhout 15,2,flanders
5835,2022,116,larvae,26-06-2022_meerhout 15,C3A85A82-8DBF-4F00-B8F0-E9334CC90EA3,13021,Meerhout,Antwerpen,meerhout 15,meerhout 15,2,flanders
5836,2024,2,adult,26-06-2024_molse nete 33,276A7C1B-8319-406E-994A-FF595554EF58,13003,Balen,Antwerpen,molse nete 33,molse nete 33,10,flanders
5837,2024,0,juvenile,26-06-2024_molse nete 33,276A7C1B-8319-406E-994A-FF595554EF58,13003,Balen,Antwerpen,molse nete 33,molse nete 33,10,flanders
5838,2024,0,larvae,26-06-2024_molse nete 33,276A7C1B-8319-406E-994A-FF595554EF58,13003,Balen,Antwerpen,molse nete 33,molse nete 33,10,flanders
5839,2024,1,adult,26-06-2024_molse nete 34,C9CD45C3-D4B7-43B3-A539-282D76046F45,13003,Balen,Antwerpen,molse nete 34,molse nete 34,7,flanders
5840,2024,0,juvenile,26-06-2024_molse nete 34,C9CD45C3-D4B7-43B3-A539-282D76046F45,13003,Balen,Antwerpen,molse nete 34,molse nete 34,7,flanders
5841,2024,0,larvae,26-06-2024_molse nete 34,C9CD45C3-D4B7-43B3-A539-282D76046F45,13003,Balen,Antwerpen,molse nete 34,molse nete 34,7,flanders
5842,2024,0,adult,26-06-2024_molse nete 35,F3703B35-6728-4900-A862-04E8B6CB57CF,13003,Balen,Antwerpen,molse nete 35,molse nete 35,9,flanders
5843,2024,0,juvenile,26-06-2024_molse nete 35,F3703B35-6728-4900-A862-04E8B6CB57CF,13003,Balen,Antwerpen,molse nete 35,molse nete 35,9,flanders
5844,2024,0,larvae,26-06-2024_molse nete 35,F3703B35-6728-4900-A862-04E8B6CB57CF,13003,Balen,Antwerpen,molse nete 35,molse nete 35,9,flanders
5845,2024,0,adult,26-06-2024_molse nete 36,0CB2CE2E-0B10-466F-AFC9-E89420928222,13003,Balen,Antwerpen,molse nete 36,molse nete 36,5,flanders
5846,2024,0,juvenile,26-06-2024_molse nete 36,0CB2CE2E-0B10-466F-AFC9-E89420928222,13003,Balen,Antwerpen,molse nete 36,molse nete 36,5,flanders
5847,2024,3,larvae,26-06-2024_molse nete 36,0CB2CE2E-0B10-466F-AFC9-E89420928222,13003,Balen,Antwerpen,molse nete 36,molse nete 36,5,flanders
5848,2025,1,adult,26-06-2025_scheps 39,E0BFF7E4-D0E2-44B4-A7FE-2DD211144B52,13003,Balen,Antwerpen,scheps 39,scheps 39,5,flanders
5849,2025,1,juvenile,26-06-2025_scheps 39,E0BFF7E4-D0E2-44B4-A7FE-2DD211144B52,13003,Balen,Antwerpen,scheps 39,scheps 39,5,flanders
5850,2025,40,larvae,26-06-2025_scheps 39,E0BFF7E4-D0E2-44B4-A7FE-2DD211144B52,13003,Balen,Antwerpen,scheps 39,scheps 39,5,flanders
5851,2025,0,adult,26-06-2025_scheps 41,89FF8F2D-DE88-49E0-95F6-D0EA5A15D42F,13003,Balen,Antwerpen,scheps 41,scheps 41,3,flanders
5852,2025,0,juvenile,26-06-2025_scheps 41,89FF8F2D-DE88-49E0-95F6-D0EA5A15D42F,13003,Balen,Antwerpen,scheps 41,scheps 41,3,flanders
5853,2025,159,larvae,26-06-2025_scheps 41,89FF8F2D-DE88-49E0-95F6-D0EA5A15D42F,13003,Balen,Antwerpen,scheps 41,scheps 41,3,flanders
5854,2025,1,adult,26-06-2025_scheps 42,323F5909-B7D0-4A77-AC74-D9EF1DFB812A,13003,Balen,Antwerpen,scheps 42,scheps 42,3,flanders
5855,2025,0,juvenile,26-06-2025_scheps 42,323F5909-B7D0-4A77-AC74-D9EF1DFB812A,13003,Balen,Antwerpen,scheps 42,scheps 42,3,flanders
5856,2025,40,larvae,26-06-2025_scheps 42,323F5909-B7D0-4A77-AC74-D9EF1DFB812A,13003,Balen,Antwerpen,scheps 42,scheps 42,3,flanders
5857,2025,1,adult,26-06-2025_westerlo pidpa 3,2A0EB8B2-70D9-41D8-867E-7724BBBBB22F,13049,Westerlo,Antwerpen,westerlo pidpa 3,westerlo pidpa 3,5,flanders
5858,2025,2,juvenile,26-06-2025_westerlo pidpa 3,2A0EB8B2-70D9-41D8-867E-7724BBBBB22F,13049,Westerlo,Antwerpen,westerlo pidpa 3,westerlo pidpa 3,5,flanders
5859,2025,842,larvae,26-06-2025_westerlo pidpa 3,2A0EB8B2-70D9-41D8-867E-7724BBBBB22F,13049,Westerlo,Antwerpen,westerlo pidpa 3,westerlo pidpa 3,5,flanders
5860,2025,2,adult,26-06-2025_westerlo pidpa 4,97DBF7D8-3437-4AA1-B606-C07DDF6E0A04,13049,Westerlo,Antwerpen,westerlo pidpa 4,westerlo pidpa 4,7,flanders
5861,2025,1,juvenile,26-06-2025_westerlo pidpa 4,97DBF7D8-3437-4AA1-B606-C07DDF6E0A04,13049,Westerlo,Antwerpen,westerlo pidpa 4,westerlo pidpa 4,7,flanders
5862,2025,11,larvae,26-06-2025_westerlo pidpa 4,97DBF7D8-3437-4AA1-B606-C07DDF6E0A04,13049,Westerlo,Antwerpen,westerlo pidpa 4,westerlo pidpa 4,7,flanders
5863,2011,4,adult,26-07-2011_arendonk 1,91a8e2bb-b682-4c53-b213-7494198b12ce,13001,Arendonk,Antwerpen,NA,NA,9,flanders
5864,2011,1,juvenile,26-07-2011_arendonk 1,91a8e2bb-b682-4c53-b213-7494198b12ce,13001,Arendonk,Antwerpen,NA,NA,9,flanders
5865,2011,157,larvae,26-07-2011_arendonk 1,91a8e2bb-b682-4c53-b213-7494198b12ce,13001,Arendonk,Antwerpen,NA,NA,9,flanders
5866,2013,0,adult,26-07-2013_arendonk 2,fbb3baeb-c846-444c-926e-02445e328b78,13001,Arendonk,Antwerpen,NA,NA,5,flanders
5867,2013,0,juvenile,26-07-2013_arendonk 2,fbb3baeb-c846-444c-926e-02445e328b78,13001,Arendonk,Antwerpen,NA,NA,5,flanders
5868,2013,53,larvae,26-07-2013_arendonk 2,fbb3baeb-c846-444c-926e-02445e328b78,13001,Arendonk,Antwerpen,NA,NA,5,flanders
5869,2018,0,adult,26-07-2018_arendonk 3,60e6e43e-6855-4917-a336-9ac46d087fad,13001,Arendonk,Antwerpen,NA,NA,1,flanders
5870,2018,18,juvenile,26-07-2018_arendonk 3,60e6e43e-6855-4917-a336-9ac46d087fad,13001,Arendonk,Antwerpen,NA,NA,1,flanders
5871,2018,52,larvae,26-07-2018_arendonk 3,60e6e43e-6855-4917-a336-9ac46d087fad,13001,Arendonk,Antwerpen,NA,NA,1,flanders
5872,2018,0,adult,26-07-2018_nijlen d3,01c64427-44d5-497c-bbdc-dbff8b1c8dc7,12021,Lier,Antwerpen,NA,NA,1,flanders
5873,2018,0,juvenile,26-07-2018_nijlen d3,01c64427-44d5-497c-bbdc-dbff8b1c8dc7,12021,Lier,Antwerpen,NA,NA,1,flanders
5874,2018,4,larvae,26-07-2018_nijlen d3,01c64427-44d5-497c-bbdc-dbff8b1c8dc7,12021,Lier,Antwerpen,NA,NA,1,flanders
5875,2018,0,adult,26-07-2018_scheps 20,03167d3d-4f00-42b8-b8be-fbe739205a3c,13003,Balen,Antwerpen,NA,NA,5,flanders
5876,2018,0,juvenile,26-07-2018_scheps 20,03167d3d-4f00-42b8-b8be-fbe739205a3c,13003,Balen,Antwerpen,NA,NA,5,flanders
5877,2018,209,larvae,26-07-2018_scheps 20,03167d3d-4f00-42b8-b8be-fbe739205a3c,13003,Balen,Antwerpen,NA,NA,5,flanders
5878,2022,0,adult,26-07-2022_scheps 39,E0BFF7E4-D0E2-44B4-A7FE-2DD211144B52,13003,Balen,Antwerpen,scheps 39,scheps 39,15,flanders
5879,2022,3,juvenile,26-07-2022_scheps 39,E0BFF7E4-D0E2-44B4-A7FE-2DD211144B52,13003,Balen,Antwerpen,scheps 39,scheps 39,15,flanders
5880,2022,520,larvae,26-07-2022_scheps 39,E0BFF7E4-D0E2-44B4-A7FE-2DD211144B52,13003,Balen,Antwerpen,scheps 39,scheps 39,15,flanders
5881,2022,0,adult,26-07-2022_scheps 40,F839D846-F59A-4D49-AE3A-724B06CE89E4,13003,Balen,Antwerpen,scheps 40,scheps 40,10,flanders
5882,2022,16,juvenile,26-07-2022_scheps 40,F839D846-F59A-4D49-AE3A-724B06CE89E4,13003,Balen,Antwerpen,scheps 40,scheps 40,10,flanders
5883,2022,6,larvae,26-07-2022_scheps 40,F839D846-F59A-4D49-AE3A-724B06CE89E4,13003,Balen,Antwerpen,scheps 40,scheps 40,10,flanders
5884,2023,0,adult,26-07-2023_antbal0309,0BB25383-695B-4437-A66D-E8F3353A93EC,13003,Balen,Antwerpen,antbal0309,antbal0309,6,flanders
5885,2023,1,juvenile,26-07-2023_antbal0309,0BB25383-695B-4437-A66D-E8F3353A93EC,13003,Balen,Antwerpen,antbal0309,antbal0309,6,flanders
5886,2023,0,larvae,26-07-2023_antbal0309,0BB25383-695B-4437-A66D-E8F3353A93EC,13003,Balen,Antwerpen,antbal0309,antbal0309,6,flanders
5887,2023,0,adult,26-07-2023_molse nete 23,025AB23B-DF57-46C0-84C4-D351208209B3,13003,Balen,Antwerpen,molse nete 23,molse nete 23,4,flanders
5888,2023,5,juvenile,26-07-2023_molse nete 23,025AB23B-DF57-46C0-84C4-D351208209B3,13003,Balen,Antwerpen,molse nete 23,molse nete 23,4,flanders
5889,2023,0,larvae,26-07-2023_molse nete 23,025AB23B-DF57-46C0-84C4-D351208209B3,13003,Balen,Antwerpen,molse nete 23,molse nete 23,4,flanders
5890,2023,0,adult,26-07-2023_molse nete 24,667B05B6-3402-42C6-9DA3-60DA57D7751A,13003,Balen,Antwerpen,molse nete 24,molse nete 24,4,flanders
5891,2023,0,juvenile,26-07-2023_molse nete 24,667B05B6-3402-42C6-9DA3-60DA57D7751A,13003,Balen,Antwerpen,molse nete 24,molse nete 24,4,flanders
5892,2023,0,larvae,26-07-2023_molse nete 24,667B05B6-3402-42C6-9DA3-60DA57D7751A,13003,Balen,Antwerpen,molse nete 24,molse nete 24,4,flanders
5893,2023,0,adult,26-07-2023_molse nete 25,CCB25757-251A-496E-BE76-0FCEBCCE248E,13003,Balen,Antwerpen,molse nete 25,molse nete 25,5,flanders
5894,2023,6,juvenile,26-07-2023_molse nete 25,CCB25757-251A-496E-BE76-0FCEBCCE248E,13003,Balen,Antwerpen,molse nete 25,molse nete 25,5,flanders
5895,2023,49,larvae,26-07-2023_molse nete 25,CCB25757-251A-496E-BE76-0FCEBCCE248E,13003,Balen,Antwerpen,molse nete 25,molse nete 25,5,flanders
5896,2024,0,adult,26-07-2024_laakdal 28,dee6de91-ec4a-4fe7-ad5b-f291ab15e737,13053,Laakdal,Antwerpen,laakdal 28,laakdal 28,11,flanders
5897,2024,0,juvenile,26-07-2024_laakdal 28,dee6de91-ec4a-4fe7-ad5b-f291ab15e737,13053,Laakdal,Antwerpen,laakdal 28,laakdal 28,11,flanders
5898,2024,0,larvae,26-07-2024_laakdal 28,dee6de91-ec4a-4fe7-ad5b-f291ab15e737,13053,Laakdal,Antwerpen,laakdal 28,laakdal 28,11,flanders
5899,2024,1,adult,26-07-2024_laakdal 29a,de83344d-e0f9-4f55-a1a8-78276efef1a7,13053,Laakdal,Antwerpen,laakdal 29a,laakdal 29a,3,flanders
5900,2024,0,juvenile,26-07-2024_laakdal 29a,de83344d-e0f9-4f55-a1a8-78276efef1a7,13053,Laakdal,Antwerpen,laakdal 29a,laakdal 29a,3,flanders
5901,2024,0,larvae,26-07-2024_laakdal 29a,de83344d-e0f9-4f55-a1a8-78276efef1a7,13053,Laakdal,Antwerpen,laakdal 29a,laakdal 29a,3,flanders
5902,2024,0,adult,26-07-2024_laakdal 30,b9f26eb5-535f-4adb-a08c-a03acbdd911d,13053,Laakdal,Antwerpen,laakdal 30,laakdal 30,3,flanders
5903,2024,0,juvenile,26-07-2024_laakdal 30,b9f26eb5-535f-4adb-a08c-a03acbdd911d,13053,Laakdal,Antwerpen,laakdal 30,laakdal 30,3,flanders
5904,2024,0,larvae,26-07-2024_laakdal 30,b9f26eb5-535f-4adb-a08c-a03acbdd911d,13053,Laakdal,Antwerpen,laakdal 30,laakdal 30,3,flanders
5905,2024,0,adult,26-07-2024_laakdal 30c,e8165c62-451a-4d96-882f-468098023cc4,13053,Laakdal,Antwerpen,laakdal 30c,laakdal 30c,3,flanders
5906,2024,0,juvenile,26-07-2024_laakdal 30c,e8165c62-451a-4d96-882f-468098023cc4,13053,Laakdal,Antwerpen,laakdal 30c,laakdal 30c,3,flanders
5907,2024,0,larvae,26-07-2024_laakdal 30c,e8165c62-451a-4d96-882f-468098023cc4,13053,Laakdal,Antwerpen,laakdal 30c,laakdal 30c,3,flanders
5908,2024,0,adult,26-07-2024_molse nete 25,CCB25757-251A-496E-BE76-0FCEBCCE248E,13003,Balen,Antwerpen,molse nete 25,molse nete 25,9,flanders
5909,2024,1,juvenile,26-07-2024_molse nete 25,CCB25757-251A-496E-BE76-0FCEBCCE248E,13003,Balen,Antwerpen,molse nete 25,molse nete 25,9,flanders
5910,2024,231,larvae,26-07-2024_molse nete 25,CCB25757-251A-496E-BE76-0FCEBCCE248E,13003,Balen,Antwerpen,molse nete 25,molse nete 25,9,flanders
5911,2024,0,adult,26-07-2024_molse nete 30,83A1CEBC-73DF-448E-ACFA-85D5E9051C1D,13003,Balen,Antwerpen,molse nete 30,molse nete 30,6,flanders
5912,2024,1,juvenile,26-07-2024_molse nete 30,83A1CEBC-73DF-448E-ACFA-85D5E9051C1D,13003,Balen,Antwerpen,molse nete 30,molse nete 30,6,flanders
5913,2024,0,larvae,26-07-2024_molse nete 30,83A1CEBC-73DF-448E-ACFA-85D5E9051C1D,13003,Balen,Antwerpen,molse nete 30,molse nete 30,6,flanders
5914,2024,1,adult,26-07-2024_molse nete 34,C9CD45C3-D4B7-43B3-A539-282D76046F45,13003,Balen,Antwerpen,molse nete 34,molse nete 34,5,flanders
5915,2024,1,juvenile,26-07-2024_molse nete 34,C9CD45C3-D4B7-43B3-A539-282D76046F45,13003,Balen,Antwerpen,molse nete 34,molse nete 34,5,flanders
5916,2024,115,larvae,26-07-2024_molse nete 34,C9CD45C3-D4B7-43B3-A539-282D76046F45,13003,Balen,Antwerpen,molse nete 34,molse nete 34,5,flanders
5917,2010,1,adult,26-08-2010_bospoel,bf074168-c09d-40a9-b321-59ce253aa461,13014,Hoogstraten,Antwerpen,NA,NA,4,flanders
5918,2010,2,juvenile,26-08-2010_bospoel,bf074168-c09d-40a9-b321-59ce253aa461,13014,Hoogstraten,Antwerpen,NA,NA,4,flanders
5919,2010,101,larvae,26-08-2010_bospoel,bf074168-c09d-40a9-b321-59ce253aa461,13014,Hoogstraten,Antwerpen,NA,NA,4,flanders
5920,2011,0,adult,26-08-2011_arendonk 3,60e6e43e-6855-4917-a336-9ac46d087fad,13001,Arendonk,Antwerpen,NA,NA,6,flanders
5921,2011,7,juvenile,26-08-2011_arendonk 3,60e6e43e-6855-4917-a336-9ac46d087fad,13001,Arendonk,Antwerpen,NA,NA,6,flanders
5922,2011,56,larvae,26-08-2011_arendonk 3,60e6e43e-6855-4917-a336-9ac46d087fad,13001,Arendonk,Antwerpen,NA,NA,6,flanders
5923,2014,0,adult,26-08-2014_arendonk 2,fbb3baeb-c846-444c-926e-02445e328b78,13001,Arendonk,Antwerpen,NA,NA,6,flanders
5924,2014,0,juvenile,26-08-2014_arendonk 2,fbb3baeb-c846-444c-926e-02445e328b78,13001,Arendonk,Antwerpen,NA,NA,6,flanders
5925,2014,449,larvae,26-08-2014_arendonk 2,fbb3baeb-c846-444c-926e-02445e328b78,13001,Arendonk,Antwerpen,NA,NA,6,flanders
5926,2020,5,adult,26-08-2020_griesbroek 6,03dc3f07-506f-4c71-bbcd-ad24c177cab5,13003,Balen,Antwerpen,griesbroek 6,griesbroek 6,3,flanders
5927,2020,109,juvenile,26-08-2020_griesbroek 6,03dc3f07-506f-4c71-bbcd-ad24c177cab5,13003,Balen,Antwerpen,griesbroek 6,griesbroek 6,3,flanders
5928,2020,1154,larvae,26-08-2020_griesbroek 6,03dc3f07-506f-4c71-bbcd-ad24c177cab5,13003,Balen,Antwerpen,griesbroek 6,griesbroek 6,3,flanders
5929,2020,6,adult,26-08-2020_scheps 20,03167d3d-4f00-42b8-b8be-fbe739205a3c,13003,Balen,Antwerpen,scheps 20,scheps 20,6,flanders
5930,2020,11,juvenile,26-08-2020_scheps 20,03167d3d-4f00-42b8-b8be-fbe739205a3c,13003,Balen,Antwerpen,scheps 20,scheps 20,6,flanders
5931,2020,3136,larvae,26-08-2020_scheps 20,03167d3d-4f00-42b8-b8be-fbe739205a3c,13003,Balen,Antwerpen,scheps 20,scheps 20,6,flanders
5932,2020,0,adult,26-08-2020_scheps 9,dacf70c7-504f-401e-8d63-1a361709fd5f,13003,Balen,Antwerpen,scheps 9,scheps 9,2,flanders
5933,2020,2,juvenile,26-08-2020_scheps 9,dacf70c7-504f-401e-8d63-1a361709fd5f,13003,Balen,Antwerpen,scheps 9,scheps 9,2,flanders
5934,2020,10,larvae,26-08-2020_scheps 9,dacf70c7-504f-401e-8d63-1a361709fd5f,13003,Balen,Antwerpen,scheps 9,scheps 9,2,flanders
5935,2021,0,adult,26-08-2021_herselt 8,3D6D580A-AB46-401F-8ABF-43001E535D3F,13013,Herselt,Antwerpen,herselt 8,herselt 8,10,flanders
5936,2021,0,juvenile,26-08-2021_herselt 8,3D6D580A-AB46-401F-8ABF-43001E535D3F,13013,Herselt,Antwerpen,herselt 8,herselt 8,10,flanders
5937,2021,145,larvae,26-08-2021_herselt 8,3D6D580A-AB46-401F-8ABF-43001E535D3F,13013,Herselt,Antwerpen,herselt 8,herselt 8,10,flanders
5938,2012,2,adult,26-09-2012_arendonk 1,91a8e2bb-b682-4c53-b213-7494198b12ce,13001,Arendonk,Antwerpen,NA,NA,3,flanders
5939,2012,0,juvenile,26-09-2012_arendonk 1,91a8e2bb-b682-4c53-b213-7494198b12ce,13001,Arendonk,Antwerpen,NA,NA,3,flanders
5940,2012,0,larvae,26-09-2012_arendonk 1,91a8e2bb-b682-4c53-b213-7494198b12ce,13001,Arendonk,Antwerpen,NA,NA,3,flanders
5941,2014,0,adult,26-09-2014_arendonk 2,fbb3baeb-c846-444c-926e-02445e328b78,13001,Arendonk,Antwerpen,NA,NA,10,flanders
5942,2014,0,juvenile,26-09-2014_arendonk 2,fbb3baeb-c846-444c-926e-02445e328b78,13001,Arendonk,Antwerpen,NA,NA,10,flanders
5943,2014,725,larvae,26-09-2014_arendonk 2,fbb3baeb-c846-444c-926e-02445e328b78,13001,Arendonk,Antwerpen,NA,NA,10,flanders
5944,2018,0,adult,26-09-2018_arendonk 2,fbb3baeb-c846-444c-926e-02445e328b78,13001,Arendonk,Antwerpen,NA,NA,1,flanders
5945,2018,1,juvenile,26-09-2018_arendonk 2,fbb3baeb-c846-444c-926e-02445e328b78,13001,Arendonk,Antwerpen,NA,NA,1,flanders
5946,2018,28,larvae,26-09-2018_arendonk 2,fbb3baeb-c846-444c-926e-02445e328b78,13001,Arendonk,Antwerpen,NA,NA,1,flanders
5947,2019,0,adult,26-09-2019_nijlen b10,554e3c11-e529-4b0b-a162-714c72d3547e,12026,Nijlen,Antwerpen,nijlen b10,nijlen b10,6,flanders
5948,2019,5,juvenile,26-09-2019_nijlen b10,554e3c11-e529-4b0b-a162-714c72d3547e,12026,Nijlen,Antwerpen,nijlen b10,nijlen b10,6,flanders
5949,2019,595,larvae,26-09-2019_nijlen b10,554e3c11-e529-4b0b-a162-714c72d3547e,12026,Nijlen,Antwerpen,nijlen b10,nijlen b10,6,flanders
5950,2020,0,adult,26-09-2020_nijlen h1,e4967c07-aaa3-4aa5-9ba6-54322313066c,12021,Lier,Antwerpen,nijlen h1,nijlen h1,10,flanders
5951,2020,0,juvenile,26-09-2020_nijlen h1,e4967c07-aaa3-4aa5-9ba6-54322313066c,12021,Lier,Antwerpen,nijlen h1,nijlen h1,10,flanders
5952,2020,0,larvae,26-09-2020_nijlen h1,e4967c07-aaa3-4aa5-9ba6-54322313066c,12021,Lier,Antwerpen,nijlen h1,nijlen h1,10,flanders
5953,2016,0,adult,27-04-2016_arendonk 2,fbb3baeb-c846-444c-926e-02445e328b78,13001,Arendonk,Antwerpen,NA,NA,2,flanders
5954,2016,0,juvenile,27-04-2016_arendonk 2,fbb3baeb-c846-444c-926e-02445e328b78,13001,Arendonk,Antwerpen,NA,NA,2,flanders
5955,2016,297,larvae,27-04-2016_arendonk 2,fbb3baeb-c846-444c-926e-02445e328b78,13001,Arendonk,Antwerpen,NA,NA,2,flanders
5956,2014,0,adult,27-05-2014_driehoek,48fb261c-3f3a-4a95-9103-1e6822dae999,13014,Hoogstraten,Antwerpen,NA,NA,3,flanders
5957,2014,0,juvenile,27-05-2014_driehoek,48fb261c-3f3a-4a95-9103-1e6822dae999,13014,Hoogstraten,Antwerpen,NA,NA,3,flanders
5958,2014,656,larvae,27-05-2014_driehoek,48fb261c-3f3a-4a95-9103-1e6822dae999,13014,Hoogstraten,Antwerpen,NA,NA,3,flanders
5959,2020,0,adult,27-05-2020_nijlen d2,cd389f4a-ecc8-4265-aded-b22e467d8ace,12021,Lier,Antwerpen,nijlen d2,nijlen d2,1,flanders
5960,2020,0,juvenile,27-05-2020_nijlen d2,cd389f4a-ecc8-4265-aded-b22e467d8ace,12021,Lier,Antwerpen,nijlen d2,nijlen d2,1,flanders
5961,2020,0,larvae,27-05-2020_nijlen d2,cd389f4a-ecc8-4265-aded-b22e467d8ace,12021,Lier,Antwerpen,nijlen d2,nijlen d2,1,flanders
5962,2021,0,adult,27-05-2021_arendonk 3,3F49AB70-7443-4002-8599-FA8F7F38616B,13001,Arendonk,Antwerpen,arendonk 3,arendonk 3,5,flanders
5963,2021,0,juvenile,27-05-2021_arendonk 3,3F49AB70-7443-4002-8599-FA8F7F38616B,13001,Arendonk,Antwerpen,arendonk 3,arendonk 3,5,flanders
5964,2021,1,larvae,27-05-2021_arendonk 3,3F49AB70-7443-4002-8599-FA8F7F38616B,13001,Arendonk,Antwerpen,arendonk 3,arendonk 3,5,flanders
5965,2021,0,adult,27-05-2021_arendonk 4,a7a15699-ae79-44ec-9f82-08ee0158e31d,13001,Arendonk,Antwerpen,arendonk 4,arendonk 4,5,flanders
5966,2021,0,juvenile,27-05-2021_arendonk 4,a7a15699-ae79-44ec-9f82-08ee0158e31d,13001,Arendonk,Antwerpen,arendonk 4,arendonk 4,5,flanders
5967,2021,0,larvae,27-05-2021_arendonk 4,a7a15699-ae79-44ec-9f82-08ee0158e31d,13001,Arendonk,Antwerpen,arendonk 4,arendonk 4,5,flanders
5968,2021,2,adult,27-05-2021_griesbroek 6,03dc3f07-506f-4c71-bbcd-ad24c177cab5,13003,Balen,Antwerpen,griesbroek 6,griesbroek 6,8,flanders
5969,2021,1,juvenile,27-05-2021_griesbroek 6,03dc3f07-506f-4c71-bbcd-ad24c177cab5,13003,Balen,Antwerpen,griesbroek 6,griesbroek 6,8,flanders
5970,2021,232,larvae,27-05-2021_griesbroek 6,03dc3f07-506f-4c71-bbcd-ad24c177cab5,13003,Balen,Antwerpen,griesbroek 6,griesbroek 6,8,flanders
5971,2021,0,adult,27-05-2021_nijlen h1,e4967c07-aaa3-4aa5-9ba6-54322313066c,12021,Lier,Antwerpen,nijlen h1,nijlen h1,8,flanders
5972,2021,0,juvenile,27-05-2021_nijlen h1,e4967c07-aaa3-4aa5-9ba6-54322313066c,12021,Lier,Antwerpen,nijlen h1,nijlen h1,8,flanders
5973,2021,0,larvae,27-05-2021_nijlen h1,e4967c07-aaa3-4aa5-9ba6-54322313066c,12021,Lier,Antwerpen,nijlen h1,nijlen h1,8,flanders
5974,2022,6,adult,27-05-2022_griesbroek 6,03dc3f07-506f-4c71-bbcd-ad24c177cab5,13003,Balen,Antwerpen,griesbroek 6,griesbroek 6,21,flanders
5975,2022,11,juvenile,27-05-2022_griesbroek 6,03dc3f07-506f-4c71-bbcd-ad24c177cab5,13003,Balen,Antwerpen,griesbroek 6,griesbroek 6,21,flanders
5976,2022,2388,larvae,27-05-2022_griesbroek 6,03dc3f07-506f-4c71-bbcd-ad24c177cab5,13003,Balen,Antwerpen,griesbroek 6,griesbroek 6,21,flanders
5977,2022,0,adult,27-05-2022_ham 1,E7E0783B-191D-4BDA-B435-D49C9AE5E857,71069,Ham,Limburg,ham 1,ham 1,1,flanders
5978,2022,0,juvenile,27-05-2022_ham 1,E7E0783B-191D-4BDA-B435-D49C9AE5E857,71069,Ham,Limburg,ham 1,ham 1,1,flanders
5979,2022,0,larvae,27-05-2022_ham 1,E7E0783B-191D-4BDA-B435-D49C9AE5E857,71069,Ham,Limburg,ham 1,ham 1,1,flanders
5980,2022,0,adult,27-05-2022_nijlen b3b,023e2cd6-493c-4e24-bbe1-e03c9afdb0a1,12026,Nijlen,Antwerpen,nijlen b3b,nijlen b3b,6,flanders
5981,2022,0,juvenile,27-05-2022_nijlen b3b,023e2cd6-493c-4e24-bbe1-e03c9afdb0a1,12026,Nijlen,Antwerpen,nijlen b3b,nijlen b3b,6,flanders
5982,2022,0,larvae,27-05-2022_nijlen b3b,023e2cd6-493c-4e24-bbe1-e03c9afdb0a1,12026,Nijlen,Antwerpen,nijlen b3b,nijlen b3b,6,flanders
5983,2022,1,adult,27-05-2022_scheps 1,99b57d68-38ec-4f35-8d21-edaa375cf288,13003,Balen,Antwerpen,scheps 1,scheps 1,2,flanders
5984,2022,0,juvenile,27-05-2022_scheps 1,99b57d68-38ec-4f35-8d21-edaa375cf288,13003,Balen,Antwerpen,scheps 1,scheps 1,2,flanders
5985,2022,0,larvae,27-05-2022_scheps 1,99b57d68-38ec-4f35-8d21-edaa375cf288,13003,Balen,Antwerpen,scheps 1,scheps 1,2,flanders
5986,2022,5,adult,27-05-2022_scheps 20,03167d3d-4f00-42b8-b8be-fbe739205a3c,13003,Balen,Antwerpen,scheps 20,scheps 20,16,flanders
5987,2022,8,juvenile,27-05-2022_scheps 20,03167d3d-4f00-42b8-b8be-fbe739205a3c,13003,Balen,Antwerpen,scheps 20,scheps 20,16,flanders
5988,2022,715,larvae,27-05-2022_scheps 20,03167d3d-4f00-42b8-b8be-fbe739205a3c,13003,Balen,Antwerpen,scheps 20,scheps 20,16,flanders
5989,2025,1,adult,27-05-2025_antlkd 0300,30BC8B78-B6A9-45DE-92CD-A7801509C5CF,13053,Laakdal,Antwerpen,antlkd 0300,antlkd 0300,4,flanders
5990,2025,0,juvenile,27-05-2025_antlkd 0300,30BC8B78-B6A9-45DE-92CD-A7801509C5CF,13053,Laakdal,Antwerpen,antlkd 0300,antlkd 0300,4,flanders
5991,2025,0,larvae,27-05-2025_antlkd 0300,30BC8B78-B6A9-45DE-92CD-A7801509C5CF,13053,Laakdal,Antwerpen,antlkd 0300,antlkd 0300,4,flanders
5992,2025,10,adult,27-05-2025_griesbroek 6,03dc3f07-506f-4c71-bbcd-ad24c177cab5,13003,Balen,Antwerpen,griesbroek 6,griesbroek 6,11,flanders
5993,2025,0,juvenile,27-05-2025_griesbroek 6,03dc3f07-506f-4c71-bbcd-ad24c177cab5,13003,Balen,Antwerpen,griesbroek 6,griesbroek 6,11,flanders
5994,2025,8,larvae,27-05-2025_griesbroek 6,03dc3f07-506f-4c71-bbcd-ad24c177cab5,13003,Balen,Antwerpen,griesbroek 6,griesbroek 6,11,flanders
5995,2025,0,adult,27-05-2025_laakdal 41,3FF122FA-A234-4A59-B023-BF7A15813990,13053,Laakdal,Antwerpen,laakdal 41,laakdal 41,9,flanders
5996,2025,0,juvenile,27-05-2025_laakdal 41,3FF122FA-A234-4A59-B023-BF7A15813990,13053,Laakdal,Antwerpen,laakdal 41,laakdal 41,9,flanders
5997,2025,101,larvae,27-05-2025_laakdal 41,3FF122FA-A234-4A59-B023-BF7A15813990,13053,Laakdal,Antwerpen,laakdal 41,laakdal 41,9,flanders
5998,2025,2,adult,27-05-2025_laakdal 5,62abe301-066c-4fa9-a54d-14e8b8882923,13053,Laakdal,Antwerpen,laakdal 5,laakdal 5,10,flanders
5999,2025,6,juvenile,27-05-2025_laakdal 5,62abe301-066c-4fa9-a54d-14e8b8882923,13053,Laakdal,Antwerpen,laakdal 5,laakdal 5,10,flanders
6000,2025,1261,larvae,27-05-2025_laakdal 5,62abe301-066c-4fa9-a54d-14e8b8882923,13053,Laakdal,Antwerpen,laakdal 5,laakdal 5,10,flanders
6001,2025,2,adult,27-05-2025_scheps 7,009d325e-8c76-4049-bc69-31f6163e254e,13003,Balen,Antwerpen,scheps 7,scheps 7,8,flanders
6002,2025,0,juvenile,27-05-2025_scheps 7,009d325e-8c76-4049-bc69-31f6163e254e,13003,Balen,Antwerpen,scheps 7,scheps 7,8,flanders
6003,2025,0,larvae,27-05-2025_scheps 7,009d325e-8c76-4049-bc69-31f6163e254e,13003,Balen,Antwerpen,scheps 7,scheps 7,8,flanders
6004,2012,0,adult,27-06-2012_arendonk 2,fbb3baeb-c846-444c-926e-02445e328b78,13001,Arendonk,Antwerpen,NA,NA,6,flanders
6005,2012,0,juvenile,27-06-2012_arendonk 2,fbb3baeb-c846-444c-926e-02445e328b78,13001,Arendonk,Antwerpen,NA,NA,6,flanders
6006,2012,198,larvae,27-06-2012_arendonk 2,fbb3baeb-c846-444c-926e-02445e328b78,13001,Arendonk,Antwerpen,NA,NA,6,flanders
6007,2014,0,adult,27-06-2014_driehoek,48fb261c-3f3a-4a95-9103-1e6822dae999,13014,Hoogstraten,Antwerpen,NA,NA,3,flanders
6008,2014,0,juvenile,27-06-2014_driehoek,48fb261c-3f3a-4a95-9103-1e6822dae999,13014,Hoogstraten,Antwerpen,NA,NA,3,flanders
6009,2014,54,larvae,27-06-2014_driehoek,48fb261c-3f3a-4a95-9103-1e6822dae999,13014,Hoogstraten,Antwerpen,NA,NA,3,flanders
6010,2018,0,adult,27-06-2018_arendonk 2,fbb3baeb-c846-444c-926e-02445e328b78,13001,Arendonk,Antwerpen,NA,NA,1,flanders
6011,2018,0,juvenile,27-06-2018_arendonk 2,fbb3baeb-c846-444c-926e-02445e328b78,13001,Arendonk,Antwerpen,NA,NA,1,flanders
6012,2018,14,larvae,27-06-2018_arendonk 2,fbb3baeb-c846-444c-926e-02445e328b78,13001,Arendonk,Antwerpen,NA,NA,1,flanders
6013,2018,0,adult,27-06-2018_arendonk 3,60e6e43e-6855-4917-a336-9ac46d087fad,13001,Arendonk,Antwerpen,NA,NA,1,flanders
6014,2018,0,juvenile,27-06-2018_arendonk 3,60e6e43e-6855-4917-a336-9ac46d087fad,13001,Arendonk,Antwerpen,NA,NA,1,flanders
6015,2018,66,larvae,27-06-2018_arendonk 3,60e6e43e-6855-4917-a336-9ac46d087fad,13001,Arendonk,Antwerpen,NA,NA,1,flanders
6016,2018,0,adult,27-06-2018_arendonk 4,a7a15699-ae79-44ec-9f82-08ee0158e31d,13001,Arendonk,Antwerpen,NA,NA,1,flanders
6017,2018,0,juvenile,27-06-2018_arendonk 4,a7a15699-ae79-44ec-9f82-08ee0158e31d,13001,Arendonk,Antwerpen,NA,NA,1,flanders
6018,2018,21,larvae,27-06-2018_arendonk 4,a7a15699-ae79-44ec-9f82-08ee0158e31d,13001,Arendonk,Antwerpen,NA,NA,1,flanders
6019,2019,0,adult,27-06-2019_arendonk 2,fbb3baeb-c846-444c-926e-02445e328b78,13001,Arendonk,Antwerpen,arendonk 2,arendonk 2,4,flanders
6020,2019,0,juvenile,27-06-2019_arendonk 2,fbb3baeb-c846-444c-926e-02445e328b78,13001,Arendonk,Antwerpen,arendonk 2,arendonk 2,4,flanders
6021,2019,8,larvae,27-06-2019_arendonk 2,fbb3baeb-c846-444c-926e-02445e328b78,13001,Arendonk,Antwerpen,arendonk 2,arendonk 2,4,flanders
6022,2019,0,adult,27-06-2019_nijlen b10,554e3c11-e529-4b0b-a162-714c72d3547e,12026,Nijlen,Antwerpen,nijlen b10,nijlen b10,8,flanders
6023,2019,16,juvenile,27-06-2019_nijlen b10,554e3c11-e529-4b0b-a162-714c72d3547e,12026,Nijlen,Antwerpen,nijlen b10,nijlen b10,8,flanders
6024,2019,454,larvae,27-06-2019_nijlen b10,554e3c11-e529-4b0b-a162-714c72d3547e,12026,Nijlen,Antwerpen,nijlen b10,nijlen b10,8,flanders
6025,2019,1,adult,27-06-2019_nijlen b9,abd1f412-8e63-4eae-bf83-afa3f0d03b33,12026,Nijlen,Antwerpen,nijlen b9,nijlen b9,2,flanders
6026,2019,0,juvenile,27-06-2019_nijlen b9,abd1f412-8e63-4eae-bf83-afa3f0d03b33,12026,Nijlen,Antwerpen,nijlen b9,nijlen b9,2,flanders
6027,2019,1,larvae,27-06-2019_nijlen b9,abd1f412-8e63-4eae-bf83-afa3f0d03b33,12026,Nijlen,Antwerpen,nijlen b9,nijlen b9,2,flanders
6028,2020,0,adult,27-06-2020_nijlen g8,aeb8c3ff-e973-43d5-b03a-2e9bbd18b888,12021,Lier,Antwerpen,nijlen g8,nijlen g8,4,flanders
6029,2020,0,juvenile,27-06-2020_nijlen g8,aeb8c3ff-e973-43d5-b03a-2e9bbd18b888,12021,Lier,Antwerpen,nijlen g8,nijlen g8,4,flanders
6030,2020,0,larvae,27-06-2020_nijlen g8,aeb8c3ff-e973-43d5-b03a-2e9bbd18b888,12021,Lier,Antwerpen,nijlen g8,nijlen g8,4,flanders
6031,2020,0,adult,27-06-2020_nijlen l3,1aea0563-83f3-4fe6-9b53-f6d2c0e2b477,12021,Lier,Antwerpen,nijlen l3,nijlen l3,4,flanders
6032,2020,0,juvenile,27-06-2020_nijlen l3,1aea0563-83f3-4fe6-9b53-f6d2c0e2b477,12021,Lier,Antwerpen,nijlen l3,nijlen l3,4,flanders
6033,2020,0,larvae,27-06-2020_nijlen l3,1aea0563-83f3-4fe6-9b53-f6d2c0e2b477,12021,Lier,Antwerpen,nijlen l3,nijlen l3,4,flanders
6034,2023,5,adult,27-06-2023_scheps 20,03167d3d-4f00-42b8-b8be-fbe739205a3c,13003,Balen,Antwerpen,scheps 20,scheps 20,14,flanders
6035,2023,0,juvenile,27-06-2023_scheps 20,03167d3d-4f00-42b8-b8be-fbe739205a3c,13003,Balen,Antwerpen,scheps 20,scheps 20,14,flanders
6036,2023,172,larvae,27-06-2023_scheps 20,03167d3d-4f00-42b8-b8be-fbe739205a3c,13003,Balen,Antwerpen,scheps 20,scheps 20,14,flanders
6037,2023,10,adult,27-06-2023_scheps 35,C40A62BC-753E-4B8E-A09E-101C73DE9BD0,13021,Meerhout,Antwerpen,scheps 35,scheps 35,8,flanders
6038,2023,15,juvenile,27-06-2023_scheps 35,C40A62BC-753E-4B8E-A09E-101C73DE9BD0,13021,Meerhout,Antwerpen,scheps 35,scheps 35,8,flanders
6039,2023,3931,larvae,27-06-2023_scheps 35,C40A62BC-753E-4B8E-A09E-101C73DE9BD0,13021,Meerhout,Antwerpen,scheps 35,scheps 35,8,flanders
6040,2023,2,adult,27-06-2023_scheps 39,E0BFF7E4-D0E2-44B4-A7FE-2DD211144B52,13003,Balen,Antwerpen,scheps 39,scheps 39,6,flanders
6041,2023,0,juvenile,27-06-2023_scheps 39,E0BFF7E4-D0E2-44B4-A7FE-2DD211144B52,13003,Balen,Antwerpen,scheps 39,scheps 39,6,flanders
6042,2023,0,larvae,27-06-2023_scheps 39,E0BFF7E4-D0E2-44B4-A7FE-2DD211144B52,13003,Balen,Antwerpen,scheps 39,scheps 39,6,flanders
6043,2023,3,adult,27-06-2023_scheps 41,89FF8F2D-DE88-49E0-95F6-D0EA5A15D42F,13003,Balen,Antwerpen,scheps 41,scheps 41,7,flanders
6044,2023,0,juvenile,27-06-2023_scheps 41,89FF8F2D-DE88-49E0-95F6-D0EA5A15D42F,13003,Balen,Antwerpen,scheps 41,scheps 41,7,flanders
6045,2023,46,larvae,27-06-2023_scheps 41,89FF8F2D-DE88-49E0-95F6-D0EA5A15D42F,13003,Balen,Antwerpen,scheps 41,scheps 41,7,flanders
6046,2023,3,adult,27-06-2023_scheps 42,323F5909-B7D0-4A77-AC74-D9EF1DFB812A,13003,Balen,Antwerpen,scheps 42,scheps 42,7,flanders
6047,2023,0,juvenile,27-06-2023_scheps 42,323F5909-B7D0-4A77-AC74-D9EF1DFB812A,13003,Balen,Antwerpen,scheps 42,scheps 42,7,flanders
6048,2023,3,larvae,27-06-2023_scheps 42,323F5909-B7D0-4A77-AC74-D9EF1DFB812A,13003,Balen,Antwerpen,scheps 42,scheps 42,7,flanders
6049,2024,0,adult,27-06-2024_molse nete 31,FF2EAC7B-0342-4549-A8B8-E0542719444C,13003,Balen,Antwerpen,molse nete 31,molse nete 31,3,flanders
6050,2024,2,juvenile,27-06-2024_molse nete 31,FF2EAC7B-0342-4549-A8B8-E0542719444C,13003,Balen,Antwerpen,molse nete 31,molse nete 31,3,flanders
6051,2024,3,larvae,27-06-2024_molse nete 31,FF2EAC7B-0342-4549-A8B8-E0542719444C,13003,Balen,Antwerpen,molse nete 31,molse nete 31,3,flanders
6052,2024,0,adult,27-06-2024_molse nete 33,276A7C1B-8319-406E-994A-FF595554EF58,13003,Balen,Antwerpen,molse nete 33,molse nete 33,8,flanders
6053,2024,0,juvenile,27-06-2024_molse nete 33,276A7C1B-8319-406E-994A-FF595554EF58,13003,Balen,Antwerpen,molse nete 33,molse nete 33,8,flanders
6054,2024,0,larvae,27-06-2024_molse nete 33,276A7C1B-8319-406E-994A-FF595554EF58,13003,Balen,Antwerpen,molse nete 33,molse nete 33,8,flanders
6055,2024,1,adult,27-06-2024_molse nete 34,C9CD45C3-D4B7-43B3-A539-282D76046F45,13003,Balen,Antwerpen,molse nete 34,molse nete 34,7,flanders
6056,2024,0,juvenile,27-06-2024_molse nete 34,C9CD45C3-D4B7-43B3-A539-282D76046F45,13003,Balen,Antwerpen,molse nete 34,molse nete 34,7,flanders
6057,2024,0,larvae,27-06-2024_molse nete 34,C9CD45C3-D4B7-43B3-A539-282D76046F45,13003,Balen,Antwerpen,molse nete 34,molse nete 34,7,flanders
6058,2024,0,adult,27-06-2024_molse nete 35,F3703B35-6728-4900-A862-04E8B6CB57CF,13003,Balen,Antwerpen,molse nete 35,molse nete 35,9,flanders
6059,2024,0,juvenile,27-06-2024_molse nete 35,F3703B35-6728-4900-A862-04E8B6CB57CF,13003,Balen,Antwerpen,molse nete 35,molse nete 35,9,flanders
6060,2024,0,larvae,27-06-2024_molse nete 35,F3703B35-6728-4900-A862-04E8B6CB57CF,13003,Balen,Antwerpen,molse nete 35,molse nete 35,9,flanders
6061,2024,0,adult,27-06-2024_molse nete 36,0CB2CE2E-0B10-466F-AFC9-E89420928222,13003,Balen,Antwerpen,molse nete 36,molse nete 36,5,flanders
6062,2024,0,juvenile,27-06-2024_molse nete 36,0CB2CE2E-0B10-466F-AFC9-E89420928222,13003,Balen,Antwerpen,molse nete 36,molse nete 36,5,flanders
6063,2024,0,larvae,27-06-2024_molse nete 36,0CB2CE2E-0B10-466F-AFC9-E89420928222,13003,Balen,Antwerpen,molse nete 36,molse nete 36,5,flanders
6064,2025,1,adult,27-06-2025_scheps 39,E0BFF7E4-D0E2-44B4-A7FE-2DD211144B52,13003,Balen,Antwerpen,scheps 39,scheps 39,5,flanders
6065,2025,0,juvenile,27-06-2025_scheps 39,E0BFF7E4-D0E2-44B4-A7FE-2DD211144B52,13003,Balen,Antwerpen,scheps 39,scheps 39,5,flanders
6066,2025,23,larvae,27-06-2025_scheps 39,E0BFF7E4-D0E2-44B4-A7FE-2DD211144B52,13003,Balen,Antwerpen,scheps 39,scheps 39,5,flanders
6067,2025,0,adult,27-06-2025_scheps 41,89FF8F2D-DE88-49E0-95F6-D0EA5A15D42F,13003,Balen,Antwerpen,scheps 41,scheps 41,3,flanders
6068,2025,0,juvenile,27-06-2025_scheps 41,89FF8F2D-DE88-49E0-95F6-D0EA5A15D42F,13003,Balen,Antwerpen,scheps 41,scheps 41,3,flanders
6069,2025,96,larvae,27-06-2025_scheps 41,89FF8F2D-DE88-49E0-95F6-D0EA5A15D42F,13003,Balen,Antwerpen,scheps 41,scheps 41,3,flanders
6070,2025,0,adult,27-06-2025_scheps 42,323F5909-B7D0-4A77-AC74-D9EF1DFB812A,13003,Balen,Antwerpen,scheps 42,scheps 42,3,flanders
6071,2025,0,juvenile,27-06-2025_scheps 42,323F5909-B7D0-4A77-AC74-D9EF1DFB812A,13003,Balen,Antwerpen,scheps 42,scheps 42,3,flanders
6072,2025,50,larvae,27-06-2025_scheps 42,323F5909-B7D0-4A77-AC74-D9EF1DFB812A,13003,Balen,Antwerpen,scheps 42,scheps 42,3,flanders
6073,2025,0,adult,27-06-2025_westerlo pidpa 3,2A0EB8B2-70D9-41D8-867E-7724BBBBB22F,13049,Westerlo,Antwerpen,westerlo pidpa 3,westerlo pidpa 3,5,flanders
6074,2025,0,juvenile,27-06-2025_westerlo pidpa 3,2A0EB8B2-70D9-41D8-867E-7724BBBBB22F,13049,Westerlo,Antwerpen,westerlo pidpa 3,westerlo pidpa 3,5,flanders
6075,2025,360,larvae,27-06-2025_westerlo pidpa 3,2A0EB8B2-70D9-41D8-867E-7724BBBBB22F,13049,Westerlo,Antwerpen,westerlo pidpa 3,westerlo pidpa 3,5,flanders
6076,2025,1,adult,27-06-2025_westerlo pidpa 4,97DBF7D8-3437-4AA1-B606-C07DDF6E0A04,13049,Westerlo,Antwerpen,westerlo pidpa 4,westerlo pidpa 4,6,flanders
6077,2025,1,juvenile,27-06-2025_westerlo pidpa 4,97DBF7D8-3437-4AA1-B606-C07DDF6E0A04,13049,Westerlo,Antwerpen,westerlo pidpa 4,westerlo pidpa 4,6,flanders
6078,2025,17,larvae,27-06-2025_westerlo pidpa 4,97DBF7D8-3437-4AA1-B606-C07DDF6E0A04,13049,Westerlo,Antwerpen,westerlo pidpa 4,westerlo pidpa 4,6,flanders
6079,2010,1,adult,27-07-2010_driehoek,48fb261c-3f3a-4a95-9103-1e6822dae999,13014,Hoogstraten,Antwerpen,NA,NA,6,flanders
6080,2010,40,juvenile,27-07-2010_driehoek,48fb261c-3f3a-4a95-9103-1e6822dae999,13014,Hoogstraten,Antwerpen,NA,NA,6,flanders
6081,2010,428,larvae,27-07-2010_driehoek,48fb261c-3f3a-4a95-9103-1e6822dae999,13014,Hoogstraten,Antwerpen,NA,NA,6,flanders
6082,2011,0,adult,27-07-2011_arendonk 1,91a8e2bb-b682-4c53-b213-7494198b12ce,13001,Arendonk,Antwerpen,NA,NA,6,flanders
6083,2011,1,juvenile,27-07-2011_arendonk 1,91a8e2bb-b682-4c53-b213-7494198b12ce,13001,Arendonk,Antwerpen,NA,NA,6,flanders
6084,2011,25,larvae,27-07-2011_arendonk 1,91a8e2bb-b682-4c53-b213-7494198b12ce,13001,Arendonk,Antwerpen,NA,NA,6,flanders
6085,2016,0,adult,27-07-2016_arendonk 1,91a8e2bb-b682-4c53-b213-7494198b12ce,13001,Arendonk,Antwerpen,NA,NA,4,flanders
6086,2016,1,juvenile,27-07-2016_arendonk 1,91a8e2bb-b682-4c53-b213-7494198b12ce,13001,Arendonk,Antwerpen,NA,NA,4,flanders
6087,2016,128,larvae,27-07-2016_arendonk 1,91a8e2bb-b682-4c53-b213-7494198b12ce,13001,Arendonk,Antwerpen,NA,NA,4,flanders
6088,2016,0,adult,27-07-2016_arendonk 2,fbb3baeb-c846-444c-926e-02445e328b78,13001,Arendonk,Antwerpen,NA,NA,6,flanders
6089,2016,15,juvenile,27-07-2016_arendonk 2,fbb3baeb-c846-444c-926e-02445e328b78,13001,Arendonk,Antwerpen,NA,NA,6,flanders
6090,2016,2184,larvae,27-07-2016_arendonk 2,fbb3baeb-c846-444c-926e-02445e328b78,13001,Arendonk,Antwerpen,NA,NA,6,flanders
6091,2016,0,adult,27-07-2016_nijlen b10,554e3c11-e529-4b0b-a162-714c72d3547e,12026,Nijlen,Antwerpen,NA,NA,1,flanders
6092,2016,0,juvenile,27-07-2016_nijlen b10,554e3c11-e529-4b0b-a162-714c72d3547e,12026,Nijlen,Antwerpen,NA,NA,1,flanders
6093,2016,2,larvae,27-07-2016_nijlen b10,554e3c11-e529-4b0b-a162-714c72d3547e,12026,Nijlen,Antwerpen,NA,NA,1,flanders
6094,2018,0,adult,27-07-2018_arendonk 3,60e6e43e-6855-4917-a336-9ac46d087fad,13001,Arendonk,Antwerpen,NA,NA,1,flanders
6095,2018,16,juvenile,27-07-2018_arendonk 3,60e6e43e-6855-4917-a336-9ac46d087fad,13001,Arendonk,Antwerpen,NA,NA,1,flanders
6096,2018,34,larvae,27-07-2018_arendonk 3,60e6e43e-6855-4917-a336-9ac46d087fad,13001,Arendonk,Antwerpen,NA,NA,1,flanders
6097,2018,0,adult,27-07-2018_scheps 10,ff328547-af9c-4e6f-bbf1-5d2856b2da7b,13003,Balen,Antwerpen,NA,NA,2,flanders
6098,2018,1,juvenile,27-07-2018_scheps 10,ff328547-af9c-4e6f-bbf1-5d2856b2da7b,13003,Balen,Antwerpen,NA,NA,2,flanders
6099,2018,0,larvae,27-07-2018_scheps 10,ff328547-af9c-4e6f-bbf1-5d2856b2da7b,13003,Balen,Antwerpen,NA,NA,2,flanders
6100,2018,4,adult,27-07-2018_scheps 20,03167d3d-4f00-42b8-b8be-fbe739205a3c,13003,Balen,Antwerpen,NA,NA,5,flanders
6101,2018,3,juvenile,27-07-2018_scheps 20,03167d3d-4f00-42b8-b8be-fbe739205a3c,13003,Balen,Antwerpen,NA,NA,5,flanders
6102,2018,104,larvae,27-07-2018_scheps 20,03167d3d-4f00-42b8-b8be-fbe739205a3c,13003,Balen,Antwerpen,NA,NA,5,flanders
6103,2021,0,adult,27-07-2021_scheps 10,ff328547-af9c-4e6f-bbf1-5d2856b2da7b,13003,Balen,Antwerpen,scheps 10,scheps 10,4,flanders
6104,2021,3,juvenile,27-07-2021_scheps 10,ff328547-af9c-4e6f-bbf1-5d2856b2da7b,13003,Balen,Antwerpen,scheps 10,scheps 10,4,flanders
6105,2021,0,larvae,27-07-2021_scheps 10,ff328547-af9c-4e6f-bbf1-5d2856b2da7b,13003,Balen,Antwerpen,scheps 10,scheps 10,4,flanders
6106,2021,7,adult,27-07-2021_scheps 20,03167d3d-4f00-42b8-b8be-fbe739205a3c,13003,Balen,Antwerpen,scheps 20,scheps 20,5,flanders
6107,2021,9,juvenile,27-07-2021_scheps 20,03167d3d-4f00-42b8-b8be-fbe739205a3c,13003,Balen,Antwerpen,scheps 20,scheps 20,5,flanders
6108,2021,146,larvae,27-07-2021_scheps 20,03167d3d-4f00-42b8-b8be-fbe739205a3c,13003,Balen,Antwerpen,scheps 20,scheps 20,5,flanders
6109,2021,0,adult,27-07-2021_scheps 3,e527fa11-d98b-4caa-a892-3aa87fd646b5,13003,Balen,Antwerpen,scheps 3,scheps 3,4,flanders
6110,2021,0,juvenile,27-07-2021_scheps 3,e527fa11-d98b-4caa-a892-3aa87fd646b5,13003,Balen,Antwerpen,scheps 3,scheps 3,4,flanders
6111,2021,0,larvae,27-07-2021_scheps 3,e527fa11-d98b-4caa-a892-3aa87fd646b5,13003,Balen,Antwerpen,scheps 3,scheps 3,4,flanders
6112,2021,5,adult,27-07-2021_scheps 35,C40A62BC-753E-4B8E-A09E-101C73DE9BD0,13021,Meerhout,Antwerpen,scheps 35,scheps 35,6,flanders
6113,2021,5,juvenile,27-07-2021_scheps 35,C40A62BC-753E-4B8E-A09E-101C73DE9BD0,13021,Meerhout,Antwerpen,scheps 35,scheps 35,6,flanders
6114,2021,1492,larvae,27-07-2021_scheps 35,C40A62BC-753E-4B8E-A09E-101C73DE9BD0,13021,Meerhout,Antwerpen,scheps 35,scheps 35,6,flanders
6115,2022,0,adult,27-07-2022_scheps 39,E0BFF7E4-D0E2-44B4-A7FE-2DD211144B52,13003,Balen,Antwerpen,scheps 39,scheps 39,15,flanders
6116,2022,4,juvenile,27-07-2022_scheps 39,E0BFF7E4-D0E2-44B4-A7FE-2DD211144B52,13003,Balen,Antwerpen,scheps 39,scheps 39,15,flanders
6117,2022,257,larvae,27-07-2022_scheps 39,E0BFF7E4-D0E2-44B4-A7FE-2DD211144B52,13003,Balen,Antwerpen,scheps 39,scheps 39,15,flanders
6118,2022,1,adult,27-07-2022_scheps 40,F839D846-F59A-4D49-AE3A-724B06CE89E4,13003,Balen,Antwerpen,scheps 40,scheps 40,11,flanders
6119,2022,21,juvenile,27-07-2022_scheps 40,F839D846-F59A-4D49-AE3A-724B06CE89E4,13003,Balen,Antwerpen,scheps 40,scheps 40,11,flanders
6120,2022,1,larvae,27-07-2022_scheps 40,F839D846-F59A-4D49-AE3A-724B06CE89E4,13003,Balen,Antwerpen,scheps 40,scheps 40,11,flanders
6121,2023,0,adult,27-07-2023_antbal0309,0BB25383-695B-4437-A66D-E8F3353A93EC,13003,Balen,Antwerpen,antbal0309,antbal0309,5,flanders
6122,2023,0,juvenile,27-07-2023_antbal0309,0BB25383-695B-4437-A66D-E8F3353A93EC,13003,Balen,Antwerpen,antbal0309,antbal0309,5,flanders
6123,2023,0,larvae,27-07-2023_antbal0309,0BB25383-695B-4437-A66D-E8F3353A93EC,13003,Balen,Antwerpen,antbal0309,antbal0309,5,flanders
6124,2023,0,adult,27-07-2023_molse nete 23,025AB23B-DF57-46C0-84C4-D351208209B3,13003,Balen,Antwerpen,molse nete 23,molse nete 23,4,flanders
6125,2023,3,juvenile,27-07-2023_molse nete 23,025AB23B-DF57-46C0-84C4-D351208209B3,13003,Balen,Antwerpen,molse nete 23,molse nete 23,4,flanders
6126,2023,0,larvae,27-07-2023_molse nete 23,025AB23B-DF57-46C0-84C4-D351208209B3,13003,Balen,Antwerpen,molse nete 23,molse nete 23,4,flanders
6127,2023,0,adult,27-07-2023_molse nete 24,667B05B6-3402-42C6-9DA3-60DA57D7751A,13003,Balen,Antwerpen,molse nete 24,molse nete 24,4,flanders
6128,2023,1,juvenile,27-07-2023_molse nete 24,667B05B6-3402-42C6-9DA3-60DA57D7751A,13003,Balen,Antwerpen,molse nete 24,molse nete 24,4,flanders
6129,2023,1,larvae,27-07-2023_molse nete 24,667B05B6-3402-42C6-9DA3-60DA57D7751A,13003,Balen,Antwerpen,molse nete 24,molse nete 24,4,flanders
6130,2023,0,adult,27-07-2023_molse nete 25,CCB25757-251A-496E-BE76-0FCEBCCE248E,13003,Balen,Antwerpen,molse nete 25,molse nete 25,5,flanders
6131,2023,4,juvenile,27-07-2023_molse nete 25,CCB25757-251A-496E-BE76-0FCEBCCE248E,13003,Balen,Antwerpen,molse nete 25,molse nete 25,5,flanders
6132,2023,47,larvae,27-07-2023_molse nete 25,CCB25757-251A-496E-BE76-0FCEBCCE248E,13003,Balen,Antwerpen,molse nete 25,molse nete 25,5,flanders
6133,2010,0,adult,27-08-2010_bospoel,bf074168-c09d-40a9-b321-59ce253aa461,13014,Hoogstraten,Antwerpen,NA,NA,4,flanders
6134,2010,4,juvenile,27-08-2010_bospoel,bf074168-c09d-40a9-b321-59ce253aa461,13014,Hoogstraten,Antwerpen,NA,NA,4,flanders
6135,2010,33,larvae,27-08-2010_bospoel,bf074168-c09d-40a9-b321-59ce253aa461,13014,Hoogstraten,Antwerpen,NA,NA,4,flanders
6136,2014,0,adult,27-08-2014_arendonk 2,fbb3baeb-c846-444c-926e-02445e328b78,13001,Arendonk,Antwerpen,NA,NA,6,flanders
6137,2014,0,juvenile,27-08-2014_arendonk 2,fbb3baeb-c846-444c-926e-02445e328b78,13001,Arendonk,Antwerpen,NA,NA,6,flanders
6138,2014,368,larvae,27-08-2014_arendonk 2,fbb3baeb-c846-444c-926e-02445e328b78,13001,Arendonk,Antwerpen,NA,NA,6,flanders
6139,2020,4,adult,27-08-2020_griesbroek 6,03dc3f07-506f-4c71-bbcd-ad24c177cab5,13003,Balen,Antwerpen,griesbroek 6,griesbroek 6,3,flanders
6140,2020,107,juvenile,27-08-2020_griesbroek 6,03dc3f07-506f-4c71-bbcd-ad24c177cab5,13003,Balen,Antwerpen,griesbroek 6,griesbroek 6,3,flanders
6141,2020,1079,larvae,27-08-2020_griesbroek 6,03dc3f07-506f-4c71-bbcd-ad24c177cab5,13003,Balen,Antwerpen,griesbroek 6,griesbroek 6,3,flanders
6142,2020,3,adult,27-08-2020_scheps 20,03167d3d-4f00-42b8-b8be-fbe739205a3c,13003,Balen,Antwerpen,scheps 20,scheps 20,6,flanders
6143,2020,10,juvenile,27-08-2020_scheps 20,03167d3d-4f00-42b8-b8be-fbe739205a3c,13003,Balen,Antwerpen,scheps 20,scheps 20,6,flanders
6144,2020,1843,larvae,27-08-2020_scheps 20,03167d3d-4f00-42b8-b8be-fbe739205a3c,13003,Balen,Antwerpen,scheps 20,scheps 20,6,flanders
6145,2020,0,adult,27-08-2020_scheps 9,dacf70c7-504f-401e-8d63-1a361709fd5f,13003,Balen,Antwerpen,scheps 9,scheps 9,2,flanders
6146,2020,17,juvenile,27-08-2020_scheps 9,dacf70c7-504f-401e-8d63-1a361709fd5f,13003,Balen,Antwerpen,scheps 9,scheps 9,2,flanders
6147,2020,71,larvae,27-08-2020_scheps 9,dacf70c7-504f-401e-8d63-1a361709fd5f,13003,Balen,Antwerpen,scheps 9,scheps 9,2,flanders
6148,2021,0,adult,27-08-2021_herselt 8,3D6D580A-AB46-401F-8ABF-43001E535D3F,13013,Herselt,Antwerpen,herselt 8,herselt 8,10,flanders
6149,2021,0,juvenile,27-08-2021_herselt 8,3D6D580A-AB46-401F-8ABF-43001E535D3F,13013,Herselt,Antwerpen,herselt 8,herselt 8,10,flanders
6150,2021,141,larvae,27-08-2021_herselt 8,3D6D580A-AB46-401F-8ABF-43001E535D3F,13013,Herselt,Antwerpen,herselt 8,herselt 8,10,flanders
6151,2024,0,adult,27-08-2024_school 1,676171EF-BEA1-4F9C-825B-D36FD7EE2A6F,71057,Tessenderlo,Limburg,school 1,school 1,10,flanders
6152,2024,1,juvenile,27-08-2024_school 1,676171EF-BEA1-4F9C-825B-D36FD7EE2A6F,71057,Tessenderlo,Limburg,school 1,school 1,10,flanders
6153,2024,0,larvae,27-08-2024_school 1,676171EF-BEA1-4F9C-825B-D36FD7EE2A6F,71057,Tessenderlo,Limburg,school 1,school 1,10,flanders
6154,2024,0,adult,27-08-2024_shoot 2,9F07F9C0-9C0F-4708-947F-670799BD59F3,71057,Tessenderlo,Limburg,shoot 2,shoot 2,8,flanders
6155,2024,0,juvenile,27-08-2024_shoot 2,9F07F9C0-9C0F-4708-947F-670799BD59F3,71057,Tessenderlo,Limburg,shoot 2,shoot 2,8,flanders
6156,2024,0,larvae,27-08-2024_shoot 2,9F07F9C0-9C0F-4708-947F-670799BD59F3,71057,Tessenderlo,Limburg,shoot 2,shoot 2,8,flanders
6157,2011,1,adult,27-09-2011_arendonk 3,60e6e43e-6855-4917-a336-9ac46d087fad,13001,Arendonk,Antwerpen,NA,NA,7,flanders
6158,2011,1,juvenile,27-09-2011_arendonk 3,60e6e43e-6855-4917-a336-9ac46d087fad,13001,Arendonk,Antwerpen,NA,NA,7,flanders
6159,2011,27,larvae,27-09-2011_arendonk 3,60e6e43e-6855-4917-a336-9ac46d087fad,13001,Arendonk,Antwerpen,NA,NA,7,flanders
6160,2018,0,adult,27-09-2018_arendonk 2,fbb3baeb-c846-444c-926e-02445e328b78,13001,Arendonk,Antwerpen,NA,NA,1,flanders
6161,2018,3,juvenile,27-09-2018_arendonk 2,fbb3baeb-c846-444c-926e-02445e328b78,13001,Arendonk,Antwerpen,NA,NA,1,flanders
6162,2018,15,larvae,27-09-2018_arendonk 2,fbb3baeb-c846-444c-926e-02445e328b78,13001,Arendonk,Antwerpen,NA,NA,1,flanders
6163,2019,2,adult,27-09-2019_nijlen b10,554e3c11-e529-4b0b-a162-714c72d3547e,12026,Nijlen,Antwerpen,nijlen b10,nijlen b10,6,flanders
6164,2019,9,juvenile,27-09-2019_nijlen b10,554e3c11-e529-4b0b-a162-714c72d3547e,12026,Nijlen,Antwerpen,nijlen b10,nijlen b10,6,flanders
6165,2019,314,larvae,27-09-2019_nijlen b10,554e3c11-e529-4b0b-a162-714c72d3547e,12026,Nijlen,Antwerpen,nijlen b10,nijlen b10,6,flanders
6166,2019,1,adult,27-09-2019_nijlen b11,602c47a6-7c4a-46b9-b481-921731880571,12026,Nijlen,Antwerpen,nijlen b11,nijlen b11,2,flanders
6167,2019,0,juvenile,27-09-2019_nijlen b11,602c47a6-7c4a-46b9-b481-921731880571,12026,Nijlen,Antwerpen,nijlen b11,nijlen b11,2,flanders
6168,2019,26,larvae,27-09-2019_nijlen b11,602c47a6-7c4a-46b9-b481-921731880571,12026,Nijlen,Antwerpen,nijlen b11,nijlen b11,2,flanders
6169,2016,1,adult,27-10-2016_kasterlee 2,902992af-4522-4053-8807-fb181584bdc4,13017,Kasterlee,Antwerpen,NA,NA,1,flanders
6170,2016,0,juvenile,27-10-2016_kasterlee 2,902992af-4522-4053-8807-fb181584bdc4,13017,Kasterlee,Antwerpen,NA,NA,1,flanders
6171,2016,0,larvae,27-10-2016_kasterlee 2,902992af-4522-4053-8807-fb181584bdc4,13017,Kasterlee,Antwerpen,NA,NA,1,flanders
6172,2015,0,adult,28-04-2015_arendonk 2,fbb3baeb-c846-444c-926e-02445e328b78,13001,Arendonk,Antwerpen,NA,NA,4,flanders
6173,2015,0,juvenile,28-04-2015_arendonk 2,fbb3baeb-c846-444c-926e-02445e328b78,13001,Arendonk,Antwerpen,NA,NA,4,flanders
6174,2015,1000,larvae,28-04-2015_arendonk 2,fbb3baeb-c846-444c-926e-02445e328b78,13001,Arendonk,Antwerpen,NA,NA,4,flanders
6175,2015,0,adult,28-04-2015_bospoel,bf074168-c09d-40a9-b321-59ce253aa461,13014,Hoogstraten,Antwerpen,NA,NA,2,flanders
6176,2015,0,juvenile,28-04-2015_bospoel,bf074168-c09d-40a9-b321-59ce253aa461,13014,Hoogstraten,Antwerpen,NA,NA,2,flanders
6177,2015,25,larvae,28-04-2015_bospoel,bf074168-c09d-40a9-b321-59ce253aa461,13014,Hoogstraten,Antwerpen,NA,NA,2,flanders
6178,2017,0,adult,28-04-2017_scheps 8,909d4ce7-901a-499c-b993-242731897f23,13003,Balen,Antwerpen,NA,NA,1,flanders
6179,2017,0,juvenile,28-04-2017_scheps 8,909d4ce7-901a-499c-b993-242731897f23,13003,Balen,Antwerpen,NA,NA,1,flanders
6180,2017,7,larvae,28-04-2017_scheps 8,909d4ce7-901a-499c-b993-242731897f23,13003,Balen,Antwerpen,NA,NA,1,flanders
6181,2020,1,adult,28-04-2020_griesbroek 3,95a96ebf-b2d0-461f-9304-d7ada7c4f31d,13003,Balen,Antwerpen,griesbroek 3,griesbroek 3,1,flanders
6182,2020,0,juvenile,28-04-2020_griesbroek 3,95a96ebf-b2d0-461f-9304-d7ada7c4f31d,13003,Balen,Antwerpen,griesbroek 3,griesbroek 3,1,flanders
6183,2020,79,larvae,28-04-2020_griesbroek 3,95a96ebf-b2d0-461f-9304-d7ada7c4f31d,13003,Balen,Antwerpen,griesbroek 3,griesbroek 3,1,flanders
6184,2020,0,adult,28-04-2020_griesbroek 4,ae7f6fdc-d05b-4c2a-ac00-1411d658bd0e,13003,Balen,Antwerpen,griesbroek 4,griesbroek 4,2,flanders
6185,2020,0,juvenile,28-04-2020_griesbroek 4,ae7f6fdc-d05b-4c2a-ac00-1411d658bd0e,13003,Balen,Antwerpen,griesbroek 4,griesbroek 4,2,flanders
6186,2020,112,larvae,28-04-2020_griesbroek 4,ae7f6fdc-d05b-4c2a-ac00-1411d658bd0e,13003,Balen,Antwerpen,griesbroek 4,griesbroek 4,2,flanders
6187,2020,0,adult,28-04-2020_griesbroek 5,829b4e3e-8baf-4236-9896-1f8bb58e893c,13003,Balen,Antwerpen,griesbroek 5,griesbroek 5,2,flanders
6188,2020,0,juvenile,28-04-2020_griesbroek 5,829b4e3e-8baf-4236-9896-1f8bb58e893c,13003,Balen,Antwerpen,griesbroek 5,griesbroek 5,2,flanders
6189,2020,43,larvae,28-04-2020_griesbroek 5,829b4e3e-8baf-4236-9896-1f8bb58e893c,13003,Balen,Antwerpen,griesbroek 5,griesbroek 5,2,flanders
6190,2020,0,adult,28-04-2020_griesbroek 7,80f08260-00f4-4989-8299-eee838d085b4,13003,Balen,Antwerpen,griesbroek 7,griesbroek 7,2,flanders
6191,2020,0,juvenile,28-04-2020_griesbroek 7,80f08260-00f4-4989-8299-eee838d085b4,13003,Balen,Antwerpen,griesbroek 7,griesbroek 7,2,flanders
6192,2020,12,larvae,28-04-2020_griesbroek 7,80f08260-00f4-4989-8299-eee838d085b4,13003,Balen,Antwerpen,griesbroek 7,griesbroek 7,2,flanders
6193,2022,6,adult,28-04-2022_griesbroek 6,03dc3f07-506f-4c71-bbcd-ad24c177cab5,13003,Balen,Antwerpen,griesbroek 6,griesbroek 6,12,flanders
6194,2022,4,juvenile,28-04-2022_griesbroek 6,03dc3f07-506f-4c71-bbcd-ad24c177cab5,13003,Balen,Antwerpen,griesbroek 6,griesbroek 6,12,flanders
6195,2022,7582,larvae,28-04-2022_griesbroek 6,03dc3f07-506f-4c71-bbcd-ad24c177cab5,13003,Balen,Antwerpen,griesbroek 6,griesbroek 6,12,flanders
6196,2014,0,adult,28-05-2014_driehoek,48fb261c-3f3a-4a95-9103-1e6822dae999,13014,Hoogstraten,Antwerpen,NA,NA,3,flanders
6197,2014,0,juvenile,28-05-2014_driehoek,48fb261c-3f3a-4a95-9103-1e6822dae999,13014,Hoogstraten,Antwerpen,NA,NA,3,flanders
6198,2014,602,larvae,28-05-2014_driehoek,48fb261c-3f3a-4a95-9103-1e6822dae999,13014,Hoogstraten,Antwerpen,NA,NA,3,flanders
6199,2019,0,adult,28-05-2019_arendonk 2,fbb3baeb-c846-444c-926e-02445e328b78,13001,Arendonk,Antwerpen,arendonk 2,arendonk 2,5,flanders
6200,2019,0,juvenile,28-05-2019_arendonk 2,fbb3baeb-c846-444c-926e-02445e328b78,13001,Arendonk,Antwerpen,arendonk 2,arendonk 2,5,flanders
6201,2019,173,larvae,28-05-2019_arendonk 2,fbb3baeb-c846-444c-926e-02445e328b78,13001,Arendonk,Antwerpen,arendonk 2,arendonk 2,5,flanders
6202,2019,0,adult,28-05-2019_arendonk 3,3F49AB70-7443-4002-8599-FA8F7F38616B,13001,Arendonk,Antwerpen,arendonk 3,arendonk 3,3,flanders
6203,2019,0,juvenile,28-05-2019_arendonk 3,3F49AB70-7443-4002-8599-FA8F7F38616B,13001,Arendonk,Antwerpen,arendonk 3,arendonk 3,3,flanders
6204,2019,0,larvae,28-05-2019_arendonk 3,3F49AB70-7443-4002-8599-FA8F7F38616B,13001,Arendonk,Antwerpen,arendonk 3,arendonk 3,3,flanders
6205,2020,0,adult,28-05-2020_arendonk 1,91a8e2bb-b682-4c53-b213-7494198b12ce,13001,Arendonk,Antwerpen,arendonk 1,arendonk 1,2,flanders
6206,2020,0,juvenile,28-05-2020_arendonk 1,91a8e2bb-b682-4c53-b213-7494198b12ce,13001,Arendonk,Antwerpen,arendonk 1,arendonk 1,2,flanders
6207,2020,0,larvae,28-05-2020_arendonk 1,91a8e2bb-b682-4c53-b213-7494198b12ce,13001,Arendonk,Antwerpen,arendonk 1,arendonk 1,2,flanders
6208,2020,0,adult,28-05-2020_arendonk 4,a7a15699-ae79-44ec-9f82-08ee0158e31d,13001,Arendonk,Antwerpen,arendonk 4,arendonk 4,2,flanders
6209,2020,0,juvenile,28-05-2020_arendonk 4,a7a15699-ae79-44ec-9f82-08ee0158e31d,13001,Arendonk,Antwerpen,arendonk 4,arendonk 4,2,flanders
6210,2020,0,larvae,28-05-2020_arendonk 4,a7a15699-ae79-44ec-9f82-08ee0158e31d,13001,Arendonk,Antwerpen,arendonk 4,arendonk 4,2,flanders
6211,2020,0,adult,28-05-2020_arendonk-visput,565a4567-d1be-4176-8109-a1b0f0196304,13001,Arendonk,Antwerpen,arendonk-visput,arendonk-visput,2,flanders
6212,2020,0,juvenile,28-05-2020_arendonk-visput,565a4567-d1be-4176-8109-a1b0f0196304,13001,Arendonk,Antwerpen,arendonk-visput,arendonk-visput,2,flanders
6213,2020,0,larvae,28-05-2020_arendonk-visput,565a4567-d1be-4176-8109-a1b0f0196304,13001,Arendonk,Antwerpen,arendonk-visput,arendonk-visput,2,flanders
6214,2020,0,adult,28-05-2020_nijlen d1,ca036ff6-e973-4666-8780-ac1068fa43ca,12021,Lier,Antwerpen,nijlen d1,nijlen d1,4,flanders
6215,2020,0,juvenile,28-05-2020_nijlen d1,ca036ff6-e973-4666-8780-ac1068fa43ca,12021,Lier,Antwerpen,nijlen d1,nijlen d1,4,flanders
6216,2020,0,larvae,28-05-2020_nijlen d1,ca036ff6-e973-4666-8780-ac1068fa43ca,12021,Lier,Antwerpen,nijlen d1,nijlen d1,4,flanders
6217,2020,0,adult,28-05-2020_nijlen d2,cd389f4a-ecc8-4265-aded-b22e467d8ace,12021,Lier,Antwerpen,nijlen d2,nijlen d2,1,flanders
6218,2020,0,juvenile,28-05-2020_nijlen d2,cd389f4a-ecc8-4265-aded-b22e467d8ace,12021,Lier,Antwerpen,nijlen d2,nijlen d2,1,flanders
6219,2020,0,larvae,28-05-2020_nijlen d2,cd389f4a-ecc8-4265-aded-b22e467d8ace,12021,Lier,Antwerpen,nijlen d2,nijlen d2,1,flanders
6220,2020,0,adult,28-05-2020_nijlen d3,01c64427-44d5-497c-bbdc-dbff8b1c8dc7,12021,Lier,Antwerpen,nijlen d3,nijlen d3,3,flanders
6221,2020,0,juvenile,28-05-2020_nijlen d3,01c64427-44d5-497c-bbdc-dbff8b1c8dc7,12021,Lier,Antwerpen,nijlen d3,nijlen d3,3,flanders
6222,2020,0,larvae,28-05-2020_nijlen d3,01c64427-44d5-497c-bbdc-dbff8b1c8dc7,12021,Lier,Antwerpen,nijlen d3,nijlen d3,3,flanders
6223,2021,0,adult,28-05-2021_arendonk 4,a7a15699-ae79-44ec-9f82-08ee0158e31d,13001,Arendonk,Antwerpen,arendonk 4,arendonk 4,5,flanders
6224,2021,0,juvenile,28-05-2021_arendonk 4,a7a15699-ae79-44ec-9f82-08ee0158e31d,13001,Arendonk,Antwerpen,arendonk 4,arendonk 4,5,flanders
6225,2021,0,larvae,28-05-2021_arendonk 4,a7a15699-ae79-44ec-9f82-08ee0158e31d,13001,Arendonk,Antwerpen,arendonk 4,arendonk 4,5,flanders
6226,2021,1,adult,28-05-2021_griesbroek 6,03dc3f07-506f-4c71-bbcd-ad24c177cab5,13003,Balen,Antwerpen,griesbroek 6,griesbroek 6,8,flanders
6227,2021,2,juvenile,28-05-2021_griesbroek 6,03dc3f07-506f-4c71-bbcd-ad24c177cab5,13003,Balen,Antwerpen,griesbroek 6,griesbroek 6,8,flanders
6228,2021,91,larvae,28-05-2021_griesbroek 6,03dc3f07-506f-4c71-bbcd-ad24c177cab5,13003,Balen,Antwerpen,griesbroek 6,griesbroek 6,8,flanders
6229,2021,0,adult,28-05-2021_nijlen h1,e4967c07-aaa3-4aa5-9ba6-54322313066c,12021,Lier,Antwerpen,nijlen h1,nijlen h1,8,flanders
6230,2021,0,juvenile,28-05-2021_nijlen h1,e4967c07-aaa3-4aa5-9ba6-54322313066c,12021,Lier,Antwerpen,nijlen h1,nijlen h1,8,flanders
6231,2021,0,larvae,28-05-2021_nijlen h1,e4967c07-aaa3-4aa5-9ba6-54322313066c,12021,Lier,Antwerpen,nijlen h1,nijlen h1,8,flanders
6232,2024,34,adult,28-05-2024_griesbroek 6,03dc3f07-506f-4c71-bbcd-ad24c177cab5,13003,Balen,Antwerpen,griesbroek 6,griesbroek 6,47,flanders
6233,2024,7,juvenile,28-05-2024_griesbroek 6,03dc3f07-506f-4c71-bbcd-ad24c177cab5,13003,Balen,Antwerpen,griesbroek 6,griesbroek 6,47,flanders
6234,2024,35,larvae,28-05-2024_griesbroek 6,03dc3f07-506f-4c71-bbcd-ad24c177cab5,13003,Balen,Antwerpen,griesbroek 6,griesbroek 6,47,flanders
6235,2025,2,adult,28-05-2025_antlkd 0300,30BC8B78-B6A9-45DE-92CD-A7801509C5CF,13053,Laakdal,Antwerpen,antlkd 0300,antlkd 0300,4,flanders
6236,2025,2,juvenile,28-05-2025_antlkd 0300,30BC8B78-B6A9-45DE-92CD-A7801509C5CF,13053,Laakdal,Antwerpen,antlkd 0300,antlkd 0300,4,flanders
6237,2025,1,larvae,28-05-2025_antlkd 0300,30BC8B78-B6A9-45DE-92CD-A7801509C5CF,13053,Laakdal,Antwerpen,antlkd 0300,antlkd 0300,4,flanders
6238,2025,12,adult,28-05-2025_griesbroek 6,03dc3f07-506f-4c71-bbcd-ad24c177cab5,13003,Balen,Antwerpen,griesbroek 6,griesbroek 6,11,flanders
6239,2025,1,juvenile,28-05-2025_griesbroek 6,03dc3f07-506f-4c71-bbcd-ad24c177cab5,13003,Balen,Antwerpen,griesbroek 6,griesbroek 6,11,flanders
6240,2025,2,larvae,28-05-2025_griesbroek 6,03dc3f07-506f-4c71-bbcd-ad24c177cab5,13003,Balen,Antwerpen,griesbroek 6,griesbroek 6,11,flanders
6241,2025,0,adult,28-05-2025_laakdal 41,3FF122FA-A234-4A59-B023-BF7A15813990,13053,Laakdal,Antwerpen,laakdal 41,laakdal 41,9,flanders
6242,2025,0,juvenile,28-05-2025_laakdal 41,3FF122FA-A234-4A59-B023-BF7A15813990,13053,Laakdal,Antwerpen,laakdal 41,laakdal 41,9,flanders
6243,2025,70,larvae,28-05-2025_laakdal 41,3FF122FA-A234-4A59-B023-BF7A15813990,13053,Laakdal,Antwerpen,laakdal 41,laakdal 41,9,flanders
6244,2025,2,adult,28-05-2025_laakdal 5,62abe301-066c-4fa9-a54d-14e8b8882923,13053,Laakdal,Antwerpen,laakdal 5,laakdal 5,10,flanders
6245,2025,4,juvenile,28-05-2025_laakdal 5,62abe301-066c-4fa9-a54d-14e8b8882923,13053,Laakdal,Antwerpen,laakdal 5,laakdal 5,10,flanders
6246,2025,685,larvae,28-05-2025_laakdal 5,62abe301-066c-4fa9-a54d-14e8b8882923,13053,Laakdal,Antwerpen,laakdal 5,laakdal 5,10,flanders
6247,2025,5,adult,28-05-2025_scheps 7,009d325e-8c76-4049-bc69-31f6163e254e,13003,Balen,Antwerpen,scheps 7,scheps 7,7,flanders
6248,2025,0,juvenile,28-05-2025_scheps 7,009d325e-8c76-4049-bc69-31f6163e254e,13003,Balen,Antwerpen,scheps 7,scheps 7,7,flanders
6249,2025,0,larvae,28-05-2025_scheps 7,009d325e-8c76-4049-bc69-31f6163e254e,13003,Balen,Antwerpen,scheps 7,scheps 7,7,flanders
6250,2012,1,adult,28-06-2012_arendonk 2,fbb3baeb-c846-444c-926e-02445e328b78,13001,Arendonk,Antwerpen,NA,NA,6,flanders
6251,2012,0,juvenile,28-06-2012_arendonk 2,fbb3baeb-c846-444c-926e-02445e328b78,13001,Arendonk,Antwerpen,NA,NA,6,flanders
6252,2012,136,larvae,28-06-2012_arendonk 2,fbb3baeb-c846-444c-926e-02445e328b78,13001,Arendonk,Antwerpen,NA,NA,6,flanders
6253,2017,0,adult,28-06-2017_arendonk 3,3F49AB70-7443-4002-8599-FA8F7F38616B,13001,Arendonk,Antwerpen,arendonk 3,arendonk 3,8,flanders
6254,2017,0,juvenile,28-06-2017_arendonk 3,3F49AB70-7443-4002-8599-FA8F7F38616B,13001,Arendonk,Antwerpen,arendonk 3,arendonk 3,8,flanders
6255,2017,0,larvae,28-06-2017_arendonk 3,3F49AB70-7443-4002-8599-FA8F7F38616B,13001,Arendonk,Antwerpen,arendonk 3,arendonk 3,8,flanders
6256,2017,3,adult,28-06-2017_arendonk 3,60e6e43e-6855-4917-a336-9ac46d087fad,13001,Arendonk,Antwerpen,NA,NA,7,flanders
6257,2017,0,juvenile,28-06-2017_arendonk 3,60e6e43e-6855-4917-a336-9ac46d087fad,13001,Arendonk,Antwerpen,NA,NA,7,flanders
6258,2017,136,larvae,28-06-2017_arendonk 3,60e6e43e-6855-4917-a336-9ac46d087fad,13001,Arendonk,Antwerpen,NA,NA,7,flanders
6259,2018,0,adult,28-06-2018_arendonk 2,fbb3baeb-c846-444c-926e-02445e328b78,13001,Arendonk,Antwerpen,NA,NA,1,flanders
6260,2018,0,juvenile,28-06-2018_arendonk 2,fbb3baeb-c846-444c-926e-02445e328b78,13001,Arendonk,Antwerpen,NA,NA,1,flanders
6261,2018,46,larvae,28-06-2018_arendonk 2,fbb3baeb-c846-444c-926e-02445e328b78,13001,Arendonk,Antwerpen,NA,NA,1,flanders
6262,2018,0,adult,28-06-2018_arendonk 3,60e6e43e-6855-4917-a336-9ac46d087fad,13001,Arendonk,Antwerpen,NA,NA,1,flanders
6263,2018,2,juvenile,28-06-2018_arendonk 3,60e6e43e-6855-4917-a336-9ac46d087fad,13001,Arendonk,Antwerpen,NA,NA,1,flanders
6264,2018,70,larvae,28-06-2018_arendonk 3,60e6e43e-6855-4917-a336-9ac46d087fad,13001,Arendonk,Antwerpen,NA,NA,1,flanders
6265,2021,0,adult,28-06-2021_arendonk 3,3F49AB70-7443-4002-8599-FA8F7F38616B,13001,Arendonk,Antwerpen,arendonk 3,arendonk 3,5,flanders
6266,2021,0,juvenile,28-06-2021_arendonk 3,3F49AB70-7443-4002-8599-FA8F7F38616B,13001,Arendonk,Antwerpen,arendonk 3,arendonk 3,5,flanders
6267,2021,0,larvae,28-06-2021_arendonk 3,3F49AB70-7443-4002-8599-FA8F7F38616B,13001,Arendonk,Antwerpen,arendonk 3,arendonk 3,5,flanders
6268,2022,0,adult,28-06-2022_ham 4,DD9433B2-49C1-4233-A1D7-42E8EAD9388C,71069,Ham,Limburg,ham 4,ham 4,4,flanders
6269,2022,0,juvenile,28-06-2022_ham 4,DD9433B2-49C1-4233-A1D7-42E8EAD9388C,71069,Ham,Limburg,ham 4,ham 4,4,flanders
6270,2022,0,larvae,28-06-2022_ham 4,DD9433B2-49C1-4233-A1D7-42E8EAD9388C,71069,Ham,Limburg,ham 4,ham 4,4,flanders
6271,2022,0,adult,28-06-2022_herselt 1,5AB89730-1687-4EC6-9E34-D6A23787BF75,13013,Herselt,Antwerpen,herselt 1,herselt 1,2,flanders
6272,2022,0,juvenile,28-06-2022_herselt 1,5AB89730-1687-4EC6-9E34-D6A23787BF75,13013,Herselt,Antwerpen,herselt 1,herselt 1,2,flanders
6273,2022,68,larvae,28-06-2022_herselt 1,5AB89730-1687-4EC6-9E34-D6A23787BF75,13013,Herselt,Antwerpen,herselt 1,herselt 1,2,flanders
6274,2022,1,adult,28-06-2022_herselt 2,AAE5A83A-6590-4F17-AF25-0CAAC262AAB9,13013,Herselt,Antwerpen,herselt 2,herselt 2,2,flanders
6275,2022,0,juvenile,28-06-2022_herselt 2,AAE5A83A-6590-4F17-AF25-0CAAC262AAB9,13013,Herselt,Antwerpen,herselt 2,herselt 2,2,flanders
6276,2022,63,larvae,28-06-2022_herselt 2,AAE5A83A-6590-4F17-AF25-0CAAC262AAB9,13013,Herselt,Antwerpen,herselt 2,herselt 2,2,flanders
6277,2022,0,adult,28-06-2022_herselt 8,3D6D580A-AB46-401F-8ABF-43001E535D3F,13013,Herselt,Antwerpen,herselt 8,herselt 8,18,flanders
6278,2022,0,juvenile,28-06-2022_herselt 8,3D6D580A-AB46-401F-8ABF-43001E535D3F,13013,Herselt,Antwerpen,herselt 8,herselt 8,18,flanders
6279,2022,69,larvae,28-06-2022_herselt 8,3D6D580A-AB46-401F-8ABF-43001E535D3F,13013,Herselt,Antwerpen,herselt 8,herselt 8,18,flanders
6280,2022,3,adult,28-06-2022_laakdal 37,835E903F-A579-4355-8AB0-7D70249F0B89,13053,Laakdal,Antwerpen,laakdal 37,laakdal 37,10,flanders
6281,2022,0,juvenile,28-06-2022_laakdal 37,835E903F-A579-4355-8AB0-7D70249F0B89,13053,Laakdal,Antwerpen,laakdal 37,laakdal 37,10,flanders
6282,2022,224,larvae,28-06-2022_laakdal 37,835E903F-A579-4355-8AB0-7D70249F0B89,13053,Laakdal,Antwerpen,laakdal 37,laakdal 37,10,flanders
6283,2022,0,adult,28-06-2022_roost 38,B67850BE-C1FF-4995-9CF3-73B5E4F09B31,13053,Laakdal,Antwerpen,roost 38,roost 38,9,flanders
6284,2022,0,juvenile,28-06-2022_roost 38,B67850BE-C1FF-4995-9CF3-73B5E4F09B31,13053,Laakdal,Antwerpen,roost 38,roost 38,9,flanders
6285,2022,1056,larvae,28-06-2022_roost 38,B67850BE-C1FF-4995-9CF3-73B5E4F09B31,13053,Laakdal,Antwerpen,roost 38,roost 38,9,flanders
6286,2023,2,adult,28-06-2023_scheps 20,03167d3d-4f00-42b8-b8be-fbe739205a3c,13003,Balen,Antwerpen,scheps 20,scheps 20,14,flanders
6287,2023,2,juvenile,28-06-2023_scheps 20,03167d3d-4f00-42b8-b8be-fbe739205a3c,13003,Balen,Antwerpen,scheps 20,scheps 20,14,flanders
6288,2023,95,larvae,28-06-2023_scheps 20,03167d3d-4f00-42b8-b8be-fbe739205a3c,13003,Balen,Antwerpen,scheps 20,scheps 20,14,flanders
6289,2023,6,adult,28-06-2023_scheps 35,C40A62BC-753E-4B8E-A09E-101C73DE9BD0,13021,Meerhout,Antwerpen,scheps 35,scheps 35,8,flanders
6290,2023,5,juvenile,28-06-2023_scheps 35,C40A62BC-753E-4B8E-A09E-101C73DE9BD0,13021,Meerhout,Antwerpen,scheps 35,scheps 35,8,flanders
6291,2023,641,larvae,28-06-2023_scheps 35,C40A62BC-753E-4B8E-A09E-101C73DE9BD0,13021,Meerhout,Antwerpen,scheps 35,scheps 35,8,flanders
6292,2023,3,adult,28-06-2023_scheps 39,E0BFF7E4-D0E2-44B4-A7FE-2DD211144B52,13003,Balen,Antwerpen,scheps 39,scheps 39,6,flanders
6293,2023,0,juvenile,28-06-2023_scheps 39,E0BFF7E4-D0E2-44B4-A7FE-2DD211144B52,13003,Balen,Antwerpen,scheps 39,scheps 39,6,flanders
6294,2023,0,larvae,28-06-2023_scheps 39,E0BFF7E4-D0E2-44B4-A7FE-2DD211144B52,13003,Balen,Antwerpen,scheps 39,scheps 39,6,flanders
6295,2023,0,adult,28-06-2023_scheps 41,89FF8F2D-DE88-49E0-95F6-D0EA5A15D42F,13003,Balen,Antwerpen,scheps 41,scheps 41,7,flanders
6296,2023,0,juvenile,28-06-2023_scheps 41,89FF8F2D-DE88-49E0-95F6-D0EA5A15D42F,13003,Balen,Antwerpen,scheps 41,scheps 41,7,flanders
6297,2023,39,larvae,28-06-2023_scheps 41,89FF8F2D-DE88-49E0-95F6-D0EA5A15D42F,13003,Balen,Antwerpen,scheps 41,scheps 41,7,flanders
6298,2023,0,adult,28-06-2023_scheps 42,323F5909-B7D0-4A77-AC74-D9EF1DFB812A,13003,Balen,Antwerpen,scheps 42,scheps 42,7,flanders
6299,2023,0,juvenile,28-06-2023_scheps 42,323F5909-B7D0-4A77-AC74-D9EF1DFB812A,13003,Balen,Antwerpen,scheps 42,scheps 42,7,flanders
6300,2023,7,larvae,28-06-2023_scheps 42,323F5909-B7D0-4A77-AC74-D9EF1DFB812A,13003,Balen,Antwerpen,scheps 42,scheps 42,7,flanders
6301,2024,0,adult,28-06-2024_molse nete 33,276A7C1B-8319-406E-994A-FF595554EF58,13003,Balen,Antwerpen,molse nete 33,molse nete 33,8,flanders
6302,2024,0,juvenile,28-06-2024_molse nete 33,276A7C1B-8319-406E-994A-FF595554EF58,13003,Balen,Antwerpen,molse nete 33,molse nete 33,8,flanders
6303,2024,0,larvae,28-06-2024_molse nete 33,276A7C1B-8319-406E-994A-FF595554EF58,13003,Balen,Antwerpen,molse nete 33,molse nete 33,8,flanders
6304,2024,2,adult,28-06-2024_molse nete 34,C9CD45C3-D4B7-43B3-A539-282D76046F45,13003,Balen,Antwerpen,molse nete 34,molse nete 34,7,flanders
6305,2024,0,juvenile,28-06-2024_molse nete 34,C9CD45C3-D4B7-43B3-A539-282D76046F45,13003,Balen,Antwerpen,molse nete 34,molse nete 34,7,flanders
6306,2024,0,larvae,28-06-2024_molse nete 34,C9CD45C3-D4B7-43B3-A539-282D76046F45,13003,Balen,Antwerpen,molse nete 34,molse nete 34,7,flanders
6307,2024,0,adult,28-06-2024_molse nete 35,F3703B35-6728-4900-A862-04E8B6CB57CF,13003,Balen,Antwerpen,molse nete 35,molse nete 35,8,flanders
6308,2024,0,juvenile,28-06-2024_molse nete 35,F3703B35-6728-4900-A862-04E8B6CB57CF,13003,Balen,Antwerpen,molse nete 35,molse nete 35,8,flanders
6309,2024,0,larvae,28-06-2024_molse nete 35,F3703B35-6728-4900-A862-04E8B6CB57CF,13003,Balen,Antwerpen,molse nete 35,molse nete 35,8,flanders
6310,2024,2,adult,28-06-2024_molse nete 36,0CB2CE2E-0B10-466F-AFC9-E89420928222,13003,Balen,Antwerpen,molse nete 36,molse nete 36,5,flanders
6311,2024,0,juvenile,28-06-2024_molse nete 36,0CB2CE2E-0B10-466F-AFC9-E89420928222,13003,Balen,Antwerpen,molse nete 36,molse nete 36,5,flanders
6312,2024,1,larvae,28-06-2024_molse nete 36,0CB2CE2E-0B10-466F-AFC9-E89420928222,13003,Balen,Antwerpen,molse nete 36,molse nete 36,5,flanders
6313,2010,0,adult,28-07-2010_driehoek,48fb261c-3f3a-4a95-9103-1e6822dae999,13014,Hoogstraten,Antwerpen,NA,NA,6,flanders
6314,2010,31,juvenile,28-07-2010_driehoek,48fb261c-3f3a-4a95-9103-1e6822dae999,13014,Hoogstraten,Antwerpen,NA,NA,6,flanders
6315,2010,222,larvae,28-07-2010_driehoek,48fb261c-3f3a-4a95-9103-1e6822dae999,13014,Hoogstraten,Antwerpen,NA,NA,6,flanders
6316,2011,0,adult,28-07-2011_arendonk 1,91a8e2bb-b682-4c53-b213-7494198b12ce,13001,Arendonk,Antwerpen,NA,NA,5,flanders
6317,2011,0,juvenile,28-07-2011_arendonk 1,91a8e2bb-b682-4c53-b213-7494198b12ce,13001,Arendonk,Antwerpen,NA,NA,5,flanders
6318,2011,25,larvae,28-07-2011_arendonk 1,91a8e2bb-b682-4c53-b213-7494198b12ce,13001,Arendonk,Antwerpen,NA,NA,5,flanders
6319,2016,1,adult,28-07-2016_arendonk 1,91a8e2bb-b682-4c53-b213-7494198b12ce,13001,Arendonk,Antwerpen,NA,NA,4,flanders
6320,2016,1,juvenile,28-07-2016_arendonk 1,91a8e2bb-b682-4c53-b213-7494198b12ce,13001,Arendonk,Antwerpen,NA,NA,4,flanders
6321,2016,20,larvae,28-07-2016_arendonk 1,91a8e2bb-b682-4c53-b213-7494198b12ce,13001,Arendonk,Antwerpen,NA,NA,4,flanders
6322,2016,0,adult,28-07-2016_arendonk 2,fbb3baeb-c846-444c-926e-02445e328b78,13001,Arendonk,Antwerpen,NA,NA,6,flanders
6323,2016,11,juvenile,28-07-2016_arendonk 2,fbb3baeb-c846-444c-926e-02445e328b78,13001,Arendonk,Antwerpen,NA,NA,6,flanders
6324,2016,430,larvae,28-07-2016_arendonk 2,fbb3baeb-c846-444c-926e-02445e328b78,13001,Arendonk,Antwerpen,NA,NA,6,flanders
6325,2020,0,adult,28-07-2020_laakdal 26,598e42bd-eadc-4594-b967-130cb4905c0c,13053,Laakdal,Antwerpen,laakdal 26,laakdal 26,1,flanders
6326,2020,0,juvenile,28-07-2020_laakdal 26,598e42bd-eadc-4594-b967-130cb4905c0c,13053,Laakdal,Antwerpen,laakdal 26,laakdal 26,1,flanders
6327,2020,0,larvae,28-07-2020_laakdal 26,598e42bd-eadc-4594-b967-130cb4905c0c,13053,Laakdal,Antwerpen,laakdal 26,laakdal 26,1,flanders
6328,2020,0,adult,28-07-2020_scheps 14,9b687d24-d067-476e-a99c-06ffa0eb3628,13003,Balen,Antwerpen,scheps 14,scheps 14,1,flanders
6329,2020,0,juvenile,28-07-2020_scheps 14,9b687d24-d067-476e-a99c-06ffa0eb3628,13003,Balen,Antwerpen,scheps 14,scheps 14,1,flanders
6330,2020,0,larvae,28-07-2020_scheps 14,9b687d24-d067-476e-a99c-06ffa0eb3628,13003,Balen,Antwerpen,scheps 14,scheps 14,1,flanders
6331,2021,0,adult,28-07-2021_nijlen b3b,023e2cd6-493c-4e24-bbe1-e03c9afdb0a1,12026,Nijlen,Antwerpen,nijlen b3b,nijlen b3b,4,flanders
6332,2021,0,juvenile,28-07-2021_nijlen b3b,023e2cd6-493c-4e24-bbe1-e03c9afdb0a1,12026,Nijlen,Antwerpen,nijlen b3b,nijlen b3b,4,flanders
6333,2021,0,larvae,28-07-2021_nijlen b3b,023e2cd6-493c-4e24-bbe1-e03c9afdb0a1,12026,Nijlen,Antwerpen,nijlen b3b,nijlen b3b,4,flanders
6334,2021,1,adult,28-07-2021_scheps 10,ff328547-af9c-4e6f-bbf1-5d2856b2da7b,13003,Balen,Antwerpen,scheps 10,scheps 10,4,flanders
6335,2021,2,juvenile,28-07-2021_scheps 10,ff328547-af9c-4e6f-bbf1-5d2856b2da7b,13003,Balen,Antwerpen,scheps 10,scheps 10,4,flanders
6336,2021,0,larvae,28-07-2021_scheps 10,ff328547-af9c-4e6f-bbf1-5d2856b2da7b,13003,Balen,Antwerpen,scheps 10,scheps 10,4,flanders
6337,2021,3,adult,28-07-2021_scheps 20,03167d3d-4f00-42b8-b8be-fbe739205a3c,13003,Balen,Antwerpen,scheps 20,scheps 20,5,flanders
6338,2021,7,juvenile,28-07-2021_scheps 20,03167d3d-4f00-42b8-b8be-fbe739205a3c,13003,Balen,Antwerpen,scheps 20,scheps 20,5,flanders
6339,2021,66,larvae,28-07-2021_scheps 20,03167d3d-4f00-42b8-b8be-fbe739205a3c,13003,Balen,Antwerpen,scheps 20,scheps 20,5,flanders
6340,2021,0,adult,28-07-2021_scheps 3,e527fa11-d98b-4caa-a892-3aa87fd646b5,13003,Balen,Antwerpen,scheps 3,scheps 3,4,flanders
6341,2021,0,juvenile,28-07-2021_scheps 3,e527fa11-d98b-4caa-a892-3aa87fd646b5,13003,Balen,Antwerpen,scheps 3,scheps 3,4,flanders
6342,2021,0,larvae,28-07-2021_scheps 3,e527fa11-d98b-4caa-a892-3aa87fd646b5,13003,Balen,Antwerpen,scheps 3,scheps 3,4,flanders
6343,2021,2,adult,28-07-2021_scheps 35,C40A62BC-753E-4B8E-A09E-101C73DE9BD0,13021,Meerhout,Antwerpen,scheps 35,scheps 35,6,flanders
6344,2021,3,juvenile,28-07-2021_scheps 35,C40A62BC-753E-4B8E-A09E-101C73DE9BD0,13021,Meerhout,Antwerpen,scheps 35,scheps 35,6,flanders
6345,2021,415,larvae,28-07-2021_scheps 35,C40A62BC-753E-4B8E-A09E-101C73DE9BD0,13021,Meerhout,Antwerpen,scheps 35,scheps 35,6,flanders
6346,2022,6,adult,28-07-2022_scheps 39,E0BFF7E4-D0E2-44B4-A7FE-2DD211144B52,13003,Balen,Antwerpen,scheps 39,scheps 39,15,flanders
6347,2022,15,juvenile,28-07-2022_scheps 39,E0BFF7E4-D0E2-44B4-A7FE-2DD211144B52,13003,Balen,Antwerpen,scheps 39,scheps 39,15,flanders
6348,2022,255,larvae,28-07-2022_scheps 39,E0BFF7E4-D0E2-44B4-A7FE-2DD211144B52,13003,Balen,Antwerpen,scheps 39,scheps 39,15,flanders
6349,2022,0,adult,28-07-2022_scheps 40,F839D846-F59A-4D49-AE3A-724B06CE89E4,13003,Balen,Antwerpen,scheps 40,scheps 40,11,flanders
6350,2022,21,juvenile,28-07-2022_scheps 40,F839D846-F59A-4D49-AE3A-724B06CE89E4,13003,Balen,Antwerpen,scheps 40,scheps 40,11,flanders
6351,2022,0,larvae,28-07-2022_scheps 40,F839D846-F59A-4D49-AE3A-724B06CE89E4,13003,Balen,Antwerpen,scheps 40,scheps 40,11,flanders
6352,2023,0,adult,28-07-2023_antbal0309,0BB25383-695B-4437-A66D-E8F3353A93EC,13003,Balen,Antwerpen,antbal0309,antbal0309,7,flanders
6353,2023,1,juvenile,28-07-2023_antbal0309,0BB25383-695B-4437-A66D-E8F3353A93EC,13003,Balen,Antwerpen,antbal0309,antbal0309,7,flanders
6354,2023,1,larvae,28-07-2023_antbal0309,0BB25383-695B-4437-A66D-E8F3353A93EC,13003,Balen,Antwerpen,antbal0309,antbal0309,7,flanders
6355,2023,0,adult,28-07-2023_molse nete 23,025AB23B-DF57-46C0-84C4-D351208209B3,13003,Balen,Antwerpen,molse nete 23,molse nete 23,4,flanders
6356,2023,3,juvenile,28-07-2023_molse nete 23,025AB23B-DF57-46C0-84C4-D351208209B3,13003,Balen,Antwerpen,molse nete 23,molse nete 23,4,flanders
6357,2023,0,larvae,28-07-2023_molse nete 23,025AB23B-DF57-46C0-84C4-D351208209B3,13003,Balen,Antwerpen,molse nete 23,molse nete 23,4,flanders
6358,2023,0,adult,28-07-2023_molse nete 25,CCB25757-251A-496E-BE76-0FCEBCCE248E,13003,Balen,Antwerpen,molse nete 25,molse nete 25,8,flanders
6359,2023,19,juvenile,28-07-2023_molse nete 25,CCB25757-251A-496E-BE76-0FCEBCCE248E,13003,Balen,Antwerpen,molse nete 25,molse nete 25,8,flanders
6360,2023,27,larvae,28-07-2023_molse nete 25,CCB25757-251A-496E-BE76-0FCEBCCE248E,13003,Balen,Antwerpen,molse nete 25,molse nete 25,8,flanders
6361,2012,0,adult,28-08-2012_arendonk 2,fbb3baeb-c846-444c-926e-02445e328b78,13001,Arendonk,Antwerpen,NA,NA,6,flanders
6362,2012,0,juvenile,28-08-2012_arendonk 2,fbb3baeb-c846-444c-926e-02445e328b78,13001,Arendonk,Antwerpen,NA,NA,6,flanders
6363,2012,259,larvae,28-08-2012_arendonk 2,fbb3baeb-c846-444c-926e-02445e328b78,13001,Arendonk,Antwerpen,NA,NA,6,flanders
6364,2014,0,adult,28-08-2014_arendonk 2,fbb3baeb-c846-444c-926e-02445e328b78,13001,Arendonk,Antwerpen,NA,NA,6,flanders
6365,2014,0,juvenile,28-08-2014_arendonk 2,fbb3baeb-c846-444c-926e-02445e328b78,13001,Arendonk,Antwerpen,NA,NA,6,flanders
6366,2014,538,larvae,28-08-2014_arendonk 2,fbb3baeb-c846-444c-926e-02445e328b78,13001,Arendonk,Antwerpen,NA,NA,6,flanders
6367,2019,1,adult,28-08-2019_nijlen b10,554e3c11-e529-4b0b-a162-714c72d3547e,12026,Nijlen,Antwerpen,nijlen b10,nijlen b10,3,flanders
6368,2019,36,juvenile,28-08-2019_nijlen b10,554e3c11-e529-4b0b-a162-714c72d3547e,12026,Nijlen,Antwerpen,nijlen b10,nijlen b10,3,flanders
6369,2019,75,larvae,28-08-2019_nijlen b10,554e3c11-e529-4b0b-a162-714c72d3547e,12026,Nijlen,Antwerpen,nijlen b10,nijlen b10,3,flanders
6370,2024,1,adult,28-08-2024_school 1,676171EF-BEA1-4F9C-825B-D36FD7EE2A6F,71057,Tessenderlo,Limburg,school 1,school 1,10,flanders
6371,2024,3,juvenile,28-08-2024_school 1,676171EF-BEA1-4F9C-825B-D36FD7EE2A6F,71057,Tessenderlo,Limburg,school 1,school 1,10,flanders
6372,2024,0,larvae,28-08-2024_school 1,676171EF-BEA1-4F9C-825B-D36FD7EE2A6F,71057,Tessenderlo,Limburg,school 1,school 1,10,flanders
6373,2024,0,adult,28-08-2024_shoot 2,9F07F9C0-9C0F-4708-947F-670799BD59F3,71057,Tessenderlo,Limburg,shoot 2,shoot 2,8,flanders
6374,2024,0,juvenile,28-08-2024_shoot 2,9F07F9C0-9C0F-4708-947F-670799BD59F3,71057,Tessenderlo,Limburg,shoot 2,shoot 2,8,flanders
6375,2024,0,larvae,28-08-2024_shoot 2,9F07F9C0-9C0F-4708-947F-670799BD59F3,71057,Tessenderlo,Limburg,shoot 2,shoot 2,8,flanders
6376,2011,0,adult,28-09-2011_arendonk 3,60e6e43e-6855-4917-a336-9ac46d087fad,13001,Arendonk,Antwerpen,NA,NA,5,flanders
6377,2011,0,juvenile,28-09-2011_arendonk 3,60e6e43e-6855-4917-a336-9ac46d087fad,13001,Arendonk,Antwerpen,NA,NA,5,flanders
6378,2011,35,larvae,28-09-2011_arendonk 3,60e6e43e-6855-4917-a336-9ac46d087fad,13001,Arendonk,Antwerpen,NA,NA,5,flanders
6379,2012,0,adult,28-09-2012_arendonk 1,91a8e2bb-b682-4c53-b213-7494198b12ce,13001,Arendonk,Antwerpen,NA,NA,2,flanders
6380,2012,0,juvenile,28-09-2012_arendonk 1,91a8e2bb-b682-4c53-b213-7494198b12ce,13001,Arendonk,Antwerpen,NA,NA,2,flanders
6381,2012,7,larvae,28-09-2012_arendonk 1,91a8e2bb-b682-4c53-b213-7494198b12ce,13001,Arendonk,Antwerpen,NA,NA,2,flanders
6382,2018,0,adult,28-09-2018_arendonk 2,fbb3baeb-c846-444c-926e-02445e328b78,13001,Arendonk,Antwerpen,NA,NA,1,flanders
6383,2018,1,juvenile,28-09-2018_arendonk 2,fbb3baeb-c846-444c-926e-02445e328b78,13001,Arendonk,Antwerpen,NA,NA,1,flanders
6384,2018,34,larvae,28-09-2018_arendonk 2,fbb3baeb-c846-444c-926e-02445e328b78,13001,Arendonk,Antwerpen,NA,NA,1,flanders
6385,2022,0,adult,28-09-2022_steenkesloop 1,B08D8107-F3B5-4C98-9757-147574C9402D,13016,Hulshout,Antwerpen,steenkesloop 1,steenkesloop 1,5,flanders
6386,2022,8,juvenile,28-09-2022_steenkesloop 1,B08D8107-F3B5-4C98-9757-147574C9402D,13016,Hulshout,Antwerpen,steenkesloop 1,steenkesloop 1,5,flanders
6387,2022,0,larvae,28-09-2022_steenkesloop 1,B08D8107-F3B5-4C98-9757-147574C9402D,13016,Hulshout,Antwerpen,steenkesloop 1,steenkesloop 1,5,flanders
6388,2016,0,adult,28-10-2016_arendonk 3,60e6e43e-6855-4917-a336-9ac46d087fad,13001,Arendonk,Antwerpen,NA,NA,1,flanders
6389,2016,0,juvenile,28-10-2016_arendonk 3,60e6e43e-6855-4917-a336-9ac46d087fad,13001,Arendonk,Antwerpen,NA,NA,1,flanders
6390,2016,2,larvae,28-10-2016_arendonk 3,60e6e43e-6855-4917-a336-9ac46d087fad,13001,Arendonk,Antwerpen,NA,NA,1,flanders
6391,2016,1,adult,28-10-2016_kasterlee 2,902992af-4522-4053-8807-fb181584bdc4,13017,Kasterlee,Antwerpen,NA,NA,1,flanders
6392,2016,0,juvenile,28-10-2016_kasterlee 2,902992af-4522-4053-8807-fb181584bdc4,13017,Kasterlee,Antwerpen,NA,NA,1,flanders
6393,2016,0,larvae,28-10-2016_kasterlee 2,902992af-4522-4053-8807-fb181584bdc4,13017,Kasterlee,Antwerpen,NA,NA,1,flanders
6394,2020,0,adult,28-10-2020_nijlen b10,554e3c11-e529-4b0b-a162-714c72d3547e,12026,Nijlen,Antwerpen,nijlen b10,nijlen b10,6,flanders
6395,2020,7,juvenile,28-10-2020_nijlen b10,554e3c11-e529-4b0b-a162-714c72d3547e,12026,Nijlen,Antwerpen,nijlen b10,nijlen b10,6,flanders
6396,2020,4,larvae,28-10-2020_nijlen b10,554e3c11-e529-4b0b-a162-714c72d3547e,12026,Nijlen,Antwerpen,nijlen b10,nijlen b10,6,flanders
6397,2020,0,adult,28-10-2020_nijlen b11,602c47a6-7c4a-46b9-b481-921731880571,12026,Nijlen,Antwerpen,nijlen b11,nijlen b11,6,flanders
6398,2020,0,juvenile,28-10-2020_nijlen b11,602c47a6-7c4a-46b9-b481-921731880571,12026,Nijlen,Antwerpen,nijlen b11,nijlen b11,6,flanders
6399,2020,0,larvae,28-10-2020_nijlen b11,602c47a6-7c4a-46b9-b481-921731880571,12026,Nijlen,Antwerpen,nijlen b11,nijlen b11,6,flanders
6400,2014,0,adult,29-04-2014_arendonk 2,fbb3baeb-c846-444c-926e-02445e328b78,13001,Arendonk,Antwerpen,NA,NA,2,flanders
6401,2014,0,juvenile,29-04-2014_arendonk 2,fbb3baeb-c846-444c-926e-02445e328b78,13001,Arendonk,Antwerpen,NA,NA,2,flanders
6402,2014,246,larvae,29-04-2014_arendonk 2,fbb3baeb-c846-444c-926e-02445e328b78,13001,Arendonk,Antwerpen,NA,NA,2,flanders
6403,2015,0,adult,29-04-2015_arendonk 2,fbb3baeb-c846-444c-926e-02445e328b78,13001,Arendonk,Antwerpen,NA,NA,4,flanders
6404,2015,0,juvenile,29-04-2015_arendonk 2,fbb3baeb-c846-444c-926e-02445e328b78,13001,Arendonk,Antwerpen,NA,NA,4,flanders
6405,2015,612,larvae,29-04-2015_arendonk 2,fbb3baeb-c846-444c-926e-02445e328b78,13001,Arendonk,Antwerpen,NA,NA,4,flanders
6406,2015,1,adult,29-04-2015_arendonk 3,60e6e43e-6855-4917-a336-9ac46d087fad,13001,Arendonk,Antwerpen,NA,NA,3,flanders
6407,2015,0,juvenile,29-04-2015_arendonk 3,60e6e43e-6855-4917-a336-9ac46d087fad,13001,Arendonk,Antwerpen,NA,NA,3,flanders
6408,2015,13,larvae,29-04-2015_arendonk 3,60e6e43e-6855-4917-a336-9ac46d087fad,13001,Arendonk,Antwerpen,NA,NA,3,flanders
6409,2015,0,adult,29-04-2015_bospoel,bf074168-c09d-40a9-b321-59ce253aa461,13014,Hoogstraten,Antwerpen,NA,NA,3,flanders
6410,2015,0,juvenile,29-04-2015_bospoel,bf074168-c09d-40a9-b321-59ce253aa461,13014,Hoogstraten,Antwerpen,NA,NA,3,flanders
6411,2015,26,larvae,29-04-2015_bospoel,bf074168-c09d-40a9-b321-59ce253aa461,13014,Hoogstraten,Antwerpen,NA,NA,3,flanders
6412,2020,0,adult,29-04-2020_griesbroek 3,95a96ebf-b2d0-461f-9304-d7ada7c4f31d,13003,Balen,Antwerpen,griesbroek 3,griesbroek 3,1,flanders
6413,2020,1,juvenile,29-04-2020_griesbroek 3,95a96ebf-b2d0-461f-9304-d7ada7c4f31d,13003,Balen,Antwerpen,griesbroek 3,griesbroek 3,1,flanders
6414,2020,39,larvae,29-04-2020_griesbroek 3,95a96ebf-b2d0-461f-9304-d7ada7c4f31d,13003,Balen,Antwerpen,griesbroek 3,griesbroek 3,1,flanders
6415,2020,0,adult,29-04-2020_griesbroek 4,ae7f6fdc-d05b-4c2a-ac00-1411d658bd0e,13003,Balen,Antwerpen,griesbroek 4,griesbroek 4,2,flanders
6416,2020,5,juvenile,29-04-2020_griesbroek 4,ae7f6fdc-d05b-4c2a-ac00-1411d658bd0e,13003,Balen,Antwerpen,griesbroek 4,griesbroek 4,2,flanders
6417,2020,8,larvae,29-04-2020_griesbroek 4,ae7f6fdc-d05b-4c2a-ac00-1411d658bd0e,13003,Balen,Antwerpen,griesbroek 4,griesbroek 4,2,flanders
6418,2020,0,adult,29-04-2020_griesbroek 5,829b4e3e-8baf-4236-9896-1f8bb58e893c,13003,Balen,Antwerpen,griesbroek 5,griesbroek 5,2,flanders
6419,2020,1,juvenile,29-04-2020_griesbroek 5,829b4e3e-8baf-4236-9896-1f8bb58e893c,13003,Balen,Antwerpen,griesbroek 5,griesbroek 5,2,flanders
6420,2020,7,larvae,29-04-2020_griesbroek 5,829b4e3e-8baf-4236-9896-1f8bb58e893c,13003,Balen,Antwerpen,griesbroek 5,griesbroek 5,2,flanders
6421,2020,2,adult,29-04-2020_griesbroek 7,80f08260-00f4-4989-8299-eee838d085b4,13003,Balen,Antwerpen,griesbroek 7,griesbroek 7,2,flanders
6422,2020,0,juvenile,29-04-2020_griesbroek 7,80f08260-00f4-4989-8299-eee838d085b4,13003,Balen,Antwerpen,griesbroek 7,griesbroek 7,2,flanders
6423,2020,4,larvae,29-04-2020_griesbroek 7,80f08260-00f4-4989-8299-eee838d085b4,13003,Balen,Antwerpen,griesbroek 7,griesbroek 7,2,flanders
6424,2022,5,adult,29-04-2022_griesbroek 6,03dc3f07-506f-4c71-bbcd-ad24c177cab5,13003,Balen,Antwerpen,griesbroek 6,griesbroek 6,12,flanders
6425,2022,3,juvenile,29-04-2022_griesbroek 6,03dc3f07-506f-4c71-bbcd-ad24c177cab5,13003,Balen,Antwerpen,griesbroek 6,griesbroek 6,12,flanders
6426,2022,6247,larvae,29-04-2022_griesbroek 6,03dc3f07-506f-4c71-bbcd-ad24c177cab5,13003,Balen,Antwerpen,griesbroek 6,griesbroek 6,12,flanders
6427,2018,0,adult,29-05-2018_arendonk 3,60e6e43e-6855-4917-a336-9ac46d087fad,13001,Arendonk,Antwerpen,NA,NA,1,flanders
6428,2018,0,juvenile,29-05-2018_arendonk 3,60e6e43e-6855-4917-a336-9ac46d087fad,13001,Arendonk,Antwerpen,NA,NA,1,flanders
6429,2018,63,larvae,29-05-2018_arendonk 3,60e6e43e-6855-4917-a336-9ac46d087fad,13001,Arendonk,Antwerpen,NA,NA,1,flanders
6430,2019,0,adult,29-05-2019_nijlen b10,554e3c11-e529-4b0b-a162-714c72d3547e,12026,Nijlen,Antwerpen,nijlen b10,nijlen b10,3,flanders
6431,2019,0,juvenile,29-05-2019_nijlen b10,554e3c11-e529-4b0b-a162-714c72d3547e,12026,Nijlen,Antwerpen,nijlen b10,nijlen b10,3,flanders
6432,2019,86,larvae,29-05-2019_nijlen b10,554e3c11-e529-4b0b-a162-714c72d3547e,12026,Nijlen,Antwerpen,nijlen b10,nijlen b10,3,flanders
6433,2019,0,adult,29-05-2019_nijlen b9,abd1f412-8e63-4eae-bf83-afa3f0d03b33,12026,Nijlen,Antwerpen,nijlen b9,nijlen b9,1,flanders
6434,2019,0,juvenile,29-05-2019_nijlen b9,abd1f412-8e63-4eae-bf83-afa3f0d03b33,12026,Nijlen,Antwerpen,nijlen b9,nijlen b9,1,flanders
6435,2019,0,larvae,29-05-2019_nijlen b9,abd1f412-8e63-4eae-bf83-afa3f0d03b33,12026,Nijlen,Antwerpen,nijlen b9,nijlen b9,1,flanders
6436,2020,0,adult,29-05-2020_nijlen b10,554e3c11-e529-4b0b-a162-714c72d3547e,12026,Nijlen,Antwerpen,nijlen b10,nijlen b10,4,flanders
6437,2020,10,juvenile,29-05-2020_nijlen b10,554e3c11-e529-4b0b-a162-714c72d3547e,12026,Nijlen,Antwerpen,nijlen b10,nijlen b10,4,flanders
6438,2020,69,larvae,29-05-2020_nijlen b10,554e3c11-e529-4b0b-a162-714c72d3547e,12026,Nijlen,Antwerpen,nijlen b10,nijlen b10,4,flanders
6439,2021,7,adult,29-05-2021_griesbroek 6,03dc3f07-506f-4c71-bbcd-ad24c177cab5,13003,Balen,Antwerpen,griesbroek 6,griesbroek 6,8,flanders
6440,2021,1,juvenile,29-05-2021_griesbroek 6,03dc3f07-506f-4c71-bbcd-ad24c177cab5,13003,Balen,Antwerpen,griesbroek 6,griesbroek 6,8,flanders
6441,2021,249,larvae,29-05-2021_griesbroek 6,03dc3f07-506f-4c71-bbcd-ad24c177cab5,13003,Balen,Antwerpen,griesbroek 6,griesbroek 6,8,flanders
6442,2021,0,adult,29-05-2021_nijlen h1,e4967c07-aaa3-4aa5-9ba6-54322313066c,12021,Lier,Antwerpen,nijlen h1,nijlen h1,8,flanders
6443,2021,0,juvenile,29-05-2021_nijlen h1,e4967c07-aaa3-4aa5-9ba6-54322313066c,12021,Lier,Antwerpen,nijlen h1,nijlen h1,8,flanders
6444,2021,0,larvae,29-05-2021_nijlen h1,e4967c07-aaa3-4aa5-9ba6-54322313066c,12021,Lier,Antwerpen,nijlen h1,nijlen h1,8,flanders
6445,2024,50,adult,29-05-2024_griesbroek 6,03dc3f07-506f-4c71-bbcd-ad24c177cab5,13003,Balen,Antwerpen,griesbroek 6,griesbroek 6,47,flanders
6446,2024,5,juvenile,29-05-2024_griesbroek 6,03dc3f07-506f-4c71-bbcd-ad24c177cab5,13003,Balen,Antwerpen,griesbroek 6,griesbroek 6,47,flanders
6447,2024,46,larvae,29-05-2024_griesbroek 6,03dc3f07-506f-4c71-bbcd-ad24c177cab5,13003,Balen,Antwerpen,griesbroek 6,griesbroek 6,47,flanders
6448,2025,0,adult,29-05-2025_antlkd 0300,30BC8B78-B6A9-45DE-92CD-A7801509C5CF,13053,Laakdal,Antwerpen,antlkd 0300,antlkd 0300,4,flanders
6449,2025,0,juvenile,29-05-2025_antlkd 0300,30BC8B78-B6A9-45DE-92CD-A7801509C5CF,13053,Laakdal,Antwerpen,antlkd 0300,antlkd 0300,4,flanders
6450,2025,0,larvae,29-05-2025_antlkd 0300,30BC8B78-B6A9-45DE-92CD-A7801509C5CF,13053,Laakdal,Antwerpen,antlkd 0300,antlkd 0300,4,flanders
6451,2025,8,adult,29-05-2025_griesbroek 6,03dc3f07-506f-4c71-bbcd-ad24c177cab5,13003,Balen,Antwerpen,griesbroek 6,griesbroek 6,11,flanders
6452,2025,1,juvenile,29-05-2025_griesbroek 6,03dc3f07-506f-4c71-bbcd-ad24c177cab5,13003,Balen,Antwerpen,griesbroek 6,griesbroek 6,11,flanders
6453,2025,15,larvae,29-05-2025_griesbroek 6,03dc3f07-506f-4c71-bbcd-ad24c177cab5,13003,Balen,Antwerpen,griesbroek 6,griesbroek 6,11,flanders
6454,2025,0,adult,29-05-2025_laakdal 41,3FF122FA-A234-4A59-B023-BF7A15813990,13053,Laakdal,Antwerpen,laakdal 41,laakdal 41,8,flanders
6455,2025,0,juvenile,29-05-2025_laakdal 41,3FF122FA-A234-4A59-B023-BF7A15813990,13053,Laakdal,Antwerpen,laakdal 41,laakdal 41,8,flanders
6456,2025,49,larvae,29-05-2025_laakdal 41,3FF122FA-A234-4A59-B023-BF7A15813990,13053,Laakdal,Antwerpen,laakdal 41,laakdal 41,8,flanders
6457,2025,1,adult,29-05-2025_laakdal 5,62abe301-066c-4fa9-a54d-14e8b8882923,13053,Laakdal,Antwerpen,laakdal 5,laakdal 5,10,flanders
6458,2025,6,juvenile,29-05-2025_laakdal 5,62abe301-066c-4fa9-a54d-14e8b8882923,13053,Laakdal,Antwerpen,laakdal 5,laakdal 5,10,flanders
6459,2025,1479,larvae,29-05-2025_laakdal 5,62abe301-066c-4fa9-a54d-14e8b8882923,13053,Laakdal,Antwerpen,laakdal 5,laakdal 5,10,flanders
6460,2025,1,adult,29-05-2025_scheps 7,009d325e-8c76-4049-bc69-31f6163e254e,13003,Balen,Antwerpen,scheps 7,scheps 7,6,flanders
6461,2025,0,juvenile,29-05-2025_scheps 7,009d325e-8c76-4049-bc69-31f6163e254e,13003,Balen,Antwerpen,scheps 7,scheps 7,6,flanders
6462,2025,0,larvae,29-05-2025_scheps 7,009d325e-8c76-4049-bc69-31f6163e254e,13003,Balen,Antwerpen,scheps 7,scheps 7,6,flanders
6463,2012,0,adult,29-06-2012_arendonk 2,fbb3baeb-c846-444c-926e-02445e328b78,13001,Arendonk,Antwerpen,NA,NA,6,flanders
6464,2012,0,juvenile,29-06-2012_arendonk 2,fbb3baeb-c846-444c-926e-02445e328b78,13001,Arendonk,Antwerpen,NA,NA,6,flanders
6465,2012,88,larvae,29-06-2012_arendonk 2,fbb3baeb-c846-444c-926e-02445e328b78,13001,Arendonk,Antwerpen,NA,NA,6,flanders
6466,2018,9,adult,29-06-2018_scheps 20,03167d3d-4f00-42b8-b8be-fbe739205a3c,13003,Balen,Antwerpen,NA,NA,2,flanders
6467,2018,44,juvenile,29-06-2018_scheps 20,03167d3d-4f00-42b8-b8be-fbe739205a3c,13003,Balen,Antwerpen,NA,NA,2,flanders
6468,2018,0,larvae,29-06-2018_scheps 20,03167d3d-4f00-42b8-b8be-fbe739205a3c,13003,Balen,Antwerpen,NA,NA,2,flanders
6469,2018,0,adult,29-06-2018_scheps 6,3f097ed2-a6e2-4db8-ab6d-eb411d610792,13003,Balen,Antwerpen,NA,NA,1,flanders
6470,2018,5,juvenile,29-06-2018_scheps 6,3f097ed2-a6e2-4db8-ab6d-eb411d610792,13003,Balen,Antwerpen,NA,NA,1,flanders
6471,2018,0,larvae,29-06-2018_scheps 6,3f097ed2-a6e2-4db8-ab6d-eb411d610792,13003,Balen,Antwerpen,NA,NA,1,flanders
6472,2018,0,adult,29-06-2018_scheps 6b,6645e07d-648d-42bb-9e03-42c8af07c4dc,13003,Balen,Antwerpen,NA,NA,1,flanders
6473,2018,2,juvenile,29-06-2018_scheps 6b,6645e07d-648d-42bb-9e03-42c8af07c4dc,13003,Balen,Antwerpen,NA,NA,1,flanders
6474,2018,0,larvae,29-06-2018_scheps 6b,6645e07d-648d-42bb-9e03-42c8af07c4dc,13003,Balen,Antwerpen,NA,NA,1,flanders
6475,2018,2,adult,29-06-2018_scheps 8,909d4ce7-901a-499c-b993-242731897f23,13003,Balen,Antwerpen,NA,NA,1,flanders
6476,2018,0,juvenile,29-06-2018_scheps 8,909d4ce7-901a-499c-b993-242731897f23,13003,Balen,Antwerpen,NA,NA,1,flanders
6477,2018,0,larvae,29-06-2018_scheps 8,909d4ce7-901a-499c-b993-242731897f23,13003,Balen,Antwerpen,NA,NA,1,flanders
6478,2021,4,adult,29-06-2021_antgee0519,9346CD5F-148C-4EF0-82F4-BF9C375A76B9,13008,Geel,Antwerpen,antgee0519,antgee0519,5,flanders
6479,2021,1,juvenile,29-06-2021_antgee0519,9346CD5F-148C-4EF0-82F4-BF9C375A76B9,13008,Geel,Antwerpen,antgee0519,antgee0519,5,flanders
6480,2021,1889,larvae,29-06-2021_antgee0519,9346CD5F-148C-4EF0-82F4-BF9C375A76B9,13008,Geel,Antwerpen,antgee0519,antgee0519,5,flanders
6481,2021,0,adult,29-06-2021_laakdal 40,34C31F9E-FA3D-45E3-8863-C13CD55F42EA,13053,Laakdal,Antwerpen,laakdal 40,laakdal 40,12,flanders
6482,2021,1,juvenile,29-06-2021_laakdal 40,34C31F9E-FA3D-45E3-8863-C13CD55F42EA,13053,Laakdal,Antwerpen,laakdal 40,laakdal 40,12,flanders
6483,2021,0,larvae,29-06-2021_laakdal 40,34C31F9E-FA3D-45E3-8863-C13CD55F42EA,13053,Laakdal,Antwerpen,laakdal 40,laakdal 40,12,flanders
6484,2022,0,adult,29-06-2022_ham 4,DD9433B2-49C1-4233-A1D7-42E8EAD9388C,71069,Ham,Limburg,ham 4,ham 4,4,flanders
6485,2022,0,juvenile,29-06-2022_ham 4,DD9433B2-49C1-4233-A1D7-42E8EAD9388C,71069,Ham,Limburg,ham 4,ham 4,4,flanders
6486,2022,0,larvae,29-06-2022_ham 4,DD9433B2-49C1-4233-A1D7-42E8EAD9388C,71069,Ham,Limburg,ham 4,ham 4,4,flanders
6487,2022,2,adult,29-06-2022_herselt 1,5AB89730-1687-4EC6-9E34-D6A23787BF75,13013,Herselt,Antwerpen,herselt 1,herselt 1,2,flanders
6488,2022,0,juvenile,29-06-2022_herselt 1,5AB89730-1687-4EC6-9E34-D6A23787BF75,13013,Herselt,Antwerpen,herselt 1,herselt 1,2,flanders
6489,2022,10,larvae,29-06-2022_herselt 1,5AB89730-1687-4EC6-9E34-D6A23787BF75,13013,Herselt,Antwerpen,herselt 1,herselt 1,2,flanders
6490,2022,0,adult,29-06-2022_herselt 2,AAE5A83A-6590-4F17-AF25-0CAAC262AAB9,13013,Herselt,Antwerpen,herselt 2,herselt 2,2,flanders
6491,2022,2,juvenile,29-06-2022_herselt 2,AAE5A83A-6590-4F17-AF25-0CAAC262AAB9,13013,Herselt,Antwerpen,herselt 2,herselt 2,2,flanders
6492,2022,30,larvae,29-06-2022_herselt 2,AAE5A83A-6590-4F17-AF25-0CAAC262AAB9,13013,Herselt,Antwerpen,herselt 2,herselt 2,2,flanders
6493,2022,0,adult,29-06-2022_herselt 8,3D6D580A-AB46-401F-8ABF-43001E535D3F,13013,Herselt,Antwerpen,herselt 8,herselt 8,19,flanders
6494,2022,1,juvenile,29-06-2022_herselt 8,3D6D580A-AB46-401F-8ABF-43001E535D3F,13013,Herselt,Antwerpen,herselt 8,herselt 8,19,flanders
6495,2022,113,larvae,29-06-2022_herselt 8,3D6D580A-AB46-401F-8ABF-43001E535D3F,13013,Herselt,Antwerpen,herselt 8,herselt 8,19,flanders
6496,2022,0,adult,29-06-2022_laakdal 37,835E903F-A579-4355-8AB0-7D70249F0B89,13053,Laakdal,Antwerpen,laakdal 37,laakdal 37,10,flanders
6497,2022,0,juvenile,29-06-2022_laakdal 37,835E903F-A579-4355-8AB0-7D70249F0B89,13053,Laakdal,Antwerpen,laakdal 37,laakdal 37,10,flanders
6498,2022,76,larvae,29-06-2022_laakdal 37,835E903F-A579-4355-8AB0-7D70249F0B89,13053,Laakdal,Antwerpen,laakdal 37,laakdal 37,10,flanders
6499,2022,0,adult,29-06-2022_roost 38,B67850BE-C1FF-4995-9CF3-73B5E4F09B31,13053,Laakdal,Antwerpen,roost 38,roost 38,9,flanders
6500,2022,0,juvenile,29-06-2022_roost 38,B67850BE-C1FF-4995-9CF3-73B5E4F09B31,13053,Laakdal,Antwerpen,roost 38,roost 38,9,flanders
6501,2022,243,larvae,29-06-2022_roost 38,B67850BE-C1FF-4995-9CF3-73B5E4F09B31,13053,Laakdal,Antwerpen,roost 38,roost 38,9,flanders
6502,2023,0,adult,29-06-2023_scheps 20,03167d3d-4f00-42b8-b8be-fbe739205a3c,13003,Balen,Antwerpen,scheps 20,scheps 20,14,flanders
6503,2023,2,juvenile,29-06-2023_scheps 20,03167d3d-4f00-42b8-b8be-fbe739205a3c,13003,Balen,Antwerpen,scheps 20,scheps 20,14,flanders
6504,2023,89,larvae,29-06-2023_scheps 20,03167d3d-4f00-42b8-b8be-fbe739205a3c,13003,Balen,Antwerpen,scheps 20,scheps 20,14,flanders
6505,2023,4,adult,29-06-2023_scheps 35,C40A62BC-753E-4B8E-A09E-101C73DE9BD0,13021,Meerhout,Antwerpen,scheps 35,scheps 35,8,flanders
6506,2023,2,juvenile,29-06-2023_scheps 35,C40A62BC-753E-4B8E-A09E-101C73DE9BD0,13021,Meerhout,Antwerpen,scheps 35,scheps 35,8,flanders
6507,2023,385,larvae,29-06-2023_scheps 35,C40A62BC-753E-4B8E-A09E-101C73DE9BD0,13021,Meerhout,Antwerpen,scheps 35,scheps 35,8,flanders
6508,2023,3,adult,29-06-2023_scheps 39,E0BFF7E4-D0E2-44B4-A7FE-2DD211144B52,13003,Balen,Antwerpen,scheps 39,scheps 39,6,flanders
6509,2023,0,juvenile,29-06-2023_scheps 39,E0BFF7E4-D0E2-44B4-A7FE-2DD211144B52,13003,Balen,Antwerpen,scheps 39,scheps 39,6,flanders
6510,2023,0,larvae,29-06-2023_scheps 39,E0BFF7E4-D0E2-44B4-A7FE-2DD211144B52,13003,Balen,Antwerpen,scheps 39,scheps 39,6,flanders
6511,2023,0,adult,29-06-2023_scheps 41,89FF8F2D-DE88-49E0-95F6-D0EA5A15D42F,13003,Balen,Antwerpen,scheps 41,scheps 41,7,flanders
6512,2023,1,juvenile,29-06-2023_scheps 41,89FF8F2D-DE88-49E0-95F6-D0EA5A15D42F,13003,Balen,Antwerpen,scheps 41,scheps 41,7,flanders
6513,2023,39,larvae,29-06-2023_scheps 41,89FF8F2D-DE88-49E0-95F6-D0EA5A15D42F,13003,Balen,Antwerpen,scheps 41,scheps 41,7,flanders
6514,2023,0,adult,29-06-2023_scheps 42,323F5909-B7D0-4A77-AC74-D9EF1DFB812A,13003,Balen,Antwerpen,scheps 42,scheps 42,7,flanders
6515,2023,0,juvenile,29-06-2023_scheps 42,323F5909-B7D0-4A77-AC74-D9EF1DFB812A,13003,Balen,Antwerpen,scheps 42,scheps 42,7,flanders
6516,2023,8,larvae,29-06-2023_scheps 42,323F5909-B7D0-4A77-AC74-D9EF1DFB812A,13003,Balen,Antwerpen,scheps 42,scheps 42,7,flanders
6517,2010,0,adult,29-07-2010_driehoek,48fb261c-3f3a-4a95-9103-1e6822dae999,13014,Hoogstraten,Antwerpen,NA,NA,6,flanders
6518,2010,16,juvenile,29-07-2010_driehoek,48fb261c-3f3a-4a95-9103-1e6822dae999,13014,Hoogstraten,Antwerpen,NA,NA,6,flanders
6519,2010,214,larvae,29-07-2010_driehoek,48fb261c-3f3a-4a95-9103-1e6822dae999,13014,Hoogstraten,Antwerpen,NA,NA,6,flanders
6520,2015,0,adult,29-07-2015_arendonk 1,91a8e2bb-b682-4c53-b213-7494198b12ce,13001,Arendonk,Antwerpen,NA,NA,2,flanders
6521,2015,0,juvenile,29-07-2015_arendonk 1,91a8e2bb-b682-4c53-b213-7494198b12ce,13001,Arendonk,Antwerpen,NA,NA,2,flanders
6522,2015,2,larvae,29-07-2015_arendonk 1,91a8e2bb-b682-4c53-b213-7494198b12ce,13001,Arendonk,Antwerpen,NA,NA,2,flanders
6523,2016,0,adult,29-07-2016_arendonk 1,91a8e2bb-b682-4c53-b213-7494198b12ce,13001,Arendonk,Antwerpen,NA,NA,4,flanders
6524,2016,1,juvenile,29-07-2016_arendonk 1,91a8e2bb-b682-4c53-b213-7494198b12ce,13001,Arendonk,Antwerpen,NA,NA,4,flanders
6525,2016,2,larvae,29-07-2016_arendonk 1,91a8e2bb-b682-4c53-b213-7494198b12ce,13001,Arendonk,Antwerpen,NA,NA,4,flanders
6526,2016,0,adult,29-07-2016_arendonk 2,fbb3baeb-c846-444c-926e-02445e328b78,13001,Arendonk,Antwerpen,NA,NA,6,flanders
6527,2016,32,juvenile,29-07-2016_arendonk 2,fbb3baeb-c846-444c-926e-02445e328b78,13001,Arendonk,Antwerpen,NA,NA,6,flanders
6528,2016,495,larvae,29-07-2016_arendonk 2,fbb3baeb-c846-444c-926e-02445e328b78,13001,Arendonk,Antwerpen,NA,NA,6,flanders
6529,2020,0,adult,29-07-2020_laakdal 26,598e42bd-eadc-4594-b967-130cb4905c0c,13053,Laakdal,Antwerpen,laakdal 26,laakdal 26,1,flanders
6530,2020,1,juvenile,29-07-2020_laakdal 26,598e42bd-eadc-4594-b967-130cb4905c0c,13053,Laakdal,Antwerpen,laakdal 26,laakdal 26,1,flanders
6531,2020,0,larvae,29-07-2020_laakdal 26,598e42bd-eadc-4594-b967-130cb4905c0c,13053,Laakdal,Antwerpen,laakdal 26,laakdal 26,1,flanders
6532,2020,0,adult,29-07-2020_nijlen l9,f5fae4b8-8b29-46d6-9d83-8dcf2a965cb8,12021,Lier,Antwerpen,nijlen l9,nijlen l9,8,flanders
6533,2020,0,juvenile,29-07-2020_nijlen l9,f5fae4b8-8b29-46d6-9d83-8dcf2a965cb8,12021,Lier,Antwerpen,nijlen l9,nijlen l9,8,flanders
6534,2020,0,larvae,29-07-2020_nijlen l9,f5fae4b8-8b29-46d6-9d83-8dcf2a965cb8,12021,Lier,Antwerpen,nijlen l9,nijlen l9,8,flanders
6535,2020,1,adult,29-07-2020_scheps 1,99b57d68-38ec-4f35-8d21-edaa375cf288,13003,Balen,Antwerpen,scheps 1,scheps 1,1,flanders
6536,2020,1,juvenile,29-07-2020_scheps 1,99b57d68-38ec-4f35-8d21-edaa375cf288,13003,Balen,Antwerpen,scheps 1,scheps 1,1,flanders
6537,2020,0,larvae,29-07-2020_scheps 1,99b57d68-38ec-4f35-8d21-edaa375cf288,13003,Balen,Antwerpen,scheps 1,scheps 1,1,flanders
6538,2020,0,adult,29-07-2020_scheps 14,9b687d24-d067-476e-a99c-06ffa0eb3628,13003,Balen,Antwerpen,scheps 14,scheps 14,1,flanders
6539,2020,0,juvenile,29-07-2020_scheps 14,9b687d24-d067-476e-a99c-06ffa0eb3628,13003,Balen,Antwerpen,scheps 14,scheps 14,1,flanders
6540,2020,0,larvae,29-07-2020_scheps 14,9b687d24-d067-476e-a99c-06ffa0eb3628,13003,Balen,Antwerpen,scheps 14,scheps 14,1,flanders
6541,2020,1,adult,29-07-2020_scheps 3,e527fa11-d98b-4caa-a892-3aa87fd646b5,13003,Balen,Antwerpen,scheps 3,scheps 3,4,flanders
6542,2020,0,juvenile,29-07-2020_scheps 3,e527fa11-d98b-4caa-a892-3aa87fd646b5,13003,Balen,Antwerpen,scheps 3,scheps 3,4,flanders
6543,2020,0,larvae,29-07-2020_scheps 3,e527fa11-d98b-4caa-a892-3aa87fd646b5,13003,Balen,Antwerpen,scheps 3,scheps 3,4,flanders
6544,2021,0,adult,29-07-2021_nijlen b15,05c32330-fd8e-4e80-9ef6-57357d09ef38,12026,Nijlen,Antwerpen,nijlen b15,nijlen b15,5,flanders
6545,2021,0,juvenile,29-07-2021_nijlen b15,05c32330-fd8e-4e80-9ef6-57357d09ef38,12026,Nijlen,Antwerpen,nijlen b15,nijlen b15,5,flanders
6546,2021,0,larvae,29-07-2021_nijlen b15,05c32330-fd8e-4e80-9ef6-57357d09ef38,12026,Nijlen,Antwerpen,nijlen b15,nijlen b15,5,flanders
6547,2021,1,adult,29-07-2021_nijlen b3b,023e2cd6-493c-4e24-bbe1-e03c9afdb0a1,12026,Nijlen,Antwerpen,nijlen b3b,nijlen b3b,4,flanders
6548,2021,0,juvenile,29-07-2021_nijlen b3b,023e2cd6-493c-4e24-bbe1-e03c9afdb0a1,12026,Nijlen,Antwerpen,nijlen b3b,nijlen b3b,4,flanders
6549,2021,0,larvae,29-07-2021_nijlen b3b,023e2cd6-493c-4e24-bbe1-e03c9afdb0a1,12026,Nijlen,Antwerpen,nijlen b3b,nijlen b3b,4,flanders
6550,2021,0,adult,29-07-2021_scheps 10,ff328547-af9c-4e6f-bbf1-5d2856b2da7b,13003,Balen,Antwerpen,scheps 10,scheps 10,4,flanders
6551,2021,0,juvenile,29-07-2021_scheps 10,ff328547-af9c-4e6f-bbf1-5d2856b2da7b,13003,Balen,Antwerpen,scheps 10,scheps 10,4,flanders
6552,2021,0,larvae,29-07-2021_scheps 10,ff328547-af9c-4e6f-bbf1-5d2856b2da7b,13003,Balen,Antwerpen,scheps 10,scheps 10,4,flanders
6553,2021,1,adult,29-07-2021_scheps 20,03167d3d-4f00-42b8-b8be-fbe739205a3c,13003,Balen,Antwerpen,scheps 20,scheps 20,5,flanders
6554,2021,12,juvenile,29-07-2021_scheps 20,03167d3d-4f00-42b8-b8be-fbe739205a3c,13003,Balen,Antwerpen,scheps 20,scheps 20,5,flanders
6555,2021,38,larvae,29-07-2021_scheps 20,03167d3d-4f00-42b8-b8be-fbe739205a3c,13003,Balen,Antwerpen,scheps 20,scheps 20,5,flanders
6556,2021,0,adult,29-07-2021_scheps 3,e527fa11-d98b-4caa-a892-3aa87fd646b5,13003,Balen,Antwerpen,scheps 3,scheps 3,4,flanders
6557,2021,0,juvenile,29-07-2021_scheps 3,e527fa11-d98b-4caa-a892-3aa87fd646b5,13003,Balen,Antwerpen,scheps 3,scheps 3,4,flanders
6558,2021,0,larvae,29-07-2021_scheps 3,e527fa11-d98b-4caa-a892-3aa87fd646b5,13003,Balen,Antwerpen,scheps 3,scheps 3,4,flanders
6559,2021,2,adult,29-07-2021_scheps 35,C40A62BC-753E-4B8E-A09E-101C73DE9BD0,13021,Meerhout,Antwerpen,scheps 35,scheps 35,6,flanders
6560,2021,3,juvenile,29-07-2021_scheps 35,C40A62BC-753E-4B8E-A09E-101C73DE9BD0,13021,Meerhout,Antwerpen,scheps 35,scheps 35,6,flanders
6561,2021,237,larvae,29-07-2021_scheps 35,C40A62BC-753E-4B8E-A09E-101C73DE9BD0,13021,Meerhout,Antwerpen,scheps 35,scheps 35,6,flanders
6562,2022,7,adult,29-07-2022_scheps 39,E0BFF7E4-D0E2-44B4-A7FE-2DD211144B52,13003,Balen,Antwerpen,scheps 39,scheps 39,15,flanders
6563,2022,7,juvenile,29-07-2022_scheps 39,E0BFF7E4-D0E2-44B4-A7FE-2DD211144B52,13003,Balen,Antwerpen,scheps 39,scheps 39,15,flanders
6564,2022,90,larvae,29-07-2022_scheps 39,E0BFF7E4-D0E2-44B4-A7FE-2DD211144B52,13003,Balen,Antwerpen,scheps 39,scheps 39,15,flanders
6565,2022,0,adult,29-07-2022_scheps 40,F839D846-F59A-4D49-AE3A-724B06CE89E4,13003,Balen,Antwerpen,scheps 40,scheps 40,10,flanders
6566,2022,11,juvenile,29-07-2022_scheps 40,F839D846-F59A-4D49-AE3A-724B06CE89E4,13003,Balen,Antwerpen,scheps 40,scheps 40,10,flanders
6567,2022,0,larvae,29-07-2022_scheps 40,F839D846-F59A-4D49-AE3A-724B06CE89E4,13003,Balen,Antwerpen,scheps 40,scheps 40,10,flanders
6568,2025,0,adult,29-07-2025_antbal 0241,3079510D-6DC4-4347-8671-1ADDDBCFE27F,13003,Balen,Antwerpen,antbal 0241,antbal 0241,1,flanders
6569,2025,0,juvenile,29-07-2025_antbal 0241,3079510D-6DC4-4347-8671-1ADDDBCFE27F,13003,Balen,Antwerpen,antbal 0241,antbal 0241,1,flanders
6570,2025,0,larvae,29-07-2025_antbal 0241,3079510D-6DC4-4347-8671-1ADDDBCFE27F,13003,Balen,Antwerpen,antbal 0241,antbal 0241,1,flanders
6571,2025,0,adult,29-07-2025_antbal0342,8C17BEDF-B841-417C-B379-1D11FDDAA8B5,13003,Balen,Antwerpen,antbal0342,antbal0342,5,flanders
6572,2025,1,juvenile,29-07-2025_antbal0342,8C17BEDF-B841-417C-B379-1D11FDDAA8B5,13003,Balen,Antwerpen,antbal0342,antbal0342,5,flanders
6573,2025,35,larvae,29-07-2025_antbal0342,8C17BEDF-B841-417C-B379-1D11FDDAA8B5,13003,Balen,Antwerpen,antbal0342,antbal0342,5,flanders
6574,2025,2,adult,29-07-2025_antgee 0265,41C5E31C-A6F8-48EA-BBCC-4E4505F5350D,13008,Geel,Antwerpen,antgee 0265,antgee 0265,3,flanders
6575,2025,9,juvenile,29-07-2025_antgee 0265,41C5E31C-A6F8-48EA-BBCC-4E4505F5350D,13008,Geel,Antwerpen,antgee 0265,antgee 0265,3,flanders
6576,2025,1286,larvae,29-07-2025_antgee 0265,41C5E31C-A6F8-48EA-BBCC-4E4505F5350D,13008,Geel,Antwerpen,antgee 0265,antgee 0265,3,flanders
6577,2025,0,adult,29-07-2025_antgee 0537,AA6037B7-0ADB-4550-9D91-B7C5C5116D29,13008,Geel,Antwerpen,antgee 0537,antgee 0537,5,flanders
6578,2025,2,juvenile,29-07-2025_antgee 0537,AA6037B7-0ADB-4550-9D91-B7C5C5116D29,13008,Geel,Antwerpen,antgee 0537,antgee 0537,5,flanders
6579,2025,74,larvae,29-07-2025_antgee 0537,AA6037B7-0ADB-4550-9D91-B7C5C5116D29,13008,Geel,Antwerpen,antgee 0537,antgee 0537,5,flanders
6580,2025,1,adult,29-07-2025_antgee 0541,15C363BD-2F37-429D-B2F2-D8F0B9C8BBC5,13008,Geel,Antwerpen,antgee 0541,antgee 0541,5,flanders
6581,2025,27,juvenile,29-07-2025_antgee 0541,15C363BD-2F37-429D-B2F2-D8F0B9C8BBC5,13008,Geel,Antwerpen,antgee 0541,antgee 0541,5,flanders
6582,2025,450,larvae,29-07-2025_antgee 0541,15C363BD-2F37-429D-B2F2-D8F0B9C8BBC5,13008,Geel,Antwerpen,antgee 0541,antgee 0541,5,flanders
6583,2012,0,adult,29-08-2012_arendonk 2,fbb3baeb-c846-444c-926e-02445e328b78,13001,Arendonk,Antwerpen,NA,NA,6,flanders
6584,2012,0,juvenile,29-08-2012_arendonk 2,fbb3baeb-c846-444c-926e-02445e328b78,13001,Arendonk,Antwerpen,NA,NA,6,flanders
6585,2012,329,larvae,29-08-2012_arendonk 2,fbb3baeb-c846-444c-926e-02445e328b78,13001,Arendonk,Antwerpen,NA,NA,6,flanders
6586,2014,0,adult,29-08-2014_arendonk 2,fbb3baeb-c846-444c-926e-02445e328b78,13001,Arendonk,Antwerpen,NA,NA,6,flanders
6587,2014,0,juvenile,29-08-2014_arendonk 2,fbb3baeb-c846-444c-926e-02445e328b78,13001,Arendonk,Antwerpen,NA,NA,6,flanders
6588,2014,671,larvae,29-08-2014_arendonk 2,fbb3baeb-c846-444c-926e-02445e328b78,13001,Arendonk,Antwerpen,NA,NA,6,flanders
6589,2018,0,adult,29-08-2018_nijlen b10,554e3c11-e529-4b0b-a162-714c72d3547e,12026,Nijlen,Antwerpen,NA,NA,4,flanders
6590,2018,0,juvenile,29-08-2018_nijlen b10,554e3c11-e529-4b0b-a162-714c72d3547e,12026,Nijlen,Antwerpen,NA,NA,4,flanders
6591,2018,728,larvae,29-08-2018_nijlen b10,554e3c11-e529-4b0b-a162-714c72d3547e,12026,Nijlen,Antwerpen,NA,NA,4,flanders
6592,2019,0,adult,29-08-2019_nijlen b10,554e3c11-e529-4b0b-a162-714c72d3547e,12026,Nijlen,Antwerpen,nijlen b10,nijlen b10,7,flanders
6593,2019,144,juvenile,29-08-2019_nijlen b10,554e3c11-e529-4b0b-a162-714c72d3547e,12026,Nijlen,Antwerpen,nijlen b10,nijlen b10,7,flanders
6594,2019,68,larvae,29-08-2019_nijlen b10,554e3c11-e529-4b0b-a162-714c72d3547e,12026,Nijlen,Antwerpen,nijlen b10,nijlen b10,7,flanders
6595,2019,0,adult,29-08-2019_nijlen b3b,023e2cd6-493c-4e24-bbe1-e03c9afdb0a1,12026,Nijlen,Antwerpen,nijlen b3b,nijlen b3b,2,flanders
6596,2019,1,juvenile,29-08-2019_nijlen b3b,023e2cd6-493c-4e24-bbe1-e03c9afdb0a1,12026,Nijlen,Antwerpen,nijlen b3b,nijlen b3b,2,flanders
6597,2019,0,larvae,29-08-2019_nijlen b3b,023e2cd6-493c-4e24-bbe1-e03c9afdb0a1,12026,Nijlen,Antwerpen,nijlen b3b,nijlen b3b,2,flanders
6598,2023,2,adult,29-08-2023_hallaar 15,B84D1ADC-7A0E-4EB8-A6AD-8F7A9C7C5CBB,12014,Heist-Op-Den-Berg,Antwerpen,hallaar 15,hallaar 15,11,flanders
6599,2023,2,juvenile,29-08-2023_hallaar 15,B84D1ADC-7A0E-4EB8-A6AD-8F7A9C7C5CBB,12014,Heist-Op-Den-Berg,Antwerpen,hallaar 15,hallaar 15,11,flanders
6600,2023,3,larvae,29-08-2023_hallaar 15,B84D1ADC-7A0E-4EB8-A6AD-8F7A9C7C5CBB,12014,Heist-Op-Den-Berg,Antwerpen,hallaar 15,hallaar 15,11,flanders
6601,2023,0,adult,29-08-2023_hallaar 16,DDFF3D94-8F7F-4FB7-9A58-3A2507499806,12014,Heist-Op-Den-Berg,Antwerpen,hallaar 16,hallaar 16,3,flanders
6602,2023,0,juvenile,29-08-2023_hallaar 16,DDFF3D94-8F7F-4FB7-9A58-3A2507499806,12014,Heist-Op-Den-Berg,Antwerpen,hallaar 16,hallaar 16,3,flanders
6603,2023,0,larvae,29-08-2023_hallaar 16,DDFF3D94-8F7F-4FB7-9A58-3A2507499806,12014,Heist-Op-Den-Berg,Antwerpen,hallaar 16,hallaar 16,3,flanders
6604,2023,0,adult,29-08-2023_hallaar 17,D223EC78-8E4F-441B-AF10-F66089AEC633,12014,Heist-Op-Den-Berg,Antwerpen,hallaar 17,hallaar 17,1,flanders
6605,2023,2,juvenile,29-08-2023_hallaar 17,D223EC78-8E4F-441B-AF10-F66089AEC633,12014,Heist-Op-Den-Berg,Antwerpen,hallaar 17,hallaar 17,1,flanders
6606,2023,0,larvae,29-08-2023_hallaar 17,D223EC78-8E4F-441B-AF10-F66089AEC633,12014,Heist-Op-Den-Berg,Antwerpen,hallaar 17,hallaar 17,1,flanders
6607,2024,0,adult,29-08-2024_school 1,676171EF-BEA1-4F9C-825B-D36FD7EE2A6F,71057,Tessenderlo,Limburg,school 1,school 1,10,flanders
6608,2024,0,juvenile,29-08-2024_school 1,676171EF-BEA1-4F9C-825B-D36FD7EE2A6F,71057,Tessenderlo,Limburg,school 1,school 1,10,flanders
6609,2024,0,larvae,29-08-2024_school 1,676171EF-BEA1-4F9C-825B-D36FD7EE2A6F,71057,Tessenderlo,Limburg,school 1,school 1,10,flanders
6610,2024,0,adult,29-08-2024_shoot 2,9F07F9C0-9C0F-4708-947F-670799BD59F3,71057,Tessenderlo,Limburg,shoot 2,shoot 2,9,flanders
6611,2024,0,juvenile,29-08-2024_shoot 2,9F07F9C0-9C0F-4708-947F-670799BD59F3,71057,Tessenderlo,Limburg,shoot 2,shoot 2,9,flanders
6612,2024,0,larvae,29-08-2024_shoot 2,9F07F9C0-9C0F-4708-947F-670799BD59F3,71057,Tessenderlo,Limburg,shoot 2,shoot 2,9,flanders
6613,2011,0,adult,29-09-2011_arendonk 3,60e6e43e-6855-4917-a336-9ac46d087fad,13001,Arendonk,Antwerpen,NA,NA,5,flanders
6614,2011,2,juvenile,29-09-2011_arendonk 3,60e6e43e-6855-4917-a336-9ac46d087fad,13001,Arendonk,Antwerpen,NA,NA,5,flanders
6615,2011,37,larvae,29-09-2011_arendonk 3,60e6e43e-6855-4917-a336-9ac46d087fad,13001,Arendonk,Antwerpen,NA,NA,5,flanders
6616,2017,0,adult,29-09-2017_scheps 10,ff328547-af9c-4e6f-bbf1-5d2856b2da7b,13003,Balen,Antwerpen,NA,NA,3,flanders
6617,2017,5,juvenile,29-09-2017_scheps 10,ff328547-af9c-4e6f-bbf1-5d2856b2da7b,13003,Balen,Antwerpen,NA,NA,3,flanders
6618,2017,0,larvae,29-09-2017_scheps 10,ff328547-af9c-4e6f-bbf1-5d2856b2da7b,13003,Balen,Antwerpen,NA,NA,3,flanders
6619,2017,0,adult,29-09-2017_scheps 6,3f097ed2-a6e2-4db8-ab6d-eb411d610792,13003,Balen,Antwerpen,NA,NA,3,flanders
6620,2017,2,juvenile,29-09-2017_scheps 6,3f097ed2-a6e2-4db8-ab6d-eb411d610792,13003,Balen,Antwerpen,NA,NA,3,flanders
6621,2017,0,larvae,29-09-2017_scheps 6,3f097ed2-a6e2-4db8-ab6d-eb411d610792,13003,Balen,Antwerpen,NA,NA,3,flanders
6622,2022,0,adult,29-09-2022_steenkesloop 1,B08D8107-F3B5-4C98-9757-147574C9402D,13016,Hulshout,Antwerpen,steenkesloop 1,steenkesloop 1,5,flanders
6623,2022,8,juvenile,29-09-2022_steenkesloop 1,B08D8107-F3B5-4C98-9757-147574C9402D,13016,Hulshout,Antwerpen,steenkesloop 1,steenkesloop 1,5,flanders
6624,2022,0,larvae,29-09-2022_steenkesloop 1,B08D8107-F3B5-4C98-9757-147574C9402D,13016,Hulshout,Antwerpen,steenkesloop 1,steenkesloop 1,5,flanders
6625,2019,0,adult,29-10-2019_nijlen b10,554e3c11-e529-4b0b-a162-714c72d3547e,12026,Nijlen,Antwerpen,nijlen b10,nijlen b10,6,flanders
6626,2019,0,juvenile,29-10-2019_nijlen b10,554e3c11-e529-4b0b-a162-714c72d3547e,12026,Nijlen,Antwerpen,nijlen b10,nijlen b10,6,flanders
6627,2019,47,larvae,29-10-2019_nijlen b10,554e3c11-e529-4b0b-a162-714c72d3547e,12026,Nijlen,Antwerpen,nijlen b10,nijlen b10,6,flanders
6628,2020,0,adult,29-10-2020_nijlen b10,554e3c11-e529-4b0b-a162-714c72d3547e,12026,Nijlen,Antwerpen,nijlen b10,nijlen b10,6,flanders
6629,2020,12,juvenile,29-10-2020_nijlen b10,554e3c11-e529-4b0b-a162-714c72d3547e,12026,Nijlen,Antwerpen,nijlen b10,nijlen b10,6,flanders
6630,2020,3,larvae,29-10-2020_nijlen b10,554e3c11-e529-4b0b-a162-714c72d3547e,12026,Nijlen,Antwerpen,nijlen b10,nijlen b10,6,flanders
6631,2020,2,adult,29-10-2020_nijlen b11,602c47a6-7c4a-46b9-b481-921731880571,12026,Nijlen,Antwerpen,nijlen b11,nijlen b11,6,flanders
6632,2020,0,juvenile,29-10-2020_nijlen b11,602c47a6-7c4a-46b9-b481-921731880571,12026,Nijlen,Antwerpen,nijlen b11,nijlen b11,6,flanders
6633,2020,0,larvae,29-10-2020_nijlen b11,602c47a6-7c4a-46b9-b481-921731880571,12026,Nijlen,Antwerpen,nijlen b11,nijlen b11,6,flanders
6634,2019,0,adult,29-11-2019_nijlen b11,602c47a6-7c4a-46b9-b481-921731880571,12026,Nijlen,Antwerpen,nijlen b11,nijlen b11,2,flanders
6635,2019,0,juvenile,29-11-2019_nijlen b11,602c47a6-7c4a-46b9-b481-921731880571,12026,Nijlen,Antwerpen,nijlen b11,nijlen b11,2,flanders
6636,2019,22,larvae,29-11-2019_nijlen b11,602c47a6-7c4a-46b9-b481-921731880571,12026,Nijlen,Antwerpen,nijlen b11,nijlen b11,2,flanders
6637,2014,0,adult,30-04-2014_arendonk 2,fbb3baeb-c846-444c-926e-02445e328b78,13001,Arendonk,Antwerpen,NA,NA,4,flanders
6638,2014,0,juvenile,30-04-2014_arendonk 2,fbb3baeb-c846-444c-926e-02445e328b78,13001,Arendonk,Antwerpen,NA,NA,4,flanders
6639,2014,213,larvae,30-04-2014_arendonk 2,fbb3baeb-c846-444c-926e-02445e328b78,13001,Arendonk,Antwerpen,NA,NA,4,flanders
6640,2015,0,adult,30-04-2015_arendonk 2,fbb3baeb-c846-444c-926e-02445e328b78,13001,Arendonk,Antwerpen,NA,NA,4,flanders
6641,2015,0,juvenile,30-04-2015_arendonk 2,fbb3baeb-c846-444c-926e-02445e328b78,13001,Arendonk,Antwerpen,NA,NA,4,flanders
6642,2015,345,larvae,30-04-2015_arendonk 2,fbb3baeb-c846-444c-926e-02445e328b78,13001,Arendonk,Antwerpen,NA,NA,4,flanders
6643,2015,0,adult,30-04-2015_arendonk 3,60e6e43e-6855-4917-a336-9ac46d087fad,13001,Arendonk,Antwerpen,NA,NA,3,flanders
6644,2015,1,juvenile,30-04-2015_arendonk 3,60e6e43e-6855-4917-a336-9ac46d087fad,13001,Arendonk,Antwerpen,NA,NA,3,flanders
6645,2015,12,larvae,30-04-2015_arendonk 3,60e6e43e-6855-4917-a336-9ac46d087fad,13001,Arendonk,Antwerpen,NA,NA,3,flanders
6646,2020,1,adult,30-04-2020_griesbroek 3,95a96ebf-b2d0-461f-9304-d7ada7c4f31d,13003,Balen,Antwerpen,griesbroek 3,griesbroek 3,2,flanders
6647,2020,1,juvenile,30-04-2020_griesbroek 3,95a96ebf-b2d0-461f-9304-d7ada7c4f31d,13003,Balen,Antwerpen,griesbroek 3,griesbroek 3,2,flanders
6648,2020,51,larvae,30-04-2020_griesbroek 3,95a96ebf-b2d0-461f-9304-d7ada7c4f31d,13003,Balen,Antwerpen,griesbroek 3,griesbroek 3,2,flanders
6649,2020,0,adult,30-04-2020_griesbroek 4,ae7f6fdc-d05b-4c2a-ac00-1411d658bd0e,13003,Balen,Antwerpen,griesbroek 4,griesbroek 4,2,flanders
6650,2020,0,juvenile,30-04-2020_griesbroek 4,ae7f6fdc-d05b-4c2a-ac00-1411d658bd0e,13003,Balen,Antwerpen,griesbroek 4,griesbroek 4,2,flanders
6651,2020,5,larvae,30-04-2020_griesbroek 4,ae7f6fdc-d05b-4c2a-ac00-1411d658bd0e,13003,Balen,Antwerpen,griesbroek 4,griesbroek 4,2,flanders
6652,2020,0,adult,30-04-2020_griesbroek 5,829b4e3e-8baf-4236-9896-1f8bb58e893c,13003,Balen,Antwerpen,griesbroek 5,griesbroek 5,2,flanders
6653,2020,0,juvenile,30-04-2020_griesbroek 5,829b4e3e-8baf-4236-9896-1f8bb58e893c,13003,Balen,Antwerpen,griesbroek 5,griesbroek 5,2,flanders
6654,2020,32,larvae,30-04-2020_griesbroek 5,829b4e3e-8baf-4236-9896-1f8bb58e893c,13003,Balen,Antwerpen,griesbroek 5,griesbroek 5,2,flanders
6655,2020,0,adult,30-04-2020_griesbroek 7,80f08260-00f4-4989-8299-eee838d085b4,13003,Balen,Antwerpen,griesbroek 7,griesbroek 7,4,flanders
6656,2020,0,juvenile,30-04-2020_griesbroek 7,80f08260-00f4-4989-8299-eee838d085b4,13003,Balen,Antwerpen,griesbroek 7,griesbroek 7,4,flanders
6657,2020,8,larvae,30-04-2020_griesbroek 7,80f08260-00f4-4989-8299-eee838d085b4,13003,Balen,Antwerpen,griesbroek 7,griesbroek 7,4,flanders
6658,2012,3,adult,30-05-2012_driehoek,48fb261c-3f3a-4a95-9103-1e6822dae999,13014,Hoogstraten,Antwerpen,NA,NA,6,flanders
6659,2012,0,juvenile,30-05-2012_driehoek,48fb261c-3f3a-4a95-9103-1e6822dae999,13014,Hoogstraten,Antwerpen,NA,NA,6,flanders
6660,2012,4,larvae,30-05-2012_driehoek,48fb261c-3f3a-4a95-9103-1e6822dae999,13014,Hoogstraten,Antwerpen,NA,NA,6,flanders
6661,2021,5,adult,30-05-2021_griesbroek 6,03dc3f07-506f-4c71-bbcd-ad24c177cab5,13003,Balen,Antwerpen,griesbroek 6,griesbroek 6,8,flanders
6662,2021,1,juvenile,30-05-2021_griesbroek 6,03dc3f07-506f-4c71-bbcd-ad24c177cab5,13003,Balen,Antwerpen,griesbroek 6,griesbroek 6,8,flanders
6663,2021,106,larvae,30-05-2021_griesbroek 6,03dc3f07-506f-4c71-bbcd-ad24c177cab5,13003,Balen,Antwerpen,griesbroek 6,griesbroek 6,8,flanders
6664,2023,4,adult,30-05-2023_griesbroek 6,03dc3f07-506f-4c71-bbcd-ad24c177cab5,13003,Balen,Antwerpen,griesbroek 6,griesbroek 6,4,flanders
6665,2023,7,juvenile,30-05-2023_griesbroek 6,03dc3f07-506f-4c71-bbcd-ad24c177cab5,13003,Balen,Antwerpen,griesbroek 6,griesbroek 6,4,flanders
6666,2023,17,larvae,30-05-2023_griesbroek 6,03dc3f07-506f-4c71-bbcd-ad24c177cab5,13003,Balen,Antwerpen,griesbroek 6,griesbroek 6,4,flanders
6667,2023,5,adult,30-05-2023_laakdal 41,3FF122FA-A234-4A59-B023-BF7A15813990,13053,Laakdal,Antwerpen,laakdal 41,laakdal 41,20,flanders
6668,2023,0,juvenile,30-05-2023_laakdal 41,3FF122FA-A234-4A59-B023-BF7A15813990,13053,Laakdal,Antwerpen,laakdal 41,laakdal 41,20,flanders
6669,2023,742,larvae,30-05-2023_laakdal 41,3FF122FA-A234-4A59-B023-BF7A15813990,13053,Laakdal,Antwerpen,laakdal 41,laakdal 41,20,flanders
6670,2023,0,adult,30-05-2023_scheps 1,99b57d68-38ec-4f35-8d21-edaa375cf288,13003,Balen,Antwerpen,scheps 1,scheps 1,2,flanders
6671,2023,2,juvenile,30-05-2023_scheps 1,99b57d68-38ec-4f35-8d21-edaa375cf288,13003,Balen,Antwerpen,scheps 1,scheps 1,2,flanders
6672,2023,0,larvae,30-05-2023_scheps 1,99b57d68-38ec-4f35-8d21-edaa375cf288,13003,Balen,Antwerpen,scheps 1,scheps 1,2,flanders
6673,2023,0,adult,30-05-2023_scheps 20,03167d3d-4f00-42b8-b8be-fbe739205a3c,13003,Balen,Antwerpen,scheps 20,scheps 20,2,flanders
6674,2023,1,juvenile,30-05-2023_scheps 20,03167d3d-4f00-42b8-b8be-fbe739205a3c,13003,Balen,Antwerpen,scheps 20,scheps 20,2,flanders
6675,2023,143,larvae,30-05-2023_scheps 20,03167d3d-4f00-42b8-b8be-fbe739205a3c,13003,Balen,Antwerpen,scheps 20,scheps 20,2,flanders
6676,2023,1,adult,30-05-2023_scheps 40,F839D846-F59A-4D49-AE3A-724B06CE89E4,13003,Balen,Antwerpen,scheps 40,scheps 40,8,flanders
6677,2023,2,juvenile,30-05-2023_scheps 40,F839D846-F59A-4D49-AE3A-724B06CE89E4,13003,Balen,Antwerpen,scheps 40,scheps 40,8,flanders
6678,2023,0,larvae,30-05-2023_scheps 40,F839D846-F59A-4D49-AE3A-724B06CE89E4,13003,Balen,Antwerpen,scheps 40,scheps 40,8,flanders
6679,2024,25,adult,30-05-2024_griesbroek 6,03dc3f07-506f-4c71-bbcd-ad24c177cab5,13003,Balen,Antwerpen,griesbroek 6,griesbroek 6,42,flanders
6680,2024,18,juvenile,30-05-2024_griesbroek 6,03dc3f07-506f-4c71-bbcd-ad24c177cab5,13003,Balen,Antwerpen,griesbroek 6,griesbroek 6,42,flanders
6681,2024,60,larvae,30-05-2024_griesbroek 6,03dc3f07-506f-4c71-bbcd-ad24c177cab5,13003,Balen,Antwerpen,griesbroek 6,griesbroek 6,42,flanders
6682,2025,1,adult,30-05-2025_antlkd 0300,30BC8B78-B6A9-45DE-92CD-A7801509C5CF,13053,Laakdal,Antwerpen,antlkd 0300,antlkd 0300,4,flanders
6683,2025,1,juvenile,30-05-2025_antlkd 0300,30BC8B78-B6A9-45DE-92CD-A7801509C5CF,13053,Laakdal,Antwerpen,antlkd 0300,antlkd 0300,4,flanders
6684,2025,3,larvae,30-05-2025_antlkd 0300,30BC8B78-B6A9-45DE-92CD-A7801509C5CF,13053,Laakdal,Antwerpen,antlkd 0300,antlkd 0300,4,flanders
6685,2025,4,adult,30-05-2025_griesbroek 6,03dc3f07-506f-4c71-bbcd-ad24c177cab5,13003,Balen,Antwerpen,griesbroek 6,griesbroek 6,9,flanders
6686,2025,3,juvenile,30-05-2025_griesbroek 6,03dc3f07-506f-4c71-bbcd-ad24c177cab5,13003,Balen,Antwerpen,griesbroek 6,griesbroek 6,9,flanders
6687,2025,26,larvae,30-05-2025_griesbroek 6,03dc3f07-506f-4c71-bbcd-ad24c177cab5,13003,Balen,Antwerpen,griesbroek 6,griesbroek 6,9,flanders
6688,2025,0,adult,30-05-2025_laakdal 41,3FF122FA-A234-4A59-B023-BF7A15813990,13053,Laakdal,Antwerpen,laakdal 41,laakdal 41,8,flanders
6689,2025,0,juvenile,30-05-2025_laakdal 41,3FF122FA-A234-4A59-B023-BF7A15813990,13053,Laakdal,Antwerpen,laakdal 41,laakdal 41,8,flanders
6690,2025,133,larvae,30-05-2025_laakdal 41,3FF122FA-A234-4A59-B023-BF7A15813990,13053,Laakdal,Antwerpen,laakdal 41,laakdal 41,8,flanders
6691,2025,0,adult,30-05-2025_laakdal 5,62abe301-066c-4fa9-a54d-14e8b8882923,13053,Laakdal,Antwerpen,laakdal 5,laakdal 5,10,flanders
6692,2025,2,juvenile,30-05-2025_laakdal 5,62abe301-066c-4fa9-a54d-14e8b8882923,13053,Laakdal,Antwerpen,laakdal 5,laakdal 5,10,flanders
6693,2025,2381,larvae,30-05-2025_laakdal 5,62abe301-066c-4fa9-a54d-14e8b8882923,13053,Laakdal,Antwerpen,laakdal 5,laakdal 5,10,flanders
6694,2025,0,adult,30-05-2025_scheps 7,009d325e-8c76-4049-bc69-31f6163e254e,13003,Balen,Antwerpen,scheps 7,scheps 7,6,flanders
6695,2025,0,juvenile,30-05-2025_scheps 7,009d325e-8c76-4049-bc69-31f6163e254e,13003,Balen,Antwerpen,scheps 7,scheps 7,6,flanders
6696,2025,0,larvae,30-05-2025_scheps 7,009d325e-8c76-4049-bc69-31f6163e254e,13003,Balen,Antwerpen,scheps 7,scheps 7,6,flanders
6697,2015,0,adult,30-06-2015_bospoel,bf074168-c09d-40a9-b321-59ce253aa461,13014,Hoogstraten,Antwerpen,NA,NA,3,flanders
6698,2015,0,juvenile,30-06-2015_bospoel,bf074168-c09d-40a9-b321-59ce253aa461,13014,Hoogstraten,Antwerpen,NA,NA,3,flanders
6699,2015,2,larvae,30-06-2015_bospoel,bf074168-c09d-40a9-b321-59ce253aa461,13014,Hoogstraten,Antwerpen,NA,NA,3,flanders
6700,2021,0,adult,30-06-2021_antgee0519,9346CD5F-148C-4EF0-82F4-BF9C375A76B9,13008,Geel,Antwerpen,antgee0519,antgee0519,5,flanders
6701,2021,0,juvenile,30-06-2021_antgee0519,9346CD5F-148C-4EF0-82F4-BF9C375A76B9,13008,Geel,Antwerpen,antgee0519,antgee0519,5,flanders
6702,2021,972,larvae,30-06-2021_antgee0519,9346CD5F-148C-4EF0-82F4-BF9C375A76B9,13008,Geel,Antwerpen,antgee0519,antgee0519,5,flanders
6703,2021,0,adult,30-06-2021_laakdal 40,34C31F9E-FA3D-45E3-8863-C13CD55F42EA,13053,Laakdal,Antwerpen,laakdal 40,laakdal 40,12,flanders
6704,2021,0,juvenile,30-06-2021_laakdal 40,34C31F9E-FA3D-45E3-8863-C13CD55F42EA,13053,Laakdal,Antwerpen,laakdal 40,laakdal 40,12,flanders
6705,2021,3,larvae,30-06-2021_laakdal 40,34C31F9E-FA3D-45E3-8863-C13CD55F42EA,13053,Laakdal,Antwerpen,laakdal 40,laakdal 40,12,flanders
6706,2021,0,adult,30-06-2021_nijlen l9,f5fae4b8-8b29-46d6-9d83-8dcf2a965cb8,12021,Lier,Antwerpen,nijlen l9,nijlen l9,8,flanders
6707,2021,0,juvenile,30-06-2021_nijlen l9,f5fae4b8-8b29-46d6-9d83-8dcf2a965cb8,12021,Lier,Antwerpen,nijlen l9,nijlen l9,8,flanders
6708,2021,0,larvae,30-06-2021_nijlen l9,f5fae4b8-8b29-46d6-9d83-8dcf2a965cb8,12021,Lier,Antwerpen,nijlen l9,nijlen l9,8,flanders
6709,2022,0,adult,30-06-2022_ham 4,DD9433B2-49C1-4233-A1D7-42E8EAD9388C,71069,Ham,Limburg,ham 4,ham 4,4,flanders
6710,2022,0,juvenile,30-06-2022_ham 4,DD9433B2-49C1-4233-A1D7-42E8EAD9388C,71069,Ham,Limburg,ham 4,ham 4,4,flanders
6711,2022,0,larvae,30-06-2022_ham 4,DD9433B2-49C1-4233-A1D7-42E8EAD9388C,71069,Ham,Limburg,ham 4,ham 4,4,flanders
6712,2022,0,adult,30-06-2022_herselt 1,5AB89730-1687-4EC6-9E34-D6A23787BF75,13013,Herselt,Antwerpen,herselt 1,herselt 1,2,flanders
6713,2022,0,juvenile,30-06-2022_herselt 1,5AB89730-1687-4EC6-9E34-D6A23787BF75,13013,Herselt,Antwerpen,herselt 1,herselt 1,2,flanders
6714,2022,11,larvae,30-06-2022_herselt 1,5AB89730-1687-4EC6-9E34-D6A23787BF75,13013,Herselt,Antwerpen,herselt 1,herselt 1,2,flanders
6715,2022,0,adult,30-06-2022_herselt 2,AAE5A83A-6590-4F17-AF25-0CAAC262AAB9,13013,Herselt,Antwerpen,herselt 2,herselt 2,2,flanders
6716,2022,0,juvenile,30-06-2022_herselt 2,AAE5A83A-6590-4F17-AF25-0CAAC262AAB9,13013,Herselt,Antwerpen,herselt 2,herselt 2,2,flanders
6717,2022,54,larvae,30-06-2022_herselt 2,AAE5A83A-6590-4F17-AF25-0CAAC262AAB9,13013,Herselt,Antwerpen,herselt 2,herselt 2,2,flanders
6718,2022,0,adult,30-06-2022_herselt 8,3D6D580A-AB46-401F-8ABF-43001E535D3F,13013,Herselt,Antwerpen,herselt 8,herselt 8,19,flanders
6719,2022,2,juvenile,30-06-2022_herselt 8,3D6D580A-AB46-401F-8ABF-43001E535D3F,13013,Herselt,Antwerpen,herselt 8,herselt 8,19,flanders
6720,2022,309,larvae,30-06-2022_herselt 8,3D6D580A-AB46-401F-8ABF-43001E535D3F,13013,Herselt,Antwerpen,herselt 8,herselt 8,19,flanders
6721,2022,0,adult,30-06-2022_laakdal 37,835E903F-A579-4355-8AB0-7D70249F0B89,13053,Laakdal,Antwerpen,laakdal 37,laakdal 37,10,flanders
6722,2022,0,juvenile,30-06-2022_laakdal 37,835E903F-A579-4355-8AB0-7D70249F0B89,13053,Laakdal,Antwerpen,laakdal 37,laakdal 37,10,flanders
6723,2022,14,larvae,30-06-2022_laakdal 37,835E903F-A579-4355-8AB0-7D70249F0B89,13053,Laakdal,Antwerpen,laakdal 37,laakdal 37,10,flanders
6724,2022,1,adult,30-06-2022_roost 38,B67850BE-C1FF-4995-9CF3-73B5E4F09B31,13053,Laakdal,Antwerpen,roost 38,roost 38,9,flanders
6725,2022,0,juvenile,30-06-2022_roost 38,B67850BE-C1FF-4995-9CF3-73B5E4F09B31,13053,Laakdal,Antwerpen,roost 38,roost 38,9,flanders
6726,2022,133,larvae,30-06-2022_roost 38,B67850BE-C1FF-4995-9CF3-73B5E4F09B31,13053,Laakdal,Antwerpen,roost 38,roost 38,9,flanders
6727,2023,0,adult,30-06-2023_scheps 20,03167d3d-4f00-42b8-b8be-fbe739205a3c,13003,Balen,Antwerpen,scheps 20,scheps 20,14,flanders
6728,2023,4,juvenile,30-06-2023_scheps 20,03167d3d-4f00-42b8-b8be-fbe739205a3c,13003,Balen,Antwerpen,scheps 20,scheps 20,14,flanders
6729,2023,42,larvae,30-06-2023_scheps 20,03167d3d-4f00-42b8-b8be-fbe739205a3c,13003,Balen,Antwerpen,scheps 20,scheps 20,14,flanders
6730,2023,2,adult,30-06-2023_scheps 35,C40A62BC-753E-4B8E-A09E-101C73DE9BD0,13021,Meerhout,Antwerpen,scheps 35,scheps 35,9,flanders
6731,2023,5,juvenile,30-06-2023_scheps 35,C40A62BC-753E-4B8E-A09E-101C73DE9BD0,13021,Meerhout,Antwerpen,scheps 35,scheps 35,9,flanders
6732,2023,311,larvae,30-06-2023_scheps 35,C40A62BC-753E-4B8E-A09E-101C73DE9BD0,13021,Meerhout,Antwerpen,scheps 35,scheps 35,9,flanders
6733,2023,1,adult,30-06-2023_scheps 39,E0BFF7E4-D0E2-44B4-A7FE-2DD211144B52,13003,Balen,Antwerpen,scheps 39,scheps 39,6,flanders
6734,2023,0,juvenile,30-06-2023_scheps 39,E0BFF7E4-D0E2-44B4-A7FE-2DD211144B52,13003,Balen,Antwerpen,scheps 39,scheps 39,6,flanders
6735,2023,0,larvae,30-06-2023_scheps 39,E0BFF7E4-D0E2-44B4-A7FE-2DD211144B52,13003,Balen,Antwerpen,scheps 39,scheps 39,6,flanders
6736,2023,1,adult,30-06-2023_scheps 41,89FF8F2D-DE88-49E0-95F6-D0EA5A15D42F,13003,Balen,Antwerpen,scheps 41,scheps 41,7,flanders
6737,2023,0,juvenile,30-06-2023_scheps 41,89FF8F2D-DE88-49E0-95F6-D0EA5A15D42F,13003,Balen,Antwerpen,scheps 41,scheps 41,7,flanders
6738,2023,21,larvae,30-06-2023_scheps 41,89FF8F2D-DE88-49E0-95F6-D0EA5A15D42F,13003,Balen,Antwerpen,scheps 41,scheps 41,7,flanders
6739,2023,1,adult,30-06-2023_scheps 42,323F5909-B7D0-4A77-AC74-D9EF1DFB812A,13003,Balen,Antwerpen,scheps 42,scheps 42,7,flanders
6740,2023,0,juvenile,30-06-2023_scheps 42,323F5909-B7D0-4A77-AC74-D9EF1DFB812A,13003,Balen,Antwerpen,scheps 42,scheps 42,7,flanders
6741,2023,5,larvae,30-06-2023_scheps 42,323F5909-B7D0-4A77-AC74-D9EF1DFB812A,13003,Balen,Antwerpen,scheps 42,scheps 42,7,flanders
6742,2013,0,adult,30-07-2013_arendonk 4,a7a15699-ae79-44ec-9f82-08ee0158e31d,13001,Arendonk,Antwerpen,NA,NA,5,flanders
6743,2013,0,juvenile,30-07-2013_arendonk 4,a7a15699-ae79-44ec-9f82-08ee0158e31d,13001,Arendonk,Antwerpen,NA,NA,5,flanders
6744,2013,66,larvae,30-07-2013_arendonk 4,a7a15699-ae79-44ec-9f82-08ee0158e31d,13001,Arendonk,Antwerpen,NA,NA,5,flanders
6745,2015,0,adult,30-07-2015_arendonk 2,fbb3baeb-c846-444c-926e-02445e328b78,13001,Arendonk,Antwerpen,NA,NA,6,flanders
6746,2015,1,juvenile,30-07-2015_arendonk 2,fbb3baeb-c846-444c-926e-02445e328b78,13001,Arendonk,Antwerpen,NA,NA,6,flanders
6747,2015,212,larvae,30-07-2015_arendonk 2,fbb3baeb-c846-444c-926e-02445e328b78,13001,Arendonk,Antwerpen,NA,NA,6,flanders
6748,2020,0,adult,30-07-2020_laakdal 26,598e42bd-eadc-4594-b967-130cb4905c0c,13053,Laakdal,Antwerpen,laakdal 26,laakdal 26,1,flanders
6749,2020,0,juvenile,30-07-2020_laakdal 26,598e42bd-eadc-4594-b967-130cb4905c0c,13053,Laakdal,Antwerpen,laakdal 26,laakdal 26,1,flanders
6750,2020,0,larvae,30-07-2020_laakdal 26,598e42bd-eadc-4594-b967-130cb4905c0c,13053,Laakdal,Antwerpen,laakdal 26,laakdal 26,1,flanders
6751,2020,0,adult,30-07-2020_nijlen l9,f5fae4b8-8b29-46d6-9d83-8dcf2a965cb8,12021,Lier,Antwerpen,nijlen l9,nijlen l9,8,flanders
6752,2020,0,juvenile,30-07-2020_nijlen l9,f5fae4b8-8b29-46d6-9d83-8dcf2a965cb8,12021,Lier,Antwerpen,nijlen l9,nijlen l9,8,flanders
6753,2020,0,larvae,30-07-2020_nijlen l9,f5fae4b8-8b29-46d6-9d83-8dcf2a965cb8,12021,Lier,Antwerpen,nijlen l9,nijlen l9,8,flanders
6754,2020,0,adult,30-07-2020_scheps 1,99b57d68-38ec-4f35-8d21-edaa375cf288,13003,Balen,Antwerpen,scheps 1,scheps 1,1,flanders
6755,2020,0,juvenile,30-07-2020_scheps 1,99b57d68-38ec-4f35-8d21-edaa375cf288,13003,Balen,Antwerpen,scheps 1,scheps 1,1,flanders
6756,2020,0,larvae,30-07-2020_scheps 1,99b57d68-38ec-4f35-8d21-edaa375cf288,13003,Balen,Antwerpen,scheps 1,scheps 1,1,flanders
6757,2020,0,adult,30-07-2020_scheps 14,9b687d24-d067-476e-a99c-06ffa0eb3628,13003,Balen,Antwerpen,scheps 14,scheps 14,1,flanders
6758,2020,0,juvenile,30-07-2020_scheps 14,9b687d24-d067-476e-a99c-06ffa0eb3628,13003,Balen,Antwerpen,scheps 14,scheps 14,1,flanders
6759,2020,0,larvae,30-07-2020_scheps 14,9b687d24-d067-476e-a99c-06ffa0eb3628,13003,Balen,Antwerpen,scheps 14,scheps 14,1,flanders
6760,2020,0,adult,30-07-2020_scheps 3,e527fa11-d98b-4caa-a892-3aa87fd646b5,13003,Balen,Antwerpen,scheps 3,scheps 3,4,flanders
6761,2020,0,juvenile,30-07-2020_scheps 3,e527fa11-d98b-4caa-a892-3aa87fd646b5,13003,Balen,Antwerpen,scheps 3,scheps 3,4,flanders
6762,2020,0,larvae,30-07-2020_scheps 3,e527fa11-d98b-4caa-a892-3aa87fd646b5,13003,Balen,Antwerpen,scheps 3,scheps 3,4,flanders
6763,2021,0,adult,30-07-2021_nijlen b15,05c32330-fd8e-4e80-9ef6-57357d09ef38,12026,Nijlen,Antwerpen,nijlen b15,nijlen b15,5,flanders
6764,2021,0,juvenile,30-07-2021_nijlen b15,05c32330-fd8e-4e80-9ef6-57357d09ef38,12026,Nijlen,Antwerpen,nijlen b15,nijlen b15,5,flanders
6765,2021,0,larvae,30-07-2021_nijlen b15,05c32330-fd8e-4e80-9ef6-57357d09ef38,12026,Nijlen,Antwerpen,nijlen b15,nijlen b15,5,flanders
6766,2021,0,adult,30-07-2021_scheps 10,ff328547-af9c-4e6f-bbf1-5d2856b2da7b,13003,Balen,Antwerpen,scheps 10,scheps 10,4,flanders
6767,2021,0,juvenile,30-07-2021_scheps 10,ff328547-af9c-4e6f-bbf1-5d2856b2da7b,13003,Balen,Antwerpen,scheps 10,scheps 10,4,flanders
6768,2021,0,larvae,30-07-2021_scheps 10,ff328547-af9c-4e6f-bbf1-5d2856b2da7b,13003,Balen,Antwerpen,scheps 10,scheps 10,4,flanders
6769,2021,1,adult,30-07-2021_scheps 20,03167d3d-4f00-42b8-b8be-fbe739205a3c,13003,Balen,Antwerpen,scheps 20,scheps 20,5,flanders
6770,2021,5,juvenile,30-07-2021_scheps 20,03167d3d-4f00-42b8-b8be-fbe739205a3c,13003,Balen,Antwerpen,scheps 20,scheps 20,5,flanders
6771,2021,96,larvae,30-07-2021_scheps 20,03167d3d-4f00-42b8-b8be-fbe739205a3c,13003,Balen,Antwerpen,scheps 20,scheps 20,5,flanders
6772,2021,0,adult,30-07-2021_scheps 3,e527fa11-d98b-4caa-a892-3aa87fd646b5,13003,Balen,Antwerpen,scheps 3,scheps 3,4,flanders
6773,2021,0,juvenile,30-07-2021_scheps 3,e527fa11-d98b-4caa-a892-3aa87fd646b5,13003,Balen,Antwerpen,scheps 3,scheps 3,4,flanders
6774,2021,0,larvae,30-07-2021_scheps 3,e527fa11-d98b-4caa-a892-3aa87fd646b5,13003,Balen,Antwerpen,scheps 3,scheps 3,4,flanders
6775,2021,0,adult,30-07-2021_scheps 35,C40A62BC-753E-4B8E-A09E-101C73DE9BD0,13021,Meerhout,Antwerpen,scheps 35,scheps 35,6,flanders
6776,2021,1,juvenile,30-07-2021_scheps 35,C40A62BC-753E-4B8E-A09E-101C73DE9BD0,13021,Meerhout,Antwerpen,scheps 35,scheps 35,6,flanders
6777,2021,144,larvae,30-07-2021_scheps 35,C40A62BC-753E-4B8E-A09E-101C73DE9BD0,13021,Meerhout,Antwerpen,scheps 35,scheps 35,6,flanders
6778,2024,1,adult,30-07-2024_laakdal 41,3FF122FA-A234-4A59-B023-BF7A15813990,13053,Laakdal,Antwerpen,laakdal 41,laakdal 41,17,flanders
6779,2024,4,juvenile,30-07-2024_laakdal 41,3FF122FA-A234-4A59-B023-BF7A15813990,13053,Laakdal,Antwerpen,laakdal 41,laakdal 41,17,flanders
6780,2024,111,larvae,30-07-2024_laakdal 41,3FF122FA-A234-4A59-B023-BF7A15813990,13053,Laakdal,Antwerpen,laakdal 41,laakdal 41,17,flanders
6781,2024,1,adult,30-07-2024_laakdal 42,CFE5F760-038E-4AFA-A19C-F41167BA5C06,13053,Laakdal,Antwerpen,laakdal 42,laakdal 42,11,flanders
6782,2024,40,juvenile,30-07-2024_laakdal 42,CFE5F760-038E-4AFA-A19C-F41167BA5C06,13053,Laakdal,Antwerpen,laakdal 42,laakdal 42,11,flanders
6783,2024,880,larvae,30-07-2024_laakdal 42,CFE5F760-038E-4AFA-A19C-F41167BA5C06,13053,Laakdal,Antwerpen,laakdal 42,laakdal 42,11,flanders
6784,2011,0,adult,30-08-2011_arendonk 2,fbb3baeb-c846-444c-926e-02445e328b78,13001,Arendonk,Antwerpen,NA,NA,6,flanders
6785,2011,1,juvenile,30-08-2011_arendonk 2,fbb3baeb-c846-444c-926e-02445e328b78,13001,Arendonk,Antwerpen,NA,NA,6,flanders
6786,2011,37,larvae,30-08-2011_arendonk 2,fbb3baeb-c846-444c-926e-02445e328b78,13001,Arendonk,Antwerpen,NA,NA,6,flanders
6787,2011,0,adult,30-08-2011_driehoek,48fb261c-3f3a-4a95-9103-1e6822dae999,13014,Hoogstraten,Antwerpen,NA,NA,1,flanders
6788,2011,0,juvenile,30-08-2011_driehoek,48fb261c-3f3a-4a95-9103-1e6822dae999,13014,Hoogstraten,Antwerpen,NA,NA,1,flanders
6789,2011,10,larvae,30-08-2011_driehoek,48fb261c-3f3a-4a95-9103-1e6822dae999,13014,Hoogstraten,Antwerpen,NA,NA,1,flanders
6790,2012,0,adult,30-08-2012_arendonk 2,fbb3baeb-c846-444c-926e-02445e328b78,13001,Arendonk,Antwerpen,NA,NA,6,flanders
6791,2012,0,juvenile,30-08-2012_arendonk 2,fbb3baeb-c846-444c-926e-02445e328b78,13001,Arendonk,Antwerpen,NA,NA,6,flanders
6792,2012,351,larvae,30-08-2012_arendonk 2,fbb3baeb-c846-444c-926e-02445e328b78,13001,Arendonk,Antwerpen,NA,NA,6,flanders
6793,2018,0,adult,30-08-2018_arendonk 2,fbb3baeb-c846-444c-926e-02445e328b78,13001,Arendonk,Antwerpen,NA,NA,1,flanders
6794,2018,0,juvenile,30-08-2018_arendonk 2,fbb3baeb-c846-444c-926e-02445e328b78,13001,Arendonk,Antwerpen,NA,NA,1,flanders
6795,2018,571,larvae,30-08-2018_arendonk 2,fbb3baeb-c846-444c-926e-02445e328b78,13001,Arendonk,Antwerpen,NA,NA,1,flanders
6796,2018,1,adult,30-08-2018_nijlen b10,554e3c11-e529-4b0b-a162-714c72d3547e,12026,Nijlen,Antwerpen,NA,NA,2,flanders
6797,2018,0,juvenile,30-08-2018_nijlen b10,554e3c11-e529-4b0b-a162-714c72d3547e,12026,Nijlen,Antwerpen,NA,NA,2,flanders
6798,2018,550,larvae,30-08-2018_nijlen b10,554e3c11-e529-4b0b-a162-714c72d3547e,12026,Nijlen,Antwerpen,NA,NA,2,flanders
6799,2019,0,adult,30-08-2019_nijlen b10,554e3c11-e529-4b0b-a162-714c72d3547e,12026,Nijlen,Antwerpen,nijlen b10,nijlen b10,7,flanders
6800,2019,140,juvenile,30-08-2019_nijlen b10,554e3c11-e529-4b0b-a162-714c72d3547e,12026,Nijlen,Antwerpen,nijlen b10,nijlen b10,7,flanders
6801,2019,73,larvae,30-08-2019_nijlen b10,554e3c11-e529-4b0b-a162-714c72d3547e,12026,Nijlen,Antwerpen,nijlen b10,nijlen b10,7,flanders
6802,2023,1,adult,30-08-2023_hallaar 15,B84D1ADC-7A0E-4EB8-A6AD-8F7A9C7C5CBB,12014,Heist-Op-Den-Berg,Antwerpen,hallaar 15,hallaar 15,11,flanders
6803,2023,2,juvenile,30-08-2023_hallaar 15,B84D1ADC-7A0E-4EB8-A6AD-8F7A9C7C5CBB,12014,Heist-Op-Den-Berg,Antwerpen,hallaar 15,hallaar 15,11,flanders
6804,2023,2,larvae,30-08-2023_hallaar 15,B84D1ADC-7A0E-4EB8-A6AD-8F7A9C7C5CBB,12014,Heist-Op-Den-Berg,Antwerpen,hallaar 15,hallaar 15,11,flanders
6805,2023,0,adult,30-08-2023_hallaar 16,DDFF3D94-8F7F-4FB7-9A58-3A2507499806,12014,Heist-Op-Den-Berg,Antwerpen,hallaar 16,hallaar 16,3,flanders
6806,2023,1,juvenile,30-08-2023_hallaar 16,DDFF3D94-8F7F-4FB7-9A58-3A2507499806,12014,Heist-Op-Den-Berg,Antwerpen,hallaar 16,hallaar 16,3,flanders
6807,2023,0,larvae,30-08-2023_hallaar 16,DDFF3D94-8F7F-4FB7-9A58-3A2507499806,12014,Heist-Op-Den-Berg,Antwerpen,hallaar 16,hallaar 16,3,flanders
6808,2023,0,adult,30-08-2023_hallaar 17,D223EC78-8E4F-441B-AF10-F66089AEC633,12014,Heist-Op-Den-Berg,Antwerpen,hallaar 17,hallaar 17,1,flanders
6809,2023,1,juvenile,30-08-2023_hallaar 17,D223EC78-8E4F-441B-AF10-F66089AEC633,12014,Heist-Op-Den-Berg,Antwerpen,hallaar 17,hallaar 17,1,flanders
6810,2023,0,larvae,30-08-2023_hallaar 17,D223EC78-8E4F-441B-AF10-F66089AEC633,12014,Heist-Op-Den-Berg,Antwerpen,hallaar 17,hallaar 17,1,flanders
6811,2024,0,adult,30-08-2024_school 1,676171EF-BEA1-4F9C-825B-D36FD7EE2A6F,71057,Tessenderlo,Limburg,school 1,school 1,10,flanders
6812,2024,0,juvenile,30-08-2024_school 1,676171EF-BEA1-4F9C-825B-D36FD7EE2A6F,71057,Tessenderlo,Limburg,school 1,school 1,10,flanders
6813,2024,0,larvae,30-08-2024_school 1,676171EF-BEA1-4F9C-825B-D36FD7EE2A6F,71057,Tessenderlo,Limburg,school 1,school 1,10,flanders
6814,2024,0,adult,30-08-2024_shoot 2,9F07F9C0-9C0F-4708-947F-670799BD59F3,71057,Tessenderlo,Limburg,shoot 2,shoot 2,8,flanders
6815,2024,0,juvenile,30-08-2024_shoot 2,9F07F9C0-9C0F-4708-947F-670799BD59F3,71057,Tessenderlo,Limburg,shoot 2,shoot 2,8,flanders
6816,2024,0,larvae,30-08-2024_shoot 2,9F07F9C0-9C0F-4708-947F-670799BD59F3,71057,Tessenderlo,Limburg,shoot 2,shoot 2,8,flanders
6817,2011,0,adult,30-09-2011_arendonk 4,a7a15699-ae79-44ec-9f82-08ee0158e31d,13001,Arendonk,Antwerpen,NA,NA,3,flanders
6818,2011,1,juvenile,30-09-2011_arendonk 4,a7a15699-ae79-44ec-9f82-08ee0158e31d,13001,Arendonk,Antwerpen,NA,NA,3,flanders
6819,2011,1,larvae,30-09-2011_arendonk 4,a7a15699-ae79-44ec-9f82-08ee0158e31d,13001,Arendonk,Antwerpen,NA,NA,3,flanders
6820,2022,0,adult,30-09-2022_steenkesloop 1,B08D8107-F3B5-4C98-9757-147574C9402D,13016,Hulshout,Antwerpen,steenkesloop 1,steenkesloop 1,5,flanders
6821,2022,2,juvenile,30-09-2022_steenkesloop 1,B08D8107-F3B5-4C98-9757-147574C9402D,13016,Hulshout,Antwerpen,steenkesloop 1,steenkesloop 1,5,flanders
6822,2022,0,larvae,30-09-2022_steenkesloop 1,B08D8107-F3B5-4C98-9757-147574C9402D,13016,Hulshout,Antwerpen,steenkesloop 1,steenkesloop 1,5,flanders
6823,2011,0,adult,31-05-2011_driehoek,48fb261c-3f3a-4a95-9103-1e6822dae999,13014,Hoogstraten,Antwerpen,NA,NA,2,flanders
6824,2011,0,juvenile,31-05-2011_driehoek,48fb261c-3f3a-4a95-9103-1e6822dae999,13014,Hoogstraten,Antwerpen,NA,NA,2,flanders
6825,2011,3,larvae,31-05-2011_driehoek,48fb261c-3f3a-4a95-9103-1e6822dae999,13014,Hoogstraten,Antwerpen,NA,NA,2,flanders
6826,2012,5,adult,31-05-2012_driehoek,48fb261c-3f3a-4a95-9103-1e6822dae999,13014,Hoogstraten,Antwerpen,NA,NA,5,flanders
6827,2012,2,juvenile,31-05-2012_driehoek,48fb261c-3f3a-4a95-9103-1e6822dae999,13014,Hoogstraten,Antwerpen,NA,NA,5,flanders
6828,2012,0,larvae,31-05-2012_driehoek,48fb261c-3f3a-4a95-9103-1e6822dae999,13014,Hoogstraten,Antwerpen,NA,NA,5,flanders
6829,2017,0,adult,31-05-2017_scheps 6,3f097ed2-a6e2-4db8-ab6d-eb411d610792,13003,Balen,Antwerpen,NA,NA,7,flanders
6830,2017,0,juvenile,31-05-2017_scheps 6,3f097ed2-a6e2-4db8-ab6d-eb411d610792,13003,Balen,Antwerpen,NA,NA,7,flanders
6831,2017,439,larvae,31-05-2017_scheps 6,3f097ed2-a6e2-4db8-ab6d-eb411d610792,13003,Balen,Antwerpen,NA,NA,7,flanders
6832,2021,10,adult,31-05-2021_griesbroek 6,03dc3f07-506f-4c71-bbcd-ad24c177cab5,13003,Balen,Antwerpen,griesbroek 6,griesbroek 6,8,flanders
6833,2021,2,juvenile,31-05-2021_griesbroek 6,03dc3f07-506f-4c71-bbcd-ad24c177cab5,13003,Balen,Antwerpen,griesbroek 6,griesbroek 6,8,flanders
6834,2021,137,larvae,31-05-2021_griesbroek 6,03dc3f07-506f-4c71-bbcd-ad24c177cab5,13003,Balen,Antwerpen,griesbroek 6,griesbroek 6,8,flanders
6835,2022,1,adult,31-05-2022_griesbroek 6,03dc3f07-506f-4c71-bbcd-ad24c177cab5,13003,Balen,Antwerpen,griesbroek 6,griesbroek 6,1,flanders
6836,2022,1,juvenile,31-05-2022_griesbroek 6,03dc3f07-506f-4c71-bbcd-ad24c177cab5,13003,Balen,Antwerpen,griesbroek 6,griesbroek 6,1,flanders
6837,2022,31,larvae,31-05-2022_griesbroek 6,03dc3f07-506f-4c71-bbcd-ad24c177cab5,13003,Balen,Antwerpen,griesbroek 6,griesbroek 6,1,flanders
6838,2022,1,adult,31-05-2022_laakdal 42,CFE5F760-038E-4AFA-A19C-F41167BA5C06,13053,Laakdal,Antwerpen,laakdal 42,laakdal 42,18,flanders
6839,2022,0,juvenile,31-05-2022_laakdal 42,CFE5F760-038E-4AFA-A19C-F41167BA5C06,13053,Laakdal,Antwerpen,laakdal 42,laakdal 42,18,flanders
6840,2022,226,larvae,31-05-2022_laakdal 42,CFE5F760-038E-4AFA-A19C-F41167BA5C06,13053,Laakdal,Antwerpen,laakdal 42,laakdal 42,18,flanders
6841,2022,4,adult,31-05-2022_laakdal 6,e02a0538-0a5c-4bf6-9af8-8bea79186857,13053,Laakdal,Antwerpen,laakdal 6,laakdal 6,10,flanders
6842,2022,0,juvenile,31-05-2022_laakdal 6,e02a0538-0a5c-4bf6-9af8-8bea79186857,13053,Laakdal,Antwerpen,laakdal 6,laakdal 6,10,flanders
6843,2022,0,larvae,31-05-2022_laakdal 6,e02a0538-0a5c-4bf6-9af8-8bea79186857,13053,Laakdal,Antwerpen,laakdal 6,laakdal 6,10,flanders
6844,2022,0,adult,31-05-2022_meerhout 13,8731AF96-CC5E-44B2-A8E8-AF9AC37F7E76,13008,Geel,Antwerpen,meerhout 13,meerhout 13,2,flanders
6845,2022,1,juvenile,31-05-2022_meerhout 13,8731AF96-CC5E-44B2-A8E8-AF9AC37F7E76,13008,Geel,Antwerpen,meerhout 13,meerhout 13,2,flanders
6846,2022,94,larvae,31-05-2022_meerhout 13,8731AF96-CC5E-44B2-A8E8-AF9AC37F7E76,13008,Geel,Antwerpen,meerhout 13,meerhout 13,2,flanders
6847,2022,10,adult,31-05-2022_scheps 35,C40A62BC-753E-4B8E-A09E-101C73DE9BD0,13021,Meerhout,Antwerpen,scheps 35,scheps 35,18,flanders
6848,2022,7,juvenile,31-05-2022_scheps 35,C40A62BC-753E-4B8E-A09E-101C73DE9BD0,13021,Meerhout,Antwerpen,scheps 35,scheps 35,18,flanders
6849,2022,1469,larvae,31-05-2022_scheps 35,C40A62BC-753E-4B8E-A09E-101C73DE9BD0,13021,Meerhout,Antwerpen,scheps 35,scheps 35,18,flanders
6850,2023,7,adult,31-05-2023_griesbroek 6,03dc3f07-506f-4c71-bbcd-ad24c177cab5,13003,Balen,Antwerpen,griesbroek 6,griesbroek 6,4,flanders
6851,2023,6,juvenile,31-05-2023_griesbroek 6,03dc3f07-506f-4c71-bbcd-ad24c177cab5,13003,Balen,Antwerpen,griesbroek 6,griesbroek 6,4,flanders
6852,2023,7,larvae,31-05-2023_griesbroek 6,03dc3f07-506f-4c71-bbcd-ad24c177cab5,13003,Balen,Antwerpen,griesbroek 6,griesbroek 6,4,flanders
6853,2023,7,adult,31-05-2023_laakdal 41,3FF122FA-A234-4A59-B023-BF7A15813990,13053,Laakdal,Antwerpen,laakdal 41,laakdal 41,20,flanders
6854,2023,1,juvenile,31-05-2023_laakdal 41,3FF122FA-A234-4A59-B023-BF7A15813990,13053,Laakdal,Antwerpen,laakdal 41,laakdal 41,20,flanders
6855,2023,418,larvae,31-05-2023_laakdal 41,3FF122FA-A234-4A59-B023-BF7A15813990,13053,Laakdal,Antwerpen,laakdal 41,laakdal 41,20,flanders
6856,2023,0,adult,31-05-2023_nijlen b10,554e3c11-e529-4b0b-a162-714c72d3547e,12026,Nijlen,Antwerpen,nijlen b10,nijlen b10,1,flanders
6857,2023,0,juvenile,31-05-2023_nijlen b10,554e3c11-e529-4b0b-a162-714c72d3547e,12026,Nijlen,Antwerpen,nijlen b10,nijlen b10,1,flanders
6858,2023,40,larvae,31-05-2023_nijlen b10,554e3c11-e529-4b0b-a162-714c72d3547e,12026,Nijlen,Antwerpen,nijlen b10,nijlen b10,1,flanders
6859,2023,0,adult,31-05-2023_nijlen b11,602c47a6-7c4a-46b9-b481-921731880571,12026,Nijlen,Antwerpen,nijlen b11,nijlen b11,1,flanders
6860,2023,0,juvenile,31-05-2023_nijlen b11,602c47a6-7c4a-46b9-b481-921731880571,12026,Nijlen,Antwerpen,nijlen b11,nijlen b11,1,flanders
6861,2023,0,larvae,31-05-2023_nijlen b11,602c47a6-7c4a-46b9-b481-921731880571,12026,Nijlen,Antwerpen,nijlen b11,nijlen b11,1,flanders
6862,2023,0,adult,31-05-2023_nijlen b12,c4835169-0734-46cd-a891-d49de970ef45,12026,Nijlen,Antwerpen,nijlen b12,nijlen b12,1,flanders
6863,2023,0,juvenile,31-05-2023_nijlen b12,c4835169-0734-46cd-a891-d49de970ef45,12026,Nijlen,Antwerpen,nijlen b12,nijlen b12,1,flanders
6864,2023,0,larvae,31-05-2023_nijlen b12,c4835169-0734-46cd-a891-d49de970ef45,12026,Nijlen,Antwerpen,nijlen b12,nijlen b12,1,flanders
6865,2023,0,adult,31-05-2023_nijlen b13,54ce2446-f7e8-4a59-9680-f5a72eb40fc7,12026,Nijlen,Antwerpen,nijlen b13,nijlen b13,1,flanders
6866,2023,0,juvenile,31-05-2023_nijlen b13,54ce2446-f7e8-4a59-9680-f5a72eb40fc7,12026,Nijlen,Antwerpen,nijlen b13,nijlen b13,1,flanders
6867,2023,0,larvae,31-05-2023_nijlen b13,54ce2446-f7e8-4a59-9680-f5a72eb40fc7,12026,Nijlen,Antwerpen,nijlen b13,nijlen b13,1,flanders
6868,2023,0,adult,31-05-2023_nijlen b5,02d79285-1ed2-44b9-84d5-96cd0b55f479,12026,Nijlen,Antwerpen,nijlen b5,nijlen b5,2,flanders
6869,2023,0,juvenile,31-05-2023_nijlen b5,02d79285-1ed2-44b9-84d5-96cd0b55f479,12026,Nijlen,Antwerpen,nijlen b5,nijlen b5,2,flanders
6870,2023,0,larvae,31-05-2023_nijlen b5,02d79285-1ed2-44b9-84d5-96cd0b55f479,12026,Nijlen,Antwerpen,nijlen b5,nijlen b5,2,flanders
6871,2023,0,adult,31-05-2023_nijlen b6,7bfeea33-87a3-4896-b2e4-a2f6b8d951a9,12026,Nijlen,Antwerpen,nijlen b6,nijlen b6,1,flanders
6872,2023,0,juvenile,31-05-2023_nijlen b6,7bfeea33-87a3-4896-b2e4-a2f6b8d951a9,12026,Nijlen,Antwerpen,nijlen b6,nijlen b6,1,flanders
6873,2023,9,larvae,31-05-2023_nijlen b6,7bfeea33-87a3-4896-b2e4-a2f6b8d951a9,12026,Nijlen,Antwerpen,nijlen b6,nijlen b6,1,flanders
6874,2023,0,adult,31-05-2023_nijlen b7,d7c1cfe1-7c93-4c4a-82b1-65d0f9c0cd19,12026,Nijlen,Antwerpen,nijlen b7,nijlen b7,1,flanders
6875,2023,0,juvenile,31-05-2023_nijlen b7,d7c1cfe1-7c93-4c4a-82b1-65d0f9c0cd19,12026,Nijlen,Antwerpen,nijlen b7,nijlen b7,1,flanders
6876,2023,0,larvae,31-05-2023_nijlen b7,d7c1cfe1-7c93-4c4a-82b1-65d0f9c0cd19,12026,Nijlen,Antwerpen,nijlen b7,nijlen b7,1,flanders
6877,2023,0,adult,31-05-2023_nijlen b8,053DFDE3-5308-4D3F-93DD-EC4F27AFE043,12026,Nijlen,Antwerpen,nijlen b8,nijlen b8,1,flanders
6878,2023,0,juvenile,31-05-2023_nijlen b8,053DFDE3-5308-4D3F-93DD-EC4F27AFE043,12026,Nijlen,Antwerpen,nijlen b8,nijlen b8,1,flanders
6879,2023,0,larvae,31-05-2023_nijlen b8,053DFDE3-5308-4D3F-93DD-EC4F27AFE043,12026,Nijlen,Antwerpen,nijlen b8,nijlen b8,1,flanders
6880,2023,0,adult,31-05-2023_nijlen b9,abd1f412-8e63-4eae-bf83-afa3f0d03b33,12026,Nijlen,Antwerpen,nijlen b9,nijlen b9,1,flanders
6881,2023,0,juvenile,31-05-2023_nijlen b9,abd1f412-8e63-4eae-bf83-afa3f0d03b33,12026,Nijlen,Antwerpen,nijlen b9,nijlen b9,1,flanders
6882,2023,0,larvae,31-05-2023_nijlen b9,abd1f412-8e63-4eae-bf83-afa3f0d03b33,12026,Nijlen,Antwerpen,nijlen b9,nijlen b9,1,flanders
6883,2023,0,adult,31-05-2023_scheps 1,99b57d68-38ec-4f35-8d21-edaa375cf288,13003,Balen,Antwerpen,scheps 1,scheps 1,2,flanders
6884,2023,0,juvenile,31-05-2023_scheps 1,99b57d68-38ec-4f35-8d21-edaa375cf288,13003,Balen,Antwerpen,scheps 1,scheps 1,2,flanders
6885,2023,0,larvae,31-05-2023_scheps 1,99b57d68-38ec-4f35-8d21-edaa375cf288,13003,Balen,Antwerpen,scheps 1,scheps 1,2,flanders
6886,2023,0,adult,31-05-2023_scheps 20,03167d3d-4f00-42b8-b8be-fbe739205a3c,13003,Balen,Antwerpen,scheps 20,scheps 20,2,flanders
6887,2023,0,juvenile,31-05-2023_scheps 20,03167d3d-4f00-42b8-b8be-fbe739205a3c,13003,Balen,Antwerpen,scheps 20,scheps 20,2,flanders
6888,2023,127,larvae,31-05-2023_scheps 20,03167d3d-4f00-42b8-b8be-fbe739205a3c,13003,Balen,Antwerpen,scheps 20,scheps 20,2,flanders
6889,2023,0,adult,31-05-2023_scheps 40,F839D846-F59A-4D49-AE3A-724B06CE89E4,13003,Balen,Antwerpen,scheps 40,scheps 40,8,flanders
6890,2023,0,juvenile,31-05-2023_scheps 40,F839D846-F59A-4D49-AE3A-724B06CE89E4,13003,Balen,Antwerpen,scheps 40,scheps 40,8,flanders
6891,2023,0,larvae,31-05-2023_scheps 40,F839D846-F59A-4D49-AE3A-724B06CE89E4,13003,Balen,Antwerpen,scheps 40,scheps 40,8,flanders
6892,2024,26,adult,31-05-2024_griesbroek 6,03dc3f07-506f-4c71-bbcd-ad24c177cab5,13003,Balen,Antwerpen,griesbroek 6,griesbroek 6,50,flanders
6893,2024,9,juvenile,31-05-2024_griesbroek 6,03dc3f07-506f-4c71-bbcd-ad24c177cab5,13003,Balen,Antwerpen,griesbroek 6,griesbroek 6,50,flanders
6894,2024,54,larvae,31-05-2024_griesbroek 6,03dc3f07-506f-4c71-bbcd-ad24c177cab5,13003,Balen,Antwerpen,griesbroek 6,griesbroek 6,50,flanders
6895,2025,0,adult,31-05-2025_bel 3,9D556E3D-7FCB-47FB-B5F4-40E66889C484,13025,Mol,Antwerpen,bel 3,bel 3,10,flanders
6896,2025,49,juvenile,31-05-2025_bel 3,9D556E3D-7FCB-47FB-B5F4-40E66889C484,13025,Mol,Antwerpen,bel 3,bel 3,10,flanders
6897,2025,981,larvae,31-05-2025_bel 3,9D556E3D-7FCB-47FB-B5F4-40E66889C484,13025,Mol,Antwerpen,bel 3,bel 3,10,flanders
6898,2025,2,adult,31-05-2025_scheps 38,06E7D771-6B28-4F7B-A26F-7AC3A8C7A4DE,13021,Meerhout,Antwerpen,scheps 38,scheps 38,4,flanders
6899,2025,4,juvenile,31-05-2025_scheps 38,06E7D771-6B28-4F7B-A26F-7AC3A8C7A4DE,13021,Meerhout,Antwerpen,scheps 38,scheps 38,4,flanders
6900,2025,342,larvae,31-05-2025_scheps 38,06E7D771-6B28-4F7B-A26F-7AC3A8C7A4DE,13021,Meerhout,Antwerpen,scheps 38,scheps 38,4,flanders
6901,2013,0,adult,31-07-2013_arendonk 4,a7a15699-ae79-44ec-9f82-08ee0158e31d,13001,Arendonk,Antwerpen,NA,NA,5,flanders
6902,2013,0,juvenile,31-07-2013_arendonk 4,a7a15699-ae79-44ec-9f82-08ee0158e31d,13001,Arendonk,Antwerpen,NA,NA,5,flanders
6903,2013,52,larvae,31-07-2013_arendonk 4,a7a15699-ae79-44ec-9f82-08ee0158e31d,13001,Arendonk,Antwerpen,NA,NA,5,flanders
6904,2015,0,adult,31-07-2015_arendonk 2,fbb3baeb-c846-444c-926e-02445e328b78,13001,Arendonk,Antwerpen,NA,NA,6,flanders
6905,2015,4,juvenile,31-07-2015_arendonk 2,fbb3baeb-c846-444c-926e-02445e328b78,13001,Arendonk,Antwerpen,NA,NA,6,flanders
6906,2015,208,larvae,31-07-2015_arendonk 2,fbb3baeb-c846-444c-926e-02445e328b78,13001,Arendonk,Antwerpen,NA,NA,6,flanders
6907,2018,0,adult,31-07-2018_arendonk 2,fbb3baeb-c846-444c-926e-02445e328b78,13001,Arendonk,Antwerpen,NA,NA,1,flanders
6908,2018,0,juvenile,31-07-2018_arendonk 2,fbb3baeb-c846-444c-926e-02445e328b78,13001,Arendonk,Antwerpen,NA,NA,1,flanders
6909,2018,133,larvae,31-07-2018_arendonk 2,fbb3baeb-c846-444c-926e-02445e328b78,13001,Arendonk,Antwerpen,NA,NA,1,flanders
6910,2018,0,adult,31-07-2018_arendonk 3,60e6e43e-6855-4917-a336-9ac46d087fad,13001,Arendonk,Antwerpen,NA,NA,1,flanders
6911,2018,22,juvenile,31-07-2018_arendonk 3,60e6e43e-6855-4917-a336-9ac46d087fad,13001,Arendonk,Antwerpen,NA,NA,1,flanders
6912,2018,17,larvae,31-07-2018_arendonk 3,60e6e43e-6855-4917-a336-9ac46d087fad,13001,Arendonk,Antwerpen,NA,NA,1,flanders
6913,2019,0,adult,31-07-2019_natuurpuntpoel,95cb7221-19b1-4961-8438-46ee438558bf,13014,Hoogstraten,Antwerpen,natuurpuntpoel,natuurpuntpoel,1,flanders
6914,2019,0,juvenile,31-07-2019_natuurpuntpoel,95cb7221-19b1-4961-8438-46ee438558bf,13014,Hoogstraten,Antwerpen,natuurpuntpoel,natuurpuntpoel,1,flanders
6915,2019,0,larvae,31-07-2019_natuurpuntpoel,95cb7221-19b1-4961-8438-46ee438558bf,13014,Hoogstraten,Antwerpen,natuurpuntpoel,natuurpuntpoel,1,flanders
6916,2020,0,adult,31-07-2020_laakdal 26,598e42bd-eadc-4594-b967-130cb4905c0c,13053,Laakdal,Antwerpen,laakdal 26,laakdal 26,1,flanders
6917,2020,1,juvenile,31-07-2020_laakdal 26,598e42bd-eadc-4594-b967-130cb4905c0c,13053,Laakdal,Antwerpen,laakdal 26,laakdal 26,1,flanders
6918,2020,0,larvae,31-07-2020_laakdal 26,598e42bd-eadc-4594-b967-130cb4905c0c,13053,Laakdal,Antwerpen,laakdal 26,laakdal 26,1,flanders
6919,2020,0,adult,31-07-2020_nijlen l9,f5fae4b8-8b29-46d6-9d83-8dcf2a965cb8,12021,Lier,Antwerpen,nijlen l9,nijlen l9,8,flanders
6920,2020,0,juvenile,31-07-2020_nijlen l9,f5fae4b8-8b29-46d6-9d83-8dcf2a965cb8,12021,Lier,Antwerpen,nijlen l9,nijlen l9,8,flanders
6921,2020,0,larvae,31-07-2020_nijlen l9,f5fae4b8-8b29-46d6-9d83-8dcf2a965cb8,12021,Lier,Antwerpen,nijlen l9,nijlen l9,8,flanders
6922,2020,0,adult,31-07-2020_scheps 1,99b57d68-38ec-4f35-8d21-edaa375cf288,13003,Balen,Antwerpen,scheps 1,scheps 1,1,flanders
6923,2020,0,juvenile,31-07-2020_scheps 1,99b57d68-38ec-4f35-8d21-edaa375cf288,13003,Balen,Antwerpen,scheps 1,scheps 1,1,flanders
6924,2020,0,larvae,31-07-2020_scheps 1,99b57d68-38ec-4f35-8d21-edaa375cf288,13003,Balen,Antwerpen,scheps 1,scheps 1,1,flanders
6925,2020,0,adult,31-07-2020_scheps 14,9b687d24-d067-476e-a99c-06ffa0eb3628,13003,Balen,Antwerpen,scheps 14,scheps 14,1,flanders
6926,2020,0,juvenile,31-07-2020_scheps 14,9b687d24-d067-476e-a99c-06ffa0eb3628,13003,Balen,Antwerpen,scheps 14,scheps 14,1,flanders
6927,2020,0,larvae,31-07-2020_scheps 14,9b687d24-d067-476e-a99c-06ffa0eb3628,13003,Balen,Antwerpen,scheps 14,scheps 14,1,flanders
6928,2020,0,adult,31-07-2020_scheps 3,e527fa11-d98b-4caa-a892-3aa87fd646b5,13003,Balen,Antwerpen,scheps 3,scheps 3,4,flanders
6929,2020,0,juvenile,31-07-2020_scheps 3,e527fa11-d98b-4caa-a892-3aa87fd646b5,13003,Balen,Antwerpen,scheps 3,scheps 3,4,flanders
6930,2020,0,larvae,31-07-2020_scheps 3,e527fa11-d98b-4caa-a892-3aa87fd646b5,13003,Balen,Antwerpen,scheps 3,scheps 3,4,flanders
6931,2021,1,adult,31-07-2021_nijlen b15,05c32330-fd8e-4e80-9ef6-57357d09ef38,12026,Nijlen,Antwerpen,nijlen b15,nijlen b15,5,flanders
6932,2021,0,juvenile,31-07-2021_nijlen b15,05c32330-fd8e-4e80-9ef6-57357d09ef38,12026,Nijlen,Antwerpen,nijlen b15,nijlen b15,5,flanders
6933,2021,0,larvae,31-07-2021_nijlen b15,05c32330-fd8e-4e80-9ef6-57357d09ef38,12026,Nijlen,Antwerpen,nijlen b15,nijlen b15,5,flanders
6934,2021,1,adult,31-07-2021_nijlen b3b,023e2cd6-493c-4e24-bbe1-e03c9afdb0a1,12026,Nijlen,Antwerpen,nijlen b3b,nijlen b3b,4,flanders
6935,2021,0,juvenile,31-07-2021_nijlen b3b,023e2cd6-493c-4e24-bbe1-e03c9afdb0a1,12026,Nijlen,Antwerpen,nijlen b3b,nijlen b3b,4,flanders
6936,2021,0,larvae,31-07-2021_nijlen b3b,023e2cd6-493c-4e24-bbe1-e03c9afdb0a1,12026,Nijlen,Antwerpen,nijlen b3b,nijlen b3b,4,flanders
6937,2024,0,adult,31-07-2024_laakdal 41,3FF122FA-A234-4A59-B023-BF7A15813990,13053,Laakdal,Antwerpen,laakdal 41,laakdal 41,17,flanders
6938,2024,2,juvenile,31-07-2024_laakdal 41,3FF122FA-A234-4A59-B023-BF7A15813990,13053,Laakdal,Antwerpen,laakdal 41,laakdal 41,17,flanders
6939,2024,93,larvae,31-07-2024_laakdal 41,3FF122FA-A234-4A59-B023-BF7A15813990,13053,Laakdal,Antwerpen,laakdal 41,laakdal 41,17,flanders
6940,2024,2,adult,31-07-2024_laakdal 42,CFE5F760-038E-4AFA-A19C-F41167BA5C06,13053,Laakdal,Antwerpen,laakdal 42,laakdal 42,11,flanders
6941,2024,17,juvenile,31-07-2024_laakdal 42,CFE5F760-038E-4AFA-A19C-F41167BA5C06,13053,Laakdal,Antwerpen,laakdal 42,laakdal 42,11,flanders
6942,2024,661,larvae,31-07-2024_laakdal 42,CFE5F760-038E-4AFA-A19C-F41167BA5C06,13053,Laakdal,Antwerpen,laakdal 42,laakdal 42,11,flanders
6943,2010,0,adult,31-08-2010_bospoel,bf074168-c09d-40a9-b321-59ce253aa461,13014,Hoogstraten,Antwerpen,NA,NA,4,flanders
6944,2010,3,juvenile,31-08-2010_bospoel,bf074168-c09d-40a9-b321-59ce253aa461,13014,Hoogstraten,Antwerpen,NA,NA,4,flanders
6945,2010,37,larvae,31-08-2010_bospoel,bf074168-c09d-40a9-b321-59ce253aa461,13014,Hoogstraten,Antwerpen,NA,NA,4,flanders
6946,2011,0,adult,31-08-2011_arendonk 2,fbb3baeb-c846-444c-926e-02445e328b78,13001,Arendonk,Antwerpen,NA,NA,5,flanders
6947,2011,0,juvenile,31-08-2011_arendonk 2,fbb3baeb-c846-444c-926e-02445e328b78,13001,Arendonk,Antwerpen,NA,NA,5,flanders
6948,2011,34,larvae,31-08-2011_arendonk 2,fbb3baeb-c846-444c-926e-02445e328b78,13001,Arendonk,Antwerpen,NA,NA,5,flanders
6949,2011,0,adult,31-08-2011_driehoek,48fb261c-3f3a-4a95-9103-1e6822dae999,13014,Hoogstraten,Antwerpen,NA,NA,1,flanders
6950,2011,1,juvenile,31-08-2011_driehoek,48fb261c-3f3a-4a95-9103-1e6822dae999,13014,Hoogstraten,Antwerpen,NA,NA,1,flanders
6951,2011,4,larvae,31-08-2011_driehoek,48fb261c-3f3a-4a95-9103-1e6822dae999,13014,Hoogstraten,Antwerpen,NA,NA,1,flanders
6952,2012,1,adult,31-08-2012_arendonk 2,fbb3baeb-c846-444c-926e-02445e328b78,13001,Arendonk,Antwerpen,NA,NA,6,flanders
6953,2012,0,juvenile,31-08-2012_arendonk 2,fbb3baeb-c846-444c-926e-02445e328b78,13001,Arendonk,Antwerpen,NA,NA,6,flanders
6954,2012,250,larvae,31-08-2012_arendonk 2,fbb3baeb-c846-444c-926e-02445e328b78,13001,Arendonk,Antwerpen,NA,NA,6,flanders
6955,2018,0,adult,31-08-2018_nijlen b10,554e3c11-e529-4b0b-a162-714c72d3547e,12026,Nijlen,Antwerpen,NA,NA,2,flanders
6956,2018,0,juvenile,31-08-2018_nijlen b10,554e3c11-e529-4b0b-a162-714c72d3547e,12026,Nijlen,Antwerpen,NA,NA,2,flanders
6957,2018,550,larvae,31-08-2018_nijlen b10,554e3c11-e529-4b0b-a162-714c72d3547e,12026,Nijlen,Antwerpen,NA,NA,2,flanders
6958,2021,0,adult,31-08-2021_herselt 24,5AF93254-9677-491F-9F3A-CE0B01297D22,13013,Herselt,Antwerpen,herselt 24,herselt 24,4,flanders
6959,2021,0,juvenile,31-08-2021_herselt 24,5AF93254-9677-491F-9F3A-CE0B01297D22,13013,Herselt,Antwerpen,herselt 24,herselt 24,4,flanders
6960,2021,5,larvae,31-08-2021_herselt 24,5AF93254-9677-491F-9F3A-CE0B01297D22,13013,Herselt,Antwerpen,herselt 24,herselt 24,4,flanders
6961,2021,0,adult,31-08-2021_herselt 25,C7536019-AE79-47BE-B188-6B626876B8E1,13013,Herselt,Antwerpen,herselt 25,herselt 25,4,flanders
6962,2021,0,juvenile,31-08-2021_herselt 25,C7536019-AE79-47BE-B188-6B626876B8E1,13013,Herselt,Antwerpen,herselt 25,herselt 25,4,flanders
6963,2021,0,larvae,31-08-2021_herselt 25,C7536019-AE79-47BE-B188-6B626876B8E1,13013,Herselt,Antwerpen,herselt 25,herselt 25,4,flanders
6964,2021,0,adult,31-08-2021_herselt 26,651F4162-DFD3-4E85-947D-78753627E40E,13013,Herselt,Antwerpen,herselt 26,herselt 26,6,flanders
6965,2021,0,juvenile,31-08-2021_herselt 26,651F4162-DFD3-4E85-947D-78753627E40E,13013,Herselt,Antwerpen,herselt 26,herselt 26,6,flanders
6966,2021,0,larvae,31-08-2021_herselt 26,651F4162-DFD3-4E85-947D-78753627E40E,13013,Herselt,Antwerpen,herselt 26,herselt 26,6,flanders
6967,2021,0,adult,31-08-2021_herselt 27,960CB039-9B3D-4F2B-9E00-E21A3AF1A2E7,13013,Herselt,Antwerpen,herselt 27,herselt 27,4,flanders
6968,2021,0,juvenile,31-08-2021_herselt 27,960CB039-9B3D-4F2B-9E00-E21A3AF1A2E7,13013,Herselt,Antwerpen,herselt 27,herselt 27,4,flanders
6969,2021,0,larvae,31-08-2021_herselt 27,960CB039-9B3D-4F2B-9E00-E21A3AF1A2E7,13013,Herselt,Antwerpen,herselt 27,herselt 27,4,flanders
6970,2023,0,adult,31-08-2023_hallaar 15,B84D1ADC-7A0E-4EB8-A6AD-8F7A9C7C5CBB,12014,Heist-Op-Den-Berg,Antwerpen,hallaar 15,hallaar 15,11,flanders
6971,2023,0,juvenile,31-08-2023_hallaar 15,B84D1ADC-7A0E-4EB8-A6AD-8F7A9C7C5CBB,12014,Heist-Op-Den-Berg,Antwerpen,hallaar 15,hallaar 15,11,flanders
6972,2023,0,larvae,31-08-2023_hallaar 15,B84D1ADC-7A0E-4EB8-A6AD-8F7A9C7C5CBB,12014,Heist-Op-Den-Berg,Antwerpen,hallaar 15,hallaar 15,11,flanders
6973,2023,0,adult,31-08-2023_hallaar 16,DDFF3D94-8F7F-4FB7-9A58-3A2507499806,12014,Heist-Op-Den-Berg,Antwerpen,hallaar 16,hallaar 16,3,flanders
6974,2023,0,juvenile,31-08-2023_hallaar 16,DDFF3D94-8F7F-4FB7-9A58-3A2507499806,12014,Heist-Op-Den-Berg,Antwerpen,hallaar 16,hallaar 16,3,flanders
6975,2023,0,larvae,31-08-2023_hallaar 16,DDFF3D94-8F7F-4FB7-9A58-3A2507499806,12014,Heist-Op-Den-Berg,Antwerpen,hallaar 16,hallaar 16,3,flanders
6976,2023,0,adult,31-08-2023_hallaar 17,D223EC78-8E4F-441B-AF10-F66089AEC633,12014,Heist-Op-Den-Berg,Antwerpen,hallaar 17,hallaar 17,1,flanders
6977,2023,0,juvenile,31-08-2023_hallaar 17,D223EC78-8E4F-441B-AF10-F66089AEC633,12014,Heist-Op-Den-Berg,Antwerpen,hallaar 17,hallaar 17,1,flanders
6978,2023,0,larvae,31-08-2023_hallaar 17,D223EC78-8E4F-441B-AF10-F66089AEC633,12014,Heist-Op-Den-Berg,Antwerpen,hallaar 17,hallaar 17,1,flanders
