srt,locationID,date_setup,date_retrieval,fyke_nr,species_code,lifeStage,biomass_g,svl_cm,sex,state,albino,species,nubKey,surface,lat_Y_decimal,long_X_decimal,gemeente,provincie,gewest,geometry,eventID,Jaar
21-1,Field pond,2024-04-02T00:00:00Z,2024-04-04T00:00:00Z,FF_1,Xenlae,adult,NA,8.2,M,alive,no,Xenopus laevis,5217334,,50.75672222222222,2.9182777777777775,Mesen,West-Vlaanderen,flanders,"c(2.91827777777778, 50.7567222222222)",Field_pond_2024-04-02_2024-04-04,2024
22-1,Field pond,2024-04-02T00:00:00Z,2024-04-04T00:00:00Z,FF_1,Xenlae,juvenile,NA,4.5,NA,alive,no,Xenopus laevis,5217334,,50.75672222222222,2.9182777777777775,Mesen,West-Vlaanderen,flanders,"c(2.91827777777778, 50.7567222222222)",Field_pond_2024-04-02_2024-04-04,2024
23-1,Field pond,2024-04-02T00:00:00Z,2024-04-04T00:00:00Z,FF_1,Xenlae,juvenile,NA,5.6,NA,alive,no,Xenopus laevis,5217334,,50.75672222222222,2.9182777777777775,Mesen,West-Vlaanderen,flanders,"c(2.91827777777778, 50.7567222222222)",Field_pond_2024-04-02_2024-04-04,2024
24-1,Field pond,2024-04-02T00:00:00Z,2024-04-04T00:00:00Z,FF_1,Xenlae,juvenile,NA,5.5,NA,alive,no,Xenopus laevis,5217334,,50.75672222222222,2.9182777777777775,Mesen,West-Vlaanderen,flanders,"c(2.91827777777778, 50.7567222222222)",Field_pond_2024-04-02_2024-04-04,2024
25-1,Field pond,2024-04-02T00:00:00Z,2024-04-04T00:00:00Z,FF_1,Xenlae,subadult,NA,6.4,M,alive,no,Xenopus laevis,5217334,,50.75672222222222,2.9182777777777775,Mesen,West-Vlaanderen,flanders,"c(2.91827777777778, 50.7567222222222)",Field_pond_2024-04-02_2024-04-04,2024
26-1,Field pond,2024-04-02T00:00:00Z,2024-04-04T00:00:00Z,FF_1,Xenlae,juvenile,NA,4.4,NA,alive,no,Xenopus laevis,5217334,,50.75672222222222,2.9182777777777775,Mesen,West-Vlaanderen,flanders,"c(2.91827777777778, 50.7567222222222)",Field_pond_2024-04-02_2024-04-04,2024
27-1,Field pond,2024-04-02T00:00:00Z,2024-04-04T00:00:00Z,FF_1,Xenlae,juvenile,NA,4.9,NA,alive,no,Xenopus laevis,5217334,,50.75672222222222,2.9182777777777775,Mesen,West-Vlaanderen,flanders,"c(2.91827777777778, 50.7567222222222)",Field_pond_2024-04-02_2024-04-04,2024
32-1,Field pond,2024-04-02T00:00:00Z,2024-04-04T00:00:00Z,FF_2,Xenlae,juvenile,NA,4.9,NA,alive,no,Xenopus laevis,5217334,,50.75672222222222,2.9182777777777775,Mesen,West-Vlaanderen,flanders,"c(2.91827777777778, 50.7567222222222)",Field_pond_2024-04-02_2024-04-04,2024
33-1,Field pond,2024-04-02T00:00:00Z,2024-04-04T00:00:00Z,FF_2,Xenlae,juvenile,NA,5.4,NA,alive,no,Xenopus laevis,5217334,,50.75672222222222,2.9182777777777775,Mesen,West-Vlaanderen,flanders,"c(2.91827777777778, 50.7567222222222)",Field_pond_2024-04-02_2024-04-04,2024
34-1,Field pond,2024-04-02T00:00:00Z,2024-04-04T00:00:00Z,FF_2,Xenlae,juvenile,NA,5.2,NA,alive,no,Xenopus laevis,5217334,,50.75672222222222,2.9182777777777775,Mesen,West-Vlaanderen,flanders,"c(2.91827777777778, 50.7567222222222)",Field_pond_2024-04-02_2024-04-04,2024
35-1,Field pond,2024-04-02T00:00:00Z,2024-04-04T00:00:00Z,FF_2,Xenlae,subadult,NA,6.2,NA,alive,no,Xenopus laevis,5217334,,50.75672222222222,2.9182777777777775,Mesen,West-Vlaanderen,flanders,"c(2.91827777777778, 50.7567222222222)",Field_pond_2024-04-02_2024-04-04,2024
36-1,Field pond,2024-04-02T00:00:00Z,2024-04-04T00:00:00Z,FF_2,Xenlae,juvenile,NA,3.8,NA,alive,no,Xenopus laevis,5217334,,50.75672222222222,2.9182777777777775,Mesen,West-Vlaanderen,flanders,"c(2.91827777777778, 50.7567222222222)",Field_pond_2024-04-02_2024-04-04,2024
37-1,Field pond,2024-04-02T00:00:00Z,2024-04-04T00:00:00Z,FF_2,Xenlae,juvenile,NA,4.5,NA,alive,no,Xenopus laevis,5217334,,50.75672222222222,2.9182777777777775,Mesen,West-Vlaanderen,flanders,"c(2.91827777777778, 50.7567222222222)",Field_pond_2024-04-02_2024-04-04,2024
60-1,Fish passage,2024-04-03T00:00:00Z,2024-04-05T00:00:00Z,FF_2,Xenlae,adult,57,8,M,alive,no,Xenopus laevis,5217334,,50.75802777777778,2.8552222222222223,Heuvelland,West-Vlaanderen,flanders,"c(2.85522222222222, 50.7580277777778)",Fish_passage_2024-04-03_2024-04-05,2024
62-1,Fish passage,2024-04-03T00:00:00Z,2024-04-05T00:00:00Z,SDSF_1,Xenlae,adult,150,12,F,alive,no,Xenopus laevis,5217334,,50.75802777777778,2.8552222222222223,Heuvelland,West-Vlaanderen,flanders,"c(2.85522222222222, 50.7580277777778)",Fish_passage_2024-04-03_2024-04-05,2024
63-1,Fish passage,2024-04-03T00:00:00Z,2024-04-05T00:00:00Z,SDSF_1,Xenlae,adult,74,8.2,M,alive,no,Xenopus laevis,5217334,,50.75802777777778,2.8552222222222223,Heuvelland,West-Vlaanderen,flanders,"c(2.85522222222222, 50.7580277777778)",Fish_passage_2024-04-03_2024-04-05,2024
64-1,Fish passage,2024-04-03T00:00:00Z,2024-04-05T00:00:00Z,SDSF_1,Xenlae,adult,55,8.2,M,alive,no,Xenopus laevis,5217334,,50.75802777777778,2.8552222222222223,Heuvelland,West-Vlaanderen,flanders,"c(2.85522222222222, 50.7580277777778)",Fish_passage_2024-04-03_2024-04-05,2024
65-1,Fish passage,2024-04-03T00:00:00Z,2024-04-05T00:00:00Z,SDSF_1,Xenlae,juvenile,20,4.8,NA,alive,no,Xenopus laevis,5217334,,50.75802777777778,2.8552222222222223,Heuvelland,West-Vlaanderen,flanders,"c(2.85522222222222, 50.7580277777778)",Fish_passage_2024-04-03_2024-04-05,2024
66-1,Fish passage,2024-04-03T00:00:00Z,2024-04-05T00:00:00Z,SDSF_1,Xenlae,juvenile,10,4,NA,alive,no,Xenopus laevis,5217334,,50.75802777777778,2.8552222222222223,Heuvelland,West-Vlaanderen,flanders,"c(2.85522222222222, 50.7580277777778)",Fish_passage_2024-04-03_2024-04-05,2024
67-1,Fish passage,2024-04-03T00:00:00Z,2024-04-05T00:00:00Z,SDSF_1,Xenlae,adult,132,9.8,F,alive,no,Xenopus laevis,5217334,,50.75802777777778,2.8552222222222223,Heuvelland,West-Vlaanderen,flanders,"c(2.85522222222222, 50.7580277777778)",Fish_passage_2024-04-03_2024-04-05,2024
68-1,Fish passage,2024-04-03T00:00:00Z,2024-04-05T00:00:00Z,SDSF_1,Xenlae,adult,56,8,M,alive,no,Xenopus laevis,5217334,,50.75802777777778,2.8552222222222223,Heuvelland,West-Vlaanderen,flanders,"c(2.85522222222222, 50.7580277777778)",Fish_passage_2024-04-03_2024-04-05,2024
69-1,Fish passage,2024-04-03T00:00:00Z,2024-04-05T00:00:00Z,SDSF_1,Xenlae,subadult,25,6.1,NA,alive,no,Xenopus laevis,5217334,,50.75802777777778,2.8552222222222223,Heuvelland,West-Vlaanderen,flanders,"c(2.85522222222222, 50.7580277777778)",Fish_passage_2024-04-03_2024-04-05,2024
70-1,Fish passage,2024-04-03T00:00:00Z,2024-04-05T00:00:00Z,SDSF_1,Xenlae,juvenile,15,4.7,NA,alive,no,Xenopus laevis,5217334,,50.75802777777778,2.8552222222222223,Heuvelland,West-Vlaanderen,flanders,"c(2.85522222222222, 50.7580277777778)",Fish_passage_2024-04-03_2024-04-05,2024
71-1,Fish passage,2024-04-03T00:00:00Z,2024-04-05T00:00:00Z,SDSF_1,Xenlae,juvenile,12,4.2,NA,alive,no,Xenopus laevis,5217334,,50.75802777777778,2.8552222222222223,Heuvelland,West-Vlaanderen,flanders,"c(2.85522222222222, 50.7580277777778)",Fish_passage_2024-04-03_2024-04-05,2024
75-1,Fish passage,2024-04-03T00:00:00Z,2024-04-05T00:00:00Z,SDSF_2,Xenlae,adult,141,11.1,F,alive,no,Xenopus laevis,5217334,,50.75802777777778,2.8552222222222223,Heuvelland,West-Vlaanderen,flanders,"c(2.85522222222222, 50.7580277777778)",Fish_passage_2024-04-03_2024-04-05,2024
76-1,Fish passage,2024-04-03T00:00:00Z,2024-04-05T00:00:00Z,SDSF_2,Xenlae,adult,84,9.3,F,alive,no,Xenopus laevis,5217334,,50.75802777777778,2.8552222222222223,Heuvelland,West-Vlaanderen,flanders,"c(2.85522222222222, 50.7580277777778)",Fish_passage_2024-04-03_2024-04-05,2024
77-1,Fish passage,2024-04-03T00:00:00Z,2024-04-05T00:00:00Z,SDSF_2,Xenlae,adult,45,8,M,alive,no,Xenopus laevis,5217334,,50.75802777777778,2.8552222222222223,Heuvelland,West-Vlaanderen,flanders,"c(2.85522222222222, 50.7580277777778)",Fish_passage_2024-04-03_2024-04-05,2024
78-1,Fish passage,2024-04-03T00:00:00Z,2024-04-05T00:00:00Z,SDSF_2,Xenlae,juvenile,21,5.3,NA,alive,no,Xenopus laevis,5217334,,50.75802777777778,2.8552222222222223,Heuvelland,West-Vlaanderen,flanders,"c(2.85522222222222, 50.7580277777778)",Fish_passage_2024-04-03_2024-04-05,2024
79-1,Fish passage,2024-04-03T00:00:00Z,2024-04-05T00:00:00Z,SDSF_2,Xenlae,subadult,30,6.3,NA,alive,no,Xenopus laevis,5217334,,50.75802777777778,2.8552222222222223,Heuvelland,West-Vlaanderen,flanders,"c(2.85522222222222, 50.7580277777778)",Fish_passage_2024-04-03_2024-04-05,2024
80-1,Fish passage,2024-04-03T00:00:00Z,2024-04-05T00:00:00Z,SDSF_2,Xenlae,juvenile,22,5.6,NA,alive,no,Xenopus laevis,5217334,,50.75802777777778,2.8552222222222223,Heuvelland,West-Vlaanderen,flanders,"c(2.85522222222222, 50.7580277777778)",Fish_passage_2024-04-03_2024-04-05,2024
81-1,Fish passage,2024-04-03T00:00:00Z,2024-04-05T00:00:00Z,SDSF_2,Xenlae,juvenile,20,5.4,NA,alive,no,Xenopus laevis,5217334,,50.75802777777778,2.8552222222222223,Heuvelland,West-Vlaanderen,flanders,"c(2.85522222222222, 50.7580277777778)",Fish_passage_2024-04-03_2024-04-05,2024
82-1,Fish passage,2024-04-03T00:00:00Z,2024-04-05T00:00:00Z,SDSF_2,Xenlae,juvenile,23,5.2,NA,alive,no,Xenopus laevis,5217334,,50.75802777777778,2.8552222222222223,Heuvelland,West-Vlaanderen,flanders,"c(2.85522222222222, 50.7580277777778)",Fish_passage_2024-04-03_2024-04-05,2024
83-1,Fish passage,2024-04-03T00:00:00Z,2024-04-05T00:00:00Z,SDSF_2,Xenlae,juvenile,16,4.9,NA,alive,no,Xenopus laevis,5217334,,50.75802777777778,2.8552222222222223,Heuvelland,West-Vlaanderen,flanders,"c(2.85522222222222, 50.7580277777778)",Fish_passage_2024-04-03_2024-04-05,2024
84-1,Fish passage,2024-04-03T00:00:00Z,2024-04-05T00:00:00Z,SDSF_2,Xenlae,juvenile,19,4.8,NA,alive,no,Xenopus laevis,5217334,,50.75802777777778,2.8552222222222223,Heuvelland,West-Vlaanderen,flanders,"c(2.85522222222222, 50.7580277777778)",Fish_passage_2024-04-03_2024-04-05,2024
85-1,Fish passage,2024-04-03T00:00:00Z,2024-04-05T00:00:00Z,SDSF_2,Xenlae,juvenile,12,4.6,NA,alive,no,Xenopus laevis,5217334,,50.75802777777778,2.8552222222222223,Heuvelland,West-Vlaanderen,flanders,"c(2.85522222222222, 50.7580277777778)",Fish_passage_2024-04-03_2024-04-05,2024
86-1,Fish passage,2024-04-03T00:00:00Z,2024-04-05T00:00:00Z,SDSF_2,Xenlae,juvenile,18,5.4,NA,alive,no,Xenopus laevis,5217334,,50.75802777777778,2.8552222222222223,Heuvelland,West-Vlaanderen,flanders,"c(2.85522222222222, 50.7580277777778)",Fish_passage_2024-04-03_2024-04-05,2024
90-1,Fish passage,2024-04-03T00:00:00Z,2024-04-05T00:00:00Z,SDSF_2,Xenlae,adult,70,7.8,M,alive,no,Xenopus laevis,5217334,,50.75802777777778,2.8552222222222223,Heuvelland,West-Vlaanderen,flanders,"c(2.85522222222222, 50.7580277777778)",Fish_passage_2024-04-03_2024-04-05,2024
91-1,Fish passage,2024-04-03T00:00:00Z,2024-04-05T00:00:00Z,SDSF_2,Xenlae,subadult,37,6.2,NA,alive,no,Xenopus laevis,5217334,,50.75802777777778,2.8552222222222223,Heuvelland,West-Vlaanderen,flanders,"c(2.85522222222222, 50.7580277777778)",Fish_passage_2024-04-03_2024-04-05,2024
92-1,Fish passage,2024-04-03T00:00:00Z,2024-04-05T00:00:00Z,SDSF_2,Xenlae,subadult,29,6.4,NA,alive,no,Xenopus laevis,5217334,,50.75802777777778,2.8552222222222223,Heuvelland,West-Vlaanderen,flanders,"c(2.85522222222222, 50.7580277777778)",Fish_passage_2024-04-03_2024-04-05,2024
93-1,Fish passage,2024-04-03T00:00:00Z,2024-04-05T00:00:00Z,SDSF_2,Xenlae,subadult,25,6.1,NA,alive,no,Xenopus laevis,5217334,,50.75802777777778,2.8552222222222223,Heuvelland,West-Vlaanderen,flanders,"c(2.85522222222222, 50.7580277777778)",Fish_passage_2024-04-03_2024-04-05,2024
94-1,Fish passage,2024-04-03T00:00:00Z,2024-04-05T00:00:00Z,SDSF_2,Xenlae,juvenile,20,4.9,NA,alive,no,Xenopus laevis,5217334,,50.75802777777778,2.8552222222222223,Heuvelland,West-Vlaanderen,flanders,"c(2.85522222222222, 50.7580277777778)",Fish_passage_2024-04-03_2024-04-05,2024
95-1,Fish passage,2024-04-03T00:00:00Z,2024-04-05T00:00:00Z,SDSF_2,Xenlae,subadult,23,5.9,NA,alive,no,Xenopus laevis,5217334,,50.75802777777778,2.8552222222222223,Heuvelland,West-Vlaanderen,flanders,"c(2.85522222222222, 50.7580277777778)",Fish_passage_2024-04-03_2024-04-05,2024
96-1,Fish passage,2024-04-03T00:00:00Z,2024-04-05T00:00:00Z,SDSF_2,Xenlae,juvenile,24,5.6,NA,alive,no,Xenopus laevis,5217334,,50.75802777777778,2.8552222222222223,Heuvelland,West-Vlaanderen,flanders,"c(2.85522222222222, 50.7580277777778)",Fish_passage_2024-04-03_2024-04-05,2024
97-1,Fish passage,2024-04-03T00:00:00Z,2024-04-05T00:00:00Z,SDSF_2,Xenlae,juvenile,21,5,NA,alive,no,Xenopus laevis,5217334,,50.75802777777778,2.8552222222222223,Heuvelland,West-Vlaanderen,flanders,"c(2.85522222222222, 50.7580277777778)",Fish_passage_2024-04-03_2024-04-05,2024
98-1,Fish passage,2024-04-03T00:00:00Z,2024-04-05T00:00:00Z,SDSF_2,Xenlae,juvenile,12,4.5,NA,alive,no,Xenopus laevis,5217334,,50.75802777777778,2.8552222222222223,Heuvelland,West-Vlaanderen,flanders,"c(2.85522222222222, 50.7580277777778)",Fish_passage_2024-04-03_2024-04-05,2024
106-1,Fish passage,2024-04-03T00:00:00Z,2024-04-05T00:00:00Z,SDSF_3,Xenlae,adult,62,7.8,M,alive,no,Xenopus laevis,5217334,,50.75802777777778,2.8552222222222223,Heuvelland,West-Vlaanderen,flanders,"c(2.85522222222222, 50.7580277777778)",Fish_passage_2024-04-03_2024-04-05,2024
107-1,Fish passage,2024-04-03T00:00:00Z,2024-04-05T00:00:00Z,SDSF_3,Xenlae,adult,65,6.8,M,alive,no,Xenopus laevis,5217334,,50.75802777777778,2.8552222222222223,Heuvelland,West-Vlaanderen,flanders,"c(2.85522222222222, 50.7580277777778)",Fish_passage_2024-04-03_2024-04-05,2024
108-1,Fish passage,2024-04-03T00:00:00Z,2024-04-05T00:00:00Z,SDSF_3,Xenlae,adult,82,7.7,M,alive,no,Xenopus laevis,5217334,,50.75802777777778,2.8552222222222223,Heuvelland,West-Vlaanderen,flanders,"c(2.85522222222222, 50.7580277777778)",Fish_passage_2024-04-03_2024-04-05,2024
109-1,Fish passage,2024-04-03T00:00:00Z,2024-04-05T00:00:00Z,SDSF_3,Xenlae,adult,77,7.5,M,alive,no,Xenopus laevis,5217334,,50.75802777777778,2.8552222222222223,Heuvelland,West-Vlaanderen,flanders,"c(2.85522222222222, 50.7580277777778)",Fish_passage_2024-04-03_2024-04-05,2024
110-1,Fish passage,2024-04-03T00:00:00Z,2024-04-05T00:00:00Z,SDSF_3,Xenlae,adult,62,7.2,M,alive,no,Xenopus laevis,5217334,,50.75802777777778,2.8552222222222223,Heuvelland,West-Vlaanderen,flanders,"c(2.85522222222222, 50.7580277777778)",Fish_passage_2024-04-03_2024-04-05,2024
111-1,Fish passage,2024-04-03T00:00:00Z,2024-04-05T00:00:00Z,SDSF_3,Xenlae,subadult,37,5.9,NA,alive,no,Xenopus laevis,5217334,,50.75802777777778,2.8552222222222223,Heuvelland,West-Vlaanderen,flanders,"c(2.85522222222222, 50.7580277777778)",Fish_passage_2024-04-03_2024-04-05,2024
112-1,Fish passage,2024-04-03T00:00:00Z,2024-04-05T00:00:00Z,SDSF_3,Xenlae,juvenile,30,5,NA,alive,no,Xenopus laevis,5217334,,50.75802777777778,2.8552222222222223,Heuvelland,West-Vlaanderen,flanders,"c(2.85522222222222, 50.7580277777778)",Fish_passage_2024-04-03_2024-04-05,2024
113-2,Fish passage,2024-04-03T00:00:00Z,2024-04-05T00:00:00Z,SDSF_3,Xenlae,juvenile,30,5,NA,alive,no,Xenopus laevis,5217334,,50.75802777777778,2.8552222222222223,Heuvelland,West-Vlaanderen,flanders,"c(2.85522222222222, 50.7580277777778)",Fish_passage_2024-04-03_2024-04-05,2024
114-1,Fish passage,2024-04-03T00:00:00Z,2024-04-05T00:00:00Z,SDSF_3,Xenlae,juvenile,25,5,NA,alive,no,Xenopus laevis,5217334,,50.75802777777778,2.8552222222222223,Heuvelland,West-Vlaanderen,flanders,"c(2.85522222222222, 50.7580277777778)",Fish_passage_2024-04-03_2024-04-05,2024
115-1,Fish passage,2024-04-03T00:00:00Z,2024-04-05T00:00:00Z,SDSF_3,Xenlae,juvenile,12,4.3,NA,alive,no,Xenopus laevis,5217334,,50.75802777777778,2.8552222222222223,Heuvelland,West-Vlaanderen,flanders,"c(2.85522222222222, 50.7580277777778)",Fish_passage_2024-04-03_2024-04-05,2024
116-1,Fish passage,2024-04-03T00:00:00Z,2024-04-05T00:00:00Z,SDSF_3,Xenlae,juvenile,9,3.7,NA,alive,no,Xenopus laevis,5217334,,50.75802777777778,2.8552222222222223,Heuvelland,West-Vlaanderen,flanders,"c(2.85522222222222, 50.7580277777778)",Fish_passage_2024-04-03_2024-04-05,2024
118-1,Fish passage,2024-04-03T00:00:00Z,2024-04-05T00:00:00Z,SDSF_4,Xenlae,adult,147,10.6,F,alive,no,Xenopus laevis,5217334,,50.75802777777778,2.8552222222222223,Heuvelland,West-Vlaanderen,flanders,"c(2.85522222222222, 50.7580277777778)",Fish_passage_2024-04-03_2024-04-05,2024
119-1,Fish passage,2024-04-03T00:00:00Z,2024-04-05T00:00:00Z,SDSF_4,Xenlae,adult,63,7.5,M,alive,no,Xenopus laevis,5217334,,50.75802777777778,2.8552222222222223,Heuvelland,West-Vlaanderen,flanders,"c(2.85522222222222, 50.7580277777778)",Fish_passage_2024-04-03_2024-04-05,2024
120-1,Fish passage,2024-04-03T00:00:00Z,2024-04-05T00:00:00Z,SDSF_4,Xenlae,adult,64,7.8,M,alive,no,Xenopus laevis,5217334,,50.75802777777778,2.8552222222222223,Heuvelland,West-Vlaanderen,flanders,"c(2.85522222222222, 50.7580277777778)",Fish_passage_2024-04-03_2024-04-05,2024
121-1,Fish passage,2024-04-03T00:00:00Z,2024-04-05T00:00:00Z,SDSF_4,Xenlae,juvenile,15,4.4,NA,alive,no,Xenopus laevis,5217334,,50.75802777777778,2.8552222222222223,Heuvelland,West-Vlaanderen,flanders,"c(2.85522222222222, 50.7580277777778)",Fish_passage_2024-04-03_2024-04-05,2024
122-1,Fish passage,2024-04-03T00:00:00Z,2024-04-05T00:00:00Z,SDSF_4,Xenlae,juvenile,20,5,NA,alive,no,Xenopus laevis,5217334,,50.75802777777778,2.8552222222222223,Heuvelland,West-Vlaanderen,flanders,"c(2.85522222222222, 50.7580277777778)",Fish_passage_2024-04-03_2024-04-05,2024
126-1,Green door pond 1,2024-04-03T00:00:00Z,2024-04-05T00:00:00Z,FF_2,Xenlae,adult,65,7.6,M,dead,no,Xenopus laevis,5217334,,50.76047222222222,2.8103055555555554,Heuvelland,West-Vlaanderen,flanders,"c(2.81030555555556, 50.7604722222222)",Green_door_pond_1_2024-04-03_2024-04-05,2024
127-1,Green door pond 1,2024-04-03T00:00:00Z,2024-04-05T00:00:00Z,FF_2,Xenlae,juvenile,25,5.4,NA,alive,no,Xenopus laevis,5217334,,50.76047222222222,2.8103055555555554,Heuvelland,West-Vlaanderen,flanders,"c(2.81030555555556, 50.7604722222222)",Green_door_pond_1_2024-04-03_2024-04-05,2024
128-1,Green door pond 1,2024-04-03T00:00:00Z,2024-04-05T00:00:00Z,FF_2,Xenlae,juvenile,21,4.9,NA,dead,no,Xenopus laevis,5217334,,50.76047222222222,2.8103055555555554,Heuvelland,West-Vlaanderen,flanders,"c(2.81030555555556, 50.7604722222222)",Green_door_pond_1_2024-04-03_2024-04-05,2024
133-1,Big pond Eeuwenhout bos,2024-04-03T00:00:00Z,2024-04-05T00:00:00Z,SDSF_1a,Xenlae,subadult,NA,6.9,M,alive,no,Xenopus laevis,5217334,,50.768027777777775,2.7708055555555555,Heuvelland,West-Vlaanderen,flanders,"c(2.77080555555556, 50.7680277777778)",Big_pond_Eeuwenhout_bos_2024-04-03_2024-04-05,2024
134-1,Big pond Eeuwenhout bos,2024-04-03T00:00:00Z,2024-04-05T00:00:00Z,SDSF_1a,Xenlae,juvenile,8,3.3,NA,alive,no,Xenopus laevis,5217334,,50.768027777777775,2.7708055555555555,Heuvelland,West-Vlaanderen,flanders,"c(2.77080555555556, 50.7680277777778)",Big_pond_Eeuwenhout_bos_2024-04-03_2024-04-05,2024
135-1,Big pond Eeuwenhout bos,2024-04-03T00:00:00Z,2024-04-05T00:00:00Z,SDSF_1a,Xenlae,juvenile,5,4.1,NA,alive,no,Xenopus laevis,5217334,,50.768027777777775,2.7708055555555555,Heuvelland,West-Vlaanderen,flanders,"c(2.77080555555556, 50.7680277777778)",Big_pond_Eeuwenhout_bos_2024-04-03_2024-04-05,2024
136-1,Big pond Eeuwenhout bos,2024-04-03T00:00:00Z,2024-04-05T00:00:00Z,SDSF_1a,Xenlae,juvenile,10,4.8,NA,alive,no,Xenopus laevis,5217334,,50.768027777777775,2.7708055555555555,Heuvelland,West-Vlaanderen,flanders,"c(2.77080555555556, 50.7680277777778)",Big_pond_Eeuwenhout_bos_2024-04-03_2024-04-05,2024
137-1,Big pond Eeuwenhout bos,2024-04-03T00:00:00Z,2024-04-05T00:00:00Z,SDSF_1a,Xenlae,juvenile,5,3.2,NA,alive,no,Xenopus laevis,5217334,,50.768027777777775,2.7708055555555555,Heuvelland,West-Vlaanderen,flanders,"c(2.77080555555556, 50.7680277777778)",Big_pond_Eeuwenhout_bos_2024-04-03_2024-04-05,2024
138-1,Big pond Eeuwenhout bos,2024-04-03T00:00:00Z,2024-04-05T00:00:00Z,SDSF_1a,Xenlae,juvenile,7,3.3,NA,alive,no,Xenopus laevis,5217334,,50.768027777777775,2.7708055555555555,Heuvelland,West-Vlaanderen,flanders,"c(2.77080555555556, 50.7680277777778)",Big_pond_Eeuwenhout_bos_2024-04-03_2024-04-05,2024
139-1,Big pond Eeuwenhout bos,2024-04-03T00:00:00Z,2024-04-05T00:00:00Z,SDSF_1a,Xenlae,juvenile,4,3.1,NA,alive,no,Xenopus laevis,5217334,,50.768027777777775,2.7708055555555555,Heuvelland,West-Vlaanderen,flanders,"c(2.77080555555556, 50.7680277777778)",Big_pond_Eeuwenhout_bos_2024-04-03_2024-04-05,2024
140-1,Big pond Eeuwenhout bos,2024-04-03T00:00:00Z,2024-04-05T00:00:00Z,SDSF_1a,Xenlae,juvenile,2,2.2,NA,alive,no,Xenopus laevis,5217334,,50.768027777777775,2.7708055555555555,Heuvelland,West-Vlaanderen,flanders,"c(2.77080555555556, 50.7680277777778)",Big_pond_Eeuwenhout_bos_2024-04-03_2024-04-05,2024
141-1,Big pond Eeuwenhout bos,2024-04-03T00:00:00Z,2024-04-05T00:00:00Z,SDSF_1a,Xenlae,juvenile,7,3.5,NA,alive,no,Xenopus laevis,5217334,,50.768027777777775,2.7708055555555555,Heuvelland,West-Vlaanderen,flanders,"c(2.77080555555556, 50.7680277777778)",Big_pond_Eeuwenhout_bos_2024-04-03_2024-04-05,2024
142-1,Big pond Eeuwenhout bos,2024-04-03T00:00:00Z,2024-04-05T00:00:00Z,SDSF_1a,Xenlae,juvenile,4,2.3,NA,alive,no,Xenopus laevis,5217334,,50.768027777777775,2.7708055555555555,Heuvelland,West-Vlaanderen,flanders,"c(2.77080555555556, 50.7680277777778)",Big_pond_Eeuwenhout_bos_2024-04-03_2024-04-05,2024
143-1,Big pond Eeuwenhout bos,2024-04-03T00:00:00Z,2024-04-05T00:00:00Z,SDSF_1a,Xenlae,juvenile,11,3.5,NA,alive,no,Xenopus laevis,5217334,,50.768027777777775,2.7708055555555555,Heuvelland,West-Vlaanderen,flanders,"c(2.77080555555556, 50.7680277777778)",Big_pond_Eeuwenhout_bos_2024-04-03_2024-04-05,2024
144-1,Big pond Eeuwenhout bos,2024-04-03T00:00:00Z,2024-04-05T00:00:00Z,SDSF_1a,Xenlae,juvenile,7,3.2,NA,alive,no,Xenopus laevis,5217334,,50.768027777777775,2.7708055555555555,Heuvelland,West-Vlaanderen,flanders,"c(2.77080555555556, 50.7680277777778)",Big_pond_Eeuwenhout_bos_2024-04-03_2024-04-05,2024
145-1,Big pond Eeuwenhout bos,2024-04-03T00:00:00Z,2024-04-05T00:00:00Z,SDSF_1a,Xenlae,juvenile,8,3.2,NA,alive,no,Xenopus laevis,5217334,,50.768027777777775,2.7708055555555555,Heuvelland,West-Vlaanderen,flanders,"c(2.77080555555556, 50.7680277777778)",Big_pond_Eeuwenhout_bos_2024-04-03_2024-04-05,2024
146-1,Big pond Eeuwenhout bos,2024-04-03T00:00:00Z,2024-04-05T00:00:00Z,SDSF_1a,Xenlae,juvenile,8,4,NA,alive,no,Xenopus laevis,5217334,,50.768027777777775,2.7708055555555555,Heuvelland,West-Vlaanderen,flanders,"c(2.77080555555556, 50.7680277777778)",Big_pond_Eeuwenhout_bos_2024-04-03_2024-04-05,2024
147-1,Big pond Eeuwenhout bos,2024-04-03T00:00:00Z,2024-04-05T00:00:00Z,SDSF_1a,Xenlae,juvenile,10,3.3,NA,alive,no,Xenopus laevis,5217334,,50.768027777777775,2.7708055555555555,Heuvelland,West-Vlaanderen,flanders,"c(2.77080555555556, 50.7680277777778)",Big_pond_Eeuwenhout_bos_2024-04-03_2024-04-05,2024
148-1,Big pond Eeuwenhout bos,2024-04-03T00:00:00Z,2024-04-05T00:00:00Z,SDSF_1a,Xenlae,juvenile,7,2.8,NA,alive,no,Xenopus laevis,5217334,,50.768027777777775,2.7708055555555555,Heuvelland,West-Vlaanderen,flanders,"c(2.77080555555556, 50.7680277777778)",Big_pond_Eeuwenhout_bos_2024-04-03_2024-04-05,2024
149-2,Big pond Eeuwenhout bos,2024-04-03T00:00:00Z,2024-04-05T00:00:00Z,SDSF_1a,Xenlae,juvenile,10,3.3,NA,alive,no,Xenopus laevis,5217334,,50.768027777777775,2.7708055555555555,Heuvelland,West-Vlaanderen,flanders,"c(2.77080555555556, 50.7680277777778)",Big_pond_Eeuwenhout_bos_2024-04-03_2024-04-05,2024
150-1,Big pond Eeuwenhout bos,2024-04-03T00:00:00Z,2024-04-05T00:00:00Z,SDSF_1a,Xenlae,juvenile,5,2.6,NA,alive,no,Xenopus laevis,5217334,,50.768027777777775,2.7708055555555555,Heuvelland,West-Vlaanderen,flanders,"c(2.77080555555556, 50.7680277777778)",Big_pond_Eeuwenhout_bos_2024-04-03_2024-04-05,2024
151-1,Big pond Eeuwenhout bos,2024-04-03T00:00:00Z,2024-04-05T00:00:00Z,SDSF_1a,Xenlae,juvenile,8,3.1,NA,alive,no,Xenopus laevis,5217334,,50.768027777777775,2.7708055555555555,Heuvelland,West-Vlaanderen,flanders,"c(2.77080555555556, 50.7680277777778)",Big_pond_Eeuwenhout_bos_2024-04-03_2024-04-05,2024
152-1,Big pond Eeuwenhout bos,2024-04-03T00:00:00Z,2024-04-05T00:00:00Z,SDSF_1a,Xenlae,juvenile,6,3.6,NA,alive,no,Xenopus laevis,5217334,,50.768027777777775,2.7708055555555555,Heuvelland,West-Vlaanderen,flanders,"c(2.77080555555556, 50.7680277777778)",Big_pond_Eeuwenhout_bos_2024-04-03_2024-04-05,2024
153-2,Big pond Eeuwenhout bos,2024-04-03T00:00:00Z,2024-04-05T00:00:00Z,SDSF_1a,Xenlae,juvenile,5,3.2,NA,alive,no,Xenopus laevis,5217334,,50.768027777777775,2.7708055555555555,Heuvelland,West-Vlaanderen,flanders,"c(2.77080555555556, 50.7680277777778)",Big_pond_Eeuwenhout_bos_2024-04-03_2024-04-05,2024
154-1,Big pond Eeuwenhout bos,2024-04-03T00:00:00Z,2024-04-05T00:00:00Z,SDSF_1a,Xenlae,juvenile,9,3.8,NA,alive,no,Xenopus laevis,5217334,,50.768027777777775,2.7708055555555555,Heuvelland,West-Vlaanderen,flanders,"c(2.77080555555556, 50.7680277777778)",Big_pond_Eeuwenhout_bos_2024-04-03_2024-04-05,2024
155-1,Big pond Eeuwenhout bos,2024-04-03T00:00:00Z,2024-04-05T00:00:00Z,SDSF_1a,Xenlae,juvenile,7,2.9,NA,alive,no,Xenopus laevis,5217334,,50.768027777777775,2.7708055555555555,Heuvelland,West-Vlaanderen,flanders,"c(2.77080555555556, 50.7680277777778)",Big_pond_Eeuwenhout_bos_2024-04-03_2024-04-05,2024
156-2,Big pond Eeuwenhout bos,2024-04-03T00:00:00Z,2024-04-05T00:00:00Z,SDSF_1a,Xenlae,juvenile,5,2.6,NA,alive,no,Xenopus laevis,5217334,,50.768027777777775,2.7708055555555555,Heuvelland,West-Vlaanderen,flanders,"c(2.77080555555556, 50.7680277777778)",Big_pond_Eeuwenhout_bos_2024-04-03_2024-04-05,2024
157-1,Big pond Eeuwenhout bos,2024-04-03T00:00:00Z,2024-04-05T00:00:00Z,SDSF_1a,Xenlae,juvenile,7,3.6,NA,alive,no,Xenopus laevis,5217334,,50.768027777777775,2.7708055555555555,Heuvelland,West-Vlaanderen,flanders,"c(2.77080555555556, 50.7680277777778)",Big_pond_Eeuwenhout_bos_2024-04-03_2024-04-05,2024
158-2,Big pond Eeuwenhout bos,2024-04-03T00:00:00Z,2024-04-05T00:00:00Z,SDSF_1a,Xenlae,juvenile,7,3.5,NA,alive,no,Xenopus laevis,5217334,,50.768027777777775,2.7708055555555555,Heuvelland,West-Vlaanderen,flanders,"c(2.77080555555556, 50.7680277777778)",Big_pond_Eeuwenhout_bos_2024-04-03_2024-04-05,2024
159-1,Big pond Eeuwenhout bos,2024-04-03T00:00:00Z,2024-04-05T00:00:00Z,SDSF_1a,Xenlae,juvenile,9,3.6,NA,alive,no,Xenopus laevis,5217334,,50.768027777777775,2.7708055555555555,Heuvelland,West-Vlaanderen,flanders,"c(2.77080555555556, 50.7680277777778)",Big_pond_Eeuwenhout_bos_2024-04-03_2024-04-05,2024
160-1,Big pond Eeuwenhout bos,2024-04-03T00:00:00Z,2024-04-05T00:00:00Z,SDSF_1a,Xenlae,juvenile,5,3.1,NA,alive,no,Xenopus laevis,5217334,,50.768027777777775,2.7708055555555555,Heuvelland,West-Vlaanderen,flanders,"c(2.77080555555556, 50.7680277777778)",Big_pond_Eeuwenhout_bos_2024-04-03_2024-04-05,2024
161-1,Big pond Eeuwenhout bos,2024-04-03T00:00:00Z,2024-04-05T00:00:00Z,SDSF_1a,Xenlae,juvenile,5,3.5,NA,alive,no,Xenopus laevis,5217334,,50.768027777777775,2.7708055555555555,Heuvelland,West-Vlaanderen,flanders,"c(2.77080555555556, 50.7680277777778)",Big_pond_Eeuwenhout_bos_2024-04-03_2024-04-05,2024
162-1,Big pond Eeuwenhout bos,2024-04-03T00:00:00Z,2024-04-05T00:00:00Z,SDSF_1a,Xenlae,juvenile,NA,2.9,NA,alive,no,Xenopus laevis,5217334,,50.768027777777775,2.7708055555555555,Heuvelland,West-Vlaanderen,flanders,"c(2.77080555555556, 50.7680277777778)",Big_pond_Eeuwenhout_bos_2024-04-03_2024-04-05,2024
163-2,Big pond Eeuwenhout bos,2024-04-03T00:00:00Z,2024-04-05T00:00:00Z,SDSF_1a,Xenlae,juvenile,5,3.1,NA,alive,no,Xenopus laevis,5217334,,50.768027777777775,2.7708055555555555,Heuvelland,West-Vlaanderen,flanders,"c(2.77080555555556, 50.7680277777778)",Big_pond_Eeuwenhout_bos_2024-04-03_2024-04-05,2024
164-2,Big pond Eeuwenhout bos,2024-04-03T00:00:00Z,2024-04-05T00:00:00Z,SDSF_1a,Xenlae,juvenile,4,3.1,NA,alive,no,Xenopus laevis,5217334,,50.768027777777775,2.7708055555555555,Heuvelland,West-Vlaanderen,flanders,"c(2.77080555555556, 50.7680277777778)",Big_pond_Eeuwenhout_bos_2024-04-03_2024-04-05,2024
165-1,Big pond Eeuwenhout bos,2024-04-03T00:00:00Z,2024-04-05T00:00:00Z,SDSF_1a,Xenlae,juvenile,4,2.5,NA,alive,no,Xenopus laevis,5217334,,50.768027777777775,2.7708055555555555,Heuvelland,West-Vlaanderen,flanders,"c(2.77080555555556, 50.7680277777778)",Big_pond_Eeuwenhout_bos_2024-04-03_2024-04-05,2024
166-1,Big pond Eeuwenhout bos,2024-04-03T00:00:00Z,2024-04-05T00:00:00Z,SDSF_1a,Xenlae,juvenile,4,2.6,NA,alive,no,Xenopus laevis,5217334,,50.768027777777775,2.7708055555555555,Heuvelland,West-Vlaanderen,flanders,"c(2.77080555555556, 50.7680277777778)",Big_pond_Eeuwenhout_bos_2024-04-03_2024-04-05,2024
167-1,Big pond Eeuwenhout bos,2024-04-03T00:00:00Z,2024-04-05T00:00:00Z,SDSF_1a,Xenlae,juvenile,4,3.4,NA,alive,no,Xenopus laevis,5217334,,50.768027777777775,2.7708055555555555,Heuvelland,West-Vlaanderen,flanders,"c(2.77080555555556, 50.7680277777778)",Big_pond_Eeuwenhout_bos_2024-04-03_2024-04-05,2024
168-1,Big pond Eeuwenhout bos,2024-04-03T00:00:00Z,2024-04-05T00:00:00Z,SDSF_1a,Xenlae,juvenile,4,2.8,NA,alive,no,Xenopus laevis,5217334,,50.768027777777775,2.7708055555555555,Heuvelland,West-Vlaanderen,flanders,"c(2.77080555555556, 50.7680277777778)",Big_pond_Eeuwenhout_bos_2024-04-03_2024-04-05,2024
169-1,Big pond Eeuwenhout bos,2024-04-03T00:00:00Z,2024-04-05T00:00:00Z,SDSF_1a,Xenlae,juvenile,4,2.7,NA,alive,no,Xenopus laevis,5217334,,50.768027777777775,2.7708055555555555,Heuvelland,West-Vlaanderen,flanders,"c(2.77080555555556, 50.7680277777778)",Big_pond_Eeuwenhout_bos_2024-04-03_2024-04-05,2024
170-2,Big pond Eeuwenhout bos,2024-04-03T00:00:00Z,2024-04-05T00:00:00Z,SDSF_1a,Xenlae,juvenile,7,3.6,NA,alive,no,Xenopus laevis,5217334,,50.768027777777775,2.7708055555555555,Heuvelland,West-Vlaanderen,flanders,"c(2.77080555555556, 50.7680277777778)",Big_pond_Eeuwenhout_bos_2024-04-03_2024-04-05,2024
171-1,Big pond Eeuwenhout bos,2024-04-03T00:00:00Z,2024-04-05T00:00:00Z,SDSF_1a,Xenlae,juvenile,4,3.2,NA,alive,no,Xenopus laevis,5217334,,50.768027777777775,2.7708055555555555,Heuvelland,West-Vlaanderen,flanders,"c(2.77080555555556, 50.7680277777778)",Big_pond_Eeuwenhout_bos_2024-04-03_2024-04-05,2024
172-1,Big pond Eeuwenhout bos,2024-04-03T00:00:00Z,2024-04-05T00:00:00Z,SDSF_1a,Xenlae,juvenile,NA,2.2,NA,alive,no,Xenopus laevis,5217334,,50.768027777777775,2.7708055555555555,Heuvelland,West-Vlaanderen,flanders,"c(2.77080555555556, 50.7680277777778)",Big_pond_Eeuwenhout_bos_2024-04-03_2024-04-05,2024
173-1,Big pond Eeuwenhout bos,2024-04-03T00:00:00Z,2024-04-05T00:00:00Z,SDSF_1a,Xenlae,juvenile,3,2.9,NA,alive,no,Xenopus laevis,5217334,,50.768027777777775,2.7708055555555555,Heuvelland,West-Vlaanderen,flanders,"c(2.77080555555556, 50.7680277777778)",Big_pond_Eeuwenhout_bos_2024-04-03_2024-04-05,2024
174-1,Big pond Eeuwenhout bos,2024-04-03T00:00:00Z,2024-04-05T00:00:00Z,SDSF_1a,Xenlae,juvenile,2,2,NA,alive,no,Xenopus laevis,5217334,,50.768027777777775,2.7708055555555555,Heuvelland,West-Vlaanderen,flanders,"c(2.77080555555556, 50.7680277777778)",Big_pond_Eeuwenhout_bos_2024-04-03_2024-04-05,2024
175-2,Big pond Eeuwenhout bos,2024-04-03T00:00:00Z,2024-04-05T00:00:00Z,SDSF_1a,Xenlae,juvenile,2,2.2,NA,alive,no,Xenopus laevis,5217334,,50.768027777777775,2.7708055555555555,Heuvelland,West-Vlaanderen,flanders,"c(2.77080555555556, 50.7680277777778)",Big_pond_Eeuwenhout_bos_2024-04-03_2024-04-05,2024
212-1,Big pond Eeuwenhout bos,2024-04-03T00:00:00Z,2024-04-05T00:00:00Z,SDSF_2a,Xenlae,juvenile,24,4.8,NA,alive,no,Xenopus laevis,5217334,,50.768027777777775,2.7708055555555555,Heuvelland,West-Vlaanderen,flanders,"c(2.77080555555556, 50.7680277777778)",Big_pond_Eeuwenhout_bos_2024-04-03_2024-04-05,2024
213-1,Big pond Eeuwenhout bos,2024-04-03T00:00:00Z,2024-04-05T00:00:00Z,SDSF_2a,Xenlae,juvenile,24,5.1,NA,dead,no,Xenopus laevis,5217334,,50.768027777777775,2.7708055555555555,Heuvelland,West-Vlaanderen,flanders,"c(2.77080555555556, 50.7680277777778)",Big_pond_Eeuwenhout_bos_2024-04-03_2024-04-05,2024
214-1,Big pond Eeuwenhout bos,2024-04-03T00:00:00Z,2024-04-05T00:00:00Z,SDSF_2a,Xenlae,juvenile,21,4.9,NA,alive,no,Xenopus laevis,5217334,,50.768027777777775,2.7708055555555555,Heuvelland,West-Vlaanderen,flanders,"c(2.77080555555556, 50.7680277777778)",Big_pond_Eeuwenhout_bos_2024-04-03_2024-04-05,2024
215-1,Big pond Eeuwenhout bos,2024-04-03T00:00:00Z,2024-04-05T00:00:00Z,SDSF_2a,Xenlae,juvenile,9,3.7,NA,dead,no,Xenopus laevis,5217334,,50.768027777777775,2.7708055555555555,Heuvelland,West-Vlaanderen,flanders,"c(2.77080555555556, 50.7680277777778)",Big_pond_Eeuwenhout_bos_2024-04-03_2024-04-05,2024
216-1,Big pond Eeuwenhout bos,2024-04-03T00:00:00Z,2024-04-05T00:00:00Z,SDSF_2a,Xenlae,juvenile,5,3.1,NA,dead,no,Xenopus laevis,5217334,,50.768027777777775,2.7708055555555555,Heuvelland,West-Vlaanderen,flanders,"c(2.77080555555556, 50.7680277777778)",Big_pond_Eeuwenhout_bos_2024-04-03_2024-04-05,2024
217-1,Big pond Eeuwenhout bos,2024-04-03T00:00:00Z,2024-04-05T00:00:00Z,SDSF_2a,Xenlae,juvenile,6,3.3,NA,dead,no,Xenopus laevis,5217334,,50.768027777777775,2.7708055555555555,Heuvelland,West-Vlaanderen,flanders,"c(2.77080555555556, 50.7680277777778)",Big_pond_Eeuwenhout_bos_2024-04-03_2024-04-05,2024
218-1,Big pond Eeuwenhout bos,2024-04-03T00:00:00Z,2024-04-05T00:00:00Z,SDSF_2a,Xenlae,juvenile,9,3.3,NA,dead,no,Xenopus laevis,5217334,,50.768027777777775,2.7708055555555555,Heuvelland,West-Vlaanderen,flanders,"c(2.77080555555556, 50.7680277777778)",Big_pond_Eeuwenhout_bos_2024-04-03_2024-04-05,2024
219-1,Big pond Eeuwenhout bos,2024-04-03T00:00:00Z,2024-04-05T00:00:00Z,SDSF_2a,Xenlae,juvenile,4,2.7,NA,dead,no,Xenopus laevis,5217334,,50.768027777777775,2.7708055555555555,Heuvelland,West-Vlaanderen,flanders,"c(2.77080555555556, 50.7680277777778)",Big_pond_Eeuwenhout_bos_2024-04-03_2024-04-05,2024
220-1,Big pond Eeuwenhout bos,2024-04-03T00:00:00Z,2024-04-05T00:00:00Z,SDSF_2a,Xenlae,juvenile,3,2.6,NA,dead,no,Xenopus laevis,5217334,,50.768027777777775,2.7708055555555555,Heuvelland,West-Vlaanderen,flanders,"c(2.77080555555556, 50.7680277777778)",Big_pond_Eeuwenhout_bos_2024-04-03_2024-04-05,2024
221-1,Big pond Eeuwenhout bos,2024-04-03T00:00:00Z,2024-04-05T00:00:00Z,SDSF_2a,Xenlae,juvenile,4,3,NA,alive,no,Xenopus laevis,5217334,,50.768027777777775,2.7708055555555555,Heuvelland,West-Vlaanderen,flanders,"c(2.77080555555556, 50.7680277777778)",Big_pond_Eeuwenhout_bos_2024-04-03_2024-04-05,2024
222-1,Big pond Eeuwenhout bos,2024-04-03T00:00:00Z,2024-04-05T00:00:00Z,SDSF_2a,Xenlae,juvenile,9,3.5,NA,alive,no,Xenopus laevis,5217334,,50.768027777777775,2.7708055555555555,Heuvelland,West-Vlaanderen,flanders,"c(2.77080555555556, 50.7680277777778)",Big_pond_Eeuwenhout_bos_2024-04-03_2024-04-05,2024
223-1,Big pond Eeuwenhout bos,2024-04-03T00:00:00Z,2024-04-05T00:00:00Z,SDSF_2a,Xenlae,juvenile,6,3.4,NA,alive,no,Xenopus laevis,5217334,,50.768027777777775,2.7708055555555555,Heuvelland,West-Vlaanderen,flanders,"c(2.77080555555556, 50.7680277777778)",Big_pond_Eeuwenhout_bos_2024-04-03_2024-04-05,2024
224-1,Big pond Eeuwenhout bos,2024-04-03T00:00:00Z,2024-04-05T00:00:00Z,SDSF_2a,Xenlae,juvenile,6,4,NA,alive,no,Xenopus laevis,5217334,,50.768027777777775,2.7708055555555555,Heuvelland,West-Vlaanderen,flanders,"c(2.77080555555556, 50.7680277777778)",Big_pond_Eeuwenhout_bos_2024-04-03_2024-04-05,2024
225-1,Big pond Eeuwenhout bos,2024-04-03T00:00:00Z,2024-04-05T00:00:00Z,SDSF_2a,Xenlae,juvenile,9,4.3,NA,alive,no,Xenopus laevis,5217334,,50.768027777777775,2.7708055555555555,Heuvelland,West-Vlaanderen,flanders,"c(2.77080555555556, 50.7680277777778)",Big_pond_Eeuwenhout_bos_2024-04-03_2024-04-05,2024
226-1,Big pond Eeuwenhout bos,2024-04-03T00:00:00Z,2024-04-05T00:00:00Z,SDSF_2a,Xenlae,juvenile,8,3.5,NA,alive,no,Xenopus laevis,5217334,,50.768027777777775,2.7708055555555555,Heuvelland,West-Vlaanderen,flanders,"c(2.77080555555556, 50.7680277777778)",Big_pond_Eeuwenhout_bos_2024-04-03_2024-04-05,2024
227-1,Big pond Eeuwenhout bos,2024-04-03T00:00:00Z,2024-04-05T00:00:00Z,SDSF_2a,Xenlae,juvenile,6,3.5,NA,dead,no,Xenopus laevis,5217334,,50.768027777777775,2.7708055555555555,Heuvelland,West-Vlaanderen,flanders,"c(2.77080555555556, 50.7680277777778)",Big_pond_Eeuwenhout_bos_2024-04-03_2024-04-05,2024
228-1,Big pond Eeuwenhout bos,2024-04-03T00:00:00Z,2024-04-05T00:00:00Z,SDSF_2a,Xenlae,juvenile,5,3,NA,alive,no,Xenopus laevis,5217334,,50.768027777777775,2.7708055555555555,Heuvelland,West-Vlaanderen,flanders,"c(2.77080555555556, 50.7680277777778)",Big_pond_Eeuwenhout_bos_2024-04-03_2024-04-05,2024
229-1,Big pond Eeuwenhout bos,2024-04-03T00:00:00Z,2024-04-05T00:00:00Z,SDSF_2a,Xenlae,juvenile,7,3.9,NA,alive,no,Xenopus laevis,5217334,,50.768027777777775,2.7708055555555555,Heuvelland,West-Vlaanderen,flanders,"c(2.77080555555556, 50.7680277777778)",Big_pond_Eeuwenhout_bos_2024-04-03_2024-04-05,2024
230-1,Big pond Eeuwenhout bos,2024-04-03T00:00:00Z,2024-04-05T00:00:00Z,SDSF_2a,Xenlae,juvenile,3,2.8,NA,dead,no,Xenopus laevis,5217334,,50.768027777777775,2.7708055555555555,Heuvelland,West-Vlaanderen,flanders,"c(2.77080555555556, 50.7680277777778)",Big_pond_Eeuwenhout_bos_2024-04-03_2024-04-05,2024
231-1,Big pond Eeuwenhout bos,2024-04-03T00:00:00Z,2024-04-05T00:00:00Z,SDSF_2a,Xenlae,juvenile,8,3.9,NA,alive,no,Xenopus laevis,5217334,,50.768027777777775,2.7708055555555555,Heuvelland,West-Vlaanderen,flanders,"c(2.77080555555556, 50.7680277777778)",Big_pond_Eeuwenhout_bos_2024-04-03_2024-04-05,2024
232-1,Big pond Eeuwenhout bos,2024-04-03T00:00:00Z,2024-04-05T00:00:00Z,SDSF_2a,Xenlae,juvenile,6,3.1,NA,alive,no,Xenopus laevis,5217334,,50.768027777777775,2.7708055555555555,Heuvelland,West-Vlaanderen,flanders,"c(2.77080555555556, 50.7680277777778)",Big_pond_Eeuwenhout_bos_2024-04-03_2024-04-05,2024
233-2,Big pond Eeuwenhout bos,2024-04-03T00:00:00Z,2024-04-05T00:00:00Z,SDSF_2a,Xenlae,juvenile,5,3.1,NA,dead,no,Xenopus laevis,5217334,,50.768027777777775,2.7708055555555555,Heuvelland,West-Vlaanderen,flanders,"c(2.77080555555556, 50.7680277777778)",Big_pond_Eeuwenhout_bos_2024-04-03_2024-04-05,2024
234-1,Big pond Eeuwenhout bos,2024-04-03T00:00:00Z,2024-04-05T00:00:00Z,SDSF_2a,Xenlae,juvenile,10,3.7,NA,dead,no,Xenopus laevis,5217334,,50.768027777777775,2.7708055555555555,Heuvelland,West-Vlaanderen,flanders,"c(2.77080555555556, 50.7680277777778)",Big_pond_Eeuwenhout_bos_2024-04-03_2024-04-05,2024
235-1,Big pond Eeuwenhout bos,2024-04-03T00:00:00Z,2024-04-05T00:00:00Z,SDSF_2a,Xenlae,juvenile,5,3.1,NA,alive,no,Xenopus laevis,5217334,,50.768027777777775,2.7708055555555555,Heuvelland,West-Vlaanderen,flanders,"c(2.77080555555556, 50.7680277777778)",Big_pond_Eeuwenhout_bos_2024-04-03_2024-04-05,2024
236-2,Big pond Eeuwenhout bos,2024-04-03T00:00:00Z,2024-04-05T00:00:00Z,SDSF_2a,Xenlae,juvenile,5,3.1,NA,alive,no,Xenopus laevis,5217334,,50.768027777777775,2.7708055555555555,Heuvelland,West-Vlaanderen,flanders,"c(2.77080555555556, 50.7680277777778)",Big_pond_Eeuwenhout_bos_2024-04-03_2024-04-05,2024
237-1,Big pond Eeuwenhout bos,2024-04-03T00:00:00Z,2024-04-05T00:00:00Z,SDSF_2a,Xenlae,juvenile,10,3.7,NA,alive,no,Xenopus laevis,5217334,,50.768027777777775,2.7708055555555555,Heuvelland,West-Vlaanderen,flanders,"c(2.77080555555556, 50.7680277777778)",Big_pond_Eeuwenhout_bos_2024-04-03_2024-04-05,2024
289-1,Big pond Eeuwenhout bos,2024-04-03T00:00:00Z,2024-04-05T00:00:00Z,SDSF_3a,Xenlae,juvenile,10,3.8,NA,alive,no,Xenopus laevis,5217334,,50.768027777777775,2.7708055555555555,Heuvelland,West-Vlaanderen,flanders,"c(2.77080555555556, 50.7680277777778)",Big_pond_Eeuwenhout_bos_2024-04-03_2024-04-05,2024
290-1,Big pond Eeuwenhout bos,2024-04-03T00:00:00Z,2024-04-05T00:00:00Z,SDSF_3a,Xenlae,juvenile,9,3.8,NA,alive,no,Xenopus laevis,5217334,,50.768027777777775,2.7708055555555555,Heuvelland,West-Vlaanderen,flanders,"c(2.77080555555556, 50.7680277777778)",Big_pond_Eeuwenhout_bos_2024-04-03_2024-04-05,2024
291-1,Big pond Eeuwenhout bos,2024-04-03T00:00:00Z,2024-04-05T00:00:00Z,SDSF_3a,Xenlae,juvenile,9,4,NA,alive,no,Xenopus laevis,5217334,,50.768027777777775,2.7708055555555555,Heuvelland,West-Vlaanderen,flanders,"c(2.77080555555556, 50.7680277777778)",Big_pond_Eeuwenhout_bos_2024-04-03_2024-04-05,2024
292-1,Big pond Eeuwenhout bos,2024-04-03T00:00:00Z,2024-04-05T00:00:00Z,SDSF_3a,Xenlae,juvenile,8,3.4,NA,alive,no,Xenopus laevis,5217334,,50.768027777777775,2.7708055555555555,Heuvelland,West-Vlaanderen,flanders,"c(2.77080555555556, 50.7680277777778)",Big_pond_Eeuwenhout_bos_2024-04-03_2024-04-05,2024
293-1,Big pond Eeuwenhout bos,2024-04-03T00:00:00Z,2024-04-05T00:00:00Z,SDSF_3a,Xenlae,juvenile,4,2.9,NA,alive,no,Xenopus laevis,5217334,,50.768027777777775,2.7708055555555555,Heuvelland,West-Vlaanderen,flanders,"c(2.77080555555556, 50.7680277777778)",Big_pond_Eeuwenhout_bos_2024-04-03_2024-04-05,2024
294-1,Big pond Eeuwenhout bos,2024-04-03T00:00:00Z,2024-04-05T00:00:00Z,SDSF_3a,Xenlae,juvenile,5,3,NA,alive,no,Xenopus laevis,5217334,,50.768027777777775,2.7708055555555555,Heuvelland,West-Vlaanderen,flanders,"c(2.77080555555556, 50.7680277777778)",Big_pond_Eeuwenhout_bos_2024-04-03_2024-04-05,2024
295-1,Big pond Eeuwenhout bos,2024-04-03T00:00:00Z,2024-04-05T00:00:00Z,SDSF_3a,Xenlae,juvenile,5,3.2,NA,alive,no,Xenopus laevis,5217334,,50.768027777777775,2.7708055555555555,Heuvelland,West-Vlaanderen,flanders,"c(2.77080555555556, 50.7680277777778)",Big_pond_Eeuwenhout_bos_2024-04-03_2024-04-05,2024
296-1,Big pond Eeuwenhout bos,2024-04-03T00:00:00Z,2024-04-05T00:00:00Z,SDSF_3a,Xenlae,juvenile,4,3.4,NA,alive,no,Xenopus laevis,5217334,,50.768027777777775,2.7708055555555555,Heuvelland,West-Vlaanderen,flanders,"c(2.77080555555556, 50.7680277777778)",Big_pond_Eeuwenhout_bos_2024-04-03_2024-04-05,2024
297-1,Big pond Eeuwenhout bos,2024-04-03T00:00:00Z,2024-04-05T00:00:00Z,SDSF_3a,Xenlae,juvenile,2,2.5,NA,alive,no,Xenopus laevis,5217334,,50.768027777777775,2.7708055555555555,Heuvelland,West-Vlaanderen,flanders,"c(2.77080555555556, 50.7680277777778)",Big_pond_Eeuwenhout_bos_2024-04-03_2024-04-05,2024
298-1,Big pond Eeuwenhout bos,2024-04-03T00:00:00Z,2024-04-05T00:00:00Z,SDSF_3a,Xenlae,juvenile,7,3.7,NA,alive,no,Xenopus laevis,5217334,,50.768027777777775,2.7708055555555555,Heuvelland,West-Vlaanderen,flanders,"c(2.77080555555556, 50.7680277777778)",Big_pond_Eeuwenhout_bos_2024-04-03_2024-04-05,2024
299-1,Big pond Eeuwenhout bos,2024-04-03T00:00:00Z,2024-04-05T00:00:00Z,SDSF_3a,Xenlae,juvenile,10,4,NA,alive,no,Xenopus laevis,5217334,,50.768027777777775,2.7708055555555555,Heuvelland,West-Vlaanderen,flanders,"c(2.77080555555556, 50.7680277777778)",Big_pond_Eeuwenhout_bos_2024-04-03_2024-04-05,2024
300-1,Big pond Eeuwenhout bos,2024-04-03T00:00:00Z,2024-04-05T00:00:00Z,SDSF_3a,Xenlae,juvenile,5,3.5,NA,alive,no,Xenopus laevis,5217334,,50.768027777777775,2.7708055555555555,Heuvelland,West-Vlaanderen,flanders,"c(2.77080555555556, 50.7680277777778)",Big_pond_Eeuwenhout_bos_2024-04-03_2024-04-05,2024
301-1,Big pond Eeuwenhout bos,2024-04-03T00:00:00Z,2024-04-05T00:00:00Z,SDSF_3a,Xenlae,juvenile,6,3.7,NA,alive,no,Xenopus laevis,5217334,,50.768027777777775,2.7708055555555555,Heuvelland,West-Vlaanderen,flanders,"c(2.77080555555556, 50.7680277777778)",Big_pond_Eeuwenhout_bos_2024-04-03_2024-04-05,2024
302-1,Big pond Eeuwenhout bos,2024-04-03T00:00:00Z,2024-04-05T00:00:00Z,SDSF_3a,Xenlae,juvenile,4,3.1,NA,alive,no,Xenopus laevis,5217334,,50.768027777777775,2.7708055555555555,Heuvelland,West-Vlaanderen,flanders,"c(2.77080555555556, 50.7680277777778)",Big_pond_Eeuwenhout_bos_2024-04-03_2024-04-05,2024
303-2,Big pond Eeuwenhout bos,2024-04-03T00:00:00Z,2024-04-05T00:00:00Z,SDSF_3a,Xenlae,juvenile,4,2.9,NA,alive,no,Xenopus laevis,5217334,,50.768027777777775,2.7708055555555555,Heuvelland,West-Vlaanderen,flanders,"c(2.77080555555556, 50.7680277777778)",Big_pond_Eeuwenhout_bos_2024-04-03_2024-04-05,2024
304-1,Big pond Eeuwenhout bos,2024-04-03T00:00:00Z,2024-04-05T00:00:00Z,SDSF_3a,Xenlae,juvenile,4,3,NA,alive,no,Xenopus laevis,5217334,,50.768027777777775,2.7708055555555555,Heuvelland,West-Vlaanderen,flanders,"c(2.77080555555556, 50.7680277777778)",Big_pond_Eeuwenhout_bos_2024-04-03_2024-04-05,2024
349-1,Big pond Eeuwenhout bos,2024-04-03T00:00:00Z,2024-04-05T00:00:00Z,SDSF_4a,Xenlae,juvenile,8,3.4,NA,alive,no,Xenopus laevis,5217334,,50.768027777777775,2.7708055555555555,Heuvelland,West-Vlaanderen,flanders,"c(2.77080555555556, 50.7680277777778)",Big_pond_Eeuwenhout_bos_2024-04-03_2024-04-05,2024
350-1,Big pond Eeuwenhout bos,2024-04-03T00:00:00Z,2024-04-05T00:00:00Z,SDSF_4a,Xenlae,juvenile,6,3.7,NA,alive,no,Xenopus laevis,5217334,,50.768027777777775,2.7708055555555555,Heuvelland,West-Vlaanderen,flanders,"c(2.77080555555556, 50.7680277777778)",Big_pond_Eeuwenhout_bos_2024-04-03_2024-04-05,2024
351-1,Big pond Eeuwenhout bos,2024-04-03T00:00:00Z,2024-04-05T00:00:00Z,SDSF_4a,Xenlae,juvenile,10,4.1,NA,alive,no,Xenopus laevis,5217334,,50.768027777777775,2.7708055555555555,Heuvelland,West-Vlaanderen,flanders,"c(2.77080555555556, 50.7680277777778)",Big_pond_Eeuwenhout_bos_2024-04-03_2024-04-05,2024
352-1,Big pond Eeuwenhout bos,2024-04-03T00:00:00Z,2024-04-05T00:00:00Z,SDSF_4a,Xenlae,juvenile,6,3.6,NA,alive,no,Xenopus laevis,5217334,,50.768027777777775,2.7708055555555555,Heuvelland,West-Vlaanderen,flanders,"c(2.77080555555556, 50.7680277777778)",Big_pond_Eeuwenhout_bos_2024-04-03_2024-04-05,2024
353-1,Big pond Eeuwenhout bos,2024-04-03T00:00:00Z,2024-04-05T00:00:00Z,SDSF_4a,Xenlae,juvenile,7,4.1,NA,alive,no,Xenopus laevis,5217334,,50.768027777777775,2.7708055555555555,Heuvelland,West-Vlaanderen,flanders,"c(2.77080555555556, 50.7680277777778)",Big_pond_Eeuwenhout_bos_2024-04-03_2024-04-05,2024
354-1,Big pond Eeuwenhout bos,2024-04-03T00:00:00Z,2024-04-05T00:00:00Z,SDSF_4a,Xenlae,juvenile,2,2.2,NA,alive,no,Xenopus laevis,5217334,,50.768027777777775,2.7708055555555555,Heuvelland,West-Vlaanderen,flanders,"c(2.77080555555556, 50.7680277777778)",Big_pond_Eeuwenhout_bos_2024-04-03_2024-04-05,2024
355-1,Big pond Eeuwenhout bos,2024-04-03T00:00:00Z,2024-04-05T00:00:00Z,SDSF_4a,Xenlae,juvenile,4,3.4,NA,alive,no,Xenopus laevis,5217334,,50.768027777777775,2.7708055555555555,Heuvelland,West-Vlaanderen,flanders,"c(2.77080555555556, 50.7680277777778)",Big_pond_Eeuwenhout_bos_2024-04-03_2024-04-05,2024
360-1,Big pond Eeuwenhout bos,2024-04-03T00:00:00Z,2024-04-05T00:00:00Z,SDSF_5a,Xenlae,juvenile,4,3,NA,alive,no,Xenopus laevis,5217334,,50.768027777777775,2.7708055555555555,Heuvelland,West-Vlaanderen,flanders,"c(2.77080555555556, 50.7680277777778)",Big_pond_Eeuwenhout_bos_2024-04-03_2024-04-05,2024
361-1,Big pond Eeuwenhout bos,2024-04-03T00:00:00Z,2024-04-05T00:00:00Z,SDSF_5a,Xenlae,juvenile,5,3.1,NA,alive,no,Xenopus laevis,5217334,,50.768027777777775,2.7708055555555555,Heuvelland,West-Vlaanderen,flanders,"c(2.77080555555556, 50.7680277777778)",Big_pond_Eeuwenhout_bos_2024-04-03_2024-04-05,2024
362-2,Big pond Eeuwenhout bos,2024-04-03T00:00:00Z,2024-04-05T00:00:00Z,SDSF_5a,Xenlae,juvenile,4,3,NA,alive,no,Xenopus laevis,5217334,,50.768027777777775,2.7708055555555555,Heuvelland,West-Vlaanderen,flanders,"c(2.77080555555556, 50.7680277777778)",Big_pond_Eeuwenhout_bos_2024-04-03_2024-04-05,2024
363-1,Big pond Eeuwenhout bos,2024-04-03T00:00:00Z,2024-04-05T00:00:00Z,SDSF_5a,Xenlae,juvenile,6,3.7,NA,alive,no,Xenopus laevis,5217334,,50.768027777777775,2.7708055555555555,Heuvelland,West-Vlaanderen,flanders,"c(2.77080555555556, 50.7680277777778)",Big_pond_Eeuwenhout_bos_2024-04-03_2024-04-05,2024
364-1,Big pond Eeuwenhout bos,2024-04-03T00:00:00Z,2024-04-05T00:00:00Z,SDSF_5a,Xenlae,juvenile,4,3.4,NA,alive,no,Xenopus laevis,5217334,,50.768027777777775,2.7708055555555555,Heuvelland,West-Vlaanderen,flanders,"c(2.77080555555556, 50.7680277777778)",Big_pond_Eeuwenhout_bos_2024-04-03_2024-04-05,2024
407-1,Big pond Eeuwenhout bos,2024-05-06T00:00:00Z,2024-05-07T00:00:00Z,SDSF_1a,Xenlae,subadult,30,6.8,NA,alive,no,Xenopus laevis,5217334,,50.768027777777775,2.7708055555555555,Heuvelland,West-Vlaanderen,flanders,"c(2.77080555555556, 50.7680277777778)",Big_pond_Eeuwenhout_bos_2024-05-06_2024-05-07,2024
408-1,Big pond Eeuwenhout bos,2024-05-06T00:00:00Z,2024-05-07T00:00:00Z,SDSF_1a,Xenlae,juvenile,13,5,NA,alive,no,Xenopus laevis,5217334,,50.768027777777775,2.7708055555555555,Heuvelland,West-Vlaanderen,flanders,"c(2.77080555555556, 50.7680277777778)",Big_pond_Eeuwenhout_bos_2024-05-06_2024-05-07,2024
409-1,Big pond Eeuwenhout bos,2024-05-06T00:00:00Z,2024-05-07T00:00:00Z,SDSF_1a,Xenlae,juvenile,13,4.9,NA,alive,no,Xenopus laevis,5217334,,50.768027777777775,2.7708055555555555,Heuvelland,West-Vlaanderen,flanders,"c(2.77080555555556, 50.7680277777778)",Big_pond_Eeuwenhout_bos_2024-05-06_2024-05-07,2024
410-1,Big pond Eeuwenhout bos,2024-05-06T00:00:00Z,2024-05-07T00:00:00Z,SDSF_1a,Xenlae,juvenile,6,4.2,NA,alive,no,Xenopus laevis,5217334,,50.768027777777775,2.7708055555555555,Heuvelland,West-Vlaanderen,flanders,"c(2.77080555555556, 50.7680277777778)",Big_pond_Eeuwenhout_bos_2024-05-06_2024-05-07,2024
411-1,Big pond Eeuwenhout bos,2024-05-06T00:00:00Z,2024-05-07T00:00:00Z,SDSF_1a,Xenlae,juvenile,10,4.2,NA,alive,no,Xenopus laevis,5217334,,50.768027777777775,2.7708055555555555,Heuvelland,West-Vlaanderen,flanders,"c(2.77080555555556, 50.7680277777778)",Big_pond_Eeuwenhout_bos_2024-05-06_2024-05-07,2024
412-1,Big pond Eeuwenhout bos,2024-05-06T00:00:00Z,2024-05-07T00:00:00Z,SDSF_1a,Xenlae,juvenile,9,4.5,NA,alive,no,Xenopus laevis,5217334,,50.768027777777775,2.7708055555555555,Heuvelland,West-Vlaanderen,flanders,"c(2.77080555555556, 50.7680277777778)",Big_pond_Eeuwenhout_bos_2024-05-06_2024-05-07,2024
413-1,Big pond Eeuwenhout bos,2024-05-06T00:00:00Z,2024-05-07T00:00:00Z,SDSF_1a,Xenlae,juvenile,8,4.2,NA,alive,no,Xenopus laevis,5217334,,50.768027777777775,2.7708055555555555,Heuvelland,West-Vlaanderen,flanders,"c(2.77080555555556, 50.7680277777778)",Big_pond_Eeuwenhout_bos_2024-05-06_2024-05-07,2024
414-1,Big pond Eeuwenhout bos,2024-05-06T00:00:00Z,2024-05-07T00:00:00Z,SDSF_1a,Xenlae,juvenile,11,4.6,NA,alive,no,Xenopus laevis,5217334,,50.768027777777775,2.7708055555555555,Heuvelland,West-Vlaanderen,flanders,"c(2.77080555555556, 50.7680277777778)",Big_pond_Eeuwenhout_bos_2024-05-06_2024-05-07,2024
415-1,Big pond Eeuwenhout bos,2024-05-06T00:00:00Z,2024-05-07T00:00:00Z,SDSF_1a,Xenlae,juvenile,10,4.7,NA,alive,no,Xenopus laevis,5217334,,50.768027777777775,2.7708055555555555,Heuvelland,West-Vlaanderen,flanders,"c(2.77080555555556, 50.7680277777778)",Big_pond_Eeuwenhout_bos_2024-05-06_2024-05-07,2024
416-1,Big pond Eeuwenhout bos,2024-05-06T00:00:00Z,2024-05-07T00:00:00Z,SDSF_1a,Xenlae,juvenile,14,5.1,NA,alive,no,Xenopus laevis,5217334,,50.768027777777775,2.7708055555555555,Heuvelland,West-Vlaanderen,flanders,"c(2.77080555555556, 50.7680277777778)",Big_pond_Eeuwenhout_bos_2024-05-06_2024-05-07,2024
417-1,Big pond Eeuwenhout bos,2024-05-06T00:00:00Z,2024-05-07T00:00:00Z,SDSF_1a,Xenlae,juvenile,7,4.6,NA,alive,no,Xenopus laevis,5217334,,50.768027777777775,2.7708055555555555,Heuvelland,West-Vlaanderen,flanders,"c(2.77080555555556, 50.7680277777778)",Big_pond_Eeuwenhout_bos_2024-05-06_2024-05-07,2024
418-1,Big pond Eeuwenhout bos,2024-05-06T00:00:00Z,2024-05-07T00:00:00Z,SDSF_1a,Xenlae,juvenile,4,3.9,NA,alive,no,Xenopus laevis,5217334,,50.768027777777775,2.7708055555555555,Heuvelland,West-Vlaanderen,flanders,"c(2.77080555555556, 50.7680277777778)",Big_pond_Eeuwenhout_bos_2024-05-06_2024-05-07,2024
419-2,Big pond Eeuwenhout bos,2024-05-06T00:00:00Z,2024-05-07T00:00:00Z,SDSF_1a,Xenlae,juvenile,8,4.2,NA,alive,no,Xenopus laevis,5217334,,50.768027777777775,2.7708055555555555,Heuvelland,West-Vlaanderen,flanders,"c(2.77080555555556, 50.7680277777778)",Big_pond_Eeuwenhout_bos_2024-05-06_2024-05-07,2024
420-1,Big pond Eeuwenhout bos,2024-05-06T00:00:00Z,2024-05-07T00:00:00Z,SDSF_1a,Xenlae,juvenile,8,4.4,NA,alive,no,Xenopus laevis,5217334,,50.768027777777775,2.7708055555555555,Heuvelland,West-Vlaanderen,flanders,"c(2.77080555555556, 50.7680277777778)",Big_pond_Eeuwenhout_bos_2024-05-06_2024-05-07,2024
421-1,Big pond Eeuwenhout bos,2024-05-06T00:00:00Z,2024-05-07T00:00:00Z,SDSF_1a,Xenlae,juvenile,5,3.6,NA,alive,no,Xenopus laevis,5217334,,50.768027777777775,2.7708055555555555,Heuvelland,West-Vlaanderen,flanders,"c(2.77080555555556, 50.7680277777778)",Big_pond_Eeuwenhout_bos_2024-05-06_2024-05-07,2024
422-1,Big pond Eeuwenhout bos,2024-05-06T00:00:00Z,2024-05-07T00:00:00Z,SDSF_1a,Xenlae,juvenile,6,4.1,NA,alive,no,Xenopus laevis,5217334,,50.768027777777775,2.7708055555555555,Heuvelland,West-Vlaanderen,flanders,"c(2.77080555555556, 50.7680277777778)",Big_pond_Eeuwenhout_bos_2024-05-06_2024-05-07,2024
423-1,Big pond Eeuwenhout bos,2024-05-06T00:00:00Z,2024-05-07T00:00:00Z,SDSF_2a,Xenlae,juvenile,6,4,NA,alive,no,Xenopus laevis,5217334,,50.768027777777775,2.7708055555555555,Heuvelland,West-Vlaanderen,flanders,"c(2.77080555555556, 50.7680277777778)",Big_pond_Eeuwenhout_bos_2024-05-06_2024-05-07,2024
424-1,Big pond Eeuwenhout bos,2024-05-06T00:00:00Z,2024-05-07T00:00:00Z,SDSF_2a,Xenlae,juvenile,11,4.7,NA,alive,no,Xenopus laevis,5217334,,50.768027777777775,2.7708055555555555,Heuvelland,West-Vlaanderen,flanders,"c(2.77080555555556, 50.7680277777778)",Big_pond_Eeuwenhout_bos_2024-05-06_2024-05-07,2024
425-1,Big pond Eeuwenhout bos,2024-05-06T00:00:00Z,2024-05-07T00:00:00Z,SDSF_2a,Xenlae,subadult,31,6.9,NA,alive,no,Xenopus laevis,5217334,,50.768027777777775,2.7708055555555555,Heuvelland,West-Vlaanderen,flanders,"c(2.77080555555556, 50.7680277777778)",Big_pond_Eeuwenhout_bos_2024-05-06_2024-05-07,2024
426-1,Big pond Eeuwenhout bos,2024-05-06T00:00:00Z,2024-05-07T00:00:00Z,SDSF_2a,Xenlae,subadult,24,5.9,NA,alive,no,Xenopus laevis,5217334,,50.768027777777775,2.7708055555555555,Heuvelland,West-Vlaanderen,flanders,"c(2.77080555555556, 50.7680277777778)",Big_pond_Eeuwenhout_bos_2024-05-06_2024-05-07,2024
427-1,Big pond Eeuwenhout bos,2024-05-06T00:00:00Z,2024-05-07T00:00:00Z,SDSF_2a,Xenlae,juvenile,12,4.8,NA,alive,no,Xenopus laevis,5217334,,50.768027777777775,2.7708055555555555,Heuvelland,West-Vlaanderen,flanders,"c(2.77080555555556, 50.7680277777778)",Big_pond_Eeuwenhout_bos_2024-05-06_2024-05-07,2024
428-1,Big pond Eeuwenhout bos,2024-05-06T00:00:00Z,2024-05-07T00:00:00Z,SDSF_2a,Xenlae,juvenile,14,5.1,NA,alive,no,Xenopus laevis,5217334,,50.768027777777775,2.7708055555555555,Heuvelland,West-Vlaanderen,flanders,"c(2.77080555555556, 50.7680277777778)",Big_pond_Eeuwenhout_bos_2024-05-06_2024-05-07,2024
429-1,Big pond Eeuwenhout bos,2024-05-06T00:00:00Z,2024-05-07T00:00:00Z,SDSF_2a,Xenlae,juvenile,16,5.4,NA,alive,no,Xenopus laevis,5217334,,50.768027777777775,2.7708055555555555,Heuvelland,West-Vlaanderen,flanders,"c(2.77080555555556, 50.7680277777778)",Big_pond_Eeuwenhout_bos_2024-05-06_2024-05-07,2024
430-1,Big pond Eeuwenhout bos,2024-05-06T00:00:00Z,2024-05-07T00:00:00Z,SDSF_2a,Xenlae,juvenile,6,3.7,NA,alive,no,Xenopus laevis,5217334,,50.768027777777775,2.7708055555555555,Heuvelland,West-Vlaanderen,flanders,"c(2.77080555555556, 50.7680277777778)",Big_pond_Eeuwenhout_bos_2024-05-06_2024-05-07,2024
431-1,Big pond Eeuwenhout bos,2024-05-06T00:00:00Z,2024-05-07T00:00:00Z,SDSF_2a,Xenlae,juvenile,8,4.2,NA,alive,no,Xenopus laevis,5217334,,50.768027777777775,2.7708055555555555,Heuvelland,West-Vlaanderen,flanders,"c(2.77080555555556, 50.7680277777778)",Big_pond_Eeuwenhout_bos_2024-05-06_2024-05-07,2024
432-1,Big pond Eeuwenhout bos,2024-05-06T00:00:00Z,2024-05-07T00:00:00Z,SDSF_2a,Xenlae,juvenile,6,3.9,NA,alive,no,Xenopus laevis,5217334,,50.768027777777775,2.7708055555555555,Heuvelland,West-Vlaanderen,flanders,"c(2.77080555555556, 50.7680277777778)",Big_pond_Eeuwenhout_bos_2024-05-06_2024-05-07,2024
434-1,Big pond Eeuwenhout bos,2024-05-06T00:00:00Z,2024-05-07T00:00:00Z,SDSF_3a,Xenlae,juvenile,12,4.8,NA,alive,no,Xenopus laevis,5217334,,50.768027777777775,2.7708055555555555,Heuvelland,West-Vlaanderen,flanders,"c(2.77080555555556, 50.7680277777778)",Big_pond_Eeuwenhout_bos_2024-05-06_2024-05-07,2024
435-1,Big pond Eeuwenhout bos,2024-05-06T00:00:00Z,2024-05-07T00:00:00Z,SDSF_3a,Xenlae,subadult,26,6.1,NA,alive,no,Xenopus laevis,5217334,,50.768027777777775,2.7708055555555555,Heuvelland,West-Vlaanderen,flanders,"c(2.77080555555556, 50.7680277777778)",Big_pond_Eeuwenhout_bos_2024-05-06_2024-05-07,2024
436-1,Big pond Eeuwenhout bos,2024-05-06T00:00:00Z,2024-05-07T00:00:00Z,SDSF_3a,Xenlae,juvenile,15,5.5,NA,alive,no,Xenopus laevis,5217334,,50.768027777777775,2.7708055555555555,Heuvelland,West-Vlaanderen,flanders,"c(2.77080555555556, 50.7680277777778)",Big_pond_Eeuwenhout_bos_2024-05-06_2024-05-07,2024
437-1,Big pond Eeuwenhout bos,2024-05-06T00:00:00Z,2024-05-07T00:00:00Z,SDSF_3a,Xenlae,juvenile,5,3.7,NA,alive,no,Xenopus laevis,5217334,,50.768027777777775,2.7708055555555555,Heuvelland,West-Vlaanderen,flanders,"c(2.77080555555556, 50.7680277777778)",Big_pond_Eeuwenhout_bos_2024-05-06_2024-05-07,2024
438-1,Big pond Eeuwenhout bos,2024-05-06T00:00:00Z,2024-05-07T00:00:00Z,SDSF_3a,Xenlae,juvenile,10,4.5,NA,alive,no,Xenopus laevis,5217334,,50.768027777777775,2.7708055555555555,Heuvelland,West-Vlaanderen,flanders,"c(2.77080555555556, 50.7680277777778)",Big_pond_Eeuwenhout_bos_2024-05-06_2024-05-07,2024
439-1,Big pond Eeuwenhout bos,2024-05-06T00:00:00Z,2024-05-07T00:00:00Z,SDSF_3a,Xenlae,juvenile,11,5,NA,alive,no,Xenopus laevis,5217334,,50.768027777777775,2.7708055555555555,Heuvelland,West-Vlaanderen,flanders,"c(2.77080555555556, 50.7680277777778)",Big_pond_Eeuwenhout_bos_2024-05-06_2024-05-07,2024
440-1,Big pond Eeuwenhout bos,2024-05-06T00:00:00Z,2024-05-07T00:00:00Z,SDSF_3a,Xenlae,juvenile,16,5,NA,alive,no,Xenopus laevis,5217334,,50.768027777777775,2.7708055555555555,Heuvelland,West-Vlaanderen,flanders,"c(2.77080555555556, 50.7680277777778)",Big_pond_Eeuwenhout_bos_2024-05-06_2024-05-07,2024
441-1,Big pond Eeuwenhout bos,2024-05-06T00:00:00Z,2024-05-07T00:00:00Z,SDSF_3a,Xenlae,juvenile,9,4.6,NA,alive,no,Xenopus laevis,5217334,,50.768027777777775,2.7708055555555555,Heuvelland,West-Vlaanderen,flanders,"c(2.77080555555556, 50.7680277777778)",Big_pond_Eeuwenhout_bos_2024-05-06_2024-05-07,2024
442-1,Big pond Eeuwenhout bos,2024-05-06T00:00:00Z,2024-05-07T00:00:00Z,SDSF_3a,Xenlae,juvenile,13,4.6,NA,alive,no,Xenopus laevis,5217334,,50.768027777777775,2.7708055555555555,Heuvelland,West-Vlaanderen,flanders,"c(2.77080555555556, 50.7680277777778)",Big_pond_Eeuwenhout_bos_2024-05-06_2024-05-07,2024
443-1,Big pond Eeuwenhout bos,2024-05-06T00:00:00Z,2024-05-07T00:00:00Z,SDSF_3a,Xenlae,juvenile,10,4.7,NA,alive,no,Xenopus laevis,5217334,,50.768027777777775,2.7708055555555555,Heuvelland,West-Vlaanderen,flanders,"c(2.77080555555556, 50.7680277777778)",Big_pond_Eeuwenhout_bos_2024-05-06_2024-05-07,2024
444-1,Big pond Eeuwenhout bos,2024-05-06T00:00:00Z,2024-05-07T00:00:00Z,SDSF_3a,Xenlae,juvenile,14,4.7,NA,alive,no,Xenopus laevis,5217334,,50.768027777777775,2.7708055555555555,Heuvelland,West-Vlaanderen,flanders,"c(2.77080555555556, 50.7680277777778)",Big_pond_Eeuwenhout_bos_2024-05-06_2024-05-07,2024
445-1,Big pond Eeuwenhout bos,2024-05-06T00:00:00Z,2024-05-07T00:00:00Z,SDSF_3a,Xenlae,juvenile,11,4.5,NA,alive,no,Xenopus laevis,5217334,,50.768027777777775,2.7708055555555555,Heuvelland,West-Vlaanderen,flanders,"c(2.77080555555556, 50.7680277777778)",Big_pond_Eeuwenhout_bos_2024-05-06_2024-05-07,2024
446-1,Big pond Eeuwenhout bos,2024-05-06T00:00:00Z,2024-05-07T00:00:00Z,SDSF_3a,Xenlae,juvenile,11,4.6,NA,alive,no,Xenopus laevis,5217334,,50.768027777777775,2.7708055555555555,Heuvelland,West-Vlaanderen,flanders,"c(2.77080555555556, 50.7680277777778)",Big_pond_Eeuwenhout_bos_2024-05-06_2024-05-07,2024
447-1,Big pond Eeuwenhout bos,2024-05-06T00:00:00Z,2024-05-07T00:00:00Z,SDSF_3a,Xenlae,juvenile,6,3.8,NA,alive,no,Xenopus laevis,5217334,,50.768027777777775,2.7708055555555555,Heuvelland,West-Vlaanderen,flanders,"c(2.77080555555556, 50.7680277777778)",Big_pond_Eeuwenhout_bos_2024-05-06_2024-05-07,2024
448-1,Big pond Eeuwenhout bos,2024-05-06T00:00:00Z,2024-05-07T00:00:00Z,SDSF_3a,Xenlae,juvenile,5,3.6,NA,alive,no,Xenopus laevis,5217334,,50.768027777777775,2.7708055555555555,Heuvelland,West-Vlaanderen,flanders,"c(2.77080555555556, 50.7680277777778)",Big_pond_Eeuwenhout_bos_2024-05-06_2024-05-07,2024
449-2,Big pond Eeuwenhout bos,2024-05-06T00:00:00Z,2024-05-07T00:00:00Z,SDSF_3a,Xenlae,juvenile,10,4.5,NA,alive,no,Xenopus laevis,5217334,,50.768027777777775,2.7708055555555555,Heuvelland,West-Vlaanderen,flanders,"c(2.77080555555556, 50.7680277777778)",Big_pond_Eeuwenhout_bos_2024-05-06_2024-05-07,2024
450-1,Big pond Eeuwenhout bos,2024-05-06T00:00:00Z,2024-05-07T00:00:00Z,SDSF_3a,Xenlae,juvenile,11,4.7,NA,alive,no,Xenopus laevis,5217334,,50.768027777777775,2.7708055555555555,Heuvelland,West-Vlaanderen,flanders,"c(2.77080555555556, 50.7680277777778)",Big_pond_Eeuwenhout_bos_2024-05-06_2024-05-07,2024
451-1,Big pond Eeuwenhout bos,2024-05-06T00:00:00Z,2024-05-07T00:00:00Z,SDSF_3a,Xenlae,juvenile,10,4.2,NA,alive,no,Xenopus laevis,5217334,,50.768027777777775,2.7708055555555555,Heuvelland,West-Vlaanderen,flanders,"c(2.77080555555556, 50.7680277777778)",Big_pond_Eeuwenhout_bos_2024-05-06_2024-05-07,2024
452-1,Big pond Eeuwenhout bos,2024-05-06T00:00:00Z,2024-05-07T00:00:00Z,SDSF_3a,Xenlae,juvenile,8,4.5,NA,alive,no,Xenopus laevis,5217334,,50.768027777777775,2.7708055555555555,Heuvelland,West-Vlaanderen,flanders,"c(2.77080555555556, 50.7680277777778)",Big_pond_Eeuwenhout_bos_2024-05-06_2024-05-07,2024
453-2,Big pond Eeuwenhout bos,2024-05-06T00:00:00Z,2024-05-07T00:00:00Z,SDSF_3a,Xenlae,juvenile,13,4.6,NA,alive,no,Xenopus laevis,5217334,,50.768027777777775,2.7708055555555555,Heuvelland,West-Vlaanderen,flanders,"c(2.77080555555556, 50.7680277777778)",Big_pond_Eeuwenhout_bos_2024-05-06_2024-05-07,2024
454-1,Big pond Eeuwenhout bos,2024-05-06T00:00:00Z,2024-05-07T00:00:00Z,SDSF_3a,Xenlae,juvenile,11,4.4,NA,alive,no,Xenopus laevis,5217334,,50.768027777777775,2.7708055555555555,Heuvelland,West-Vlaanderen,flanders,"c(2.77080555555556, 50.7680277777778)",Big_pond_Eeuwenhout_bos_2024-05-06_2024-05-07,2024
455-1,Big pond Eeuwenhout bos,2024-05-06T00:00:00Z,2024-05-07T00:00:00Z,SDSF_3a,Xenlae,juvenile,9,4.4,NA,alive,no,Xenopus laevis,5217334,,50.768027777777775,2.7708055555555555,Heuvelland,West-Vlaanderen,flanders,"c(2.77080555555556, 50.7680277777778)",Big_pond_Eeuwenhout_bos_2024-05-06_2024-05-07,2024
456-1,Big pond Eeuwenhout bos,2024-05-06T00:00:00Z,2024-05-07T00:00:00Z,SDSF_3a,Xenlae,juvenile,12,4.3,NA,alive,no,Xenopus laevis,5217334,,50.768027777777775,2.7708055555555555,Heuvelland,West-Vlaanderen,flanders,"c(2.77080555555556, 50.7680277777778)",Big_pond_Eeuwenhout_bos_2024-05-06_2024-05-07,2024
457-3,Big pond Eeuwenhout bos,2024-05-06T00:00:00Z,2024-05-07T00:00:00Z,SDSF_3a,Xenlae,juvenile,13,4.6,NA,alive,no,Xenopus laevis,5217334,,50.768027777777775,2.7708055555555555,Heuvelland,West-Vlaanderen,flanders,"c(2.77080555555556, 50.7680277777778)",Big_pond_Eeuwenhout_bos_2024-05-06_2024-05-07,2024
458-1,Big pond Eeuwenhout bos,2024-05-06T00:00:00Z,2024-05-07T00:00:00Z,SDSF_3a,Xenlae,juvenile,8,4.3,NA,alive,no,Xenopus laevis,5217334,,50.768027777777775,2.7708055555555555,Heuvelland,West-Vlaanderen,flanders,"c(2.77080555555556, 50.7680277777778)",Big_pond_Eeuwenhout_bos_2024-05-06_2024-05-07,2024
459-1,Big pond Eeuwenhout bos,2024-05-06T00:00:00Z,2024-05-07T00:00:00Z,SDSF_3a,Xenlae,juvenile,5,3.8,NA,alive,no,Xenopus laevis,5217334,,50.768027777777775,2.7708055555555555,Heuvelland,West-Vlaanderen,flanders,"c(2.77080555555556, 50.7680277777778)",Big_pond_Eeuwenhout_bos_2024-05-06_2024-05-07,2024
460-2,Big pond Eeuwenhout bos,2024-05-06T00:00:00Z,2024-05-07T00:00:00Z,SDSF_3a,Xenlae,juvenile,11,4.5,NA,alive,no,Xenopus laevis,5217334,,50.768027777777775,2.7708055555555555,Heuvelland,West-Vlaanderen,flanders,"c(2.77080555555556, 50.7680277777778)",Big_pond_Eeuwenhout_bos_2024-05-06_2024-05-07,2024
461-2,Big pond Eeuwenhout bos,2024-05-06T00:00:00Z,2024-05-07T00:00:00Z,SDSF_3a,Xenlae,juvenile,8,4.3,NA,alive,no,Xenopus laevis,5217334,,50.768027777777775,2.7708055555555555,Heuvelland,West-Vlaanderen,flanders,"c(2.77080555555556, 50.7680277777778)",Big_pond_Eeuwenhout_bos_2024-05-06_2024-05-07,2024
462-1,Big pond Eeuwenhout bos,2024-05-06T00:00:00Z,2024-05-07T00:00:00Z,SDSF_3a,Xenlae,juvenile,7,4.1,NA,alive,no,Xenopus laevis,5217334,,50.768027777777775,2.7708055555555555,Heuvelland,West-Vlaanderen,flanders,"c(2.77080555555556, 50.7680277777778)",Big_pond_Eeuwenhout_bos_2024-05-06_2024-05-07,2024
463-1,Big pond Eeuwenhout bos,2024-05-06T00:00:00Z,2024-05-07T00:00:00Z,SDSF_3a,Xenlae,juvenile,5,4,NA,alive,no,Xenopus laevis,5217334,,50.768027777777775,2.7708055555555555,Heuvelland,West-Vlaanderen,flanders,"c(2.77080555555556, 50.7680277777778)",Big_pond_Eeuwenhout_bos_2024-05-06_2024-05-07,2024
464-1,Big pond Eeuwenhout bos,2024-05-06T00:00:00Z,2024-05-07T00:00:00Z,SDSF_3a,Xenlae,juvenile,3,3.4,NA,alive,no,Xenopus laevis,5217334,,50.768027777777775,2.7708055555555555,Heuvelland,West-Vlaanderen,flanders,"c(2.77080555555556, 50.7680277777778)",Big_pond_Eeuwenhout_bos_2024-05-06_2024-05-07,2024
465-1,Big pond Eeuwenhout bos,2024-05-06T00:00:00Z,2024-05-07T00:00:00Z,SDSF_4a,Xenlae,subadult,31,6.9,NA,alive,no,Xenopus laevis,5217334,,50.768027777777775,2.7708055555555555,Heuvelland,West-Vlaanderen,flanders,"c(2.77080555555556, 50.7680277777778)",Big_pond_Eeuwenhout_bos_2024-05-06_2024-05-07,2024
466-1,Big pond Eeuwenhout bos,2024-05-06T00:00:00Z,2024-05-07T00:00:00Z,SDSF_4a,Xenlae,juvenile,8,4.2,NA,alive,no,Xenopus laevis,5217334,,50.768027777777775,2.7708055555555555,Heuvelland,West-Vlaanderen,flanders,"c(2.77080555555556, 50.7680277777778)",Big_pond_Eeuwenhout_bos_2024-05-06_2024-05-07,2024
467-1,Big pond Eeuwenhout bos,2024-05-06T00:00:00Z,2024-05-07T00:00:00Z,SDSF_4a,Xenlae,subadult,30,6.6,NA,alive,no,Xenopus laevis,5217334,,50.768027777777775,2.7708055555555555,Heuvelland,West-Vlaanderen,flanders,"c(2.77080555555556, 50.7680277777778)",Big_pond_Eeuwenhout_bos_2024-05-06_2024-05-07,2024
468-1,Big pond Eeuwenhout bos,2024-05-06T00:00:00Z,2024-05-07T00:00:00Z,SDSF_4a,Xenlae,juvenile,12,5.1,NA,alive,no,Xenopus laevis,5217334,,50.768027777777775,2.7708055555555555,Heuvelland,West-Vlaanderen,flanders,"c(2.77080555555556, 50.7680277777778)",Big_pond_Eeuwenhout_bos_2024-05-06_2024-05-07,2024
469-1,Big pond Eeuwenhout bos,2024-05-06T00:00:00Z,2024-05-07T00:00:00Z,SDSF_4a,Xenlae,juvenile,9,4.4,NA,alive,no,Xenopus laevis,5217334,,50.768027777777775,2.7708055555555555,Heuvelland,West-Vlaanderen,flanders,"c(2.77080555555556, 50.7680277777778)",Big_pond_Eeuwenhout_bos_2024-05-06_2024-05-07,2024
470-1,Big pond Eeuwenhout bos,2024-05-06T00:00:00Z,2024-05-07T00:00:00Z,SDSF_4a,Xenlae,juvenile,11,4.6,NA,alive,no,Xenopus laevis,5217334,,50.768027777777775,2.7708055555555555,Heuvelland,West-Vlaanderen,flanders,"c(2.77080555555556, 50.7680277777778)",Big_pond_Eeuwenhout_bos_2024-05-06_2024-05-07,2024
471-1,Big pond Eeuwenhout bos,2024-05-06T00:00:00Z,2024-05-07T00:00:00Z,SDSF_4a,Xenlae,juvenile,6,3.9,NA,alive,no,Xenopus laevis,5217334,,50.768027777777775,2.7708055555555555,Heuvelland,West-Vlaanderen,flanders,"c(2.77080555555556, 50.7680277777778)",Big_pond_Eeuwenhout_bos_2024-05-06_2024-05-07,2024
472-1,Big pond Eeuwenhout bos,2024-05-06T00:00:00Z,2024-05-07T00:00:00Z,SDSF_4a,Xenlae,juvenile,4,3.4,NA,alive,no,Xenopus laevis,5217334,,50.768027777777775,2.7708055555555555,Heuvelland,West-Vlaanderen,flanders,"c(2.77080555555556, 50.7680277777778)",Big_pond_Eeuwenhout_bos_2024-05-06_2024-05-07,2024
479-1,Big pond Eeuwenhout bos,2024-05-06T00:00:00Z,2024-05-07T00:00:00Z,SDSF_5a,Xenlae,subadult,29,6.4,NA,alive,no,Xenopus laevis,5217334,,50.768027777777775,2.7708055555555555,Heuvelland,West-Vlaanderen,flanders,"c(2.77080555555556, 50.7680277777778)",Big_pond_Eeuwenhout_bos_2024-05-06_2024-05-07,2024
480-1,Big pond Eeuwenhout bos,2024-05-06T00:00:00Z,2024-05-07T00:00:00Z,SDSF_5a,Xenlae,juvenile,11,4.6,NA,alive,no,Xenopus laevis,5217334,,50.768027777777775,2.7708055555555555,Heuvelland,West-Vlaanderen,flanders,"c(2.77080555555556, 50.7680277777778)",Big_pond_Eeuwenhout_bos_2024-05-06_2024-05-07,2024
481-1,Big pond Eeuwenhout bos,2024-05-06T00:00:00Z,2024-05-07T00:00:00Z,SDSF_5a,Xenlae,juvenile,8,4.3,NA,alive,no,Xenopus laevis,5217334,,50.768027777777775,2.7708055555555555,Heuvelland,West-Vlaanderen,flanders,"c(2.77080555555556, 50.7680277777778)",Big_pond_Eeuwenhout_bos_2024-05-06_2024-05-07,2024
487-1,Big pond Eeuwenhout bos,2024-05-06T00:00:00Z,2024-05-07T00:00:00Z,SDSF_6a,Xenlae,subadult,28,6.4,NA,alive,no,Xenopus laevis,5217334,,50.768027777777775,2.7708055555555555,Heuvelland,West-Vlaanderen,flanders,"c(2.77080555555556, 50.7680277777778)",Big_pond_Eeuwenhout_bos_2024-05-06_2024-05-07,2024
488-1,Big pond Eeuwenhout bos,2024-05-06T00:00:00Z,2024-05-07T00:00:00Z,SDSF_6a,Xenlae,subadult,35,6.7,NA,alive,no,Xenopus laevis,5217334,,50.768027777777775,2.7708055555555555,Heuvelland,West-Vlaanderen,flanders,"c(2.77080555555556, 50.7680277777778)",Big_pond_Eeuwenhout_bos_2024-05-06_2024-05-07,2024
489-1,Big pond Eeuwenhout bos,2024-05-06T00:00:00Z,2024-05-07T00:00:00Z,SDSF_6a,Xenlae,juvenile,9,4.4,NA,alive,no,Xenopus laevis,5217334,,50.768027777777775,2.7708055555555555,Heuvelland,West-Vlaanderen,flanders,"c(2.77080555555556, 50.7680277777778)",Big_pond_Eeuwenhout_bos_2024-05-06_2024-05-07,2024
490-1,Big pond Eeuwenhout bos,2024-05-06T00:00:00Z,2024-05-07T00:00:00Z,SDSF_6a,Xenlae,juvenile,12,5.1,NA,alive,no,Xenopus laevis,5217334,,50.768027777777775,2.7708055555555555,Heuvelland,West-Vlaanderen,flanders,"c(2.77080555555556, 50.7680277777778)",Big_pond_Eeuwenhout_bos_2024-05-06_2024-05-07,2024
491-1,Big pond Eeuwenhout bos,2024-05-06T00:00:00Z,2024-05-07T00:00:00Z,SDSF_6a,Xenlae,juvenile,4,3.7,NA,alive,no,Xenopus laevis,5217334,,50.768027777777775,2.7708055555555555,Heuvelland,West-Vlaanderen,flanders,"c(2.77080555555556, 50.7680277777778)",Big_pond_Eeuwenhout_bos_2024-05-06_2024-05-07,2024
492-1,Big pond Eeuwenhout bos,2024-05-06T00:00:00Z,2024-05-07T00:00:00Z,SDSF_6a,Xenlae,juvenile,14,5.4,NA,alive,no,Xenopus laevis,5217334,,50.768027777777775,2.7708055555555555,Heuvelland,West-Vlaanderen,flanders,"c(2.77080555555556, 50.7680277777778)",Big_pond_Eeuwenhout_bos_2024-05-06_2024-05-07,2024
493-1,Big pond Eeuwenhout bos,2024-05-06T00:00:00Z,2024-05-07T00:00:00Z,SDSF_6a,Xenlae,juvenile,3,NA,NA,alive,no,Xenopus laevis,5217334,,50.768027777777775,2.7708055555555555,Heuvelland,West-Vlaanderen,flanders,"c(2.77080555555556, 50.7680277777778)",Big_pond_Eeuwenhout_bos_2024-05-06_2024-05-07,2024
494-1,Fish passage,2024-05-06T00:00:00Z,2024-05-07T00:00:00Z,SDSF_1,Xenlae,subadult,24,6,NA,alive,no,Xenopus laevis,5217334,,50.75802777777778,2.8552222222222223,Heuvelland,West-Vlaanderen,flanders,"c(2.85522222222222, 50.7580277777778)",Fish_passage_2024-05-06_2024-05-07,2024
495-1,Fish passage,2024-05-06T00:00:00Z,2024-05-07T00:00:00Z,SDSF_2,Xenlae,adult,53,7,M,alive,no,Xenopus laevis,5217334,,50.75802777777778,2.8552222222222223,Heuvelland,West-Vlaanderen,flanders,"c(2.85522222222222, 50.7580277777778)",Fish_passage_2024-05-06_2024-05-07,2024
496-1,Fish passage,2024-05-06T00:00:00Z,2024-05-07T00:00:00Z,SDSF_2,Xenlae,juvenile,7,4.2,NA,alive,no,Xenopus laevis,5217334,,50.75802777777778,2.8552222222222223,Heuvelland,West-Vlaanderen,flanders,"c(2.85522222222222, 50.7580277777778)",Fish_passage_2024-05-06_2024-05-07,2024
499-1,Field pond,2024-05-06T00:00:00Z,2024-05-07T00:00:00Z,FF_1-17,Xenlae,juvenile,17,5.5,NA,alive,no,Xenopus laevis,5217334,,50.75672222222222,2.9182777777777775,Mesen,West-Vlaanderen,flanders,"c(2.91827777777778, 50.7567222222222)",Field_pond_2024-05-06_2024-05-07,2024
500-1,Field pond,2024-05-06T00:00:00Z,2024-05-07T00:00:00Z,FF_1-17,Xenlae,juvenile,19,5.8,NA,alive,no,Xenopus laevis,5217334,,50.75672222222222,2.9182777777777775,Mesen,West-Vlaanderen,flanders,"c(2.91827777777778, 50.7567222222222)",Field_pond_2024-05-06_2024-05-07,2024
501-1,Field pond,2024-05-06T00:00:00Z,2024-05-07T00:00:00Z,FF_1-17,Xenlae,juvenile,14,4.8,NA,alive,no,Xenopus laevis,5217334,,50.75672222222222,2.9182777777777775,Mesen,West-Vlaanderen,flanders,"c(2.91827777777778, 50.7567222222222)",Field_pond_2024-05-06_2024-05-07,2024
502-1,Field pond,2024-05-06T00:00:00Z,2024-05-07T00:00:00Z,FF_1-17,Xenlae,juvenile,11,4.6,NA,alive,no,Xenopus laevis,5217334,,50.75672222222222,2.9182777777777775,Mesen,West-Vlaanderen,flanders,"c(2.91827777777778, 50.7567222222222)",Field_pond_2024-05-06_2024-05-07,2024
509-1,Big pond Eeuwenhout bos,2024-05-07T00:00:00Z,2024-05-08T00:00:00Z,SDSF_1a,Xenlae,subadult,32,7.1,M,alive,no,Xenopus laevis,5217334,,50.768027777777775,2.7708055555555555,Heuvelland,West-Vlaanderen,flanders,"c(2.77080555555556, 50.7680277777778)",Big_pond_Eeuwenhout_bos_2024-05-07_2024-05-08,2024
510-1,Big pond Eeuwenhout bos,2024-05-07T00:00:00Z,2024-05-08T00:00:00Z,SDSF_1a,Xenlae,juvenile,6,4.2,NA,alive,no,Xenopus laevis,5217334,,50.768027777777775,2.7708055555555555,Heuvelland,West-Vlaanderen,flanders,"c(2.77080555555556, 50.7680277777778)",Big_pond_Eeuwenhout_bos_2024-05-07_2024-05-08,2024
511-1,Big pond Eeuwenhout bos,2024-05-07T00:00:00Z,2024-05-08T00:00:00Z,SDSF_1a,Xenlae,juvenile,8,4.4,NA,alive,no,Xenopus laevis,5217334,,50.768027777777775,2.7708055555555555,Heuvelland,West-Vlaanderen,flanders,"c(2.77080555555556, 50.7680277777778)",Big_pond_Eeuwenhout_bos_2024-05-07_2024-05-08,2024
512-1,Big pond Eeuwenhout bos,2024-05-07T00:00:00Z,2024-05-08T00:00:00Z,SDSF_1a,Xenlae,juvenile,10,4.5,NA,alive,no,Xenopus laevis,5217334,,50.768027777777775,2.7708055555555555,Heuvelland,West-Vlaanderen,flanders,"c(2.77080555555556, 50.7680277777778)",Big_pond_Eeuwenhout_bos_2024-05-07_2024-05-08,2024
513-2,Big pond Eeuwenhout bos,2024-05-07T00:00:00Z,2024-05-08T00:00:00Z,SDSF_1a,Xenlae,juvenile,10,4.5,NA,alive,no,Xenopus laevis,5217334,,50.768027777777775,2.7708055555555555,Heuvelland,West-Vlaanderen,flanders,"c(2.77080555555556, 50.7680277777778)",Big_pond_Eeuwenhout_bos_2024-05-07_2024-05-08,2024
514-1,Big pond Eeuwenhout bos,2024-05-07T00:00:00Z,2024-05-08T00:00:00Z,SDSF_1a,Xenlae,juvenile,11,4.8,NA,alive,no,Xenopus laevis,5217334,,50.768027777777775,2.7708055555555555,Heuvelland,West-Vlaanderen,flanders,"c(2.77080555555556, 50.7680277777778)",Big_pond_Eeuwenhout_bos_2024-05-07_2024-05-08,2024
515-1,Big pond Eeuwenhout bos,2024-05-07T00:00:00Z,2024-05-08T00:00:00Z,SDSF_1a,Xenlae,juvenile,11,4.5,NA,alive,no,Xenopus laevis,5217334,,50.768027777777775,2.7708055555555555,Heuvelland,West-Vlaanderen,flanders,"c(2.77080555555556, 50.7680277777778)",Big_pond_Eeuwenhout_bos_2024-05-07_2024-05-08,2024
516-1,Big pond Eeuwenhout bos,2024-05-07T00:00:00Z,2024-05-08T00:00:00Z,SDSF_1a,Xenlae,juvenile,8,4.2,NA,alive,no,Xenopus laevis,5217334,,50.768027777777775,2.7708055555555555,Heuvelland,West-Vlaanderen,flanders,"c(2.77080555555556, 50.7680277777778)",Big_pond_Eeuwenhout_bos_2024-05-07_2024-05-08,2024
523-1,Big pond Eeuwenhout bos,2024-05-07T00:00:00Z,2024-05-08T00:00:00Z,SDSF_2a,Xenlae,subadult,29,6.7,NA,alive,no,Xenopus laevis,5217334,,50.768027777777775,2.7708055555555555,Heuvelland,West-Vlaanderen,flanders,"c(2.77080555555556, 50.7680277777778)",Big_pond_Eeuwenhout_bos_2024-05-07_2024-05-08,2024
524-1,Big pond Eeuwenhout bos,2024-05-07T00:00:00Z,2024-05-08T00:00:00Z,SDSF_2a,Xenlae,juvenile,14,4.9,NA,alive,no,Xenopus laevis,5217334,,50.768027777777775,2.7708055555555555,Heuvelland,West-Vlaanderen,flanders,"c(2.77080555555556, 50.7680277777778)",Big_pond_Eeuwenhout_bos_2024-05-07_2024-05-08,2024
525-1,Big pond Eeuwenhout bos,2024-05-07T00:00:00Z,2024-05-08T00:00:00Z,SDSF_2a,Xenlae,juvenile,11,4.9,NA,alive,no,Xenopus laevis,5217334,,50.768027777777775,2.7708055555555555,Heuvelland,West-Vlaanderen,flanders,"c(2.77080555555556, 50.7680277777778)",Big_pond_Eeuwenhout_bos_2024-05-07_2024-05-08,2024
526-1,Big pond Eeuwenhout bos,2024-05-07T00:00:00Z,2024-05-08T00:00:00Z,SDSF_2a,Xenlae,juvenile,5,3.9,NA,alive,no,Xenopus laevis,5217334,,50.768027777777775,2.7708055555555555,Heuvelland,West-Vlaanderen,flanders,"c(2.77080555555556, 50.7680277777778)",Big_pond_Eeuwenhout_bos_2024-05-07_2024-05-08,2024
527-1,Big pond Eeuwenhout bos,2024-05-07T00:00:00Z,2024-05-08T00:00:00Z,SDSF_2a,Xenlae,juvenile,8,4.4,NA,alive,no,Xenopus laevis,5217334,,50.768027777777775,2.7708055555555555,Heuvelland,West-Vlaanderen,flanders,"c(2.77080555555556, 50.7680277777778)",Big_pond_Eeuwenhout_bos_2024-05-07_2024-05-08,2024
530-1,Big pond Eeuwenhout bos,2024-05-07T00:00:00Z,2024-05-08T00:00:00Z,SDSF_3a,Xenlae,juvenile,16,5.5,NA,alive,no,Xenopus laevis,5217334,,50.768027777777775,2.7708055555555555,Heuvelland,West-Vlaanderen,flanders,"c(2.77080555555556, 50.7680277777778)",Big_pond_Eeuwenhout_bos_2024-05-07_2024-05-08,2024
531-1,Big pond Eeuwenhout bos,2024-05-07T00:00:00Z,2024-05-08T00:00:00Z,SDSF_3a,Xenlae,juvenile,12,4.7,NA,alive,no,Xenopus laevis,5217334,,50.768027777777775,2.7708055555555555,Heuvelland,West-Vlaanderen,flanders,"c(2.77080555555556, 50.7680277777778)",Big_pond_Eeuwenhout_bos_2024-05-07_2024-05-08,2024
532-1,Big pond Eeuwenhout bos,2024-05-07T00:00:00Z,2024-05-08T00:00:00Z,SDSF_3a,Xenlae,subadult,22,5.9,NA,alive,no,Xenopus laevis,5217334,,50.768027777777775,2.7708055555555555,Heuvelland,West-Vlaanderen,flanders,"c(2.77080555555556, 50.7680277777778)",Big_pond_Eeuwenhout_bos_2024-05-07_2024-05-08,2024
533-1,Big pond Eeuwenhout bos,2024-05-07T00:00:00Z,2024-05-08T00:00:00Z,SDSF_3a,Xenlae,subadult,38,6.8,NA,alive,no,Xenopus laevis,5217334,,50.768027777777775,2.7708055555555555,Heuvelland,West-Vlaanderen,flanders,"c(2.77080555555556, 50.7680277777778)",Big_pond_Eeuwenhout_bos_2024-05-07_2024-05-08,2024
534-2,Big pond Eeuwenhout bos,2024-05-07T00:00:00Z,2024-05-08T00:00:00Z,SDSF_3a,Xenlae,juvenile,16,5.5,NA,alive,no,Xenopus laevis,5217334,,50.768027777777775,2.7708055555555555,Heuvelland,West-Vlaanderen,flanders,"c(2.77080555555556, 50.7680277777778)",Big_pond_Eeuwenhout_bos_2024-05-07_2024-05-08,2024
535-1,Big pond Eeuwenhout bos,2024-05-07T00:00:00Z,2024-05-08T00:00:00Z,SDSF_3a,Xenlae,juvenile,14,5.2,NA,alive,no,Xenopus laevis,5217334,,50.768027777777775,2.7708055555555555,Heuvelland,West-Vlaanderen,flanders,"c(2.77080555555556, 50.7680277777778)",Big_pond_Eeuwenhout_bos_2024-05-07_2024-05-08,2024
536-1,Big pond Eeuwenhout bos,2024-05-07T00:00:00Z,2024-05-08T00:00:00Z,SDSF_3a,Xenlae,juvenile,11,4.8,NA,alive,no,Xenopus laevis,5217334,,50.768027777777775,2.7708055555555555,Heuvelland,West-Vlaanderen,flanders,"c(2.77080555555556, 50.7680277777778)",Big_pond_Eeuwenhout_bos_2024-05-07_2024-05-08,2024
537-1,Big pond Eeuwenhout bos,2024-05-07T00:00:00Z,2024-05-08T00:00:00Z,SDSF_3a,Xenlae,subadult,30,7.1,NA,alive,no,Xenopus laevis,5217334,,50.768027777777775,2.7708055555555555,Heuvelland,West-Vlaanderen,flanders,"c(2.77080555555556, 50.7680277777778)",Big_pond_Eeuwenhout_bos_2024-05-07_2024-05-08,2024
538-1,Big pond Eeuwenhout bos,2024-05-07T00:00:00Z,2024-05-08T00:00:00Z,SDSF_3a,Xenlae,juvenile,13,4.7,NA,alive,no,Xenopus laevis,5217334,,50.768027777777775,2.7708055555555555,Heuvelland,West-Vlaanderen,flanders,"c(2.77080555555556, 50.7680277777778)",Big_pond_Eeuwenhout_bos_2024-05-07_2024-05-08,2024
539-1,Big pond Eeuwenhout bos,2024-05-07T00:00:00Z,2024-05-08T00:00:00Z,SDSF_3a,Xenlae,juvenile,21,5.4,NA,alive,no,Xenopus laevis,5217334,,50.768027777777775,2.7708055555555555,Heuvelland,West-Vlaanderen,flanders,"c(2.77080555555556, 50.7680277777778)",Big_pond_Eeuwenhout_bos_2024-05-07_2024-05-08,2024
540-1,Big pond Eeuwenhout bos,2024-05-07T00:00:00Z,2024-05-08T00:00:00Z,SDSF_3a,Xenlae,juvenile,17,5.1,NA,alive,no,Xenopus laevis,5217334,,50.768027777777775,2.7708055555555555,Heuvelland,West-Vlaanderen,flanders,"c(2.77080555555556, 50.7680277777778)",Big_pond_Eeuwenhout_bos_2024-05-07_2024-05-08,2024
541-1,Big pond Eeuwenhout bos,2024-05-07T00:00:00Z,2024-05-08T00:00:00Z,SDSF_3a,Xenlae,juvenile,13,5,NA,alive,no,Xenopus laevis,5217334,,50.768027777777775,2.7708055555555555,Heuvelland,West-Vlaanderen,flanders,"c(2.77080555555556, 50.7680277777778)",Big_pond_Eeuwenhout_bos_2024-05-07_2024-05-08,2024
542-1,Big pond Eeuwenhout bos,2024-05-07T00:00:00Z,2024-05-08T00:00:00Z,SDSF_3a,Xenlae,juvenile,12,4.5,NA,alive,no,Xenopus laevis,5217334,,50.768027777777775,2.7708055555555555,Heuvelland,West-Vlaanderen,flanders,"c(2.77080555555556, 50.7680277777778)",Big_pond_Eeuwenhout_bos_2024-05-07_2024-05-08,2024
543-1,Big pond Eeuwenhout bos,2024-05-07T00:00:00Z,2024-05-08T00:00:00Z,SDSF_3a,Xenlae,juvenile,6,4.3,NA,alive,no,Xenopus laevis,5217334,,50.768027777777775,2.7708055555555555,Heuvelland,West-Vlaanderen,flanders,"c(2.77080555555556, 50.7680277777778)",Big_pond_Eeuwenhout_bos_2024-05-07_2024-05-08,2024
544-1,Big pond Eeuwenhout bos,2024-05-07T00:00:00Z,2024-05-08T00:00:00Z,SDSF_3a,Xenlae,juvenile,13,4.5,NA,alive,no,Xenopus laevis,5217334,,50.768027777777775,2.7708055555555555,Heuvelland,West-Vlaanderen,flanders,"c(2.77080555555556, 50.7680277777778)",Big_pond_Eeuwenhout_bos_2024-05-07_2024-05-08,2024
545-1,Big pond Eeuwenhout bos,2024-05-07T00:00:00Z,2024-05-08T00:00:00Z,SDSF_3a,Xenlae,juvenile,7,3.9,NA,alive,no,Xenopus laevis,5217334,,50.768027777777775,2.7708055555555555,Heuvelland,West-Vlaanderen,flanders,"c(2.77080555555556, 50.7680277777778)",Big_pond_Eeuwenhout_bos_2024-05-07_2024-05-08,2024
546-1,Big pond Eeuwenhout bos,2024-05-07T00:00:00Z,2024-05-08T00:00:00Z,SDSF_3a,Xenlae,juvenile,6,3.6,NA,alive,no,Xenopus laevis,5217334,,50.768027777777775,2.7708055555555555,Heuvelland,West-Vlaanderen,flanders,"c(2.77080555555556, 50.7680277777778)",Big_pond_Eeuwenhout_bos_2024-05-07_2024-05-08,2024
547-1,Big pond Eeuwenhout bos,2024-05-07T00:00:00Z,2024-05-08T00:00:00Z,SDSF_3a,Xenlae,juvenile,6,4.1,NA,alive,no,Xenopus laevis,5217334,,50.768027777777775,2.7708055555555555,Heuvelland,West-Vlaanderen,flanders,"c(2.77080555555556, 50.7680277777778)",Big_pond_Eeuwenhout_bos_2024-05-07_2024-05-08,2024
548-1,Big pond Eeuwenhout bos,2024-05-07T00:00:00Z,2024-05-08T00:00:00Z,SDSF_3a,Xenlae,juvenile,5,3.8,NA,alive,no,Xenopus laevis,5217334,,50.768027777777775,2.7708055555555555,Heuvelland,West-Vlaanderen,flanders,"c(2.77080555555556, 50.7680277777778)",Big_pond_Eeuwenhout_bos_2024-05-07_2024-05-08,2024
549-1,Big pond Eeuwenhout bos,2024-05-07T00:00:00Z,2024-05-08T00:00:00Z,SDSF_3a,Xenlae,juvenile,16,5.1,NA,alive,no,Xenopus laevis,5217334,,50.768027777777775,2.7708055555555555,Heuvelland,West-Vlaanderen,flanders,"c(2.77080555555556, 50.7680277777778)",Big_pond_Eeuwenhout_bos_2024-05-07_2024-05-08,2024
550-1,Big pond Eeuwenhout bos,2024-05-07T00:00:00Z,2024-05-08T00:00:00Z,SDSF_3a,Xenlae,juvenile,6,3.8,NA,alive,no,Xenopus laevis,5217334,,50.768027777777775,2.7708055555555555,Heuvelland,West-Vlaanderen,flanders,"c(2.77080555555556, 50.7680277777778)",Big_pond_Eeuwenhout_bos_2024-05-07_2024-05-08,2024
551-1,Big pond Eeuwenhout bos,2024-05-07T00:00:00Z,2024-05-08T00:00:00Z,SDSF_3a,Xenlae,juvenile,7,4.3,NA,alive,no,Xenopus laevis,5217334,,50.768027777777775,2.7708055555555555,Heuvelland,West-Vlaanderen,flanders,"c(2.77080555555556, 50.7680277777778)",Big_pond_Eeuwenhout_bos_2024-05-07_2024-05-08,2024
552-1,Big pond Eeuwenhout bos,2024-05-07T00:00:00Z,2024-05-08T00:00:00Z,SDSF_3a,Xenlae,juvenile,10,4.5,NA,alive,no,Xenopus laevis,5217334,,50.768027777777775,2.7708055555555555,Heuvelland,West-Vlaanderen,flanders,"c(2.77080555555556, 50.7680277777778)",Big_pond_Eeuwenhout_bos_2024-05-07_2024-05-08,2024
553-2,Big pond Eeuwenhout bos,2024-05-07T00:00:00Z,2024-05-08T00:00:00Z,SDSF_3a,Xenlae,juvenile,6,3.8,NA,alive,no,Xenopus laevis,5217334,,50.768027777777775,2.7708055555555555,Heuvelland,West-Vlaanderen,flanders,"c(2.77080555555556, 50.7680277777778)",Big_pond_Eeuwenhout_bos_2024-05-07_2024-05-08,2024
554-1,Big pond Eeuwenhout bos,2024-05-07T00:00:00Z,2024-05-08T00:00:00Z,SDSF_4a,Xenlae,juvenile,8,4,NA,alive,no,Xenopus laevis,5217334,,50.768027777777775,2.7708055555555555,Heuvelland,West-Vlaanderen,flanders,"c(2.77080555555556, 50.7680277777778)",Big_pond_Eeuwenhout_bos_2024-05-07_2024-05-08,2024
555-1,Big pond Eeuwenhout bos,2024-05-07T00:00:00Z,2024-05-08T00:00:00Z,SDSF_4a,Xenlae,juvenile,12,4.7,NA,alive,no,Xenopus laevis,5217334,,50.768027777777775,2.7708055555555555,Heuvelland,West-Vlaanderen,flanders,"c(2.77080555555556, 50.7680277777778)",Big_pond_Eeuwenhout_bos_2024-05-07_2024-05-08,2024
556-1,Big pond Eeuwenhout bos,2024-05-07T00:00:00Z,2024-05-08T00:00:00Z,SDSF_4a,Xenlae,juvenile,11,4.5,NA,alive,no,Xenopus laevis,5217334,,50.768027777777775,2.7708055555555555,Heuvelland,West-Vlaanderen,flanders,"c(2.77080555555556, 50.7680277777778)",Big_pond_Eeuwenhout_bos_2024-05-07_2024-05-08,2024
557-1,Big pond Eeuwenhout bos,2024-05-07T00:00:00Z,2024-05-08T00:00:00Z,SDSF_4a,Xenlae,juvenile,16,4.8,NA,alive,no,Xenopus laevis,5217334,,50.768027777777775,2.7708055555555555,Heuvelland,West-Vlaanderen,flanders,"c(2.77080555555556, 50.7680277777778)",Big_pond_Eeuwenhout_bos_2024-05-07_2024-05-08,2024
558-1,Big pond Eeuwenhout bos,2024-05-07T00:00:00Z,2024-05-08T00:00:00Z,SDSF_4a,Xenlae,juvenile,15,4.9,NA,alive,no,Xenopus laevis,5217334,,50.768027777777775,2.7708055555555555,Heuvelland,West-Vlaanderen,flanders,"c(2.77080555555556, 50.7680277777778)",Big_pond_Eeuwenhout_bos_2024-05-07_2024-05-08,2024
559-1,Big pond Eeuwenhout bos,2024-05-07T00:00:00Z,2024-05-08T00:00:00Z,SDSF_4a,Xenlae,juvenile,20,5.3,NA,alive,no,Xenopus laevis,5217334,,50.768027777777775,2.7708055555555555,Heuvelland,West-Vlaanderen,flanders,"c(2.77080555555556, 50.7680277777778)",Big_pond_Eeuwenhout_bos_2024-05-07_2024-05-08,2024
560-1,Big pond Eeuwenhout bos,2024-05-07T00:00:00Z,2024-05-08T00:00:00Z,SDSF_4a,Xenlae,juvenile,11,4.6,NA,alive,no,Xenopus laevis,5217334,,50.768027777777775,2.7708055555555555,Heuvelland,West-Vlaanderen,flanders,"c(2.77080555555556, 50.7680277777778)",Big_pond_Eeuwenhout_bos_2024-05-07_2024-05-08,2024
561-1,Big pond Eeuwenhout bos,2024-05-07T00:00:00Z,2024-05-08T00:00:00Z,SDSF_4a,Xenlae,juvenile,9,4.3,NA,alive,no,Xenopus laevis,5217334,,50.768027777777775,2.7708055555555555,Heuvelland,West-Vlaanderen,flanders,"c(2.77080555555556, 50.7680277777778)",Big_pond_Eeuwenhout_bos_2024-05-07_2024-05-08,2024
562-1,Big pond Eeuwenhout bos,2024-05-07T00:00:00Z,2024-05-08T00:00:00Z,SDSF_4a,Xenlae,juvenile,6,4.1,NA,alive,no,Xenopus laevis,5217334,,50.768027777777775,2.7708055555555555,Heuvelland,West-Vlaanderen,flanders,"c(2.77080555555556, 50.7680277777778)",Big_pond_Eeuwenhout_bos_2024-05-07_2024-05-08,2024
565-1,Big pond Eeuwenhout bos,2024-05-07T00:00:00Z,2024-05-08T00:00:00Z,SDSF_5a,Xenlae,juvenile,18,5.4,NA,alive,no,Xenopus laevis,5217334,,50.768027777777775,2.7708055555555555,Heuvelland,West-Vlaanderen,flanders,"c(2.77080555555556, 50.7680277777778)",Big_pond_Eeuwenhout_bos_2024-05-07_2024-05-08,2024
566-1,Big pond Eeuwenhout bos,2024-05-07T00:00:00Z,2024-05-08T00:00:00Z,SDSF_5a,Xenlae,juvenile,14,5,NA,alive,no,Xenopus laevis,5217334,,50.768027777777775,2.7708055555555555,Heuvelland,West-Vlaanderen,flanders,"c(2.77080555555556, 50.7680277777778)",Big_pond_Eeuwenhout_bos_2024-05-07_2024-05-08,2024
567-1,Big pond Eeuwenhout bos,2024-05-07T00:00:00Z,2024-05-08T00:00:00Z,SDSF_5a,Xenlae,juvenile,16,5.5,NA,alive,no,Xenopus laevis,5217334,,50.768027777777775,2.7708055555555555,Heuvelland,West-Vlaanderen,flanders,"c(2.77080555555556, 50.7680277777778)",Big_pond_Eeuwenhout_bos_2024-05-07_2024-05-08,2024
568-1,Big pond Eeuwenhout bos,2024-05-07T00:00:00Z,2024-05-08T00:00:00Z,SDSF_5a,Xenlae,juvenile,12,4.8,NA,alive,no,Xenopus laevis,5217334,,50.768027777777775,2.7708055555555555,Heuvelland,West-Vlaanderen,flanders,"c(2.77080555555556, 50.7680277777778)",Big_pond_Eeuwenhout_bos_2024-05-07_2024-05-08,2024
569-1,Big pond Eeuwenhout bos,2024-05-07T00:00:00Z,2024-05-08T00:00:00Z,SDSF_5a,Xenlae,juvenile,4,3.5,NA,alive,no,Xenopus laevis,5217334,,50.768027777777775,2.7708055555555555,Heuvelland,West-Vlaanderen,flanders,"c(2.77080555555556, 50.7680277777778)",Big_pond_Eeuwenhout_bos_2024-05-07_2024-05-08,2024
570-1,Big pond Eeuwenhout bos,2024-05-07T00:00:00Z,2024-05-08T00:00:00Z,SDSF_5a,Xenlae,juvenile,14,5.2,NA,alive,no,Xenopus laevis,5217334,,50.768027777777775,2.7708055555555555,Heuvelland,West-Vlaanderen,flanders,"c(2.77080555555556, 50.7680277777778)",Big_pond_Eeuwenhout_bos_2024-05-07_2024-05-08,2024
571-1,Big pond Eeuwenhout bos,2024-05-07T00:00:00Z,2024-05-08T00:00:00Z,SDSF_5a,Xenlae,juvenile,10,4.5,NA,alive,no,Xenopus laevis,5217334,,50.768027777777775,2.7708055555555555,Heuvelland,West-Vlaanderen,flanders,"c(2.77080555555556, 50.7680277777778)",Big_pond_Eeuwenhout_bos_2024-05-07_2024-05-08,2024
572-1,Big pond Eeuwenhout bos,2024-05-07T00:00:00Z,2024-05-08T00:00:00Z,SDSF_5a,Xenlae,juvenile,5,3.4,NA,alive,no,Xenopus laevis,5217334,,50.768027777777775,2.7708055555555555,Heuvelland,West-Vlaanderen,flanders,"c(2.77080555555556, 50.7680277777778)",Big_pond_Eeuwenhout_bos_2024-05-07_2024-05-08,2024
573-1,Big pond Eeuwenhout bos,2024-05-07T00:00:00Z,2024-05-08T00:00:00Z,SDSF_5a,Xenlae,juvenile,9,4.5,NA,alive,no,Xenopus laevis,5217334,,50.768027777777775,2.7708055555555555,Heuvelland,West-Vlaanderen,flanders,"c(2.77080555555556, 50.7680277777778)",Big_pond_Eeuwenhout_bos_2024-05-07_2024-05-08,2024
574-1,Big pond Eeuwenhout bos,2024-05-07T00:00:00Z,2024-05-08T00:00:00Z,SDSF_5a,Xenlae,subadult,20,6.2,NA,alive,no,Xenopus laevis,5217334,,50.768027777777775,2.7708055555555555,Heuvelland,West-Vlaanderen,flanders,"c(2.77080555555556, 50.7680277777778)",Big_pond_Eeuwenhout_bos_2024-05-07_2024-05-08,2024
575-1,Big pond Eeuwenhout bos,2024-05-07T00:00:00Z,2024-05-08T00:00:00Z,SDSF_5a,Xenlae,juvenile,10,4.4,NA,alive,no,Xenopus laevis,5217334,,50.768027777777775,2.7708055555555555,Heuvelland,West-Vlaanderen,flanders,"c(2.77080555555556, 50.7680277777778)",Big_pond_Eeuwenhout_bos_2024-05-07_2024-05-08,2024
576-1,Big pond Eeuwenhout bos,2024-05-07T00:00:00Z,2024-05-08T00:00:00Z,SDSF_5a,Xenlae,juvenile,11,4.6,NA,alive,no,Xenopus laevis,5217334,,50.768027777777775,2.7708055555555555,Heuvelland,West-Vlaanderen,flanders,"c(2.77080555555556, 50.7680277777778)",Big_pond_Eeuwenhout_bos_2024-05-07_2024-05-08,2024
577-1,Big pond Eeuwenhout bos,2024-05-07T00:00:00Z,2024-05-08T00:00:00Z,SDSF_5a,Xenlae,juvenile,11,4.5,NA,alive,no,Xenopus laevis,5217334,,50.768027777777775,2.7708055555555555,Heuvelland,West-Vlaanderen,flanders,"c(2.77080555555556, 50.7680277777778)",Big_pond_Eeuwenhout_bos_2024-05-07_2024-05-08,2024
578-1,Big pond Eeuwenhout bos,2024-05-07T00:00:00Z,2024-05-08T00:00:00Z,SDSF_5a,Xenlae,juvenile,14,4.9,NA,alive,no,Xenopus laevis,5217334,,50.768027777777775,2.7708055555555555,Heuvelland,West-Vlaanderen,flanders,"c(2.77080555555556, 50.7680277777778)",Big_pond_Eeuwenhout_bos_2024-05-07_2024-05-08,2024
579-2,Big pond Eeuwenhout bos,2024-05-07T00:00:00Z,2024-05-08T00:00:00Z,SDSF_5a,Xenlae,juvenile,10,4.5,NA,alive,no,Xenopus laevis,5217334,,50.768027777777775,2.7708055555555555,Heuvelland,West-Vlaanderen,flanders,"c(2.77080555555556, 50.7680277777778)",Big_pond_Eeuwenhout_bos_2024-05-07_2024-05-08,2024
580-1,Big pond Eeuwenhout bos,2024-05-07T00:00:00Z,2024-05-08T00:00:00Z,SDSF_5a,Xenlae,juvenile,5,3.6,NA,alive,no,Xenopus laevis,5217334,,50.768027777777775,2.7708055555555555,Heuvelland,West-Vlaanderen,flanders,"c(2.77080555555556, 50.7680277777778)",Big_pond_Eeuwenhout_bos_2024-05-07_2024-05-08,2024
581-1,Big pond Eeuwenhout bos,2024-05-07T00:00:00Z,2024-05-08T00:00:00Z,SDSF_5a,Xenlae,juvenile,6,3.9,NA,alive,no,Xenopus laevis,5217334,,50.768027777777775,2.7708055555555555,Heuvelland,West-Vlaanderen,flanders,"c(2.77080555555556, 50.7680277777778)",Big_pond_Eeuwenhout_bos_2024-05-07_2024-05-08,2024
585-1,Big pond Eeuwenhout bos,2024-05-07T00:00:00Z,2024-05-08T00:00:00Z,SDSF_6a,Xenlae,subadult,27,6.3,M,alive,no,Xenopus laevis,5217334,,50.768027777777775,2.7708055555555555,Heuvelland,West-Vlaanderen,flanders,"c(2.77080555555556, 50.7680277777778)",Big_pond_Eeuwenhout_bos_2024-05-07_2024-05-08,2024
586-1,Big pond Eeuwenhout bos,2024-05-07T00:00:00Z,2024-05-08T00:00:00Z,SDSF_6a,Xenlae,juvenile,9,4.3,NA,alive,no,Xenopus laevis,5217334,,50.768027777777775,2.7708055555555555,Heuvelland,West-Vlaanderen,flanders,"c(2.77080555555556, 50.7680277777778)",Big_pond_Eeuwenhout_bos_2024-05-07_2024-05-08,2024
587-1,Big pond Eeuwenhout bos,2024-05-07T00:00:00Z,2024-05-08T00:00:00Z,SDSF_6a,Xenlae,juvenile,10,4.5,NA,alive,no,Xenopus laevis,5217334,,50.768027777777775,2.7708055555555555,Heuvelland,West-Vlaanderen,flanders,"c(2.77080555555556, 50.7680277777778)",Big_pond_Eeuwenhout_bos_2024-05-07_2024-05-08,2024
588-1,Big pond Eeuwenhout bos,2024-05-07T00:00:00Z,2024-05-08T00:00:00Z,SDSF_6a,Xenlae,juvenile,15,5.2,NA,alive,no,Xenopus laevis,5217334,,50.768027777777775,2.7708055555555555,Heuvelland,West-Vlaanderen,flanders,"c(2.77080555555556, 50.7680277777778)",Big_pond_Eeuwenhout_bos_2024-05-07_2024-05-08,2024
589-1,Big pond Eeuwenhout bos,2024-05-07T00:00:00Z,2024-05-08T00:00:00Z,SDSF_6a,Xenlae,juvenile,6,3.7,NA,alive,no,Xenopus laevis,5217334,,50.768027777777775,2.7708055555555555,Heuvelland,West-Vlaanderen,flanders,"c(2.77080555555556, 50.7680277777778)",Big_pond_Eeuwenhout_bos_2024-05-07_2024-05-08,2024
590-1,Big pond Eeuwenhout bos,2024-05-07T00:00:00Z,2024-05-08T00:00:00Z,SDSF_6a,Xenlae,juvenile,15,5,NA,alive,no,Xenopus laevis,5217334,,50.768027777777775,2.7708055555555555,Heuvelland,West-Vlaanderen,flanders,"c(2.77080555555556, 50.7680277777778)",Big_pond_Eeuwenhout_bos_2024-05-07_2024-05-08,2024
591-1,Big pond Eeuwenhout bos,2024-05-07T00:00:00Z,2024-05-08T00:00:00Z,SDSF_6a,Xenlae,juvenile,12,4.7,NA,alive,no,Xenopus laevis,5217334,,50.768027777777775,2.7708055555555555,Heuvelland,West-Vlaanderen,flanders,"c(2.77080555555556, 50.7680277777778)",Big_pond_Eeuwenhout_bos_2024-05-07_2024-05-08,2024
592-1,Big pond Eeuwenhout bos,2024-05-07T00:00:00Z,2024-05-08T00:00:00Z,SDSF_6a,Xenlae,adult,158,12.9,F,alive,no,Xenopus laevis,5217334,,50.768027777777775,2.7708055555555555,Heuvelland,West-Vlaanderen,flanders,"c(2.77080555555556, 50.7680277777778)",Big_pond_Eeuwenhout_bos_2024-05-07_2024-05-08,2024
602-1,Fish passage,2024-05-07T00:00:00Z,2024-05-08T00:00:00Z,SDSF_2,Xenlae,adult,186,12.3,F,alive,no,Xenopus laevis,5217334,,50.75802777777778,2.8552222222222223,Heuvelland,West-Vlaanderen,flanders,"c(2.85522222222222, 50.7580277777778)",Fish_passage_2024-05-07_2024-05-08,2024
603-1,Fish passage,2024-05-07T00:00:00Z,2024-05-08T00:00:00Z,SDSF_3,Xenlae,adult,171,12.5,F,alive,no,Xenopus laevis,5217334,,50.75802777777778,2.8552222222222223,Heuvelland,West-Vlaanderen,flanders,"c(2.85522222222222, 50.7580277777778)",Fish_passage_2024-05-07_2024-05-08,2024
604-1,Fish passage,2024-05-07T00:00:00Z,2024-05-08T00:00:00Z,SDSF_3,Xenlae,juvenile,19,5.7,NA,alive,no,Xenopus laevis,5217334,,50.75802777777778,2.8552222222222223,Heuvelland,West-Vlaanderen,flanders,"c(2.85522222222222, 50.7580277777778)",Fish_passage_2024-05-07_2024-05-08,2024
605-1,Fish passage,2024-05-07T00:00:00Z,2024-05-08T00:00:00Z,SDSF_3,Xenlae,juvenile,21,5.6,NA,alive,no,Xenopus laevis,5217334,,50.75802777777778,2.8552222222222223,Heuvelland,West-Vlaanderen,flanders,"c(2.85522222222222, 50.7580277777778)",Fish_passage_2024-05-07_2024-05-08,2024
613-1,Field pond,2024-05-07T00:00:00Z,2024-05-08T00:00:00Z,FF_1-17,Xenlae,subadult,27,6.6,NA,alive,no,Xenopus laevis,5217334,,50.75672222222222,2.9182777777777775,Mesen,West-Vlaanderen,flanders,"c(2.91827777777778, 50.7567222222222)",Field_pond_2024-05-07_2024-05-08,2024
614-1,Field pond,2024-05-07T00:00:00Z,2024-05-08T00:00:00Z,FF_1-17,Xenlae,subadult,23,6,NA,alive,no,Xenopus laevis,5217334,,50.75672222222222,2.9182777777777775,Mesen,West-Vlaanderen,flanders,"c(2.91827777777778, 50.7567222222222)",Field_pond_2024-05-07_2024-05-08,2024
615-1,Field pond,2024-05-07T00:00:00Z,2024-05-08T00:00:00Z,FF_1-17,Xenlae,adult,47,7.6,F,alive,no,Xenopus laevis,5217334,,50.75672222222222,2.9182777777777775,Mesen,West-Vlaanderen,flanders,"c(2.91827777777778, 50.7567222222222)",Field_pond_2024-05-07_2024-05-08,2024
616-1,Field pond,2024-05-07T00:00:00Z,2024-05-08T00:00:00Z,FF_1-17,Xenlae,adult,47,7.8,M,alive,no,Xenopus laevis,5217334,,50.75672222222222,2.9182777777777775,Mesen,West-Vlaanderen,flanders,"c(2.91827777777778, 50.7567222222222)",Field_pond_2024-05-07_2024-05-08,2024
617-1,Field pond,2024-05-07T00:00:00Z,2024-05-08T00:00:00Z,FF_1-17,Xenlae,juvenile,7,4.2,NA,alive,no,Xenopus laevis,5217334,,50.75672222222222,2.9182777777777775,Mesen,West-Vlaanderen,flanders,"c(2.91827777777778, 50.7567222222222)",Field_pond_2024-05-07_2024-05-08,2024
618-1,Field pond,2024-05-07T00:00:00Z,2024-05-08T00:00:00Z,FF_1-17,Xenlae,juvenile,6,4,NA,alive,no,Xenopus laevis,5217334,,50.75672222222222,2.9182777777777775,Mesen,West-Vlaanderen,flanders,"c(2.91827777777778, 50.7567222222222)",Field_pond_2024-05-07_2024-05-08,2024
619-1,Field pond,2024-05-07T00:00:00Z,2024-05-08T00:00:00Z,FF_1-17,Xenlae,adult,59,7.3,M,alive,no,Xenopus laevis,5217334,,50.75672222222222,2.9182777777777775,Mesen,West-Vlaanderen,flanders,"c(2.91827777777778, 50.7567222222222)",Field_pond_2024-05-07_2024-05-08,2024
620-1,Field pond,2024-05-07T00:00:00Z,2024-05-08T00:00:00Z,FF_1-17,Xenlae,juvenile,5,3.7,NA,alive,no,Xenopus laevis,5217334,,50.75672222222222,2.9182777777777775,Mesen,West-Vlaanderen,flanders,"c(2.91827777777778, 50.7567222222222)",Field_pond_2024-05-07_2024-05-08,2024
621-1,Field pond,2024-05-07T00:00:00Z,2024-05-08T00:00:00Z,FF_1-17,Xenlae,adult,189,12.4,F,alive,no,Xenopus laevis,5217334,,50.75672222222222,2.9182777777777775,Mesen,West-Vlaanderen,flanders,"c(2.91827777777778, 50.7567222222222)",Field_pond_2024-05-07_2024-05-08,2024
626-1,Big pond Eeuwenhout bos,2024-05-21T00:00:00Z,2024-05-22T00:00:00Z,SDSF_1a,Xenlae,juvenile,19,5.6,NA,alive,no,Xenopus laevis,5217334,,50.768027777777775,2.7708055555555555,Heuvelland,West-Vlaanderen,flanders,"c(2.77080555555556, 50.7680277777778)",Big_pond_Eeuwenhout_bos_2024-05-21_2024-05-22,2024
627-1,Big pond Eeuwenhout bos,2024-05-21T00:00:00Z,2024-05-22T00:00:00Z,SDSF_1a,Xenlae,subadult,29,6.2,NA,alive,no,Xenopus laevis,5217334,,50.768027777777775,2.7708055555555555,Heuvelland,West-Vlaanderen,flanders,"c(2.77080555555556, 50.7680277777778)",Big_pond_Eeuwenhout_bos_2024-05-21_2024-05-22,2024
628-1,Big pond Eeuwenhout bos,2024-05-21T00:00:00Z,2024-05-22T00:00:00Z,SDSF_1a,Xenlae,juvenile,15,5,NA,alive,no,Xenopus laevis,5217334,,50.768027777777775,2.7708055555555555,Heuvelland,West-Vlaanderen,flanders,"c(2.77080555555556, 50.7680277777778)",Big_pond_Eeuwenhout_bos_2024-05-21_2024-05-22,2024
629-1,Big pond Eeuwenhout bos,2024-05-21T00:00:00Z,2024-05-22T00:00:00Z,SDSF_1a,Xenlae,subadult,29,6.6,NA,alive,no,Xenopus laevis,5217334,,50.768027777777775,2.7708055555555555,Heuvelland,West-Vlaanderen,flanders,"c(2.77080555555556, 50.7680277777778)",Big_pond_Eeuwenhout_bos_2024-05-21_2024-05-22,2024
630-1,Big pond Eeuwenhout bos,2024-05-21T00:00:00Z,2024-05-22T00:00:00Z,SDSF_1a,Xenlae,juvenile,14,5.8,NA,alive,no,Xenopus laevis,5217334,,50.768027777777775,2.7708055555555555,Heuvelland,West-Vlaanderen,flanders,"c(2.77080555555556, 50.7680277777778)",Big_pond_Eeuwenhout_bos_2024-05-21_2024-05-22,2024
631-1,Big pond Eeuwenhout bos,2024-05-21T00:00:00Z,2024-05-22T00:00:00Z,SDSF_1a,Xenlae,juvenile,9,4.9,NA,alive,no,Xenopus laevis,5217334,,50.768027777777775,2.7708055555555555,Heuvelland,West-Vlaanderen,flanders,"c(2.77080555555556, 50.7680277777778)",Big_pond_Eeuwenhout_bos_2024-05-21_2024-05-22,2024
632-1,Big pond Eeuwenhout bos,2024-05-21T00:00:00Z,2024-05-22T00:00:00Z,SDSF_1a,Xenlae,juvenile,17,5,NA,alive,no,Xenopus laevis,5217334,,50.768027777777775,2.7708055555555555,Heuvelland,West-Vlaanderen,flanders,"c(2.77080555555556, 50.7680277777778)",Big_pond_Eeuwenhout_bos_2024-05-21_2024-05-22,2024
633-1,Big pond Eeuwenhout bos,2024-05-21T00:00:00Z,2024-05-22T00:00:00Z,SDSF_1a,Xenlae,juvenile,14,4.7,NA,alive,no,Xenopus laevis,5217334,,50.768027777777775,2.7708055555555555,Heuvelland,West-Vlaanderen,flanders,"c(2.77080555555556, 50.7680277777778)",Big_pond_Eeuwenhout_bos_2024-05-21_2024-05-22,2024
634-1,Big pond Eeuwenhout bos,2024-05-21T00:00:00Z,2024-05-22T00:00:00Z,SDSF_1a,Xenlae,subadult,30,6.4,NA,alive,no,Xenopus laevis,5217334,,50.768027777777775,2.7708055555555555,Heuvelland,West-Vlaanderen,flanders,"c(2.77080555555556, 50.7680277777778)",Big_pond_Eeuwenhout_bos_2024-05-21_2024-05-22,2024
635-1,Big pond Eeuwenhout bos,2024-05-21T00:00:00Z,2024-05-22T00:00:00Z,SDSF_1a,Xenlae,juvenile,6,3.6,NA,alive,no,Xenopus laevis,5217334,,50.768027777777775,2.7708055555555555,Heuvelland,West-Vlaanderen,flanders,"c(2.77080555555556, 50.7680277777778)",Big_pond_Eeuwenhout_bos_2024-05-21_2024-05-22,2024
636-1,Big pond Eeuwenhout bos,2024-05-21T00:00:00Z,2024-05-22T00:00:00Z,SDSF_1a,Xenlae,subadult,21,6.4,NA,alive,no,Xenopus laevis,5217334,,50.768027777777775,2.7708055555555555,Heuvelland,West-Vlaanderen,flanders,"c(2.77080555555556, 50.7680277777778)",Big_pond_Eeuwenhout_bos_2024-05-21_2024-05-22,2024
637-1,Big pond Eeuwenhout bos,2024-05-21T00:00:00Z,2024-05-22T00:00:00Z,SDSF_1a,Xenlae,juvenile,14,5.4,NA,alive,no,Xenopus laevis,5217334,,50.768027777777775,2.7708055555555555,Heuvelland,West-Vlaanderen,flanders,"c(2.77080555555556, 50.7680277777778)",Big_pond_Eeuwenhout_bos_2024-05-21_2024-05-22,2024
638-1,Big pond Eeuwenhout bos,2024-05-21T00:00:00Z,2024-05-22T00:00:00Z,SDSF_1a,Xenlae,juvenile,12,4.6,NA,alive,no,Xenopus laevis,5217334,,50.768027777777775,2.7708055555555555,Heuvelland,West-Vlaanderen,flanders,"c(2.77080555555556, 50.7680277777778)",Big_pond_Eeuwenhout_bos_2024-05-21_2024-05-22,2024
639-1,Big pond Eeuwenhout bos,2024-05-21T00:00:00Z,2024-05-22T00:00:00Z,SDSF_1a,Xenlae,juvenile,11,5,NA,alive,no,Xenopus laevis,5217334,,50.768027777777775,2.7708055555555555,Heuvelland,West-Vlaanderen,flanders,"c(2.77080555555556, 50.7680277777778)",Big_pond_Eeuwenhout_bos_2024-05-21_2024-05-22,2024
640-1,Big pond Eeuwenhout bos,2024-05-21T00:00:00Z,2024-05-22T00:00:00Z,SDSF_1a,Xenlae,juvenile,9,4.5,NA,alive,no,Xenopus laevis,5217334,,50.768027777777775,2.7708055555555555,Heuvelland,West-Vlaanderen,flanders,"c(2.77080555555556, 50.7680277777778)",Big_pond_Eeuwenhout_bos_2024-05-21_2024-05-22,2024
641-1,Big pond Eeuwenhout bos,2024-05-21T00:00:00Z,2024-05-22T00:00:00Z,SDSF_1a,Xenlae,juvenile,10,4.4,NA,alive,no,Xenopus laevis,5217334,,50.768027777777775,2.7708055555555555,Heuvelland,West-Vlaanderen,flanders,"c(2.77080555555556, 50.7680277777778)",Big_pond_Eeuwenhout_bos_2024-05-21_2024-05-22,2024
642-1,Big pond Eeuwenhout bos,2024-05-21T00:00:00Z,2024-05-22T00:00:00Z,SDSF_1a,Xenlae,juvenile,14,4.8,NA,alive,no,Xenopus laevis,5217334,,50.768027777777775,2.7708055555555555,Heuvelland,West-Vlaanderen,flanders,"c(2.77080555555556, 50.7680277777778)",Big_pond_Eeuwenhout_bos_2024-05-21_2024-05-22,2024
643-1,Big pond Eeuwenhout bos,2024-05-21T00:00:00Z,2024-05-22T00:00:00Z,SDSF_1a,Xenlae,juvenile,12,4.5,NA,alive,no,Xenopus laevis,5217334,,50.768027777777775,2.7708055555555555,Heuvelland,West-Vlaanderen,flanders,"c(2.77080555555556, 50.7680277777778)",Big_pond_Eeuwenhout_bos_2024-05-21_2024-05-22,2024
644-1,Big pond Eeuwenhout bos,2024-05-21T00:00:00Z,2024-05-22T00:00:00Z,SDSF_1a,Xenlae,juvenile,10,4.2,NA,alive,no,Xenopus laevis,5217334,,50.768027777777775,2.7708055555555555,Heuvelland,West-Vlaanderen,flanders,"c(2.77080555555556, 50.7680277777778)",Big_pond_Eeuwenhout_bos_2024-05-21_2024-05-22,2024
645-1,Big pond Eeuwenhout bos,2024-05-21T00:00:00Z,2024-05-22T00:00:00Z,SDSF_1a,Xenlae,juvenile,11,4.4,NA,alive,no,Xenopus laevis,5217334,,50.768027777777775,2.7708055555555555,Heuvelland,West-Vlaanderen,flanders,"c(2.77080555555556, 50.7680277777778)",Big_pond_Eeuwenhout_bos_2024-05-21_2024-05-22,2024
646-2,Big pond Eeuwenhout bos,2024-05-21T00:00:00Z,2024-05-22T00:00:00Z,SDSF_1a,Xenlae,juvenile,12,4.6,NA,alive,no,Xenopus laevis,5217334,,50.768027777777775,2.7708055555555555,Heuvelland,West-Vlaanderen,flanders,"c(2.77080555555556, 50.7680277777778)",Big_pond_Eeuwenhout_bos_2024-05-21_2024-05-22,2024
647-1,Big pond Eeuwenhout bos,2024-05-21T00:00:00Z,2024-05-22T00:00:00Z,SDSF_1a,Xenlae,juvenile,13,4.9,NA,alive,no,Xenopus laevis,5217334,,50.768027777777775,2.7708055555555555,Heuvelland,West-Vlaanderen,flanders,"c(2.77080555555556, 50.7680277777778)",Big_pond_Eeuwenhout_bos_2024-05-21_2024-05-22,2024
648-1,Big pond Eeuwenhout bos,2024-05-21T00:00:00Z,2024-05-22T00:00:00Z,SDSF_1a,Xenlae,juvenile,5,3.5,NA,alive,no,Xenopus laevis,5217334,,50.768027777777775,2.7708055555555555,Heuvelland,West-Vlaanderen,flanders,"c(2.77080555555556, 50.7680277777778)",Big_pond_Eeuwenhout_bos_2024-05-21_2024-05-22,2024
649-1,Big pond Eeuwenhout bos,2024-05-21T00:00:00Z,2024-05-22T00:00:00Z,SDSF_1a,Xenlae,juvenile,7,4.2,NA,alive,no,Xenopus laevis,5217334,,50.768027777777775,2.7708055555555555,Heuvelland,West-Vlaanderen,flanders,"c(2.77080555555556, 50.7680277777778)",Big_pond_Eeuwenhout_bos_2024-05-21_2024-05-22,2024
650-1,Big pond Eeuwenhout bos,2024-05-21T00:00:00Z,2024-05-22T00:00:00Z,SDSF_1a,Xenlae,juvenile,8,4.3,NA,alive,no,Xenopus laevis,5217334,,50.768027777777775,2.7708055555555555,Heuvelland,West-Vlaanderen,flanders,"c(2.77080555555556, 50.7680277777778)",Big_pond_Eeuwenhout_bos_2024-05-21_2024-05-22,2024
651-1,Big pond Eeuwenhout bos,2024-05-21T00:00:00Z,2024-05-22T00:00:00Z,SDSF_1a,Xenlae,juvenile,14,5.3,NA,alive,no,Xenopus laevis,5217334,,50.768027777777775,2.7708055555555555,Heuvelland,West-Vlaanderen,flanders,"c(2.77080555555556, 50.7680277777778)",Big_pond_Eeuwenhout_bos_2024-05-21_2024-05-22,2024
652-1,Big pond Eeuwenhout bos,2024-05-21T00:00:00Z,2024-05-22T00:00:00Z,SDSF_1a,Xenlae,juvenile,5,4.1,NA,alive,no,Xenopus laevis,5217334,,50.768027777777775,2.7708055555555555,Heuvelland,West-Vlaanderen,flanders,"c(2.77080555555556, 50.7680277777778)",Big_pond_Eeuwenhout_bos_2024-05-21_2024-05-22,2024
653-1,Big pond Eeuwenhout bos,2024-05-21T00:00:00Z,2024-05-22T00:00:00Z,SDSF_1a,Xenlae,juvenile,13,NA,NA,alive,no,Xenopus laevis,5217334,,50.768027777777775,2.7708055555555555,Heuvelland,West-Vlaanderen,flanders,"c(2.77080555555556, 50.7680277777778)",Big_pond_Eeuwenhout_bos_2024-05-21_2024-05-22,2024
654-1,Big pond Eeuwenhout bos,2024-05-21T00:00:00Z,2024-05-22T00:00:00Z,SDSF_1a,Xenlae,juvenile,9,4.4,NA,alive,no,Xenopus laevis,5217334,,50.768027777777775,2.7708055555555555,Heuvelland,West-Vlaanderen,flanders,"c(2.77080555555556, 50.7680277777778)",Big_pond_Eeuwenhout_bos_2024-05-21_2024-05-22,2024
655-2,Big pond Eeuwenhout bos,2024-05-21T00:00:00Z,2024-05-22T00:00:00Z,SDSF_1a,Xenlae,juvenile,10,4.4,NA,alive,no,Xenopus laevis,5217334,,50.768027777777775,2.7708055555555555,Heuvelland,West-Vlaanderen,flanders,"c(2.77080555555556, 50.7680277777778)",Big_pond_Eeuwenhout_bos_2024-05-21_2024-05-22,2024
656-1,Big pond Eeuwenhout bos,2024-05-21T00:00:00Z,2024-05-22T00:00:00Z,SDSF_1a,Xenlae,juvenile,10,4.8,NA,alive,no,Xenopus laevis,5217334,,50.768027777777775,2.7708055555555555,Heuvelland,West-Vlaanderen,flanders,"c(2.77080555555556, 50.7680277777778)",Big_pond_Eeuwenhout_bos_2024-05-21_2024-05-22,2024
657-1,Big pond Eeuwenhout bos,2024-05-21T00:00:00Z,2024-05-22T00:00:00Z,SDSF_1a,Xenlae,juvenile,8,4.6,NA,alive,no,Xenopus laevis,5217334,,50.768027777777775,2.7708055555555555,Heuvelland,West-Vlaanderen,flanders,"c(2.77080555555556, 50.7680277777778)",Big_pond_Eeuwenhout_bos_2024-05-21_2024-05-22,2024
658-1,Big pond Eeuwenhout bos,2024-05-21T00:00:00Z,2024-05-22T00:00:00Z,SDSF_1a,Xenlae,juvenile,8,3.9,NA,alive,no,Xenopus laevis,5217334,,50.768027777777775,2.7708055555555555,Heuvelland,West-Vlaanderen,flanders,"c(2.77080555555556, 50.7680277777778)",Big_pond_Eeuwenhout_bos_2024-05-21_2024-05-22,2024
659-1,Big pond Eeuwenhout bos,2024-05-21T00:00:00Z,2024-05-22T00:00:00Z,SDSF_1a,Xenlae,juvenile,6,3.9,NA,alive,no,Xenopus laevis,5217334,,50.768027777777775,2.7708055555555555,Heuvelland,West-Vlaanderen,flanders,"c(2.77080555555556, 50.7680277777778)",Big_pond_Eeuwenhout_bos_2024-05-21_2024-05-22,2024
660-1,Big pond Eeuwenhout bos,2024-05-21T00:00:00Z,2024-05-22T00:00:00Z,SDSF_1a,Xenlae,juvenile,4,3.6,NA,alive,no,Xenopus laevis,5217334,,50.768027777777775,2.7708055555555555,Heuvelland,West-Vlaanderen,flanders,"c(2.77080555555556, 50.7680277777778)",Big_pond_Eeuwenhout_bos_2024-05-21_2024-05-22,2024
665-1,Big pond Eeuwenhout bos,2024-05-21T00:00:00Z,2024-05-22T00:00:00Z,SDSF_2a,Xenlae,juvenile,11,5.1,NA,alive,no,Xenopus laevis,5217334,,50.768027777777775,2.7708055555555555,Heuvelland,West-Vlaanderen,flanders,"c(2.77080555555556, 50.7680277777778)",Big_pond_Eeuwenhout_bos_2024-05-21_2024-05-22,2024
666-1,Big pond Eeuwenhout bos,2024-05-21T00:00:00Z,2024-05-22T00:00:00Z,SDSF_2a,Xenlae,juvenile,10,4.5,NA,alive,no,Xenopus laevis,5217334,,50.768027777777775,2.7708055555555555,Heuvelland,West-Vlaanderen,flanders,"c(2.77080555555556, 50.7680277777778)",Big_pond_Eeuwenhout_bos_2024-05-21_2024-05-22,2024
667-1,Big pond Eeuwenhout bos,2024-05-21T00:00:00Z,2024-05-22T00:00:00Z,SDSF_2a,Xenlae,juvenile,18,5.6,NA,alive,no,Xenopus laevis,5217334,,50.768027777777775,2.7708055555555555,Heuvelland,West-Vlaanderen,flanders,"c(2.77080555555556, 50.7680277777778)",Big_pond_Eeuwenhout_bos_2024-05-21_2024-05-22,2024
668-1,Big pond Eeuwenhout bos,2024-05-21T00:00:00Z,2024-05-22T00:00:00Z,SDSF_2a,Xenlae,juvenile,19,5.6,NA,alive,no,Xenopus laevis,5217334,,50.768027777777775,2.7708055555555555,Heuvelland,West-Vlaanderen,flanders,"c(2.77080555555556, 50.7680277777778)",Big_pond_Eeuwenhout_bos_2024-05-21_2024-05-22,2024
669-1,Big pond Eeuwenhout bos,2024-05-21T00:00:00Z,2024-05-22T00:00:00Z,SDSF_2a,Xenlae,juvenile,17,5.4,NA,alive,no,Xenopus laevis,5217334,,50.768027777777775,2.7708055555555555,Heuvelland,West-Vlaanderen,flanders,"c(2.77080555555556, 50.7680277777778)",Big_pond_Eeuwenhout_bos_2024-05-21_2024-05-22,2024
670-1,Big pond Eeuwenhout bos,2024-05-21T00:00:00Z,2024-05-22T00:00:00Z,SDSF_2a,Xenlae,juvenile,13,5.2,NA,alive,no,Xenopus laevis,5217334,,50.768027777777775,2.7708055555555555,Heuvelland,West-Vlaanderen,flanders,"c(2.77080555555556, 50.7680277777778)",Big_pond_Eeuwenhout_bos_2024-05-21_2024-05-22,2024
671-1,Big pond Eeuwenhout bos,2024-05-21T00:00:00Z,2024-05-22T00:00:00Z,SDSF_2a,Xenlae,juvenile,15,5.3,NA,alive,no,Xenopus laevis,5217334,,50.768027777777775,2.7708055555555555,Heuvelland,West-Vlaanderen,flanders,"c(2.77080555555556, 50.7680277777778)",Big_pond_Eeuwenhout_bos_2024-05-21_2024-05-22,2024
672-1,Big pond Eeuwenhout bos,2024-05-21T00:00:00Z,2024-05-22T00:00:00Z,SDSF_2a,Xenlae,juvenile,10,4.7,NA,alive,no,Xenopus laevis,5217334,,50.768027777777775,2.7708055555555555,Heuvelland,West-Vlaanderen,flanders,"c(2.77080555555556, 50.7680277777778)",Big_pond_Eeuwenhout_bos_2024-05-21_2024-05-22,2024
673-1,Big pond Eeuwenhout bos,2024-05-21T00:00:00Z,2024-05-22T00:00:00Z,SDSF_2a,Xenlae,subadult,20,6.1,NA,alive,no,Xenopus laevis,5217334,,50.768027777777775,2.7708055555555555,Heuvelland,West-Vlaanderen,flanders,"c(2.77080555555556, 50.7680277777778)",Big_pond_Eeuwenhout_bos_2024-05-21_2024-05-22,2024
674-1,Big pond Eeuwenhout bos,2024-05-21T00:00:00Z,2024-05-22T00:00:00Z,SDSF_2a,Xenlae,juvenile,19,5.5,NA,alive,no,Xenopus laevis,5217334,,50.768027777777775,2.7708055555555555,Heuvelland,West-Vlaanderen,flanders,"c(2.77080555555556, 50.7680277777778)",Big_pond_Eeuwenhout_bos_2024-05-21_2024-05-22,2024
675-1,Big pond Eeuwenhout bos,2024-05-21T00:00:00Z,2024-05-22T00:00:00Z,SDSF_2a,Xenlae,juvenile,12,5.2,NA,alive,no,Xenopus laevis,5217334,,50.768027777777775,2.7708055555555555,Heuvelland,West-Vlaanderen,flanders,"c(2.77080555555556, 50.7680277777778)",Big_pond_Eeuwenhout_bos_2024-05-21_2024-05-22,2024
676-1,Big pond Eeuwenhout bos,2024-05-21T00:00:00Z,2024-05-22T00:00:00Z,SDSF_2a,Xenlae,juvenile,13,5.1,NA,alive,no,Xenopus laevis,5217334,,50.768027777777775,2.7708055555555555,Heuvelland,West-Vlaanderen,flanders,"c(2.77080555555556, 50.7680277777778)",Big_pond_Eeuwenhout_bos_2024-05-21_2024-05-22,2024
677-2,Big pond Eeuwenhout bos,2024-05-21T00:00:00Z,2024-05-22T00:00:00Z,SDSF_2a,Xenlae,juvenile,15,5.3,NA,alive,no,Xenopus laevis,5217334,,50.768027777777775,2.7708055555555555,Heuvelland,West-Vlaanderen,flanders,"c(2.77080555555556, 50.7680277777778)",Big_pond_Eeuwenhout_bos_2024-05-21_2024-05-22,2024
678-1,Big pond Eeuwenhout bos,2024-05-21T00:00:00Z,2024-05-22T00:00:00Z,SDSF_2a,Xenlae,juvenile,12,4.8,NA,alive,no,Xenopus laevis,5217334,,50.768027777777775,2.7708055555555555,Heuvelland,West-Vlaanderen,flanders,"c(2.77080555555556, 50.7680277777778)",Big_pond_Eeuwenhout_bos_2024-05-21_2024-05-22,2024
679-1,Big pond Eeuwenhout bos,2024-05-21T00:00:00Z,2024-05-22T00:00:00Z,SDSF_2a,Xenlae,juvenile,11,4.6,NA,alive,no,Xenopus laevis,5217334,,50.768027777777775,2.7708055555555555,Heuvelland,West-Vlaanderen,flanders,"c(2.77080555555556, 50.7680277777778)",Big_pond_Eeuwenhout_bos_2024-05-21_2024-05-22,2024
680-1,Big pond Eeuwenhout bos,2024-05-21T00:00:00Z,2024-05-22T00:00:00Z,SDSF_2a,Xenlae,juvenile,16,5.1,NA,alive,no,Xenopus laevis,5217334,,50.768027777777775,2.7708055555555555,Heuvelland,West-Vlaanderen,flanders,"c(2.77080555555556, 50.7680277777778)",Big_pond_Eeuwenhout_bos_2024-05-21_2024-05-22,2024
681-3,Big pond Eeuwenhout bos,2024-05-21T00:00:00Z,2024-05-22T00:00:00Z,SDSF_2a,Xenlae,juvenile,15,5.3,NA,alive,no,Xenopus laevis,5217334,,50.768027777777775,2.7708055555555555,Heuvelland,West-Vlaanderen,flanders,"c(2.77080555555556, 50.7680277777778)",Big_pond_Eeuwenhout_bos_2024-05-21_2024-05-22,2024
682-1,Big pond Eeuwenhout bos,2024-05-21T00:00:00Z,2024-05-22T00:00:00Z,SDSF_2a,Xenlae,juvenile,14,5.2,NA,alive,no,Xenopus laevis,5217334,,50.768027777777775,2.7708055555555555,Heuvelland,West-Vlaanderen,flanders,"c(2.77080555555556, 50.7680277777778)",Big_pond_Eeuwenhout_bos_2024-05-21_2024-05-22,2024
683-1,Big pond Eeuwenhout bos,2024-05-21T00:00:00Z,2024-05-22T00:00:00Z,SDSF_2a,Xenlae,juvenile,8,4.5,NA,alive,no,Xenopus laevis,5217334,,50.768027777777775,2.7708055555555555,Heuvelland,West-Vlaanderen,flanders,"c(2.77080555555556, 50.7680277777778)",Big_pond_Eeuwenhout_bos_2024-05-21_2024-05-22,2024
684-1,Big pond Eeuwenhout bos,2024-05-21T00:00:00Z,2024-05-22T00:00:00Z,SDSF_2a,Xenlae,juvenile,14,5.1,NA,alive,no,Xenopus laevis,5217334,,50.768027777777775,2.7708055555555555,Heuvelland,West-Vlaanderen,flanders,"c(2.77080555555556, 50.7680277777778)",Big_pond_Eeuwenhout_bos_2024-05-21_2024-05-22,2024
685-1,Big pond Eeuwenhout bos,2024-05-21T00:00:00Z,2024-05-22T00:00:00Z,SDSF_2a,Xenlae,juvenile,9,4.5,NA,alive,no,Xenopus laevis,5217334,,50.768027777777775,2.7708055555555555,Heuvelland,West-Vlaanderen,flanders,"c(2.77080555555556, 50.7680277777778)",Big_pond_Eeuwenhout_bos_2024-05-21_2024-05-22,2024
686-1,Big pond Eeuwenhout bos,2024-05-21T00:00:00Z,2024-05-22T00:00:00Z,SDSF_2a,Xenlae,juvenile,4,3.7,NA,alive,no,Xenopus laevis,5217334,,50.768027777777775,2.7708055555555555,Heuvelland,West-Vlaanderen,flanders,"c(2.77080555555556, 50.7680277777778)",Big_pond_Eeuwenhout_bos_2024-05-21_2024-05-22,2024
687-1,Big pond Eeuwenhout bos,2024-05-21T00:00:00Z,2024-05-22T00:00:00Z,SDSF_2a,Xenlae,juvenile,8,3.8,NA,alive,no,Xenopus laevis,5217334,,50.768027777777775,2.7708055555555555,Heuvelland,West-Vlaanderen,flanders,"c(2.77080555555556, 50.7680277777778)",Big_pond_Eeuwenhout_bos_2024-05-21_2024-05-22,2024
688-1,Big pond Eeuwenhout bos,2024-05-21T00:00:00Z,2024-05-22T00:00:00Z,SDSF_2a,Xenlae,juvenile,6,4.2,NA,alive,no,Xenopus laevis,5217334,,50.768027777777775,2.7708055555555555,Heuvelland,West-Vlaanderen,flanders,"c(2.77080555555556, 50.7680277777778)",Big_pond_Eeuwenhout_bos_2024-05-21_2024-05-22,2024
689-2,Big pond Eeuwenhout bos,2024-05-21T00:00:00Z,2024-05-22T00:00:00Z,SDSF_2a,Xenlae,juvenile,12,4.8,NA,alive,no,Xenopus laevis,5217334,,50.768027777777775,2.7708055555555555,Heuvelland,West-Vlaanderen,flanders,"c(2.77080555555556, 50.7680277777778)",Big_pond_Eeuwenhout_bos_2024-05-21_2024-05-22,2024
690-1,Big pond Eeuwenhout bos,2024-05-21T00:00:00Z,2024-05-22T00:00:00Z,SDSF_2a,Xenlae,juvenile,16,5.7,NA,alive,no,Xenopus laevis,5217334,,50.768027777777775,2.7708055555555555,Heuvelland,West-Vlaanderen,flanders,"c(2.77080555555556, 50.7680277777778)",Big_pond_Eeuwenhout_bos_2024-05-21_2024-05-22,2024
691-1,Big pond Eeuwenhout bos,2024-05-21T00:00:00Z,2024-05-22T00:00:00Z,SDSF_2a,Xenlae,juvenile,5,4,NA,alive,no,Xenopus laevis,5217334,,50.768027777777775,2.7708055555555555,Heuvelland,West-Vlaanderen,flanders,"c(2.77080555555556, 50.7680277777778)",Big_pond_Eeuwenhout_bos_2024-05-21_2024-05-22,2024
692-1,Big pond Eeuwenhout bos,2024-05-21T00:00:00Z,2024-05-22T00:00:00Z,SDSF_2a,Xenlae,juvenile,13,5,NA,alive,no,Xenopus laevis,5217334,,50.768027777777775,2.7708055555555555,Heuvelland,West-Vlaanderen,flanders,"c(2.77080555555556, 50.7680277777778)",Big_pond_Eeuwenhout_bos_2024-05-21_2024-05-22,2024
693-1,Big pond Eeuwenhout bos,2024-05-21T00:00:00Z,2024-05-22T00:00:00Z,SDSF_2a,Xenlae,juvenile,15,5.4,NA,alive,no,Xenopus laevis,5217334,,50.768027777777775,2.7708055555555555,Heuvelland,West-Vlaanderen,flanders,"c(2.77080555555556, 50.7680277777778)",Big_pond_Eeuwenhout_bos_2024-05-21_2024-05-22,2024
694-1,Big pond Eeuwenhout bos,2024-05-21T00:00:00Z,2024-05-22T00:00:00Z,SDSF_2a,Xenlae,juvenile,8,4.2,NA,alive,no,Xenopus laevis,5217334,,50.768027777777775,2.7708055555555555,Heuvelland,West-Vlaanderen,flanders,"c(2.77080555555556, 50.7680277777778)",Big_pond_Eeuwenhout_bos_2024-05-21_2024-05-22,2024
695-1,Big pond Eeuwenhout bos,2024-05-21T00:00:00Z,2024-05-22T00:00:00Z,SDSF_2a,Xenlae,juvenile,4,4,NA,alive,no,Xenopus laevis,5217334,,50.768027777777775,2.7708055555555555,Heuvelland,West-Vlaanderen,flanders,"c(2.77080555555556, 50.7680277777778)",Big_pond_Eeuwenhout_bos_2024-05-21_2024-05-22,2024
696-1,Big pond Eeuwenhout bos,2024-05-21T00:00:00Z,2024-05-22T00:00:00Z,SDSF_2a,Xenlae,juvenile,13,4.9,NA,alive,no,Xenopus laevis,5217334,,50.768027777777775,2.7708055555555555,Heuvelland,West-Vlaanderen,flanders,"c(2.77080555555556, 50.7680277777778)",Big_pond_Eeuwenhout_bos_2024-05-21_2024-05-22,2024
697-1,Big pond Eeuwenhout bos,2024-05-21T00:00:00Z,2024-05-22T00:00:00Z,SDSF_2a,Xenlae,juvenile,11,4.8,NA,alive,no,Xenopus laevis,5217334,,50.768027777777775,2.7708055555555555,Heuvelland,West-Vlaanderen,flanders,"c(2.77080555555556, 50.7680277777778)",Big_pond_Eeuwenhout_bos_2024-05-21_2024-05-22,2024
698-4,Big pond Eeuwenhout bos,2024-05-21T00:00:00Z,2024-05-22T00:00:00Z,SDSF_2a,Xenlae,juvenile,15,5.3,NA,alive,no,Xenopus laevis,5217334,,50.768027777777775,2.7708055555555555,Heuvelland,West-Vlaanderen,flanders,"c(2.77080555555556, 50.7680277777778)",Big_pond_Eeuwenhout_bos_2024-05-21_2024-05-22,2024
699-1,Big pond Eeuwenhout bos,2024-05-21T00:00:00Z,2024-05-22T00:00:00Z,SDSF_2a,Xenlae,juvenile,6,4.5,NA,alive,no,Xenopus laevis,5217334,,50.768027777777775,2.7708055555555555,Heuvelland,West-Vlaanderen,flanders,"c(2.77080555555556, 50.7680277777778)",Big_pond_Eeuwenhout_bos_2024-05-21_2024-05-22,2024
700-1,Big pond Eeuwenhout bos,2024-05-21T00:00:00Z,2024-05-22T00:00:00Z,SDSF_2a,Xenlae,juvenile,5,3.8,NA,alive,no,Xenopus laevis,5217334,,50.768027777777775,2.7708055555555555,Heuvelland,West-Vlaanderen,flanders,"c(2.77080555555556, 50.7680277777778)",Big_pond_Eeuwenhout_bos_2024-05-21_2024-05-22,2024
701-1,Big pond Eeuwenhout bos,2024-05-21T00:00:00Z,2024-05-22T00:00:00Z,SDSF_2a,Xenlae,juvenile,7,4,NA,alive,no,Xenopus laevis,5217334,,50.768027777777775,2.7708055555555555,Heuvelland,West-Vlaanderen,flanders,"c(2.77080555555556, 50.7680277777778)",Big_pond_Eeuwenhout_bos_2024-05-21_2024-05-22,2024
702-1,Big pond Eeuwenhout bos,2024-05-21T00:00:00Z,2024-05-22T00:00:00Z,SDSF_2a,Xenlae,juvenile,9,4.1,NA,alive,no,Xenopus laevis,5217334,,50.768027777777775,2.7708055555555555,Heuvelland,West-Vlaanderen,flanders,"c(2.77080555555556, 50.7680277777778)",Big_pond_Eeuwenhout_bos_2024-05-21_2024-05-22,2024
703-1,Big pond Eeuwenhout bos,2024-05-21T00:00:00Z,2024-05-22T00:00:00Z,SDSF_2a,Xenlae,juvenile,9,4.4,NA,alive,no,Xenopus laevis,5217334,,50.768027777777775,2.7708055555555555,Heuvelland,West-Vlaanderen,flanders,"c(2.77080555555556, 50.7680277777778)",Big_pond_Eeuwenhout_bos_2024-05-21_2024-05-22,2024
704-1,Big pond Eeuwenhout bos,2024-05-21T00:00:00Z,2024-05-22T00:00:00Z,SDSF_2a,Xenlae,juvenile,8,4.3,NA,alive,no,Xenopus laevis,5217334,,50.768027777777775,2.7708055555555555,Heuvelland,West-Vlaanderen,flanders,"c(2.77080555555556, 50.7680277777778)",Big_pond_Eeuwenhout_bos_2024-05-21_2024-05-22,2024
705-1,Big pond Eeuwenhout bos,2024-05-21T00:00:00Z,2024-05-22T00:00:00Z,SDSF_2a,Xenlae,juvenile,7,4.1,NA,alive,no,Xenopus laevis,5217334,,50.768027777777775,2.7708055555555555,Heuvelland,West-Vlaanderen,flanders,"c(2.77080555555556, 50.7680277777778)",Big_pond_Eeuwenhout_bos_2024-05-21_2024-05-22,2024
706-1,Big pond Eeuwenhout bos,2024-05-21T00:00:00Z,2024-05-22T00:00:00Z,SDSF_2a,Xenlae,juvenile,10,4.4,NA,alive,no,Xenopus laevis,5217334,,50.768027777777775,2.7708055555555555,Heuvelland,West-Vlaanderen,flanders,"c(2.77080555555556, 50.7680277777778)",Big_pond_Eeuwenhout_bos_2024-05-21_2024-05-22,2024
707-2,Big pond Eeuwenhout bos,2024-05-21T00:00:00Z,2024-05-22T00:00:00Z,SDSF_2a,Xenlae,juvenile,11,4.8,NA,alive,no,Xenopus laevis,5217334,,50.768027777777775,2.7708055555555555,Heuvelland,West-Vlaanderen,flanders,"c(2.77080555555556, 50.7680277777778)",Big_pond_Eeuwenhout_bos_2024-05-21_2024-05-22,2024
708-2,Big pond Eeuwenhout bos,2024-05-21T00:00:00Z,2024-05-22T00:00:00Z,SDSF_2a,Xenlae,juvenile,9,4.4,NA,alive,no,Xenopus laevis,5217334,,50.768027777777775,2.7708055555555555,Heuvelland,West-Vlaanderen,flanders,"c(2.77080555555556, 50.7680277777778)",Big_pond_Eeuwenhout_bos_2024-05-21_2024-05-22,2024
709-1,Big pond Eeuwenhout bos,2024-05-21T00:00:00Z,2024-05-22T00:00:00Z,SDSF_2a,Xenlae,juvenile,5,3.9,NA,alive,no,Xenopus laevis,5217334,,50.768027777777775,2.7708055555555555,Heuvelland,West-Vlaanderen,flanders,"c(2.77080555555556, 50.7680277777778)",Big_pond_Eeuwenhout_bos_2024-05-21_2024-05-22,2024
710-1,Big pond Eeuwenhout bos,2024-05-21T00:00:00Z,2024-05-22T00:00:00Z,SDSF_2a,Xenlae,juvenile,5,3.7,NA,alive,no,Xenopus laevis,5217334,,50.768027777777775,2.7708055555555555,Heuvelland,West-Vlaanderen,flanders,"c(2.77080555555556, 50.7680277777778)",Big_pond_Eeuwenhout_bos_2024-05-21_2024-05-22,2024
711-1,Big pond Eeuwenhout bos,2024-05-21T00:00:00Z,2024-05-22T00:00:00Z,SDSF_2a,Xenlae,juvenile,4,3.8,NA,alive,no,Xenopus laevis,5217334,,50.768027777777775,2.7708055555555555,Heuvelland,West-Vlaanderen,flanders,"c(2.77080555555556, 50.7680277777778)",Big_pond_Eeuwenhout_bos_2024-05-21_2024-05-22,2024
712-2,Big pond Eeuwenhout bos,2024-05-21T00:00:00Z,2024-05-22T00:00:00Z,SDSF_2a,Xenlae,juvenile,5,4,NA,alive,no,Xenopus laevis,5217334,,50.768027777777775,2.7708055555555555,Heuvelland,West-Vlaanderen,flanders,"c(2.77080555555556, 50.7680277777778)",Big_pond_Eeuwenhout_bos_2024-05-21_2024-05-22,2024
719-1,Big pond Eeuwenhout bos,2024-05-21T00:00:00Z,2024-05-22T00:00:00Z,SDSF_3a,Xenlae,juvenile,9,4.5,NA,alive,no,Xenopus laevis,5217334,,50.768027777777775,2.7708055555555555,Heuvelland,West-Vlaanderen,flanders,"c(2.77080555555556, 50.7680277777778)",Big_pond_Eeuwenhout_bos_2024-05-21_2024-05-22,2024
720-1,Big pond Eeuwenhout bos,2024-05-21T00:00:00Z,2024-05-22T00:00:00Z,SDSF_3a,Xenlae,juvenile,11,4.7,NA,alive,no,Xenopus laevis,5217334,,50.768027777777775,2.7708055555555555,Heuvelland,West-Vlaanderen,flanders,"c(2.77080555555556, 50.7680277777778)",Big_pond_Eeuwenhout_bos_2024-05-21_2024-05-22,2024
721-1,Big pond Eeuwenhout bos,2024-05-21T00:00:00Z,2024-05-22T00:00:00Z,SDSF_3a,Xenlae,juvenile,19,5.4,NA,alive,no,Xenopus laevis,5217334,,50.768027777777775,2.7708055555555555,Heuvelland,West-Vlaanderen,flanders,"c(2.77080555555556, 50.7680277777778)",Big_pond_Eeuwenhout_bos_2024-05-21_2024-05-22,2024
722-1,Big pond Eeuwenhout bos,2024-05-21T00:00:00Z,2024-05-22T00:00:00Z,SDSF_3a,Xenlae,juvenile,12,4.8,NA,alive,no,Xenopus laevis,5217334,,50.768027777777775,2.7708055555555555,Heuvelland,West-Vlaanderen,flanders,"c(2.77080555555556, 50.7680277777778)",Big_pond_Eeuwenhout_bos_2024-05-21_2024-05-22,2024
723-1,Big pond Eeuwenhout bos,2024-05-21T00:00:00Z,2024-05-22T00:00:00Z,SDSF_3a,Xenlae,juvenile,4,4.1,NA,alive,no,Xenopus laevis,5217334,,50.768027777777775,2.7708055555555555,Heuvelland,West-Vlaanderen,flanders,"c(2.77080555555556, 50.7680277777778)",Big_pond_Eeuwenhout_bos_2024-05-21_2024-05-22,2024
724-1,Big pond Eeuwenhout bos,2024-05-21T00:00:00Z,2024-05-22T00:00:00Z,SDSF_3a,Xenlae,subadult,20,6.1,NA,alive,no,Xenopus laevis,5217334,,50.768027777777775,2.7708055555555555,Heuvelland,West-Vlaanderen,flanders,"c(2.77080555555556, 50.7680277777778)",Big_pond_Eeuwenhout_bos_2024-05-21_2024-05-22,2024
725-1,Big pond Eeuwenhout bos,2024-05-21T00:00:00Z,2024-05-22T00:00:00Z,SDSF_3a,Xenlae,juvenile,14,5.3,NA,alive,no,Xenopus laevis,5217334,,50.768027777777775,2.7708055555555555,Heuvelland,West-Vlaanderen,flanders,"c(2.77080555555556, 50.7680277777778)",Big_pond_Eeuwenhout_bos_2024-05-21_2024-05-22,2024
726-1,Big pond Eeuwenhout bos,2024-05-21T00:00:00Z,2024-05-22T00:00:00Z,SDSF_3a,Xenlae,juvenile,9,4.3,NA,alive,no,Xenopus laevis,5217334,,50.768027777777775,2.7708055555555555,Heuvelland,West-Vlaanderen,flanders,"c(2.77080555555556, 50.7680277777778)",Big_pond_Eeuwenhout_bos_2024-05-21_2024-05-22,2024
727-1,Big pond Eeuwenhout bos,2024-05-21T00:00:00Z,2024-05-22T00:00:00Z,SDSF_3a,Xenlae,juvenile,18,5.5,NA,alive,no,Xenopus laevis,5217334,,50.768027777777775,2.7708055555555555,Heuvelland,West-Vlaanderen,flanders,"c(2.77080555555556, 50.7680277777778)",Big_pond_Eeuwenhout_bos_2024-05-21_2024-05-22,2024
728-1,Big pond Eeuwenhout bos,2024-05-21T00:00:00Z,2024-05-22T00:00:00Z,SDSF_3a,Xenlae,juvenile,9,4.6,NA,alive,no,Xenopus laevis,5217334,,50.768027777777775,2.7708055555555555,Heuvelland,West-Vlaanderen,flanders,"c(2.77080555555556, 50.7680277777778)",Big_pond_Eeuwenhout_bos_2024-05-21_2024-05-22,2024
729-1,Big pond Eeuwenhout bos,2024-05-21T00:00:00Z,2024-05-22T00:00:00Z,SDSF_3a,Xenlae,juvenile,4,3.7,NA,alive,no,Xenopus laevis,5217334,,50.768027777777775,2.7708055555555555,Heuvelland,West-Vlaanderen,flanders,"c(2.77080555555556, 50.7680277777778)",Big_pond_Eeuwenhout_bos_2024-05-21_2024-05-22,2024
730-1,Big pond Eeuwenhout bos,2024-05-21T00:00:00Z,2024-05-22T00:00:00Z,SDSF_3a,Xenlae,juvenile,12,5,NA,alive,no,Xenopus laevis,5217334,,50.768027777777775,2.7708055555555555,Heuvelland,West-Vlaanderen,flanders,"c(2.77080555555556, 50.7680277777778)",Big_pond_Eeuwenhout_bos_2024-05-21_2024-05-22,2024
731-1,Big pond Eeuwenhout bos,2024-05-21T00:00:00Z,2024-05-22T00:00:00Z,SDSF_3a,Xenlae,juvenile,25,5.8,NA,alive,no,Xenopus laevis,5217334,,50.768027777777775,2.7708055555555555,Heuvelland,West-Vlaanderen,flanders,"c(2.77080555555556, 50.7680277777778)",Big_pond_Eeuwenhout_bos_2024-05-21_2024-05-22,2024
732-1,Big pond Eeuwenhout bos,2024-05-21T00:00:00Z,2024-05-22T00:00:00Z,SDSF_3a,Xenlae,juvenile,12,4.5,NA,alive,no,Xenopus laevis,5217334,,50.768027777777775,2.7708055555555555,Heuvelland,West-Vlaanderen,flanders,"c(2.77080555555556, 50.7680277777778)",Big_pond_Eeuwenhout_bos_2024-05-21_2024-05-22,2024
733-1,Big pond Eeuwenhout bos,2024-05-21T00:00:00Z,2024-05-22T00:00:00Z,SDSF_3a,Xenlae,juvenile,13,4.7,NA,alive,no,Xenopus laevis,5217334,,50.768027777777775,2.7708055555555555,Heuvelland,West-Vlaanderen,flanders,"c(2.77080555555556, 50.7680277777778)",Big_pond_Eeuwenhout_bos_2024-05-21_2024-05-22,2024
734-1,Big pond Eeuwenhout bos,2024-05-21T00:00:00Z,2024-05-22T00:00:00Z,SDSF_3a,Xenlae,juvenile,7,4.1,NA,alive,no,Xenopus laevis,5217334,,50.768027777777775,2.7708055555555555,Heuvelland,West-Vlaanderen,flanders,"c(2.77080555555556, 50.7680277777778)",Big_pond_Eeuwenhout_bos_2024-05-21_2024-05-22,2024
735-1,Big pond Eeuwenhout bos,2024-05-21T00:00:00Z,2024-05-22T00:00:00Z,SDSF_3a,Xenlae,juvenile,8,4,NA,alive,no,Xenopus laevis,5217334,,50.768027777777775,2.7708055555555555,Heuvelland,West-Vlaanderen,flanders,"c(2.77080555555556, 50.7680277777778)",Big_pond_Eeuwenhout_bos_2024-05-21_2024-05-22,2024
736-1,Big pond Eeuwenhout bos,2024-05-21T00:00:00Z,2024-05-22T00:00:00Z,SDSF_3a,Xenlae,juvenile,7,4.4,NA,alive,no,Xenopus laevis,5217334,,50.768027777777775,2.7708055555555555,Heuvelland,West-Vlaanderen,flanders,"c(2.77080555555556, 50.7680277777778)",Big_pond_Eeuwenhout_bos_2024-05-21_2024-05-22,2024
737-1,Big pond Eeuwenhout bos,2024-05-21T00:00:00Z,2024-05-22T00:00:00Z,SDSF_3a,Xenlae,juvenile,9,4.4,NA,alive,no,Xenopus laevis,5217334,,50.768027777777775,2.7708055555555555,Heuvelland,West-Vlaanderen,flanders,"c(2.77080555555556, 50.7680277777778)",Big_pond_Eeuwenhout_bos_2024-05-21_2024-05-22,2024
738-1,Big pond Eeuwenhout bos,2024-05-21T00:00:00Z,2024-05-22T00:00:00Z,SDSF_3a,Xenlae,juvenile,12,5.1,NA,alive,no,Xenopus laevis,5217334,,50.768027777777775,2.7708055555555555,Heuvelland,West-Vlaanderen,flanders,"c(2.77080555555556, 50.7680277777778)",Big_pond_Eeuwenhout_bos_2024-05-21_2024-05-22,2024
739-1,Big pond Eeuwenhout bos,2024-05-21T00:00:00Z,2024-05-22T00:00:00Z,SDSF_3a,Xenlae,juvenile,11,4.8,NA,alive,no,Xenopus laevis,5217334,,50.768027777777775,2.7708055555555555,Heuvelland,West-Vlaanderen,flanders,"c(2.77080555555556, 50.7680277777778)",Big_pond_Eeuwenhout_bos_2024-05-21_2024-05-22,2024
740-1,Big pond Eeuwenhout bos,2024-05-21T00:00:00Z,2024-05-22T00:00:00Z,SDSF_3a,Xenlae,juvenile,5,4,NA,alive,no,Xenopus laevis,5217334,,50.768027777777775,2.7708055555555555,Heuvelland,West-Vlaanderen,flanders,"c(2.77080555555556, 50.7680277777778)",Big_pond_Eeuwenhout_bos_2024-05-21_2024-05-22,2024
741-1,Big pond Eeuwenhout bos,2024-05-21T00:00:00Z,2024-05-22T00:00:00Z,SDSF_3a,Xenlae,juvenile,7,3.8,NA,alive,no,Xenopus laevis,5217334,,50.768027777777775,2.7708055555555555,Heuvelland,West-Vlaanderen,flanders,"c(2.77080555555556, 50.7680277777778)",Big_pond_Eeuwenhout_bos_2024-05-21_2024-05-22,2024
742-1,Big pond Eeuwenhout bos,2024-05-21T00:00:00Z,2024-05-22T00:00:00Z,SDSF_3a,Xenlae,juvenile,6,3.8,NA,alive,no,Xenopus laevis,5217334,,50.768027777777775,2.7708055555555555,Heuvelland,West-Vlaanderen,flanders,"c(2.77080555555556, 50.7680277777778)",Big_pond_Eeuwenhout_bos_2024-05-21_2024-05-22,2024
743-2,Big pond Eeuwenhout bos,2024-05-21T00:00:00Z,2024-05-22T00:00:00Z,SDSF_3a,Xenlae,juvenile,9,4.6,NA,alive,no,Xenopus laevis,5217334,,50.768027777777775,2.7708055555555555,Heuvelland,West-Vlaanderen,flanders,"c(2.77080555555556, 50.7680277777778)",Big_pond_Eeuwenhout_bos_2024-05-21_2024-05-22,2024
744-1,Big pond Eeuwenhout bos,2024-05-21T00:00:00Z,2024-05-22T00:00:00Z,SDSF_3a,Xenlae,subadult,22,6.2,NA,alive,no,Xenopus laevis,5217334,,50.768027777777775,2.7708055555555555,Heuvelland,West-Vlaanderen,flanders,"c(2.77080555555556, 50.7680277777778)",Big_pond_Eeuwenhout_bos_2024-05-21_2024-05-22,2024
745-3,Big pond Eeuwenhout bos,2024-05-21T00:00:00Z,2024-05-22T00:00:00Z,SDSF_3a,Xenlae,juvenile,9,4.6,NA,alive,no,Xenopus laevis,5217334,,50.768027777777775,2.7708055555555555,Heuvelland,West-Vlaanderen,flanders,"c(2.77080555555556, 50.7680277777778)",Big_pond_Eeuwenhout_bos_2024-05-21_2024-05-22,2024
746-1,Big pond Eeuwenhout bos,2024-05-21T00:00:00Z,2024-05-22T00:00:00Z,SDSF_3a,Xenlae,juvenile,15,5.1,NA,alive,no,Xenopus laevis,5217334,,50.768027777777775,2.7708055555555555,Heuvelland,West-Vlaanderen,flanders,"c(2.77080555555556, 50.7680277777778)",Big_pond_Eeuwenhout_bos_2024-05-21_2024-05-22,2024
747-1,Big pond Eeuwenhout bos,2024-05-21T00:00:00Z,2024-05-22T00:00:00Z,SDSF_3a,Xenlae,juvenile,3,3.9,NA,alive,no,Xenopus laevis,5217334,,50.768027777777775,2.7708055555555555,Heuvelland,West-Vlaanderen,flanders,"c(2.77080555555556, 50.7680277777778)",Big_pond_Eeuwenhout_bos_2024-05-21_2024-05-22,2024
748-1,Big pond Eeuwenhout bos,2024-05-21T00:00:00Z,2024-05-22T00:00:00Z,SDSF_3a,Xenlae,juvenile,11,4.9,NA,alive,no,Xenopus laevis,5217334,,50.768027777777775,2.7708055555555555,Heuvelland,West-Vlaanderen,flanders,"c(2.77080555555556, 50.7680277777778)",Big_pond_Eeuwenhout_bos_2024-05-21_2024-05-22,2024
749-1,Big pond Eeuwenhout bos,2024-05-21T00:00:00Z,2024-05-22T00:00:00Z,SDSF_3a,Xenlae,juvenile,4,3.8,NA,alive,no,Xenopus laevis,5217334,,50.768027777777775,2.7708055555555555,Heuvelland,West-Vlaanderen,flanders,"c(2.77080555555556, 50.7680277777778)",Big_pond_Eeuwenhout_bos_2024-05-21_2024-05-22,2024
750-1,Big pond Eeuwenhout bos,2024-05-21T00:00:00Z,2024-05-22T00:00:00Z,SDSF_3a,Xenlae,juvenile,5,3.6,NA,alive,no,Xenopus laevis,5217334,,50.768027777777775,2.7708055555555555,Heuvelland,West-Vlaanderen,flanders,"c(2.77080555555556, 50.7680277777778)",Big_pond_Eeuwenhout_bos_2024-05-21_2024-05-22,2024
751-1,Big pond Eeuwenhout bos,2024-05-21T00:00:00Z,2024-05-22T00:00:00Z,SDSF_3a,Xenlae,juvenile,6,4.2,NA,alive,no,Xenopus laevis,5217334,,50.768027777777775,2.7708055555555555,Heuvelland,West-Vlaanderen,flanders,"c(2.77080555555556, 50.7680277777778)",Big_pond_Eeuwenhout_bos_2024-05-21_2024-05-22,2024
752-1,Big pond Eeuwenhout bos,2024-05-21T00:00:00Z,2024-05-22T00:00:00Z,SDSF_3a,Xenlae,juvenile,8,4.3,NA,alive,no,Xenopus laevis,5217334,,50.768027777777775,2.7708055555555555,Heuvelland,West-Vlaanderen,flanders,"c(2.77080555555556, 50.7680277777778)",Big_pond_Eeuwenhout_bos_2024-05-21_2024-05-22,2024
753-1,Big pond Eeuwenhout bos,2024-05-21T00:00:00Z,2024-05-22T00:00:00Z,SDSF_3a,Xenlae,juvenile,8,4.6,NA,alive,no,Xenopus laevis,5217334,,50.768027777777775,2.7708055555555555,Heuvelland,West-Vlaanderen,flanders,"c(2.77080555555556, 50.7680277777778)",Big_pond_Eeuwenhout_bos_2024-05-21_2024-05-22,2024
754-2,Big pond Eeuwenhout bos,2024-05-21T00:00:00Z,2024-05-22T00:00:00Z,SDSF_3a,Xenlae,juvenile,5,4,NA,alive,no,Xenopus laevis,5217334,,50.768027777777775,2.7708055555555555,Heuvelland,West-Vlaanderen,flanders,"c(2.77080555555556, 50.7680277777778)",Big_pond_Eeuwenhout_bos_2024-05-21_2024-05-22,2024
755-2,Big pond Eeuwenhout bos,2024-05-21T00:00:00Z,2024-05-22T00:00:00Z,SDSF_3a,Xenlae,juvenile,7,3.8,NA,alive,no,Xenopus laevis,5217334,,50.768027777777775,2.7708055555555555,Heuvelland,West-Vlaanderen,flanders,"c(2.77080555555556, 50.7680277777778)",Big_pond_Eeuwenhout_bos_2024-05-21_2024-05-22,2024
756-1,Big pond Eeuwenhout bos,2024-05-21T00:00:00Z,2024-05-22T00:00:00Z,SDSF_3a,Xenlae,juvenile,7,4.2,NA,alive,no,Xenopus laevis,5217334,,50.768027777777775,2.7708055555555555,Heuvelland,West-Vlaanderen,flanders,"c(2.77080555555556, 50.7680277777778)",Big_pond_Eeuwenhout_bos_2024-05-21_2024-05-22,2024
764-1,Big pond Eeuwenhout bos,2024-05-21T00:00:00Z,2024-05-22T00:00:00Z,SDSF_4a,Xenlae,subadult,23,6.2,NA,alive,no,Xenopus laevis,5217334,,50.768027777777775,2.7708055555555555,Heuvelland,West-Vlaanderen,flanders,"c(2.77080555555556, 50.7680277777778)",Big_pond_Eeuwenhout_bos_2024-05-21_2024-05-22,2024
765-1,Big pond Eeuwenhout bos,2024-05-21T00:00:00Z,2024-05-22T00:00:00Z,SDSF_4a,Xenlae,juvenile,21,5.8,NA,alive,no,Xenopus laevis,5217334,,50.768027777777775,2.7708055555555555,Heuvelland,West-Vlaanderen,flanders,"c(2.77080555555556, 50.7680277777778)",Big_pond_Eeuwenhout_bos_2024-05-21_2024-05-22,2024
766-1,Big pond Eeuwenhout bos,2024-05-21T00:00:00Z,2024-05-22T00:00:00Z,SDSF_4a,Xenlae,juvenile,17,5.1,NA,alive,no,Xenopus laevis,5217334,,50.768027777777775,2.7708055555555555,Heuvelland,West-Vlaanderen,flanders,"c(2.77080555555556, 50.7680277777778)",Big_pond_Eeuwenhout_bos_2024-05-21_2024-05-22,2024
767-1,Big pond Eeuwenhout bos,2024-05-21T00:00:00Z,2024-05-22T00:00:00Z,SDSF_4a,Xenlae,subadult,30,6.3,NA,alive,no,Xenopus laevis,5217334,,50.768027777777775,2.7708055555555555,Heuvelland,West-Vlaanderen,flanders,"c(2.77080555555556, 50.7680277777778)",Big_pond_Eeuwenhout_bos_2024-05-21_2024-05-22,2024
768-1,Big pond Eeuwenhout bos,2024-05-21T00:00:00Z,2024-05-22T00:00:00Z,SDSF_4a,Xenlae,subadult,28,7,NA,alive,no,Xenopus laevis,5217334,,50.768027777777775,2.7708055555555555,Heuvelland,West-Vlaanderen,flanders,"c(2.77080555555556, 50.7680277777778)",Big_pond_Eeuwenhout_bos_2024-05-21_2024-05-22,2024
769-1,Big pond Eeuwenhout bos,2024-05-21T00:00:00Z,2024-05-22T00:00:00Z,SDSF_4a,Xenlae,subadult,33,6.4,NA,alive,no,Xenopus laevis,5217334,,50.768027777777775,2.7708055555555555,Heuvelland,West-Vlaanderen,flanders,"c(2.77080555555556, 50.7680277777778)",Big_pond_Eeuwenhout_bos_2024-05-21_2024-05-22,2024
770-2,Big pond Eeuwenhout bos,2024-05-21T00:00:00Z,2024-05-22T00:00:00Z,SDSF_4a,Xenlae,subadult,23,6.2,NA,alive,no,Xenopus laevis,5217334,,50.768027777777775,2.7708055555555555,Heuvelland,West-Vlaanderen,flanders,"c(2.77080555555556, 50.7680277777778)",Big_pond_Eeuwenhout_bos_2024-05-21_2024-05-22,2024
771-1,Big pond Eeuwenhout bos,2024-05-21T00:00:00Z,2024-05-22T00:00:00Z,SDSF_4a,Xenlae,juvenile,12,NA,NA,alive,no,Xenopus laevis,5217334,,50.768027777777775,2.7708055555555555,Heuvelland,West-Vlaanderen,flanders,"c(2.77080555555556, 50.7680277777778)",Big_pond_Eeuwenhout_bos_2024-05-21_2024-05-22,2024
772-1,Big pond Eeuwenhout bos,2024-05-21T00:00:00Z,2024-05-22T00:00:00Z,SDSF_4a,Xenlae,juvenile,18,5.6,NA,alive,no,Xenopus laevis,5217334,,50.768027777777775,2.7708055555555555,Heuvelland,West-Vlaanderen,flanders,"c(2.77080555555556, 50.7680277777778)",Big_pond_Eeuwenhout_bos_2024-05-21_2024-05-22,2024
773-1,Big pond Eeuwenhout bos,2024-05-21T00:00:00Z,2024-05-22T00:00:00Z,SDSF_4a,Xenlae,juvenile,13,4.9,NA,alive,no,Xenopus laevis,5217334,,50.768027777777775,2.7708055555555555,Heuvelland,West-Vlaanderen,flanders,"c(2.77080555555556, 50.7680277777778)",Big_pond_Eeuwenhout_bos_2024-05-21_2024-05-22,2024
774-1,Big pond Eeuwenhout bos,2024-05-21T00:00:00Z,2024-05-22T00:00:00Z,SDSF_4a,Xenlae,juvenile,18,5.5,NA,alive,no,Xenopus laevis,5217334,,50.768027777777775,2.7708055555555555,Heuvelland,West-Vlaanderen,flanders,"c(2.77080555555556, 50.7680277777778)",Big_pond_Eeuwenhout_bos_2024-05-21_2024-05-22,2024
775-1,Big pond Eeuwenhout bos,2024-05-21T00:00:00Z,2024-05-22T00:00:00Z,SDSF_4a,Xenlae,juvenile,15,5.2,NA,alive,no,Xenopus laevis,5217334,,50.768027777777775,2.7708055555555555,Heuvelland,West-Vlaanderen,flanders,"c(2.77080555555556, 50.7680277777778)",Big_pond_Eeuwenhout_bos_2024-05-21_2024-05-22,2024
776-2,Big pond Eeuwenhout bos,2024-05-21T00:00:00Z,2024-05-22T00:00:00Z,SDSF_4a,Xenlae,juvenile,13,4.9,NA,alive,no,Xenopus laevis,5217334,,50.768027777777775,2.7708055555555555,Heuvelland,West-Vlaanderen,flanders,"c(2.77080555555556, 50.7680277777778)",Big_pond_Eeuwenhout_bos_2024-05-21_2024-05-22,2024
777-1,Big pond Eeuwenhout bos,2024-05-21T00:00:00Z,2024-05-22T00:00:00Z,SDSF_4a,Xenlae,juvenile,10,4.7,NA,alive,no,Xenopus laevis,5217334,,50.768027777777775,2.7708055555555555,Heuvelland,West-Vlaanderen,flanders,"c(2.77080555555556, 50.7680277777778)",Big_pond_Eeuwenhout_bos_2024-05-21_2024-05-22,2024
778-1,Big pond Eeuwenhout bos,2024-05-21T00:00:00Z,2024-05-22T00:00:00Z,SDSF_4a,Xenlae,juvenile,17,5.9,NA,alive,no,Xenopus laevis,5217334,,50.768027777777775,2.7708055555555555,Heuvelland,West-Vlaanderen,flanders,"c(2.77080555555556, 50.7680277777778)",Big_pond_Eeuwenhout_bos_2024-05-21_2024-05-22,2024
779-1,Big pond Eeuwenhout bos,2024-05-21T00:00:00Z,2024-05-22T00:00:00Z,SDSF_4a,Xenlae,juvenile,13,5.1,NA,alive,no,Xenopus laevis,5217334,,50.768027777777775,2.7708055555555555,Heuvelland,West-Vlaanderen,flanders,"c(2.77080555555556, 50.7680277777778)",Big_pond_Eeuwenhout_bos_2024-05-21_2024-05-22,2024
780-1,Big pond Eeuwenhout bos,2024-05-21T00:00:00Z,2024-05-22T00:00:00Z,SDSF_4a,Xenlae,juvenile,15,5.5,NA,alive,no,Xenopus laevis,5217334,,50.768027777777775,2.7708055555555555,Heuvelland,West-Vlaanderen,flanders,"c(2.77080555555556, 50.7680277777778)",Big_pond_Eeuwenhout_bos_2024-05-21_2024-05-22,2024
781-1,Big pond Eeuwenhout bos,2024-05-21T00:00:00Z,2024-05-22T00:00:00Z,SDSF_4a,Xenlae,juvenile,14,5.1,NA,alive,no,Xenopus laevis,5217334,,50.768027777777775,2.7708055555555555,Heuvelland,West-Vlaanderen,flanders,"c(2.77080555555556, 50.7680277777778)",Big_pond_Eeuwenhout_bos_2024-05-21_2024-05-22,2024
782-1,Big pond Eeuwenhout bos,2024-05-21T00:00:00Z,2024-05-22T00:00:00Z,SDSF_4a,Xenlae,juvenile,15,5.3,NA,alive,no,Xenopus laevis,5217334,,50.768027777777775,2.7708055555555555,Heuvelland,West-Vlaanderen,flanders,"c(2.77080555555556, 50.7680277777778)",Big_pond_Eeuwenhout_bos_2024-05-21_2024-05-22,2024
783-1,Big pond Eeuwenhout bos,2024-05-21T00:00:00Z,2024-05-22T00:00:00Z,SDSF_4a,Xenlae,juvenile,10,4.8,NA,alive,no,Xenopus laevis,5217334,,50.768027777777775,2.7708055555555555,Heuvelland,West-Vlaanderen,flanders,"c(2.77080555555556, 50.7680277777778)",Big_pond_Eeuwenhout_bos_2024-05-21_2024-05-22,2024
784-1,Big pond Eeuwenhout bos,2024-05-21T00:00:00Z,2024-05-22T00:00:00Z,SDSF_4a,Xenlae,juvenile,10,4.6,NA,alive,no,Xenopus laevis,5217334,,50.768027777777775,2.7708055555555555,Heuvelland,West-Vlaanderen,flanders,"c(2.77080555555556, 50.7680277777778)",Big_pond_Eeuwenhout_bos_2024-05-21_2024-05-22,2024
785-2,Big pond Eeuwenhout bos,2024-05-21T00:00:00Z,2024-05-22T00:00:00Z,SDSF_4a,Xenlae,juvenile,10,4.6,NA,alive,no,Xenopus laevis,5217334,,50.768027777777775,2.7708055555555555,Heuvelland,West-Vlaanderen,flanders,"c(2.77080555555556, 50.7680277777778)",Big_pond_Eeuwenhout_bos_2024-05-21_2024-05-22,2024
786-1,Big pond Eeuwenhout bos,2024-05-21T00:00:00Z,2024-05-22T00:00:00Z,SDSF_4a,Xenlae,juvenile,12,5.2,NA,alive,no,Xenopus laevis,5217334,,50.768027777777775,2.7708055555555555,Heuvelland,West-Vlaanderen,flanders,"c(2.77080555555556, 50.7680277777778)",Big_pond_Eeuwenhout_bos_2024-05-21_2024-05-22,2024
787-1,Big pond Eeuwenhout bos,2024-05-21T00:00:00Z,2024-05-22T00:00:00Z,SDSF_4a,Xenlae,juvenile,6,3.9,NA,alive,no,Xenopus laevis,5217334,,50.768027777777775,2.7708055555555555,Heuvelland,West-Vlaanderen,flanders,"c(2.77080555555556, 50.7680277777778)",Big_pond_Eeuwenhout_bos_2024-05-21_2024-05-22,2024
788-1,Big pond Eeuwenhout bos,2024-05-21T00:00:00Z,2024-05-22T00:00:00Z,SDSF_4a,Xenlae,juvenile,8,4.4,NA,alive,no,Xenopus laevis,5217334,,50.768027777777775,2.7708055555555555,Heuvelland,West-Vlaanderen,flanders,"c(2.77080555555556, 50.7680277777778)",Big_pond_Eeuwenhout_bos_2024-05-21_2024-05-22,2024
789-1,Big pond Eeuwenhout bos,2024-05-21T00:00:00Z,2024-05-22T00:00:00Z,SDSF_5a,Xenlae,juvenile,12,4.7,NA,alive,no,Xenopus laevis,5217334,,50.768027777777775,2.7708055555555555,Heuvelland,West-Vlaanderen,flanders,"c(2.77080555555556, 50.7680277777778)",Big_pond_Eeuwenhout_bos_2024-05-21_2024-05-22,2024
790-1,Big pond Eeuwenhout bos,2024-05-21T00:00:00Z,2024-05-22T00:00:00Z,SDSF_5a,Xenlae,subadult,40,7.3,M,alive,no,Xenopus laevis,5217334,,50.768027777777775,2.7708055555555555,Heuvelland,West-Vlaanderen,flanders,"c(2.77080555555556, 50.7680277777778)",Big_pond_Eeuwenhout_bos_2024-05-21_2024-05-22,2024
791-1,Big pond Eeuwenhout bos,2024-05-21T00:00:00Z,2024-05-22T00:00:00Z,SDSF_5a,Xenlae,juvenile,8,4.6,NA,alive,no,Xenopus laevis,5217334,,50.768027777777775,2.7708055555555555,Heuvelland,West-Vlaanderen,flanders,"c(2.77080555555556, 50.7680277777778)",Big_pond_Eeuwenhout_bos_2024-05-21_2024-05-22,2024
792-1,Big pond Eeuwenhout bos,2024-05-21T00:00:00Z,2024-05-22T00:00:00Z,SDSF_5a,Xenlae,juvenile,13,4.8,NA,alive,no,Xenopus laevis,5217334,,50.768027777777775,2.7708055555555555,Heuvelland,West-Vlaanderen,flanders,"c(2.77080555555556, 50.7680277777778)",Big_pond_Eeuwenhout_bos_2024-05-21_2024-05-22,2024
793-1,Big pond Eeuwenhout bos,2024-05-21T00:00:00Z,2024-05-22T00:00:00Z,SDSF_5a,Xenlae,juvenile,7,4.2,NA,alive,no,Xenopus laevis,5217334,,50.768027777777775,2.7708055555555555,Heuvelland,West-Vlaanderen,flanders,"c(2.77080555555556, 50.7680277777778)",Big_pond_Eeuwenhout_bos_2024-05-21_2024-05-22,2024
794-1,Big pond Eeuwenhout bos,2024-05-21T00:00:00Z,2024-05-22T00:00:00Z,SDSF_5a,Xenlae,juvenile,14,5,NA,alive,no,Xenopus laevis,5217334,,50.768027777777775,2.7708055555555555,Heuvelland,West-Vlaanderen,flanders,"c(2.77080555555556, 50.7680277777778)",Big_pond_Eeuwenhout_bos_2024-05-21_2024-05-22,2024
795-1,Big pond Eeuwenhout bos,2024-05-21T00:00:00Z,2024-05-22T00:00:00Z,SDSF_5a,Xenlae,juvenile,13,5.2,NA,alive,no,Xenopus laevis,5217334,,50.768027777777775,2.7708055555555555,Heuvelland,West-Vlaanderen,flanders,"c(2.77080555555556, 50.7680277777778)",Big_pond_Eeuwenhout_bos_2024-05-21_2024-05-22,2024
796-1,Big pond Eeuwenhout bos,2024-05-21T00:00:00Z,2024-05-22T00:00:00Z,SDSF_5a,Xenlae,juvenile,5,3.6,NA,alive,no,Xenopus laevis,5217334,,50.768027777777775,2.7708055555555555,Heuvelland,West-Vlaanderen,flanders,"c(2.77080555555556, 50.7680277777778)",Big_pond_Eeuwenhout_bos_2024-05-21_2024-05-22,2024
798-1,Big pond Eeuwenhout bos,2024-05-21T00:00:00Z,2024-05-22T00:00:00Z,SDSF_6a,Xenlae,juvenile,21,5.7,NA,alive,no,Xenopus laevis,5217334,,50.768027777777775,2.7708055555555555,Heuvelland,West-Vlaanderen,flanders,"c(2.77080555555556, 50.7680277777778)",Big_pond_Eeuwenhout_bos_2024-05-21_2024-05-22,2024
799-1,Big pond Eeuwenhout bos,2024-05-21T00:00:00Z,2024-05-22T00:00:00Z,SDSF_6a,Xenlae,juvenile,17,5.2,NA,alive,no,Xenopus laevis,5217334,,50.768027777777775,2.7708055555555555,Heuvelland,West-Vlaanderen,flanders,"c(2.77080555555556, 50.7680277777778)",Big_pond_Eeuwenhout_bos_2024-05-21_2024-05-22,2024
800-1,Fish passage,2024-05-21T00:00:00Z,2024-05-22T00:00:00Z,SDSF_1,Xenlae,adult,211,12.8,F,dead,no,Xenopus laevis,5217334,,50.75802777777778,2.8552222222222223,Heuvelland,West-Vlaanderen,flanders,"c(2.85522222222222, 50.7580277777778)",Fish_passage_2024-05-21_2024-05-22,2024
801-1,Fish passage,2024-05-21T00:00:00Z,2024-05-22T00:00:00Z,SDSF_1,Xenlae,adult,203,11.8,F,alive,no,Xenopus laevis,5217334,,50.75802777777778,2.8552222222222223,Heuvelland,West-Vlaanderen,flanders,"c(2.85522222222222, 50.7580277777778)",Fish_passage_2024-05-21_2024-05-22,2024
802-1,Fish passage,2024-05-21T00:00:00Z,2024-05-22T00:00:00Z,SDSF_1,Xenlae,adult,70,8.9,M,alive,no,Xenopus laevis,5217334,,50.75802777777778,2.8552222222222223,Heuvelland,West-Vlaanderen,flanders,"c(2.85522222222222, 50.7580277777778)",Fish_passage_2024-05-21_2024-05-22,2024
803-1,Fish passage,2024-05-21T00:00:00Z,2024-05-22T00:00:00Z,SDSF_1,Xenlae,adult,115,10.6,F,alive,no,Xenopus laevis,5217334,,50.75802777777778,2.8552222222222223,Heuvelland,West-Vlaanderen,flanders,"c(2.85522222222222, 50.7580277777778)",Fish_passage_2024-05-21_2024-05-22,2024
804-1,Fish passage,2024-05-21T00:00:00Z,2024-05-22T00:00:00Z,SDSF_1,Xenlae,adult,64,8,M,alive,no,Xenopus laevis,5217334,,50.75802777777778,2.8552222222222223,Heuvelland,West-Vlaanderen,flanders,"c(2.85522222222222, 50.7580277777778)",Fish_passage_2024-05-21_2024-05-22,2024
805-1,Fish passage,2024-05-21T00:00:00Z,2024-05-22T00:00:00Z,SDSF_1,Xenlae,adult,108,9.6,F,alive,no,Xenopus laevis,5217334,,50.75802777777778,2.8552222222222223,Heuvelland,West-Vlaanderen,flanders,"c(2.85522222222222, 50.7580277777778)",Fish_passage_2024-05-21_2024-05-22,2024
806-1,Fish passage,2024-05-21T00:00:00Z,2024-05-22T00:00:00Z,SDSF_1,Xenlae,adult,149,11.4,F,alive,no,Xenopus laevis,5217334,,50.75802777777778,2.8552222222222223,Heuvelland,West-Vlaanderen,flanders,"c(2.85522222222222, 50.7580277777778)",Fish_passage_2024-05-21_2024-05-22,2024
807-1,Fish passage,2024-05-21T00:00:00Z,2024-05-22T00:00:00Z,SDSF_1,Xenlae,adult,60,8,M,dead,no,Xenopus laevis,5217334,,50.75802777777778,2.8552222222222223,Heuvelland,West-Vlaanderen,flanders,"c(2.85522222222222, 50.7580277777778)",Fish_passage_2024-05-21_2024-05-22,2024
808-1,Fish passage,2024-05-21T00:00:00Z,2024-05-22T00:00:00Z,SDSF_1,Xenlae,subadult,36,6.8,NA,alive,no,Xenopus laevis,5217334,,50.75802777777778,2.8552222222222223,Heuvelland,West-Vlaanderen,flanders,"c(2.85522222222222, 50.7580277777778)",Fish_passage_2024-05-21_2024-05-22,2024
809-1,Fish passage,2024-05-21T00:00:00Z,2024-05-22T00:00:00Z,SDSF_1,Xenlae,juvenile,22,5.3,NA,alive,no,Xenopus laevis,5217334,,50.75802777777778,2.8552222222222223,Heuvelland,West-Vlaanderen,flanders,"c(2.85522222222222, 50.7580277777778)",Fish_passage_2024-05-21_2024-05-22,2024
810-1,Fish passage,2024-05-21T00:00:00Z,2024-05-22T00:00:00Z,SDSF_1,Xenlae,subadult,40,7.2,M,alive,no,Xenopus laevis,5217334,,50.75802777777778,2.8552222222222223,Heuvelland,West-Vlaanderen,flanders,"c(2.85522222222222, 50.7580277777778)",Fish_passage_2024-05-21_2024-05-22,2024
811-1,Fish passage,2024-05-21T00:00:00Z,2024-05-22T00:00:00Z,SDSF_1,Xenlae,subadult,28,6.6,NA,alive,no,Xenopus laevis,5217334,,50.75802777777778,2.8552222222222223,Heuvelland,West-Vlaanderen,flanders,"c(2.85522222222222, 50.7580277777778)",Fish_passage_2024-05-21_2024-05-22,2024
812-1,Fish passage,2024-05-21T00:00:00Z,2024-05-22T00:00:00Z,SDSF_1,Xenlae,subadult,31,6.4,NA,alive,no,Xenopus laevis,5217334,,50.75802777777778,2.8552222222222223,Heuvelland,West-Vlaanderen,flanders,"c(2.85522222222222, 50.7580277777778)",Fish_passage_2024-05-21_2024-05-22,2024
813-1,Fish passage,2024-05-21T00:00:00Z,2024-05-22T00:00:00Z,SDSF_1,Xenlae,juvenile,23,5.8,NA,alive,no,Xenopus laevis,5217334,,50.75802777777778,2.8552222222222223,Heuvelland,West-Vlaanderen,flanders,"c(2.85522222222222, 50.7580277777778)",Fish_passage_2024-05-21_2024-05-22,2024
814-1,Fish passage,2024-05-21T00:00:00Z,2024-05-22T00:00:00Z,SDSF_1,Xenlae,juvenile,26,5.8,NA,alive,no,Xenopus laevis,5217334,,50.75802777777778,2.8552222222222223,Heuvelland,West-Vlaanderen,flanders,"c(2.85522222222222, 50.7580277777778)",Fish_passage_2024-05-21_2024-05-22,2024
815-1,Fish passage,2024-05-21T00:00:00Z,2024-05-22T00:00:00Z,SDSF_1,Xenlae,juvenile,15,5.2,NA,alive,no,Xenopus laevis,5217334,,50.75802777777778,2.8552222222222223,Heuvelland,West-Vlaanderen,flanders,"c(2.85522222222222, 50.7580277777778)",Fish_passage_2024-05-21_2024-05-22,2024
816-1,Fish passage,2024-05-21T00:00:00Z,2024-05-22T00:00:00Z,SDSF_1,Xenlae,juvenile,18,5.1,NA,alive,no,Xenopus laevis,5217334,,50.75802777777778,2.8552222222222223,Heuvelland,West-Vlaanderen,flanders,"c(2.85522222222222, 50.7580277777778)",Fish_passage_2024-05-21_2024-05-22,2024
817-1,Fish passage,2024-05-21T00:00:00Z,2024-05-22T00:00:00Z,SDSF_1,Xenlae,juvenile,12,4.2,NA,alive,no,Xenopus laevis,5217334,,50.75802777777778,2.8552222222222223,Heuvelland,West-Vlaanderen,flanders,"c(2.85522222222222, 50.7580277777778)",Fish_passage_2024-05-21_2024-05-22,2024
822-1,Fish passage,2024-05-21T00:00:00Z,2024-05-22T00:00:00Z,SDSF_2,Xenlae,adult,199,12.6,F,alive,no,Xenopus laevis,5217334,,50.75802777777778,2.8552222222222223,Heuvelland,West-Vlaanderen,flanders,"c(2.85522222222222, 50.7580277777778)",Fish_passage_2024-05-21_2024-05-22,2024
823-1,Fish passage,2024-05-21T00:00:00Z,2024-05-22T00:00:00Z,SDSF_2,Xenlae,adult,60,8.7,M,alive,no,Xenopus laevis,5217334,,50.75802777777778,2.8552222222222223,Heuvelland,West-Vlaanderen,flanders,"c(2.85522222222222, 50.7580277777778)",Fish_passage_2024-05-21_2024-05-22,2024
824-1,Fish passage,2024-05-21T00:00:00Z,2024-05-22T00:00:00Z,SDSF_2,Xenlae,adult,61,7.9,M,alive,no,Xenopus laevis,5217334,,50.75802777777778,2.8552222222222223,Heuvelland,West-Vlaanderen,flanders,"c(2.85522222222222, 50.7580277777778)",Fish_passage_2024-05-21_2024-05-22,2024
825-1,Fish passage,2024-05-21T00:00:00Z,2024-05-22T00:00:00Z,SDSF_2,Xenlae,subadult,25,6,NA,alive,no,Xenopus laevis,5217334,,50.75802777777778,2.8552222222222223,Heuvelland,West-Vlaanderen,flanders,"c(2.85522222222222, 50.7580277777778)",Fish_passage_2024-05-21_2024-05-22,2024
826-1,Fish passage,2024-05-21T00:00:00Z,2024-05-22T00:00:00Z,SDSF_2,Xenlae,subadult,40,6.7,NA,alive,no,Xenopus laevis,5217334,,50.75802777777778,2.8552222222222223,Heuvelland,West-Vlaanderen,flanders,"c(2.85522222222222, 50.7580277777778)",Fish_passage_2024-05-21_2024-05-22,2024
827-1,Fish passage,2024-05-21T00:00:00Z,2024-05-22T00:00:00Z,SDSF_2,Xenlae,subadult,29,6.1,NA,alive,no,Xenopus laevis,5217334,,50.75802777777778,2.8552222222222223,Heuvelland,West-Vlaanderen,flanders,"c(2.85522222222222, 50.7580277777778)",Fish_passage_2024-05-21_2024-05-22,2024
828-1,Fish passage,2024-05-21T00:00:00Z,2024-05-22T00:00:00Z,SDSF_2,Xenlae,subadult,31,7.2,NA,alive,no,Xenopus laevis,5217334,,50.75802777777778,2.8552222222222223,Heuvelland,West-Vlaanderen,flanders,"c(2.85522222222222, 50.7580277777778)",Fish_passage_2024-05-21_2024-05-22,2024
829-1,Fish passage,2024-05-21T00:00:00Z,2024-05-22T00:00:00Z,SDSF_2,Xenlae,subadult,42,7.1,NA,alive,no,Xenopus laevis,5217334,,50.75802777777778,2.8552222222222223,Heuvelland,West-Vlaanderen,flanders,"c(2.85522222222222, 50.7580277777778)",Fish_passage_2024-05-21_2024-05-22,2024
830-1,Fish passage,2024-05-21T00:00:00Z,2024-05-22T00:00:00Z,SDSF_2,Xenlae,juvenile,12,4.7,NA,alive,no,Xenopus laevis,5217334,,50.75802777777778,2.8552222222222223,Heuvelland,West-Vlaanderen,flanders,"c(2.85522222222222, 50.7580277777778)",Fish_passage_2024-05-21_2024-05-22,2024
831-1,Fish passage,2024-05-21T00:00:00Z,2024-05-22T00:00:00Z,SDSF_2,Xenlae,subadult,24,5.9,NA,alive,no,Xenopus laevis,5217334,,50.75802777777778,2.8552222222222223,Heuvelland,West-Vlaanderen,flanders,"c(2.85522222222222, 50.7580277777778)",Fish_passage_2024-05-21_2024-05-22,2024
832-1,Fish passage,2024-05-21T00:00:00Z,2024-05-22T00:00:00Z,SDSF_2,Xenlae,juvenile,20,5.6,NA,alive,no,Xenopus laevis,5217334,,50.75802777777778,2.8552222222222223,Heuvelland,West-Vlaanderen,flanders,"c(2.85522222222222, 50.7580277777778)",Fish_passage_2024-05-21_2024-05-22,2024
833-1,Fish passage,2024-05-21T00:00:00Z,2024-05-22T00:00:00Z,SDSF_2,Xenlae,subadult,27,6.6,NA,alive,no,Xenopus laevis,5217334,,50.75802777777778,2.8552222222222223,Heuvelland,West-Vlaanderen,flanders,"c(2.85522222222222, 50.7580277777778)",Fish_passage_2024-05-21_2024-05-22,2024
834-1,Fish passage,2024-05-21T00:00:00Z,2024-05-22T00:00:00Z,SDSF_2,Xenlae,juvenile,18,5.8,NA,alive,no,Xenopus laevis,5217334,,50.75802777777778,2.8552222222222223,Heuvelland,West-Vlaanderen,flanders,"c(2.85522222222222, 50.7580277777778)",Fish_passage_2024-05-21_2024-05-22,2024
837-1,Fish passage,2024-05-21T00:00:00Z,2024-05-22T00:00:00Z,SDSF_3,Xenlae,adult,78,9.6,M,alive,no,Xenopus laevis,5217334,,50.75802777777778,2.8552222222222223,Heuvelland,West-Vlaanderen,flanders,"c(2.85522222222222, 50.7580277777778)",Fish_passage_2024-05-21_2024-05-22,2024
838-1,Fish passage,2024-05-21T00:00:00Z,2024-05-22T00:00:00Z,SDSF_3,Xenlae,subadult,39,7,NA,alive,no,Xenopus laevis,5217334,,50.75802777777778,2.8552222222222223,Heuvelland,West-Vlaanderen,flanders,"c(2.85522222222222, 50.7580277777778)",Fish_passage_2024-05-21_2024-05-22,2024
839-1,Fish passage,2024-05-21T00:00:00Z,2024-05-22T00:00:00Z,SDSF_3,Xenlae,adult,67,NA,M,alive,no,Xenopus laevis,5217334,,50.75802777777778,2.8552222222222223,Heuvelland,West-Vlaanderen,flanders,"c(2.85522222222222, 50.7580277777778)",Fish_passage_2024-05-21_2024-05-22,2024
840-1,Fish passage,2024-05-21T00:00:00Z,2024-05-22T00:00:00Z,SDSF_3,Xenlae,juvenile,15,5,NA,alive,no,Xenopus laevis,5217334,,50.75802777777778,2.8552222222222223,Heuvelland,West-Vlaanderen,flanders,"c(2.85522222222222, 50.7580277777778)",Fish_passage_2024-05-21_2024-05-22,2024
841-1,Fish passage,2024-05-21T00:00:00Z,2024-05-22T00:00:00Z,SDSF_3,Xenlae,juvenile,21,5.9,NA,alive,no,Xenopus laevis,5217334,,50.75802777777778,2.8552222222222223,Heuvelland,West-Vlaanderen,flanders,"c(2.85522222222222, 50.7580277777778)",Fish_passage_2024-05-21_2024-05-22,2024
842-1,Fish passage,2024-05-21T00:00:00Z,2024-05-22T00:00:00Z,SDSF_3,Xenlae,subadult,38,6.9,NA,alive,no,Xenopus laevis,5217334,,50.75802777777778,2.8552222222222223,Heuvelland,West-Vlaanderen,flanders,"c(2.85522222222222, 50.7580277777778)",Fish_passage_2024-05-21_2024-05-22,2024
843-1,Fish passage,2024-05-21T00:00:00Z,2024-05-22T00:00:00Z,SDSF_3,Xenlae,subadult,24,6.1,NA,alive,no,Xenopus laevis,5217334,,50.75802777777778,2.8552222222222223,Heuvelland,West-Vlaanderen,flanders,"c(2.85522222222222, 50.7580277777778)",Fish_passage_2024-05-21_2024-05-22,2024
845-1,Fish passage,2024-05-21T00:00:00Z,2024-05-22T00:00:00Z,FF_1-15,Xenlae,adult,67,8.1,M,alive,no,Xenopus laevis,5217334,,50.75802777777778,2.8552222222222223,Heuvelland,West-Vlaanderen,flanders,"c(2.85522222222222, 50.7580277777778)",Fish_passage_2024-05-21_2024-05-22,2024
846-1,Fish passage,2024-05-21T00:00:00Z,2024-05-22T00:00:00Z,FF_1-15,Xenlae,adult,54,8.3,M,alive,no,Xenopus laevis,5217334,,50.75802777777778,2.8552222222222223,Heuvelland,West-Vlaanderen,flanders,"c(2.85522222222222, 50.7580277777778)",Fish_passage_2024-05-21_2024-05-22,2024
847-1,Fish passage,2024-05-21T00:00:00Z,2024-05-22T00:00:00Z,FF_1-15,Xenlae,subadult,23,5.9,NA,alive,no,Xenopus laevis,5217334,,50.75802777777778,2.8552222222222223,Heuvelland,West-Vlaanderen,flanders,"c(2.85522222222222, 50.7580277777778)",Fish_passage_2024-05-21_2024-05-22,2024
855-1,Field pond,2024-05-21T00:00:00Z,2024-05-22T00:00:00Z,FF_1-17,Xenlae,juvenile,16,5.2,NA,dead,no,Xenopus laevis,5217334,,50.75672222222222,2.9182777777777775,Mesen,West-Vlaanderen,flanders,"c(2.91827777777778, 50.7567222222222)",Field_pond_2024-05-21_2024-05-22,2024
856-1,Field pond,2024-05-21T00:00:00Z,2024-05-22T00:00:00Z,FF_1-17,Xenlae,subadult,31,6.4,NA,dead,no,Xenopus laevis,5217334,,50.75672222222222,2.9182777777777775,Mesen,West-Vlaanderen,flanders,"c(2.91827777777778, 50.7567222222222)",Field_pond_2024-05-21_2024-05-22,2024
857-1,Field pond,2024-05-21T00:00:00Z,2024-05-22T00:00:00Z,FF_1-17,Xenlae,juvenile,12,5.1,NA,dead,no,Xenopus laevis,5217334,,50.75672222222222,2.9182777777777775,Mesen,West-Vlaanderen,flanders,"c(2.91827777777778, 50.7567222222222)",Field_pond_2024-05-21_2024-05-22,2024
858-1,Field pond,2024-05-21T00:00:00Z,2024-05-22T00:00:00Z,FF_1-17,Xenlae,juvenile,16,5,NA,dead,no,Xenopus laevis,5217334,,50.75672222222222,2.9182777777777775,Mesen,West-Vlaanderen,flanders,"c(2.91827777777778, 50.7567222222222)",Field_pond_2024-05-21_2024-05-22,2024
859-1,Field pond,2024-05-21T00:00:00Z,2024-05-22T00:00:00Z,FF_1-17,Xenlae,juvenile,27,5.7,NA,dead,no,Xenopus laevis,5217334,,50.75672222222222,2.9182777777777775,Mesen,West-Vlaanderen,flanders,"c(2.91827777777778, 50.7567222222222)",Field_pond_2024-05-21_2024-05-22,2024
860-1,Field pond,2024-05-21T00:00:00Z,2024-05-22T00:00:00Z,FF_1-17,Xenlae,juvenile,13,4.2,NA,alive,no,Xenopus laevis,5217334,,50.75672222222222,2.9182777777777775,Mesen,West-Vlaanderen,flanders,"c(2.91827777777778, 50.7567222222222)",Field_pond_2024-05-21_2024-05-22,2024
861-1,Field pond,2024-05-21T00:00:00Z,2024-05-22T00:00:00Z,FF_1-17,Xenlae,adult,40,7.6,M,alive,no,Xenopus laevis,5217334,,50.75672222222222,2.9182777777777775,Mesen,West-Vlaanderen,flanders,"c(2.91827777777778, 50.7567222222222)",Field_pond_2024-05-21_2024-05-22,2024
862-1,Field pond,2024-05-21T00:00:00Z,2024-05-22T00:00:00Z,FF_1-17,Xenlae,adult,181,11,F,dead,no,Xenopus laevis,5217334,,50.75672222222222,2.9182777777777775,Mesen,West-Vlaanderen,flanders,"c(2.91827777777778, 50.7567222222222)",Field_pond_2024-05-21_2024-05-22,2024
874-1,Big pond Eeuwenhout bos,2024-05-22T00:00:00Z,2024-05-23T00:00:00Z,SDSF_1a,Xenlae,subadult,38,7,NA,alive,no,Xenopus laevis,5217334,,50.768027777777775,2.7708055555555555,Heuvelland,West-Vlaanderen,flanders,"c(2.77080555555556, 50.7680277777778)",Big_pond_Eeuwenhout_bos_2024-05-22_2024-05-23,2024
875-1,Big pond Eeuwenhout bos,2024-05-22T00:00:00Z,2024-05-23T00:00:00Z,SDSF_1a,Xenlae,juvenile,16,5.5,NA,alive,no,Xenopus laevis,5217334,,50.768027777777775,2.7708055555555555,Heuvelland,West-Vlaanderen,flanders,"c(2.77080555555556, 50.7680277777778)",Big_pond_Eeuwenhout_bos_2024-05-22_2024-05-23,2024
876-1,Big pond Eeuwenhout bos,2024-05-22T00:00:00Z,2024-05-23T00:00:00Z,SDSF_1a,Xenlae,juvenile,17,5.5,NA,alive,no,Xenopus laevis,5217334,,50.768027777777775,2.7708055555555555,Heuvelland,West-Vlaanderen,flanders,"c(2.77080555555556, 50.7680277777778)",Big_pond_Eeuwenhout_bos_2024-05-22_2024-05-23,2024
877-1,Big pond Eeuwenhout bos,2024-05-22T00:00:00Z,2024-05-23T00:00:00Z,SDSF_1a,Xenlae,juvenile,19,5.6,NA,alive,no,Xenopus laevis,5217334,,50.768027777777775,2.7708055555555555,Heuvelland,West-Vlaanderen,flanders,"c(2.77080555555556, 50.7680277777778)",Big_pond_Eeuwenhout_bos_2024-05-22_2024-05-23,2024
878-1,Big pond Eeuwenhout bos,2024-05-22T00:00:00Z,2024-05-23T00:00:00Z,SDSF_1a,Xenlae,juvenile,17,5.1,NA,alive,no,Xenopus laevis,5217334,,50.768027777777775,2.7708055555555555,Heuvelland,West-Vlaanderen,flanders,"c(2.77080555555556, 50.7680277777778)",Big_pond_Eeuwenhout_bos_2024-05-22_2024-05-23,2024
879-1,Big pond Eeuwenhout bos,2024-05-22T00:00:00Z,2024-05-23T00:00:00Z,SDSF_1a,Xenlae,juvenile,14,5.1,NA,alive,no,Xenopus laevis,5217334,,50.768027777777775,2.7708055555555555,Heuvelland,West-Vlaanderen,flanders,"c(2.77080555555556, 50.7680277777778)",Big_pond_Eeuwenhout_bos_2024-05-22_2024-05-23,2024
880-1,Big pond Eeuwenhout bos,2024-05-22T00:00:00Z,2024-05-23T00:00:00Z,SDSF_1a,Xenlae,juvenile,12,4.9,NA,alive,no,Xenopus laevis,5217334,,50.768027777777775,2.7708055555555555,Heuvelland,West-Vlaanderen,flanders,"c(2.77080555555556, 50.7680277777778)",Big_pond_Eeuwenhout_bos_2024-05-22_2024-05-23,2024
881-1,Big pond Eeuwenhout bos,2024-05-22T00:00:00Z,2024-05-23T00:00:00Z,SDSF_1a,Xenlae,subadult,21,6,NA,alive,no,Xenopus laevis,5217334,,50.768027777777775,2.7708055555555555,Heuvelland,West-Vlaanderen,flanders,"c(2.77080555555556, 50.7680277777778)",Big_pond_Eeuwenhout_bos_2024-05-22_2024-05-23,2024
882-1,Big pond Eeuwenhout bos,2024-05-22T00:00:00Z,2024-05-23T00:00:00Z,SDSF_1a,Xenlae,juvenile,10,4.5,NA,alive,no,Xenopus laevis,5217334,,50.768027777777775,2.7708055555555555,Heuvelland,West-Vlaanderen,flanders,"c(2.77080555555556, 50.7680277777778)",Big_pond_Eeuwenhout_bos_2024-05-22_2024-05-23,2024
883-1,Big pond Eeuwenhout bos,2024-05-22T00:00:00Z,2024-05-23T00:00:00Z,SDSF_1a,Xenlae,juvenile,17,5.3,NA,alive,no,Xenopus laevis,5217334,,50.768027777777775,2.7708055555555555,Heuvelland,West-Vlaanderen,flanders,"c(2.77080555555556, 50.7680277777778)",Big_pond_Eeuwenhout_bos_2024-05-22_2024-05-23,2024
884-1,Big pond Eeuwenhout bos,2024-05-22T00:00:00Z,2024-05-23T00:00:00Z,SDSF_1a,Xenlae,juvenile,4,3.6,NA,alive,no,Xenopus laevis,5217334,,50.768027777777775,2.7708055555555555,Heuvelland,West-Vlaanderen,flanders,"c(2.77080555555556, 50.7680277777778)",Big_pond_Eeuwenhout_bos_2024-05-22_2024-05-23,2024
885-1,Big pond Eeuwenhout bos,2024-05-22T00:00:00Z,2024-05-23T00:00:00Z,SDSF_1a,Xenlae,juvenile,14,5.5,NA,alive,no,Xenopus laevis,5217334,,50.768027777777775,2.7708055555555555,Heuvelland,West-Vlaanderen,flanders,"c(2.77080555555556, 50.7680277777778)",Big_pond_Eeuwenhout_bos_2024-05-22_2024-05-23,2024
886-1,Big pond Eeuwenhout bos,2024-05-22T00:00:00Z,2024-05-23T00:00:00Z,SDSF_1a,Xenlae,juvenile,15,5.4,NA,alive,no,Xenopus laevis,5217334,,50.768027777777775,2.7708055555555555,Heuvelland,West-Vlaanderen,flanders,"c(2.77080555555556, 50.7680277777778)",Big_pond_Eeuwenhout_bos_2024-05-22_2024-05-23,2024
887-1,Big pond Eeuwenhout bos,2024-05-22T00:00:00Z,2024-05-23T00:00:00Z,SDSF_1a,Xenlae,juvenile,14,5.4,NA,alive,no,Xenopus laevis,5217334,,50.768027777777775,2.7708055555555555,Heuvelland,West-Vlaanderen,flanders,"c(2.77080555555556, 50.7680277777778)",Big_pond_Eeuwenhout_bos_2024-05-22_2024-05-23,2024
888-1,Big pond Eeuwenhout bos,2024-05-22T00:00:00Z,2024-05-23T00:00:00Z,SDSF_1a,Xenlae,juvenile,11,4.8,NA,alive,no,Xenopus laevis,5217334,,50.768027777777775,2.7708055555555555,Heuvelland,West-Vlaanderen,flanders,"c(2.77080555555556, 50.7680277777778)",Big_pond_Eeuwenhout_bos_2024-05-22_2024-05-23,2024
889-1,Big pond Eeuwenhout bos,2024-05-22T00:00:00Z,2024-05-23T00:00:00Z,SDSF_1a,Xenlae,juvenile,10,4.4,NA,alive,no,Xenopus laevis,5217334,,50.768027777777775,2.7708055555555555,Heuvelland,West-Vlaanderen,flanders,"c(2.77080555555556, 50.7680277777778)",Big_pond_Eeuwenhout_bos_2024-05-22_2024-05-23,2024
890-1,Big pond Eeuwenhout bos,2024-05-22T00:00:00Z,2024-05-23T00:00:00Z,SDSF_1a,Xenlae,juvenile,7,4.1,NA,alive,no,Xenopus laevis,5217334,,50.768027777777775,2.7708055555555555,Heuvelland,West-Vlaanderen,flanders,"c(2.77080555555556, 50.7680277777778)",Big_pond_Eeuwenhout_bos_2024-05-22_2024-05-23,2024
891-1,Big pond Eeuwenhout bos,2024-05-22T00:00:00Z,2024-05-23T00:00:00Z,SDSF_1a,Xenlae,juvenile,12,5.1,NA,alive,no,Xenopus laevis,5217334,,50.768027777777775,2.7708055555555555,Heuvelland,West-Vlaanderen,flanders,"c(2.77080555555556, 50.7680277777778)",Big_pond_Eeuwenhout_bos_2024-05-22_2024-05-23,2024
892-1,Big pond Eeuwenhout bos,2024-05-22T00:00:00Z,2024-05-23T00:00:00Z,SDSF_1a,Xenlae,juvenile,8,4.3,NA,alive,no,Xenopus laevis,5217334,,50.768027777777775,2.7708055555555555,Heuvelland,West-Vlaanderen,flanders,"c(2.77080555555556, 50.7680277777778)",Big_pond_Eeuwenhout_bos_2024-05-22_2024-05-23,2024
893-1,Big pond Eeuwenhout bos,2024-05-22T00:00:00Z,2024-05-23T00:00:00Z,SDSF_1a,Xenlae,juvenile,9,4.3,NA,alive,no,Xenopus laevis,5217334,,50.768027777777775,2.7708055555555555,Heuvelland,West-Vlaanderen,flanders,"c(2.77080555555556, 50.7680277777778)",Big_pond_Eeuwenhout_bos_2024-05-22_2024-05-23,2024
894-1,Big pond Eeuwenhout bos,2024-05-22T00:00:00Z,2024-05-23T00:00:00Z,SDSF_1a,Xenlae,juvenile,6,4.1,NA,alive,no,Xenopus laevis,5217334,,50.768027777777775,2.7708055555555555,Heuvelland,West-Vlaanderen,flanders,"c(2.77080555555556, 50.7680277777778)",Big_pond_Eeuwenhout_bos_2024-05-22_2024-05-23,2024
895-2,Big pond Eeuwenhout bos,2024-05-22T00:00:00Z,2024-05-23T00:00:00Z,SDSF_1a,Xenlae,juvenile,12,5.1,NA,alive,no,Xenopus laevis,5217334,,50.768027777777775,2.7708055555555555,Heuvelland,West-Vlaanderen,flanders,"c(2.77080555555556, 50.7680277777778)",Big_pond_Eeuwenhout_bos_2024-05-22_2024-05-23,2024
896-2,Big pond Eeuwenhout bos,2024-05-22T00:00:00Z,2024-05-23T00:00:00Z,SDSF_1a,Xenlae,juvenile,9,4.3,NA,alive,no,Xenopus laevis,5217334,,50.768027777777775,2.7708055555555555,Heuvelland,West-Vlaanderen,flanders,"c(2.77080555555556, 50.7680277777778)",Big_pond_Eeuwenhout_bos_2024-05-22_2024-05-23,2024
897-3,Big pond Eeuwenhout bos,2024-05-22T00:00:00Z,2024-05-23T00:00:00Z,SDSF_1a,Xenlae,juvenile,12,5.1,NA,alive,no,Xenopus laevis,5217334,,50.768027777777775,2.7708055555555555,Heuvelland,West-Vlaanderen,flanders,"c(2.77080555555556, 50.7680277777778)",Big_pond_Eeuwenhout_bos_2024-05-22_2024-05-23,2024
898-1,Big pond Eeuwenhout bos,2024-05-22T00:00:00Z,2024-05-23T00:00:00Z,SDSF_1a,Xenlae,juvenile,10,4.7,NA,alive,no,Xenopus laevis,5217334,,50.768027777777775,2.7708055555555555,Heuvelland,West-Vlaanderen,flanders,"c(2.77080555555556, 50.7680277777778)",Big_pond_Eeuwenhout_bos_2024-05-22_2024-05-23,2024
899-1,Big pond Eeuwenhout bos,2024-05-22T00:00:00Z,2024-05-23T00:00:00Z,SDSF_1a,Xenlae,juvenile,7,4,NA,alive,no,Xenopus laevis,5217334,,50.768027777777775,2.7708055555555555,Heuvelland,West-Vlaanderen,flanders,"c(2.77080555555556, 50.7680277777778)",Big_pond_Eeuwenhout_bos_2024-05-22_2024-05-23,2024
900-1,Big pond Eeuwenhout bos,2024-05-22T00:00:00Z,2024-05-23T00:00:00Z,SDSF_1a,Xenlae,juvenile,10,4.8,NA,alive,no,Xenopus laevis,5217334,,50.768027777777775,2.7708055555555555,Heuvelland,West-Vlaanderen,flanders,"c(2.77080555555556, 50.7680277777778)",Big_pond_Eeuwenhout_bos_2024-05-22_2024-05-23,2024
901-1,Big pond Eeuwenhout bos,2024-05-22T00:00:00Z,2024-05-23T00:00:00Z,SDSF_1a,Xenlae,juvenile,6,3.9,NA,alive,no,Xenopus laevis,5217334,,50.768027777777775,2.7708055555555555,Heuvelland,West-Vlaanderen,flanders,"c(2.77080555555556, 50.7680277777778)",Big_pond_Eeuwenhout_bos_2024-05-22_2024-05-23,2024
902-1,Big pond Eeuwenhout bos,2024-05-22T00:00:00Z,2024-05-23T00:00:00Z,SDSF_1a,Xenlae,juvenile,9,4.7,NA,alive,no,Xenopus laevis,5217334,,50.768027777777775,2.7708055555555555,Heuvelland,West-Vlaanderen,flanders,"c(2.77080555555556, 50.7680277777778)",Big_pond_Eeuwenhout_bos_2024-05-22_2024-05-23,2024
903-1,Big pond Eeuwenhout bos,2024-05-22T00:00:00Z,2024-05-23T00:00:00Z,SDSF_1a,Xenlae,juvenile,6,4,NA,alive,no,Xenopus laevis,5217334,,50.768027777777775,2.7708055555555555,Heuvelland,West-Vlaanderen,flanders,"c(2.77080555555556, 50.7680277777778)",Big_pond_Eeuwenhout_bos_2024-05-22_2024-05-23,2024
904-1,Big pond Eeuwenhout bos,2024-05-22T00:00:00Z,2024-05-23T00:00:00Z,SDSF_1a,Xenlae,juvenile,7,4.2,NA,alive,no,Xenopus laevis,5217334,,50.768027777777775,2.7708055555555555,Heuvelland,West-Vlaanderen,flanders,"c(2.77080555555556, 50.7680277777778)",Big_pond_Eeuwenhout_bos_2024-05-22_2024-05-23,2024
905-1,Big pond Eeuwenhout bos,2024-05-22T00:00:00Z,2024-05-23T00:00:00Z,SDSF_1a,Xenlae,juvenile,5,3.7,NA,alive,no,Xenopus laevis,5217334,,50.768027777777775,2.7708055555555555,Heuvelland,West-Vlaanderen,flanders,"c(2.77080555555556, 50.7680277777778)",Big_pond_Eeuwenhout_bos_2024-05-22_2024-05-23,2024
906-1,Big pond Eeuwenhout bos,2024-05-22T00:00:00Z,2024-05-23T00:00:00Z,SDSF_1a,Xenlae,juvenile,5,3.6,NA,alive,no,Xenopus laevis,5217334,,50.768027777777775,2.7708055555555555,Heuvelland,West-Vlaanderen,flanders,"c(2.77080555555556, 50.7680277777778)",Big_pond_Eeuwenhout_bos_2024-05-22_2024-05-23,2024
911-1,Big pond Eeuwenhout bos,2024-05-22T00:00:00Z,2024-05-23T00:00:00Z,SDSF_2a,Xenlae,juvenile,20,5.9,NA,alive,no,Xenopus laevis,5217334,,50.768027777777775,2.7708055555555555,Heuvelland,West-Vlaanderen,flanders,"c(2.77080555555556, 50.7680277777778)",Big_pond_Eeuwenhout_bos_2024-05-22_2024-05-23,2024
912-1,Big pond Eeuwenhout bos,2024-05-22T00:00:00Z,2024-05-23T00:00:00Z,SDSF_2a,Xenlae,juvenile,16,5.4,NA,alive,no,Xenopus laevis,5217334,,50.768027777777775,2.7708055555555555,Heuvelland,West-Vlaanderen,flanders,"c(2.77080555555556, 50.7680277777778)",Big_pond_Eeuwenhout_bos_2024-05-22_2024-05-23,2024
913-1,Big pond Eeuwenhout bos,2024-05-22T00:00:00Z,2024-05-23T00:00:00Z,SDSF_2a,Xenlae,juvenile,18,5.6,NA,alive,no,Xenopus laevis,5217334,,50.768027777777775,2.7708055555555555,Heuvelland,West-Vlaanderen,flanders,"c(2.77080555555556, 50.7680277777778)",Big_pond_Eeuwenhout_bos_2024-05-22_2024-05-23,2024
914-1,Big pond Eeuwenhout bos,2024-05-22T00:00:00Z,2024-05-23T00:00:00Z,SDSF_2a,Xenlae,juvenile,18,5.5,NA,alive,no,Xenopus laevis,5217334,,50.768027777777775,2.7708055555555555,Heuvelland,West-Vlaanderen,flanders,"c(2.77080555555556, 50.7680277777778)",Big_pond_Eeuwenhout_bos_2024-05-22_2024-05-23,2024
915-1,Big pond Eeuwenhout bos,2024-05-22T00:00:00Z,2024-05-23T00:00:00Z,SDSF_2a,Xenlae,juvenile,14,5.2,NA,alive,no,Xenopus laevis,5217334,,50.768027777777775,2.7708055555555555,Heuvelland,West-Vlaanderen,flanders,"c(2.77080555555556, 50.7680277777778)",Big_pond_Eeuwenhout_bos_2024-05-22_2024-05-23,2024
916-1,Big pond Eeuwenhout bos,2024-05-22T00:00:00Z,2024-05-23T00:00:00Z,SDSF_2a,Xenlae,juvenile,5,3.9,NA,alive,no,Xenopus laevis,5217334,,50.768027777777775,2.7708055555555555,Heuvelland,West-Vlaanderen,flanders,"c(2.77080555555556, 50.7680277777778)",Big_pond_Eeuwenhout_bos_2024-05-22_2024-05-23,2024
917-2,Big pond Eeuwenhout bos,2024-05-22T00:00:00Z,2024-05-23T00:00:00Z,SDSF_2a,Xenlae,juvenile,20,5.9,NA,alive,no,Xenopus laevis,5217334,,50.768027777777775,2.7708055555555555,Heuvelland,West-Vlaanderen,flanders,"c(2.77080555555556, 50.7680277777778)",Big_pond_Eeuwenhout_bos_2024-05-22_2024-05-23,2024
918-1,Big pond Eeuwenhout bos,2024-05-22T00:00:00Z,2024-05-23T00:00:00Z,SDSF_2a,Xenlae,juvenile,10,4.6,NA,alive,no,Xenopus laevis,5217334,,50.768027777777775,2.7708055555555555,Heuvelland,West-Vlaanderen,flanders,"c(2.77080555555556, 50.7680277777778)",Big_pond_Eeuwenhout_bos_2024-05-22_2024-05-23,2024
919-1,Big pond Eeuwenhout bos,2024-05-22T00:00:00Z,2024-05-23T00:00:00Z,SDSF_2a,Xenlae,juvenile,12,4.7,NA,alive,no,Xenopus laevis,5217334,,50.768027777777775,2.7708055555555555,Heuvelland,West-Vlaanderen,flanders,"c(2.77080555555556, 50.7680277777778)",Big_pond_Eeuwenhout_bos_2024-05-22_2024-05-23,2024
920-1,Big pond Eeuwenhout bos,2024-05-22T00:00:00Z,2024-05-23T00:00:00Z,SDSF_2a,Xenlae,juvenile,14,5.1,NA,alive,no,Xenopus laevis,5217334,,50.768027777777775,2.7708055555555555,Heuvelland,West-Vlaanderen,flanders,"c(2.77080555555556, 50.7680277777778)",Big_pond_Eeuwenhout_bos_2024-05-22_2024-05-23,2024
921-1,Big pond Eeuwenhout bos,2024-05-22T00:00:00Z,2024-05-23T00:00:00Z,SDSF_2a,Xenlae,juvenile,8,4.1,NA,alive,no,Xenopus laevis,5217334,,50.768027777777775,2.7708055555555555,Heuvelland,West-Vlaanderen,flanders,"c(2.77080555555556, 50.7680277777778)",Big_pond_Eeuwenhout_bos_2024-05-22_2024-05-23,2024
922-1,Big pond Eeuwenhout bos,2024-05-22T00:00:00Z,2024-05-23T00:00:00Z,SDSF_2a,Xenlae,juvenile,10,4.4,NA,alive,no,Xenopus laevis,5217334,,50.768027777777775,2.7708055555555555,Heuvelland,West-Vlaanderen,flanders,"c(2.77080555555556, 50.7680277777778)",Big_pond_Eeuwenhout_bos_2024-05-22_2024-05-23,2024
923-1,Big pond Eeuwenhout bos,2024-05-22T00:00:00Z,2024-05-23T00:00:00Z,SDSF_2a,Xenlae,juvenile,15,4.7,NA,alive,no,Xenopus laevis,5217334,,50.768027777777775,2.7708055555555555,Heuvelland,West-Vlaanderen,flanders,"c(2.77080555555556, 50.7680277777778)",Big_pond_Eeuwenhout_bos_2024-05-22_2024-05-23,2024
924-1,Big pond Eeuwenhout bos,2024-05-22T00:00:00Z,2024-05-23T00:00:00Z,SDSF_2a,Xenlae,juvenile,18,5.7,NA,alive,no,Xenopus laevis,5217334,,50.768027777777775,2.7708055555555555,Heuvelland,West-Vlaanderen,flanders,"c(2.77080555555556, 50.7680277777778)",Big_pond_Eeuwenhout_bos_2024-05-22_2024-05-23,2024
925-1,Big pond Eeuwenhout bos,2024-05-22T00:00:00Z,2024-05-23T00:00:00Z,SDSF_2a,Xenlae,juvenile,10,4.5,NA,alive,no,Xenopus laevis,5217334,,50.768027777777775,2.7708055555555555,Heuvelland,West-Vlaanderen,flanders,"c(2.77080555555556, 50.7680277777778)",Big_pond_Eeuwenhout_bos_2024-05-22_2024-05-23,2024
926-1,Big pond Eeuwenhout bos,2024-05-22T00:00:00Z,2024-05-23T00:00:00Z,SDSF_2a,Xenlae,juvenile,16,5.3,NA,alive,no,Xenopus laevis,5217334,,50.768027777777775,2.7708055555555555,Heuvelland,West-Vlaanderen,flanders,"c(2.77080555555556, 50.7680277777778)",Big_pond_Eeuwenhout_bos_2024-05-22_2024-05-23,2024
927-1,Big pond Eeuwenhout bos,2024-05-22T00:00:00Z,2024-05-23T00:00:00Z,SDSF_2a,Xenlae,juvenile,13,4.9,NA,alive,no,Xenopus laevis,5217334,,50.768027777777775,2.7708055555555555,Heuvelland,West-Vlaanderen,flanders,"c(2.77080555555556, 50.7680277777778)",Big_pond_Eeuwenhout_bos_2024-05-22_2024-05-23,2024
928-1,Big pond Eeuwenhout bos,2024-05-22T00:00:00Z,2024-05-23T00:00:00Z,SDSF_2a,Xenlae,juvenile,14,5.3,NA,alive,no,Xenopus laevis,5217334,,50.768027777777775,2.7708055555555555,Heuvelland,West-Vlaanderen,flanders,"c(2.77080555555556, 50.7680277777778)",Big_pond_Eeuwenhout_bos_2024-05-22_2024-05-23,2024
929-1,Big pond Eeuwenhout bos,2024-05-22T00:00:00Z,2024-05-23T00:00:00Z,SDSF_2a,Xenlae,juvenile,5,4.6,NA,alive,no,Xenopus laevis,5217334,,50.768027777777775,2.7708055555555555,Heuvelland,West-Vlaanderen,flanders,"c(2.77080555555556, 50.7680277777778)",Big_pond_Eeuwenhout_bos_2024-05-22_2024-05-23,2024
930-1,Big pond Eeuwenhout bos,2024-05-22T00:00:00Z,2024-05-23T00:00:00Z,SDSF_2a,Xenlae,juvenile,12,5.1,NA,alive,no,Xenopus laevis,5217334,,50.768027777777775,2.7708055555555555,Heuvelland,West-Vlaanderen,flanders,"c(2.77080555555556, 50.7680277777778)",Big_pond_Eeuwenhout_bos_2024-05-22_2024-05-23,2024
931-1,Big pond Eeuwenhout bos,2024-05-22T00:00:00Z,2024-05-23T00:00:00Z,SDSF_2a,Xenlae,juvenile,7,4.4,NA,alive,no,Xenopus laevis,5217334,,50.768027777777775,2.7708055555555555,Heuvelland,West-Vlaanderen,flanders,"c(2.77080555555556, 50.7680277777778)",Big_pond_Eeuwenhout_bos_2024-05-22_2024-05-23,2024
932-1,Big pond Eeuwenhout bos,2024-05-22T00:00:00Z,2024-05-23T00:00:00Z,SDSF_2a,Xenlae,juvenile,13,5.3,NA,alive,no,Xenopus laevis,5217334,,50.768027777777775,2.7708055555555555,Heuvelland,West-Vlaanderen,flanders,"c(2.77080555555556, 50.7680277777778)",Big_pond_Eeuwenhout_bos_2024-05-22_2024-05-23,2024
933-2,Big pond Eeuwenhout bos,2024-05-22T00:00:00Z,2024-05-23T00:00:00Z,SDSF_2a,Xenlae,juvenile,13,5.3,NA,alive,no,Xenopus laevis,5217334,,50.768027777777775,2.7708055555555555,Heuvelland,West-Vlaanderen,flanders,"c(2.77080555555556, 50.7680277777778)",Big_pond_Eeuwenhout_bos_2024-05-22_2024-05-23,2024
934-3,Big pond Eeuwenhout bos,2024-05-22T00:00:00Z,2024-05-23T00:00:00Z,SDSF_2a,Xenlae,juvenile,13,5.3,NA,alive,no,Xenopus laevis,5217334,,50.768027777777775,2.7708055555555555,Heuvelland,West-Vlaanderen,flanders,"c(2.77080555555556, 50.7680277777778)",Big_pond_Eeuwenhout_bos_2024-05-22_2024-05-23,2024
935-1,Big pond Eeuwenhout bos,2024-05-22T00:00:00Z,2024-05-23T00:00:00Z,SDSF_2a,Xenlae,juvenile,15,5.3,NA,alive,no,Xenopus laevis,5217334,,50.768027777777775,2.7708055555555555,Heuvelland,West-Vlaanderen,flanders,"c(2.77080555555556, 50.7680277777778)",Big_pond_Eeuwenhout_bos_2024-05-22_2024-05-23,2024
936-1,Big pond Eeuwenhout bos,2024-05-22T00:00:00Z,2024-05-23T00:00:00Z,SDSF_2a,Xenlae,juvenile,11,5,NA,alive,no,Xenopus laevis,5217334,,50.768027777777775,2.7708055555555555,Heuvelland,West-Vlaanderen,flanders,"c(2.77080555555556, 50.7680277777778)",Big_pond_Eeuwenhout_bos_2024-05-22_2024-05-23,2024
937-1,Big pond Eeuwenhout bos,2024-05-22T00:00:00Z,2024-05-23T00:00:00Z,SDSF_2a,Xenlae,juvenile,8,4.6,NA,alive,no,Xenopus laevis,5217334,,50.768027777777775,2.7708055555555555,Heuvelland,West-Vlaanderen,flanders,"c(2.77080555555556, 50.7680277777778)",Big_pond_Eeuwenhout_bos_2024-05-22_2024-05-23,2024
938-4,Big pond Eeuwenhout bos,2024-05-22T00:00:00Z,2024-05-23T00:00:00Z,SDSF_2a,Xenlae,juvenile,13,5.3,NA,alive,no,Xenopus laevis,5217334,,50.768027777777775,2.7708055555555555,Heuvelland,West-Vlaanderen,flanders,"c(2.77080555555556, 50.7680277777778)",Big_pond_Eeuwenhout_bos_2024-05-22_2024-05-23,2024
939-1,Big pond Eeuwenhout bos,2024-05-22T00:00:00Z,2024-05-23T00:00:00Z,SDSF_2a,Xenlae,juvenile,7,4.2,NA,alive,no,Xenopus laevis,5217334,,50.768027777777775,2.7708055555555555,Heuvelland,West-Vlaanderen,flanders,"c(2.77080555555556, 50.7680277777778)",Big_pond_Eeuwenhout_bos_2024-05-22_2024-05-23,2024
940-2,Big pond Eeuwenhout bos,2024-05-22T00:00:00Z,2024-05-23T00:00:00Z,SDSF_2a,Xenlae,juvenile,5,3.9,NA,alive,no,Xenopus laevis,5217334,,50.768027777777775,2.7708055555555555,Heuvelland,West-Vlaanderen,flanders,"c(2.77080555555556, 50.7680277777778)",Big_pond_Eeuwenhout_bos_2024-05-22_2024-05-23,2024
941-1,Big pond Eeuwenhout bos,2024-05-22T00:00:00Z,2024-05-23T00:00:00Z,SDSF_2a,Xenlae,juvenile,10,5,NA,alive,no,Xenopus laevis,5217334,,50.768027777777775,2.7708055555555555,Heuvelland,West-Vlaanderen,flanders,"c(2.77080555555556, 50.7680277777778)",Big_pond_Eeuwenhout_bos_2024-05-22_2024-05-23,2024
942-1,Big pond Eeuwenhout bos,2024-05-22T00:00:00Z,2024-05-23T00:00:00Z,SDSF_2a,Xenlae,juvenile,5,4.1,NA,alive,no,Xenopus laevis,5217334,,50.768027777777775,2.7708055555555555,Heuvelland,West-Vlaanderen,flanders,"c(2.77080555555556, 50.7680277777778)",Big_pond_Eeuwenhout_bos_2024-05-22_2024-05-23,2024
943-1,Big pond Eeuwenhout bos,2024-05-22T00:00:00Z,2024-05-23T00:00:00Z,SDSF_2a,Xenlae,juvenile,8,4.3,NA,alive,no,Xenopus laevis,5217334,,50.768027777777775,2.7708055555555555,Heuvelland,West-Vlaanderen,flanders,"c(2.77080555555556, 50.7680277777778)",Big_pond_Eeuwenhout_bos_2024-05-22_2024-05-23,2024
944-1,Big pond Eeuwenhout bos,2024-05-22T00:00:00Z,2024-05-23T00:00:00Z,SDSF_2a,Xenlae,juvenile,11,4.8,NA,alive,no,Xenopus laevis,5217334,,50.768027777777775,2.7708055555555555,Heuvelland,West-Vlaanderen,flanders,"c(2.77080555555556, 50.7680277777778)",Big_pond_Eeuwenhout_bos_2024-05-22_2024-05-23,2024
945-1,Big pond Eeuwenhout bos,2024-05-22T00:00:00Z,2024-05-23T00:00:00Z,SDSF_2a,Xenlae,juvenile,7,3.9,NA,alive,no,Xenopus laevis,5217334,,50.768027777777775,2.7708055555555555,Heuvelland,West-Vlaanderen,flanders,"c(2.77080555555556, 50.7680277777778)",Big_pond_Eeuwenhout_bos_2024-05-22_2024-05-23,2024
946-1,Big pond Eeuwenhout bos,2024-05-22T00:00:00Z,2024-05-23T00:00:00Z,SDSF_2a,Xenlae,juvenile,8,4.2,NA,alive,no,Xenopus laevis,5217334,,50.768027777777775,2.7708055555555555,Heuvelland,West-Vlaanderen,flanders,"c(2.77080555555556, 50.7680277777778)",Big_pond_Eeuwenhout_bos_2024-05-22_2024-05-23,2024
947-1,Big pond Eeuwenhout bos,2024-05-22T00:00:00Z,2024-05-23T00:00:00Z,SDSF_2a,Xenlae,juvenile,6,4.1,NA,alive,no,Xenopus laevis,5217334,,50.768027777777775,2.7708055555555555,Heuvelland,West-Vlaanderen,flanders,"c(2.77080555555556, 50.7680277777778)",Big_pond_Eeuwenhout_bos_2024-05-22_2024-05-23,2024
948-1,Big pond Eeuwenhout bos,2024-05-22T00:00:00Z,2024-05-23T00:00:00Z,SDSF_2a,Xenlae,juvenile,12,4.5,NA,alive,no,Xenopus laevis,5217334,,50.768027777777775,2.7708055555555555,Heuvelland,West-Vlaanderen,flanders,"c(2.77080555555556, 50.7680277777778)",Big_pond_Eeuwenhout_bos_2024-05-22_2024-05-23,2024
949-1,Big pond Eeuwenhout bos,2024-05-22T00:00:00Z,2024-05-23T00:00:00Z,SDSF_2a,Xenlae,juvenile,6,3.8,NA,alive,no,Xenopus laevis,5217334,,50.768027777777775,2.7708055555555555,Heuvelland,West-Vlaanderen,flanders,"c(2.77080555555556, 50.7680277777778)",Big_pond_Eeuwenhout_bos_2024-05-22_2024-05-23,2024
950-2,Big pond Eeuwenhout bos,2024-05-22T00:00:00Z,2024-05-23T00:00:00Z,SDSF_2a,Xenlae,juvenile,10,4.4,NA,alive,no,Xenopus laevis,5217334,,50.768027777777775,2.7708055555555555,Heuvelland,West-Vlaanderen,flanders,"c(2.77080555555556, 50.7680277777778)",Big_pond_Eeuwenhout_bos_2024-05-22_2024-05-23,2024
951-1,Big pond Eeuwenhout bos,2024-05-22T00:00:00Z,2024-05-23T00:00:00Z,SDSF_2a,Xenlae,juvenile,7,4.3,NA,alive,no,Xenopus laevis,5217334,,50.768027777777775,2.7708055555555555,Heuvelland,West-Vlaanderen,flanders,"c(2.77080555555556, 50.7680277777778)",Big_pond_Eeuwenhout_bos_2024-05-22_2024-05-23,2024
952-1,Big pond Eeuwenhout bos,2024-05-22T00:00:00Z,2024-05-23T00:00:00Z,SDSF_2a,Xenlae,juvenile,12,4.6,NA,alive,no,Xenopus laevis,5217334,,50.768027777777775,2.7708055555555555,Heuvelland,West-Vlaanderen,flanders,"c(2.77080555555556, 50.7680277777778)",Big_pond_Eeuwenhout_bos_2024-05-22_2024-05-23,2024
953-1,Big pond Eeuwenhout bos,2024-05-22T00:00:00Z,2024-05-23T00:00:00Z,SDSF_2a,Xenlae,juvenile,6,4,NA,alive,no,Xenopus laevis,5217334,,50.768027777777775,2.7708055555555555,Heuvelland,West-Vlaanderen,flanders,"c(2.77080555555556, 50.7680277777778)",Big_pond_Eeuwenhout_bos_2024-05-22_2024-05-23,2024
954-1,Big pond Eeuwenhout bos,2024-05-22T00:00:00Z,2024-05-23T00:00:00Z,SDSF_2a,Xenlae,juvenile,7,4,NA,alive,no,Xenopus laevis,5217334,,50.768027777777775,2.7708055555555555,Heuvelland,West-Vlaanderen,flanders,"c(2.77080555555556, 50.7680277777778)",Big_pond_Eeuwenhout_bos_2024-05-22_2024-05-23,2024
955-2,Big pond Eeuwenhout bos,2024-05-22T00:00:00Z,2024-05-23T00:00:00Z,SDSF_2a,Xenlae,juvenile,8,4.2,NA,alive,no,Xenopus laevis,5217334,,50.768027777777775,2.7708055555555555,Heuvelland,West-Vlaanderen,flanders,"c(2.77080555555556, 50.7680277777778)",Big_pond_Eeuwenhout_bos_2024-05-22_2024-05-23,2024
961-1,Big pond Eeuwenhout bos,2024-05-22T00:00:00Z,2024-05-23T00:00:00Z,SDSF_3a,Xenlae,juvenile,7,4.2,NA,alive,no,Xenopus laevis,5217334,,50.768027777777775,2.7708055555555555,Heuvelland,West-Vlaanderen,flanders,"c(2.77080555555556, 50.7680277777778)",Big_pond_Eeuwenhout_bos_2024-05-22_2024-05-23,2024
962-1,Big pond Eeuwenhout bos,2024-05-22T00:00:00Z,2024-05-23T00:00:00Z,SDSF_3a,Xenlae,juvenile,11,5,NA,alive,no,Xenopus laevis,5217334,,50.768027777777775,2.7708055555555555,Heuvelland,West-Vlaanderen,flanders,"c(2.77080555555556, 50.7680277777778)",Big_pond_Eeuwenhout_bos_2024-05-22_2024-05-23,2024
963-1,Big pond Eeuwenhout bos,2024-05-22T00:00:00Z,2024-05-23T00:00:00Z,SDSF_3a,Xenlae,juvenile,16,5.4,NA,alive,no,Xenopus laevis,5217334,,50.768027777777775,2.7708055555555555,Heuvelland,West-Vlaanderen,flanders,"c(2.77080555555556, 50.7680277777778)",Big_pond_Eeuwenhout_bos_2024-05-22_2024-05-23,2024
964-1,Big pond Eeuwenhout bos,2024-05-22T00:00:00Z,2024-05-23T00:00:00Z,SDSF_3a,Xenlae,juvenile,11,4.9,NA,alive,no,Xenopus laevis,5217334,,50.768027777777775,2.7708055555555555,Heuvelland,West-Vlaanderen,flanders,"c(2.77080555555556, 50.7680277777778)",Big_pond_Eeuwenhout_bos_2024-05-22_2024-05-23,2024
965-1,Big pond Eeuwenhout bos,2024-05-22T00:00:00Z,2024-05-23T00:00:00Z,SDSF_3a,Xenlae,subadult,27,6.7,NA,alive,no,Xenopus laevis,5217334,,50.768027777777775,2.7708055555555555,Heuvelland,West-Vlaanderen,flanders,"c(2.77080555555556, 50.7680277777778)",Big_pond_Eeuwenhout_bos_2024-05-22_2024-05-23,2024
966-1,Big pond Eeuwenhout bos,2024-05-22T00:00:00Z,2024-05-23T00:00:00Z,SDSF_3a,Xenlae,juvenile,18,5.6,NA,alive,no,Xenopus laevis,5217334,,50.768027777777775,2.7708055555555555,Heuvelland,West-Vlaanderen,flanders,"c(2.77080555555556, 50.7680277777778)",Big_pond_Eeuwenhout_bos_2024-05-22_2024-05-23,2024
967-1,Big pond Eeuwenhout bos,2024-05-22T00:00:00Z,2024-05-23T00:00:00Z,SDSF_3a,Xenlae,juvenile,5,3.7,NA,alive,no,Xenopus laevis,5217334,,50.768027777777775,2.7708055555555555,Heuvelland,West-Vlaanderen,flanders,"c(2.77080555555556, 50.7680277777778)",Big_pond_Eeuwenhout_bos_2024-05-22_2024-05-23,2024
968-1,Big pond Eeuwenhout bos,2024-05-22T00:00:00Z,2024-05-23T00:00:00Z,SDSF_3a,Xenlae,juvenile,15,5.6,NA,alive,no,Xenopus laevis,5217334,,50.768027777777775,2.7708055555555555,Heuvelland,West-Vlaanderen,flanders,"c(2.77080555555556, 50.7680277777778)",Big_pond_Eeuwenhout_bos_2024-05-22_2024-05-23,2024
969-1,Big pond Eeuwenhout bos,2024-05-22T00:00:00Z,2024-05-23T00:00:00Z,SDSF_3a,Xenlae,juvenile,18,5.7,NA,alive,no,Xenopus laevis,5217334,,50.768027777777775,2.7708055555555555,Heuvelland,West-Vlaanderen,flanders,"c(2.77080555555556, 50.7680277777778)",Big_pond_Eeuwenhout_bos_2024-05-22_2024-05-23,2024
970-1,Big pond Eeuwenhout bos,2024-05-22T00:00:00Z,2024-05-23T00:00:00Z,SDSF_3a,Xenlae,juvenile,12,4.9,NA,alive,no,Xenopus laevis,5217334,,50.768027777777775,2.7708055555555555,Heuvelland,West-Vlaanderen,flanders,"c(2.77080555555556, 50.7680277777778)",Big_pond_Eeuwenhout_bos_2024-05-22_2024-05-23,2024
971-1,Big pond Eeuwenhout bos,2024-05-22T00:00:00Z,2024-05-23T00:00:00Z,SDSF_3a,Xenlae,juvenile,13,5.1,NA,alive,no,Xenopus laevis,5217334,,50.768027777777775,2.7708055555555555,Heuvelland,West-Vlaanderen,flanders,"c(2.77080555555556, 50.7680277777778)",Big_pond_Eeuwenhout_bos_2024-05-22_2024-05-23,2024
972-2,Big pond Eeuwenhout bos,2024-05-22T00:00:00Z,2024-05-23T00:00:00Z,SDSF_3a,Xenlae,juvenile,11,4.9,NA,alive,no,Xenopus laevis,5217334,,50.768027777777775,2.7708055555555555,Heuvelland,West-Vlaanderen,flanders,"c(2.77080555555556, 50.7680277777778)",Big_pond_Eeuwenhout_bos_2024-05-22_2024-05-23,2024
973-1,Big pond Eeuwenhout bos,2024-05-22T00:00:00Z,2024-05-23T00:00:00Z,SDSF_3a,Xenlae,juvenile,8,4.2,NA,alive,no,Xenopus laevis,5217334,,50.768027777777775,2.7708055555555555,Heuvelland,West-Vlaanderen,flanders,"c(2.77080555555556, 50.7680277777778)",Big_pond_Eeuwenhout_bos_2024-05-22_2024-05-23,2024
974-1,Big pond Eeuwenhout bos,2024-05-22T00:00:00Z,2024-05-23T00:00:00Z,SDSF_3a,Xenlae,juvenile,6,4.2,NA,alive,no,Xenopus laevis,5217334,,50.768027777777775,2.7708055555555555,Heuvelland,West-Vlaanderen,flanders,"c(2.77080555555556, 50.7680277777778)",Big_pond_Eeuwenhout_bos_2024-05-22_2024-05-23,2024
975-2,Big pond Eeuwenhout bos,2024-05-22T00:00:00Z,2024-05-23T00:00:00Z,SDSF_3a,Xenlae,juvenile,16,5.4,NA,alive,no,Xenopus laevis,5217334,,50.768027777777775,2.7708055555555555,Heuvelland,West-Vlaanderen,flanders,"c(2.77080555555556, 50.7680277777778)",Big_pond_Eeuwenhout_bos_2024-05-22_2024-05-23,2024
976-1,Big pond Eeuwenhout bos,2024-05-22T00:00:00Z,2024-05-23T00:00:00Z,SDSF_3a,Xenlae,juvenile,9,4.4,NA,alive,no,Xenopus laevis,5217334,,50.768027777777775,2.7708055555555555,Heuvelland,West-Vlaanderen,flanders,"c(2.77080555555556, 50.7680277777778)",Big_pond_Eeuwenhout_bos_2024-05-22_2024-05-23,2024
977-1,Big pond Eeuwenhout bos,2024-05-22T00:00:00Z,2024-05-23T00:00:00Z,SDSF_3a,Xenlae,juvenile,9,4.5,NA,alive,no,Xenopus laevis,5217334,,50.768027777777775,2.7708055555555555,Heuvelland,West-Vlaanderen,flanders,"c(2.77080555555556, 50.7680277777778)",Big_pond_Eeuwenhout_bos_2024-05-22_2024-05-23,2024
978-1,Big pond Eeuwenhout bos,2024-05-22T00:00:00Z,2024-05-23T00:00:00Z,SDSF_3a,Xenlae,juvenile,3,3.5,NA,alive,no,Xenopus laevis,5217334,,50.768027777777775,2.7708055555555555,Heuvelland,West-Vlaanderen,flanders,"c(2.77080555555556, 50.7680277777778)",Big_pond_Eeuwenhout_bos_2024-05-22_2024-05-23,2024
979-2,Big pond Eeuwenhout bos,2024-05-22T00:00:00Z,2024-05-23T00:00:00Z,SDSF_3a,Xenlae,juvenile,11,5,NA,alive,no,Xenopus laevis,5217334,,50.768027777777775,2.7708055555555555,Heuvelland,West-Vlaanderen,flanders,"c(2.77080555555556, 50.7680277777778)",Big_pond_Eeuwenhout_bos_2024-05-22_2024-05-23,2024
988-1,Big pond Eeuwenhout bos,2024-05-22T00:00:00Z,2024-05-23T00:00:00Z,SDSF_4a,Xenlae,subadult,22,6.3,NA,alive,no,Xenopus laevis,5217334,,50.768027777777775,2.7708055555555555,Heuvelland,West-Vlaanderen,flanders,"c(2.77080555555556, 50.7680277777778)",Big_pond_Eeuwenhout_bos_2024-05-22_2024-05-23,2024
989-1,Big pond Eeuwenhout bos,2024-05-22T00:00:00Z,2024-05-23T00:00:00Z,SDSF_4a,Xenlae,juvenile,19,5.6,NA,alive,no,Xenopus laevis,5217334,,50.768027777777775,2.7708055555555555,Heuvelland,West-Vlaanderen,flanders,"c(2.77080555555556, 50.7680277777778)",Big_pond_Eeuwenhout_bos_2024-05-22_2024-05-23,2024
990-1,Big pond Eeuwenhout bos,2024-05-22T00:00:00Z,2024-05-23T00:00:00Z,SDSF_4a,Xenlae,juvenile,12,4.8,NA,alive,no,Xenopus laevis,5217334,,50.768027777777775,2.7708055555555555,Heuvelland,West-Vlaanderen,flanders,"c(2.77080555555556, 50.7680277777778)",Big_pond_Eeuwenhout_bos_2024-05-22_2024-05-23,2024
991-1,Big pond Eeuwenhout bos,2024-05-22T00:00:00Z,2024-05-23T00:00:00Z,SDSF_4a,Xenlae,juvenile,17,5.5,NA,alive,no,Xenopus laevis,5217334,,50.768027777777775,2.7708055555555555,Heuvelland,West-Vlaanderen,flanders,"c(2.77080555555556, 50.7680277777778)",Big_pond_Eeuwenhout_bos_2024-05-22_2024-05-23,2024
992-1,Big pond Eeuwenhout bos,2024-05-22T00:00:00Z,2024-05-23T00:00:00Z,SDSF_4a,Xenlae,juvenile,15,5.5,NA,alive,no,Xenopus laevis,5217334,,50.768027777777775,2.7708055555555555,Heuvelland,West-Vlaanderen,flanders,"c(2.77080555555556, 50.7680277777778)",Big_pond_Eeuwenhout_bos_2024-05-22_2024-05-23,2024
993-1,Big pond Eeuwenhout bos,2024-05-22T00:00:00Z,2024-05-23T00:00:00Z,SDSF_4a,Xenlae,juvenile,17,5.4,NA,alive,no,Xenopus laevis,5217334,,50.768027777777775,2.7708055555555555,Heuvelland,West-Vlaanderen,flanders,"c(2.77080555555556, 50.7680277777778)",Big_pond_Eeuwenhout_bos_2024-05-22_2024-05-23,2024
994-1,Big pond Eeuwenhout bos,2024-05-22T00:00:00Z,2024-05-23T00:00:00Z,SDSF_4a,Xenlae,juvenile,23,5.7,NA,alive,no,Xenopus laevis,5217334,,50.768027777777775,2.7708055555555555,Heuvelland,West-Vlaanderen,flanders,"c(2.77080555555556, 50.7680277777778)",Big_pond_Eeuwenhout_bos_2024-05-22_2024-05-23,2024
995-1,Big pond Eeuwenhout bos,2024-05-22T00:00:00Z,2024-05-23T00:00:00Z,SDSF_4a,Xenlae,juvenile,14,5,NA,alive,no,Xenopus laevis,5217334,,50.768027777777775,2.7708055555555555,Heuvelland,West-Vlaanderen,flanders,"c(2.77080555555556, 50.7680277777778)",Big_pond_Eeuwenhout_bos_2024-05-22_2024-05-23,2024
996-1,Big pond Eeuwenhout bos,2024-05-22T00:00:00Z,2024-05-23T00:00:00Z,SDSF_4a,Xenlae,juvenile,14,5.3,NA,alive,no,Xenopus laevis,5217334,,50.768027777777775,2.7708055555555555,Heuvelland,West-Vlaanderen,flanders,"c(2.77080555555556, 50.7680277777778)",Big_pond_Eeuwenhout_bos_2024-05-22_2024-05-23,2024
997-1,Big pond Eeuwenhout bos,2024-05-22T00:00:00Z,2024-05-23T00:00:00Z,SDSF_4a,Xenlae,juvenile,10,4.7,NA,alive,no,Xenopus laevis,5217334,,50.768027777777775,2.7708055555555555,Heuvelland,West-Vlaanderen,flanders,"c(2.77080555555556, 50.7680277777778)",Big_pond_Eeuwenhout_bos_2024-05-22_2024-05-23,2024
998-1,Big pond Eeuwenhout bos,2024-05-22T00:00:00Z,2024-05-23T00:00:00Z,SDSF_4a,Xenlae,juvenile,16,5.5,NA,alive,no,Xenopus laevis,5217334,,50.768027777777775,2.7708055555555555,Heuvelland,West-Vlaanderen,flanders,"c(2.77080555555556, 50.7680277777778)",Big_pond_Eeuwenhout_bos_2024-05-22_2024-05-23,2024
999-1,Big pond Eeuwenhout bos,2024-05-22T00:00:00Z,2024-05-23T00:00:00Z,SDSF_4a,Xenlae,juvenile,13,5.3,NA,alive,no,Xenopus laevis,5217334,,50.768027777777775,2.7708055555555555,Heuvelland,West-Vlaanderen,flanders,"c(2.77080555555556, 50.7680277777778)",Big_pond_Eeuwenhout_bos_2024-05-22_2024-05-23,2024
1000-1,Big pond Eeuwenhout bos,2024-05-22T00:00:00Z,2024-05-23T00:00:00Z,SDSF_4a,Xenlae,juvenile,15,5.3,NA,alive,no,Xenopus laevis,5217334,,50.768027777777775,2.7708055555555555,Heuvelland,West-Vlaanderen,flanders,"c(2.77080555555556, 50.7680277777778)",Big_pond_Eeuwenhout_bos_2024-05-22_2024-05-23,2024
1001-1,Big pond Eeuwenhout bos,2024-05-22T00:00:00Z,2024-05-23T00:00:00Z,SDSF_4a,Xenlae,juvenile,15,5,NA,alive,no,Xenopus laevis,5217334,,50.768027777777775,2.7708055555555555,Heuvelland,West-Vlaanderen,flanders,"c(2.77080555555556, 50.7680277777778)",Big_pond_Eeuwenhout_bos_2024-05-22_2024-05-23,2024
1002-2,Big pond Eeuwenhout bos,2024-05-22T00:00:00Z,2024-05-23T00:00:00Z,SDSF_4a,Xenlae,juvenile,15,5,NA,alive,no,Xenopus laevis,5217334,,50.768027777777775,2.7708055555555555,Heuvelland,West-Vlaanderen,flanders,"c(2.77080555555556, 50.7680277777778)",Big_pond_Eeuwenhout_bos_2024-05-22_2024-05-23,2024
1003-1,Big pond Eeuwenhout bos,2024-05-22T00:00:00Z,2024-05-23T00:00:00Z,SDSF_4a,Xenlae,juvenile,11,5,NA,alive,no,Xenopus laevis,5217334,,50.768027777777775,2.7708055555555555,Heuvelland,West-Vlaanderen,flanders,"c(2.77080555555556, 50.7680277777778)",Big_pond_Eeuwenhout_bos_2024-05-22_2024-05-23,2024
1004-2,Big pond Eeuwenhout bos,2024-05-22T00:00:00Z,2024-05-23T00:00:00Z,SDSF_4a,Xenlae,juvenile,15,5.5,NA,alive,no,Xenopus laevis,5217334,,50.768027777777775,2.7708055555555555,Heuvelland,West-Vlaanderen,flanders,"c(2.77080555555556, 50.7680277777778)",Big_pond_Eeuwenhout_bos_2024-05-22_2024-05-23,2024
1008-1,Big pond Eeuwenhout bos,2024-05-22T00:00:00Z,2024-05-23T00:00:00Z,SDSF_5a,Xenlae,adult,46,8,F,alive,no,Xenopus laevis,5217334,,50.768027777777775,2.7708055555555555,Heuvelland,West-Vlaanderen,flanders,"c(2.77080555555556, 50.7680277777778)",Big_pond_Eeuwenhout_bos_2024-05-22_2024-05-23,2024
1009-1,Big pond Eeuwenhout bos,2024-05-22T00:00:00Z,2024-05-23T00:00:00Z,SDSF_5a,Xenlae,subadult,20,6.1,NA,alive,no,Xenopus laevis,5217334,,50.768027777777775,2.7708055555555555,Heuvelland,West-Vlaanderen,flanders,"c(2.77080555555556, 50.7680277777778)",Big_pond_Eeuwenhout_bos_2024-05-22_2024-05-23,2024
1010-1,Big pond Eeuwenhout bos,2024-05-22T00:00:00Z,2024-05-23T00:00:00Z,SDSF_5a,Xenlae,juvenile,13,5,NA,alive,no,Xenopus laevis,5217334,,50.768027777777775,2.7708055555555555,Heuvelland,West-Vlaanderen,flanders,"c(2.77080555555556, 50.7680277777778)",Big_pond_Eeuwenhout_bos_2024-05-22_2024-05-23,2024
1011-1,Big pond Eeuwenhout bos,2024-05-22T00:00:00Z,2024-05-23T00:00:00Z,SDSF_5a,Xenlae,juvenile,19,5.5,NA,alive,no,Xenopus laevis,5217334,,50.768027777777775,2.7708055555555555,Heuvelland,West-Vlaanderen,flanders,"c(2.77080555555556, 50.7680277777778)",Big_pond_Eeuwenhout_bos_2024-05-22_2024-05-23,2024
1012-1,Big pond Eeuwenhout bos,2024-05-22T00:00:00Z,2024-05-23T00:00:00Z,SDSF_5a,Xenlae,subadult,22,6.2,NA,alive,no,Xenopus laevis,5217334,,50.768027777777775,2.7708055555555555,Heuvelland,West-Vlaanderen,flanders,"c(2.77080555555556, 50.7680277777778)",Big_pond_Eeuwenhout_bos_2024-05-22_2024-05-23,2024
1013-1,Big pond Eeuwenhout bos,2024-05-22T00:00:00Z,2024-05-23T00:00:00Z,SDSF_5a,Xenlae,juvenile,11,5.1,NA,alive,no,Xenopus laevis,5217334,,50.768027777777775,2.7708055555555555,Heuvelland,West-Vlaanderen,flanders,"c(2.77080555555556, 50.7680277777778)",Big_pond_Eeuwenhout_bos_2024-05-22_2024-05-23,2024
1014-1,Big pond Eeuwenhout bos,2024-05-22T00:00:00Z,2024-05-23T00:00:00Z,SDSF_5a,Xenlae,subadult,27,6.2,NA,alive,no,Xenopus laevis,5217334,,50.768027777777775,2.7708055555555555,Heuvelland,West-Vlaanderen,flanders,"c(2.77080555555556, 50.7680277777778)",Big_pond_Eeuwenhout_bos_2024-05-22_2024-05-23,2024
1015-1,Big pond Eeuwenhout bos,2024-05-22T00:00:00Z,2024-05-23T00:00:00Z,SDSF_5a,Xenlae,juvenile,13,4.9,NA,alive,no,Xenopus laevis,5217334,,50.768027777777775,2.7708055555555555,Heuvelland,West-Vlaanderen,flanders,"c(2.77080555555556, 50.7680277777778)",Big_pond_Eeuwenhout_bos_2024-05-22_2024-05-23,2024
1016-1,Big pond Eeuwenhout bos,2024-05-22T00:00:00Z,2024-05-23T00:00:00Z,SDSF_5a,Xenlae,juvenile,16,5.2,NA,alive,no,Xenopus laevis,5217334,,50.768027777777775,2.7708055555555555,Heuvelland,West-Vlaanderen,flanders,"c(2.77080555555556, 50.7680277777778)",Big_pond_Eeuwenhout_bos_2024-05-22_2024-05-23,2024
1017-1,Big pond Eeuwenhout bos,2024-05-22T00:00:00Z,2024-05-23T00:00:00Z,SDSF_5a,Xenlae,juvenile,12,5,NA,alive,no,Xenopus laevis,5217334,,50.768027777777775,2.7708055555555555,Heuvelland,West-Vlaanderen,flanders,"c(2.77080555555556, 50.7680277777778)",Big_pond_Eeuwenhout_bos_2024-05-22_2024-05-23,2024
1018-1,Big pond Eeuwenhout bos,2024-05-22T00:00:00Z,2024-05-23T00:00:00Z,SDSF_5a,Xenlae,juvenile,10,4.3,NA,alive,no,Xenopus laevis,5217334,,50.768027777777775,2.7708055555555555,Heuvelland,West-Vlaanderen,flanders,"c(2.77080555555556, 50.7680277777778)",Big_pond_Eeuwenhout_bos_2024-05-22_2024-05-23,2024
1019-2,Big pond Eeuwenhout bos,2024-05-22T00:00:00Z,2024-05-23T00:00:00Z,SDSF_5a,Xenlae,juvenile,13,5,NA,alive,no,Xenopus laevis,5217334,,50.768027777777775,2.7708055555555555,Heuvelland,West-Vlaanderen,flanders,"c(2.77080555555556, 50.7680277777778)",Big_pond_Eeuwenhout_bos_2024-05-22_2024-05-23,2024
1020-1,Big pond Eeuwenhout bos,2024-05-22T00:00:00Z,2024-05-23T00:00:00Z,SDSF_5a,Xenlae,juvenile,15,5.2,NA,alive,no,Xenopus laevis,5217334,,50.768027777777775,2.7708055555555555,Heuvelland,West-Vlaanderen,flanders,"c(2.77080555555556, 50.7680277777778)",Big_pond_Eeuwenhout_bos_2024-05-22_2024-05-23,2024
1021-1,Big pond Eeuwenhout bos,2024-05-22T00:00:00Z,2024-05-23T00:00:00Z,SDSF_5a,Xenlae,juvenile,16,5.5,NA,alive,no,Xenopus laevis,5217334,,50.768027777777775,2.7708055555555555,Heuvelland,West-Vlaanderen,flanders,"c(2.77080555555556, 50.7680277777778)",Big_pond_Eeuwenhout_bos_2024-05-22_2024-05-23,2024
1022-1,Big pond Eeuwenhout bos,2024-05-22T00:00:00Z,2024-05-23T00:00:00Z,SDSF_5a,Xenlae,juvenile,14,5.1,NA,alive,no,Xenopus laevis,5217334,,50.768027777777775,2.7708055555555555,Heuvelland,West-Vlaanderen,flanders,"c(2.77080555555556, 50.7680277777778)",Big_pond_Eeuwenhout_bos_2024-05-22_2024-05-23,2024
1023-1,Big pond Eeuwenhout bos,2024-05-22T00:00:00Z,2024-05-23T00:00:00Z,SDSF_5a,Xenlae,juvenile,18,5.4,NA,alive,no,Xenopus laevis,5217334,,50.768027777777775,2.7708055555555555,Heuvelland,West-Vlaanderen,flanders,"c(2.77080555555556, 50.7680277777778)",Big_pond_Eeuwenhout_bos_2024-05-22_2024-05-23,2024
1024-1,Big pond Eeuwenhout bos,2024-05-22T00:00:00Z,2024-05-23T00:00:00Z,SDSF_5a,Xenlae,juvenile,10,4.7,NA,alive,no,Xenopus laevis,5217334,,50.768027777777775,2.7708055555555555,Heuvelland,West-Vlaanderen,flanders,"c(2.77080555555556, 50.7680277777778)",Big_pond_Eeuwenhout_bos_2024-05-22_2024-05-23,2024
1025-1,Big pond Eeuwenhout bos,2024-05-22T00:00:00Z,2024-05-23T00:00:00Z,SDSF_5a,Xenlae,juvenile,15,5.4,NA,alive,no,Xenopus laevis,5217334,,50.768027777777775,2.7708055555555555,Heuvelland,West-Vlaanderen,flanders,"c(2.77080555555556, 50.7680277777778)",Big_pond_Eeuwenhout_bos_2024-05-22_2024-05-23,2024
1026-1,Big pond Eeuwenhout bos,2024-05-22T00:00:00Z,2024-05-23T00:00:00Z,SDSF_5a,Xenlae,juvenile,16,5.4,NA,alive,no,Xenopus laevis,5217334,,50.768027777777775,2.7708055555555555,Heuvelland,West-Vlaanderen,flanders,"c(2.77080555555556, 50.7680277777778)",Big_pond_Eeuwenhout_bos_2024-05-22_2024-05-23,2024
1027-1,Big pond Eeuwenhout bos,2024-05-22T00:00:00Z,2024-05-23T00:00:00Z,SDSF_5a,Xenlae,juvenile,13,5.1,NA,alive,no,Xenopus laevis,5217334,,50.768027777777775,2.7708055555555555,Heuvelland,West-Vlaanderen,flanders,"c(2.77080555555556, 50.7680277777778)",Big_pond_Eeuwenhout_bos_2024-05-22_2024-05-23,2024
1028-1,Big pond Eeuwenhout bos,2024-05-22T00:00:00Z,2024-05-23T00:00:00Z,SDSF_5a,Xenlae,juvenile,8,4.6,NA,alive,no,Xenopus laevis,5217334,,50.768027777777775,2.7708055555555555,Heuvelland,West-Vlaanderen,flanders,"c(2.77080555555556, 50.7680277777778)",Big_pond_Eeuwenhout_bos_2024-05-22_2024-05-23,2024
1031-1,Big pond Eeuwenhout bos,2024-05-22T00:00:00Z,2024-05-23T00:00:00Z,SDSF_6a,Xenlae,juvenile,15,5.3,NA,alive,no,Xenopus laevis,5217334,,50.768027777777775,2.7708055555555555,Heuvelland,West-Vlaanderen,flanders,"c(2.77080555555556, 50.7680277777778)",Big_pond_Eeuwenhout_bos_2024-05-22_2024-05-23,2024
1032-1,Big pond Eeuwenhout bos,2024-05-22T00:00:00Z,2024-05-23T00:00:00Z,SDSF_6a,Xenlae,juvenile,10,4.7,NA,alive,no,Xenopus laevis,5217334,,50.768027777777775,2.7708055555555555,Heuvelland,West-Vlaanderen,flanders,"c(2.77080555555556, 50.7680277777778)",Big_pond_Eeuwenhout_bos_2024-05-22_2024-05-23,2024
1033-1,Big pond Eeuwenhout bos,2024-05-22T00:00:00Z,2024-05-23T00:00:00Z,SDSF_6a,Xenlae,juvenile,7,4.5,NA,alive,no,Xenopus laevis,5217334,,50.768027777777775,2.7708055555555555,Heuvelland,West-Vlaanderen,flanders,"c(2.77080555555556, 50.7680277777778)",Big_pond_Eeuwenhout_bos_2024-05-22_2024-05-23,2024
1034-1,Big pond Eeuwenhout bos,2024-05-22T00:00:00Z,2024-05-23T00:00:00Z,SDSF_6a,Xenlae,juvenile,10,4.4,NA,alive,no,Xenopus laevis,5217334,,50.768027777777775,2.7708055555555555,Heuvelland,West-Vlaanderen,flanders,"c(2.77080555555556, 50.7680277777778)",Big_pond_Eeuwenhout_bos_2024-05-22_2024-05-23,2024
1035-1,Big pond Eeuwenhout bos,2024-05-22T00:00:00Z,2024-05-23T00:00:00Z,SDSF_6a,Xenlae,juvenile,9,4.7,NA,alive,no,Xenopus laevis,5217334,,50.768027777777775,2.7708055555555555,Heuvelland,West-Vlaanderen,flanders,"c(2.77080555555556, 50.7680277777778)",Big_pond_Eeuwenhout_bos_2024-05-22_2024-05-23,2024
1038-1,Fish passage,2024-05-22T00:00:00Z,2024-05-23T00:00:00Z,FF_1-15,Xenlae,adult,152,12.3,F,dead,no,Xenopus laevis,5217334,,50.75802777777778,2.8552222222222223,Heuvelland,West-Vlaanderen,flanders,"c(2.85522222222222, 50.7580277777778)",Fish_passage_2024-05-22_2024-05-23,2024
1039-1,Fish passage,2024-05-22T00:00:00Z,2024-05-23T00:00:00Z,FF_1-15,Xenlae,adult,129,10.6,F,alive,no,Xenopus laevis,5217334,,50.75802777777778,2.8552222222222223,Heuvelland,West-Vlaanderen,flanders,"c(2.85522222222222, 50.7580277777778)",Fish_passage_2024-05-22_2024-05-23,2024
1040-1,Fish passage,2024-05-22T00:00:00Z,2024-05-23T00:00:00Z,FF_1-15,Xenlae,subadult,30,6.3,NA,alive,no,Xenopus laevis,5217334,,50.75802777777778,2.8552222222222223,Heuvelland,West-Vlaanderen,flanders,"c(2.85522222222222, 50.7580277777778)",Fish_passage_2024-05-22_2024-05-23,2024
1041-1,Fish passage,2024-05-22T00:00:00Z,2024-05-23T00:00:00Z,FF_1-15,Xenlae,juvenile,15,4.8,NA,alive,no,Xenopus laevis,5217334,,50.75802777777778,2.8552222222222223,Heuvelland,West-Vlaanderen,flanders,"c(2.85522222222222, 50.7580277777778)",Fish_passage_2024-05-22_2024-05-23,2024
1047-1,Fish passage,2024-05-22T00:00:00Z,2024-05-23T00:00:00Z,SDSF_1,Xenlae,adult,200,13.4,F,dead,no,Xenopus laevis,5217334,,50.75802777777778,2.8552222222222223,Heuvelland,West-Vlaanderen,flanders,"c(2.85522222222222, 50.7580277777778)",Fish_passage_2024-05-22_2024-05-23,2024
1055-1,Field pond,2024-05-22T00:00:00Z,2024-05-23T00:00:00Z,FF_1-17,Xenlae,subadult,37,6.9,NA,alive,no,Xenopus laevis,5217334,,50.75672222222222,2.9182777777777775,Mesen,West-Vlaanderen,flanders,"c(2.91827777777778, 50.7567222222222)",Field_pond_2024-05-22_2024-05-23,2024
1056-1,Field pond,2024-05-22T00:00:00Z,2024-05-23T00:00:00Z,FF_1-17,Xenlae,adult,62,7.3,M,alive,no,Xenopus laevis,5217334,,50.75672222222222,2.9182777777777775,Mesen,West-Vlaanderen,flanders,"c(2.91827777777778, 50.7567222222222)",Field_pond_2024-05-22_2024-05-23,2024
1057-1,Field pond,2024-05-22T00:00:00Z,2024-05-23T00:00:00Z,FF_1-17,Xenlae,subadult,38,6.8,NA,alive,no,Xenopus laevis,5217334,,50.75672222222222,2.9182777777777775,Mesen,West-Vlaanderen,flanders,"c(2.91827777777778, 50.7567222222222)",Field_pond_2024-05-22_2024-05-23,2024
1058-1,Field pond,2024-05-22T00:00:00Z,2024-05-23T00:00:00Z,FF_1-17,Xenlae,juvenile,20,5.4,NA,alive,no,Xenopus laevis,5217334,,50.75672222222222,2.9182777777777775,Mesen,West-Vlaanderen,flanders,"c(2.91827777777778, 50.7567222222222)",Field_pond_2024-05-22_2024-05-23,2024
1059-1,Field pond,2024-05-22T00:00:00Z,2024-05-23T00:00:00Z,FF_1-17,Xenlae,juvenile,14,4.8,NA,alive,no,Xenopus laevis,5217334,,50.75672222222222,2.9182777777777775,Mesen,West-Vlaanderen,flanders,"c(2.91827777777778, 50.7567222222222)",Field_pond_2024-05-22_2024-05-23,2024
1060-1,Field pond,2024-05-22T00:00:00Z,2024-05-23T00:00:00Z,FF_1-17,Xenlae,juvenile,18,5.5,NA,alive,no,Xenopus laevis,5217334,,50.75672222222222,2.9182777777777775,Mesen,West-Vlaanderen,flanders,"c(2.91827777777778, 50.7567222222222)",Field_pond_2024-05-22_2024-05-23,2024
1061-1,Field pond,2024-05-22T00:00:00Z,2024-05-23T00:00:00Z,FF_1-17,Xenlae,juvenile,18,5,NA,alive,no,Xenopus laevis,5217334,,50.75672222222222,2.9182777777777775,Mesen,West-Vlaanderen,flanders,"c(2.91827777777778, 50.7567222222222)",Field_pond_2024-05-22_2024-05-23,2024
1074-1,Field pond,2024-05-23T00:00:00Z,2024-05-24T00:00:00Z,SDSF_2,Xenlae,juvenile,NA,4.9,NA,alive,no,Xenopus laevis,5217334,,50.75672222222222,2.9182777777777775,Mesen,West-Vlaanderen,flanders,"c(2.91827777777778, 50.7567222222222)",Field_pond_2024-05-23_2024-05-24,2024
1075-2,Field pond,2024-05-23T00:00:00Z,2024-05-24T00:00:00Z,SDSF_2,Xenlae,juvenile,NA,4.9,NA,alive,no,Xenopus laevis,5217334,,50.75672222222222,2.9182777777777775,Mesen,West-Vlaanderen,flanders,"c(2.91827777777778, 50.7567222222222)",Field_pond_2024-05-23_2024-05-24,2024
1076-1,Field pond,2024-05-23T00:00:00Z,2024-05-24T00:00:00Z,SDSF_2,Xenlae,juvenile,NA,5,NA,alive,no,Xenopus laevis,5217334,,50.75672222222222,2.9182777777777775,Mesen,West-Vlaanderen,flanders,"c(2.91827777777778, 50.7567222222222)",Field_pond_2024-05-23_2024-05-24,2024
1077-1,Field pond,2024-05-23T00:00:00Z,2024-05-24T00:00:00Z,SDSF_2,Xenlae,adult,NA,8.5,NA,alive,no,Xenopus laevis,5217334,,50.75672222222222,2.9182777777777775,Mesen,West-Vlaanderen,flanders,"c(2.91827777777778, 50.7567222222222)",Field_pond_2024-05-23_2024-05-24,2024
1079-1,Field pond,2024-05-23T00:00:00Z,2024-05-24T00:00:00Z,SDSF_1,Xenlae,juvenile,NA,5.7,NA,alive,no,Xenopus laevis,5217334,,50.75672222222222,2.9182777777777775,Mesen,West-Vlaanderen,flanders,"c(2.91827777777778, 50.7567222222222)",Field_pond_2024-05-23_2024-05-24,2024
1080-1,Field pond,2024-05-23T00:00:00Z,2024-05-24T00:00:00Z,SDSF_1,Xenlae,juvenile,NA,5.2,NA,alive,no,Xenopus laevis,5217334,,50.75672222222222,2.9182777777777775,Mesen,West-Vlaanderen,flanders,"c(2.91827777777778, 50.7567222222222)",Field_pond_2024-05-23_2024-05-24,2024
1081-1,Field pond,2024-05-23T00:00:00Z,2024-05-24T00:00:00Z,SDSF_1,Xenlae,juvenile,NA,5.5,NA,alive,no,Xenopus laevis,5217334,,50.75672222222222,2.9182777777777775,Mesen,West-Vlaanderen,flanders,"c(2.91827777777778, 50.7567222222222)",Field_pond_2024-05-23_2024-05-24,2024
1082-1,Field pond,2024-05-23T00:00:00Z,2024-05-24T00:00:00Z,SDSF_1,Xenlae,juvenile,NA,5.1,NA,alive,no,Xenopus laevis,5217334,,50.75672222222222,2.9182777777777775,Mesen,West-Vlaanderen,flanders,"c(2.91827777777778, 50.7567222222222)",Field_pond_2024-05-23_2024-05-24,2024
1086-1,Field pond,2024-05-23T00:00:00Z,2024-05-24T00:00:00Z,SDSF_4,Xenlae,juvenile,NA,4.4,NA,alive,no,Xenopus laevis,5217334,,50.75672222222222,2.9182777777777775,Mesen,West-Vlaanderen,flanders,"c(2.91827777777778, 50.7567222222222)",Field_pond_2024-05-23_2024-05-24,2024
1087-1,Field pond,2024-05-23T00:00:00Z,2024-05-24T00:00:00Z,SDSF_4,Xenlae,subadult,NA,6.7,NA,alive,no,Xenopus laevis,5217334,,50.75672222222222,2.9182777777777775,Mesen,West-Vlaanderen,flanders,"c(2.91827777777778, 50.7567222222222)",Field_pond_2024-05-23_2024-05-24,2024
1088-1,Field pond,2024-05-23T00:00:00Z,2024-05-24T00:00:00Z,SDSF_4,Xenlae,subadult,NA,6.5,NA,alive,no,Xenopus laevis,5217334,,50.75672222222222,2.9182777777777775,Mesen,West-Vlaanderen,flanders,"c(2.91827777777778, 50.7567222222222)",Field_pond_2024-05-23_2024-05-24,2024
1089-1,Field pond,2024-05-23T00:00:00Z,2024-05-24T00:00:00Z,SDSF_4,Xenlae,subadult,NA,6.8,NA,alive,no,Xenopus laevis,5217334,,50.75672222222222,2.9182777777777775,Mesen,West-Vlaanderen,flanders,"c(2.91827777777778, 50.7567222222222)",Field_pond_2024-05-23_2024-05-24,2024
1090-1,Field pond,2024-05-23T00:00:00Z,2024-05-24T00:00:00Z,SDSF_4,Xenlae,adult,NA,8.1,NA,alive,no,Xenopus laevis,5217334,,50.75672222222222,2.9182777777777775,Mesen,West-Vlaanderen,flanders,"c(2.91827777777778, 50.7567222222222)",Field_pond_2024-05-23_2024-05-24,2024
1091-1,Field pond,2024-05-23T00:00:00Z,2024-05-24T00:00:00Z,SDSF_4,Xenlae,adult,NA,8,NA,alive,no,Xenopus laevis,5217334,,50.75672222222222,2.9182777777777775,Mesen,West-Vlaanderen,flanders,"c(2.91827777777778, 50.7567222222222)",Field_pond_2024-05-23_2024-05-24,2024
1092-1,Field pond,2024-05-23T00:00:00Z,2024-05-24T00:00:00Z,SDSF_4,Xenlae,adult,NA,7.4,NA,alive,no,Xenopus laevis,5217334,,50.75672222222222,2.9182777777777775,Mesen,West-Vlaanderen,flanders,"c(2.91827777777778, 50.7567222222222)",Field_pond_2024-05-23_2024-05-24,2024
1093-1,Field pond,2024-05-23T00:00:00Z,2024-05-24T00:00:00Z,SDSF_4,Xenlae,subadult,NA,6.4,NA,alive,no,Xenopus laevis,5217334,,50.75672222222222,2.9182777777777775,Mesen,West-Vlaanderen,flanders,"c(2.91827777777778, 50.7567222222222)",Field_pond_2024-05-23_2024-05-24,2024
1094-1,Field pond,2024-05-23T00:00:00Z,2024-05-24T00:00:00Z,SDSF_4,Xenlae,juvenile,NA,5.7,NA,alive,no,Xenopus laevis,5217334,,50.75672222222222,2.9182777777777775,Mesen,West-Vlaanderen,flanders,"c(2.91827777777778, 50.7567222222222)",Field_pond_2024-05-23_2024-05-24,2024
1095-1,Field pond,2024-05-23T00:00:00Z,2024-05-24T00:00:00Z,SDSF_4,Xenlae,juvenile,NA,4.8,NA,alive,no,Xenopus laevis,5217334,,50.75672222222222,2.9182777777777775,Mesen,West-Vlaanderen,flanders,"c(2.91827777777778, 50.7567222222222)",Field_pond_2024-05-23_2024-05-24,2024
1096-1,Field pond,2024-05-23T00:00:00Z,2024-05-24T00:00:00Z,SDSF_4,Xenlae,juvenile,NA,5.3,NA,alive,no,Xenopus laevis,5217334,,50.75672222222222,2.9182777777777775,Mesen,West-Vlaanderen,flanders,"c(2.91827777777778, 50.7567222222222)",Field_pond_2024-05-23_2024-05-24,2024
1097-1,Field pond,2024-05-23T00:00:00Z,2024-05-24T00:00:00Z,SDSF_4,Xenlae,juvenile,NA,5.1,NA,alive,no,Xenopus laevis,5217334,,50.75672222222222,2.9182777777777775,Mesen,West-Vlaanderen,flanders,"c(2.91827777777778, 50.7567222222222)",Field_pond_2024-05-23_2024-05-24,2024
1098-1,Field pond,2024-05-23T00:00:00Z,2024-05-24T00:00:00Z,SDSF_4,Xenlae,subadult,NA,6.7,NA,alive,yes,Xenopus laevis,5217334,,50.75672222222222,2.9182777777777775,Mesen,West-Vlaanderen,flanders,"c(2.91827777777778, 50.7567222222222)",Field_pond_2024-05-23_2024-05-24,2024
1099-1,Field pond,2024-05-23T00:00:00Z,2024-05-24T00:00:00Z,SDSF_4,Xenlae,juvenile,NA,5.2,NA,alive,no,Xenopus laevis,5217334,,50.75672222222222,2.9182777777777775,Mesen,West-Vlaanderen,flanders,"c(2.91827777777778, 50.7567222222222)",Field_pond_2024-05-23_2024-05-24,2024
1100-1,Field pond,2024-05-23T00:00:00Z,2024-05-24T00:00:00Z,SDSF_4,Xenlae,juvenile,NA,5.8,NA,alive,no,Xenopus laevis,5217334,,50.75672222222222,2.9182777777777775,Mesen,West-Vlaanderen,flanders,"c(2.91827777777778, 50.7567222222222)",Field_pond_2024-05-23_2024-05-24,2024
1101-1,Field pond,2024-05-23T00:00:00Z,2024-05-24T00:00:00Z,SDSF_4,Xenlae,subadult,NA,6.2,NA,alive,no,Xenopus laevis,5217334,,50.75672222222222,2.9182777777777775,Mesen,West-Vlaanderen,flanders,"c(2.91827777777778, 50.7567222222222)",Field_pond_2024-05-23_2024-05-24,2024
1102-1,Douve_1,2024-05-28T00:00:00Z,2024-05-29T00:00:00Z,FF_1,Xenlae,subadult,25,6.2,NA,alive,no,Xenopus laevis,5217334,,50.757194444444444,2.9225555555555554,Komen-Waasten,Henegouwen,wallonia,"c(2.92255555555556, 50.7571944444444)",Douve_1_2024-05-28_2024-05-29,2024
1125-1,Big pond Eeuwenhout bos,2024-06-12T00:00:00Z,2024-06-13T00:00:00Z,SDSF_1a,Xenlae,juvenile,19,5.3,NA,alive,no,Xenopus laevis,5217334,,50.768027777777775,2.7708055555555555,Heuvelland,West-Vlaanderen,flanders,"c(2.77080555555556, 50.7680277777778)",Big_pond_Eeuwenhout_bos_2024-06-12_2024-06-13,2024
1126-1,Big pond Eeuwenhout bos,2024-06-12T00:00:00Z,2024-06-13T00:00:00Z,SDSF_1a,Xenlae,subadult,28,6.5,NA,alive,no,Xenopus laevis,5217334,,50.768027777777775,2.7708055555555555,Heuvelland,West-Vlaanderen,flanders,"c(2.77080555555556, 50.7680277777778)",Big_pond_Eeuwenhout_bos_2024-06-12_2024-06-13,2024
1127-1,Big pond Eeuwenhout bos,2024-06-12T00:00:00Z,2024-06-13T00:00:00Z,SDSF_1a,Xenlae,juvenile,18,5.7,NA,alive,no,Xenopus laevis,5217334,,50.768027777777775,2.7708055555555555,Heuvelland,West-Vlaanderen,flanders,"c(2.77080555555556, 50.7680277777778)",Big_pond_Eeuwenhout_bos_2024-06-12_2024-06-13,2024
1128-1,Big pond Eeuwenhout bos,2024-06-12T00:00:00Z,2024-06-13T00:00:00Z,SDSF_1a,Xenlae,juvenile,19,5.4,NA,alive,no,Xenopus laevis,5217334,,50.768027777777775,2.7708055555555555,Heuvelland,West-Vlaanderen,flanders,"c(2.77080555555556, 50.7680277777778)",Big_pond_Eeuwenhout_bos_2024-06-12_2024-06-13,2024
1129-1,Big pond Eeuwenhout bos,2024-06-12T00:00:00Z,2024-06-13T00:00:00Z,SDSF_1a,Xenlae,juvenile,17,5.5,NA,alive,no,Xenopus laevis,5217334,,50.768027777777775,2.7708055555555555,Heuvelland,West-Vlaanderen,flanders,"c(2.77080555555556, 50.7680277777778)",Big_pond_Eeuwenhout_bos_2024-06-12_2024-06-13,2024
1130-1,Big pond Eeuwenhout bos,2024-06-12T00:00:00Z,2024-06-13T00:00:00Z,SDSF_1a,Xenlae,juvenile,16,5.7,NA,alive,no,Xenopus laevis,5217334,,50.768027777777775,2.7708055555555555,Heuvelland,West-Vlaanderen,flanders,"c(2.77080555555556, 50.7680277777778)",Big_pond_Eeuwenhout_bos_2024-06-12_2024-06-13,2024
1131-1,Big pond Eeuwenhout bos,2024-06-12T00:00:00Z,2024-06-13T00:00:00Z,SDSF_1a,Xenlae,juvenile,11,4.7,NA,alive,no,Xenopus laevis,5217334,,50.768027777777775,2.7708055555555555,Heuvelland,West-Vlaanderen,flanders,"c(2.77080555555556, 50.7680277777778)",Big_pond_Eeuwenhout_bos_2024-06-12_2024-06-13,2024
1132-1,Big pond Eeuwenhout bos,2024-06-12T00:00:00Z,2024-06-13T00:00:00Z,SDSF_1a,Xenlae,juvenile,14,5.3,NA,alive,no,Xenopus laevis,5217334,,50.768027777777775,2.7708055555555555,Heuvelland,West-Vlaanderen,flanders,"c(2.77080555555556, 50.7680277777778)",Big_pond_Eeuwenhout_bos_2024-06-12_2024-06-13,2024
1133-1,Big pond Eeuwenhout bos,2024-06-12T00:00:00Z,2024-06-13T00:00:00Z,SDSF_1a,Xenlae,subadult,23,6.5,NA,alive,no,Xenopus laevis,5217334,,50.768027777777775,2.7708055555555555,Heuvelland,West-Vlaanderen,flanders,"c(2.77080555555556, 50.7680277777778)",Big_pond_Eeuwenhout_bos_2024-06-12_2024-06-13,2024
1134-1,Big pond Eeuwenhout bos,2024-06-12T00:00:00Z,2024-06-13T00:00:00Z,SDSF_1a,Xenlae,juvenile,11,4.6,NA,alive,no,Xenopus laevis,5217334,,50.768027777777775,2.7708055555555555,Heuvelland,West-Vlaanderen,flanders,"c(2.77080555555556, 50.7680277777778)",Big_pond_Eeuwenhout_bos_2024-06-12_2024-06-13,2024
1135-1,Big pond Eeuwenhout bos,2024-06-12T00:00:00Z,2024-06-13T00:00:00Z,SDSF_1a,Xenlae,juvenile,17,5.4,NA,alive,no,Xenopus laevis,5217334,,50.768027777777775,2.7708055555555555,Heuvelland,West-Vlaanderen,flanders,"c(2.77080555555556, 50.7680277777778)",Big_pond_Eeuwenhout_bos_2024-06-12_2024-06-13,2024
1136-1,Big pond Eeuwenhout bos,2024-06-12T00:00:00Z,2024-06-13T00:00:00Z,SDSF_1a,Xenlae,juvenile,14,5,NA,alive,no,Xenopus laevis,5217334,,50.768027777777775,2.7708055555555555,Heuvelland,West-Vlaanderen,flanders,"c(2.77080555555556, 50.7680277777778)",Big_pond_Eeuwenhout_bos_2024-06-12_2024-06-13,2024
1137-1,Big pond Eeuwenhout bos,2024-06-12T00:00:00Z,2024-06-13T00:00:00Z,SDSF_1a,Xenlae,juvenile,6,3.9,NA,alive,no,Xenopus laevis,5217334,,50.768027777777775,2.7708055555555555,Heuvelland,West-Vlaanderen,flanders,"c(2.77080555555556, 50.7680277777778)",Big_pond_Eeuwenhout_bos_2024-06-12_2024-06-13,2024
1138-1,Big pond Eeuwenhout bos,2024-06-12T00:00:00Z,2024-06-13T00:00:00Z,SDSF_1a,Xenlae,juvenile,9,4.4,NA,alive,no,Xenopus laevis,5217334,,50.768027777777775,2.7708055555555555,Heuvelland,West-Vlaanderen,flanders,"c(2.77080555555556, 50.7680277777778)",Big_pond_Eeuwenhout_bos_2024-06-12_2024-06-13,2024
1146-1,Big pond Eeuwenhout bos,2024-06-12T00:00:00Z,2024-06-13T00:00:00Z,SDSF_2a,Xenlae,subadult,24,6.1,NA,alive,no,Xenopus laevis,5217334,,50.768027777777775,2.7708055555555555,Heuvelland,West-Vlaanderen,flanders,"c(2.77080555555556, 50.7680277777778)",Big_pond_Eeuwenhout_bos_2024-06-12_2024-06-13,2024
1147-1,Big pond Eeuwenhout bos,2024-06-12T00:00:00Z,2024-06-13T00:00:00Z,SDSF_2a,Xenlae,subadult,28,6.6,NA,alive,no,Xenopus laevis,5217334,,50.768027777777775,2.7708055555555555,Heuvelland,West-Vlaanderen,flanders,"c(2.77080555555556, 50.7680277777778)",Big_pond_Eeuwenhout_bos_2024-06-12_2024-06-13,2024
1148-1,Big pond Eeuwenhout bos,2024-06-12T00:00:00Z,2024-06-13T00:00:00Z,SDSF_2a,Xenlae,subadult,31,6.9,NA,alive,no,Xenopus laevis,5217334,,50.768027777777775,2.7708055555555555,Heuvelland,West-Vlaanderen,flanders,"c(2.77080555555556, 50.7680277777778)",Big_pond_Eeuwenhout_bos_2024-06-12_2024-06-13,2024
1149-2,Big pond Eeuwenhout bos,2024-06-12T00:00:00Z,2024-06-13T00:00:00Z,SDSF_2a,Xenlae,subadult,28,6.6,NA,alive,no,Xenopus laevis,5217334,,50.768027777777775,2.7708055555555555,Heuvelland,West-Vlaanderen,flanders,"c(2.77080555555556, 50.7680277777778)",Big_pond_Eeuwenhout_bos_2024-06-12_2024-06-13,2024
1150-1,Big pond Eeuwenhout bos,2024-06-12T00:00:00Z,2024-06-13T00:00:00Z,SDSF_2a,Xenlae,subadult,25,6.4,NA,alive,no,Xenopus laevis,5217334,,50.768027777777775,2.7708055555555555,Heuvelland,West-Vlaanderen,flanders,"c(2.77080555555556, 50.7680277777778)",Big_pond_Eeuwenhout_bos_2024-06-12_2024-06-13,2024
1151-1,Big pond Eeuwenhout bos,2024-06-12T00:00:00Z,2024-06-13T00:00:00Z,SDSF_2a,Xenlae,adult,63,8.9,F,alive,no,Xenopus laevis,5217334,,50.768027777777775,2.7708055555555555,Heuvelland,West-Vlaanderen,flanders,"c(2.77080555555556, 50.7680277777778)",Big_pond_Eeuwenhout_bos_2024-06-12_2024-06-13,2024
1152-1,Big pond Eeuwenhout bos,2024-06-12T00:00:00Z,2024-06-13T00:00:00Z,SDSF_2a,Xenlae,adult,44,7.8,F,alive,no,Xenopus laevis,5217334,,50.768027777777775,2.7708055555555555,Heuvelland,West-Vlaanderen,flanders,"c(2.77080555555556, 50.7680277777778)",Big_pond_Eeuwenhout_bos_2024-06-12_2024-06-13,2024
1153-1,Big pond Eeuwenhout bos,2024-06-12T00:00:00Z,2024-06-13T00:00:00Z,SDSF_2a,Xenlae,subadult,30,6.2,NA,alive,no,Xenopus laevis,5217334,,50.768027777777775,2.7708055555555555,Heuvelland,West-Vlaanderen,flanders,"c(2.77080555555556, 50.7680277777778)",Big_pond_Eeuwenhout_bos_2024-06-12_2024-06-13,2024
1154-1,Big pond Eeuwenhout bos,2024-06-12T00:00:00Z,2024-06-13T00:00:00Z,SDSF_2a,Xenlae,adult,43,7.8,M,alive,no,Xenopus laevis,5217334,,50.768027777777775,2.7708055555555555,Heuvelland,West-Vlaanderen,flanders,"c(2.77080555555556, 50.7680277777778)",Big_pond_Eeuwenhout_bos_2024-06-12_2024-06-13,2024
1155-1,Big pond Eeuwenhout bos,2024-06-12T00:00:00Z,2024-06-13T00:00:00Z,SDSF_2a,Xenlae,subadult,21,6.3,NA,alive,no,Xenopus laevis,5217334,,50.768027777777775,2.7708055555555555,Heuvelland,West-Vlaanderen,flanders,"c(2.77080555555556, 50.7680277777778)",Big_pond_Eeuwenhout_bos_2024-06-12_2024-06-13,2024
1156-1,Big pond Eeuwenhout bos,2024-06-12T00:00:00Z,2024-06-13T00:00:00Z,SDSF_2a,Xenlae,juvenile,14,5.5,NA,alive,no,Xenopus laevis,5217334,,50.768027777777775,2.7708055555555555,Heuvelland,West-Vlaanderen,flanders,"c(2.77080555555556, 50.7680277777778)",Big_pond_Eeuwenhout_bos_2024-06-12_2024-06-13,2024
1157-1,Big pond Eeuwenhout bos,2024-06-12T00:00:00Z,2024-06-13T00:00:00Z,SDSF_2a,Xenlae,juvenile,19,5.8,NA,alive,no,Xenopus laevis,5217334,,50.768027777777775,2.7708055555555555,Heuvelland,West-Vlaanderen,flanders,"c(2.77080555555556, 50.7680277777778)",Big_pond_Eeuwenhout_bos_2024-06-12_2024-06-13,2024
1158-1,Big pond Eeuwenhout bos,2024-06-12T00:00:00Z,2024-06-13T00:00:00Z,SDSF_2a,Xenlae,juvenile,13,5.1,NA,alive,no,Xenopus laevis,5217334,,50.768027777777775,2.7708055555555555,Heuvelland,West-Vlaanderen,flanders,"c(2.77080555555556, 50.7680277777778)",Big_pond_Eeuwenhout_bos_2024-06-12_2024-06-13,2024
1159-1,Big pond Eeuwenhout bos,2024-06-12T00:00:00Z,2024-06-13T00:00:00Z,SDSF_2a,Xenlae,subadult,21,6,NA,alive,no,Xenopus laevis,5217334,,50.768027777777775,2.7708055555555555,Heuvelland,West-Vlaanderen,flanders,"c(2.77080555555556, 50.7680277777778)",Big_pond_Eeuwenhout_bos_2024-06-12_2024-06-13,2024
1160-1,Big pond Eeuwenhout bos,2024-06-12T00:00:00Z,2024-06-13T00:00:00Z,SDSF_2a,Xenlae,subadult,20,6.3,NA,alive,no,Xenopus laevis,5217334,,50.768027777777775,2.7708055555555555,Heuvelland,West-Vlaanderen,flanders,"c(2.77080555555556, 50.7680277777778)",Big_pond_Eeuwenhout_bos_2024-06-12_2024-06-13,2024
1161-1,Big pond Eeuwenhout bos,2024-06-12T00:00:00Z,2024-06-13T00:00:00Z,SDSF_2a,Xenlae,juvenile,17,5.5,NA,alive,no,Xenopus laevis,5217334,,50.768027777777775,2.7708055555555555,Heuvelland,West-Vlaanderen,flanders,"c(2.77080555555556, 50.7680277777778)",Big_pond_Eeuwenhout_bos_2024-06-12_2024-06-13,2024
1162-1,Big pond Eeuwenhout bos,2024-06-12T00:00:00Z,2024-06-13T00:00:00Z,SDSF_2a,Xenlae,juvenile,13,4.8,NA,alive,no,Xenopus laevis,5217334,,50.768027777777775,2.7708055555555555,Heuvelland,West-Vlaanderen,flanders,"c(2.77080555555556, 50.7680277777778)",Big_pond_Eeuwenhout_bos_2024-06-12_2024-06-13,2024
1163-1,Big pond Eeuwenhout bos,2024-06-12T00:00:00Z,2024-06-13T00:00:00Z,SDSF_2a,Xenlae,juvenile,12,5.1,NA,alive,no,Xenopus laevis,5217334,,50.768027777777775,2.7708055555555555,Heuvelland,West-Vlaanderen,flanders,"c(2.77080555555556, 50.7680277777778)",Big_pond_Eeuwenhout_bos_2024-06-12_2024-06-13,2024
1164-1,Big pond Eeuwenhout bos,2024-06-12T00:00:00Z,2024-06-13T00:00:00Z,SDSF_2a,Xenlae,juvenile,13,4.9,NA,alive,no,Xenopus laevis,5217334,,50.768027777777775,2.7708055555555555,Heuvelland,West-Vlaanderen,flanders,"c(2.77080555555556, 50.7680277777778)",Big_pond_Eeuwenhout_bos_2024-06-12_2024-06-13,2024
1165-1,Big pond Eeuwenhout bos,2024-06-12T00:00:00Z,2024-06-13T00:00:00Z,SDSF_2a,Xenlae,juvenile,12,5.5,NA,alive,no,Xenopus laevis,5217334,,50.768027777777775,2.7708055555555555,Heuvelland,West-Vlaanderen,flanders,"c(2.77080555555556, 50.7680277777778)",Big_pond_Eeuwenhout_bos_2024-06-12_2024-06-13,2024
1166-1,Big pond Eeuwenhout bos,2024-06-12T00:00:00Z,2024-06-13T00:00:00Z,SDSF_2a,Xenlae,juvenile,11,4.6,NA,alive,no,Xenopus laevis,5217334,,50.768027777777775,2.7708055555555555,Heuvelland,West-Vlaanderen,flanders,"c(2.77080555555556, 50.7680277777778)",Big_pond_Eeuwenhout_bos_2024-06-12_2024-06-13,2024
1167-1,Big pond Eeuwenhout bos,2024-06-12T00:00:00Z,2024-06-13T00:00:00Z,SDSF_2a,Xenlae,juvenile,8,4.1,NA,alive,no,Xenopus laevis,5217334,,50.768027777777775,2.7708055555555555,Heuvelland,West-Vlaanderen,flanders,"c(2.77080555555556, 50.7680277777778)",Big_pond_Eeuwenhout_bos_2024-06-12_2024-06-13,2024
1168-1,Big pond Eeuwenhout bos,2024-06-12T00:00:00Z,2024-06-13T00:00:00Z,SDSF_2a,Xenlae,juvenile,11,4.9,NA,alive,no,Xenopus laevis,5217334,,50.768027777777775,2.7708055555555555,Heuvelland,West-Vlaanderen,flanders,"c(2.77080555555556, 50.7680277777778)",Big_pond_Eeuwenhout_bos_2024-06-12_2024-06-13,2024
1169-1,Big pond Eeuwenhout bos,2024-06-12T00:00:00Z,2024-06-13T00:00:00Z,SDSF_3a,Xenlae,subadult,29,6.6,NA,alive,no,Xenopus laevis,5217334,,50.768027777777775,2.7708055555555555,Heuvelland,West-Vlaanderen,flanders,"c(2.77080555555556, 50.7680277777778)",Big_pond_Eeuwenhout_bos_2024-06-12_2024-06-13,2024
1170-1,Big pond Eeuwenhout bos,2024-06-12T00:00:00Z,2024-06-13T00:00:00Z,SDSF_3a,Xenlae,juvenile,18,5.6,NA,alive,no,Xenopus laevis,5217334,,50.768027777777775,2.7708055555555555,Heuvelland,West-Vlaanderen,flanders,"c(2.77080555555556, 50.7680277777778)",Big_pond_Eeuwenhout_bos_2024-06-12_2024-06-13,2024
1171-1,Big pond Eeuwenhout bos,2024-06-12T00:00:00Z,2024-06-13T00:00:00Z,SDSF_3a,Xenlae,subadult,23,5.9,NA,alive,no,Xenopus laevis,5217334,,50.768027777777775,2.7708055555555555,Heuvelland,West-Vlaanderen,flanders,"c(2.77080555555556, 50.7680277777778)",Big_pond_Eeuwenhout_bos_2024-06-12_2024-06-13,2024
1172-1,Big pond Eeuwenhout bos,2024-06-12T00:00:00Z,2024-06-13T00:00:00Z,SDSF_3a,Xenlae,subadult,29,7,NA,alive,no,Xenopus laevis,5217334,,50.768027777777775,2.7708055555555555,Heuvelland,West-Vlaanderen,flanders,"c(2.77080555555556, 50.7680277777778)",Big_pond_Eeuwenhout_bos_2024-06-12_2024-06-13,2024
1173-1,Big pond Eeuwenhout bos,2024-06-12T00:00:00Z,2024-06-13T00:00:00Z,SDSF_3a,Xenlae,subadult,20,6.2,NA,alive,no,Xenopus laevis,5217334,,50.768027777777775,2.7708055555555555,Heuvelland,West-Vlaanderen,flanders,"c(2.77080555555556, 50.7680277777778)",Big_pond_Eeuwenhout_bos_2024-06-12_2024-06-13,2024
1174-1,Big pond Eeuwenhout bos,2024-06-12T00:00:00Z,2024-06-13T00:00:00Z,SDSF_3a,Xenlae,subadult,24,6.7,NA,alive,no,Xenopus laevis,5217334,,50.768027777777775,2.7708055555555555,Heuvelland,West-Vlaanderen,flanders,"c(2.77080555555556, 50.7680277777778)",Big_pond_Eeuwenhout_bos_2024-06-12_2024-06-13,2024
1175-1,Big pond Eeuwenhout bos,2024-06-12T00:00:00Z,2024-06-13T00:00:00Z,SDSF_3a,Xenlae,subadult,25,6.1,NA,alive,no,Xenopus laevis,5217334,,50.768027777777775,2.7708055555555555,Heuvelland,West-Vlaanderen,flanders,"c(2.77080555555556, 50.7680277777778)",Big_pond_Eeuwenhout_bos_2024-06-12_2024-06-13,2024
1176-1,Big pond Eeuwenhout bos,2024-06-12T00:00:00Z,2024-06-13T00:00:00Z,SDSF_3a,Xenlae,juvenile,18,5.7,NA,alive,no,Xenopus laevis,5217334,,50.768027777777775,2.7708055555555555,Heuvelland,West-Vlaanderen,flanders,"c(2.77080555555556, 50.7680277777778)",Big_pond_Eeuwenhout_bos_2024-06-12_2024-06-13,2024
1177-1,Big pond Eeuwenhout bos,2024-06-12T00:00:00Z,2024-06-13T00:00:00Z,SDSF_3a,Xenlae,subadult,22,6,NA,alive,no,Xenopus laevis,5217334,,50.768027777777775,2.7708055555555555,Heuvelland,West-Vlaanderen,flanders,"c(2.77080555555556, 50.7680277777778)",Big_pond_Eeuwenhout_bos_2024-06-12_2024-06-13,2024
1178-1,Big pond Eeuwenhout bos,2024-06-12T00:00:00Z,2024-06-13T00:00:00Z,SDSF_3a,Xenlae,subadult,25,6.4,NA,alive,no,Xenopus laevis,5217334,,50.768027777777775,2.7708055555555555,Heuvelland,West-Vlaanderen,flanders,"c(2.77080555555556, 50.7680277777778)",Big_pond_Eeuwenhout_bos_2024-06-12_2024-06-13,2024
1179-1,Big pond Eeuwenhout bos,2024-06-12T00:00:00Z,2024-06-13T00:00:00Z,SDSF_3a,Xenlae,juvenile,15,5.4,NA,alive,no,Xenopus laevis,5217334,,50.768027777777775,2.7708055555555555,Heuvelland,West-Vlaanderen,flanders,"c(2.77080555555556, 50.7680277777778)",Big_pond_Eeuwenhout_bos_2024-06-12_2024-06-13,2024
1180-1,Big pond Eeuwenhout bos,2024-06-12T00:00:00Z,2024-06-13T00:00:00Z,SDSF_3a,Xenlae,subadult,27,6.5,NA,alive,no,Xenopus laevis,5217334,,50.768027777777775,2.7708055555555555,Heuvelland,West-Vlaanderen,flanders,"c(2.77080555555556, 50.7680277777778)",Big_pond_Eeuwenhout_bos_2024-06-12_2024-06-13,2024
1181-1,Big pond Eeuwenhout bos,2024-06-12T00:00:00Z,2024-06-13T00:00:00Z,SDSF_3a,Xenlae,subadult,30,6.8,NA,alive,no,Xenopus laevis,5217334,,50.768027777777775,2.7708055555555555,Heuvelland,West-Vlaanderen,flanders,"c(2.77080555555556, 50.7680277777778)",Big_pond_Eeuwenhout_bos_2024-06-12_2024-06-13,2024
1182-1,Big pond Eeuwenhout bos,2024-06-12T00:00:00Z,2024-06-13T00:00:00Z,SDSF_3a,Xenlae,subadult,22,6.1,NA,alive,no,Xenopus laevis,5217334,,50.768027777777775,2.7708055555555555,Heuvelland,West-Vlaanderen,flanders,"c(2.77080555555556, 50.7680277777778)",Big_pond_Eeuwenhout_bos_2024-06-12_2024-06-13,2024
1183-1,Big pond Eeuwenhout bos,2024-06-12T00:00:00Z,2024-06-13T00:00:00Z,SDSF_3a,Xenlae,juvenile,17,5.7,NA,alive,no,Xenopus laevis,5217334,,50.768027777777775,2.7708055555555555,Heuvelland,West-Vlaanderen,flanders,"c(2.77080555555556, 50.7680277777778)",Big_pond_Eeuwenhout_bos_2024-06-12_2024-06-13,2024
1184-1,Big pond Eeuwenhout bos,2024-06-12T00:00:00Z,2024-06-13T00:00:00Z,SDSF_3a,Xenlae,juvenile,14,5.1,NA,alive,no,Xenopus laevis,5217334,,50.768027777777775,2.7708055555555555,Heuvelland,West-Vlaanderen,flanders,"c(2.77080555555556, 50.7680277777778)",Big_pond_Eeuwenhout_bos_2024-06-12_2024-06-13,2024
1185-1,Big pond Eeuwenhout bos,2024-06-12T00:00:00Z,2024-06-13T00:00:00Z,SDSF_3a,Xenlae,subadult,21,6.3,NA,alive,no,Xenopus laevis,5217334,,50.768027777777775,2.7708055555555555,Heuvelland,West-Vlaanderen,flanders,"c(2.77080555555556, 50.7680277777778)",Big_pond_Eeuwenhout_bos_2024-06-12_2024-06-13,2024
1186-1,Big pond Eeuwenhout bos,2024-06-12T00:00:00Z,2024-06-13T00:00:00Z,SDSF_3a,Xenlae,juvenile,16,5.4,NA,alive,no,Xenopus laevis,5217334,,50.768027777777775,2.7708055555555555,Heuvelland,West-Vlaanderen,flanders,"c(2.77080555555556, 50.7680277777778)",Big_pond_Eeuwenhout_bos_2024-06-12_2024-06-13,2024
1187-1,Big pond Eeuwenhout bos,2024-06-12T00:00:00Z,2024-06-13T00:00:00Z,SDSF_3a,Xenlae,subadult,21,6,NA,alive,no,Xenopus laevis,5217334,,50.768027777777775,2.7708055555555555,Heuvelland,West-Vlaanderen,flanders,"c(2.77080555555556, 50.7680277777778)",Big_pond_Eeuwenhout_bos_2024-06-12_2024-06-13,2024
1188-1,Big pond Eeuwenhout bos,2024-06-12T00:00:00Z,2024-06-13T00:00:00Z,SDSF_3a,Xenlae,subadult,19,6.1,NA,alive,no,Xenopus laevis,5217334,,50.768027777777775,2.7708055555555555,Heuvelland,West-Vlaanderen,flanders,"c(2.77080555555556, 50.7680277777778)",Big_pond_Eeuwenhout_bos_2024-06-12_2024-06-13,2024
1189-1,Big pond Eeuwenhout bos,2024-06-12T00:00:00Z,2024-06-13T00:00:00Z,SDSF_3a,Xenlae,juvenile,20,5.5,NA,alive,no,Xenopus laevis,5217334,,50.768027777777775,2.7708055555555555,Heuvelland,West-Vlaanderen,flanders,"c(2.77080555555556, 50.7680277777778)",Big_pond_Eeuwenhout_bos_2024-06-12_2024-06-13,2024
1190-1,Big pond Eeuwenhout bos,2024-06-12T00:00:00Z,2024-06-13T00:00:00Z,SDSF_3a,Xenlae,subadult,30,6.5,NA,alive,no,Xenopus laevis,5217334,,50.768027777777775,2.7708055555555555,Heuvelland,West-Vlaanderen,flanders,"c(2.77080555555556, 50.7680277777778)",Big_pond_Eeuwenhout_bos_2024-06-12_2024-06-13,2024
1191-1,Big pond Eeuwenhout bos,2024-06-12T00:00:00Z,2024-06-13T00:00:00Z,SDSF_3a,Xenlae,juvenile,22,5.8,NA,alive,no,Xenopus laevis,5217334,,50.768027777777775,2.7708055555555555,Heuvelland,West-Vlaanderen,flanders,"c(2.77080555555556, 50.7680277777778)",Big_pond_Eeuwenhout_bos_2024-06-12_2024-06-13,2024
1192-1,Big pond Eeuwenhout bos,2024-06-12T00:00:00Z,2024-06-13T00:00:00Z,SDSF_3a,Xenlae,subadult,22,5.9,NA,alive,no,Xenopus laevis,5217334,,50.768027777777775,2.7708055555555555,Heuvelland,West-Vlaanderen,flanders,"c(2.77080555555556, 50.7680277777778)",Big_pond_Eeuwenhout_bos_2024-06-12_2024-06-13,2024
1193-2,Big pond Eeuwenhout bos,2024-06-12T00:00:00Z,2024-06-13T00:00:00Z,SDSF_3a,Xenlae,juvenile,15,5.4,NA,alive,no,Xenopus laevis,5217334,,50.768027777777775,2.7708055555555555,Heuvelland,West-Vlaanderen,flanders,"c(2.77080555555556, 50.7680277777778)",Big_pond_Eeuwenhout_bos_2024-06-12_2024-06-13,2024
1194-2,Big pond Eeuwenhout bos,2024-06-12T00:00:00Z,2024-06-13T00:00:00Z,SDSF_3a,Xenlae,juvenile,18,5.6,NA,alive,no,Xenopus laevis,5217334,,50.768027777777775,2.7708055555555555,Heuvelland,West-Vlaanderen,flanders,"c(2.77080555555556, 50.7680277777778)",Big_pond_Eeuwenhout_bos_2024-06-12_2024-06-13,2024
1195-1,Big pond Eeuwenhout bos,2024-06-12T00:00:00Z,2024-06-13T00:00:00Z,SDSF_3a,Xenlae,juvenile,13,NA,NA,alive,no,Xenopus laevis,5217334,,50.768027777777775,2.7708055555555555,Heuvelland,West-Vlaanderen,flanders,"c(2.77080555555556, 50.7680277777778)",Big_pond_Eeuwenhout_bos_2024-06-12_2024-06-13,2024
1207-1,Big pond Eeuwenhout bos,2024-06-12T00:00:00Z,2024-06-13T00:00:00Z,SDSF_4a,Xenlae,subadult,20,6.1,NA,alive,yes,Xenopus laevis,5217334,,50.768027777777775,2.7708055555555555,Heuvelland,West-Vlaanderen,flanders,"c(2.77080555555556, 50.7680277777778)",Big_pond_Eeuwenhout_bos_2024-06-12_2024-06-13,2024
1208-1,Big pond Eeuwenhout bos,2024-06-12T00:00:00Z,2024-06-13T00:00:00Z,SDSF_4a,Xenlae,subadult,26,6.3,NA,alive,no,Xenopus laevis,5217334,,50.768027777777775,2.7708055555555555,Heuvelland,West-Vlaanderen,flanders,"c(2.77080555555556, 50.7680277777778)",Big_pond_Eeuwenhout_bos_2024-06-12_2024-06-13,2024
1209-1,Big pond Eeuwenhout bos,2024-06-12T00:00:00Z,2024-06-13T00:00:00Z,SDSF_4a,Xenlae,subadult,21,6,NA,alive,no,Xenopus laevis,5217334,,50.768027777777775,2.7708055555555555,Heuvelland,West-Vlaanderen,flanders,"c(2.77080555555556, 50.7680277777778)",Big_pond_Eeuwenhout_bos_2024-06-12_2024-06-13,2024
1210-1,Big pond Eeuwenhout bos,2024-06-12T00:00:00Z,2024-06-13T00:00:00Z,SDSF_4a,Xenlae,subadult,20,6,NA,alive,no,Xenopus laevis,5217334,,50.768027777777775,2.7708055555555555,Heuvelland,West-Vlaanderen,flanders,"c(2.77080555555556, 50.7680277777778)",Big_pond_Eeuwenhout_bos_2024-06-12_2024-06-13,2024
1211-1,Big pond Eeuwenhout bos,2024-06-12T00:00:00Z,2024-06-13T00:00:00Z,SDSF_4a,Xenlae,juvenile,18,5.8,NA,alive,no,Xenopus laevis,5217334,,50.768027777777775,2.7708055555555555,Heuvelland,West-Vlaanderen,flanders,"c(2.77080555555556, 50.7680277777778)",Big_pond_Eeuwenhout_bos_2024-06-12_2024-06-13,2024
1212-1,Big pond Eeuwenhout bos,2024-06-12T00:00:00Z,2024-06-13T00:00:00Z,SDSF_4a,Xenlae,juvenile,11,4.8,NA,alive,no,Xenopus laevis,5217334,,50.768027777777775,2.7708055555555555,Heuvelland,West-Vlaanderen,flanders,"c(2.77080555555556, 50.7680277777778)",Big_pond_Eeuwenhout_bos_2024-06-12_2024-06-13,2024
1213-2,Big pond Eeuwenhout bos,2024-06-12T00:00:00Z,2024-06-13T00:00:00Z,SDSF_4a,Xenlae,subadult,20,6,NA,alive,no,Xenopus laevis,5217334,,50.768027777777775,2.7708055555555555,Heuvelland,West-Vlaanderen,flanders,"c(2.77080555555556, 50.7680277777778)",Big_pond_Eeuwenhout_bos_2024-06-12_2024-06-13,2024
1214-1,Big pond Eeuwenhout bos,2024-06-12T00:00:00Z,2024-06-13T00:00:00Z,SDSF_4a,Xenlae,juvenile,17,5.2,NA,alive,no,Xenopus laevis,5217334,,50.768027777777775,2.7708055555555555,Heuvelland,West-Vlaanderen,flanders,"c(2.77080555555556, 50.7680277777778)",Big_pond_Eeuwenhout_bos_2024-06-12_2024-06-13,2024
1215-1,Big pond Eeuwenhout bos,2024-06-12T00:00:00Z,2024-06-13T00:00:00Z,SDSF_4a,Xenlae,juvenile,18,5.6,NA,alive,no,Xenopus laevis,5217334,,50.768027777777775,2.7708055555555555,Heuvelland,West-Vlaanderen,flanders,"c(2.77080555555556, 50.7680277777778)",Big_pond_Eeuwenhout_bos_2024-06-12_2024-06-13,2024
1216-1,Big pond Eeuwenhout bos,2024-06-12T00:00:00Z,2024-06-13T00:00:00Z,SDSF_4a,Xenlae,subadult,24,6.4,NA,alive,no,Xenopus laevis,5217334,,50.768027777777775,2.7708055555555555,Heuvelland,West-Vlaanderen,flanders,"c(2.77080555555556, 50.7680277777778)",Big_pond_Eeuwenhout_bos_2024-06-12_2024-06-13,2024
1217-1,Big pond Eeuwenhout bos,2024-06-12T00:00:00Z,2024-06-13T00:00:00Z,SDSF_4a,Xenlae,juvenile,14,5.3,NA,alive,no,Xenopus laevis,5217334,,50.768027777777775,2.7708055555555555,Heuvelland,West-Vlaanderen,flanders,"c(2.77080555555556, 50.7680277777778)",Big_pond_Eeuwenhout_bos_2024-06-12_2024-06-13,2024
1218-1,Big pond Eeuwenhout bos,2024-06-12T00:00:00Z,2024-06-13T00:00:00Z,SDSF_4a,Xenlae,subadult,27,6.2,NA,alive,no,Xenopus laevis,5217334,,50.768027777777775,2.7708055555555555,Heuvelland,West-Vlaanderen,flanders,"c(2.77080555555556, 50.7680277777778)",Big_pond_Eeuwenhout_bos_2024-06-12_2024-06-13,2024
1219-1,Big pond Eeuwenhout bos,2024-06-12T00:00:00Z,2024-06-13T00:00:00Z,SDSF_4a,Xenlae,juvenile,16,5.4,NA,alive,no,Xenopus laevis,5217334,,50.768027777777775,2.7708055555555555,Heuvelland,West-Vlaanderen,flanders,"c(2.77080555555556, 50.7680277777778)",Big_pond_Eeuwenhout_bos_2024-06-12_2024-06-13,2024
1220-1,Big pond Eeuwenhout bos,2024-06-12T00:00:00Z,2024-06-13T00:00:00Z,SDSF_4a,Xenlae,juvenile,19,5.8,NA,alive,no,Xenopus laevis,5217334,,50.768027777777775,2.7708055555555555,Heuvelland,West-Vlaanderen,flanders,"c(2.77080555555556, 50.7680277777778)",Big_pond_Eeuwenhout_bos_2024-06-12_2024-06-13,2024
1221-1,Big pond Eeuwenhout bos,2024-06-12T00:00:00Z,2024-06-13T00:00:00Z,SDSF_4a,Xenlae,juvenile,15,5.2,NA,alive,no,Xenopus laevis,5217334,,50.768027777777775,2.7708055555555555,Heuvelland,West-Vlaanderen,flanders,"c(2.77080555555556, 50.7680277777778)",Big_pond_Eeuwenhout_bos_2024-06-12_2024-06-13,2024
1222-1,Big pond Eeuwenhout bos,2024-06-12T00:00:00Z,2024-06-13T00:00:00Z,SDSF_4a,Xenlae,juvenile,12,5.1,NA,alive,no,Xenopus laevis,5217334,,50.768027777777775,2.7708055555555555,Heuvelland,West-Vlaanderen,flanders,"c(2.77080555555556, 50.7680277777778)",Big_pond_Eeuwenhout_bos_2024-06-12_2024-06-13,2024
1223-1,Big pond Eeuwenhout bos,2024-06-12T00:00:00Z,2024-06-13T00:00:00Z,SDSF_4a,Xenlae,juvenile,14,5.4,NA,alive,no,Xenopus laevis,5217334,,50.768027777777775,2.7708055555555555,Heuvelland,West-Vlaanderen,flanders,"c(2.77080555555556, 50.7680277777778)",Big_pond_Eeuwenhout_bos_2024-06-12_2024-06-13,2024
1224-2,Big pond Eeuwenhout bos,2024-06-12T00:00:00Z,2024-06-13T00:00:00Z,SDSF_4a,Xenlae,juvenile,14,5.3,NA,alive,no,Xenopus laevis,5217334,,50.768027777777775,2.7708055555555555,Heuvelland,West-Vlaanderen,flanders,"c(2.77080555555556, 50.7680277777778)",Big_pond_Eeuwenhout_bos_2024-06-12_2024-06-13,2024
1225-1,Big pond Eeuwenhout bos,2024-06-12T00:00:00Z,2024-06-13T00:00:00Z,SDSF_4a,Xenlae,juvenile,11,5.3,NA,alive,no,Xenopus laevis,5217334,,50.768027777777775,2.7708055555555555,Heuvelland,West-Vlaanderen,flanders,"c(2.77080555555556, 50.7680277777778)",Big_pond_Eeuwenhout_bos_2024-06-12_2024-06-13,2024
1226-1,Big pond Eeuwenhout bos,2024-06-12T00:00:00Z,2024-06-13T00:00:00Z,SDSF_4a,Xenlae,juvenile,13,5.1,NA,alive,no,Xenopus laevis,5217334,,50.768027777777775,2.7708055555555555,Heuvelland,West-Vlaanderen,flanders,"c(2.77080555555556, 50.7680277777778)",Big_pond_Eeuwenhout_bos_2024-06-12_2024-06-13,2024
1227-1,Big pond Eeuwenhout bos,2024-06-12T00:00:00Z,2024-06-13T00:00:00Z,SDSF_4a,Xenlae,juvenile,10,4.4,NA,alive,no,Xenopus laevis,5217334,,50.768027777777775,2.7708055555555555,Heuvelland,West-Vlaanderen,flanders,"c(2.77080555555556, 50.7680277777778)",Big_pond_Eeuwenhout_bos_2024-06-12_2024-06-13,2024
1228-1,Big pond Eeuwenhout bos,2024-06-12T00:00:00Z,2024-06-13T00:00:00Z,SDSF_5a,Xenlae,subadult,25,6.9,NA,alive,no,Xenopus laevis,5217334,,50.768027777777775,2.7708055555555555,Heuvelland,West-Vlaanderen,flanders,"c(2.77080555555556, 50.7680277777778)",Big_pond_Eeuwenhout_bos_2024-06-12_2024-06-13,2024
1229-1,Big pond Eeuwenhout bos,2024-06-12T00:00:00Z,2024-06-13T00:00:00Z,SDSF_5a,Xenlae,subadult,35,7.1,NA,alive,no,Xenopus laevis,5217334,,50.768027777777775,2.7708055555555555,Heuvelland,West-Vlaanderen,flanders,"c(2.77080555555556, 50.7680277777778)",Big_pond_Eeuwenhout_bos_2024-06-12_2024-06-13,2024
1230-1,Big pond Eeuwenhout bos,2024-06-12T00:00:00Z,2024-06-13T00:00:00Z,SDSF_5a,Xenlae,juvenile,8,4.5,NA,alive,no,Xenopus laevis,5217334,,50.768027777777775,2.7708055555555555,Heuvelland,West-Vlaanderen,flanders,"c(2.77080555555556, 50.7680277777778)",Big_pond_Eeuwenhout_bos_2024-06-12_2024-06-13,2024
1231-1,Big pond Eeuwenhout bos,2024-06-12T00:00:00Z,2024-06-13T00:00:00Z,SDSF_5a,Xenlae,juvenile,9,4.4,NA,alive,no,Xenopus laevis,5217334,,50.768027777777775,2.7708055555555555,Heuvelland,West-Vlaanderen,flanders,"c(2.77080555555556, 50.7680277777778)",Big_pond_Eeuwenhout_bos_2024-06-12_2024-06-13,2024
1232-1,Big pond Eeuwenhout bos,2024-06-12T00:00:00Z,2024-06-13T00:00:00Z,SDSF_5a,Xenlae,juvenile,8,4.1,NA,alive,no,Xenopus laevis,5217334,,50.768027777777775,2.7708055555555555,Heuvelland,West-Vlaanderen,flanders,"c(2.77080555555556, 50.7680277777778)",Big_pond_Eeuwenhout_bos_2024-06-12_2024-06-13,2024
1233-1,Big pond Eeuwenhout bos,2024-06-12T00:00:00Z,2024-06-13T00:00:00Z,SDSF_5a,Xenlae,juvenile,6,4.6,NA,alive,no,Xenopus laevis,5217334,,50.768027777777775,2.7708055555555555,Heuvelland,West-Vlaanderen,flanders,"c(2.77080555555556, 50.7680277777778)",Big_pond_Eeuwenhout_bos_2024-06-12_2024-06-13,2024
1236-1,Big pond Eeuwenhout bos,2024-06-12T00:00:00Z,2024-06-13T00:00:00Z,SDSF_6a,Xenlae,subadult,19,6.2,NA,alive,no,Xenopus laevis,5217334,,50.768027777777775,2.7708055555555555,Heuvelland,West-Vlaanderen,flanders,"c(2.77080555555556, 50.7680277777778)",Big_pond_Eeuwenhout_bos_2024-06-12_2024-06-13,2024
1237-1,Big pond Eeuwenhout bos,2024-06-12T00:00:00Z,2024-06-13T00:00:00Z,SDSF_6a,Xenlae,juvenile,14,5.7,NA,alive,no,Xenopus laevis,5217334,,50.768027777777775,2.7708055555555555,Heuvelland,West-Vlaanderen,flanders,"c(2.77080555555556, 50.7680277777778)",Big_pond_Eeuwenhout_bos_2024-06-12_2024-06-13,2024
1238-1,Big pond Eeuwenhout bos,2024-06-12T00:00:00Z,2024-06-13T00:00:00Z,SDSF_6a,Xenlae,juvenile,14,5.1,NA,alive,no,Xenopus laevis,5217334,,50.768027777777775,2.7708055555555555,Heuvelland,West-Vlaanderen,flanders,"c(2.77080555555556, 50.7680277777778)",Big_pond_Eeuwenhout_bos_2024-06-12_2024-06-13,2024
1239-1,Big pond Eeuwenhout bos,2024-06-12T00:00:00Z,2024-06-13T00:00:00Z,SDSF_6a,Xenlae,juvenile,17,5.5,NA,alive,no,Xenopus laevis,5217334,,50.768027777777775,2.7708055555555555,Heuvelland,West-Vlaanderen,flanders,"c(2.77080555555556, 50.7680277777778)",Big_pond_Eeuwenhout_bos_2024-06-12_2024-06-13,2024
1240-1,Big pond Eeuwenhout bos,2024-06-12T00:00:00Z,2024-06-13T00:00:00Z,SDSF_6a,Xenlae,juvenile,10,5,NA,alive,no,Xenopus laevis,5217334,,50.768027777777775,2.7708055555555555,Heuvelland,West-Vlaanderen,flanders,"c(2.77080555555556, 50.7680277777778)",Big_pond_Eeuwenhout_bos_2024-06-12_2024-06-13,2024
1241-1,Big pond Eeuwenhout bos,2024-06-12T00:00:00Z,2024-06-13T00:00:00Z,SDSF_6a,Xenlae,juvenile,15,5.4,NA,alive,no,Xenopus laevis,5217334,,50.768027777777775,2.7708055555555555,Heuvelland,West-Vlaanderen,flanders,"c(2.77080555555556, 50.7680277777778)",Big_pond_Eeuwenhout_bos_2024-06-12_2024-06-13,2024
1242-1,Big pond Eeuwenhout bos,2024-06-12T00:00:00Z,2024-06-13T00:00:00Z,SDSF_6a,Xenlae,subadult,23,6.2,NA,alive,no,Xenopus laevis,5217334,,50.768027777777775,2.7708055555555555,Heuvelland,West-Vlaanderen,flanders,"c(2.77080555555556, 50.7680277777778)",Big_pond_Eeuwenhout_bos_2024-06-12_2024-06-13,2024
1243-1,Big pond Eeuwenhout bos,2024-06-12T00:00:00Z,2024-06-13T00:00:00Z,SDSF_6a,Xenlae,juvenile,10,4.9,NA,alive,no,Xenopus laevis,5217334,,50.768027777777775,2.7708055555555555,Heuvelland,West-Vlaanderen,flanders,"c(2.77080555555556, 50.7680277777778)",Big_pond_Eeuwenhout_bos_2024-06-12_2024-06-13,2024
1244-1,Big pond Eeuwenhout bos,2024-06-12T00:00:00Z,2024-06-13T00:00:00Z,SDSF_6a,Xenlae,juvenile,12,5,NA,alive,no,Xenopus laevis,5217334,,50.768027777777775,2.7708055555555555,Heuvelland,West-Vlaanderen,flanders,"c(2.77080555555556, 50.7680277777778)",Big_pond_Eeuwenhout_bos_2024-06-12_2024-06-13,2024
1248-1,Field pond,2024-06-12T00:00:00Z,2024-06-13T00:00:00Z,FF_1-32,Xenlae,adult,163,12,F,alive,no,Xenopus laevis,5217334,,50.75672222222222,2.9182777777777775,Mesen,West-Vlaanderen,flanders,"c(2.91827777777778, 50.7567222222222)",Field_pond_2024-06-12_2024-06-13,2024
1249-1,Field pond,2024-06-12T00:00:00Z,2024-06-13T00:00:00Z,FF_1-32,Xenlae,subadult,32,7.1,NA,alive,no,Xenopus laevis,5217334,,50.75672222222222,2.9182777777777775,Mesen,West-Vlaanderen,flanders,"c(2.91827777777778, 50.7567222222222)",Field_pond_2024-06-12_2024-06-13,2024
1250-1,Field pond,2024-06-12T00:00:00Z,2024-06-13T00:00:00Z,FF_1-32,Xenlae,subadult,27,6.7,NA,alive,no,Xenopus laevis,5217334,,50.75672222222222,2.9182777777777775,Mesen,West-Vlaanderen,flanders,"c(2.91827777777778, 50.7567222222222)",Field_pond_2024-06-12_2024-06-13,2024
1251-1,Field pond,2024-06-12T00:00:00Z,2024-06-13T00:00:00Z,FF_1-32,Xenlae,subadult,25,6.3,NA,alive,no,Xenopus laevis,5217334,,50.75672222222222,2.9182777777777775,Mesen,West-Vlaanderen,flanders,"c(2.91827777777778, 50.7567222222222)",Field_pond_2024-06-12_2024-06-13,2024
1252-1,Field pond,2024-06-12T00:00:00Z,2024-06-13T00:00:00Z,FF_1-32,Xenlae,subadult,23,6.2,NA,alive,no,Xenopus laevis,5217334,,50.75672222222222,2.9182777777777775,Mesen,West-Vlaanderen,flanders,"c(2.91827777777778, 50.7567222222222)",Field_pond_2024-06-12_2024-06-13,2024
1253-1,Field pond,2024-06-12T00:00:00Z,2024-06-13T00:00:00Z,FF_1-32,Xenlae,subadult,29,6.7,NA,alive,no,Xenopus laevis,5217334,,50.75672222222222,2.9182777777777775,Mesen,West-Vlaanderen,flanders,"c(2.91827777777778, 50.7567222222222)",Field_pond_2024-06-12_2024-06-13,2024
1254-1,Field pond,2024-06-12T00:00:00Z,2024-06-13T00:00:00Z,FF_1-32,Xenlae,juvenile,19,5.8,NA,alive,no,Xenopus laevis,5217334,,50.75672222222222,2.9182777777777775,Mesen,West-Vlaanderen,flanders,"c(2.91827777777778, 50.7567222222222)",Field_pond_2024-06-12_2024-06-13,2024
1255-1,Field pond,2024-06-12T00:00:00Z,2024-06-13T00:00:00Z,FF_1-32,Xenlae,adult,40,7.4,M,alive,no,Xenopus laevis,5217334,,50.75672222222222,2.9182777777777775,Mesen,West-Vlaanderen,flanders,"c(2.91827777777778, 50.7567222222222)",Field_pond_2024-06-12_2024-06-13,2024
1256-1,Field pond,2024-06-12T00:00:00Z,2024-06-13T00:00:00Z,FF_1-32,Xenlae,subadult,38,7.1,M,alive,no,Xenopus laevis,5217334,,50.75672222222222,2.9182777777777775,Mesen,West-Vlaanderen,flanders,"c(2.91827777777778, 50.7567222222222)",Field_pond_2024-06-12_2024-06-13,2024
1257-1,Field pond,2024-06-12T00:00:00Z,2024-06-13T00:00:00Z,FF_1-32,Xenlae,juvenile,20,5.7,NA,alive,no,Xenopus laevis,5217334,,50.75672222222222,2.9182777777777775,Mesen,West-Vlaanderen,flanders,"c(2.91827777777778, 50.7567222222222)",Field_pond_2024-06-12_2024-06-13,2024
1258-1,Field pond,2024-06-12T00:00:00Z,2024-06-13T00:00:00Z,FF_1-32,Xenlae,subadult,22,6,NA,alive,no,Xenopus laevis,5217334,,50.75672222222222,2.9182777777777775,Mesen,West-Vlaanderen,flanders,"c(2.91827777777778, 50.7567222222222)",Field_pond_2024-06-12_2024-06-13,2024
1263-1,Big pond Eeuwenhout bos,2024-06-13T00:00:00Z,2024-06-14T00:00:00Z,SDSF_1a,Xenlae,subadult,29,6.4,NA,alive,no,Xenopus laevis,5217334,,50.768027777777775,2.7708055555555555,Heuvelland,West-Vlaanderen,flanders,"c(2.77080555555556, 50.7680277777778)",Big_pond_Eeuwenhout_bos_2024-06-13_2024-06-14,2024
1264-1,Big pond Eeuwenhout bos,2024-06-13T00:00:00Z,2024-06-14T00:00:00Z,SDSF_1a,Xenlae,subadult,24,6.3,NA,alive,no,Xenopus laevis,5217334,,50.768027777777775,2.7708055555555555,Heuvelland,West-Vlaanderen,flanders,"c(2.77080555555556, 50.7680277777778)",Big_pond_Eeuwenhout_bos_2024-06-13_2024-06-14,2024
1265-1,Big pond Eeuwenhout bos,2024-06-13T00:00:00Z,2024-06-14T00:00:00Z,SDSF_1a,Xenlae,juvenile,16,5.5,NA,alive,no,Xenopus laevis,5217334,,50.768027777777775,2.7708055555555555,Heuvelland,West-Vlaanderen,flanders,"c(2.77080555555556, 50.7680277777778)",Big_pond_Eeuwenhout_bos_2024-06-13_2024-06-14,2024
1266-1,Big pond Eeuwenhout bos,2024-06-13T00:00:00Z,2024-06-14T00:00:00Z,SDSF_1a,Xenlae,juvenile,21,5.7,NA,alive,no,Xenopus laevis,5217334,,50.768027777777775,2.7708055555555555,Heuvelland,West-Vlaanderen,flanders,"c(2.77080555555556, 50.7680277777778)",Big_pond_Eeuwenhout_bos_2024-06-13_2024-06-14,2024
1267-1,Big pond Eeuwenhout bos,2024-06-13T00:00:00Z,2024-06-14T00:00:00Z,SDSF_1a,Xenlae,juvenile,19,5.6,NA,alive,no,Xenopus laevis,5217334,,50.768027777777775,2.7708055555555555,Heuvelland,West-Vlaanderen,flanders,"c(2.77080555555556, 50.7680277777778)",Big_pond_Eeuwenhout_bos_2024-06-13_2024-06-14,2024
1268-1,Big pond Eeuwenhout bos,2024-06-13T00:00:00Z,2024-06-14T00:00:00Z,SDSF_1a,Xenlae,juvenile,14,5.2,NA,alive,no,Xenopus laevis,5217334,,50.768027777777775,2.7708055555555555,Heuvelland,West-Vlaanderen,flanders,"c(2.77080555555556, 50.7680277777778)",Big_pond_Eeuwenhout_bos_2024-06-13_2024-06-14,2024
1269-1,Big pond Eeuwenhout bos,2024-06-13T00:00:00Z,2024-06-14T00:00:00Z,SDSF_1a,Xenlae,juvenile,16,5.3,NA,alive,no,Xenopus laevis,5217334,,50.768027777777775,2.7708055555555555,Heuvelland,West-Vlaanderen,flanders,"c(2.77080555555556, 50.7680277777778)",Big_pond_Eeuwenhout_bos_2024-06-13_2024-06-14,2024
1270-1,Big pond Eeuwenhout bos,2024-06-13T00:00:00Z,2024-06-14T00:00:00Z,SDSF_1a,Xenlae,juvenile,11,4.9,NA,alive,no,Xenopus laevis,5217334,,50.768027777777775,2.7708055555555555,Heuvelland,West-Vlaanderen,flanders,"c(2.77080555555556, 50.7680277777778)",Big_pond_Eeuwenhout_bos_2024-06-13_2024-06-14,2024
1271-1,Big pond Eeuwenhout bos,2024-06-13T00:00:00Z,2024-06-14T00:00:00Z,SDSF_1a,Xenlae,juvenile,15,5.4,NA,alive,no,Xenopus laevis,5217334,,50.768027777777775,2.7708055555555555,Heuvelland,West-Vlaanderen,flanders,"c(2.77080555555556, 50.7680277777778)",Big_pond_Eeuwenhout_bos_2024-06-13_2024-06-14,2024
1272-2,Big pond Eeuwenhout bos,2024-06-13T00:00:00Z,2024-06-14T00:00:00Z,SDSF_1a,Xenlae,juvenile,16,5.5,NA,alive,no,Xenopus laevis,5217334,,50.768027777777775,2.7708055555555555,Heuvelland,West-Vlaanderen,flanders,"c(2.77080555555556, 50.7680277777778)",Big_pond_Eeuwenhout_bos_2024-06-13_2024-06-14,2024
1273-1,Big pond Eeuwenhout bos,2024-06-13T00:00:00Z,2024-06-14T00:00:00Z,SDSF_1a,Xenlae,juvenile,16,5.7,NA,alive,no,Xenopus laevis,5217334,,50.768027777777775,2.7708055555555555,Heuvelland,West-Vlaanderen,flanders,"c(2.77080555555556, 50.7680277777778)",Big_pond_Eeuwenhout_bos_2024-06-13_2024-06-14,2024
1274-1,Big pond Eeuwenhout bos,2024-06-13T00:00:00Z,2024-06-14T00:00:00Z,SDSF_1a,Xenlae,juvenile,21,5.9,NA,alive,no,Xenopus laevis,5217334,,50.768027777777775,2.7708055555555555,Heuvelland,West-Vlaanderen,flanders,"c(2.77080555555556, 50.7680277777778)",Big_pond_Eeuwenhout_bos_2024-06-13_2024-06-14,2024
1275-1,Big pond Eeuwenhout bos,2024-06-13T00:00:00Z,2024-06-14T00:00:00Z,SDSF_1a,Xenlae,juvenile,19,5.7,NA,alive,no,Xenopus laevis,5217334,,50.768027777777775,2.7708055555555555,Heuvelland,West-Vlaanderen,flanders,"c(2.77080555555556, 50.7680277777778)",Big_pond_Eeuwenhout_bos_2024-06-13_2024-06-14,2024
1276-1,Big pond Eeuwenhout bos,2024-06-13T00:00:00Z,2024-06-14T00:00:00Z,SDSF_1a,Xenlae,juvenile,10,4.8,NA,alive,no,Xenopus laevis,5217334,,50.768027777777775,2.7708055555555555,Heuvelland,West-Vlaanderen,flanders,"c(2.77080555555556, 50.7680277777778)",Big_pond_Eeuwenhout_bos_2024-06-13_2024-06-14,2024
1277-1,Big pond Eeuwenhout bos,2024-06-13T00:00:00Z,2024-06-14T00:00:00Z,SDSF_1a,Xenlae,juvenile,17,5.6,NA,alive,no,Xenopus laevis,5217334,,50.768027777777775,2.7708055555555555,Heuvelland,West-Vlaanderen,flanders,"c(2.77080555555556, 50.7680277777778)",Big_pond_Eeuwenhout_bos_2024-06-13_2024-06-14,2024
1278-1,Big pond Eeuwenhout bos,2024-06-13T00:00:00Z,2024-06-14T00:00:00Z,SDSF_1a,Xenlae,juvenile,9,4.5,NA,alive,no,Xenopus laevis,5217334,,50.768027777777775,2.7708055555555555,Heuvelland,West-Vlaanderen,flanders,"c(2.77080555555556, 50.7680277777778)",Big_pond_Eeuwenhout_bos_2024-06-13_2024-06-14,2024
1279-1,Big pond Eeuwenhout bos,2024-06-13T00:00:00Z,2024-06-14T00:00:00Z,SDSF_1a,Xenlae,juvenile,13,5,NA,alive,no,Xenopus laevis,5217334,,50.768027777777775,2.7708055555555555,Heuvelland,West-Vlaanderen,flanders,"c(2.77080555555556, 50.7680277777778)",Big_pond_Eeuwenhout_bos_2024-06-13_2024-06-14,2024
1280-1,Big pond Eeuwenhout bos,2024-06-13T00:00:00Z,2024-06-14T00:00:00Z,SDSF_1a,Xenlae,juvenile,12,5.2,NA,alive,no,Xenopus laevis,5217334,,50.768027777777775,2.7708055555555555,Heuvelland,West-Vlaanderen,flanders,"c(2.77080555555556, 50.7680277777778)",Big_pond_Eeuwenhout_bos_2024-06-13_2024-06-14,2024
1281-1,Big pond Eeuwenhout bos,2024-06-13T00:00:00Z,2024-06-14T00:00:00Z,SDSF_1a,Xenlae,juvenile,9,4.3,NA,alive,no,Xenopus laevis,5217334,,50.768027777777775,2.7708055555555555,Heuvelland,West-Vlaanderen,flanders,"c(2.77080555555556, 50.7680277777778)",Big_pond_Eeuwenhout_bos_2024-06-13_2024-06-14,2024
1282-1,Big pond Eeuwenhout bos,2024-06-13T00:00:00Z,2024-06-14T00:00:00Z,SDSF_1a,Xenlae,juvenile,16,5.4,NA,alive,no,Xenopus laevis,5217334,,50.768027777777775,2.7708055555555555,Heuvelland,West-Vlaanderen,flanders,"c(2.77080555555556, 50.7680277777778)",Big_pond_Eeuwenhout_bos_2024-06-13_2024-06-14,2024
1283-1,Big pond Eeuwenhout bos,2024-06-13T00:00:00Z,2024-06-14T00:00:00Z,SDSF_1a,Xenlae,juvenile,11,4.7,NA,alive,no,Xenopus laevis,5217334,,50.768027777777775,2.7708055555555555,Heuvelland,West-Vlaanderen,flanders,"c(2.77080555555556, 50.7680277777778)",Big_pond_Eeuwenhout_bos_2024-06-13_2024-06-14,2024
1284-1,Big pond Eeuwenhout bos,2024-06-13T00:00:00Z,2024-06-14T00:00:00Z,SDSF_1a,Xenlae,juvenile,10,4.4,NA,alive,no,Xenopus laevis,5217334,,50.768027777777775,2.7708055555555555,Heuvelland,West-Vlaanderen,flanders,"c(2.77080555555556, 50.7680277777778)",Big_pond_Eeuwenhout_bos_2024-06-13_2024-06-14,2024
1285-1,Big pond Eeuwenhout bos,2024-06-13T00:00:00Z,2024-06-14T00:00:00Z,SDSF_1a,Xenlae,juvenile,9,4.4,NA,alive,no,Xenopus laevis,5217334,,50.768027777777775,2.7708055555555555,Heuvelland,West-Vlaanderen,flanders,"c(2.77080555555556, 50.7680277777778)",Big_pond_Eeuwenhout_bos_2024-06-13_2024-06-14,2024
1286-1,Big pond Eeuwenhout bos,2024-06-13T00:00:00Z,2024-06-14T00:00:00Z,SDSF_1a,Xenlae,juvenile,7,3.9,NA,alive,no,Xenopus laevis,5217334,,50.768027777777775,2.7708055555555555,Heuvelland,West-Vlaanderen,flanders,"c(2.77080555555556, 50.7680277777778)",Big_pond_Eeuwenhout_bos_2024-06-13_2024-06-14,2024
1293-1,Big pond Eeuwenhout bos,2024-06-13T00:00:00Z,2024-06-14T00:00:00Z,SDSF_2a,Xenlae,juvenile,20,5.9,NA,alive,no,Xenopus laevis,5217334,,50.768027777777775,2.7708055555555555,Heuvelland,West-Vlaanderen,flanders,"c(2.77080555555556, 50.7680277777778)",Big_pond_Eeuwenhout_bos_2024-06-13_2024-06-14,2024
1294-1,Big pond Eeuwenhout bos,2024-06-13T00:00:00Z,2024-06-14T00:00:00Z,SDSF_2a,Xenlae,subadult,23,6,NA,alive,no,Xenopus laevis,5217334,,50.768027777777775,2.7708055555555555,Heuvelland,West-Vlaanderen,flanders,"c(2.77080555555556, 50.7680277777778)",Big_pond_Eeuwenhout_bos_2024-06-13_2024-06-14,2024
1295-1,Big pond Eeuwenhout bos,2024-06-13T00:00:00Z,2024-06-14T00:00:00Z,SDSF_2a,Xenlae,juvenile,15,5.6,NA,alive,no,Xenopus laevis,5217334,,50.768027777777775,2.7708055555555555,Heuvelland,West-Vlaanderen,flanders,"c(2.77080555555556, 50.7680277777778)",Big_pond_Eeuwenhout_bos_2024-06-13_2024-06-14,2024
1296-1,Big pond Eeuwenhout bos,2024-06-13T00:00:00Z,2024-06-14T00:00:00Z,SDSF_2a,Xenlae,subadult,27,6.7,NA,alive,no,Xenopus laevis,5217334,,50.768027777777775,2.7708055555555555,Heuvelland,West-Vlaanderen,flanders,"c(2.77080555555556, 50.7680277777778)",Big_pond_Eeuwenhout_bos_2024-06-13_2024-06-14,2024
1297-1,Big pond Eeuwenhout bos,2024-06-13T00:00:00Z,2024-06-14T00:00:00Z,SDSF_2a,Xenlae,subadult,31,6.7,NA,alive,no,Xenopus laevis,5217334,,50.768027777777775,2.7708055555555555,Heuvelland,West-Vlaanderen,flanders,"c(2.77080555555556, 50.7680277777778)",Big_pond_Eeuwenhout_bos_2024-06-13_2024-06-14,2024
1298-1,Big pond Eeuwenhout bos,2024-06-13T00:00:00Z,2024-06-14T00:00:00Z,SDSF_2a,Xenlae,subadult,24,6.3,NA,alive,no,Xenopus laevis,5217334,,50.768027777777775,2.7708055555555555,Heuvelland,West-Vlaanderen,flanders,"c(2.77080555555556, 50.7680277777778)",Big_pond_Eeuwenhout_bos_2024-06-13_2024-06-14,2024
1299-1,Big pond Eeuwenhout bos,2024-06-13T00:00:00Z,2024-06-14T00:00:00Z,SDSF_2a,Xenlae,juvenile,11,4.8,NA,alive,no,Xenopus laevis,5217334,,50.768027777777775,2.7708055555555555,Heuvelland,West-Vlaanderen,flanders,"c(2.77080555555556, 50.7680277777778)",Big_pond_Eeuwenhout_bos_2024-06-13_2024-06-14,2024
1300-1,Big pond Eeuwenhout bos,2024-06-13T00:00:00Z,2024-06-14T00:00:00Z,SDSF_2a,Xenlae,subadult,22,5.9,NA,alive,no,Xenopus laevis,5217334,,50.768027777777775,2.7708055555555555,Heuvelland,West-Vlaanderen,flanders,"c(2.77080555555556, 50.7680277777778)",Big_pond_Eeuwenhout_bos_2024-06-13_2024-06-14,2024
1301-1,Big pond Eeuwenhout bos,2024-06-13T00:00:00Z,2024-06-14T00:00:00Z,SDSF_2a,Xenlae,juvenile,12,5,NA,alive,no,Xenopus laevis,5217334,,50.768027777777775,2.7708055555555555,Heuvelland,West-Vlaanderen,flanders,"c(2.77080555555556, 50.7680277777778)",Big_pond_Eeuwenhout_bos_2024-06-13_2024-06-14,2024
1307-1,Big pond Eeuwenhout bos,2024-06-13T00:00:00Z,2024-06-14T00:00:00Z,SDSF_3a,Xenlae,subadult,22,5.9,NA,alive,no,Xenopus laevis,5217334,,50.768027777777775,2.7708055555555555,Heuvelland,West-Vlaanderen,flanders,"c(2.77080555555556, 50.7680277777778)",Big_pond_Eeuwenhout_bos_2024-06-13_2024-06-14,2024
1308-1,Big pond Eeuwenhout bos,2024-06-13T00:00:00Z,2024-06-14T00:00:00Z,SDSF_3a,Xenlae,juvenile,15,5.6,NA,alive,no,Xenopus laevis,5217334,,50.768027777777775,2.7708055555555555,Heuvelland,West-Vlaanderen,flanders,"c(2.77080555555556, 50.7680277777778)",Big_pond_Eeuwenhout_bos_2024-06-13_2024-06-14,2024
1309-1,Big pond Eeuwenhout bos,2024-06-13T00:00:00Z,2024-06-14T00:00:00Z,SDSF_3a,Xenlae,subadult,22,6.1,NA,alive,no,Xenopus laevis,5217334,,50.768027777777775,2.7708055555555555,Heuvelland,West-Vlaanderen,flanders,"c(2.77080555555556, 50.7680277777778)",Big_pond_Eeuwenhout_bos_2024-06-13_2024-06-14,2024
1310-1,Big pond Eeuwenhout bos,2024-06-13T00:00:00Z,2024-06-14T00:00:00Z,SDSF_3a,Xenlae,adult,40,7.4,M,alive,no,Xenopus laevis,5217334,,50.768027777777775,2.7708055555555555,Heuvelland,West-Vlaanderen,flanders,"c(2.77080555555556, 50.7680277777778)",Big_pond_Eeuwenhout_bos_2024-06-13_2024-06-14,2024
1311-1,Big pond Eeuwenhout bos,2024-06-13T00:00:00Z,2024-06-14T00:00:00Z,SDSF_3a,Xenlae,subadult,23,6.3,NA,alive,no,Xenopus laevis,5217334,,50.768027777777775,2.7708055555555555,Heuvelland,West-Vlaanderen,flanders,"c(2.77080555555556, 50.7680277777778)",Big_pond_Eeuwenhout_bos_2024-06-13_2024-06-14,2024
1312-1,Big pond Eeuwenhout bos,2024-06-13T00:00:00Z,2024-06-14T00:00:00Z,SDSF_3a,Xenlae,juvenile,16,5.5,NA,alive,no,Xenopus laevis,5217334,,50.768027777777775,2.7708055555555555,Heuvelland,West-Vlaanderen,flanders,"c(2.77080555555556, 50.7680277777778)",Big_pond_Eeuwenhout_bos_2024-06-13_2024-06-14,2024
1313-1,Big pond Eeuwenhout bos,2024-06-13T00:00:00Z,2024-06-14T00:00:00Z,SDSF_3a,Xenlae,subadult,18,6,NA,alive,no,Xenopus laevis,5217334,,50.768027777777775,2.7708055555555555,Heuvelland,West-Vlaanderen,flanders,"c(2.77080555555556, 50.7680277777778)",Big_pond_Eeuwenhout_bos_2024-06-13_2024-06-14,2024
1314-2,Big pond Eeuwenhout bos,2024-06-13T00:00:00Z,2024-06-14T00:00:00Z,SDSF_3a,Xenlae,juvenile,16,5.5,NA,alive,no,Xenopus laevis,5217334,,50.768027777777775,2.7708055555555555,Heuvelland,West-Vlaanderen,flanders,"c(2.77080555555556, 50.7680277777778)",Big_pond_Eeuwenhout_bos_2024-06-13_2024-06-14,2024
1315-1,Big pond Eeuwenhout bos,2024-06-13T00:00:00Z,2024-06-14T00:00:00Z,SDSF_3a,Xenlae,subadult,19,6,NA,alive,no,Xenopus laevis,5217334,,50.768027777777775,2.7708055555555555,Heuvelland,West-Vlaanderen,flanders,"c(2.77080555555556, 50.7680277777778)",Big_pond_Eeuwenhout_bos_2024-06-13_2024-06-14,2024
1316-1,Big pond Eeuwenhout bos,2024-06-13T00:00:00Z,2024-06-14T00:00:00Z,SDSF_3a,Xenlae,juvenile,17,5.7,NA,alive,no,Xenopus laevis,5217334,,50.768027777777775,2.7708055555555555,Heuvelland,West-Vlaanderen,flanders,"c(2.77080555555556, 50.7680277777778)",Big_pond_Eeuwenhout_bos_2024-06-13_2024-06-14,2024
1317-1,Big pond Eeuwenhout bos,2024-06-13T00:00:00Z,2024-06-14T00:00:00Z,SDSF_3a,Xenlae,subadult,21,6.2,NA,alive,no,Xenopus laevis,5217334,,50.768027777777775,2.7708055555555555,Heuvelland,West-Vlaanderen,flanders,"c(2.77080555555556, 50.7680277777778)",Big_pond_Eeuwenhout_bos_2024-06-13_2024-06-14,2024
1318-1,Big pond Eeuwenhout bos,2024-06-13T00:00:00Z,2024-06-14T00:00:00Z,SDSF_3a,Xenlae,subadult,30,6.6,NA,alive,no,Xenopus laevis,5217334,,50.768027777777775,2.7708055555555555,Heuvelland,West-Vlaanderen,flanders,"c(2.77080555555556, 50.7680277777778)",Big_pond_Eeuwenhout_bos_2024-06-13_2024-06-14,2024
1319-1,Big pond Eeuwenhout bos,2024-06-13T00:00:00Z,2024-06-14T00:00:00Z,SDSF_3a,Xenlae,juvenile,10,4.6,NA,alive,no,Xenopus laevis,5217334,,50.768027777777775,2.7708055555555555,Heuvelland,West-Vlaanderen,flanders,"c(2.77080555555556, 50.7680277777778)",Big_pond_Eeuwenhout_bos_2024-06-13_2024-06-14,2024
1320-1,Big pond Eeuwenhout bos,2024-06-13T00:00:00Z,2024-06-14T00:00:00Z,SDSF_3a,Xenlae,subadult,19,6.2,NA,alive,no,Xenopus laevis,5217334,,50.768027777777775,2.7708055555555555,Heuvelland,West-Vlaanderen,flanders,"c(2.77080555555556, 50.7680277777778)",Big_pond_Eeuwenhout_bos_2024-06-13_2024-06-14,2024
1321-1,Big pond Eeuwenhout bos,2024-06-13T00:00:00Z,2024-06-14T00:00:00Z,SDSF_3a,Xenlae,subadult,23,5.9,NA,alive,no,Xenopus laevis,5217334,,50.768027777777775,2.7708055555555555,Heuvelland,West-Vlaanderen,flanders,"c(2.77080555555556, 50.7680277777778)",Big_pond_Eeuwenhout_bos_2024-06-13_2024-06-14,2024
1322-1,Big pond Eeuwenhout bos,2024-06-13T00:00:00Z,2024-06-14T00:00:00Z,SDSF_3a,Xenlae,juvenile,21,5.6,NA,alive,no,Xenopus laevis,5217334,,50.768027777777775,2.7708055555555555,Heuvelland,West-Vlaanderen,flanders,"c(2.77080555555556, 50.7680277777778)",Big_pond_Eeuwenhout_bos_2024-06-13_2024-06-14,2024
1323-1,Big pond Eeuwenhout bos,2024-06-13T00:00:00Z,2024-06-14T00:00:00Z,SDSF_3a,Xenlae,juvenile,12,4.7,NA,alive,no,Xenopus laevis,5217334,,50.768027777777775,2.7708055555555555,Heuvelland,West-Vlaanderen,flanders,"c(2.77080555555556, 50.7680277777778)",Big_pond_Eeuwenhout_bos_2024-06-13_2024-06-14,2024
1324-1,Big pond Eeuwenhout bos,2024-06-13T00:00:00Z,2024-06-14T00:00:00Z,SDSF_3a,Xenlae,juvenile,18,5.8,NA,alive,no,Xenopus laevis,5217334,,50.768027777777775,2.7708055555555555,Heuvelland,West-Vlaanderen,flanders,"c(2.77080555555556, 50.7680277777778)",Big_pond_Eeuwenhout_bos_2024-06-13_2024-06-14,2024
1331-1,Big pond Eeuwenhout bos,2024-06-13T00:00:00Z,2024-06-14T00:00:00Z,SDSF_4a,Xenlae,subadult,26,6.5,NA,alive,no,Xenopus laevis,5217334,,50.768027777777775,2.7708055555555555,Heuvelland,West-Vlaanderen,flanders,"c(2.77080555555556, 50.7680277777778)",Big_pond_Eeuwenhout_bos_2024-06-13_2024-06-14,2024
1332-1,Big pond Eeuwenhout bos,2024-06-13T00:00:00Z,2024-06-14T00:00:00Z,SDSF_4a,Xenlae,subadult,23,6.9,NA,alive,no,Xenopus laevis,5217334,,50.768027777777775,2.7708055555555555,Heuvelland,West-Vlaanderen,flanders,"c(2.77080555555556, 50.7680277777778)",Big_pond_Eeuwenhout_bos_2024-06-13_2024-06-14,2024
1333-1,Big pond Eeuwenhout bos,2024-06-13T00:00:00Z,2024-06-14T00:00:00Z,SDSF_4a,Xenlae,juvenile,18,5.5,NA,alive,no,Xenopus laevis,5217334,,50.768027777777775,2.7708055555555555,Heuvelland,West-Vlaanderen,flanders,"c(2.77080555555556, 50.7680277777778)",Big_pond_Eeuwenhout_bos_2024-06-13_2024-06-14,2024
1334-1,Big pond Eeuwenhout bos,2024-06-13T00:00:00Z,2024-06-14T00:00:00Z,SDSF_4a,Xenlae,juvenile,16,5.7,NA,alive,no,Xenopus laevis,5217334,,50.768027777777775,2.7708055555555555,Heuvelland,West-Vlaanderen,flanders,"c(2.77080555555556, 50.7680277777778)",Big_pond_Eeuwenhout_bos_2024-06-13_2024-06-14,2024
1335-1,Big pond Eeuwenhout bos,2024-06-13T00:00:00Z,2024-06-14T00:00:00Z,SDSF_4a,Xenlae,subadult,29,6.6,NA,alive,no,Xenopus laevis,5217334,,50.768027777777775,2.7708055555555555,Heuvelland,West-Vlaanderen,flanders,"c(2.77080555555556, 50.7680277777778)",Big_pond_Eeuwenhout_bos_2024-06-13_2024-06-14,2024
1336-1,Big pond Eeuwenhout bos,2024-06-13T00:00:00Z,2024-06-14T00:00:00Z,SDSF_4a,Xenlae,juvenile,19,5.7,NA,alive,no,Xenopus laevis,5217334,,50.768027777777775,2.7708055555555555,Heuvelland,West-Vlaanderen,flanders,"c(2.77080555555556, 50.7680277777778)",Big_pond_Eeuwenhout_bos_2024-06-13_2024-06-14,2024
1337-1,Big pond Eeuwenhout bos,2024-06-13T00:00:00Z,2024-06-14T00:00:00Z,SDSF_4a,Xenlae,juvenile,13,4.9,NA,alive,no,Xenopus laevis,5217334,,50.768027777777775,2.7708055555555555,Heuvelland,West-Vlaanderen,flanders,"c(2.77080555555556, 50.7680277777778)",Big_pond_Eeuwenhout_bos_2024-06-13_2024-06-14,2024
1338-1,Big pond Eeuwenhout bos,2024-06-13T00:00:00Z,2024-06-14T00:00:00Z,SDSF_4a,Xenlae,subadult,20,6.1,NA,alive,no,Xenopus laevis,5217334,,50.768027777777775,2.7708055555555555,Heuvelland,West-Vlaanderen,flanders,"c(2.77080555555556, 50.7680277777778)",Big_pond_Eeuwenhout_bos_2024-06-13_2024-06-14,2024
1339-1,Big pond Eeuwenhout bos,2024-06-13T00:00:00Z,2024-06-14T00:00:00Z,SDSF_4a,Xenlae,juvenile,18,5.8,NA,alive,no,Xenopus laevis,5217334,,50.768027777777775,2.7708055555555555,Heuvelland,West-Vlaanderen,flanders,"c(2.77080555555556, 50.7680277777778)",Big_pond_Eeuwenhout_bos_2024-06-13_2024-06-14,2024
1340-1,Big pond Eeuwenhout bos,2024-06-13T00:00:00Z,2024-06-14T00:00:00Z,SDSF_4a,Xenlae,juvenile,11,4.5,NA,alive,no,Xenopus laevis,5217334,,50.768027777777775,2.7708055555555555,Heuvelland,West-Vlaanderen,flanders,"c(2.77080555555556, 50.7680277777778)",Big_pond_Eeuwenhout_bos_2024-06-13_2024-06-14,2024
1341-2,Big pond Eeuwenhout bos,2024-06-13T00:00:00Z,2024-06-14T00:00:00Z,SDSF_4a,Xenlae,juvenile,16,5.7,NA,alive,no,Xenopus laevis,5217334,,50.768027777777775,2.7708055555555555,Heuvelland,West-Vlaanderen,flanders,"c(2.77080555555556, 50.7680277777778)",Big_pond_Eeuwenhout_bos_2024-06-13_2024-06-14,2024
1342-1,Big pond Eeuwenhout bos,2024-06-13T00:00:00Z,2024-06-14T00:00:00Z,SDSF_4a,Xenlae,subadult,24,6.2,NA,alive,no,Xenopus laevis,5217334,,50.768027777777775,2.7708055555555555,Heuvelland,West-Vlaanderen,flanders,"c(2.77080555555556, 50.7680277777778)",Big_pond_Eeuwenhout_bos_2024-06-13_2024-06-14,2024
1343-1,Big pond Eeuwenhout bos,2024-06-13T00:00:00Z,2024-06-14T00:00:00Z,SDSF_4a,Xenlae,juvenile,14,5.9,NA,alive,no,Xenopus laevis,5217334,,50.768027777777775,2.7708055555555555,Heuvelland,West-Vlaanderen,flanders,"c(2.77080555555556, 50.7680277777778)",Big_pond_Eeuwenhout_bos_2024-06-13_2024-06-14,2024
1344-1,Big pond Eeuwenhout bos,2024-06-13T00:00:00Z,2024-06-14T00:00:00Z,SDSF_4a,Xenlae,subadult,23,6.3,NA,alive,no,Xenopus laevis,5217334,,50.768027777777775,2.7708055555555555,Heuvelland,West-Vlaanderen,flanders,"c(2.77080555555556, 50.7680277777778)",Big_pond_Eeuwenhout_bos_2024-06-13_2024-06-14,2024
1345-1,Big pond Eeuwenhout bos,2024-06-13T00:00:00Z,2024-06-14T00:00:00Z,SDSF_4a,Xenlae,subadult,20,6,NA,alive,no,Xenopus laevis,5217334,,50.768027777777775,2.7708055555555555,Heuvelland,West-Vlaanderen,flanders,"c(2.77080555555556, 50.7680277777778)",Big_pond_Eeuwenhout_bos_2024-06-13_2024-06-14,2024
1346-1,Big pond Eeuwenhout bos,2024-06-13T00:00:00Z,2024-06-14T00:00:00Z,SDSF_4a,Xenlae,subadult,23,6.2,NA,alive,no,Xenopus laevis,5217334,,50.768027777777775,2.7708055555555555,Heuvelland,West-Vlaanderen,flanders,"c(2.77080555555556, 50.7680277777778)",Big_pond_Eeuwenhout_bos_2024-06-13_2024-06-14,2024
1347-2,Big pond Eeuwenhout bos,2024-06-13T00:00:00Z,2024-06-14T00:00:00Z,SDSF_4a,Xenlae,subadult,20,6,NA,alive,no,Xenopus laevis,5217334,,50.768027777777775,2.7708055555555555,Heuvelland,West-Vlaanderen,flanders,"c(2.77080555555556, 50.7680277777778)",Big_pond_Eeuwenhout_bos_2024-06-13_2024-06-14,2024
1348-1,Big pond Eeuwenhout bos,2024-06-13T00:00:00Z,2024-06-14T00:00:00Z,SDSF_4a,Xenlae,juvenile,18,5.7,NA,alive,no,Xenopus laevis,5217334,,50.768027777777775,2.7708055555555555,Heuvelland,West-Vlaanderen,flanders,"c(2.77080555555556, 50.7680277777778)",Big_pond_Eeuwenhout_bos_2024-06-13_2024-06-14,2024
1349-1,Big pond Eeuwenhout bos,2024-06-13T00:00:00Z,2024-06-14T00:00:00Z,SDSF_4a,Xenlae,juvenile,14,5.2,NA,alive,no,Xenopus laevis,5217334,,50.768027777777775,2.7708055555555555,Heuvelland,West-Vlaanderen,flanders,"c(2.77080555555556, 50.7680277777778)",Big_pond_Eeuwenhout_bos_2024-06-13_2024-06-14,2024
1350-1,Big pond Eeuwenhout bos,2024-06-13T00:00:00Z,2024-06-14T00:00:00Z,SDSF_4a,Xenlae,subadult,26,6.3,NA,alive,no,Xenopus laevis,5217334,,50.768027777777775,2.7708055555555555,Heuvelland,West-Vlaanderen,flanders,"c(2.77080555555556, 50.7680277777778)",Big_pond_Eeuwenhout_bos_2024-06-13_2024-06-14,2024
1351-1,Big pond Eeuwenhout bos,2024-06-13T00:00:00Z,2024-06-14T00:00:00Z,SDSF_4a,Xenlae,juvenile,21,5.9,NA,alive,no,Xenopus laevis,5217334,,50.768027777777775,2.7708055555555555,Heuvelland,West-Vlaanderen,flanders,"c(2.77080555555556, 50.7680277777778)",Big_pond_Eeuwenhout_bos_2024-06-13_2024-06-14,2024
1352-1,Big pond Eeuwenhout bos,2024-06-13T00:00:00Z,2024-06-14T00:00:00Z,SDSF_4a,Xenlae,juvenile,14,5.4,NA,alive,no,Xenopus laevis,5217334,,50.768027777777775,2.7708055555555555,Heuvelland,West-Vlaanderen,flanders,"c(2.77080555555556, 50.7680277777778)",Big_pond_Eeuwenhout_bos_2024-06-13_2024-06-14,2024
1353-1,Big pond Eeuwenhout bos,2024-06-13T00:00:00Z,2024-06-14T00:00:00Z,SDSF_4a,Xenlae,subadult,22,5.9,NA,alive,no,Xenopus laevis,5217334,,50.768027777777775,2.7708055555555555,Heuvelland,West-Vlaanderen,flanders,"c(2.77080555555556, 50.7680277777778)",Big_pond_Eeuwenhout_bos_2024-06-13_2024-06-14,2024
1354-2,Big pond Eeuwenhout bos,2024-06-13T00:00:00Z,2024-06-14T00:00:00Z,SDSF_4a,Xenlae,juvenile,19,5.7,NA,alive,no,Xenopus laevis,5217334,,50.768027777777775,2.7708055555555555,Heuvelland,West-Vlaanderen,flanders,"c(2.77080555555556, 50.7680277777778)",Big_pond_Eeuwenhout_bos_2024-06-13_2024-06-14,2024
1355-1,Big pond Eeuwenhout bos,2024-06-13T00:00:00Z,2024-06-14T00:00:00Z,SDSF_4a,Xenlae,juvenile,17,5.4,NA,alive,no,Xenopus laevis,5217334,,50.768027777777775,2.7708055555555555,Heuvelland,West-Vlaanderen,flanders,"c(2.77080555555556, 50.7680277777778)",Big_pond_Eeuwenhout_bos_2024-06-13_2024-06-14,2024
1356-1,Big pond Eeuwenhout bos,2024-06-13T00:00:00Z,2024-06-14T00:00:00Z,SDSF_4a,Xenlae,juvenile,20,5.9,NA,alive,no,Xenopus laevis,5217334,,50.768027777777775,2.7708055555555555,Heuvelland,West-Vlaanderen,flanders,"c(2.77080555555556, 50.7680277777778)",Big_pond_Eeuwenhout_bos_2024-06-13_2024-06-14,2024
1357-1,Big pond Eeuwenhout bos,2024-06-13T00:00:00Z,2024-06-14T00:00:00Z,SDSF_4a,Xenlae,juvenile,13,5.2,NA,alive,no,Xenopus laevis,5217334,,50.768027777777775,2.7708055555555555,Heuvelland,West-Vlaanderen,flanders,"c(2.77080555555556, 50.7680277777778)",Big_pond_Eeuwenhout_bos_2024-06-13_2024-06-14,2024
1358-1,Big pond Eeuwenhout bos,2024-06-13T00:00:00Z,2024-06-14T00:00:00Z,SDSF_4a,Xenlae,juvenile,11,4.8,NA,alive,no,Xenopus laevis,5217334,,50.768027777777775,2.7708055555555555,Heuvelland,West-Vlaanderen,flanders,"c(2.77080555555556, 50.7680277777778)",Big_pond_Eeuwenhout_bos_2024-06-13_2024-06-14,2024
1359-1,Big pond Eeuwenhout bos,2024-06-13T00:00:00Z,2024-06-14T00:00:00Z,SDSF_4a,Xenlae,juvenile,21,5.8,NA,alive,no,Xenopus laevis,5217334,,50.768027777777775,2.7708055555555555,Heuvelland,West-Vlaanderen,flanders,"c(2.77080555555556, 50.7680277777778)",Big_pond_Eeuwenhout_bos_2024-06-13_2024-06-14,2024
1360-1,Big pond Eeuwenhout bos,2024-06-13T00:00:00Z,2024-06-14T00:00:00Z,SDSF_4a,Xenlae,juvenile,12,4.7,NA,alive,no,Xenopus laevis,5217334,,50.768027777777775,2.7708055555555555,Heuvelland,West-Vlaanderen,flanders,"c(2.77080555555556, 50.7680277777778)",Big_pond_Eeuwenhout_bos_2024-06-13_2024-06-14,2024
1361-1,Big pond Eeuwenhout bos,2024-06-13T00:00:00Z,2024-06-14T00:00:00Z,SDSF_4a,Xenlae,juvenile,12,5,NA,alive,no,Xenopus laevis,5217334,,50.768027777777775,2.7708055555555555,Heuvelland,West-Vlaanderen,flanders,"c(2.77080555555556, 50.7680277777778)",Big_pond_Eeuwenhout_bos_2024-06-13_2024-06-14,2024
1362-1,Big pond Eeuwenhout bos,2024-06-13T00:00:00Z,2024-06-14T00:00:00Z,SDSF_4a,Xenlae,juvenile,10,4.8,NA,alive,no,Xenopus laevis,5217334,,50.768027777777775,2.7708055555555555,Heuvelland,West-Vlaanderen,flanders,"c(2.77080555555556, 50.7680277777778)",Big_pond_Eeuwenhout_bos_2024-06-13_2024-06-14,2024
1367-1,Big pond Eeuwenhout bos,2024-06-13T00:00:00Z,2024-06-14T00:00:00Z,SDSF_5a,Xenlae,juvenile,18,5.4,NA,alive,no,Xenopus laevis,5217334,,50.768027777777775,2.7708055555555555,Heuvelland,West-Vlaanderen,flanders,"c(2.77080555555556, 50.7680277777778)",Big_pond_Eeuwenhout_bos_2024-06-13_2024-06-14,2024
1368-1,Big pond Eeuwenhout bos,2024-06-13T00:00:00Z,2024-06-14T00:00:00Z,SDSF_5a,Xenlae,juvenile,16,5.5,NA,alive,no,Xenopus laevis,5217334,,50.768027777777775,2.7708055555555555,Heuvelland,West-Vlaanderen,flanders,"c(2.77080555555556, 50.7680277777778)",Big_pond_Eeuwenhout_bos_2024-06-13_2024-06-14,2024
1385-1,Field pond,2024-06-13T00:00:00Z,2024-06-14T00:00:00Z,FF_1-32,Xenlae,subadult,32,6.9,NA,alive,no,Xenopus laevis,5217334,,50.75672222222222,2.9182777777777775,Mesen,West-Vlaanderen,flanders,"c(2.91827777777778, 50.7567222222222)",Field_pond_2024-06-13_2024-06-14,2024
1386-1,Field pond,2024-06-13T00:00:00Z,2024-06-14T00:00:00Z,FF_1-32,Xenlae,adult,91,9.4,F,alive,no,Xenopus laevis,5217334,,50.75672222222222,2.9182777777777775,Mesen,West-Vlaanderen,flanders,"c(2.91827777777778, 50.7567222222222)",Field_pond_2024-06-13_2024-06-14,2024
1387-1,Field pond,2024-06-13T00:00:00Z,2024-06-14T00:00:00Z,FF_1-32,Xenlae,adult,46,7.9,F,alive,no,Xenopus laevis,5217334,,50.75672222222222,2.9182777777777775,Mesen,West-Vlaanderen,flanders,"c(2.91827777777778, 50.7567222222222)",Field_pond_2024-06-13_2024-06-14,2024
1388-1,Field pond,2024-06-13T00:00:00Z,2024-06-14T00:00:00Z,FF_1-32,Xenlae,subadult,24,6,NA,alive,no,Xenopus laevis,5217334,,50.75672222222222,2.9182777777777775,Mesen,West-Vlaanderen,flanders,"c(2.91827777777778, 50.7567222222222)",Field_pond_2024-06-13_2024-06-14,2024
1389-1,Field pond,2024-06-13T00:00:00Z,2024-06-14T00:00:00Z,FF_1-32,Xenlae,juvenile,18,5.8,NA,alive,no,Xenopus laevis,5217334,,50.75672222222222,2.9182777777777775,Mesen,West-Vlaanderen,flanders,"c(2.91827777777778, 50.7567222222222)",Field_pond_2024-06-13_2024-06-14,2024
1390-2,Field pond,2024-06-13T00:00:00Z,2024-06-14T00:00:00Z,FF_1-32,Xenlae,juvenile,18,5.8,NA,alive,no,Xenopus laevis,5217334,,50.75672222222222,2.9182777777777775,Mesen,West-Vlaanderen,flanders,"c(2.91827777777778, 50.7567222222222)",Field_pond_2024-06-13_2024-06-14,2024
1391-1,Field pond,2024-06-13T00:00:00Z,2024-06-14T00:00:00Z,FF_1-32,Xenlae,juvenile,15,5.5,NA,alive,no,Xenopus laevis,5217334,,50.75672222222222,2.9182777777777775,Mesen,West-Vlaanderen,flanders,"c(2.91827777777778, 50.7567222222222)",Field_pond_2024-06-13_2024-06-14,2024
1392-1,Field pond,2024-06-13T00:00:00Z,2024-06-14T00:00:00Z,FF_1-32,Xenlae,juvenile,11,4.7,NA,alive,no,Xenopus laevis,5217334,,50.75672222222222,2.9182777777777775,Mesen,West-Vlaanderen,flanders,"c(2.91827777777778, 50.7567222222222)",Field_pond_2024-06-13_2024-06-14,2024
1393-1,Field pond,2024-06-13T00:00:00Z,2024-06-14T00:00:00Z,FF_1-32,Xenlae,adult,61,8.6,M,alive,no,Xenopus laevis,5217334,,50.75672222222222,2.9182777777777775,Mesen,West-Vlaanderen,flanders,"c(2.91827777777778, 50.7567222222222)",Field_pond_2024-06-13_2024-06-14,2024
1394-1,Field pond,2024-06-13T00:00:00Z,2024-06-14T00:00:00Z,FF_1-32,Xenlae,subadult,34,7,NA,alive,no,Xenopus laevis,5217334,,50.75672222222222,2.9182777777777775,Mesen,West-Vlaanderen,flanders,"c(2.91827777777778, 50.7567222222222)",Field_pond_2024-06-13_2024-06-14,2024
1395-1,Field pond,2024-06-13T00:00:00Z,2024-06-14T00:00:00Z,FF_1-32,Xenlae,subadult,31,6.4,NA,alive,no,Xenopus laevis,5217334,,50.75672222222222,2.9182777777777775,Mesen,West-Vlaanderen,flanders,"c(2.91827777777778, 50.7567222222222)",Field_pond_2024-06-13_2024-06-14,2024
1396-1,Field pond,2024-06-13T00:00:00Z,2024-06-14T00:00:00Z,FF_1-32,Xenlae,subadult,21,6,NA,alive,no,Xenopus laevis,5217334,,50.75672222222222,2.9182777777777775,Mesen,West-Vlaanderen,flanders,"c(2.91827777777778, 50.7567222222222)",Field_pond_2024-06-13_2024-06-14,2024
1397-2,Field pond,2024-06-13T00:00:00Z,2024-06-14T00:00:00Z,FF_1-32,Xenlae,subadult,21,6,NA,alive,no,Xenopus laevis,5217334,,50.75672222222222,2.9182777777777775,Mesen,West-Vlaanderen,flanders,"c(2.91827777777778, 50.7567222222222)",Field_pond_2024-06-13_2024-06-14,2024
1398-1,Field pond,2024-06-13T00:00:00Z,2024-06-14T00:00:00Z,FF_1-32,Xenlae,subadult,22,6.4,NA,alive,no,Xenopus laevis,5217334,,50.75672222222222,2.9182777777777775,Mesen,West-Vlaanderen,flanders,"c(2.91827777777778, 50.7567222222222)",Field_pond_2024-06-13_2024-06-14,2024
1399-1,Field pond,2024-06-13T00:00:00Z,2024-06-14T00:00:00Z,FF_1-32,Xenlae,adult,59,8.3,M,alive,no,Xenopus laevis,5217334,,50.75672222222222,2.9182777777777775,Mesen,West-Vlaanderen,flanders,"c(2.91827777777778, 50.7567222222222)",Field_pond_2024-06-13_2024-06-14,2024
1400-1,Field pond,2024-06-13T00:00:00Z,2024-06-14T00:00:00Z,FF_1-32,Xenlae,subadult,38,5.8,M,alive,no,Xenopus laevis,5217334,,50.75672222222222,2.9182777777777775,Mesen,West-Vlaanderen,flanders,"c(2.91827777777778, 50.7567222222222)",Field_pond_2024-06-13_2024-06-14,2024
1401-1,Field pond,2024-06-13T00:00:00Z,2024-06-14T00:00:00Z,FF_1-32,Xenlae,adult,30,7.7,NA,alive,no,Xenopus laevis,5217334,,50.75672222222222,2.9182777777777775,Mesen,West-Vlaanderen,flanders,"c(2.91827777777778, 50.7567222222222)",Field_pond_2024-06-13_2024-06-14,2024
1402-1,Field pond,2024-06-13T00:00:00Z,2024-06-14T00:00:00Z,FF_1-32,Xenlae,subadult,23,6.7,NA,alive,no,Xenopus laevis,5217334,,50.75672222222222,2.9182777777777775,Mesen,West-Vlaanderen,flanders,"c(2.91827777777778, 50.7567222222222)",Field_pond_2024-06-13_2024-06-14,2024
1403-1,Field pond,2024-06-13T00:00:00Z,2024-06-14T00:00:00Z,FF_1-32,Xenlae,juvenile,12,4.9,NA,alive,no,Xenopus laevis,5217334,,50.75672222222222,2.9182777777777775,Mesen,West-Vlaanderen,flanders,"c(2.91827777777778, 50.7567222222222)",Field_pond_2024-06-13_2024-06-14,2024
1404-1,Field pond,2024-06-13T00:00:00Z,2024-06-14T00:00:00Z,FF_1-32,Xenlae,juvenile,20,5.9,NA,alive,no,Xenopus laevis,5217334,,50.75672222222222,2.9182777777777775,Mesen,West-Vlaanderen,flanders,"c(2.91827777777778, 50.7567222222222)",Field_pond_2024-06-13_2024-06-14,2024
1405-1,Field pond,2024-06-13T00:00:00Z,2024-06-14T00:00:00Z,FF_1-32,Xenlae,juvenile,22,5.8,NA,alive,no,Xenopus laevis,5217334,,50.75672222222222,2.9182777777777775,Mesen,West-Vlaanderen,flanders,"c(2.91827777777778, 50.7567222222222)",Field_pond_2024-06-13_2024-06-14,2024
1406-1,Field pond,2024-06-13T00:00:00Z,2024-06-14T00:00:00Z,FF_1-32,Xenlae,subadult,20,6.3,NA,alive,no,Xenopus laevis,5217334,,50.75672222222222,2.9182777777777775,Mesen,West-Vlaanderen,flanders,"c(2.91827777777778, 50.7567222222222)",Field_pond_2024-06-13_2024-06-14,2024
1407-1,Field pond,2024-06-13T00:00:00Z,2024-06-14T00:00:00Z,FF_1-32,Xenlae,juvenile,13,5.1,NA,alive,no,Xenopus laevis,5217334,,50.75672222222222,2.9182777777777775,Mesen,West-Vlaanderen,flanders,"c(2.91827777777778, 50.7567222222222)",Field_pond_2024-06-13_2024-06-14,2024
1408-1,Field pond,2024-06-13T00:00:00Z,2024-06-14T00:00:00Z,FF_1-32,Xenlae,juvenile,15,5.2,NA,alive,no,Xenopus laevis,5217334,,50.75672222222222,2.9182777777777775,Mesen,West-Vlaanderen,flanders,"c(2.91827777777778, 50.7567222222222)",Field_pond_2024-06-13_2024-06-14,2024
1409-1,Field pond,2024-06-13T00:00:00Z,2024-06-14T00:00:00Z,FF_1-32,Xenlae,juvenile,9,4.3,NA,alive,no,Xenopus laevis,5217334,,50.75672222222222,2.9182777777777775,Mesen,West-Vlaanderen,flanders,"c(2.91827777777778, 50.7567222222222)",Field_pond_2024-06-13_2024-06-14,2024
1410-1,Field pond,2024-06-13T00:00:00Z,2024-06-14T00:00:00Z,FF_1-32,Xenlae,subadult,33,7,NA,alive,yes,Xenopus laevis,5217334,,50.75672222222222,2.9182777777777775,Mesen,West-Vlaanderen,flanders,"c(2.91827777777778, 50.7567222222222)",Field_pond_2024-06-13_2024-06-14,2024
1420-1,Big pond Eeuwenhout bos,2024-06-18T00:00:00Z,2024-06-19T00:00:00Z,SDSF_1a,Xenlae,juvenile,18,5.5,NA,alive,no,Xenopus laevis,5217334,,50.768027777777775,2.7708055555555555,Heuvelland,West-Vlaanderen,flanders,"c(2.77080555555556, 50.7680277777778)",Big_pond_Eeuwenhout_bos_2024-06-18_2024-06-19,2024
1421-1,Big pond Eeuwenhout bos,2024-06-18T00:00:00Z,2024-06-19T00:00:00Z,SDSF_1a,Xenlae,subadult,18,6,NA,alive,no,Xenopus laevis,5217334,,50.768027777777775,2.7708055555555555,Heuvelland,West-Vlaanderen,flanders,"c(2.77080555555556, 50.7680277777778)",Big_pond_Eeuwenhout_bos_2024-06-18_2024-06-19,2024
1422-1,Big pond Eeuwenhout bos,2024-06-18T00:00:00Z,2024-06-19T00:00:00Z,SDSF_1a,Xenlae,juvenile,16,5.4,NA,alive,no,Xenopus laevis,5217334,,50.768027777777775,2.7708055555555555,Heuvelland,West-Vlaanderen,flanders,"c(2.77080555555556, 50.7680277777778)",Big_pond_Eeuwenhout_bos_2024-06-18_2024-06-19,2024
1423-1,Big pond Eeuwenhout bos,2024-06-18T00:00:00Z,2024-06-19T00:00:00Z,SDSF_1a,Xenlae,juvenile,19,5.7,NA,alive,no,Xenopus laevis,5217334,,50.768027777777775,2.7708055555555555,Heuvelland,West-Vlaanderen,flanders,"c(2.77080555555556, 50.7680277777778)",Big_pond_Eeuwenhout_bos_2024-06-18_2024-06-19,2024
1424-1,Big pond Eeuwenhout bos,2024-06-18T00:00:00Z,2024-06-19T00:00:00Z,SDSF_1a,Xenlae,juvenile,17,5.3,NA,alive,no,Xenopus laevis,5217334,,50.768027777777775,2.7708055555555555,Heuvelland,West-Vlaanderen,flanders,"c(2.77080555555556, 50.7680277777778)",Big_pond_Eeuwenhout_bos_2024-06-18_2024-06-19,2024
1425-2,Big pond Eeuwenhout bos,2024-06-18T00:00:00Z,2024-06-19T00:00:00Z,SDSF_1a,Xenlae,juvenile,19,5.7,NA,alive,no,Xenopus laevis,5217334,,50.768027777777775,2.7708055555555555,Heuvelland,West-Vlaanderen,flanders,"c(2.77080555555556, 50.7680277777778)",Big_pond_Eeuwenhout_bos_2024-06-18_2024-06-19,2024
1426-1,Big pond Eeuwenhout bos,2024-06-18T00:00:00Z,2024-06-19T00:00:00Z,SDSF_1a,Xenlae,juvenile,16,5.5,NA,alive,no,Xenopus laevis,5217334,,50.768027777777775,2.7708055555555555,Heuvelland,West-Vlaanderen,flanders,"c(2.77080555555556, 50.7680277777778)",Big_pond_Eeuwenhout_bos_2024-06-18_2024-06-19,2024
1427-1,Big pond Eeuwenhout bos,2024-06-18T00:00:00Z,2024-06-19T00:00:00Z,SDSF_1a,Xenlae,juvenile,18,5.8,NA,alive,no,Xenopus laevis,5217334,,50.768027777777775,2.7708055555555555,Heuvelland,West-Vlaanderen,flanders,"c(2.77080555555556, 50.7680277777778)",Big_pond_Eeuwenhout_bos_2024-06-18_2024-06-19,2024
1428-1,Big pond Eeuwenhout bos,2024-06-18T00:00:00Z,2024-06-19T00:00:00Z,SDSF_1a,Xenlae,juvenile,18,5.9,NA,alive,no,Xenopus laevis,5217334,,50.768027777777775,2.7708055555555555,Heuvelland,West-Vlaanderen,flanders,"c(2.77080555555556, 50.7680277777778)",Big_pond_Eeuwenhout_bos_2024-06-18_2024-06-19,2024
1429-2,Big pond Eeuwenhout bos,2024-06-18T00:00:00Z,2024-06-19T00:00:00Z,SDSF_1a,Xenlae,juvenile,16,5.5,NA,alive,no,Xenopus laevis,5217334,,50.768027777777775,2.7708055555555555,Heuvelland,West-Vlaanderen,flanders,"c(2.77080555555556, 50.7680277777778)",Big_pond_Eeuwenhout_bos_2024-06-18_2024-06-19,2024
1430-1,Big pond Eeuwenhout bos,2024-06-18T00:00:00Z,2024-06-19T00:00:00Z,SDSF_1a,Xenlae,juvenile,8,4.6,NA,alive,no,Xenopus laevis,5217334,,50.768027777777775,2.7708055555555555,Heuvelland,West-Vlaanderen,flanders,"c(2.77080555555556, 50.7680277777778)",Big_pond_Eeuwenhout_bos_2024-06-18_2024-06-19,2024
1431-1,Big pond Eeuwenhout bos,2024-06-18T00:00:00Z,2024-06-19T00:00:00Z,SDSF_1a,Xenlae,juvenile,10,4.7,NA,alive,no,Xenopus laevis,5217334,,50.768027777777775,2.7708055555555555,Heuvelland,West-Vlaanderen,flanders,"c(2.77080555555556, 50.7680277777778)",Big_pond_Eeuwenhout_bos_2024-06-18_2024-06-19,2024
1432-1,Big pond Eeuwenhout bos,2024-06-18T00:00:00Z,2024-06-19T00:00:00Z,SDSF_1a,Xenlae,juvenile,13,4.9,NA,alive,no,Xenopus laevis,5217334,,50.768027777777775,2.7708055555555555,Heuvelland,West-Vlaanderen,flanders,"c(2.77080555555556, 50.7680277777778)",Big_pond_Eeuwenhout_bos_2024-06-18_2024-06-19,2024
1433-1,Big pond Eeuwenhout bos,2024-06-18T00:00:00Z,2024-06-19T00:00:00Z,SDSF_1a,Xenlae,juvenile,8,4.3,NA,alive,no,Xenopus laevis,5217334,,50.768027777777775,2.7708055555555555,Heuvelland,West-Vlaanderen,flanders,"c(2.77080555555556, 50.7680277777778)",Big_pond_Eeuwenhout_bos_2024-06-18_2024-06-19,2024
1434-1,Big pond Eeuwenhout bos,2024-06-18T00:00:00Z,2024-06-19T00:00:00Z,SDSF_1b,Xenlae,subadult,30,6.9,NA,alive,no,Xenopus laevis,5217334,,50.768027777777775,2.7708055555555555,Heuvelland,West-Vlaanderen,flanders,"c(2.77080555555556, 50.7680277777778)",Big_pond_Eeuwenhout_bos_2024-06-18_2024-06-19,2024
1435-1,Big pond Eeuwenhout bos,2024-06-18T00:00:00Z,2024-06-19T00:00:00Z,SDSF_1b,Xenlae,juvenile,18,5.8,NA,alive,no,Xenopus laevis,5217334,,50.768027777777775,2.7708055555555555,Heuvelland,West-Vlaanderen,flanders,"c(2.77080555555556, 50.7680277777778)",Big_pond_Eeuwenhout_bos_2024-06-18_2024-06-19,2024
1436-1,Big pond Eeuwenhout bos,2024-06-18T00:00:00Z,2024-06-19T00:00:00Z,SDSF_1b,Xenlae,juvenile,14,5.4,NA,alive,no,Xenopus laevis,5217334,,50.768027777777775,2.7708055555555555,Heuvelland,West-Vlaanderen,flanders,"c(2.77080555555556, 50.7680277777778)",Big_pond_Eeuwenhout_bos_2024-06-18_2024-06-19,2024
1437-1,Big pond Eeuwenhout bos,2024-06-18T00:00:00Z,2024-06-19T00:00:00Z,SDSF_1b,Xenlae,subadult,21,6.1,NA,alive,no,Xenopus laevis,5217334,,50.768027777777775,2.7708055555555555,Heuvelland,West-Vlaanderen,flanders,"c(2.77080555555556, 50.7680277777778)",Big_pond_Eeuwenhout_bos_2024-06-18_2024-06-19,2024
1438-1,Big pond Eeuwenhout bos,2024-06-18T00:00:00Z,2024-06-19T00:00:00Z,SDSF_1b,Xenlae,juvenile,13,4.9,NA,alive,no,Xenopus laevis,5217334,,50.768027777777775,2.7708055555555555,Heuvelland,West-Vlaanderen,flanders,"c(2.77080555555556, 50.7680277777778)",Big_pond_Eeuwenhout_bos_2024-06-18_2024-06-19,2024
1439-1,Big pond Eeuwenhout bos,2024-06-18T00:00:00Z,2024-06-19T00:00:00Z,SDSF_1b,Xenlae,juvenile,20,5.9,NA,alive,no,Xenopus laevis,5217334,,50.768027777777775,2.7708055555555555,Heuvelland,West-Vlaanderen,flanders,"c(2.77080555555556, 50.7680277777778)",Big_pond_Eeuwenhout_bos_2024-06-18_2024-06-19,2024
1440-1,Big pond Eeuwenhout bos,2024-06-18T00:00:00Z,2024-06-19T00:00:00Z,SDSF_1b,Xenlae,juvenile,10,4.7,NA,alive,no,Xenopus laevis,5217334,,50.768027777777775,2.7708055555555555,Heuvelland,West-Vlaanderen,flanders,"c(2.77080555555556, 50.7680277777778)",Big_pond_Eeuwenhout_bos_2024-06-18_2024-06-19,2024
1441-1,Big pond Eeuwenhout bos,2024-06-18T00:00:00Z,2024-06-19T00:00:00Z,SDSF_1b,Xenlae,juvenile,21,5.9,NA,alive,no,Xenopus laevis,5217334,,50.768027777777775,2.7708055555555555,Heuvelland,West-Vlaanderen,flanders,"c(2.77080555555556, 50.7680277777778)",Big_pond_Eeuwenhout_bos_2024-06-18_2024-06-19,2024
1442-2,Big pond Eeuwenhout bos,2024-06-18T00:00:00Z,2024-06-19T00:00:00Z,SDSF_1b,Xenlae,juvenile,20,5.9,NA,alive,no,Xenopus laevis,5217334,,50.768027777777775,2.7708055555555555,Heuvelland,West-Vlaanderen,flanders,"c(2.77080555555556, 50.7680277777778)",Big_pond_Eeuwenhout_bos_2024-06-18_2024-06-19,2024
1443-1,Big pond Eeuwenhout bos,2024-06-18T00:00:00Z,2024-06-19T00:00:00Z,SDSF_1b,Xenlae,juvenile,12,4.8,NA,alive,no,Xenopus laevis,5217334,,50.768027777777775,2.7708055555555555,Heuvelland,West-Vlaanderen,flanders,"c(2.77080555555556, 50.7680277777778)",Big_pond_Eeuwenhout_bos_2024-06-18_2024-06-19,2024
1444-1,Big pond Eeuwenhout bos,2024-06-18T00:00:00Z,2024-06-19T00:00:00Z,SDSF_1b,Xenlae,subadult,20,6.1,NA,alive,no,Xenopus laevis,5217334,,50.768027777777775,2.7708055555555555,Heuvelland,West-Vlaanderen,flanders,"c(2.77080555555556, 50.7680277777778)",Big_pond_Eeuwenhout_bos_2024-06-18_2024-06-19,2024
1445-1,Big pond Eeuwenhout bos,2024-06-18T00:00:00Z,2024-06-19T00:00:00Z,SDSF_1b,Xenlae,juvenile,18,5.9,NA,alive,no,Xenopus laevis,5217334,,50.768027777777775,2.7708055555555555,Heuvelland,West-Vlaanderen,flanders,"c(2.77080555555556, 50.7680277777778)",Big_pond_Eeuwenhout_bos_2024-06-18_2024-06-19,2024
1446-1,Big pond Eeuwenhout bos,2024-06-18T00:00:00Z,2024-06-19T00:00:00Z,SDSF_1b,Xenlae,juvenile,14,4.6,NA,alive,no,Xenopus laevis,5217334,,50.768027777777775,2.7708055555555555,Heuvelland,West-Vlaanderen,flanders,"c(2.77080555555556, 50.7680277777778)",Big_pond_Eeuwenhout_bos_2024-06-18_2024-06-19,2024
1447-1,Big pond Eeuwenhout bos,2024-06-18T00:00:00Z,2024-06-19T00:00:00Z,SDSF_1b,Xenlae,juvenile,10,4.4,NA,alive,no,Xenopus laevis,5217334,,50.768027777777775,2.7708055555555555,Heuvelland,West-Vlaanderen,flanders,"c(2.77080555555556, 50.7680277777778)",Big_pond_Eeuwenhout_bos_2024-06-18_2024-06-19,2024
1448-1,Big pond Eeuwenhout bos,2024-06-18T00:00:00Z,2024-06-19T00:00:00Z,SDSF_1b,Xenlae,juvenile,10,4.6,NA,alive,no,Xenopus laevis,5217334,,50.768027777777775,2.7708055555555555,Heuvelland,West-Vlaanderen,flanders,"c(2.77080555555556, 50.7680277777778)",Big_pond_Eeuwenhout_bos_2024-06-18_2024-06-19,2024
1449-1,Big pond Eeuwenhout bos,2024-06-18T00:00:00Z,2024-06-19T00:00:00Z,SDSF_2a,Xenlae,juvenile,20,5.8,NA,alive,no,Xenopus laevis,5217334,,50.768027777777775,2.7708055555555555,Heuvelland,West-Vlaanderen,flanders,"c(2.77080555555556, 50.7680277777778)",Big_pond_Eeuwenhout_bos_2024-06-18_2024-06-19,2024
1450-1,Big pond Eeuwenhout bos,2024-06-18T00:00:00Z,2024-06-19T00:00:00Z,SDSF_2a,Xenlae,subadult,26,7,NA,alive,no,Xenopus laevis,5217334,,50.768027777777775,2.7708055555555555,Heuvelland,West-Vlaanderen,flanders,"c(2.77080555555556, 50.7680277777778)",Big_pond_Eeuwenhout_bos_2024-06-18_2024-06-19,2024
1451-1,Big pond Eeuwenhout bos,2024-06-18T00:00:00Z,2024-06-19T00:00:00Z,SDSF_2a,Xenlae,subadult,24,6.3,NA,alive,no,Xenopus laevis,5217334,,50.768027777777775,2.7708055555555555,Heuvelland,West-Vlaanderen,flanders,"c(2.77080555555556, 50.7680277777778)",Big_pond_Eeuwenhout_bos_2024-06-18_2024-06-19,2024
1452-1,Big pond Eeuwenhout bos,2024-06-18T00:00:00Z,2024-06-19T00:00:00Z,SDSF_2a,Xenlae,juvenile,19,5.8,NA,alive,no,Xenopus laevis,5217334,,50.768027777777775,2.7708055555555555,Heuvelland,West-Vlaanderen,flanders,"c(2.77080555555556, 50.7680277777778)",Big_pond_Eeuwenhout_bos_2024-06-18_2024-06-19,2024
1453-1,Big pond Eeuwenhout bos,2024-06-18T00:00:00Z,2024-06-19T00:00:00Z,SDSF_2a,Xenlae,subadult,22,6.2,NA,alive,no,Xenopus laevis,5217334,,50.768027777777775,2.7708055555555555,Heuvelland,West-Vlaanderen,flanders,"c(2.77080555555556, 50.7680277777778)",Big_pond_Eeuwenhout_bos_2024-06-18_2024-06-19,2024
1454-1,Big pond Eeuwenhout bos,2024-06-18T00:00:00Z,2024-06-19T00:00:00Z,SDSF_2a,Xenlae,juvenile,26,NA,NA,dead,no,Xenopus laevis,5217334,,50.768027777777775,2.7708055555555555,Heuvelland,West-Vlaanderen,flanders,"c(2.77080555555556, 50.7680277777778)",Big_pond_Eeuwenhout_bos_2024-06-18_2024-06-19,2024
1457-1,Big pond Eeuwenhout bos,2024-06-18T00:00:00Z,2024-06-19T00:00:00Z,SDSF_2b,Xenlae,subadult,23,6.5,NA,alive,no,Xenopus laevis,5217334,,50.768027777777775,2.7708055555555555,Heuvelland,West-Vlaanderen,flanders,"c(2.77080555555556, 50.7680277777778)",Big_pond_Eeuwenhout_bos_2024-06-18_2024-06-19,2024
1458-1,Big pond Eeuwenhout bos,2024-06-18T00:00:00Z,2024-06-19T00:00:00Z,SDSF_2b,Xenlae,subadult,25,6.3,NA,alive,no,Xenopus laevis,5217334,,50.768027777777775,2.7708055555555555,Heuvelland,West-Vlaanderen,flanders,"c(2.77080555555556, 50.7680277777778)",Big_pond_Eeuwenhout_bos_2024-06-18_2024-06-19,2024
1459-1,Big pond Eeuwenhout bos,2024-06-18T00:00:00Z,2024-06-19T00:00:00Z,SDSF_2b,Xenlae,juvenile,17,5.4,NA,alive,no,Xenopus laevis,5217334,,50.768027777777775,2.7708055555555555,Heuvelland,West-Vlaanderen,flanders,"c(2.77080555555556, 50.7680277777778)",Big_pond_Eeuwenhout_bos_2024-06-18_2024-06-19,2024
1460-1,Big pond Eeuwenhout bos,2024-06-18T00:00:00Z,2024-06-19T00:00:00Z,SDSF_2b,Xenlae,subadult,26,6.5,NA,alive,no,Xenopus laevis,5217334,,50.768027777777775,2.7708055555555555,Heuvelland,West-Vlaanderen,flanders,"c(2.77080555555556, 50.7680277777778)",Big_pond_Eeuwenhout_bos_2024-06-18_2024-06-19,2024
1461-2,Big pond Eeuwenhout bos,2024-06-18T00:00:00Z,2024-06-19T00:00:00Z,SDSF_2b,Xenlae,subadult,23,6.5,NA,alive,no,Xenopus laevis,5217334,,50.768027777777775,2.7708055555555555,Heuvelland,West-Vlaanderen,flanders,"c(2.77080555555556, 50.7680277777778)",Big_pond_Eeuwenhout_bos_2024-06-18_2024-06-19,2024
1462-1,Big pond Eeuwenhout bos,2024-06-18T00:00:00Z,2024-06-19T00:00:00Z,SDSF_2b,Xenlae,juvenile,12,5,NA,alive,no,Xenopus laevis,5217334,,50.768027777777775,2.7708055555555555,Heuvelland,West-Vlaanderen,flanders,"c(2.77080555555556, 50.7680277777778)",Big_pond_Eeuwenhout_bos_2024-06-18_2024-06-19,2024
1463-1,Big pond Eeuwenhout bos,2024-06-18T00:00:00Z,2024-06-19T00:00:00Z,SDSF_2b,Xenlae,juvenile,19,5.9,NA,alive,no,Xenopus laevis,5217334,,50.768027777777775,2.7708055555555555,Heuvelland,West-Vlaanderen,flanders,"c(2.77080555555556, 50.7680277777778)",Big_pond_Eeuwenhout_bos_2024-06-18_2024-06-19,2024
1464-1,Big pond Eeuwenhout bos,2024-06-18T00:00:00Z,2024-06-19T00:00:00Z,SDSF_2b,Xenlae,subadult,21,6.1,NA,alive,no,Xenopus laevis,5217334,,50.768027777777775,2.7708055555555555,Heuvelland,West-Vlaanderen,flanders,"c(2.77080555555556, 50.7680277777778)",Big_pond_Eeuwenhout_bos_2024-06-18_2024-06-19,2024
1465-1,Big pond Eeuwenhout bos,2024-06-18T00:00:00Z,2024-06-19T00:00:00Z,SDSF_2b,Xenlae,juvenile,14,5.2,NA,alive,no,Xenopus laevis,5217334,,50.768027777777775,2.7708055555555555,Heuvelland,West-Vlaanderen,flanders,"c(2.77080555555556, 50.7680277777778)",Big_pond_Eeuwenhout_bos_2024-06-18_2024-06-19,2024
1469-1,Big pond Eeuwenhout bos,2024-06-18T00:00:00Z,2024-06-19T00:00:00Z,SDSF_3a,Xenlae,juvenile,18,5.7,NA,alive,no,Xenopus laevis,5217334,,50.768027777777775,2.7708055555555555,Heuvelland,West-Vlaanderen,flanders,"c(2.77080555555556, 50.7680277777778)",Big_pond_Eeuwenhout_bos_2024-06-18_2024-06-19,2024
1470-1,Big pond Eeuwenhout bos,2024-06-18T00:00:00Z,2024-06-19T00:00:00Z,SDSF_3a,Xenlae,subadult,24,6.3,NA,alive,no,Xenopus laevis,5217334,,50.768027777777775,2.7708055555555555,Heuvelland,West-Vlaanderen,flanders,"c(2.77080555555556, 50.7680277777778)",Big_pond_Eeuwenhout_bos_2024-06-18_2024-06-19,2024
1471-1,Big pond Eeuwenhout bos,2024-06-18T00:00:00Z,2024-06-19T00:00:00Z,SDSF_3a,Xenlae,subadult,27,6.5,NA,alive,no,Xenopus laevis,5217334,,50.768027777777775,2.7708055555555555,Heuvelland,West-Vlaanderen,flanders,"c(2.77080555555556, 50.7680277777778)",Big_pond_Eeuwenhout_bos_2024-06-18_2024-06-19,2024
1472-1,Big pond Eeuwenhout bos,2024-06-18T00:00:00Z,2024-06-19T00:00:00Z,SDSF_3a,Xenlae,subadult,28,6.9,NA,alive,no,Xenopus laevis,5217334,,50.768027777777775,2.7708055555555555,Heuvelland,West-Vlaanderen,flanders,"c(2.77080555555556, 50.7680277777778)",Big_pond_Eeuwenhout_bos_2024-06-18_2024-06-19,2024
1473-1,Big pond Eeuwenhout bos,2024-06-18T00:00:00Z,2024-06-19T00:00:00Z,SDSF_3a,Xenlae,subadult,23,6.4,NA,alive,no,Xenopus laevis,5217334,,50.768027777777775,2.7708055555555555,Heuvelland,West-Vlaanderen,flanders,"c(2.77080555555556, 50.7680277777778)",Big_pond_Eeuwenhout_bos_2024-06-18_2024-06-19,2024
1474-1,Big pond Eeuwenhout bos,2024-06-18T00:00:00Z,2024-06-19T00:00:00Z,SDSF_3a,Xenlae,subadult,23,6,NA,alive,no,Xenopus laevis,5217334,,50.768027777777775,2.7708055555555555,Heuvelland,West-Vlaanderen,flanders,"c(2.77080555555556, 50.7680277777778)",Big_pond_Eeuwenhout_bos_2024-06-18_2024-06-19,2024
1475-1,Big pond Eeuwenhout bos,2024-06-18T00:00:00Z,2024-06-19T00:00:00Z,SDSF_3a,Xenlae,juvenile,14,5.1,NA,alive,no,Xenopus laevis,5217334,,50.768027777777775,2.7708055555555555,Heuvelland,West-Vlaanderen,flanders,"c(2.77080555555556, 50.7680277777778)",Big_pond_Eeuwenhout_bos_2024-06-18_2024-06-19,2024
1476-1,Big pond Eeuwenhout bos,2024-06-18T00:00:00Z,2024-06-19T00:00:00Z,SDSF_3a,Xenlae,juvenile,14,5.2,NA,alive,no,Xenopus laevis,5217334,,50.768027777777775,2.7708055555555555,Heuvelland,West-Vlaanderen,flanders,"c(2.77080555555556, 50.7680277777778)",Big_pond_Eeuwenhout_bos_2024-06-18_2024-06-19,2024
1477-1,Big pond Eeuwenhout bos,2024-06-18T00:00:00Z,2024-06-19T00:00:00Z,SDSF_3a,Xenlae,juvenile,13,5.1,NA,alive,no,Xenopus laevis,5217334,,50.768027777777775,2.7708055555555555,Heuvelland,West-Vlaanderen,flanders,"c(2.77080555555556, 50.7680277777778)",Big_pond_Eeuwenhout_bos_2024-06-18_2024-06-19,2024
1478-1,Big pond Eeuwenhout bos,2024-06-18T00:00:00Z,2024-06-19T00:00:00Z,SDSF_3a,Xenlae,juvenile,16,5.6,NA,alive,no,Xenopus laevis,5217334,,50.768027777777775,2.7708055555555555,Heuvelland,West-Vlaanderen,flanders,"c(2.77080555555556, 50.7680277777778)",Big_pond_Eeuwenhout_bos_2024-06-18_2024-06-19,2024
1479-1,Big pond Eeuwenhout bos,2024-06-18T00:00:00Z,2024-06-19T00:00:00Z,SDSF_3a,Xenlae,juvenile,8,4.4,NA,alive,no,Xenopus laevis,5217334,,50.768027777777775,2.7708055555555555,Heuvelland,West-Vlaanderen,flanders,"c(2.77080555555556, 50.7680277777778)",Big_pond_Eeuwenhout_bos_2024-06-18_2024-06-19,2024
1480-1,Big pond Eeuwenhout bos,2024-06-18T00:00:00Z,2024-06-19T00:00:00Z,SDSF_3a,Xenlae,juvenile,14,5.3,NA,alive,no,Xenopus laevis,5217334,,50.768027777777775,2.7708055555555555,Heuvelland,West-Vlaanderen,flanders,"c(2.77080555555556, 50.7680277777778)",Big_pond_Eeuwenhout_bos_2024-06-18_2024-06-19,2024
1481-1,Big pond Eeuwenhout bos,2024-06-18T00:00:00Z,2024-06-19T00:00:00Z,SDSF_3a,Xenlae,juvenile,10,4.9,NA,alive,no,Xenopus laevis,5217334,,50.768027777777775,2.7708055555555555,Heuvelland,West-Vlaanderen,flanders,"c(2.77080555555556, 50.7680277777778)",Big_pond_Eeuwenhout_bos_2024-06-18_2024-06-19,2024
1484-1,Big pond Eeuwenhout bos,2024-06-18T00:00:00Z,2024-06-19T00:00:00Z,SDSF_3b,Xenlae,subadult,21,6.1,NA,alive,no,Xenopus laevis,5217334,,50.768027777777775,2.7708055555555555,Heuvelland,West-Vlaanderen,flanders,"c(2.77080555555556, 50.7680277777778)",Big_pond_Eeuwenhout_bos_2024-06-18_2024-06-19,2024
1485-1,Big pond Eeuwenhout bos,2024-06-18T00:00:00Z,2024-06-19T00:00:00Z,SDSF_3b,Xenlae,juvenile,20,5.6,NA,alive,no,Xenopus laevis,5217334,,50.768027777777775,2.7708055555555555,Heuvelland,West-Vlaanderen,flanders,"c(2.77080555555556, 50.7680277777778)",Big_pond_Eeuwenhout_bos_2024-06-18_2024-06-19,2024
1486-1,Big pond Eeuwenhout bos,2024-06-18T00:00:00Z,2024-06-19T00:00:00Z,SDSF_3b,Xenlae,subadult,28,6.8,NA,alive,no,Xenopus laevis,5217334,,50.768027777777775,2.7708055555555555,Heuvelland,West-Vlaanderen,flanders,"c(2.77080555555556, 50.7680277777778)",Big_pond_Eeuwenhout_bos_2024-06-18_2024-06-19,2024
1487-1,Big pond Eeuwenhout bos,2024-06-18T00:00:00Z,2024-06-19T00:00:00Z,SDSF_3b,Xenlae,juvenile,15,5.3,NA,alive,no,Xenopus laevis,5217334,,50.768027777777775,2.7708055555555555,Heuvelland,West-Vlaanderen,flanders,"c(2.77080555555556, 50.7680277777778)",Big_pond_Eeuwenhout_bos_2024-06-18_2024-06-19,2024
1491-1,Big pond Eeuwenhout bos,2024-06-18T00:00:00Z,2024-06-19T00:00:00Z,SDSF_4a,Xenlae,subadult,30,6.9,NA,alive,no,Xenopus laevis,5217334,,50.768027777777775,2.7708055555555555,Heuvelland,West-Vlaanderen,flanders,"c(2.77080555555556, 50.7680277777778)",Big_pond_Eeuwenhout_bos_2024-06-18_2024-06-19,2024
1492-1,Big pond Eeuwenhout bos,2024-06-18T00:00:00Z,2024-06-19T00:00:00Z,SDSF_4a,Xenlae,subadult,31,6.7,NA,alive,no,Xenopus laevis,5217334,,50.768027777777775,2.7708055555555555,Heuvelland,West-Vlaanderen,flanders,"c(2.77080555555556, 50.7680277777778)",Big_pond_Eeuwenhout_bos_2024-06-18_2024-06-19,2024
1493-1,Big pond Eeuwenhout bos,2024-06-18T00:00:00Z,2024-06-19T00:00:00Z,SDSF_4a,Xenlae,subadult,19,6.2,NA,alive,no,Xenopus laevis,5217334,,50.768027777777775,2.7708055555555555,Heuvelland,West-Vlaanderen,flanders,"c(2.77080555555556, 50.7680277777778)",Big_pond_Eeuwenhout_bos_2024-06-18_2024-06-19,2024
1494-1,Big pond Eeuwenhout bos,2024-06-18T00:00:00Z,2024-06-19T00:00:00Z,SDSF_4a,Xenlae,juvenile,14,5.3,NA,alive,no,Xenopus laevis,5217334,,50.768027777777775,2.7708055555555555,Heuvelland,West-Vlaanderen,flanders,"c(2.77080555555556, 50.7680277777778)",Big_pond_Eeuwenhout_bos_2024-06-18_2024-06-19,2024
1495-1,Big pond Eeuwenhout bos,2024-06-18T00:00:00Z,2024-06-19T00:00:00Z,SDSF_4a,Xenlae,subadult,24,6.1,NA,alive,no,Xenopus laevis,5217334,,50.768027777777775,2.7708055555555555,Heuvelland,West-Vlaanderen,flanders,"c(2.77080555555556, 50.7680277777778)",Big_pond_Eeuwenhout_bos_2024-06-18_2024-06-19,2024
1496-1,Big pond Eeuwenhout bos,2024-06-18T00:00:00Z,2024-06-19T00:00:00Z,SDSF_4a,Xenlae,juvenile,16,5.5,NA,alive,no,Xenopus laevis,5217334,,50.768027777777775,2.7708055555555555,Heuvelland,West-Vlaanderen,flanders,"c(2.77080555555556, 50.7680277777778)",Big_pond_Eeuwenhout_bos_2024-06-18_2024-06-19,2024
1497-1,Big pond Eeuwenhout bos,2024-06-18T00:00:00Z,2024-06-19T00:00:00Z,SDSF_4a,Xenlae,subadult,25,5.9,NA,alive,no,Xenopus laevis,5217334,,50.768027777777775,2.7708055555555555,Heuvelland,West-Vlaanderen,flanders,"c(2.77080555555556, 50.7680277777778)",Big_pond_Eeuwenhout_bos_2024-06-18_2024-06-19,2024
1498-2,Big pond Eeuwenhout bos,2024-06-18T00:00:00Z,2024-06-19T00:00:00Z,SDSF_4a,Xenlae,juvenile,16,5.5,NA,alive,no,Xenopus laevis,5217334,,50.768027777777775,2.7708055555555555,Heuvelland,West-Vlaanderen,flanders,"c(2.77080555555556, 50.7680277777778)",Big_pond_Eeuwenhout_bos_2024-06-18_2024-06-19,2024
1499-1,Big pond Eeuwenhout bos,2024-06-18T00:00:00Z,2024-06-19T00:00:00Z,SDSF_4a,Xenlae,juvenile,21,5.9,NA,alive,no,Xenopus laevis,5217334,,50.768027777777775,2.7708055555555555,Heuvelland,West-Vlaanderen,flanders,"c(2.77080555555556, 50.7680277777778)",Big_pond_Eeuwenhout_bos_2024-06-18_2024-06-19,2024
1500-1,Big pond Eeuwenhout bos,2024-06-18T00:00:00Z,2024-06-19T00:00:00Z,SDSF_4a,Xenlae,juvenile,14,5.1,NA,alive,no,Xenopus laevis,5217334,,50.768027777777775,2.7708055555555555,Heuvelland,West-Vlaanderen,flanders,"c(2.77080555555556, 50.7680277777778)",Big_pond_Eeuwenhout_bos_2024-06-18_2024-06-19,2024
1501-1,Big pond Eeuwenhout bos,2024-06-18T00:00:00Z,2024-06-19T00:00:00Z,SDSF_4a,Xenlae,juvenile,15,5.6,NA,alive,no,Xenopus laevis,5217334,,50.768027777777775,2.7708055555555555,Heuvelland,West-Vlaanderen,flanders,"c(2.77080555555556, 50.7680277777778)",Big_pond_Eeuwenhout_bos_2024-06-18_2024-06-19,2024
1502-2,Big pond Eeuwenhout bos,2024-06-18T00:00:00Z,2024-06-19T00:00:00Z,SDSF_4a,Xenlae,juvenile,14,5.1,NA,alive,no,Xenopus laevis,5217334,,50.768027777777775,2.7708055555555555,Heuvelland,West-Vlaanderen,flanders,"c(2.77080555555556, 50.7680277777778)",Big_pond_Eeuwenhout_bos_2024-06-18_2024-06-19,2024
1503-1,Big pond Eeuwenhout bos,2024-06-18T00:00:00Z,2024-06-19T00:00:00Z,SDSF_4a,Xenlae,subadult,24,6.2,NA,alive,no,Xenopus laevis,5217334,,50.768027777777775,2.7708055555555555,Heuvelland,West-Vlaanderen,flanders,"c(2.77080555555556, 50.7680277777778)",Big_pond_Eeuwenhout_bos_2024-06-18_2024-06-19,2024
1504-1,Big pond Eeuwenhout bos,2024-06-18T00:00:00Z,2024-06-19T00:00:00Z,SDSF_4a,Xenlae,juvenile,9,4.2,NA,alive,no,Xenopus laevis,5217334,,50.768027777777775,2.7708055555555555,Heuvelland,West-Vlaanderen,flanders,"c(2.77080555555556, 50.7680277777778)",Big_pond_Eeuwenhout_bos_2024-06-18_2024-06-19,2024
1505-1,Big pond Eeuwenhout bos,2024-06-18T00:00:00Z,2024-06-19T00:00:00Z,SDSF_4b,Xenlae,subadult,36,7,M,alive,no,Xenopus laevis,5217334,,50.768027777777775,2.7708055555555555,Heuvelland,West-Vlaanderen,flanders,"c(2.77080555555556, 50.7680277777778)",Big_pond_Eeuwenhout_bos_2024-06-18_2024-06-19,2024
1506-1,Big pond Eeuwenhout bos,2024-06-18T00:00:00Z,2024-06-19T00:00:00Z,SDSF_4b,Xenlae,juvenile,16,5.4,NA,alive,no,Xenopus laevis,5217334,,50.768027777777775,2.7708055555555555,Heuvelland,West-Vlaanderen,flanders,"c(2.77080555555556, 50.7680277777778)",Big_pond_Eeuwenhout_bos_2024-06-18_2024-06-19,2024
1507-1,Big pond Eeuwenhout bos,2024-06-18T00:00:00Z,2024-06-19T00:00:00Z,SDSF_4b,Xenlae,juvenile,16,5.3,NA,alive,no,Xenopus laevis,5217334,,50.768027777777775,2.7708055555555555,Heuvelland,West-Vlaanderen,flanders,"c(2.77080555555556, 50.7680277777778)",Big_pond_Eeuwenhout_bos_2024-06-18_2024-06-19,2024
1508-1,Big pond Eeuwenhout bos,2024-06-18T00:00:00Z,2024-06-19T00:00:00Z,SDSF_4b,Xenlae,juvenile,12,4.9,NA,alive,no,Xenopus laevis,5217334,,50.768027777777775,2.7708055555555555,Heuvelland,West-Vlaanderen,flanders,"c(2.77080555555556, 50.7680277777778)",Big_pond_Eeuwenhout_bos_2024-06-18_2024-06-19,2024
1509-1,Big pond Eeuwenhout bos,2024-06-18T00:00:00Z,2024-06-19T00:00:00Z,SDSF_4b,Xenlae,juvenile,14,5.3,NA,alive,no,Xenopus laevis,5217334,,50.768027777777775,2.7708055555555555,Heuvelland,West-Vlaanderen,flanders,"c(2.77080555555556, 50.7680277777778)",Big_pond_Eeuwenhout_bos_2024-06-18_2024-06-19,2024
1510-1,Big pond Eeuwenhout bos,2024-06-18T00:00:00Z,2024-06-19T00:00:00Z,SDSF_4b,Xenlae,juvenile,18,5.6,NA,alive,no,Xenopus laevis,5217334,,50.768027777777775,2.7708055555555555,Heuvelland,West-Vlaanderen,flanders,"c(2.77080555555556, 50.7680277777778)",Big_pond_Eeuwenhout_bos_2024-06-18_2024-06-19,2024
1511-1,Big pond Eeuwenhout bos,2024-06-18T00:00:00Z,2024-06-19T00:00:00Z,SDSF_4b,Xenlae,juvenile,10,4.8,NA,alive,no,Xenopus laevis,5217334,,50.768027777777775,2.7708055555555555,Heuvelland,West-Vlaanderen,flanders,"c(2.77080555555556, 50.7680277777778)",Big_pond_Eeuwenhout_bos_2024-06-18_2024-06-19,2024
1514-1,Big pond Eeuwenhout bos,2024-06-18T00:00:00Z,2024-06-19T00:00:00Z,SDSF_5b,Xenlae,subadult,26,6.5,NA,alive,no,Xenopus laevis,5217334,,50.768027777777775,2.7708055555555555,Heuvelland,West-Vlaanderen,flanders,"c(2.77080555555556, 50.7680277777778)",Big_pond_Eeuwenhout_bos_2024-06-18_2024-06-19,2024
1515-1,Big pond Eeuwenhout bos,2024-06-18T00:00:00Z,2024-06-19T00:00:00Z,SDSF_5b,Xenlae,juvenile,24,5.8,NA,alive,no,Xenopus laevis,5217334,,50.768027777777775,2.7708055555555555,Heuvelland,West-Vlaanderen,flanders,"c(2.77080555555556, 50.7680277777778)",Big_pond_Eeuwenhout_bos_2024-06-18_2024-06-19,2024
1516-1,Big pond Eeuwenhout bos,2024-06-18T00:00:00Z,2024-06-19T00:00:00Z,SDSF_5b,Xenlae,subadult,33,6.9,NA,alive,no,Xenopus laevis,5217334,,50.768027777777775,2.7708055555555555,Heuvelland,West-Vlaanderen,flanders,"c(2.77080555555556, 50.7680277777778)",Big_pond_Eeuwenhout_bos_2024-06-18_2024-06-19,2024
1517-1,Big pond Eeuwenhout bos,2024-06-18T00:00:00Z,2024-06-19T00:00:00Z,SDSF_5b,Xenlae,juvenile,12,5,NA,alive,no,Xenopus laevis,5217334,,50.768027777777775,2.7708055555555555,Heuvelland,West-Vlaanderen,flanders,"c(2.77080555555556, 50.7680277777778)",Big_pond_Eeuwenhout_bos_2024-06-18_2024-06-19,2024
1518-1,Big pond Eeuwenhout bos,2024-06-18T00:00:00Z,2024-06-19T00:00:00Z,SDSF_5b,Xenlae,juvenile,13,5.1,NA,alive,no,Xenopus laevis,5217334,,50.768027777777775,2.7708055555555555,Heuvelland,West-Vlaanderen,flanders,"c(2.77080555555556, 50.7680277777778)",Big_pond_Eeuwenhout_bos_2024-06-18_2024-06-19,2024
1519-1,Big pond Eeuwenhout bos,2024-06-18T00:00:00Z,2024-06-19T00:00:00Z,SDSF_5a,Xenlae,juvenile,19,5.7,NA,alive,no,Xenopus laevis,5217334,,50.768027777777775,2.7708055555555555,Heuvelland,West-Vlaanderen,flanders,"c(2.77080555555556, 50.7680277777778)",Big_pond_Eeuwenhout_bos_2024-06-18_2024-06-19,2024
1520-1,Big pond Eeuwenhout bos,2024-06-18T00:00:00Z,2024-06-19T00:00:00Z,SDSF_5a,Xenlae,subadult,36,6.9,M,alive,no,Xenopus laevis,5217334,,50.768027777777775,2.7708055555555555,Heuvelland,West-Vlaanderen,flanders,"c(2.77080555555556, 50.7680277777778)",Big_pond_Eeuwenhout_bos_2024-06-18_2024-06-19,2024
1521-1,Big pond Eeuwenhout bos,2024-06-18T00:00:00Z,2024-06-19T00:00:00Z,SDSF_5a,Xenlae,subadult,30,6.4,NA,alive,no,Xenopus laevis,5217334,,50.768027777777775,2.7708055555555555,Heuvelland,West-Vlaanderen,flanders,"c(2.77080555555556, 50.7680277777778)",Big_pond_Eeuwenhout_bos_2024-06-18_2024-06-19,2024
1522-1,Big pond Eeuwenhout bos,2024-06-18T00:00:00Z,2024-06-19T00:00:00Z,SDSF_5a,Xenlae,juvenile,24,NA,NA,alive,no,Xenopus laevis,5217334,,50.768027777777775,2.7708055555555555,Heuvelland,West-Vlaanderen,flanders,"c(2.77080555555556, 50.7680277777778)",Big_pond_Eeuwenhout_bos_2024-06-18_2024-06-19,2024
1524-1,Big pond Eeuwenhout bos,2024-06-18T00:00:00Z,2024-06-19T00:00:00Z,SDSF_6b,Xenlae,subadult,31,6.7,NA,alive,no,Xenopus laevis,5217334,,50.768027777777775,2.7708055555555555,Heuvelland,West-Vlaanderen,flanders,"c(2.77080555555556, 50.7680277777778)",Big_pond_Eeuwenhout_bos_2024-06-18_2024-06-19,2024
1525-1,Big pond Eeuwenhout bos,2024-06-18T00:00:00Z,2024-06-19T00:00:00Z,SDSF_6b,Xenlae,juvenile,16,5.6,NA,alive,no,Xenopus laevis,5217334,,50.768027777777775,2.7708055555555555,Heuvelland,West-Vlaanderen,flanders,"c(2.77080555555556, 50.7680277777778)",Big_pond_Eeuwenhout_bos_2024-06-18_2024-06-19,2024
1526-1,Big pond Eeuwenhout bos,2024-06-18T00:00:00Z,2024-06-19T00:00:00Z,SDSF_6b,Xenlae,subadult,25,6.5,NA,alive,no,Xenopus laevis,5217334,,50.768027777777775,2.7708055555555555,Heuvelland,West-Vlaanderen,flanders,"c(2.77080555555556, 50.7680277777778)",Big_pond_Eeuwenhout_bos_2024-06-18_2024-06-19,2024
1527-1,Big pond Eeuwenhout bos,2024-06-18T00:00:00Z,2024-06-19T00:00:00Z,SDSF_6a,Xenlae,juvenile,15,5.6,NA,alive,no,Xenopus laevis,5217334,,50.768027777777775,2.7708055555555555,Heuvelland,West-Vlaanderen,flanders,"c(2.77080555555556, 50.7680277777778)",Big_pond_Eeuwenhout_bos_2024-06-18_2024-06-19,2024
1528-1,Big pond Eeuwenhout bos,2024-06-18T00:00:00Z,2024-06-19T00:00:00Z,SDSF_6a,Xenlae,juvenile,9,4.4,NA,alive,no,Xenopus laevis,5217334,,50.768027777777775,2.7708055555555555,Heuvelland,West-Vlaanderen,flanders,"c(2.77080555555556, 50.7680277777778)",Big_pond_Eeuwenhout_bos_2024-06-18_2024-06-19,2024
1529-1,Big pond Eeuwenhout bos,2024-06-18T00:00:00Z,2024-06-19T00:00:00Z,SSSF_1,Xenlae,juvenile,15,5.2,NA,alive,no,Xenopus laevis,5217334,,50.768027777777775,2.7708055555555555,Heuvelland,West-Vlaanderen,flanders,"c(2.77080555555556, 50.7680277777778)",Big_pond_Eeuwenhout_bos_2024-06-18_2024-06-19,2024
1530-1,Big pond Eeuwenhout bos,2024-06-18T00:00:00Z,2024-06-19T00:00:00Z,SSSF_1,Xenlae,subadult,23,6.6,NA,alive,no,Xenopus laevis,5217334,,50.768027777777775,2.7708055555555555,Heuvelland,West-Vlaanderen,flanders,"c(2.77080555555556, 50.7680277777778)",Big_pond_Eeuwenhout_bos_2024-06-18_2024-06-19,2024
1531-1,Big pond Eeuwenhout bos,2024-06-18T00:00:00Z,2024-06-19T00:00:00Z,SSSF_1,Xenlae,juvenile,12,4.8,NA,alive,no,Xenopus laevis,5217334,,50.768027777777775,2.7708055555555555,Heuvelland,West-Vlaanderen,flanders,"c(2.77080555555556, 50.7680277777778)",Big_pond_Eeuwenhout_bos_2024-06-18_2024-06-19,2024
1535-1,Big pond Eeuwenhout bos,2024-06-18T00:00:00Z,2024-06-19T00:00:00Z,SSSF_4,Xenlae,juvenile,14,5.1,NA,alive,no,Xenopus laevis,5217334,,50.768027777777775,2.7708055555555555,Heuvelland,West-Vlaanderen,flanders,"c(2.77080555555556, 50.7680277777778)",Big_pond_Eeuwenhout_bos_2024-06-18_2024-06-19,2024
1537-1,Big pond Eeuwenhout bos,2024-06-18T00:00:00Z,2024-06-19T00:00:00Z,SSSF_5,Xenlae,subadult,25,6.4,NA,alive,no,Xenopus laevis,5217334,,50.768027777777775,2.7708055555555555,Heuvelland,West-Vlaanderen,flanders,"c(2.77080555555556, 50.7680277777778)",Big_pond_Eeuwenhout_bos_2024-06-18_2024-06-19,2024
1538-1,Big pond Eeuwenhout bos,2024-06-18T00:00:00Z,2024-06-19T00:00:00Z,SSSF_5,Xenlae,subadult,34,7.1,NA,alive,no,Xenopus laevis,5217334,,50.768027777777775,2.7708055555555555,Heuvelland,West-Vlaanderen,flanders,"c(2.77080555555556, 50.7680277777778)",Big_pond_Eeuwenhout_bos_2024-06-18_2024-06-19,2024
1539-1,Big pond Eeuwenhout bos,2024-06-18T00:00:00Z,2024-06-19T00:00:00Z,SSSF_5,Xenlae,subadult,25,6.5,NA,alive,no,Xenopus laevis,5217334,,50.768027777777775,2.7708055555555555,Heuvelland,West-Vlaanderen,flanders,"c(2.77080555555556, 50.7680277777778)",Big_pond_Eeuwenhout_bos_2024-06-18_2024-06-19,2024
1540-1,Big pond Eeuwenhout bos,2024-06-18T00:00:00Z,2024-06-19T00:00:00Z,SSSF_6,Xenlae,subadult,31,7.3,M,alive,no,Xenopus laevis,5217334,,50.768027777777775,2.7708055555555555,Heuvelland,West-Vlaanderen,flanders,"c(2.77080555555556, 50.7680277777778)",Big_pond_Eeuwenhout_bos_2024-06-18_2024-06-19,2024
1544-1,Big pond Eeuwenhout bos,2024-06-18T00:00:00Z,2024-06-19T00:00:00Z,BDSF_1,Xenlae,juvenile,17,5.6,NA,alive,no,Xenopus laevis,5217334,,50.768027777777775,2.7708055555555555,Heuvelland,West-Vlaanderen,flanders,"c(2.77080555555556, 50.7680277777778)",Big_pond_Eeuwenhout_bos_2024-06-18_2024-06-19,2024
1545-1,Big pond Eeuwenhout bos,2024-06-18T00:00:00Z,2024-06-19T00:00:00Z,BDSF_1,Xenlae,subadult,33,6.4,NA,alive,no,Xenopus laevis,5217334,,50.768027777777775,2.7708055555555555,Heuvelland,West-Vlaanderen,flanders,"c(2.77080555555556, 50.7680277777778)",Big_pond_Eeuwenhout_bos_2024-06-18_2024-06-19,2024
1546-1,Big pond Eeuwenhout bos,2024-06-18T00:00:00Z,2024-06-19T00:00:00Z,BDSF_1,Xenlae,subadult,25,6.2,NA,alive,no,Xenopus laevis,5217334,,50.768027777777775,2.7708055555555555,Heuvelland,West-Vlaanderen,flanders,"c(2.77080555555556, 50.7680277777778)",Big_pond_Eeuwenhout_bos_2024-06-18_2024-06-19,2024
1547-1,Big pond Eeuwenhout bos,2024-06-18T00:00:00Z,2024-06-19T00:00:00Z,BDSF_1,Xenlae,juvenile,17,5.4,NA,alive,no,Xenopus laevis,5217334,,50.768027777777775,2.7708055555555555,Heuvelland,West-Vlaanderen,flanders,"c(2.77080555555556, 50.7680277777778)",Big_pond_Eeuwenhout_bos_2024-06-18_2024-06-19,2024
1548-1,Big pond Eeuwenhout bos,2024-06-18T00:00:00Z,2024-06-19T00:00:00Z,BDSF_1,Xenlae,juvenile,16,5.2,NA,alive,no,Xenopus laevis,5217334,,50.768027777777775,2.7708055555555555,Heuvelland,West-Vlaanderen,flanders,"c(2.77080555555556, 50.7680277777778)",Big_pond_Eeuwenhout_bos_2024-06-18_2024-06-19,2024
1549-1,Big pond Eeuwenhout bos,2024-06-18T00:00:00Z,2024-06-19T00:00:00Z,BDSF_1,Xenlae,subadult,28,6.6,NA,alive,no,Xenopus laevis,5217334,,50.768027777777775,2.7708055555555555,Heuvelland,West-Vlaanderen,flanders,"c(2.77080555555556, 50.7680277777778)",Big_pond_Eeuwenhout_bos_2024-06-18_2024-06-19,2024
1550-1,Big pond Eeuwenhout bos,2024-06-18T00:00:00Z,2024-06-19T00:00:00Z,BDSF_1,Xenlae,subadult,27,6.3,NA,alive,no,Xenopus laevis,5217334,,50.768027777777775,2.7708055555555555,Heuvelland,West-Vlaanderen,flanders,"c(2.77080555555556, 50.7680277777778)",Big_pond_Eeuwenhout_bos_2024-06-18_2024-06-19,2024
1551-1,Big pond Eeuwenhout bos,2024-06-18T00:00:00Z,2024-06-19T00:00:00Z,BDSF_1,Xenlae,subadult,27,6.6,NA,alive,no,Xenopus laevis,5217334,,50.768027777777775,2.7708055555555555,Heuvelland,West-Vlaanderen,flanders,"c(2.77080555555556, 50.7680277777778)",Big_pond_Eeuwenhout_bos_2024-06-18_2024-06-19,2024
1552-1,Big pond Eeuwenhout bos,2024-06-18T00:00:00Z,2024-06-19T00:00:00Z,BDSF_1,Xenlae,juvenile,19,5.9,NA,alive,no,Xenopus laevis,5217334,,50.768027777777775,2.7708055555555555,Heuvelland,West-Vlaanderen,flanders,"c(2.77080555555556, 50.7680277777778)",Big_pond_Eeuwenhout_bos_2024-06-18_2024-06-19,2024
1553-1,Big pond Eeuwenhout bos,2024-06-18T00:00:00Z,2024-06-19T00:00:00Z,BDSF_1,Xenlae,subadult,23,6.1,NA,alive,no,Xenopus laevis,5217334,,50.768027777777775,2.7708055555555555,Heuvelland,West-Vlaanderen,flanders,"c(2.77080555555556, 50.7680277777778)",Big_pond_Eeuwenhout_bos_2024-06-18_2024-06-19,2024
1554-1,Big pond Eeuwenhout bos,2024-06-18T00:00:00Z,2024-06-19T00:00:00Z,BDSF_1,Xenlae,juvenile,16,5.5,NA,alive,no,Xenopus laevis,5217334,,50.768027777777775,2.7708055555555555,Heuvelland,West-Vlaanderen,flanders,"c(2.77080555555556, 50.7680277777778)",Big_pond_Eeuwenhout_bos_2024-06-18_2024-06-19,2024
1555-1,Big pond Eeuwenhout bos,2024-06-18T00:00:00Z,2024-06-19T00:00:00Z,BDSF_1,Xenlae,subadult,23,6.2,NA,alive,no,Xenopus laevis,5217334,,50.768027777777775,2.7708055555555555,Heuvelland,West-Vlaanderen,flanders,"c(2.77080555555556, 50.7680277777778)",Big_pond_Eeuwenhout_bos_2024-06-18_2024-06-19,2024
1556-1,Big pond Eeuwenhout bos,2024-06-18T00:00:00Z,2024-06-19T00:00:00Z,BDSF_1,Xenlae,subadult,24,6.1,NA,alive,no,Xenopus laevis,5217334,,50.768027777777775,2.7708055555555555,Heuvelland,West-Vlaanderen,flanders,"c(2.77080555555556, 50.7680277777778)",Big_pond_Eeuwenhout_bos_2024-06-18_2024-06-19,2024
1557-2,Big pond Eeuwenhout bos,2024-06-18T00:00:00Z,2024-06-19T00:00:00Z,BDSF_1,Xenlae,subadult,24,6.1,NA,alive,no,Xenopus laevis,5217334,,50.768027777777775,2.7708055555555555,Heuvelland,West-Vlaanderen,flanders,"c(2.77080555555556, 50.7680277777778)",Big_pond_Eeuwenhout_bos_2024-06-18_2024-06-19,2024
1558-1,Big pond Eeuwenhout bos,2024-06-18T00:00:00Z,2024-06-19T00:00:00Z,BDSF_1,Xenlae,juvenile,21,5.9,NA,alive,no,Xenopus laevis,5217334,,50.768027777777775,2.7708055555555555,Heuvelland,West-Vlaanderen,flanders,"c(2.77080555555556, 50.7680277777778)",Big_pond_Eeuwenhout_bos_2024-06-18_2024-06-19,2024
1559-1,Big pond Eeuwenhout bos,2024-06-18T00:00:00Z,2024-06-19T00:00:00Z,BDSF_1,Xenlae,subadult,21,6,NA,alive,no,Xenopus laevis,5217334,,50.768027777777775,2.7708055555555555,Heuvelland,West-Vlaanderen,flanders,"c(2.77080555555556, 50.7680277777778)",Big_pond_Eeuwenhout_bos_2024-06-18_2024-06-19,2024
1560-2,Big pond Eeuwenhout bos,2024-06-18T00:00:00Z,2024-06-19T00:00:00Z,BDSF_1,Xenlae,juvenile,17,5.6,NA,alive,no,Xenopus laevis,5217334,,50.768027777777775,2.7708055555555555,Heuvelland,West-Vlaanderen,flanders,"c(2.77080555555556, 50.7680277777778)",Big_pond_Eeuwenhout_bos_2024-06-18_2024-06-19,2024
1561-3,Big pond Eeuwenhout bos,2024-06-18T00:00:00Z,2024-06-19T00:00:00Z,BDSF_1,Xenlae,subadult,24,6.1,NA,alive,no,Xenopus laevis,5217334,,50.768027777777775,2.7708055555555555,Heuvelland,West-Vlaanderen,flanders,"c(2.77080555555556, 50.7680277777778)",Big_pond_Eeuwenhout_bos_2024-06-18_2024-06-19,2024
1562-1,Big pond Eeuwenhout bos,2024-06-18T00:00:00Z,2024-06-19T00:00:00Z,BDSF_1,Xenlae,juvenile,18,5.7,NA,alive,no,Xenopus laevis,5217334,,50.768027777777775,2.7708055555555555,Heuvelland,West-Vlaanderen,flanders,"c(2.77080555555556, 50.7680277777778)",Big_pond_Eeuwenhout_bos_2024-06-18_2024-06-19,2024
1563-1,Big pond Eeuwenhout bos,2024-06-18T00:00:00Z,2024-06-19T00:00:00Z,BDSF_1,Xenlae,subadult,31,6.8,NA,alive,no,Xenopus laevis,5217334,,50.768027777777775,2.7708055555555555,Heuvelland,West-Vlaanderen,flanders,"c(2.77080555555556, 50.7680277777778)",Big_pond_Eeuwenhout_bos_2024-06-18_2024-06-19,2024
1564-1,Big pond Eeuwenhout bos,2024-06-18T00:00:00Z,2024-06-19T00:00:00Z,BDSF_1,Xenlae,juvenile,19,5.5,NA,alive,no,Xenopus laevis,5217334,,50.768027777777775,2.7708055555555555,Heuvelland,West-Vlaanderen,flanders,"c(2.77080555555556, 50.7680277777778)",Big_pond_Eeuwenhout_bos_2024-06-18_2024-06-19,2024
1565-2,Big pond Eeuwenhout bos,2024-06-18T00:00:00Z,2024-06-19T00:00:00Z,BDSF_1,Xenlae,juvenile,19,5.9,NA,alive,no,Xenopus laevis,5217334,,50.768027777777775,2.7708055555555555,Heuvelland,West-Vlaanderen,flanders,"c(2.77080555555556, 50.7680277777778)",Big_pond_Eeuwenhout_bos_2024-06-18_2024-06-19,2024
1566-1,Big pond Eeuwenhout bos,2024-06-18T00:00:00Z,2024-06-19T00:00:00Z,BDSF_1,Xenlae,juvenile,16,5.4,NA,alive,no,Xenopus laevis,5217334,,50.768027777777775,2.7708055555555555,Heuvelland,West-Vlaanderen,flanders,"c(2.77080555555556, 50.7680277777778)",Big_pond_Eeuwenhout_bos_2024-06-18_2024-06-19,2024
1567-1,Big pond Eeuwenhout bos,2024-06-18T00:00:00Z,2024-06-19T00:00:00Z,BDSF_1,Xenlae,juvenile,12,5.3,NA,alive,no,Xenopus laevis,5217334,,50.768027777777775,2.7708055555555555,Heuvelland,West-Vlaanderen,flanders,"c(2.77080555555556, 50.7680277777778)",Big_pond_Eeuwenhout_bos_2024-06-18_2024-06-19,2024
1568-2,Big pond Eeuwenhout bos,2024-06-18T00:00:00Z,2024-06-19T00:00:00Z,BDSF_1,Xenlae,subadult,21,6,NA,alive,no,Xenopus laevis,5217334,,50.768027777777775,2.7708055555555555,Heuvelland,West-Vlaanderen,flanders,"c(2.77080555555556, 50.7680277777778)",Big_pond_Eeuwenhout_bos_2024-06-18_2024-06-19,2024
1569-1,Big pond Eeuwenhout bos,2024-06-18T00:00:00Z,2024-06-19T00:00:00Z,BDSF_1,Xenlae,subadult,23,6.6,NA,alive,no,Xenopus laevis,5217334,,50.768027777777775,2.7708055555555555,Heuvelland,West-Vlaanderen,flanders,"c(2.77080555555556, 50.7680277777778)",Big_pond_Eeuwenhout_bos_2024-06-18_2024-06-19,2024
1570-2,Big pond Eeuwenhout bos,2024-06-18T00:00:00Z,2024-06-19T00:00:00Z,BDSF_1,Xenlae,juvenile,16,5.2,NA,alive,no,Xenopus laevis,5217334,,50.768027777777775,2.7708055555555555,Heuvelland,West-Vlaanderen,flanders,"c(2.77080555555556, 50.7680277777778)",Big_pond_Eeuwenhout_bos_2024-06-18_2024-06-19,2024
1571-1,Big pond Eeuwenhout bos,2024-06-18T00:00:00Z,2024-06-19T00:00:00Z,BDSF_1,Xenlae,juvenile,14,5.6,NA,alive,no,Xenopus laevis,5217334,,50.768027777777775,2.7708055555555555,Heuvelland,West-Vlaanderen,flanders,"c(2.77080555555556, 50.7680277777778)",Big_pond_Eeuwenhout_bos_2024-06-18_2024-06-19,2024
1572-1,Big pond Eeuwenhout bos,2024-06-18T00:00:00Z,2024-06-19T00:00:00Z,BDSF_1,Xenlae,subadult,22,6.1,NA,alive,no,Xenopus laevis,5217334,,50.768027777777775,2.7708055555555555,Heuvelland,West-Vlaanderen,flanders,"c(2.77080555555556, 50.7680277777778)",Big_pond_Eeuwenhout_bos_2024-06-18_2024-06-19,2024
1573-1,Big pond Eeuwenhout bos,2024-06-18T00:00:00Z,2024-06-19T00:00:00Z,BDSF_1,Xenlae,juvenile,8,4.3,NA,alive,no,Xenopus laevis,5217334,,50.768027777777775,2.7708055555555555,Heuvelland,West-Vlaanderen,flanders,"c(2.77080555555556, 50.7680277777778)",Big_pond_Eeuwenhout_bos_2024-06-18_2024-06-19,2024
1574-1,Big pond Eeuwenhout bos,2024-06-18T00:00:00Z,2024-06-19T00:00:00Z,BDSF_1,Xenlae,juvenile,19,5.7,NA,alive,no,Xenopus laevis,5217334,,50.768027777777775,2.7708055555555555,Heuvelland,West-Vlaanderen,flanders,"c(2.77080555555556, 50.7680277777778)",Big_pond_Eeuwenhout_bos_2024-06-18_2024-06-19,2024
1575-1,Big pond Eeuwenhout bos,2024-06-18T00:00:00Z,2024-06-19T00:00:00Z,BDSF_1,Xenlae,subadult,28,6.5,NA,alive,no,Xenopus laevis,5217334,,50.768027777777775,2.7708055555555555,Heuvelland,West-Vlaanderen,flanders,"c(2.77080555555556, 50.7680277777778)",Big_pond_Eeuwenhout_bos_2024-06-18_2024-06-19,2024
1576-3,Big pond Eeuwenhout bos,2024-06-18T00:00:00Z,2024-06-19T00:00:00Z,BDSF_1,Xenlae,juvenile,17,5.6,NA,alive,no,Xenopus laevis,5217334,,50.768027777777775,2.7708055555555555,Heuvelland,West-Vlaanderen,flanders,"c(2.77080555555556, 50.7680277777778)",Big_pond_Eeuwenhout_bos_2024-06-18_2024-06-19,2024
1577-1,Big pond Eeuwenhout bos,2024-06-18T00:00:00Z,2024-06-19T00:00:00Z,BDSF_1,Xenlae,juvenile,14,5.2,NA,alive,no,Xenopus laevis,5217334,,50.768027777777775,2.7708055555555555,Heuvelland,West-Vlaanderen,flanders,"c(2.77080555555556, 50.7680277777778)",Big_pond_Eeuwenhout_bos_2024-06-18_2024-06-19,2024
1578-2,Big pond Eeuwenhout bos,2024-06-18T00:00:00Z,2024-06-19T00:00:00Z,BDSF_1,Xenlae,juvenile,14,5.2,NA,alive,no,Xenopus laevis,5217334,,50.768027777777775,2.7708055555555555,Heuvelland,West-Vlaanderen,flanders,"c(2.77080555555556, 50.7680277777778)",Big_pond_Eeuwenhout_bos_2024-06-18_2024-06-19,2024
1579-2,Big pond Eeuwenhout bos,2024-06-18T00:00:00Z,2024-06-19T00:00:00Z,BDSF_1,Xenlae,juvenile,18,5.7,NA,alive,no,Xenopus laevis,5217334,,50.768027777777775,2.7708055555555555,Heuvelland,West-Vlaanderen,flanders,"c(2.77080555555556, 50.7680277777778)",Big_pond_Eeuwenhout_bos_2024-06-18_2024-06-19,2024
1580-1,Big pond Eeuwenhout bos,2024-06-18T00:00:00Z,2024-06-19T00:00:00Z,BDSF_1,Xenlae,juvenile,20,5.6,NA,alive,no,Xenopus laevis,5217334,,50.768027777777775,2.7708055555555555,Heuvelland,West-Vlaanderen,flanders,"c(2.77080555555556, 50.7680277777778)",Big_pond_Eeuwenhout_bos_2024-06-18_2024-06-19,2024
1581-1,Big pond Eeuwenhout bos,2024-06-18T00:00:00Z,2024-06-19T00:00:00Z,BDSF_1,Xenlae,juvenile,15,5.8,NA,alive,no,Xenopus laevis,5217334,,50.768027777777775,2.7708055555555555,Heuvelland,West-Vlaanderen,flanders,"c(2.77080555555556, 50.7680277777778)",Big_pond_Eeuwenhout_bos_2024-06-18_2024-06-19,2024
1582-1,Big pond Eeuwenhout bos,2024-06-18T00:00:00Z,2024-06-19T00:00:00Z,BDSF_1,Xenlae,juvenile,18,5.6,NA,alive,no,Xenopus laevis,5217334,,50.768027777777775,2.7708055555555555,Heuvelland,West-Vlaanderen,flanders,"c(2.77080555555556, 50.7680277777778)",Big_pond_Eeuwenhout_bos_2024-06-18_2024-06-19,2024
1583-2,Big pond Eeuwenhout bos,2024-06-18T00:00:00Z,2024-06-19T00:00:00Z,BDSF_1,Xenlae,subadult,23,6.1,NA,alive,no,Xenopus laevis,5217334,,50.768027777777775,2.7708055555555555,Heuvelland,West-Vlaanderen,flanders,"c(2.77080555555556, 50.7680277777778)",Big_pond_Eeuwenhout_bos_2024-06-18_2024-06-19,2024
1584-1,Big pond Eeuwenhout bos,2024-06-18T00:00:00Z,2024-06-19T00:00:00Z,BDSF_1,Xenlae,juvenile,14,5,NA,alive,no,Xenopus laevis,5217334,,50.768027777777775,2.7708055555555555,Heuvelland,West-Vlaanderen,flanders,"c(2.77080555555556, 50.7680277777778)",Big_pond_Eeuwenhout_bos_2024-06-18_2024-06-19,2024
1585-1,Big pond Eeuwenhout bos,2024-06-18T00:00:00Z,2024-06-19T00:00:00Z,BDSF_1,Xenlae,subadult,24,6.2,NA,alive,no,Xenopus laevis,5217334,,50.768027777777775,2.7708055555555555,Heuvelland,West-Vlaanderen,flanders,"c(2.77080555555556, 50.7680277777778)",Big_pond_Eeuwenhout_bos_2024-06-18_2024-06-19,2024
1586-1,Big pond Eeuwenhout bos,2024-06-18T00:00:00Z,2024-06-19T00:00:00Z,BDSF_1,Xenlae,juvenile,15,5.4,NA,alive,no,Xenopus laevis,5217334,,50.768027777777775,2.7708055555555555,Heuvelland,West-Vlaanderen,flanders,"c(2.77080555555556, 50.7680277777778)",Big_pond_Eeuwenhout_bos_2024-06-18_2024-06-19,2024
1587-2,Big pond Eeuwenhout bos,2024-06-18T00:00:00Z,2024-06-19T00:00:00Z,BDSF_1,Xenlae,juvenile,19,5.7,NA,alive,no,Xenopus laevis,5217334,,50.768027777777775,2.7708055555555555,Heuvelland,West-Vlaanderen,flanders,"c(2.77080555555556, 50.7680277777778)",Big_pond_Eeuwenhout_bos_2024-06-18_2024-06-19,2024
1588-2,Big pond Eeuwenhout bos,2024-06-18T00:00:00Z,2024-06-19T00:00:00Z,BDSF_1,Xenlae,juvenile,16,5.4,NA,alive,no,Xenopus laevis,5217334,,50.768027777777775,2.7708055555555555,Heuvelland,West-Vlaanderen,flanders,"c(2.77080555555556, 50.7680277777778)",Big_pond_Eeuwenhout_bos_2024-06-18_2024-06-19,2024
1589-1,Big pond Eeuwenhout bos,2024-06-18T00:00:00Z,2024-06-19T00:00:00Z,BDSF_1,Xenlae,subadult,20,6.1,NA,alive,no,Xenopus laevis,5217334,,50.768027777777775,2.7708055555555555,Heuvelland,West-Vlaanderen,flanders,"c(2.77080555555556, 50.7680277777778)",Big_pond_Eeuwenhout_bos_2024-06-18_2024-06-19,2024
1590-1,Big pond Eeuwenhout bos,2024-06-18T00:00:00Z,2024-06-19T00:00:00Z,BDSF_1,Xenlae,juvenile,18,5.9,NA,alive,no,Xenopus laevis,5217334,,50.768027777777775,2.7708055555555555,Heuvelland,West-Vlaanderen,flanders,"c(2.77080555555556, 50.7680277777778)",Big_pond_Eeuwenhout_bos_2024-06-18_2024-06-19,2024
1591-1,Big pond Eeuwenhout bos,2024-06-18T00:00:00Z,2024-06-19T00:00:00Z,BDSF_1,Xenlae,juvenile,12,4.7,NA,alive,no,Xenopus laevis,5217334,,50.768027777777775,2.7708055555555555,Heuvelland,West-Vlaanderen,flanders,"c(2.77080555555556, 50.7680277777778)",Big_pond_Eeuwenhout_bos_2024-06-18_2024-06-19,2024
1592-1,Big pond Eeuwenhout bos,2024-06-18T00:00:00Z,2024-06-19T00:00:00Z,BDSF_1,Xenlae,juvenile,11,4.6,NA,alive,no,Xenopus laevis,5217334,,50.768027777777775,2.7708055555555555,Heuvelland,West-Vlaanderen,flanders,"c(2.77080555555556, 50.7680277777778)",Big_pond_Eeuwenhout_bos_2024-06-18_2024-06-19,2024
1593-1,Big pond Eeuwenhout bos,2024-06-18T00:00:00Z,2024-06-19T00:00:00Z,BDSF_1,Xenlae,juvenile,12,4.9,NA,alive,no,Xenopus laevis,5217334,,50.768027777777775,2.7708055555555555,Heuvelland,West-Vlaanderen,flanders,"c(2.77080555555556, 50.7680277777778)",Big_pond_Eeuwenhout_bos_2024-06-18_2024-06-19,2024
1594-2,Big pond Eeuwenhout bos,2024-06-18T00:00:00Z,2024-06-19T00:00:00Z,BDSF_1,Xenlae,juvenile,15,5.4,NA,alive,no,Xenopus laevis,5217334,,50.768027777777775,2.7708055555555555,Heuvelland,West-Vlaanderen,flanders,"c(2.77080555555556, 50.7680277777778)",Big_pond_Eeuwenhout_bos_2024-06-18_2024-06-19,2024
1596-1,Big pond Eeuwenhout bos,2024-06-18T00:00:00Z,2024-06-19T00:00:00Z,BDSF_2,Xenlae,juvenile,21,5.7,NA,alive,no,Xenopus laevis,5217334,,50.768027777777775,2.7708055555555555,Heuvelland,West-Vlaanderen,flanders,"c(2.77080555555556, 50.7680277777778)",Big_pond_Eeuwenhout_bos_2024-06-18_2024-06-19,2024
1597-1,Big pond Eeuwenhout bos,2024-06-18T00:00:00Z,2024-06-19T00:00:00Z,BDSF_2,Xenlae,subadult,26,6.6,NA,alive,no,Xenopus laevis,5217334,,50.768027777777775,2.7708055555555555,Heuvelland,West-Vlaanderen,flanders,"c(2.77080555555556, 50.7680277777778)",Big_pond_Eeuwenhout_bos_2024-06-18_2024-06-19,2024
1598-1,Big pond Eeuwenhout bos,2024-06-18T00:00:00Z,2024-06-19T00:00:00Z,BDSF_2,Xenlae,subadult,21,6.3,NA,alive,no,Xenopus laevis,5217334,,50.768027777777775,2.7708055555555555,Heuvelland,West-Vlaanderen,flanders,"c(2.77080555555556, 50.7680277777778)",Big_pond_Eeuwenhout_bos_2024-06-18_2024-06-19,2024
1599-1,Big pond Eeuwenhout bos,2024-06-18T00:00:00Z,2024-06-19T00:00:00Z,BDSF_2,Xenlae,juvenile,19,5.7,NA,alive,no,Xenopus laevis,5217334,,50.768027777777775,2.7708055555555555,Heuvelland,West-Vlaanderen,flanders,"c(2.77080555555556, 50.7680277777778)",Big_pond_Eeuwenhout_bos_2024-06-18_2024-06-19,2024
1600-1,Big pond Eeuwenhout bos,2024-06-18T00:00:00Z,2024-06-19T00:00:00Z,BDSF_2,Xenlae,juvenile,6,4.1,NA,alive,no,Xenopus laevis,5217334,,50.768027777777775,2.7708055555555555,Heuvelland,West-Vlaanderen,flanders,"c(2.77080555555556, 50.7680277777778)",Big_pond_Eeuwenhout_bos_2024-06-18_2024-06-19,2024
1603-1,Big pond Eeuwenhout bos,2024-06-18T00:00:00Z,2024-06-19T00:00:00Z,BDSF_3,Xenlae,juvenile,13,5,NA,alive,no,Xenopus laevis,5217334,,50.768027777777775,2.7708055555555555,Heuvelland,West-Vlaanderen,flanders,"c(2.77080555555556, 50.7680277777778)",Big_pond_Eeuwenhout_bos_2024-06-18_2024-06-19,2024
1608-1,Big pond Eeuwenhout bos,2024-06-19T00:00:00Z,2024-06-20T00:00:00Z,SDSF_1a,Xenlae,juvenile,7,4.2,NA,alive,no,Xenopus laevis,5217334,,50.768027777777775,2.7708055555555555,Heuvelland,West-Vlaanderen,flanders,"c(2.77080555555556, 50.7680277777778)",Big_pond_Eeuwenhout_bos_2024-06-19_2024-06-20,2024
1609-1,Big pond Eeuwenhout bos,2024-06-19T00:00:00Z,2024-06-20T00:00:00Z,SDSF_1a,Xenlae,subadult,21,6,NA,alive,no,Xenopus laevis,5217334,,50.768027777777775,2.7708055555555555,Heuvelland,West-Vlaanderen,flanders,"c(2.77080555555556, 50.7680277777778)",Big_pond_Eeuwenhout_bos_2024-06-19_2024-06-20,2024
1610-1,Big pond Eeuwenhout bos,2024-06-19T00:00:00Z,2024-06-20T00:00:00Z,SDSF_1a,Xenlae,subadult,26,5.9,NA,alive,no,Xenopus laevis,5217334,,50.768027777777775,2.7708055555555555,Heuvelland,West-Vlaanderen,flanders,"c(2.77080555555556, 50.7680277777778)",Big_pond_Eeuwenhout_bos_2024-06-19_2024-06-20,2024
1611-1,Big pond Eeuwenhout bos,2024-06-19T00:00:00Z,2024-06-20T00:00:00Z,SDSF_1a,Xenlae,juvenile,12,5,NA,alive,no,Xenopus laevis,5217334,,50.768027777777775,2.7708055555555555,Heuvelland,West-Vlaanderen,flanders,"c(2.77080555555556, 50.7680277777778)",Big_pond_Eeuwenhout_bos_2024-06-19_2024-06-20,2024
1612-2,Big pond Eeuwenhout bos,2024-06-19T00:00:00Z,2024-06-20T00:00:00Z,SDSF_1a,Xenlae,juvenile,12,5,NA,alive,no,Xenopus laevis,5217334,,50.768027777777775,2.7708055555555555,Heuvelland,West-Vlaanderen,flanders,"c(2.77080555555556, 50.7680277777778)",Big_pond_Eeuwenhout_bos_2024-06-19_2024-06-20,2024
1613-1,Big pond Eeuwenhout bos,2024-06-19T00:00:00Z,2024-06-20T00:00:00Z,SDSF_1a,Xenlae,juvenile,11,4.7,NA,alive,no,Xenopus laevis,5217334,,50.768027777777775,2.7708055555555555,Heuvelland,West-Vlaanderen,flanders,"c(2.77080555555556, 50.7680277777778)",Big_pond_Eeuwenhout_bos_2024-06-19_2024-06-20,2024
1614-1,Big pond Eeuwenhout bos,2024-06-19T00:00:00Z,2024-06-20T00:00:00Z,SDSF_1a,Xenlae,juvenile,16,5.5,NA,alive,no,Xenopus laevis,5217334,,50.768027777777775,2.7708055555555555,Heuvelland,West-Vlaanderen,flanders,"c(2.77080555555556, 50.7680277777778)",Big_pond_Eeuwenhout_bos_2024-06-19_2024-06-20,2024
1615-1,Big pond Eeuwenhout bos,2024-06-19T00:00:00Z,2024-06-20T00:00:00Z,SDSF_1a,Xenlae,juvenile,17,5.4,NA,alive,no,Xenopus laevis,5217334,,50.768027777777775,2.7708055555555555,Heuvelland,West-Vlaanderen,flanders,"c(2.77080555555556, 50.7680277777778)",Big_pond_Eeuwenhout_bos_2024-06-19_2024-06-20,2024
1616-1,Big pond Eeuwenhout bos,2024-06-19T00:00:00Z,2024-06-20T00:00:00Z,SDSF_1a,Xenlae,juvenile,13,5,NA,alive,no,Xenopus laevis,5217334,,50.768027777777775,2.7708055555555555,Heuvelland,West-Vlaanderen,flanders,"c(2.77080555555556, 50.7680277777778)",Big_pond_Eeuwenhout_bos_2024-06-19_2024-06-20,2024
1619-1,Big pond Eeuwenhout bos,2024-06-19T00:00:00Z,2024-06-20T00:00:00Z,SDSF_1b,Xenlae,juvenile,7,4.5,NA,alive,no,Xenopus laevis,5217334,,50.768027777777775,2.7708055555555555,Heuvelland,West-Vlaanderen,flanders,"c(2.77080555555556, 50.7680277777778)",Big_pond_Eeuwenhout_bos_2024-06-19_2024-06-20,2024
1620-1,Big pond Eeuwenhout bos,2024-06-19T00:00:00Z,2024-06-20T00:00:00Z,SDSF_1b,Xenlae,juvenile,8,4.4,NA,alive,no,Xenopus laevis,5217334,,50.768027777777775,2.7708055555555555,Heuvelland,West-Vlaanderen,flanders,"c(2.77080555555556, 50.7680277777778)",Big_pond_Eeuwenhout_bos_2024-06-19_2024-06-20,2024
1621-1,Big pond Eeuwenhout bos,2024-06-19T00:00:00Z,2024-06-20T00:00:00Z,SDSF_1b,Xenlae,subadult,30,7,NA,alive,no,Xenopus laevis,5217334,,50.768027777777775,2.7708055555555555,Heuvelland,West-Vlaanderen,flanders,"c(2.77080555555556, 50.7680277777778)",Big_pond_Eeuwenhout_bos_2024-06-19_2024-06-20,2024
1622-1,Big pond Eeuwenhout bos,2024-06-19T00:00:00Z,2024-06-20T00:00:00Z,SDSF_1b,Xenlae,subadult,27,6.6,NA,alive,no,Xenopus laevis,5217334,,50.768027777777775,2.7708055555555555,Heuvelland,West-Vlaanderen,flanders,"c(2.77080555555556, 50.7680277777778)",Big_pond_Eeuwenhout_bos_2024-06-19_2024-06-20,2024
1623-1,Big pond Eeuwenhout bos,2024-06-19T00:00:00Z,2024-06-20T00:00:00Z,SDSF_1b,Xenlae,juvenile,16,5.7,NA,alive,no,Xenopus laevis,5217334,,50.768027777777775,2.7708055555555555,Heuvelland,West-Vlaanderen,flanders,"c(2.77080555555556, 50.7680277777778)",Big_pond_Eeuwenhout_bos_2024-06-19_2024-06-20,2024
1624-1,Big pond Eeuwenhout bos,2024-06-19T00:00:00Z,2024-06-20T00:00:00Z,SDSF_1b,Xenlae,juvenile,13,5.1,NA,alive,no,Xenopus laevis,5217334,,50.768027777777775,2.7708055555555555,Heuvelland,West-Vlaanderen,flanders,"c(2.77080555555556, 50.7680277777778)",Big_pond_Eeuwenhout_bos_2024-06-19_2024-06-20,2024
1627-1,Big pond Eeuwenhout bos,2024-06-19T00:00:00Z,2024-06-20T00:00:00Z,SDSF_2a,Xenlae,juvenile,9,4.6,NA,alive,no,Xenopus laevis,5217334,,50.768027777777775,2.7708055555555555,Heuvelland,West-Vlaanderen,flanders,"c(2.77080555555556, 50.7680277777778)",Big_pond_Eeuwenhout_bos_2024-06-19_2024-06-20,2024
1633-1,Big pond Eeuwenhout bos,2024-06-19T00:00:00Z,2024-06-20T00:00:00Z,SDSF_3a,Xenlae,juvenile,10,5,NA,alive,no,Xenopus laevis,5217334,,50.768027777777775,2.7708055555555555,Heuvelland,West-Vlaanderen,flanders,"c(2.77080555555556, 50.7680277777778)",Big_pond_Eeuwenhout_bos_2024-06-19_2024-06-20,2024
1634-1,Big pond Eeuwenhout bos,2024-06-19T00:00:00Z,2024-06-20T00:00:00Z,SDSF_3a,Xenlae,juvenile,8,4.6,NA,alive,no,Xenopus laevis,5217334,,50.768027777777775,2.7708055555555555,Heuvelland,West-Vlaanderen,flanders,"c(2.77080555555556, 50.7680277777778)",Big_pond_Eeuwenhout_bos_2024-06-19_2024-06-20,2024
1635-1,Big pond Eeuwenhout bos,2024-06-19T00:00:00Z,2024-06-20T00:00:00Z,SDSF_3b,Xenlae,juvenile,11,5.4,NA,alive,no,Xenopus laevis,5217334,,50.768027777777775,2.7708055555555555,Heuvelland,West-Vlaanderen,flanders,"c(2.77080555555556, 50.7680277777778)",Big_pond_Eeuwenhout_bos_2024-06-19_2024-06-20,2024
1642-1,Big pond Eeuwenhout bos,2024-06-19T00:00:00Z,2024-06-20T00:00:00Z,SDSF_4a,Xenlae,juvenile,15,5.3,NA,alive,no,Xenopus laevis,5217334,,50.768027777777775,2.7708055555555555,Heuvelland,West-Vlaanderen,flanders,"c(2.77080555555556, 50.7680277777778)",Big_pond_Eeuwenhout_bos_2024-06-19_2024-06-20,2024
1643-1,Big pond Eeuwenhout bos,2024-06-19T00:00:00Z,2024-06-20T00:00:00Z,SDSF_4a,Xenlae,juvenile,12,5.2,NA,alive,no,Xenopus laevis,5217334,,50.768027777777775,2.7708055555555555,Heuvelland,West-Vlaanderen,flanders,"c(2.77080555555556, 50.7680277777778)",Big_pond_Eeuwenhout_bos_2024-06-19_2024-06-20,2024
1648-1,Big pond Eeuwenhout bos,2024-06-19T00:00:00Z,2024-06-20T00:00:00Z,SDSF_4b,Xenlae,subadult,30,7.3,M,alive,no,Xenopus laevis,5217334,,50.768027777777775,2.7708055555555555,Heuvelland,West-Vlaanderen,flanders,"c(2.77080555555556, 50.7680277777778)",Big_pond_Eeuwenhout_bos_2024-06-19_2024-06-20,2024
1649-1,Big pond Eeuwenhout bos,2024-06-19T00:00:00Z,2024-06-20T00:00:00Z,SDSF_4b,Xenlae,subadult,32,6.7,F,alive,no,Xenopus laevis,5217334,,50.768027777777775,2.7708055555555555,Heuvelland,West-Vlaanderen,flanders,"c(2.77080555555556, 50.7680277777778)",Big_pond_Eeuwenhout_bos_2024-06-19_2024-06-20,2024
1650-1,Big pond Eeuwenhout bos,2024-06-19T00:00:00Z,2024-06-20T00:00:00Z,SDSF_4b,Xenlae,subadult,28,6.7,M,alive,no,Xenopus laevis,5217334,,50.768027777777775,2.7708055555555555,Heuvelland,West-Vlaanderen,flanders,"c(2.77080555555556, 50.7680277777778)",Big_pond_Eeuwenhout_bos_2024-06-19_2024-06-20,2024
1651-1,Big pond Eeuwenhout bos,2024-06-19T00:00:00Z,2024-06-20T00:00:00Z,SDSF_4b,Xenlae,juvenile,16,5.7,NA,alive,no,Xenopus laevis,5217334,,50.768027777777775,2.7708055555555555,Heuvelland,West-Vlaanderen,flanders,"c(2.77080555555556, 50.7680277777778)",Big_pond_Eeuwenhout_bos_2024-06-19_2024-06-20,2024
1652-1,Big pond Eeuwenhout bos,2024-06-19T00:00:00Z,2024-06-20T00:00:00Z,SDSF_4b,Xenlae,juvenile,8,5,NA,alive,no,Xenopus laevis,5217334,,50.768027777777775,2.7708055555555555,Heuvelland,West-Vlaanderen,flanders,"c(2.77080555555556, 50.7680277777778)",Big_pond_Eeuwenhout_bos_2024-06-19_2024-06-20,2024
1655-1,Big pond Eeuwenhout bos,2024-06-19T00:00:00Z,2024-06-20T00:00:00Z,SDSF_5b,Xenlae,juvenile,19,5.9,NA,alive,no,Xenopus laevis,5217334,,50.768027777777775,2.7708055555555555,Heuvelland,West-Vlaanderen,flanders,"c(2.77080555555556, 50.7680277777778)",Big_pond_Eeuwenhout_bos_2024-06-19_2024-06-20,2024
1656-1,Big pond Eeuwenhout bos,2024-06-19T00:00:00Z,2024-06-20T00:00:00Z,SDSF_5b,Xenlae,juvenile,11,4.8,NA,alive,no,Xenopus laevis,5217334,,50.768027777777775,2.7708055555555555,Heuvelland,West-Vlaanderen,flanders,"c(2.77080555555556, 50.7680277777778)",Big_pond_Eeuwenhout_bos_2024-06-19_2024-06-20,2024
1657-1,Big pond Eeuwenhout bos,2024-06-19T00:00:00Z,2024-06-20T00:00:00Z,SDSF_5b,Xenlae,juvenile,18,5.6,NA,alive,no,Xenopus laevis,5217334,,50.768027777777775,2.7708055555555555,Heuvelland,West-Vlaanderen,flanders,"c(2.77080555555556, 50.7680277777778)",Big_pond_Eeuwenhout_bos_2024-06-19_2024-06-20,2024
1662-1,Big pond Eeuwenhout bos,2024-06-19T00:00:00Z,2024-06-20T00:00:00Z,SDSF_5a,Xenlae,juvenile,16,5.7,NA,alive,no,Xenopus laevis,5217334,,50.768027777777775,2.7708055555555555,Heuvelland,West-Vlaanderen,flanders,"c(2.77080555555556, 50.7680277777778)",Big_pond_Eeuwenhout_bos_2024-06-19_2024-06-20,2024
1665-1,Big pond Eeuwenhout bos,2024-06-19T00:00:00Z,2024-06-20T00:00:00Z,SDSF_6b,Xenlae,juvenile,16,5.3,NA,alive,no,Xenopus laevis,5217334,,50.768027777777775,2.7708055555555555,Heuvelland,West-Vlaanderen,flanders,"c(2.77080555555556, 50.7680277777778)",Big_pond_Eeuwenhout_bos_2024-06-19_2024-06-20,2024
1669-1,Big pond Eeuwenhout bos,2024-06-19T00:00:00Z,2024-06-20T00:00:00Z,SDSF_6a,Xenlae,juvenile,11,5,NA,alive,no,Xenopus laevis,5217334,,50.768027777777775,2.7708055555555555,Heuvelland,West-Vlaanderen,flanders,"c(2.77080555555556, 50.7680277777778)",Big_pond_Eeuwenhout_bos_2024-06-19_2024-06-20,2024
1670-1,Big pond Eeuwenhout bos,2024-06-19T00:00:00Z,2024-06-20T00:00:00Z,SDSF_6a,Xenlae,juvenile,18,5.6,NA,alive,no,Xenopus laevis,5217334,,50.768027777777775,2.7708055555555555,Heuvelland,West-Vlaanderen,flanders,"c(2.77080555555556, 50.7680277777778)",Big_pond_Eeuwenhout_bos_2024-06-19_2024-06-20,2024
1671-1,Big pond Eeuwenhout bos,2024-06-19T00:00:00Z,2024-06-20T00:00:00Z,SDSF_6a,Xenlae,juvenile,17,5.7,NA,alive,no,Xenopus laevis,5217334,,50.768027777777775,2.7708055555555555,Heuvelland,West-Vlaanderen,flanders,"c(2.77080555555556, 50.7680277777778)",Big_pond_Eeuwenhout_bos_2024-06-19_2024-06-20,2024
1672-1,Big pond Eeuwenhout bos,2024-06-19T00:00:00Z,2024-06-20T00:00:00Z,SDSF_6a,Xenlae,juvenile,14,5.3,NA,alive,no,Xenopus laevis,5217334,,50.768027777777775,2.7708055555555555,Heuvelland,West-Vlaanderen,flanders,"c(2.77080555555556, 50.7680277777778)",Big_pond_Eeuwenhout_bos_2024-06-19_2024-06-20,2024
1673-1,Big pond Eeuwenhout bos,2024-06-19T00:00:00Z,2024-06-20T00:00:00Z,SDSF_6a,Xenlae,subadult,18,6.1,NA,alive,no,Xenopus laevis,5217334,,50.768027777777775,2.7708055555555555,Heuvelland,West-Vlaanderen,flanders,"c(2.77080555555556, 50.7680277777778)",Big_pond_Eeuwenhout_bos_2024-06-19_2024-06-20,2024
1674-1,Big pond Eeuwenhout bos,2024-06-19T00:00:00Z,2024-06-20T00:00:00Z,SDSF_6a,Xenlae,subadult,30,6.7,NA,alive,no,Xenopus laevis,5217334,,50.768027777777775,2.7708055555555555,Heuvelland,West-Vlaanderen,flanders,"c(2.77080555555556, 50.7680277777778)",Big_pond_Eeuwenhout_bos_2024-06-19_2024-06-20,2024
1675-1,Big pond Eeuwenhout bos,2024-06-19T00:00:00Z,2024-06-20T00:00:00Z,SDSF_6a,Xenlae,juvenile,16,5.4,NA,alive,no,Xenopus laevis,5217334,,50.768027777777775,2.7708055555555555,Heuvelland,West-Vlaanderen,flanders,"c(2.77080555555556, 50.7680277777778)",Big_pond_Eeuwenhout_bos_2024-06-19_2024-06-20,2024
1676-1,Big pond Eeuwenhout bos,2024-06-19T00:00:00Z,2024-06-20T00:00:00Z,SDSF_6a,Xenlae,juvenile,13,4.9,NA,alive,no,Xenopus laevis,5217334,,50.768027777777775,2.7708055555555555,Heuvelland,West-Vlaanderen,flanders,"c(2.77080555555556, 50.7680277777778)",Big_pond_Eeuwenhout_bos_2024-06-19_2024-06-20,2024
1680-1,Big pond Eeuwenhout bos,2024-06-19T00:00:00Z,2024-06-20T00:00:00Z,SSSF_4,Xenlae,subadult,25,6.6,NA,alive,no,Xenopus laevis,5217334,,50.768027777777775,2.7708055555555555,Heuvelland,West-Vlaanderen,flanders,"c(2.77080555555556, 50.7680277777778)",Big_pond_Eeuwenhout_bos_2024-06-19_2024-06-20,2024
1682-1,Big pond Eeuwenhout bos,2024-06-19T00:00:00Z,2024-06-20T00:00:00Z,SSSF_6,Xenlae,subadult,18,6.2,NA,alive,no,Xenopus laevis,5217334,,50.768027777777775,2.7708055555555555,Heuvelland,West-Vlaanderen,flanders,"c(2.77080555555556, 50.7680277777778)",Big_pond_Eeuwenhout_bos_2024-06-19_2024-06-20,2024
1683-1,Big pond Eeuwenhout bos,2024-06-19T00:00:00Z,2024-06-20T00:00:00Z,SSSF_6,Xenlae,juvenile,14,5.5,NA,alive,no,Xenopus laevis,5217334,,50.768027777777775,2.7708055555555555,Heuvelland,West-Vlaanderen,flanders,"c(2.77080555555556, 50.7680277777778)",Big_pond_Eeuwenhout_bos_2024-06-19_2024-06-20,2024
1685-1,Big pond Eeuwenhout bos,2024-06-19T00:00:00Z,2024-06-20T00:00:00Z,BDSF_1,Xenlae,juvenile,15,5.6,NA,alive,no,Xenopus laevis,5217334,,50.768027777777775,2.7708055555555555,Heuvelland,West-Vlaanderen,flanders,"c(2.77080555555556, 50.7680277777778)",Big_pond_Eeuwenhout_bos_2024-06-19_2024-06-20,2024
1686-1,Big pond Eeuwenhout bos,2024-06-19T00:00:00Z,2024-06-20T00:00:00Z,BDSF_1,Xenlae,juvenile,15,5.5,NA,alive,no,Xenopus laevis,5217334,,50.768027777777775,2.7708055555555555,Heuvelland,West-Vlaanderen,flanders,"c(2.77080555555556, 50.7680277777778)",Big_pond_Eeuwenhout_bos_2024-06-19_2024-06-20,2024
1687-1,Big pond Eeuwenhout bos,2024-06-19T00:00:00Z,2024-06-20T00:00:00Z,BDSF_1,Xenlae,subadult,24,6.2,NA,alive,no,Xenopus laevis,5217334,,50.768027777777775,2.7708055555555555,Heuvelland,West-Vlaanderen,flanders,"c(2.77080555555556, 50.7680277777778)",Big_pond_Eeuwenhout_bos_2024-06-19_2024-06-20,2024
1689-1,Big pond Eeuwenhout bos,2024-06-19T00:00:00Z,2024-06-20T00:00:00Z,BDSF_2,Xenlae,subadult,27,6.5,F,alive,no,Xenopus laevis,5217334,,50.768027777777775,2.7708055555555555,Heuvelland,West-Vlaanderen,flanders,"c(2.77080555555556, 50.7680277777778)",Big_pond_Eeuwenhout_bos_2024-06-19_2024-06-20,2024
1698-1,Big pond Eeuwenhout bos,2024-06-20T00:00:00Z,2024-06-21T00:00:00Z,SDSF_1a,Xenlae,subadult,22,5.9,NA,alive,no,Xenopus laevis,5217334,,50.768027777777775,2.7708055555555555,Heuvelland,West-Vlaanderen,flanders,"c(2.77080555555556, 50.7680277777778)",Big_pond_Eeuwenhout_bos_2024-06-20_2024-06-21,2024
1699-1,Big pond Eeuwenhout bos,2024-06-20T00:00:00Z,2024-06-21T00:00:00Z,SDSF_1a,Xenlae,juvenile,20,5.8,NA,alive,no,Xenopus laevis,5217334,,50.768027777777775,2.7708055555555555,Heuvelland,West-Vlaanderen,flanders,"c(2.77080555555556, 50.7680277777778)",Big_pond_Eeuwenhout_bos_2024-06-20_2024-06-21,2024
1700-1,Big pond Eeuwenhout bos,2024-06-20T00:00:00Z,2024-06-21T00:00:00Z,SDSF_1a,Xenlae,juvenile,9,4.7,NA,alive,no,Xenopus laevis,5217334,,50.768027777777775,2.7708055555555555,Heuvelland,West-Vlaanderen,flanders,"c(2.77080555555556, 50.7680277777778)",Big_pond_Eeuwenhout_bos_2024-06-20_2024-06-21,2024
1701-1,Big pond Eeuwenhout bos,2024-06-20T00:00:00Z,2024-06-21T00:00:00Z,SDSF_1a,Xenlae,juvenile,14,5.4,NA,alive,no,Xenopus laevis,5217334,,50.768027777777775,2.7708055555555555,Heuvelland,West-Vlaanderen,flanders,"c(2.77080555555556, 50.7680277777778)",Big_pond_Eeuwenhout_bos_2024-06-20_2024-06-21,2024
1702-1,Big pond Eeuwenhout bos,2024-06-20T00:00:00Z,2024-06-21T00:00:00Z,SDSF_1a,Xenlae,juvenile,11,5,NA,alive,no,Xenopus laevis,5217334,,50.768027777777775,2.7708055555555555,Heuvelland,West-Vlaanderen,flanders,"c(2.77080555555556, 50.7680277777778)",Big_pond_Eeuwenhout_bos_2024-06-20_2024-06-21,2024
1703-1,Big pond Eeuwenhout bos,2024-06-20T00:00:00Z,2024-06-21T00:00:00Z,SDSF_1a,Xenlae,juvenile,11,4.7,NA,alive,no,Xenopus laevis,5217334,,50.768027777777775,2.7708055555555555,Heuvelland,West-Vlaanderen,flanders,"c(2.77080555555556, 50.7680277777778)",Big_pond_Eeuwenhout_bos_2024-06-20_2024-06-21,2024
1704-1,Big pond Eeuwenhout bos,2024-06-20T00:00:00Z,2024-06-21T00:00:00Z,SDSF_1a,Xenlae,juvenile,16,5.6,NA,alive,no,Xenopus laevis,5217334,,50.768027777777775,2.7708055555555555,Heuvelland,West-Vlaanderen,flanders,"c(2.77080555555556, 50.7680277777778)",Big_pond_Eeuwenhout_bos_2024-06-20_2024-06-21,2024
1705-1,Big pond Eeuwenhout bos,2024-06-20T00:00:00Z,2024-06-21T00:00:00Z,SDSF_1a,Xenlae,juvenile,9,4.6,NA,alive,no,Xenopus laevis,5217334,,50.768027777777775,2.7708055555555555,Heuvelland,West-Vlaanderen,flanders,"c(2.77080555555556, 50.7680277777778)",Big_pond_Eeuwenhout_bos_2024-06-20_2024-06-21,2024
1706-2,Big pond Eeuwenhout bos,2024-06-20T00:00:00Z,2024-06-21T00:00:00Z,SDSF_1a,Xenlae,juvenile,9,4.6,NA,alive,no,Xenopus laevis,5217334,,50.768027777777775,2.7708055555555555,Heuvelland,West-Vlaanderen,flanders,"c(2.77080555555556, 50.7680277777778)",Big_pond_Eeuwenhout_bos_2024-06-20_2024-06-21,2024
1707-1,Big pond Eeuwenhout bos,2024-06-20T00:00:00Z,2024-06-21T00:00:00Z,SDSF_1a,Xenlae,juvenile,7,4.1,NA,alive,no,Xenopus laevis,5217334,,50.768027777777775,2.7708055555555555,Heuvelland,West-Vlaanderen,flanders,"c(2.77080555555556, 50.7680277777778)",Big_pond_Eeuwenhout_bos_2024-06-20_2024-06-21,2024
1711-1,Big pond Eeuwenhout bos,2024-06-20T00:00:00Z,2024-06-21T00:00:00Z,SDSF_1b,Xenlae,juvenile,17,5.3,NA,alive,no,Xenopus laevis,5217334,,50.768027777777775,2.7708055555555555,Heuvelland,West-Vlaanderen,flanders,"c(2.77080555555556, 50.7680277777778)",Big_pond_Eeuwenhout_bos_2024-06-20_2024-06-21,2024
1715-1,Big pond Eeuwenhout bos,2024-06-20T00:00:00Z,2024-06-21T00:00:00Z,SDSF_2b,Xenlae,juvenile,12,5.1,NA,alive,no,Xenopus laevis,5217334,,50.768027777777775,2.7708055555555555,Heuvelland,West-Vlaanderen,flanders,"c(2.77080555555556, 50.7680277777778)",Big_pond_Eeuwenhout_bos_2024-06-20_2024-06-21,2024
1723-1,Big pond Eeuwenhout bos,2024-06-20T00:00:00Z,2024-06-21T00:00:00Z,SDSF_4b,Xenlae,subadult,27,6.7,NA,alive,no,Xenopus laevis,5217334,,50.768027777777775,2.7708055555555555,Heuvelland,West-Vlaanderen,flanders,"c(2.77080555555556, 50.7680277777778)",Big_pond_Eeuwenhout_bos_2024-06-20_2024-06-21,2024
1724-1,Big pond Eeuwenhout bos,2024-06-20T00:00:00Z,2024-06-21T00:00:00Z,SDSF_4b,Xenlae,subadult,24,6.2,NA,alive,no,Xenopus laevis,5217334,,50.768027777777775,2.7708055555555555,Heuvelland,West-Vlaanderen,flanders,"c(2.77080555555556, 50.7680277777778)",Big_pond_Eeuwenhout_bos_2024-06-20_2024-06-21,2024
1725-1,Big pond Eeuwenhout bos,2024-06-20T00:00:00Z,2024-06-21T00:00:00Z,SDSF_4b,Xenlae,juvenile,20,5.7,NA,alive,no,Xenopus laevis,5217334,,50.768027777777775,2.7708055555555555,Heuvelland,West-Vlaanderen,flanders,"c(2.77080555555556, 50.7680277777778)",Big_pond_Eeuwenhout_bos_2024-06-20_2024-06-21,2024
1726-1,Big pond Eeuwenhout bos,2024-06-20T00:00:00Z,2024-06-21T00:00:00Z,SDSF_4b,Xenlae,juvenile,15,5.4,NA,alive,no,Xenopus laevis,5217334,,50.768027777777775,2.7708055555555555,Heuvelland,West-Vlaanderen,flanders,"c(2.77080555555556, 50.7680277777778)",Big_pond_Eeuwenhout_bos_2024-06-20_2024-06-21,2024
1727-1,Big pond Eeuwenhout bos,2024-06-20T00:00:00Z,2024-06-21T00:00:00Z,SDSF_4b,Xenlae,juvenile,18,5.7,NA,alive,no,Xenopus laevis,5217334,,50.768027777777775,2.7708055555555555,Heuvelland,West-Vlaanderen,flanders,"c(2.77080555555556, 50.7680277777778)",Big_pond_Eeuwenhout_bos_2024-06-20_2024-06-21,2024
1731-1,Big pond Eeuwenhout bos,2024-06-20T00:00:00Z,2024-06-21T00:00:00Z,SDSF_5a,Xenlae,subadult,20,6.4,NA,alive,no,Xenopus laevis,5217334,,50.768027777777775,2.7708055555555555,Heuvelland,West-Vlaanderen,flanders,"c(2.77080555555556, 50.7680277777778)",Big_pond_Eeuwenhout_bos_2024-06-20_2024-06-21,2024
1732-1,Big pond Eeuwenhout bos,2024-06-20T00:00:00Z,2024-06-21T00:00:00Z,SDSF_5a,Xenlae,subadult,22,6.2,NA,alive,no,Xenopus laevis,5217334,,50.768027777777775,2.7708055555555555,Heuvelland,West-Vlaanderen,flanders,"c(2.77080555555556, 50.7680277777778)",Big_pond_Eeuwenhout_bos_2024-06-20_2024-06-21,2024
1733-2,Big pond Eeuwenhout bos,2024-06-20T00:00:00Z,2024-06-21T00:00:00Z,SDSF_5a,Xenlae,subadult,22,6.2,NA,alive,no,Xenopus laevis,5217334,,50.768027777777775,2.7708055555555555,Heuvelland,West-Vlaanderen,flanders,"c(2.77080555555556, 50.7680277777778)",Big_pond_Eeuwenhout_bos_2024-06-20_2024-06-21,2024
1734-1,Big pond Eeuwenhout bos,2024-06-20T00:00:00Z,2024-06-21T00:00:00Z,SDSF_5a,Xenlae,subadult,24,6.3,NA,alive,no,Xenopus laevis,5217334,,50.768027777777775,2.7708055555555555,Heuvelland,West-Vlaanderen,flanders,"c(2.77080555555556, 50.7680277777778)",Big_pond_Eeuwenhout_bos_2024-06-20_2024-06-21,2024
1735-1,Big pond Eeuwenhout bos,2024-06-20T00:00:00Z,2024-06-21T00:00:00Z,SDSF_5a,Xenlae,juvenile,12,5.1,NA,alive,no,Xenopus laevis,5217334,,50.768027777777775,2.7708055555555555,Heuvelland,West-Vlaanderen,flanders,"c(2.77080555555556, 50.7680277777778)",Big_pond_Eeuwenhout_bos_2024-06-20_2024-06-21,2024
1736-1,Big pond Eeuwenhout bos,2024-06-20T00:00:00Z,2024-06-21T00:00:00Z,SDSF_5a,Xenlae,juvenile,11,4.9,NA,alive,no,Xenopus laevis,5217334,,50.768027777777775,2.7708055555555555,Heuvelland,West-Vlaanderen,flanders,"c(2.77080555555556, 50.7680277777778)",Big_pond_Eeuwenhout_bos_2024-06-20_2024-06-21,2024
1739-1,Big pond Eeuwenhout bos,2024-06-20T00:00:00Z,2024-06-21T00:00:00Z,SDSF_6b,Xenlae,subadult,25,6.2,NA,alive,no,Xenopus laevis,5217334,,50.768027777777775,2.7708055555555555,Heuvelland,West-Vlaanderen,flanders,"c(2.77080555555556, 50.7680277777778)",Big_pond_Eeuwenhout_bos_2024-06-20_2024-06-21,2024
1744-1,Big pond Eeuwenhout bos,2024-06-20T00:00:00Z,2024-06-21T00:00:00Z,SDSF_6a,Xenlae,subadult,31,6.9,NA,alive,no,Xenopus laevis,5217334,,50.768027777777775,2.7708055555555555,Heuvelland,West-Vlaanderen,flanders,"c(2.77080555555556, 50.7680277777778)",Big_pond_Eeuwenhout_bos_2024-06-20_2024-06-21,2024
1745-1,Big pond Eeuwenhout bos,2024-06-20T00:00:00Z,2024-06-21T00:00:00Z,SDSF_6a,Xenlae,juvenile,7,4,NA,alive,no,Xenopus laevis,5217334,,50.768027777777775,2.7708055555555555,Heuvelland,West-Vlaanderen,flanders,"c(2.77080555555556, 50.7680277777778)",Big_pond_Eeuwenhout_bos_2024-06-20_2024-06-21,2024
1746-1,Big pond Eeuwenhout bos,2024-06-20T00:00:00Z,2024-06-21T00:00:00Z,SDSF_6a,Xenlae,juvenile,13,4.9,NA,alive,no,Xenopus laevis,5217334,,50.768027777777775,2.7708055555555555,Heuvelland,West-Vlaanderen,flanders,"c(2.77080555555556, 50.7680277777778)",Big_pond_Eeuwenhout_bos_2024-06-20_2024-06-21,2024
1747-1,Big pond Eeuwenhout bos,2024-06-20T00:00:00Z,2024-06-21T00:00:00Z,SSSF_1,Xenlae,juvenile,20,5.6,NA,alive,no,Xenopus laevis,5217334,,50.768027777777775,2.7708055555555555,Heuvelland,West-Vlaanderen,flanders,"c(2.77080555555556, 50.7680277777778)",Big_pond_Eeuwenhout_bos_2024-06-20_2024-06-21,2024
1751-1,Big pond Eeuwenhout bos,2024-06-20T00:00:00Z,2024-06-21T00:00:00Z,SSSF_5,Xenlae,subadult,21,6.1,NA,alive,no,Xenopus laevis,5217334,,50.768027777777775,2.7708055555555555,Heuvelland,West-Vlaanderen,flanders,"c(2.77080555555556, 50.7680277777778)",Big_pond_Eeuwenhout_bos_2024-06-20_2024-06-21,2024
1752-1,Big pond Eeuwenhout bos,2024-06-20T00:00:00Z,2024-06-21T00:00:00Z,SSSF_6,Xenlae,subadult,31,6.5,NA,alive,no,Xenopus laevis,5217334,,50.768027777777775,2.7708055555555555,Heuvelland,West-Vlaanderen,flanders,"c(2.77080555555556, 50.7680277777778)",Big_pond_Eeuwenhout_bos_2024-06-20_2024-06-21,2024
1754-1,Big pond Eeuwenhout bos,2024-06-20T00:00:00Z,2024-06-21T00:00:00Z,BDSF_1,Xenlae,subadult,31,6.9,NA,alive,no,Xenopus laevis,5217334,,50.768027777777775,2.7708055555555555,Heuvelland,West-Vlaanderen,flanders,"c(2.77080555555556, 50.7680277777778)",Big_pond_Eeuwenhout_bos_2024-06-20_2024-06-21,2024
1755-1,Big pond Eeuwenhout bos,2024-06-20T00:00:00Z,2024-06-21T00:00:00Z,BDSF_1,Xenlae,subadult,28,6.8,NA,alive,no,Xenopus laevis,5217334,,50.768027777777775,2.7708055555555555,Heuvelland,West-Vlaanderen,flanders,"c(2.77080555555556, 50.7680277777778)",Big_pond_Eeuwenhout_bos_2024-06-20_2024-06-21,2024
1756-1,Big pond Eeuwenhout bos,2024-06-20T00:00:00Z,2024-06-21T00:00:00Z,BDSF_1,Xenlae,subadult,31,6.8,M,alive,no,Xenopus laevis,5217334,,50.768027777777775,2.7708055555555555,Heuvelland,West-Vlaanderen,flanders,"c(2.77080555555556, 50.7680277777778)",Big_pond_Eeuwenhout_bos_2024-06-20_2024-06-21,2024
1757-1,Big pond Eeuwenhout bos,2024-06-20T00:00:00Z,2024-06-21T00:00:00Z,BDSF_1,Xenlae,subadult,25,6.4,M,alive,no,Xenopus laevis,5217334,,50.768027777777775,2.7708055555555555,Heuvelland,West-Vlaanderen,flanders,"c(2.77080555555556, 50.7680277777778)",Big_pond_Eeuwenhout_bos_2024-06-20_2024-06-21,2024
1758-1,Big pond Eeuwenhout bos,2024-06-20T00:00:00Z,2024-06-21T00:00:00Z,BDSF_1,Xenlae,subadult,22,6,NA,alive,no,Xenopus laevis,5217334,,50.768027777777775,2.7708055555555555,Heuvelland,West-Vlaanderen,flanders,"c(2.77080555555556, 50.7680277777778)",Big_pond_Eeuwenhout_bos_2024-06-20_2024-06-21,2024
1759-1,Big pond Eeuwenhout bos,2024-06-20T00:00:00Z,2024-06-21T00:00:00Z,BDSF_1,Xenlae,juvenile,15,5.6,NA,alive,no,Xenopus laevis,5217334,,50.768027777777775,2.7708055555555555,Heuvelland,West-Vlaanderen,flanders,"c(2.77080555555556, 50.7680277777778)",Big_pond_Eeuwenhout_bos_2024-06-20_2024-06-21,2024
1760-1,Big pond Eeuwenhout bos,2024-06-20T00:00:00Z,2024-06-21T00:00:00Z,BDSF_1,Xenlae,juvenile,13,5,NA,alive,no,Xenopus laevis,5217334,,50.768027777777775,2.7708055555555555,Heuvelland,West-Vlaanderen,flanders,"c(2.77080555555556, 50.7680277777778)",Big_pond_Eeuwenhout_bos_2024-06-20_2024-06-21,2024
1762-1,Big pond Eeuwenhout bos,2024-06-20T00:00:00Z,2024-06-21T00:00:00Z,BDSF_2,Xenlae,subadult,29,6.9,M,alive,no,Xenopus laevis,5217334,,50.768027777777775,2.7708055555555555,Heuvelland,West-Vlaanderen,flanders,"c(2.77080555555556, 50.7680277777778)",Big_pond_Eeuwenhout_bos_2024-06-20_2024-06-21,2024
1763-1,Big pond Eeuwenhout bos,2024-06-20T00:00:00Z,2024-06-21T00:00:00Z,BDSF_2,Xenlae,subadult,21,6,NA,alive,no,Xenopus laevis,5217334,,50.768027777777775,2.7708055555555555,Heuvelland,West-Vlaanderen,flanders,"c(2.77080555555556, 50.7680277777778)",Big_pond_Eeuwenhout_bos_2024-06-20_2024-06-21,2024
1764-1,Big pond Eeuwenhout bos,2024-06-20T00:00:00Z,2024-06-21T00:00:00Z,BDSF_2,Xenlae,juvenile,14,5.4,NA,alive,no,Xenopus laevis,5217334,,50.768027777777775,2.7708055555555555,Heuvelland,West-Vlaanderen,flanders,"c(2.77080555555556, 50.7680277777778)",Big_pond_Eeuwenhout_bos_2024-06-20_2024-06-21,2024
1777-1,Big pond Eeuwenhout bos,2024-06-23T00:00:00Z,2024-06-24T00:00:00Z,SDSF_2a,Xenlae,subadult,31,6.8,F,alive,no,Xenopus laevis,5217334,,50.768027777777775,2.7708055555555555,Heuvelland,West-Vlaanderen,flanders,"c(2.77080555555556, 50.7680277777778)",Big_pond_Eeuwenhout_bos_2024-06-23_2024-06-24,2024
1778-1,Big pond Eeuwenhout bos,2024-06-23T00:00:00Z,2024-06-24T00:00:00Z,SDSF_2a,Xenlae,juvenile,14,5.2,NA,alive,no,Xenopus laevis,5217334,,50.768027777777775,2.7708055555555555,Heuvelland,West-Vlaanderen,flanders,"c(2.77080555555556, 50.7680277777778)",Big_pond_Eeuwenhout_bos_2024-06-23_2024-06-24,2024
1785-1,Big pond Eeuwenhout bos,2024-06-23T00:00:00Z,2024-06-24T00:00:00Z,SDSF_3a,Xenlae,juvenile,19,5.4,NA,alive,no,Xenopus laevis,5217334,,50.768027777777775,2.7708055555555555,Heuvelland,West-Vlaanderen,flanders,"c(2.77080555555556, 50.7680277777778)",Big_pond_Eeuwenhout_bos_2024-06-23_2024-06-24,2024
1788-1,Big pond Eeuwenhout bos,2024-06-23T00:00:00Z,2024-06-24T00:00:00Z,SDSF_3b,Xenlae,juvenile,16,5.3,NA,alive,no,Xenopus laevis,5217334,,50.768027777777775,2.7708055555555555,Heuvelland,West-Vlaanderen,flanders,"c(2.77080555555556, 50.7680277777778)",Big_pond_Eeuwenhout_bos_2024-06-23_2024-06-24,2024
1791-1,Big pond Eeuwenhout bos,2024-06-23T00:00:00Z,2024-06-24T00:00:00Z,SDSF_4a,Xenlae,subadult,26,6.6,NA,alive,no,Xenopus laevis,5217334,,50.768027777777775,2.7708055555555555,Heuvelland,West-Vlaanderen,flanders,"c(2.77080555555556, 50.7680277777778)",Big_pond_Eeuwenhout_bos_2024-06-23_2024-06-24,2024
1792-1,Big pond Eeuwenhout bos,2024-06-23T00:00:00Z,2024-06-24T00:00:00Z,SDSF_4a,Xenlae,juvenile,15,5.4,NA,alive,no,Xenopus laevis,5217334,,50.768027777777775,2.7708055555555555,Heuvelland,West-Vlaanderen,flanders,"c(2.77080555555556, 50.7680277777778)",Big_pond_Eeuwenhout_bos_2024-06-23_2024-06-24,2024
1793-1,Big pond Eeuwenhout bos,2024-06-23T00:00:00Z,2024-06-24T00:00:00Z,SDSF_4a,Xenlae,juvenile,15,5.8,NA,alive,no,Xenopus laevis,5217334,,50.768027777777775,2.7708055555555555,Heuvelland,West-Vlaanderen,flanders,"c(2.77080555555556, 50.7680277777778)",Big_pond_Eeuwenhout_bos_2024-06-23_2024-06-24,2024
1797-1,Big pond Eeuwenhout bos,2024-06-23T00:00:00Z,2024-06-24T00:00:00Z,SDSF_5a,Xenlae,juvenile,18,5.6,NA,alive,no,Xenopus laevis,5217334,,50.768027777777775,2.7708055555555555,Heuvelland,West-Vlaanderen,flanders,"c(2.77080555555556, 50.7680277777778)",Big_pond_Eeuwenhout_bos_2024-06-23_2024-06-24,2024
1800-1,Big pond Eeuwenhout bos,2024-06-23T00:00:00Z,2024-06-24T00:00:00Z,SDSF_5b,Xenlae,subadult,29,5.9,NA,alive,no,Xenopus laevis,5217334,,50.768027777777775,2.7708055555555555,Heuvelland,West-Vlaanderen,flanders,"c(2.77080555555556, 50.7680277777778)",Big_pond_Eeuwenhout_bos_2024-06-23_2024-06-24,2024
1807-1,Big pond Eeuwenhout bos,2024-06-23T00:00:00Z,2024-06-24T00:00:00Z,BDSF_1,Xenlae,subadult,23,6.3,NA,alive,no,Xenopus laevis,5217334,,50.768027777777775,2.7708055555555555,Heuvelland,West-Vlaanderen,flanders,"c(2.77080555555556, 50.7680277777778)",Big_pond_Eeuwenhout_bos_2024-06-23_2024-06-24,2024
1810-1,Big pond Eeuwenhout bos,2024-06-23T00:00:00Z,2024-06-24T00:00:00Z,BDSF_2,Xenlae,juvenile,19,5.6,NA,alive,no,Xenopus laevis,5217334,,50.768027777777775,2.7708055555555555,Heuvelland,West-Vlaanderen,flanders,"c(2.77080555555556, 50.7680277777778)",Big_pond_Eeuwenhout_bos_2024-06-23_2024-06-24,2024
1818-1,Big pond Eeuwenhout bos,2024-06-23T00:00:00Z,2024-06-24T00:00:00Z,SSSF_6,Xenlae,juvenile,11,4.8,NA,alive,no,Xenopus laevis,5217334,,50.768027777777775,2.7708055555555555,Heuvelland,West-Vlaanderen,flanders,"c(2.77080555555556, 50.7680277777778)",Big_pond_Eeuwenhout_bos_2024-06-23_2024-06-24,2024
1831-1,Big pond Eeuwenhout bos,2024-06-24T00:00:00Z,2024-06-25T00:00:00Z,SDSF_1b,Xenlae,juvenile,10,4.4,NA,alive,no,Xenopus laevis,5217334,,50.768027777777775,2.7708055555555555,Heuvelland,West-Vlaanderen,flanders,"c(2.77080555555556, 50.7680277777778)",Big_pond_Eeuwenhout_bos_2024-06-24_2024-06-25,2024
1832-1,Big pond Eeuwenhout bos,2024-06-24T00:00:00Z,2024-06-25T00:00:00Z,SDSF_1b,Xenlae,juvenile,16,5.2,NA,alive,no,Xenopus laevis,5217334,,50.768027777777775,2.7708055555555555,Heuvelland,West-Vlaanderen,flanders,"c(2.77080555555556, 50.7680277777778)",Big_pond_Eeuwenhout_bos_2024-06-24_2024-06-25,2024
1840-1,Big pond Eeuwenhout bos,2024-06-24T00:00:00Z,2024-06-25T00:00:00Z,SDSF_2a,Xenlae,subadult,22,6.1,NA,alive,no,Xenopus laevis,5217334,,50.768027777777775,2.7708055555555555,Heuvelland,West-Vlaanderen,flanders,"c(2.77080555555556, 50.7680277777778)",Big_pond_Eeuwenhout_bos_2024-06-24_2024-06-25,2024
1851-1,Big pond Eeuwenhout bos,2024-06-24T00:00:00Z,2024-06-25T00:00:00Z,SDSF_3b,Xenlae,juvenile,13,4.9,NA,alive,no,Xenopus laevis,5217334,,50.768027777777775,2.7708055555555555,Heuvelland,West-Vlaanderen,flanders,"c(2.77080555555556, 50.7680277777778)",Big_pond_Eeuwenhout_bos_2024-06-24_2024-06-25,2024
1852-1,Big pond Eeuwenhout bos,2024-06-24T00:00:00Z,2024-06-25T00:00:00Z,SDSF_4a,Xenlae,subadult,29,6.7,NA,alive,no,Xenopus laevis,5217334,,50.768027777777775,2.7708055555555555,Heuvelland,West-Vlaanderen,flanders,"c(2.77080555555556, 50.7680277777778)",Big_pond_Eeuwenhout_bos_2024-06-24_2024-06-25,2024
1858-1,Big pond Eeuwenhout bos,2024-06-24T00:00:00Z,2024-06-25T00:00:00Z,SDSF_4b,Xenlae,juvenile,10,4.8,NA,alive,no,Xenopus laevis,5217334,,50.768027777777775,2.7708055555555555,Heuvelland,West-Vlaanderen,flanders,"c(2.77080555555556, 50.7680277777778)",Big_pond_Eeuwenhout_bos_2024-06-24_2024-06-25,2024
1859-1,Big pond Eeuwenhout bos,2024-06-24T00:00:00Z,2024-06-25T00:00:00Z,SDSF_4b,Xenlae,juvenile,9,4.5,NA,alive,no,Xenopus laevis,5217334,,50.768027777777775,2.7708055555555555,Heuvelland,West-Vlaanderen,flanders,"c(2.77080555555556, 50.7680277777778)",Big_pond_Eeuwenhout_bos_2024-06-24_2024-06-25,2024
1865-1,Big pond Eeuwenhout bos,2024-06-24T00:00:00Z,2024-06-25T00:00:00Z,SDSF_5b,Xenlae,juvenile,15,5.3,NA,alive,no,Xenopus laevis,5217334,,50.768027777777775,2.7708055555555555,Heuvelland,West-Vlaanderen,flanders,"c(2.77080555555556, 50.7680277777778)",Big_pond_Eeuwenhout_bos_2024-06-24_2024-06-25,2024
1866-1,Big pond Eeuwenhout bos,2024-06-24T00:00:00Z,2024-06-25T00:00:00Z,SDSF_5b,Xenlae,juvenile,9,4.5,NA,alive,no,Xenopus laevis,5217334,,50.768027777777775,2.7708055555555555,Heuvelland,West-Vlaanderen,flanders,"c(2.77080555555556, 50.7680277777778)",Big_pond_Eeuwenhout_bos_2024-06-24_2024-06-25,2024
1873-1,Big pond Eeuwenhout bos,2024-06-24T00:00:00Z,2024-06-25T00:00:00Z,SDSF_5a,Xenlae,juvenile,19,5.7,NA,alive,no,Xenopus laevis,5217334,,50.768027777777775,2.7708055555555555,Heuvelland,West-Vlaanderen,flanders,"c(2.77080555555556, 50.7680277777778)",Big_pond_Eeuwenhout_bos_2024-06-24_2024-06-25,2024
1883-1,Big pond Eeuwenhout bos,2024-06-24T00:00:00Z,2024-06-25T00:00:00Z,SDSF_6a,Xenlae,subadult,24,6.2,NA,alive,yes,Xenopus laevis,5217334,,50.768027777777775,2.7708055555555555,Heuvelland,West-Vlaanderen,flanders,"c(2.77080555555556, 50.7680277777778)",Big_pond_Eeuwenhout_bos_2024-06-24_2024-06-25,2024
1884-1,Big pond Eeuwenhout bos,2024-06-24T00:00:00Z,2024-06-25T00:00:00Z,SDSF_6a,Xenlae,juvenile,13,5,NA,alive,no,Xenopus laevis,5217334,,50.768027777777775,2.7708055555555555,Heuvelland,West-Vlaanderen,flanders,"c(2.77080555555556, 50.7680277777778)",Big_pond_Eeuwenhout_bos_2024-06-24_2024-06-25,2024
1894-1,Big pond Eeuwenhout bos,2024-06-24T00:00:00Z,2024-06-25T00:00:00Z,BDSF_2,Xenlae,juvenile,15,5.4,NA,alive,no,Xenopus laevis,5217334,,50.768027777777775,2.7708055555555555,Heuvelland,West-Vlaanderen,flanders,"c(2.77080555555556, 50.7680277777778)",Big_pond_Eeuwenhout_bos_2024-06-24_2024-06-25,2024
1895-1,Big pond Eeuwenhout bos,2024-06-24T00:00:00Z,2024-06-25T00:00:00Z,BDSF_2,Xenlae,juvenile,NA,NA,NA,alive,no,Xenopus laevis,5217334,,50.768027777777775,2.7708055555555555,Heuvelland,West-Vlaanderen,flanders,"c(2.77080555555556, 50.7680277777778)",Big_pond_Eeuwenhout_bos_2024-06-24_2024-06-25,2024
1896-2,Big pond Eeuwenhout bos,2024-06-24T00:00:00Z,2024-06-25T00:00:00Z,BDSF_2,Xenlae,juvenile,NA,NA,NA,alive,no,Xenopus laevis,5217334,,50.768027777777775,2.7708055555555555,Heuvelland,West-Vlaanderen,flanders,"c(2.77080555555556, 50.7680277777778)",Big_pond_Eeuwenhout_bos_2024-06-24_2024-06-25,2024
1897-1,Big pond Eeuwenhout bos,2024-06-24T00:00:00Z,2024-06-25T00:00:00Z,BDSF_3,Xenlae,juvenile,12,5.6,NA,alive,no,Xenopus laevis,5217334,,50.768027777777775,2.7708055555555555,Heuvelland,West-Vlaanderen,flanders,"c(2.77080555555556, 50.7680277777778)",Big_pond_Eeuwenhout_bos_2024-06-24_2024-06-25,2024
1931-1,Big pond Eeuwenhout bos,2024-06-25T00:00:00Z,2024-06-26T00:00:00Z,SDSF_4a,Xenlae,subadult,28,6.4,NA,alive,no,Xenopus laevis,5217334,,50.768027777777775,2.7708055555555555,Heuvelland,West-Vlaanderen,flanders,"c(2.77080555555556, 50.7680277777778)",Big_pond_Eeuwenhout_bos_2024-06-25_2024-06-26,2024
1989-1,Big pond Eeuwenhout bos,2024-06-26T00:00:00Z,2024-06-27T00:00:00Z,SDSF_5a,Xenlae,juvenile,21,5.8,NA,alive,no,Xenopus laevis,5217334,,50.768027777777775,2.7708055555555555,Heuvelland,West-Vlaanderen,flanders,"c(2.77080555555556, 50.7680277777778)",Big_pond_Eeuwenhout_bos_2024-06-26_2024-06-27,2024
1997-1,Big pond Eeuwenhout bos,2024-06-26T00:00:00Z,2024-06-27T00:00:00Z,SDSF_6a,Xenlae,juvenile,15,5.3,NA,alive,no,Xenopus laevis,5217334,,50.768027777777775,2.7708055555555555,Heuvelland,West-Vlaanderen,flanders,"c(2.77080555555556, 50.7680277777778)",Big_pond_Eeuwenhout_bos_2024-06-26_2024-06-27,2024
1998-1,Big pond Eeuwenhout bos,2024-06-26T00:00:00Z,2024-06-27T00:00:00Z,SDSF_6a,Xenlae,juvenile,12,5.1,NA,alive,no,Xenopus laevis,5217334,,50.768027777777775,2.7708055555555555,Heuvelland,West-Vlaanderen,flanders,"c(2.77080555555556, 50.7680277777778)",Big_pond_Eeuwenhout_bos_2024-06-26_2024-06-27,2024
2030-1,Big pond Eeuwenhout bos,2024-06-27T00:00:00Z,2024-06-28T00:00:00Z,SDSF_2b,Xenlae,juvenile,8,4.1,NA,alive,no,Xenopus laevis,5217334,,50.768027777777775,2.7708055555555555,Heuvelland,West-Vlaanderen,flanders,"c(2.77080555555556, 50.7680277777778)",Big_pond_Eeuwenhout_bos_2024-06-27_2024-06-28,2024
2084-1,Schomminkel cow pond,2024-07-08T00:00:00Z,2024-07-09T00:00:00Z,SDSF_2,Xenlae,subadult,35,6.7,F,alive,no,Xenopus laevis,5217334,,50.778055555555554,2.7528888888888887,Heuvelland,West-Vlaanderen,flanders,"c(2.75288888888889, 50.7780555555556)",Schomminkel_cow_pond_2024-07-08_2024-07-09,2024
2085-1,Schomminkel cow pond,2024-07-08T00:00:00Z,2024-07-09T00:00:00Z,SDSF_2,Xenlae,subadult,25,6.1,M,alive,no,Xenopus laevis,5217334,,50.778055555555554,2.7528888888888887,Heuvelland,West-Vlaanderen,flanders,"c(2.75288888888889, 50.7780555555556)",Schomminkel_cow_pond_2024-07-08_2024-07-09,2024
2087-1,Schomminkel cow pond,2024-07-08T00:00:00Z,2024-07-09T00:00:00Z,SDSF_4,Xenlae,subadult,34,6.6,F,alive,no,Xenopus laevis,5217334,,50.778055555555554,2.7528888888888887,Heuvelland,West-Vlaanderen,flanders,"c(2.75288888888889, 50.7780555555556)",Schomminkel_cow_pond_2024-07-08_2024-07-09,2024
2095-1,Field pond,2024-07-08T00:00:00Z,2024-07-09T00:00:00Z,SDSF_1,Xenlae,adult,54,8.2,M,alive,no,Xenopus laevis,5217334,,50.75672222222222,2.9182777777777775,Mesen,West-Vlaanderen,flanders,"c(2.91827777777778, 50.7567222222222)",Field_pond_2024-07-08_2024-07-09,2024
2096-1,Field pond,2024-07-08T00:00:00Z,2024-07-09T00:00:00Z,SDSF_1,Xenlae,subadult,35,7.3,F,alive,no,Xenopus laevis,5217334,,50.75672222222222,2.9182777777777775,Mesen,West-Vlaanderen,flanders,"c(2.91827777777778, 50.7567222222222)",Field_pond_2024-07-08_2024-07-09,2024
2097-1,Field pond,2024-07-08T00:00:00Z,2024-07-09T00:00:00Z,SDSF_1,Xenlae,adult,39,7.4,M,alive,no,Xenopus laevis,5217334,,50.75672222222222,2.9182777777777775,Mesen,West-Vlaanderen,flanders,"c(2.91827777777778, 50.7567222222222)",Field_pond_2024-07-08_2024-07-09,2024
2098-1,Field pond,2024-07-08T00:00:00Z,2024-07-09T00:00:00Z,SDSF_1,Xenlae,adult,38,7.8,F,alive,no,Xenopus laevis,5217334,,50.75672222222222,2.9182777777777775,Mesen,West-Vlaanderen,flanders,"c(2.91827777777778, 50.7567222222222)",Field_pond_2024-07-08_2024-07-09,2024
2099-1,Field pond,2024-07-08T00:00:00Z,2024-07-09T00:00:00Z,SDSF_1,Xenlae,subadult,33,7.2,M,alive,no,Xenopus laevis,5217334,,50.75672222222222,2.9182777777777775,Mesen,West-Vlaanderen,flanders,"c(2.91827777777778, 50.7567222222222)",Field_pond_2024-07-08_2024-07-09,2024
2106-1,Field pond,2024-07-08T00:00:00Z,2024-07-09T00:00:00Z,SDSF_2,Xenlae,adult,47,8,M,alive,no,Xenopus laevis,5217334,,50.75672222222222,2.9182777777777775,Mesen,West-Vlaanderen,flanders,"c(2.91827777777778, 50.7567222222222)",Field_pond_2024-07-08_2024-07-09,2024
2107-1,Field pond,2024-07-08T00:00:00Z,2024-07-09T00:00:00Z,SDSF_2,Xenlae,larve,0.5,2.8,NA,alive,no,Xenopus laevis,5217334,,50.75672222222222,2.9182777777777775,Mesen,West-Vlaanderen,flanders,"c(2.91827777777778, 50.7567222222222)",Field_pond_2024-07-08_2024-07-09,2024
2108-1,Field pond,2024-07-08T00:00:00Z,2024-07-09T00:00:00Z,SDSF_2,Xenlae,larve,NA,NA,NA,dead,no,Xenopus laevis,5217334,,50.75672222222222,2.9182777777777775,Mesen,West-Vlaanderen,flanders,"c(2.91827777777778, 50.7567222222222)",Field_pond_2024-07-08_2024-07-09,2024
2112-1,Field pond,2024-07-08T00:00:00Z,2024-07-09T00:00:00Z,SDSF_3,Xenlae,adult,44,8.1,F,alive,no,Xenopus laevis,5217334,,50.75672222222222,2.9182777777777775,Mesen,West-Vlaanderen,flanders,"c(2.91827777777778, 50.7567222222222)",Field_pond_2024-07-08_2024-07-09,2024
2113-1,Field pond,2024-07-08T00:00:00Z,2024-07-09T00:00:00Z,SDSF_3,Xenlae,adult,115,10.9,F,alive,no,Xenopus laevis,5217334,,50.75672222222222,2.9182777777777775,Mesen,West-Vlaanderen,flanders,"c(2.91827777777778, 50.7567222222222)",Field_pond_2024-07-08_2024-07-09,2024
2114-1,Field pond,2024-07-08T00:00:00Z,2024-07-09T00:00:00Z,SDSF_3,Xenlae,subadult,31,6.6,M,alive,yes,Xenopus laevis,5217334,,50.75672222222222,2.9182777777777775,Mesen,West-Vlaanderen,flanders,"c(2.91827777777778, 50.7567222222222)",Field_pond_2024-07-08_2024-07-09,2024
2115-1,Field pond,2024-07-08T00:00:00Z,2024-07-09T00:00:00Z,SDSF_3,Xenlae,adult,64,8.8,F,alive,no,Xenopus laevis,5217334,,50.75672222222222,2.9182777777777775,Mesen,West-Vlaanderen,flanders,"c(2.91827777777778, 50.7567222222222)",Field_pond_2024-07-08_2024-07-09,2024
2116-1,Field pond,2024-07-08T00:00:00Z,2024-07-09T00:00:00Z,SDSF_3,Xenlae,subadult,36,7,M,alive,no,Xenopus laevis,5217334,,50.75672222222222,2.9182777777777775,Mesen,West-Vlaanderen,flanders,"c(2.91827777777778, 50.7567222222222)",Field_pond_2024-07-08_2024-07-09,2024
2117-1,Field pond,2024-07-08T00:00:00Z,2024-07-09T00:00:00Z,SDSF_3,Xenlae,adult,47,8.1,F,alive,no,Xenopus laevis,5217334,,50.75672222222222,2.9182777777777775,Mesen,West-Vlaanderen,flanders,"c(2.91827777777778, 50.7567222222222)",Field_pond_2024-07-08_2024-07-09,2024
2118-1,Field pond,2024-07-08T00:00:00Z,2024-07-09T00:00:00Z,SDSF_3,Xenlae,adult,124,11.2,F,alive,no,Xenopus laevis,5217334,,50.75672222222222,2.9182777777777775,Mesen,West-Vlaanderen,flanders,"c(2.91827777777778, 50.7567222222222)",Field_pond_2024-07-08_2024-07-09,2024
2119-1,Field pond,2024-07-08T00:00:00Z,2024-07-09T00:00:00Z,SDSF_3,Xenlae,adult,44,7.8,M,alive,no,Xenopus laevis,5217334,,50.75672222222222,2.9182777777777775,Mesen,West-Vlaanderen,flanders,"c(2.91827777777778, 50.7567222222222)",Field_pond_2024-07-08_2024-07-09,2024
2120-1,Field pond,2024-07-08T00:00:00Z,2024-07-09T00:00:00Z,SDSF_3,Xenlae,adult,46,7.3,M,alive,no,Xenopus laevis,5217334,,50.75672222222222,2.9182777777777775,Mesen,West-Vlaanderen,flanders,"c(2.91827777777778, 50.7567222222222)",Field_pond_2024-07-08_2024-07-09,2024
2121-1,Field pond,2024-07-08T00:00:00Z,2024-07-09T00:00:00Z,SDSF_3,Xenlae,subadult,39,7.3,M,alive,no,Xenopus laevis,5217334,,50.75672222222222,2.9182777777777775,Mesen,West-Vlaanderen,flanders,"c(2.91827777777778, 50.7567222222222)",Field_pond_2024-07-08_2024-07-09,2024
2122-1,Field pond,2024-07-08T00:00:00Z,2024-07-09T00:00:00Z,SDSF_3,Xenlae,juvenile,32,NA,NA,alive,no,Xenopus laevis,5217334,,50.75672222222222,2.9182777777777775,Mesen,West-Vlaanderen,flanders,"c(2.91827777777778, 50.7567222222222)",Field_pond_2024-07-08_2024-07-09,2024
2123-1,Field pond,2024-07-08T00:00:00Z,2024-07-09T00:00:00Z,SDSF_3,Xenlae,adult,96,11,F,alive,no,Xenopus laevis,5217334,,50.75672222222222,2.9182777777777775,Mesen,West-Vlaanderen,flanders,"c(2.91827777777778, 50.7567222222222)",Field_pond_2024-07-08_2024-07-09,2024
2124-1,Field pond,2024-07-08T00:00:00Z,2024-07-09T00:00:00Z,SDSF_3,Xenlae,adult,51,NA,M,alive,no,Xenopus laevis,5217334,,50.75672222222222,2.9182777777777775,Mesen,West-Vlaanderen,flanders,"c(2.91827777777778, 50.7567222222222)",Field_pond_2024-07-08_2024-07-09,2024
2125-1,Field pond,2024-07-08T00:00:00Z,2024-07-09T00:00:00Z,SDSF_3,Xenlae,adult,90,10,F,alive,no,Xenopus laevis,5217334,,50.75672222222222,2.9182777777777775,Mesen,West-Vlaanderen,flanders,"c(2.91827777777778, 50.7567222222222)",Field_pond_2024-07-08_2024-07-09,2024
2126-1,Field pond,2024-07-08T00:00:00Z,2024-07-09T00:00:00Z,SDSF_3,Xenlae,adult,44,7.4,M,alive,no,Xenopus laevis,5217334,,50.75672222222222,2.9182777777777775,Mesen,West-Vlaanderen,flanders,"c(2.91827777777778, 50.7567222222222)",Field_pond_2024-07-08_2024-07-09,2024
2127-1,Field pond,2024-07-08T00:00:00Z,2024-07-09T00:00:00Z,SDSF_3,Xenlae,adult,56,8.2,F,alive,no,Xenopus laevis,5217334,,50.75672222222222,2.9182777777777775,Mesen,West-Vlaanderen,flanders,"c(2.91827777777778, 50.7567222222222)",Field_pond_2024-07-08_2024-07-09,2024
2128-1,Field pond,2024-07-08T00:00:00Z,2024-07-09T00:00:00Z,SDSF_3,Xenlae,adult,74,9.1,F,alive,no,Xenopus laevis,5217334,,50.75672222222222,2.9182777777777775,Mesen,West-Vlaanderen,flanders,"c(2.91827777777778, 50.7567222222222)",Field_pond_2024-07-08_2024-07-09,2024
2129-1,Field pond,2024-07-08T00:00:00Z,2024-07-09T00:00:00Z,SDSF_3,Xenlae,adult,50,8.7,M,alive,no,Xenopus laevis,5217334,,50.75672222222222,2.9182777777777775,Mesen,West-Vlaanderen,flanders,"c(2.91827777777778, 50.7567222222222)",Field_pond_2024-07-08_2024-07-09,2024
2130-1,Field pond,2024-07-08T00:00:00Z,2024-07-09T00:00:00Z,SDSF_3,Xenlae,adult,63,9.3,F,alive,no,Xenopus laevis,5217334,,50.75672222222222,2.9182777777777775,Mesen,West-Vlaanderen,flanders,"c(2.91827777777778, 50.7567222222222)",Field_pond_2024-07-08_2024-07-09,2024
2131-1,Field pond,2024-07-08T00:00:00Z,2024-07-09T00:00:00Z,SDSF_3,Xenlae,adult,49,8.2,M,alive,no,Xenopus laevis,5217334,,50.75672222222222,2.9182777777777775,Mesen,West-Vlaanderen,flanders,"c(2.91827777777778, 50.7567222222222)",Field_pond_2024-07-08_2024-07-09,2024
2132-1,Field pond,2024-07-08T00:00:00Z,2024-07-09T00:00:00Z,SDSF_3,Xenlae,subadult,29,7.2,NA,alive,no,Xenopus laevis,5217334,,50.75672222222222,2.9182777777777775,Mesen,West-Vlaanderen,flanders,"c(2.91827777777778, 50.7567222222222)",Field_pond_2024-07-08_2024-07-09,2024
2133-1,Field pond,2024-07-08T00:00:00Z,2024-07-09T00:00:00Z,SDSF_3,Xenlae,subadult,32,6.9,F,alive,no,Xenopus laevis,5217334,,50.75672222222222,2.9182777777777775,Mesen,West-Vlaanderen,flanders,"c(2.91827777777778, 50.7567222222222)",Field_pond_2024-07-08_2024-07-09,2024
2134-1,Field pond,2024-07-08T00:00:00Z,2024-07-09T00:00:00Z,SDSF_3,Xenlae,subadult,38,7.1,M,alive,no,Xenopus laevis,5217334,,50.75672222222222,2.9182777777777775,Mesen,West-Vlaanderen,flanders,"c(2.91827777777778, 50.7567222222222)",Field_pond_2024-07-08_2024-07-09,2024
2135-1,Field pond,2024-07-08T00:00:00Z,2024-07-09T00:00:00Z,SDSF_3,Xenlae,adult,65,9.2,F,alive,no,Xenopus laevis,5217334,,50.75672222222222,2.9182777777777775,Mesen,West-Vlaanderen,flanders,"c(2.91827777777778, 50.7567222222222)",Field_pond_2024-07-08_2024-07-09,2024
2136-1,Field pond,2024-07-08T00:00:00Z,2024-07-09T00:00:00Z,SDSF_3,Xenlae,adult,36,7.5,M,alive,no,Xenopus laevis,5217334,,50.75672222222222,2.9182777777777775,Mesen,West-Vlaanderen,flanders,"c(2.91827777777778, 50.7567222222222)",Field_pond_2024-07-08_2024-07-09,2024
2137-1,Field pond,2024-07-08T00:00:00Z,2024-07-09T00:00:00Z,SDSF_3,Xenlae,adult,52,8.4,F,alive,no,Xenopus laevis,5217334,,50.75672222222222,2.9182777777777775,Mesen,West-Vlaanderen,flanders,"c(2.91827777777778, 50.7567222222222)",Field_pond_2024-07-08_2024-07-09,2024
2138-1,Field pond,2024-07-08T00:00:00Z,2024-07-09T00:00:00Z,SDSF_3,Xenlae,adult,48,8.2,M,alive,no,Xenopus laevis,5217334,,50.75672222222222,2.9182777777777775,Mesen,West-Vlaanderen,flanders,"c(2.91827777777778, 50.7567222222222)",Field_pond_2024-07-08_2024-07-09,2024
2139-1,Field pond,2024-07-08T00:00:00Z,2024-07-09T00:00:00Z,SDSF_3,Xenlae,adult,60,9,M,alive,no,Xenopus laevis,5217334,,50.75672222222222,2.9182777777777775,Mesen,West-Vlaanderen,flanders,"c(2.91827777777778, 50.7567222222222)",Field_pond_2024-07-08_2024-07-09,2024
2140-1,Field pond,2024-07-08T00:00:00Z,2024-07-09T00:00:00Z,SDSF_3,Xenlae,adult,54,8.4,F,alive,no,Xenopus laevis,5217334,,50.75672222222222,2.9182777777777775,Mesen,West-Vlaanderen,flanders,"c(2.91827777777778, 50.7567222222222)",Field_pond_2024-07-08_2024-07-09,2024
2141-1,Field pond,2024-07-08T00:00:00Z,2024-07-09T00:00:00Z,SDSF_3,Xenlae,adult,45,7.6,F,alive,no,Xenopus laevis,5217334,,50.75672222222222,2.9182777777777775,Mesen,West-Vlaanderen,flanders,"c(2.91827777777778, 50.7567222222222)",Field_pond_2024-07-08_2024-07-09,2024
2142-1,Field pond,2024-07-08T00:00:00Z,2024-07-09T00:00:00Z,SDSF_3,Xenlae,adult,50,8.5,M,alive,no,Xenopus laevis,5217334,,50.75672222222222,2.9182777777777775,Mesen,West-Vlaanderen,flanders,"c(2.91827777777778, 50.7567222222222)",Field_pond_2024-07-08_2024-07-09,2024
2143-1,Field pond,2024-07-08T00:00:00Z,2024-07-09T00:00:00Z,SDSF_3,Xenlae,subadult,37,7,M,alive,no,Xenopus laevis,5217334,,50.75672222222222,2.9182777777777775,Mesen,West-Vlaanderen,flanders,"c(2.91827777777778, 50.7567222222222)",Field_pond_2024-07-08_2024-07-09,2024
2144-1,Field pond,2024-07-08T00:00:00Z,2024-07-09T00:00:00Z,SDSF_3,Xenlae,adult,37,7.4,F,alive,no,Xenopus laevis,5217334,,50.75672222222222,2.9182777777777775,Mesen,West-Vlaanderen,flanders,"c(2.91827777777778, 50.7567222222222)",Field_pond_2024-07-08_2024-07-09,2024
2145-1,Field pond,2024-07-08T00:00:00Z,2024-07-09T00:00:00Z,SDSF_3,Xenlae,subadult,27,6.6,NA,alive,no,Xenopus laevis,5217334,,50.75672222222222,2.9182777777777775,Mesen,West-Vlaanderen,flanders,"c(2.91827777777778, 50.7567222222222)",Field_pond_2024-07-08_2024-07-09,2024
2146-1,Field pond,2024-07-08T00:00:00Z,2024-07-09T00:00:00Z,SDSF_3,Xenlae,adult,46,8,F,alive,no,Xenopus laevis,5217334,,50.75672222222222,2.9182777777777775,Mesen,West-Vlaanderen,flanders,"c(2.91827777777778, 50.7567222222222)",Field_pond_2024-07-08_2024-07-09,2024
2147-1,Field pond,2024-07-08T00:00:00Z,2024-07-09T00:00:00Z,SDSF_3,Xenlae,juvenile,30,NA,NA,alive,no,Xenopus laevis,5217334,,50.75672222222222,2.9182777777777775,Mesen,West-Vlaanderen,flanders,"c(2.91827777777778, 50.7567222222222)",Field_pond_2024-07-08_2024-07-09,2024
2148-1,Field pond,2024-07-08T00:00:00Z,2024-07-09T00:00:00Z,SDSF_3,Xenlae,subadult,31,7,NA,alive,no,Xenopus laevis,5217334,,50.75672222222222,2.9182777777777775,Mesen,West-Vlaanderen,flanders,"c(2.91827777777778, 50.7567222222222)",Field_pond_2024-07-08_2024-07-09,2024
2149-1,Field pond,2024-07-08T00:00:00Z,2024-07-09T00:00:00Z,SDSF_3,Xenlae,adult,38,7.6,F,alive,no,Xenopus laevis,5217334,,50.75672222222222,2.9182777777777775,Mesen,West-Vlaanderen,flanders,"c(2.91827777777778, 50.7567222222222)",Field_pond_2024-07-08_2024-07-09,2024
2150-1,Field pond,2024-07-08T00:00:00Z,2024-07-09T00:00:00Z,SDSF_3,Xenlae,subadult,35,7.3,F,alive,no,Xenopus laevis,5217334,,50.75672222222222,2.9182777777777775,Mesen,West-Vlaanderen,flanders,"c(2.91827777777778, 50.7567222222222)",Field_pond_2024-07-08_2024-07-09,2024
2151-1,Field pond,2024-07-08T00:00:00Z,2024-07-09T00:00:00Z,SDSF_3,Xenlae,subadult,24,6.1,NA,alive,no,Xenopus laevis,5217334,,50.75672222222222,2.9182777777777775,Mesen,West-Vlaanderen,flanders,"c(2.91827777777778, 50.7567222222222)",Field_pond_2024-07-08_2024-07-09,2024
2152-1,Field pond,2024-07-08T00:00:00Z,2024-07-09T00:00:00Z,SDSF_3,Xenlae,subadult,31,7,M,alive,no,Xenopus laevis,5217334,,50.75672222222222,2.9182777777777775,Mesen,West-Vlaanderen,flanders,"c(2.91827777777778, 50.7567222222222)",Field_pond_2024-07-08_2024-07-09,2024
2153-1,Field pond,2024-07-08T00:00:00Z,2024-07-09T00:00:00Z,SDSF_3,Xenlae,adult,67,9.4,F,alive,no,Xenopus laevis,5217334,,50.75672222222222,2.9182777777777775,Mesen,West-Vlaanderen,flanders,"c(2.91827777777778, 50.7567222222222)",Field_pond_2024-07-08_2024-07-09,2024
2154-1,Field pond,2024-07-08T00:00:00Z,2024-07-09T00:00:00Z,SDSF_3,Xenlae,subadult,30,7,F,alive,no,Xenopus laevis,5217334,,50.75672222222222,2.9182777777777775,Mesen,West-Vlaanderen,flanders,"c(2.91827777777778, 50.7567222222222)",Field_pond_2024-07-08_2024-07-09,2024
2155-1,Field pond,2024-07-08T00:00:00Z,2024-07-09T00:00:00Z,SDSF_3,Xenlae,adult,46,8.1,F,alive,no,Xenopus laevis,5217334,,50.75672222222222,2.9182777777777775,Mesen,West-Vlaanderen,flanders,"c(2.91827777777778, 50.7567222222222)",Field_pond_2024-07-08_2024-07-09,2024
2156-1,Field pond,2024-07-08T00:00:00Z,2024-07-09T00:00:00Z,SDSF_3,Xenlae,subadult,33,7.3,F,alive,no,Xenopus laevis,5217334,,50.75672222222222,2.9182777777777775,Mesen,West-Vlaanderen,flanders,"c(2.91827777777778, 50.7567222222222)",Field_pond_2024-07-08_2024-07-09,2024
2157-1,Field pond,2024-07-08T00:00:00Z,2024-07-09T00:00:00Z,SDSF_3,Xenlae,subadult,34,6.8,F,alive,no,Xenopus laevis,5217334,,50.75672222222222,2.9182777777777775,Mesen,West-Vlaanderen,flanders,"c(2.91827777777778, 50.7567222222222)",Field_pond_2024-07-08_2024-07-09,2024
2158-1,Field pond,2024-07-08T00:00:00Z,2024-07-09T00:00:00Z,SDSF_3,Xenlae,subadult,22,6.6,NA,alive,no,Xenopus laevis,5217334,,50.75672222222222,2.9182777777777775,Mesen,West-Vlaanderen,flanders,"c(2.91827777777778, 50.7567222222222)",Field_pond_2024-07-08_2024-07-09,2024
2159-1,Field pond,2024-07-08T00:00:00Z,2024-07-09T00:00:00Z,SDSF_3,Xenlae,subadult,32,7,F,alive,no,Xenopus laevis,5217334,,50.75672222222222,2.9182777777777775,Mesen,West-Vlaanderen,flanders,"c(2.91827777777778, 50.7567222222222)",Field_pond_2024-07-08_2024-07-09,2024
2160-1,Field pond,2024-07-08T00:00:00Z,2024-07-09T00:00:00Z,SDSF_3,Xenlae,adult,36,7.5,F,alive,no,Xenopus laevis,5217334,,50.75672222222222,2.9182777777777775,Mesen,West-Vlaanderen,flanders,"c(2.91827777777778, 50.7567222222222)",Field_pond_2024-07-08_2024-07-09,2024
2161-1,Field pond,2024-07-08T00:00:00Z,2024-07-09T00:00:00Z,SDSF_3,Xenlae,subadult,29,6.6,NA,alive,no,Xenopus laevis,5217334,,50.75672222222222,2.9182777777777775,Mesen,West-Vlaanderen,flanders,"c(2.91827777777778, 50.7567222222222)",Field_pond_2024-07-08_2024-07-09,2024
2162-1,Field pond,2024-07-08T00:00:00Z,2024-07-09T00:00:00Z,SDSF_3,Xenlae,subadult,33,6.7,F,alive,no,Xenopus laevis,5217334,,50.75672222222222,2.9182777777777775,Mesen,West-Vlaanderen,flanders,"c(2.91827777777778, 50.7567222222222)",Field_pond_2024-07-08_2024-07-09,2024
2163-1,Field pond,2024-07-08T00:00:00Z,2024-07-09T00:00:00Z,SDSF_3,Xenlae,subadult,27,6.3,NA,alive,no,Xenopus laevis,5217334,,50.75672222222222,2.9182777777777775,Mesen,West-Vlaanderen,flanders,"c(2.91827777777778, 50.7567222222222)",Field_pond_2024-07-08_2024-07-09,2024
2164-2,Field pond,2024-07-08T00:00:00Z,2024-07-09T00:00:00Z,SDSF_3,Xenlae,subadult,29,6.6,NA,alive,no,Xenopus laevis,5217334,,50.75672222222222,2.9182777777777775,Mesen,West-Vlaanderen,flanders,"c(2.91827777777778, 50.7567222222222)",Field_pond_2024-07-08_2024-07-09,2024
2165-1,Field pond,2024-07-08T00:00:00Z,2024-07-09T00:00:00Z,SDSF_3,Xenlae,adult,28,7.4,NA,alive,no,Xenopus laevis,5217334,,50.75672222222222,2.9182777777777775,Mesen,West-Vlaanderen,flanders,"c(2.91827777777778, 50.7567222222222)",Field_pond_2024-07-08_2024-07-09,2024
2166-1,Field pond,2024-07-08T00:00:00Z,2024-07-09T00:00:00Z,SDSF_3,Xenlae,subadult,32,6.8,NA,alive,no,Xenopus laevis,5217334,,50.75672222222222,2.9182777777777775,Mesen,West-Vlaanderen,flanders,"c(2.91827777777778, 50.7567222222222)",Field_pond_2024-07-08_2024-07-09,2024
2167-1,Field pond,2024-07-08T00:00:00Z,2024-07-09T00:00:00Z,SDSF_3,Xenlae,subadult,23,6.4,NA,alive,no,Xenopus laevis,5217334,,50.75672222222222,2.9182777777777775,Mesen,West-Vlaanderen,flanders,"c(2.91827777777778, 50.7567222222222)",Field_pond_2024-07-08_2024-07-09,2024
2168-1,Field pond,2024-07-08T00:00:00Z,2024-07-09T00:00:00Z,SDSF_3,Xenlae,subadult,30,7.1,F,alive,no,Xenopus laevis,5217334,,50.75672222222222,2.9182777777777775,Mesen,West-Vlaanderen,flanders,"c(2.91827777777778, 50.7567222222222)",Field_pond_2024-07-08_2024-07-09,2024
2169-2,Field pond,2024-07-08T00:00:00Z,2024-07-09T00:00:00Z,SDSF_3,Xenlae,subadult,27,6.6,NA,alive,no,Xenopus laevis,5217334,,50.75672222222222,2.9182777777777775,Mesen,West-Vlaanderen,flanders,"c(2.91827777777778, 50.7567222222222)",Field_pond_2024-07-08_2024-07-09,2024
2170-1,Field pond,2024-07-08T00:00:00Z,2024-07-09T00:00:00Z,SDSF_3,Xenlae,subadult,30,6.8,NA,alive,no,Xenopus laevis,5217334,,50.75672222222222,2.9182777777777775,Mesen,West-Vlaanderen,flanders,"c(2.91827777777778, 50.7567222222222)",Field_pond_2024-07-08_2024-07-09,2024
2171-1,Field pond,2024-07-08T00:00:00Z,2024-07-09T00:00:00Z,SDSF_3,Xenlae,adult,39,7.5,M,alive,no,Xenopus laevis,5217334,,50.75672222222222,2.9182777777777775,Mesen,West-Vlaanderen,flanders,"c(2.91827777777778, 50.7567222222222)",Field_pond_2024-07-08_2024-07-09,2024
2172-1,Field pond,2024-07-08T00:00:00Z,2024-07-09T00:00:00Z,SDSF_3,Xenlae,subadult,32,6.7,F,alive,no,Xenopus laevis,5217334,,50.75672222222222,2.9182777777777775,Mesen,West-Vlaanderen,flanders,"c(2.91827777777778, 50.7567222222222)",Field_pond_2024-07-08_2024-07-09,2024
2173-1,Field pond,2024-07-08T00:00:00Z,2024-07-09T00:00:00Z,SDSF_3,Xenlae,subadult,32,6.6,F,alive,no,Xenopus laevis,5217334,,50.75672222222222,2.9182777777777775,Mesen,West-Vlaanderen,flanders,"c(2.91827777777778, 50.7567222222222)",Field_pond_2024-07-08_2024-07-09,2024
2174-1,Field pond,2024-07-08T00:00:00Z,2024-07-09T00:00:00Z,SDSF_3,Xenlae,adult,44,7.7,F,alive,no,Xenopus laevis,5217334,,50.75672222222222,2.9182777777777775,Mesen,West-Vlaanderen,flanders,"c(2.91827777777778, 50.7567222222222)",Field_pond_2024-07-08_2024-07-09,2024
2175-1,Field pond,2024-07-08T00:00:00Z,2024-07-09T00:00:00Z,SDSF_3,Xenlae,subadult,36,7.2,F,alive,no,Xenopus laevis,5217334,,50.75672222222222,2.9182777777777775,Mesen,West-Vlaanderen,flanders,"c(2.91827777777778, 50.7567222222222)",Field_pond_2024-07-08_2024-07-09,2024
2176-2,Field pond,2024-07-08T00:00:00Z,2024-07-09T00:00:00Z,SDSF_3,Xenlae,subadult,32,7,F,alive,no,Xenopus laevis,5217334,,50.75672222222222,2.9182777777777775,Mesen,West-Vlaanderen,flanders,"c(2.91827777777778, 50.7567222222222)",Field_pond_2024-07-08_2024-07-09,2024
2177-1,Field pond,2024-07-08T00:00:00Z,2024-07-09T00:00:00Z,SDSF_3,Xenlae,adult,44,7.6,M,alive,no,Xenopus laevis,5217334,,50.75672222222222,2.9182777777777775,Mesen,West-Vlaanderen,flanders,"c(2.91827777777778, 50.7567222222222)",Field_pond_2024-07-08_2024-07-09,2024
2178-1,Field pond,2024-07-08T00:00:00Z,2024-07-09T00:00:00Z,SDSF_3,Xenlae,juvenile,21,5.8,NA,alive,no,Xenopus laevis,5217334,,50.75672222222222,2.9182777777777775,Mesen,West-Vlaanderen,flanders,"c(2.91827777777778, 50.7567222222222)",Field_pond_2024-07-08_2024-07-09,2024
2179-1,Field pond,2024-07-08T00:00:00Z,2024-07-09T00:00:00Z,SDSF_3,Xenlae,subadult,25,6.1,NA,alive,no,Xenopus laevis,5217334,,50.75672222222222,2.9182777777777775,Mesen,West-Vlaanderen,flanders,"c(2.91827777777778, 50.7567222222222)",Field_pond_2024-07-08_2024-07-09,2024
2186-1,Field pond,2024-07-08T00:00:00Z,2024-07-09T00:00:00Z,SDSF_4,Xenlae,adult,30,7.4,NA,alive,no,Xenopus laevis,5217334,,50.75672222222222,2.9182777777777775,Mesen,West-Vlaanderen,flanders,"c(2.91827777777778, 50.7567222222222)",Field_pond_2024-07-08_2024-07-09,2024
2187-1,Field pond,2024-07-08T00:00:00Z,2024-07-09T00:00:00Z,SDSF_4,Xenlae,adult,35,7.8,M,alive,no,Xenopus laevis,5217334,,50.75672222222222,2.9182777777777775,Mesen,West-Vlaanderen,flanders,"c(2.91827777777778, 50.7567222222222)",Field_pond_2024-07-08_2024-07-09,2024
2188-1,Field pond,2024-07-08T00:00:00Z,2024-07-09T00:00:00Z,SDSF_4,Xenlae,adult,45,8.1,M,alive,no,Xenopus laevis,5217334,,50.75672222222222,2.9182777777777775,Mesen,West-Vlaanderen,flanders,"c(2.91827777777778, 50.7567222222222)",Field_pond_2024-07-08_2024-07-09,2024
2189-1,Field pond,2024-07-08T00:00:00Z,2024-07-09T00:00:00Z,SDSF_4,Xenlae,adult,61,8.3,F,alive,no,Xenopus laevis,5217334,,50.75672222222222,2.9182777777777775,Mesen,West-Vlaanderen,flanders,"c(2.91827777777778, 50.7567222222222)",Field_pond_2024-07-08_2024-07-09,2024
2190-1,Field pond,2024-07-08T00:00:00Z,2024-07-09T00:00:00Z,SDSF_4,Xenlae,adult,121,11.7,F,alive,no,Xenopus laevis,5217334,,50.75672222222222,2.9182777777777775,Mesen,West-Vlaanderen,flanders,"c(2.91827777777778, 50.7567222222222)",Field_pond_2024-07-08_2024-07-09,2024
2191-1,Field pond,2024-07-08T00:00:00Z,2024-07-09T00:00:00Z,SDSF_4,Xenlae,adult,94,10.9,F,alive,no,Xenopus laevis,5217334,,50.75672222222222,2.9182777777777775,Mesen,West-Vlaanderen,flanders,"c(2.91827777777778, 50.7567222222222)",Field_pond_2024-07-08_2024-07-09,2024
2192-1,Field pond,2024-07-08T00:00:00Z,2024-07-09T00:00:00Z,SDSF_4,Xenlae,adult,59,8.8,F,alive,no,Xenopus laevis,5217334,,50.75672222222222,2.9182777777777775,Mesen,West-Vlaanderen,flanders,"c(2.91827777777778, 50.7567222222222)",Field_pond_2024-07-08_2024-07-09,2024
2193-1,Field pond,2024-07-08T00:00:00Z,2024-07-09T00:00:00Z,SDSF_4,Xenlae,adult,62,8.8,F,alive,no,Xenopus laevis,5217334,,50.75672222222222,2.9182777777777775,Mesen,West-Vlaanderen,flanders,"c(2.91827777777778, 50.7567222222222)",Field_pond_2024-07-08_2024-07-09,2024
2194-1,Field pond,2024-07-08T00:00:00Z,2024-07-09T00:00:00Z,SDSF_4,Xenlae,adult,40,7.6,M,alive,no,Xenopus laevis,5217334,,50.75672222222222,2.9182777777777775,Mesen,West-Vlaanderen,flanders,"c(2.91827777777778, 50.7567222222222)",Field_pond_2024-07-08_2024-07-09,2024
2195-1,Field pond,2024-07-08T00:00:00Z,2024-07-09T00:00:00Z,SDSF_4,Xenlae,adult,56,8.4,M,alive,no,Xenopus laevis,5217334,,50.75672222222222,2.9182777777777775,Mesen,West-Vlaanderen,flanders,"c(2.91827777777778, 50.7567222222222)",Field_pond_2024-07-08_2024-07-09,2024
2196-1,Field pond,2024-07-08T00:00:00Z,2024-07-09T00:00:00Z,SDSF_4,Xenlae,adult,32,7.4,NA,alive,no,Xenopus laevis,5217334,,50.75672222222222,2.9182777777777775,Mesen,West-Vlaanderen,flanders,"c(2.91827777777778, 50.7567222222222)",Field_pond_2024-07-08_2024-07-09,2024
2197-1,Field pond,2024-07-08T00:00:00Z,2024-07-09T00:00:00Z,SDSF_4,Xenlae,subadult,31,6.8,NA,alive,no,Xenopus laevis,5217334,,50.75672222222222,2.9182777777777775,Mesen,West-Vlaanderen,flanders,"c(2.91827777777778, 50.7567222222222)",Field_pond_2024-07-08_2024-07-09,2024
2198-1,Field pond,2024-07-08T00:00:00Z,2024-07-09T00:00:00Z,SDSF_4,Xenlae,adult,31,7.5,NA,alive,no,Xenopus laevis,5217334,,50.75672222222222,2.9182777777777775,Mesen,West-Vlaanderen,flanders,"c(2.91827777777778, 50.7567222222222)",Field_pond_2024-07-08_2024-07-09,2024
2199-1,Field pond,2024-07-08T00:00:00Z,2024-07-09T00:00:00Z,SDSF_4,Xenlae,subadult,33,7.1,NA,alive,no,Xenopus laevis,5217334,,50.75672222222222,2.9182777777777775,Mesen,West-Vlaanderen,flanders,"c(2.91827777777778, 50.7567222222222)",Field_pond_2024-07-08_2024-07-09,2024
2212-1,Schomminkel cow pond,2024-07-09T00:00:00Z,2024-07-10T00:00:00Z,SDSF_4,Xenlae,subadult,37,7.2,F,alive,no,Xenopus laevis,5217334,,50.778055555555554,2.7528888888888887,Heuvelland,West-Vlaanderen,flanders,"c(2.75288888888889, 50.7780555555556)",Schomminkel_cow_pond_2024-07-09_2024-07-10,2024
2213-1,Fish passage,2024-07-09T00:00:00Z,2024-07-10T00:00:00Z,SDSF_1,Xenlae,subadult,29,6.7,M,alive,no,Xenopus laevis,5217334,,50.75802777777778,2.8552222222222223,Heuvelland,West-Vlaanderen,flanders,"c(2.85522222222222, 50.7580277777778)",Fish_passage_2024-07-09_2024-07-10,2024
2214-1,Fish passage,2024-07-09T00:00:00Z,2024-07-10T00:00:00Z,SDSF_1,Xenlae,subadult,32,7.1,M,alive,no,Xenopus laevis,5217334,,50.75802777777778,2.8552222222222223,Heuvelland,West-Vlaanderen,flanders,"c(2.85522222222222, 50.7580277777778)",Fish_passage_2024-07-09_2024-07-10,2024
2215-1,Fish passage,2024-07-09T00:00:00Z,2024-07-10T00:00:00Z,SDSF_1,Xenlae,subadult,25,6.1,NA,alive,no,Xenopus laevis,5217334,,50.75802777777778,2.8552222222222223,Heuvelland,West-Vlaanderen,flanders,"c(2.85522222222222, 50.7580277777778)",Fish_passage_2024-07-09_2024-07-10,2024
2216-1,Fish passage,2024-07-09T00:00:00Z,2024-07-10T00:00:00Z,SDSF_1,Xenlae,subadult,24,6.4,NA,alive,no,Xenopus laevis,5217334,,50.75802777777778,2.8552222222222223,Heuvelland,West-Vlaanderen,flanders,"c(2.85522222222222, 50.7580277777778)",Fish_passage_2024-07-09_2024-07-10,2024
2217-1,Fish passage,2024-07-09T00:00:00Z,2024-07-10T00:00:00Z,SDSF_1,Xenlae,adult,229,13.2,F,dead,no,Xenopus laevis,5217334,,50.75802777777778,2.8552222222222223,Heuvelland,West-Vlaanderen,flanders,"c(2.85522222222222, 50.7580277777778)",Fish_passage_2024-07-09_2024-07-10,2024
2218-1,Fish passage,2024-07-09T00:00:00Z,2024-07-10T00:00:00Z,SDSF_1,Xenlae,adult,41,7.9,F,dead,no,Xenopus laevis,5217334,,50.75802777777778,2.8552222222222223,Heuvelland,West-Vlaanderen,flanders,"c(2.85522222222222, 50.7580277777778)",Fish_passage_2024-07-09_2024-07-10,2024
2219-1,Fish passage,2024-07-09T00:00:00Z,2024-07-10T00:00:00Z,SDSF_1,Xenlae,adult,69,9.3,M,dead,no,Xenopus laevis,5217334,,50.75802777777778,2.8552222222222223,Heuvelland,West-Vlaanderen,flanders,"c(2.85522222222222, 50.7580277777778)",Fish_passage_2024-07-09_2024-07-10,2024
2220-1,Fish passage,2024-07-09T00:00:00Z,2024-07-10T00:00:00Z,SDSF_1,Xenlae,subadult,26,6.4,NA,dead,no,Xenopus laevis,5217334,,50.75802777777778,2.8552222222222223,Heuvelland,West-Vlaanderen,flanders,"c(2.85522222222222, 50.7580277777778)",Fish_passage_2024-07-09_2024-07-10,2024
2221-1,Fish passage,2024-07-09T00:00:00Z,2024-07-10T00:00:00Z,SDSF_1,Xenlae,juvenile,15,5.5,NA,dead,no,Xenopus laevis,5217334,,50.75802777777778,2.8552222222222223,Heuvelland,West-Vlaanderen,flanders,"c(2.85522222222222, 50.7580277777778)",Fish_passage_2024-07-09_2024-07-10,2024
2222-1,Fish passage,2024-07-09T00:00:00Z,2024-07-10T00:00:00Z,SDSF_1,Xenlae,adult,38,7.4,F,dead,no,Xenopus laevis,5217334,,50.75802777777778,2.8552222222222223,Heuvelland,West-Vlaanderen,flanders,"c(2.85522222222222, 50.7580277777778)",Fish_passage_2024-07-09_2024-07-10,2024
2224-1,Fish passage,2024-07-09T00:00:00Z,2024-07-10T00:00:00Z,SDSF_2,Xenlae,adult,43,7.5,M,alive,no,Xenopus laevis,5217334,,50.75802777777778,2.8552222222222223,Heuvelland,West-Vlaanderen,flanders,"c(2.85522222222222, 50.7580277777778)",Fish_passage_2024-07-09_2024-07-10,2024
2225-1,Fish passage,2024-07-09T00:00:00Z,2024-07-10T00:00:00Z,SDSF_2,Xenlae,adult,47,8,M,alive,no,Xenopus laevis,5217334,,50.75802777777778,2.8552222222222223,Heuvelland,West-Vlaanderen,flanders,"c(2.85522222222222, 50.7580277777778)",Fish_passage_2024-07-09_2024-07-10,2024
2226-1,Fish passage,2024-07-09T00:00:00Z,2024-07-10T00:00:00Z,SDSF_2,Xenlae,subadult,35,7.3,F,alive,no,Xenopus laevis,5217334,,50.75802777777778,2.8552222222222223,Heuvelland,West-Vlaanderen,flanders,"c(2.85522222222222, 50.7580277777778)",Fish_passage_2024-07-09_2024-07-10,2024
2227-1,Fish passage,2024-07-09T00:00:00Z,2024-07-10T00:00:00Z,SDSF_2,Xenlae,adult,41,7.5,M,alive,no,Xenopus laevis,5217334,,50.75802777777778,2.8552222222222223,Heuvelland,West-Vlaanderen,flanders,"c(2.85522222222222, 50.7580277777778)",Fish_passage_2024-07-09_2024-07-10,2024
2228-1,Fish passage,2024-07-09T00:00:00Z,2024-07-10T00:00:00Z,SDSF_2,Xenlae,adult,35,7.4,F,alive,no,Xenopus laevis,5217334,,50.75802777777778,2.8552222222222223,Heuvelland,West-Vlaanderen,flanders,"c(2.85522222222222, 50.7580277777778)",Fish_passage_2024-07-09_2024-07-10,2024
2229-1,Fish passage,2024-07-09T00:00:00Z,2024-07-10T00:00:00Z,SDSF_2,Xenlae,subadult,28,6.5,M,alive,no,Xenopus laevis,5217334,,50.75802777777778,2.8552222222222223,Heuvelland,West-Vlaanderen,flanders,"c(2.85522222222222, 50.7580277777778)",Fish_passage_2024-07-09_2024-07-10,2024
2230-1,Fish passage,2024-07-09T00:00:00Z,2024-07-10T00:00:00Z,SDSF_2,Xenlae,subadult,35,7,F,alive,no,Xenopus laevis,5217334,,50.75802777777778,2.8552222222222223,Heuvelland,West-Vlaanderen,flanders,"c(2.85522222222222, 50.7580277777778)",Fish_passage_2024-07-09_2024-07-10,2024
2231-1,Fish passage,2024-07-09T00:00:00Z,2024-07-10T00:00:00Z,SDSF_2,Xenlae,subadult,19,6,NA,alive,no,Xenopus laevis,5217334,,50.75802777777778,2.8552222222222223,Heuvelland,West-Vlaanderen,flanders,"c(2.85522222222222, 50.7580277777778)",Fish_passage_2024-07-09_2024-07-10,2024
2232-1,Fish passage,2024-07-09T00:00:00Z,2024-07-10T00:00:00Z,SDSF_2,Xenlae,subadult,33,7.3,M,alive,no,Xenopus laevis,5217334,,50.75802777777778,2.8552222222222223,Heuvelland,West-Vlaanderen,flanders,"c(2.85522222222222, 50.7580277777778)",Fish_passage_2024-07-09_2024-07-10,2024
2233-1,Fish passage,2024-07-09T00:00:00Z,2024-07-10T00:00:00Z,SDSF_2,Xenlae,subadult,30,6.7,M,alive,no,Xenopus laevis,5217334,,50.75802777777778,2.8552222222222223,Heuvelland,West-Vlaanderen,flanders,"c(2.85522222222222, 50.7580277777778)",Fish_passage_2024-07-09_2024-07-10,2024
2234-1,Fish passage,2024-07-09T00:00:00Z,2024-07-10T00:00:00Z,SDSF_2,Xenlae,subadult,25,6.4,NA,alive,no,Xenopus laevis,5217334,,50.75802777777778,2.8552222222222223,Heuvelland,West-Vlaanderen,flanders,"c(2.85522222222222, 50.7580277777778)",Fish_passage_2024-07-09_2024-07-10,2024
2235-1,Fish passage,2024-07-09T00:00:00Z,2024-07-10T00:00:00Z,SDSF_2,Xenlae,adult,44,7.6,M,dead,no,Xenopus laevis,5217334,,50.75802777777778,2.8552222222222223,Heuvelland,West-Vlaanderen,flanders,"c(2.85522222222222, 50.7580277777778)",Fish_passage_2024-07-09_2024-07-10,2024
2236-1,Fish passage,2024-07-09T00:00:00Z,2024-07-10T00:00:00Z,SDSF_2,Xenlae,adult,37,7.4,F,dead,no,Xenopus laevis,5217334,,50.75802777777778,2.8552222222222223,Heuvelland,West-Vlaanderen,flanders,"c(2.85522222222222, 50.7580277777778)",Fish_passage_2024-07-09_2024-07-10,2024
2237-1,Fish passage,2024-07-09T00:00:00Z,2024-07-10T00:00:00Z,SDSF_2,Xenlae,subadult,37,7.3,F,dead,no,Xenopus laevis,5217334,,50.75802777777778,2.8552222222222223,Heuvelland,West-Vlaanderen,flanders,"c(2.85522222222222, 50.7580277777778)",Fish_passage_2024-07-09_2024-07-10,2024
2238-1,Fish passage,2024-07-09T00:00:00Z,2024-07-10T00:00:00Z,SDSF_2,Xenlae,adult,62,9.1,M,dead,no,Xenopus laevis,5217334,,50.75802777777778,2.8552222222222223,Heuvelland,West-Vlaanderen,flanders,"c(2.85522222222222, 50.7580277777778)",Fish_passage_2024-07-09_2024-07-10,2024
2239-1,Fish passage,2024-07-09T00:00:00Z,2024-07-10T00:00:00Z,SDSF_2,Xenlae,subadult,31,7,F,dead,no,Xenopus laevis,5217334,,50.75802777777778,2.8552222222222223,Heuvelland,West-Vlaanderen,flanders,"c(2.85522222222222, 50.7580277777778)",Fish_passage_2024-07-09_2024-07-10,2024
2240-1,Fish passage,2024-07-09T00:00:00Z,2024-07-10T00:00:00Z,SDSF_2,Xenlae,subadult,35,6.5,F,dead,no,Xenopus laevis,5217334,,50.75802777777778,2.8552222222222223,Heuvelland,West-Vlaanderen,flanders,"c(2.85522222222222, 50.7580277777778)",Fish_passage_2024-07-09_2024-07-10,2024
2241-1,Fish passage,2024-07-09T00:00:00Z,2024-07-10T00:00:00Z,SDSF_2,Xenlae,subadult,21,6.2,NA,dead,no,Xenopus laevis,5217334,,50.75802777777778,2.8552222222222223,Heuvelland,West-Vlaanderen,flanders,"c(2.85522222222222, 50.7580277777778)",Fish_passage_2024-07-09_2024-07-10,2024
2242-1,Fish passage,2024-07-09T00:00:00Z,2024-07-10T00:00:00Z,SDSF_2,Xenlae,subadult,25,6,M,dead,no,Xenopus laevis,5217334,,50.75802777777778,2.8552222222222223,Heuvelland,West-Vlaanderen,flanders,"c(2.85522222222222, 50.7580277777778)",Fish_passage_2024-07-09_2024-07-10,2024
2243-1,Fish passage,2024-07-09T00:00:00Z,2024-07-10T00:00:00Z,SDSF_2,Xenlae,subadult,32,6.5,M,dead,no,Xenopus laevis,5217334,,50.75802777777778,2.8552222222222223,Heuvelland,West-Vlaanderen,flanders,"c(2.85522222222222, 50.7580277777778)",Fish_passage_2024-07-09_2024-07-10,2024
2244-1,Fish passage,2024-07-09T00:00:00Z,2024-07-10T00:00:00Z,SDSF_2,Xenlae,subadult,27,6.6,NA,dead,no,Xenopus laevis,5217334,,50.75802777777778,2.8552222222222223,Heuvelland,West-Vlaanderen,flanders,"c(2.85522222222222, 50.7580277777778)",Fish_passage_2024-07-09_2024-07-10,2024
2245-1,Fish passage,2024-07-09T00:00:00Z,2024-07-10T00:00:00Z,SDSF_2,Xenlae,subadult,34,6.9,M,dead,no,Xenopus laevis,5217334,,50.75802777777778,2.8552222222222223,Heuvelland,West-Vlaanderen,flanders,"c(2.85522222222222, 50.7580277777778)",Fish_passage_2024-07-09_2024-07-10,2024
2246-1,Fish passage,2024-07-09T00:00:00Z,2024-07-10T00:00:00Z,SDSF_2,Xenlae,subadult,22,5.9,NA,dead,no,Xenopus laevis,5217334,,50.75802777777778,2.8552222222222223,Heuvelland,West-Vlaanderen,flanders,"c(2.85522222222222, 50.7580277777778)",Fish_passage_2024-07-09_2024-07-10,2024
2247-1,Fish passage,2024-07-09T00:00:00Z,2024-07-10T00:00:00Z,SDSF_2,Xenlae,subadult,33,6.9,F,dead,no,Xenopus laevis,5217334,,50.75802777777778,2.8552222222222223,Heuvelland,West-Vlaanderen,flanders,"c(2.85522222222222, 50.7580277777778)",Fish_passage_2024-07-09_2024-07-10,2024
2248-1,Fish passage,2024-07-09T00:00:00Z,2024-07-10T00:00:00Z,SDSF_2,Xenlae,juvenile,11,4.9,NA,alive,no,Xenopus laevis,5217334,,50.75802777777778,2.8552222222222223,Heuvelland,West-Vlaanderen,flanders,"c(2.85522222222222, 50.7580277777778)",Fish_passage_2024-07-09_2024-07-10,2024
2249-1,Fish passage,2024-07-09T00:00:00Z,2024-07-10T00:00:00Z,SDSF_3,Xenlae,juvenile,18,5.6,NA,alive,no,Xenopus laevis,5217334,,50.75802777777778,2.8552222222222223,Heuvelland,West-Vlaanderen,flanders,"c(2.85522222222222, 50.7580277777778)",Fish_passage_2024-07-09_2024-07-10,2024
2250-1,Fish passage,2024-07-09T00:00:00Z,2024-07-10T00:00:00Z,SDSF_3,Xenlae,juvenile,19,5.9,NA,alive,no,Xenopus laevis,5217334,,50.75802777777778,2.8552222222222223,Heuvelland,West-Vlaanderen,flanders,"c(2.85522222222222, 50.7580277777778)",Fish_passage_2024-07-09_2024-07-10,2024
2251-1,Fish passage,2024-07-09T00:00:00Z,2024-07-10T00:00:00Z,SDSF_3,Xenlae,juvenile,16,5.3,NA,alive,no,Xenopus laevis,5217334,,50.75802777777778,2.8552222222222223,Heuvelland,West-Vlaanderen,flanders,"c(2.85522222222222, 50.7580277777778)",Fish_passage_2024-07-09_2024-07-10,2024
2252-1,Fish passage,2024-07-09T00:00:00Z,2024-07-10T00:00:00Z,SDSF_3,Xenlae,adult,35,7.4,M,alive,no,Xenopus laevis,5217334,,50.75802777777778,2.8552222222222223,Heuvelland,West-Vlaanderen,flanders,"c(2.85522222222222, 50.7580277777778)",Fish_passage_2024-07-09_2024-07-10,2024
2253-1,Fish passage,2024-07-09T00:00:00Z,2024-07-10T00:00:00Z,SDSF_3,Xenlae,subadult,31,6.8,M,alive,no,Xenopus laevis,5217334,,50.75802777777778,2.8552222222222223,Heuvelland,West-Vlaanderen,flanders,"c(2.85522222222222, 50.7580277777778)",Fish_passage_2024-07-09_2024-07-10,2024
2254-1,Fish passage,2024-07-09T00:00:00Z,2024-07-10T00:00:00Z,SDSF_3,Xenlae,juvenile,17,5.6,NA,alive,no,Xenopus laevis,5217334,,50.75802777777778,2.8552222222222223,Heuvelland,West-Vlaanderen,flanders,"c(2.85522222222222, 50.7580277777778)",Fish_passage_2024-07-09_2024-07-10,2024
2255-1,Fish passage,2024-07-09T00:00:00Z,2024-07-10T00:00:00Z,SDSF_3,Xenlae,adult,163,12.5,F,dead,no,Xenopus laevis,5217334,,50.75802777777778,2.8552222222222223,Heuvelland,West-Vlaanderen,flanders,"c(2.85522222222222, 50.7580277777778)",Fish_passage_2024-07-09_2024-07-10,2024
2256-1,Fish passage,2024-07-09T00:00:00Z,2024-07-10T00:00:00Z,SDSF_3,Xenlae,subadult,36,7.2,M,dead,no,Xenopus laevis,5217334,,50.75802777777778,2.8552222222222223,Heuvelland,West-Vlaanderen,flanders,"c(2.85522222222222, 50.7580277777778)",Fish_passage_2024-07-09_2024-07-10,2024
2257-1,Fish passage,2024-07-09T00:00:00Z,2024-07-10T00:00:00Z,SDSF_3,Xenlae,subadult,38,7,M,dead,no,Xenopus laevis,5217334,,50.75802777777778,2.8552222222222223,Heuvelland,West-Vlaanderen,flanders,"c(2.85522222222222, 50.7580277777778)",Fish_passage_2024-07-09_2024-07-10,2024
2258-1,Fish passage,2024-07-09T00:00:00Z,2024-07-10T00:00:00Z,SDSF_3,Xenlae,subadult,44,7.2,F,dead,no,Xenopus laevis,5217334,,50.75802777777778,2.8552222222222223,Heuvelland,West-Vlaanderen,flanders,"c(2.85522222222222, 50.7580277777778)",Fish_passage_2024-07-09_2024-07-10,2024
2259-1,Fish passage,2024-07-09T00:00:00Z,2024-07-10T00:00:00Z,SDSF_3,Xenlae,subadult,27,6.1,NA,dead,no,Xenopus laevis,5217334,,50.75802777777778,2.8552222222222223,Heuvelland,West-Vlaanderen,flanders,"c(2.85522222222222, 50.7580277777778)",Fish_passage_2024-07-09_2024-07-10,2024
2260-1,Fish passage,2024-07-09T00:00:00Z,2024-07-10T00:00:00Z,SDSF_3,Xenlae,subadult,24,6.4,NA,dead,no,Xenopus laevis,5217334,,50.75802777777778,2.8552222222222223,Heuvelland,West-Vlaanderen,flanders,"c(2.85522222222222, 50.7580277777778)",Fish_passage_2024-07-09_2024-07-10,2024
2261-1,Fish passage,2024-07-09T00:00:00Z,2024-07-10T00:00:00Z,SDSF_4,Xenlae,subadult,34,7.3,M,alive,no,Xenopus laevis,5217334,,50.75802777777778,2.8552222222222223,Heuvelland,West-Vlaanderen,flanders,"c(2.85522222222222, 50.7580277777778)",Fish_passage_2024-07-09_2024-07-10,2024
2262-1,Fish passage,2024-07-09T00:00:00Z,2024-07-10T00:00:00Z,SDSF_4,Xenlae,juvenile,20,5.7,NA,alive,no,Xenopus laevis,5217334,,50.75802777777778,2.8552222222222223,Heuvelland,West-Vlaanderen,flanders,"c(2.85522222222222, 50.7580277777778)",Fish_passage_2024-07-09_2024-07-10,2024
2263-1,Fish passage,2024-07-09T00:00:00Z,2024-07-10T00:00:00Z,SDSF_4,Xenlae,subadult,24,5.9,NA,dead,no,Xenopus laevis,5217334,,50.75802777777778,2.8552222222222223,Heuvelland,West-Vlaanderen,flanders,"c(2.85522222222222, 50.7580277777778)",Fish_passage_2024-07-09_2024-07-10,2024
2264-1,Fish passage,2024-07-09T00:00:00Z,2024-07-10T00:00:00Z,SDSF_4,Xenlae,adult,56,8.1,M,dead,no,Xenopus laevis,5217334,,50.75802777777778,2.8552222222222223,Heuvelland,West-Vlaanderen,flanders,"c(2.85522222222222, 50.7580277777778)",Fish_passage_2024-07-09_2024-07-10,2024
2265-1,Fish passage,2024-07-09T00:00:00Z,2024-07-10T00:00:00Z,SDSF_4,Xenlae,adult,45,7.8,M,dead,no,Xenopus laevis,5217334,,50.75802777777778,2.8552222222222223,Heuvelland,West-Vlaanderen,flanders,"c(2.85522222222222, 50.7580277777778)",Fish_passage_2024-07-09_2024-07-10,2024
2266-1,Fish passage,2024-07-09T00:00:00Z,2024-07-10T00:00:00Z,SDSF_4,Xenlae,subadult,33,6.8,M,dead,no,Xenopus laevis,5217334,,50.75802777777778,2.8552222222222223,Heuvelland,West-Vlaanderen,flanders,"c(2.85522222222222, 50.7580277777778)",Fish_passage_2024-07-09_2024-07-10,2024
2267-1,Fish passage,2024-07-09T00:00:00Z,2024-07-10T00:00:00Z,SDSF_4,Xenlae,juvenile,22,5.7,NA,dead,no,Xenopus laevis,5217334,,50.75802777777778,2.8552222222222223,Heuvelland,West-Vlaanderen,flanders,"c(2.85522222222222, 50.7580277777778)",Fish_passage_2024-07-09_2024-07-10,2024
2268-1,Fish passage,2024-07-09T00:00:00Z,2024-07-10T00:00:00Z,SDSF_4,Xenlae,juvenile,20,5.6,NA,dead,no,Xenopus laevis,5217334,,50.75802777777778,2.8552222222222223,Heuvelland,West-Vlaanderen,flanders,"c(2.85522222222222, 50.7580277777778)",Fish_passage_2024-07-09_2024-07-10,2024
2269-1,Fish passage,2024-07-09T00:00:00Z,2024-07-10T00:00:00Z,SDSF_4,Xenlae,subadult,26,6,NA,dead,no,Xenopus laevis,5217334,,50.75802777777778,2.8552222222222223,Heuvelland,West-Vlaanderen,flanders,"c(2.85522222222222, 50.7580277777778)",Fish_passage_2024-07-09_2024-07-10,2024
2270-1,Fish passage,2024-07-09T00:00:00Z,2024-07-10T00:00:00Z,SDSF_4,Xenlae,subadult,29,6.6,NA,dead,no,Xenopus laevis,5217334,,50.75802777777778,2.8552222222222223,Heuvelland,West-Vlaanderen,flanders,"c(2.85522222222222, 50.7580277777778)",Fish_passage_2024-07-09_2024-07-10,2024
2271-1,Fish passage,2024-07-09T00:00:00Z,2024-07-10T00:00:00Z,SDSF_4,Xenlae,subadult,37,6.9,M,dead,no,Xenopus laevis,5217334,,50.75802777777778,2.8552222222222223,Heuvelland,West-Vlaanderen,flanders,"c(2.85522222222222, 50.7580277777778)",Fish_passage_2024-07-09_2024-07-10,2024
2272-1,Fish passage,2024-07-09T00:00:00Z,2024-07-10T00:00:00Z,SDSF_4,Xenlae,subadult,35,7.1,M,dead,no,Xenopus laevis,5217334,,50.75802777777778,2.8552222222222223,Heuvelland,West-Vlaanderen,flanders,"c(2.85522222222222, 50.7580277777778)",Fish_passage_2024-07-09_2024-07-10,2024
2273-1,Fish passage,2024-07-09T00:00:00Z,2024-07-10T00:00:00Z,SDSF_4,Xenlae,juvenile,19,5.4,NA,dead,no,Xenopus laevis,5217334,,50.75802777777778,2.8552222222222223,Heuvelland,West-Vlaanderen,flanders,"c(2.85522222222222, 50.7580277777778)",Fish_passage_2024-07-09_2024-07-10,2024
2274-1,Fish passage,2024-07-09T00:00:00Z,2024-07-10T00:00:00Z,SDSF_4,Xenlae,juvenile,18,5.4,NA,dead,no,Xenopus laevis,5217334,,50.75802777777778,2.8552222222222223,Heuvelland,West-Vlaanderen,flanders,"c(2.85522222222222, 50.7580277777778)",Fish_passage_2024-07-09_2024-07-10,2024
2275-1,Fish passage,2024-07-09T00:00:00Z,2024-07-10T00:00:00Z,SDSF_4,Xenlae,subadult,30,6.9,M,dead,no,Xenopus laevis,5217334,,50.75802777777778,2.8552222222222223,Heuvelland,West-Vlaanderen,flanders,"c(2.85522222222222, 50.7580277777778)",Fish_passage_2024-07-09_2024-07-10,2024
2276-1,Fish passage,2024-07-09T00:00:00Z,2024-07-10T00:00:00Z,SDSF_4,Xenlae,subadult,38,6.8,M,dead,no,Xenopus laevis,5217334,,50.75802777777778,2.8552222222222223,Heuvelland,West-Vlaanderen,flanders,"c(2.85522222222222, 50.7580277777778)",Fish_passage_2024-07-09_2024-07-10,2024
2277-1,Fish passage,2024-07-09T00:00:00Z,2024-07-10T00:00:00Z,SDSF_4,Xenlae,adult,41,7.5,M,dead,no,Xenopus laevis,5217334,,50.75802777777778,2.8552222222222223,Heuvelland,West-Vlaanderen,flanders,"c(2.85522222222222, 50.7580277777778)",Fish_passage_2024-07-09_2024-07-10,2024
2278-1,Fish passage,2024-07-09T00:00:00Z,2024-07-10T00:00:00Z,SDSF_4,Xenlae,juvenile,14,5.2,NA,dead,no,Xenopus laevis,5217334,,50.75802777777778,2.8552222222222223,Heuvelland,West-Vlaanderen,flanders,"c(2.85522222222222, 50.7580277777778)",Fish_passage_2024-07-09_2024-07-10,2024
2280-1,Field pond,2024-07-09T00:00:00Z,2024-07-10T00:00:00Z,SDSF_1,Xenlae,adult,55,9.1,F,alive,no,Xenopus laevis,5217334,,50.75672222222222,2.9182777777777775,Mesen,West-Vlaanderen,flanders,"c(2.91827777777778, 50.7567222222222)",Field_pond_2024-07-09_2024-07-10,2024
2281-1,Field pond,2024-07-09T00:00:00Z,2024-07-10T00:00:00Z,SDSF_1,Xenlae,adult,45,7.8,F,alive,no,Xenopus laevis,5217334,,50.75672222222222,2.9182777777777775,Mesen,West-Vlaanderen,flanders,"c(2.91827777777778, 50.7567222222222)",Field_pond_2024-07-09_2024-07-10,2024
2282-1,Field pond,2024-07-09T00:00:00Z,2024-07-10T00:00:00Z,SDSF_1,Xenlae,adult,56,8.3,F,alive,no,Xenopus laevis,5217334,,50.75672222222222,2.9182777777777775,Mesen,West-Vlaanderen,flanders,"c(2.91827777777778, 50.7567222222222)",Field_pond_2024-07-09_2024-07-10,2024
2283-1,Field pond,2024-07-09T00:00:00Z,2024-07-10T00:00:00Z,SDSF_1,Xenlae,subadult,29,6.7,F,alive,no,Xenopus laevis,5217334,,50.75672222222222,2.9182777777777775,Mesen,West-Vlaanderen,flanders,"c(2.91827777777778, 50.7567222222222)",Field_pond_2024-07-09_2024-07-10,2024
2284-1,Field pond,2024-07-09T00:00:00Z,2024-07-10T00:00:00Z,SDSF_1,Xenlae,adult,47,8.1,F,alive,no,Xenopus laevis,5217334,,50.75672222222222,2.9182777777777775,Mesen,West-Vlaanderen,flanders,"c(2.91827777777778, 50.7567222222222)",Field_pond_2024-07-09_2024-07-10,2024
2285-1,Field pond,2024-07-09T00:00:00Z,2024-07-10T00:00:00Z,SDSF_1,Xenlae,adult,41,8.1,F,alive,no,Xenopus laevis,5217334,,50.75672222222222,2.9182777777777775,Mesen,West-Vlaanderen,flanders,"c(2.91827777777778, 50.7567222222222)",Field_pond_2024-07-09_2024-07-10,2024
2286-1,Field pond,2024-07-09T00:00:00Z,2024-07-10T00:00:00Z,SDSF_1,Xenlae,adult,40,7.5,F,alive,no,Xenopus laevis,5217334,,50.75672222222222,2.9182777777777775,Mesen,West-Vlaanderen,flanders,"c(2.91827777777778, 50.7567222222222)",Field_pond_2024-07-09_2024-07-10,2024
2293-1,Field pond,2024-07-09T00:00:00Z,2024-07-10T00:00:00Z,SDSF_2,Xenlae,adult,183,12.6,F,alive,no,Xenopus laevis,5217334,,50.75672222222222,2.9182777777777775,Mesen,West-Vlaanderen,flanders,"c(2.91827777777778, 50.7567222222222)",Field_pond_2024-07-09_2024-07-10,2024
2294-1,Field pond,2024-07-09T00:00:00Z,2024-07-10T00:00:00Z,SDSF_2,Xenlae,adult,105,10.4,F,alive,no,Xenopus laevis,5217334,,50.75672222222222,2.9182777777777775,Mesen,West-Vlaanderen,flanders,"c(2.91827777777778, 50.7567222222222)",Field_pond_2024-07-09_2024-07-10,2024
2295-1,Field pond,2024-07-09T00:00:00Z,2024-07-10T00:00:00Z,SDSF_2,Xenlae,subadult,36,6.8,M,alive,no,Xenopus laevis,5217334,,50.75672222222222,2.9182777777777775,Mesen,West-Vlaanderen,flanders,"c(2.91827777777778, 50.7567222222222)",Field_pond_2024-07-09_2024-07-10,2024
2296-1,Field pond,2024-07-09T00:00:00Z,2024-07-10T00:00:00Z,SDSF_2,Xenlae,adult,43,7.6,F,alive,no,Xenopus laevis,5217334,,50.75672222222222,2.9182777777777775,Mesen,West-Vlaanderen,flanders,"c(2.91827777777778, 50.7567222222222)",Field_pond_2024-07-09_2024-07-10,2024
2297-1,Field pond,2024-07-09T00:00:00Z,2024-07-10T00:00:00Z,SDSF_2,Xenlae,subadult,31,6.7,F,alive,no,Xenopus laevis,5217334,,50.75672222222222,2.9182777777777775,Mesen,West-Vlaanderen,flanders,"c(2.91827777777778, 50.7567222222222)",Field_pond_2024-07-09_2024-07-10,2024
2298-1,Field pond,2024-07-09T00:00:00Z,2024-07-10T00:00:00Z,SDSF_2,Xenlae,subadult,30,6.6,F,alive,no,Xenopus laevis,5217334,,50.75672222222222,2.9182777777777775,Mesen,West-Vlaanderen,flanders,"c(2.91827777777778, 50.7567222222222)",Field_pond_2024-07-09_2024-07-10,2024
2299-2,Field pond,2024-07-09T00:00:00Z,2024-07-10T00:00:00Z,SDSF_2,Xenlae,subadult,31,6.7,F,alive,no,Xenopus laevis,5217334,,50.75672222222222,2.9182777777777775,Mesen,West-Vlaanderen,flanders,"c(2.91827777777778, 50.7567222222222)",Field_pond_2024-07-09_2024-07-10,2024
2300-1,Field pond,2024-07-09T00:00:00Z,2024-07-10T00:00:00Z,SDSF_2,Xenlae,subadult,41,7.2,M,alive,no,Xenopus laevis,5217334,,50.75672222222222,2.9182777777777775,Mesen,West-Vlaanderen,flanders,"c(2.91827777777778, 50.7567222222222)",Field_pond_2024-07-09_2024-07-10,2024
2301-1,Field pond,2024-07-09T00:00:00Z,2024-07-10T00:00:00Z,SDSF_2,Xenlae,subadult,28,6.6,F,alive,no,Xenopus laevis,5217334,,50.75672222222222,2.9182777777777775,Mesen,West-Vlaanderen,flanders,"c(2.91827777777778, 50.7567222222222)",Field_pond_2024-07-09_2024-07-10,2024
2302-1,Field pond,2024-07-09T00:00:00Z,2024-07-10T00:00:00Z,SDSF_2,Xenlae,subadult,26,6.2,F,alive,no,Xenopus laevis,5217334,,50.75672222222222,2.9182777777777775,Mesen,West-Vlaanderen,flanders,"c(2.91827777777778, 50.7567222222222)",Field_pond_2024-07-09_2024-07-10,2024
2303-1,Field pond,2024-07-09T00:00:00Z,2024-07-10T00:00:00Z,SDSF_2,Xenlae,subadult,34,7.3,M,alive,no,Xenopus laevis,5217334,,50.75672222222222,2.9182777777777775,Mesen,West-Vlaanderen,flanders,"c(2.91827777777778, 50.7567222222222)",Field_pond_2024-07-09_2024-07-10,2024
2304-1,Field pond,2024-07-09T00:00:00Z,2024-07-10T00:00:00Z,SDSF_2,Xenlae,larve,0.5,2.7,NA,dead,no,Xenopus laevis,5217334,,50.75672222222222,2.9182777777777775,Mesen,West-Vlaanderen,flanders,"c(2.91827777777778, 50.7567222222222)",Field_pond_2024-07-09_2024-07-10,2024
2312-1,Field pond,2024-07-09T00:00:00Z,2024-07-10T00:00:00Z,SDSF_3,Xenlae,adult,74,9.7,M,alive,no,Xenopus laevis,5217334,,50.75672222222222,2.9182777777777775,Mesen,West-Vlaanderen,flanders,"c(2.91827777777778, 50.7567222222222)",Field_pond_2024-07-09_2024-07-10,2024
2313-1,Field pond,2024-07-09T00:00:00Z,2024-07-10T00:00:00Z,SDSF_3,Xenlae,adult,50,8.4,F,alive,no,Xenopus laevis,5217334,,50.75672222222222,2.9182777777777775,Mesen,West-Vlaanderen,flanders,"c(2.91827777777778, 50.7567222222222)",Field_pond_2024-07-09_2024-07-10,2024
2314-1,Field pond,2024-07-09T00:00:00Z,2024-07-10T00:00:00Z,SDSF_3,Xenlae,adult,43,8,F,alive,no,Xenopus laevis,5217334,,50.75672222222222,2.9182777777777775,Mesen,West-Vlaanderen,flanders,"c(2.91827777777778, 50.7567222222222)",Field_pond_2024-07-09_2024-07-10,2024
2315-1,Field pond,2024-07-09T00:00:00Z,2024-07-10T00:00:00Z,SDSF_3,Xenlae,adult,44,7.9,M,alive,no,Xenopus laevis,5217334,,50.75672222222222,2.9182777777777775,Mesen,West-Vlaanderen,flanders,"c(2.91827777777778, 50.7567222222222)",Field_pond_2024-07-09_2024-07-10,2024
2316-1,Field pond,2024-07-09T00:00:00Z,2024-07-10T00:00:00Z,SDSF_3,Xenlae,subadult,26,7.2,NA,alive,no,Xenopus laevis,5217334,,50.75672222222222,2.9182777777777775,Mesen,West-Vlaanderen,flanders,"c(2.91827777777778, 50.7567222222222)",Field_pond_2024-07-09_2024-07-10,2024
2317-1,Field pond,2024-07-09T00:00:00Z,2024-07-10T00:00:00Z,SDSF_3,Xenlae,adult,37,7.4,F,alive,no,Xenopus laevis,5217334,,50.75672222222222,2.9182777777777775,Mesen,West-Vlaanderen,flanders,"c(2.91827777777778, 50.7567222222222)",Field_pond_2024-07-09_2024-07-10,2024
2318-1,Field pond,2024-07-09T00:00:00Z,2024-07-10T00:00:00Z,SDSF_3,Xenlae,subadult,31,7,F,alive,no,Xenopus laevis,5217334,,50.75672222222222,2.9182777777777775,Mesen,West-Vlaanderen,flanders,"c(2.91827777777778, 50.7567222222222)",Field_pond_2024-07-09_2024-07-10,2024
2319-1,Field pond,2024-07-09T00:00:00Z,2024-07-10T00:00:00Z,SDSF_3,Xenlae,adult,33,7.5,F,alive,no,Xenopus laevis,5217334,,50.75672222222222,2.9182777777777775,Mesen,West-Vlaanderen,flanders,"c(2.91827777777778, 50.7567222222222)",Field_pond_2024-07-09_2024-07-10,2024
2320-1,Field pond,2024-07-09T00:00:00Z,2024-07-10T00:00:00Z,SDSF_3,Xenlae,subadult,36,7.1,F,alive,no,Xenopus laevis,5217334,,50.75672222222222,2.9182777777777775,Mesen,West-Vlaanderen,flanders,"c(2.91827777777778, 50.7567222222222)",Field_pond_2024-07-09_2024-07-10,2024
2321-1,Field pond,2024-07-09T00:00:00Z,2024-07-10T00:00:00Z,SDSF_3,Xenlae,subadult,32,7,F,alive,no,Xenopus laevis,5217334,,50.75672222222222,2.9182777777777775,Mesen,West-Vlaanderen,flanders,"c(2.91827777777778, 50.7567222222222)",Field_pond_2024-07-09_2024-07-10,2024
2322-1,Field pond,2024-07-09T00:00:00Z,2024-07-10T00:00:00Z,SDSF_3,Xenlae,adult,38,7.4,F,alive,no,Xenopus laevis,5217334,,50.75672222222222,2.9182777777777775,Mesen,West-Vlaanderen,flanders,"c(2.91827777777778, 50.7567222222222)",Field_pond_2024-07-09_2024-07-10,2024
2323-1,Field pond,2024-07-09T00:00:00Z,2024-07-10T00:00:00Z,SDSF_3,Xenlae,adult,48,7.6,F,alive,no,Xenopus laevis,5217334,,50.75672222222222,2.9182777777777775,Mesen,West-Vlaanderen,flanders,"c(2.91827777777778, 50.7567222222222)",Field_pond_2024-07-09_2024-07-10,2024
2324-1,Field pond,2024-07-09T00:00:00Z,2024-07-10T00:00:00Z,SDSF_3,Xenlae,adult,49,7.8,M,alive,no,Xenopus laevis,5217334,,50.75672222222222,2.9182777777777775,Mesen,West-Vlaanderen,flanders,"c(2.91827777777778, 50.7567222222222)",Field_pond_2024-07-09_2024-07-10,2024
2325-1,Field pond,2024-07-09T00:00:00Z,2024-07-10T00:00:00Z,SDSF_3,Xenlae,subadult,24,6.5,NA,alive,no,Xenopus laevis,5217334,,50.75672222222222,2.9182777777777775,Mesen,West-Vlaanderen,flanders,"c(2.91827777777778, 50.7567222222222)",Field_pond_2024-07-09_2024-07-10,2024
2326-1,Field pond,2024-07-09T00:00:00Z,2024-07-10T00:00:00Z,SDSF_3,Xenlae,adult,55,NA,M,alive,no,Xenopus laevis,5217334,,50.75672222222222,2.9182777777777775,Mesen,West-Vlaanderen,flanders,"c(2.91827777777778, 50.7567222222222)",Field_pond_2024-07-09_2024-07-10,2024
2327-1,Field pond,2024-07-09T00:00:00Z,2024-07-10T00:00:00Z,SDSF_3,Xenlae,juvenile,28,NA,NA,alive,no,Xenopus laevis,5217334,,50.75672222222222,2.9182777777777775,Mesen,West-Vlaanderen,flanders,"c(2.91827777777778, 50.7567222222222)",Field_pond_2024-07-09_2024-07-10,2024
2328-1,Field pond,2024-07-09T00:00:00Z,2024-07-10T00:00:00Z,SDSF_3,Xenlae,subadult,36,7,F,alive,no,Xenopus laevis,5217334,,50.75672222222222,2.9182777777777775,Mesen,West-Vlaanderen,flanders,"c(2.91827777777778, 50.7567222222222)",Field_pond_2024-07-09_2024-07-10,2024
2329-1,Field pond,2024-07-09T00:00:00Z,2024-07-10T00:00:00Z,SDSF_3,Xenlae,subadult,31,6.8,M,alive,no,Xenopus laevis,5217334,,50.75672222222222,2.9182777777777775,Mesen,West-Vlaanderen,flanders,"c(2.91827777777778, 50.7567222222222)",Field_pond_2024-07-09_2024-07-10,2024
2330-1,Field pond,2024-07-09T00:00:00Z,2024-07-10T00:00:00Z,SDSF_3,Xenlae,subadult,33,7,F,alive,no,Xenopus laevis,5217334,,50.75672222222222,2.9182777777777775,Mesen,West-Vlaanderen,flanders,"c(2.91827777777778, 50.7567222222222)",Field_pond_2024-07-09_2024-07-10,2024
2331-1,Field pond,2024-07-09T00:00:00Z,2024-07-10T00:00:00Z,SDSF_3,Xenlae,adult,60,8.8,F,alive,no,Xenopus laevis,5217334,,50.75672222222222,2.9182777777777775,Mesen,West-Vlaanderen,flanders,"c(2.91827777777778, 50.7567222222222)",Field_pond_2024-07-09_2024-07-10,2024
2332-1,Field pond,2024-07-09T00:00:00Z,2024-07-10T00:00:00Z,SDSF_3,Xenlae,subadult,23,6.3,NA,alive,no,Xenopus laevis,5217334,,50.75672222222222,2.9182777777777775,Mesen,West-Vlaanderen,flanders,"c(2.91827777777778, 50.7567222222222)",Field_pond_2024-07-09_2024-07-10,2024
2333-1,Field pond,2024-07-09T00:00:00Z,2024-07-10T00:00:00Z,SDSF_3,Xenlae,subadult,28,6.5,NA,alive,no,Xenopus laevis,5217334,,50.75672222222222,2.9182777777777775,Mesen,West-Vlaanderen,flanders,"c(2.91827777777778, 50.7567222222222)",Field_pond_2024-07-09_2024-07-10,2024
2334-1,Field pond,2024-07-09T00:00:00Z,2024-07-10T00:00:00Z,SDSF_3,Xenlae,subadult,34,6.9,F,alive,no,Xenopus laevis,5217334,,50.75672222222222,2.9182777777777775,Mesen,West-Vlaanderen,flanders,"c(2.91827777777778, 50.7567222222222)",Field_pond_2024-07-09_2024-07-10,2024
2335-1,Field pond,2024-07-09T00:00:00Z,2024-07-10T00:00:00Z,SDSF_3,Xenlae,subadult,30,6.6,F,alive,no,Xenopus laevis,5217334,,50.75672222222222,2.9182777777777775,Mesen,West-Vlaanderen,flanders,"c(2.91827777777778, 50.7567222222222)",Field_pond_2024-07-09_2024-07-10,2024
2336-1,Field pond,2024-07-09T00:00:00Z,2024-07-10T00:00:00Z,SDSF_3,Xenlae,adult,42,7.7,M,alive,no,Xenopus laevis,5217334,,50.75672222222222,2.9182777777777775,Mesen,West-Vlaanderen,flanders,"c(2.91827777777778, 50.7567222222222)",Field_pond_2024-07-09_2024-07-10,2024
2337-1,Field pond,2024-07-09T00:00:00Z,2024-07-10T00:00:00Z,SDSF_3,Xenlae,subadult,27,7,NA,alive,no,Xenopus laevis,5217334,,50.75672222222222,2.9182777777777775,Mesen,West-Vlaanderen,flanders,"c(2.91827777777778, 50.7567222222222)",Field_pond_2024-07-09_2024-07-10,2024
2338-1,Field pond,2024-07-09T00:00:00Z,2024-07-10T00:00:00Z,SDSF_3,Xenlae,subadult,33,6.9,F,alive,no,Xenopus laevis,5217334,,50.75672222222222,2.9182777777777775,Mesen,West-Vlaanderen,flanders,"c(2.91827777777778, 50.7567222222222)",Field_pond_2024-07-09_2024-07-10,2024
2348-1,Field pond,2024-07-09T00:00:00Z,2024-07-10T00:00:00Z,SDSF_4,Xenlae,adult,69,9,F,alive,no,Xenopus laevis,5217334,,50.75672222222222,2.9182777777777775,Mesen,West-Vlaanderen,flanders,"c(2.91827777777778, 50.7567222222222)",Field_pond_2024-07-09_2024-07-10,2024
2349-1,Field pond,2024-07-09T00:00:00Z,2024-07-10T00:00:00Z,SDSF_4,Xenlae,adult,60,8.5,M,alive,no,Xenopus laevis,5217334,,50.75672222222222,2.9182777777777775,Mesen,West-Vlaanderen,flanders,"c(2.91827777777778, 50.7567222222222)",Field_pond_2024-07-09_2024-07-10,2024
2350-1,Field pond,2024-07-09T00:00:00Z,2024-07-10T00:00:00Z,SDSF_4,Xenlae,adult,41,7.4,M,alive,no,Xenopus laevis,5217334,,50.75672222222222,2.9182777777777775,Mesen,West-Vlaanderen,flanders,"c(2.91827777777778, 50.7567222222222)",Field_pond_2024-07-09_2024-07-10,2024
2351-1,Field pond,2024-07-09T00:00:00Z,2024-07-10T00:00:00Z,SDSF_4,Xenlae,adult,57,8.5,M,alive,no,Xenopus laevis,5217334,,50.75672222222222,2.9182777777777775,Mesen,West-Vlaanderen,flanders,"c(2.91827777777778, 50.7567222222222)",Field_pond_2024-07-09_2024-07-10,2024
2352-1,Field pond,2024-07-09T00:00:00Z,2024-07-10T00:00:00Z,SDSF_4,Xenlae,subadult,27,6.9,NA,alive,no,Xenopus laevis,5217334,,50.75672222222222,2.9182777777777775,Mesen,West-Vlaanderen,flanders,"c(2.91827777777778, 50.7567222222222)",Field_pond_2024-07-09_2024-07-10,2024
2353-1,Field pond,2024-07-09T00:00:00Z,2024-07-10T00:00:00Z,SDSF_4,Xenlae,subadult,42,7.3,M,alive,no,Xenopus laevis,5217334,,50.75672222222222,2.9182777777777775,Mesen,West-Vlaanderen,flanders,"c(2.91827777777778, 50.7567222222222)",Field_pond_2024-07-09_2024-07-10,2024
2354-1,Field pond,2024-07-09T00:00:00Z,2024-07-10T00:00:00Z,SDSF_4,Xenlae,subadult,33,6.9,M,alive,no,Xenopus laevis,5217334,,50.75672222222222,2.9182777777777775,Mesen,West-Vlaanderen,flanders,"c(2.91827777777778, 50.7567222222222)",Field_pond_2024-07-09_2024-07-10,2024
2355-1,Field pond,2024-07-09T00:00:00Z,2024-07-10T00:00:00Z,SDSF_4,Xenlae,subadult,38,7.1,M,alive,no,Xenopus laevis,5217334,,50.75672222222222,2.9182777777777775,Mesen,West-Vlaanderen,flanders,"c(2.91827777777778, 50.7567222222222)",Field_pond_2024-07-09_2024-07-10,2024
2361-1,Douve_4,2024-07-11T00:00:00Z,2024-07-12T00:00:00Z,FF_5,Xenlae,subadult,35,7,F,alive,no,Xenopus laevis,5217334,,50.75702777777778,2.9219444444444442,Mesen,Henegouwen,flanders,"c(2.92194444444444, 50.7570277777778)",Douve_4_2024-07-11_2024-07-12,2024
2371-1,Douve_9,2024-07-11T00:00:00Z,2024-07-12T00:00:00Z,FF_13,Xenlae,juvenile,12,4.8,NA,alive,no,Xenopus laevis,5217334,,50.75533333333333,2.913194444444444,Komen-Waasten,Henegouwen,wallonia,"c(2.91319444444444, 50.7553333333333)",Douve_9_2024-07-11_2024-07-12,2024
2387-1,Douve_19,2024-07-11T00:00:00Z,2024-07-12T00:00:00Z,FF_27,Xenlae,subadult,22,5.9,NA,alive,no,Xenopus laevis,5217334,,50.75366666666667,2.8894444444444445,Komen-Waasten,Henegouwen,wallonia,"c(2.88944444444444, 50.7536666666667)",Douve_19_2024-07-11_2024-07-12,2024
2389-1,Field pond,2024-07-31T00:00:00Z,2024-08-01T00:00:00Z,SDSF_2,Xenlae,adult,52,8.1,M,alive,no,Xenopus laevis,5217334,,50.75672222222222,2.9182777777777775,Mesen,West-Vlaanderen,flanders,"c(2.91827777777778, 50.7567222222222)",Field_pond_2024-07-31_2024-08-01,2024
2390-1,Field pond,2024-07-31T00:00:00Z,2024-08-01T00:00:00Z,SDSF_2,Xenlae,adult,45,7.6,M,alive,no,Xenopus laevis,5217334,,50.75672222222222,2.9182777777777775,Mesen,West-Vlaanderen,flanders,"c(2.91827777777778, 50.7567222222222)",Field_pond_2024-07-31_2024-08-01,2024
2391-1,Field pond,2024-07-31T00:00:00Z,2024-08-01T00:00:00Z,SDSF_2,Xenlae,adult,57,8.5,F,alive,no,Xenopus laevis,5217334,,50.75672222222222,2.9182777777777775,Mesen,West-Vlaanderen,flanders,"c(2.91827777777778, 50.7567222222222)",Field_pond_2024-07-31_2024-08-01,2024
2392-1,Field pond,2024-07-31T00:00:00Z,2024-08-01T00:00:00Z,SDSF_2,Xenlae,adult,111,11.5,F,alive,no,Xenopus laevis,5217334,,50.75672222222222,2.9182777777777775,Mesen,West-Vlaanderen,flanders,"c(2.91827777777778, 50.7567222222222)",Field_pond_2024-07-31_2024-08-01,2024
2393-1,Field pond,2024-07-31T00:00:00Z,2024-08-01T00:00:00Z,SDSF_2,Xenlae,adult,37,7.8,M,alive,no,Xenopus laevis,5217334,,50.75672222222222,2.9182777777777775,Mesen,West-Vlaanderen,flanders,"c(2.91827777777778, 50.7567222222222)",Field_pond_2024-07-31_2024-08-01,2024
2394-1,Field pond,2024-07-31T00:00:00Z,2024-08-01T00:00:00Z,SDSF_2,Xenlae,adult,114,11,F,alive,no,Xenopus laevis,5217334,,50.75672222222222,2.9182777777777775,Mesen,West-Vlaanderen,flanders,"c(2.91827777777778, 50.7567222222222)",Field_pond_2024-07-31_2024-08-01,2024
2395-1,Field pond,2024-07-31T00:00:00Z,2024-08-01T00:00:00Z,SDSF_2,Xenlae,adult,60,8.8,M,alive,no,Xenopus laevis,5217334,,50.75672222222222,2.9182777777777775,Mesen,West-Vlaanderen,flanders,"c(2.91827777777778, 50.7567222222222)",Field_pond_2024-07-31_2024-08-01,2024
2396-1,Field pond,2024-07-31T00:00:00Z,2024-08-01T00:00:00Z,SDSF_2,Xenlae,adult,47,8.3,M,alive,no,Xenopus laevis,5217334,,50.75672222222222,2.9182777777777775,Mesen,West-Vlaanderen,flanders,"c(2.91827777777778, 50.7567222222222)",Field_pond_2024-07-31_2024-08-01,2024
2397-1,Field pond,2024-07-31T00:00:00Z,2024-08-01T00:00:00Z,SDSF_2,Xenlae,subadult,36,7.2,M,alive,no,Xenopus laevis,5217334,,50.75672222222222,2.9182777777777775,Mesen,West-Vlaanderen,flanders,"c(2.91827777777778, 50.7567222222222)",Field_pond_2024-07-31_2024-08-01,2024
2398-1,Field pond,2024-07-31T00:00:00Z,2024-08-01T00:00:00Z,SDSF_2,Xenlae,adult,48,8.3,F,alive,no,Xenopus laevis,5217334,,50.75672222222222,2.9182777777777775,Mesen,West-Vlaanderen,flanders,"c(2.91827777777778, 50.7567222222222)",Field_pond_2024-07-31_2024-08-01,2024
2399-1,Field pond,2024-07-31T00:00:00Z,2024-08-01T00:00:00Z,SDSF_2,Xenlae,adult,36,7.4,M,alive,no,Xenopus laevis,5217334,,50.75672222222222,2.9182777777777775,Mesen,West-Vlaanderen,flanders,"c(2.91827777777778, 50.7567222222222)",Field_pond_2024-07-31_2024-08-01,2024
2400-1,Field pond,2024-07-31T00:00:00Z,2024-08-01T00:00:00Z,SDSF_2,Xenlae,subadult,33,7.3,M,alive,no,Xenopus laevis,5217334,,50.75672222222222,2.9182777777777775,Mesen,West-Vlaanderen,flanders,"c(2.91827777777778, 50.7567222222222)",Field_pond_2024-07-31_2024-08-01,2024
2401-1,Field pond,2024-07-31T00:00:00Z,2024-08-01T00:00:00Z,SDSF_2,Xenlae,adult,45,8.1,M,alive,no,Xenopus laevis,5217334,,50.75672222222222,2.9182777777777775,Mesen,West-Vlaanderen,flanders,"c(2.91827777777778, 50.7567222222222)",Field_pond_2024-07-31_2024-08-01,2024
2402-1,Field pond,2024-07-31T00:00:00Z,2024-08-01T00:00:00Z,SDSF_2,Xenlae,adult,36,7.5,M,alive,no,Xenopus laevis,5217334,,50.75672222222222,2.9182777777777775,Mesen,West-Vlaanderen,flanders,"c(2.91827777777778, 50.7567222222222)",Field_pond_2024-07-31_2024-08-01,2024
2403-1,Field pond,2024-07-31T00:00:00Z,2024-08-01T00:00:00Z,SDSF_2,Xenlae,subadult,32,7.1,M,alive,no,Xenopus laevis,5217334,,50.75672222222222,2.9182777777777775,Mesen,West-Vlaanderen,flanders,"c(2.91827777777778, 50.7567222222222)",Field_pond_2024-07-31_2024-08-01,2024
2404-1,Field pond,2024-07-31T00:00:00Z,2024-08-01T00:00:00Z,SDSF_2,Xenlae,adult,37,7.5,M,alive,no,Xenopus laevis,5217334,,50.75672222222222,2.9182777777777775,Mesen,West-Vlaanderen,flanders,"c(2.91827777777778, 50.7567222222222)",Field_pond_2024-07-31_2024-08-01,2024
2405-1,Field pond,2024-07-31T00:00:00Z,2024-08-01T00:00:00Z,SDSF_2,Xenlae,subadult,34,7.3,M,alive,no,Xenopus laevis,5217334,,50.75672222222222,2.9182777777777775,Mesen,West-Vlaanderen,flanders,"c(2.91827777777778, 50.7567222222222)",Field_pond_2024-07-31_2024-08-01,2024
2406-1,Field pond,2024-07-31T00:00:00Z,2024-08-01T00:00:00Z,SDSF_2,Xenlae,larve,0.5,1.8,NA,dead,no,Xenopus laevis,5217334,,50.75672222222222,2.9182777777777775,Mesen,West-Vlaanderen,flanders,"c(2.91827777777778, 50.7567222222222)",Field_pond_2024-07-31_2024-08-01,2024
2407-1,Field pond,2024-07-31T00:00:00Z,2024-08-01T00:00:00Z,SDSF_2,Xenlae,adult,117,11.6,F,alive,no,Xenopus laevis,5217334,,50.75672222222222,2.9182777777777775,Mesen,West-Vlaanderen,flanders,"c(2.91827777777778, 50.7567222222222)",Field_pond_2024-07-31_2024-08-01,2024
2408-1,Field pond,2024-07-31T00:00:00Z,2024-08-01T00:00:00Z,SDSF_2,Xenlae,adult,52,8.3,F,alive,no,Xenopus laevis,5217334,,50.75672222222222,2.9182777777777775,Mesen,West-Vlaanderen,flanders,"c(2.91827777777778, 50.7567222222222)",Field_pond_2024-07-31_2024-08-01,2024
2409-1,Field pond,2024-07-31T00:00:00Z,2024-08-01T00:00:00Z,SDSF_2,Xenlae,adult,84,10.6,F,alive,no,Xenopus laevis,5217334,,50.75672222222222,2.9182777777777775,Mesen,West-Vlaanderen,flanders,"c(2.91827777777778, 50.7567222222222)",Field_pond_2024-07-31_2024-08-01,2024
2410-1,Field pond,2024-07-31T00:00:00Z,2024-08-01T00:00:00Z,SDSF_2,Xenlae,adult,46,7.8,M,alive,no,Xenopus laevis,5217334,,50.75672222222222,2.9182777777777775,Mesen,West-Vlaanderen,flanders,"c(2.91827777777778, 50.7567222222222)",Field_pond_2024-07-31_2024-08-01,2024
2411-1,Field pond,2024-07-31T00:00:00Z,2024-08-01T00:00:00Z,SDSF_2,Xenlae,adult,50,8.2,F,alive,no,Xenopus laevis,5217334,,50.75672222222222,2.9182777777777775,Mesen,West-Vlaanderen,flanders,"c(2.91827777777778, 50.7567222222222)",Field_pond_2024-07-31_2024-08-01,2024
2412-1,Field pond,2024-07-31T00:00:00Z,2024-08-01T00:00:00Z,SDSF_2,Xenlae,adult,69,9.2,F,alive,no,Xenopus laevis,5217334,,50.75672222222222,2.9182777777777775,Mesen,West-Vlaanderen,flanders,"c(2.91827777777778, 50.7567222222222)",Field_pond_2024-07-31_2024-08-01,2024
2413-1,Field pond,2024-07-31T00:00:00Z,2024-08-01T00:00:00Z,SDSF_2,Xenlae,subadult,36,7.3,F,alive,no,Xenopus laevis,5217334,,50.75672222222222,2.9182777777777775,Mesen,West-Vlaanderen,flanders,"c(2.91827777777778, 50.7567222222222)",Field_pond_2024-07-31_2024-08-01,2024
2414-1,Field pond,2024-07-31T00:00:00Z,2024-08-01T00:00:00Z,SDSF_2,Xenlae,adult,46,7.9,F,alive,no,Xenopus laevis,5217334,,50.75672222222222,2.9182777777777775,Mesen,West-Vlaanderen,flanders,"c(2.91827777777778, 50.7567222222222)",Field_pond_2024-07-31_2024-08-01,2024
2415-1,Field pond,2024-07-31T00:00:00Z,2024-08-01T00:00:00Z,SDSF_2,Xenlae,adult,59,8.6,F,alive,no,Xenopus laevis,5217334,,50.75672222222222,2.9182777777777775,Mesen,West-Vlaanderen,flanders,"c(2.91827777777778, 50.7567222222222)",Field_pond_2024-07-31_2024-08-01,2024
2416-1,Field pond,2024-07-31T00:00:00Z,2024-08-01T00:00:00Z,SDSF_2,Xenlae,adult,34,7.7,M,alive,no,Xenopus laevis,5217334,,50.75672222222222,2.9182777777777775,Mesen,West-Vlaanderen,flanders,"c(2.91827777777778, 50.7567222222222)",Field_pond_2024-07-31_2024-08-01,2024
2417-1,Field pond,2024-07-31T00:00:00Z,2024-08-01T00:00:00Z,SDSF_2,Xenlae,adult,33,7.4,M,alive,no,Xenopus laevis,5217334,,50.75672222222222,2.9182777777777775,Mesen,West-Vlaanderen,flanders,"c(2.91827777777778, 50.7567222222222)",Field_pond_2024-07-31_2024-08-01,2024
2418-1,Field pond,2024-07-31T00:00:00Z,2024-08-01T00:00:00Z,SDSF_2,Xenlae,subadult,34,7.1,M,alive,no,Xenopus laevis,5217334,,50.75672222222222,2.9182777777777775,Mesen,West-Vlaanderen,flanders,"c(2.91827777777778, 50.7567222222222)",Field_pond_2024-07-31_2024-08-01,2024
2419-2,Field pond,2024-07-31T00:00:00Z,2024-08-01T00:00:00Z,SDSF_2,Xenlae,adult,36,7.5,M,alive,no,Xenopus laevis,5217334,,50.75672222222222,2.9182777777777775,Mesen,West-Vlaanderen,flanders,"c(2.91827777777778, 50.7567222222222)",Field_pond_2024-07-31_2024-08-01,2024
2420-1,Field pond,2024-07-31T00:00:00Z,2024-08-01T00:00:00Z,SDSF_2,Xenlae,subadult,32,7.3,M,alive,no,Xenopus laevis,5217334,,50.75672222222222,2.9182777777777775,Mesen,West-Vlaanderen,flanders,"c(2.91827777777778, 50.7567222222222)",Field_pond_2024-07-31_2024-08-01,2024
2421-1,Field pond,2024-07-31T00:00:00Z,2024-08-01T00:00:00Z,SDSF_2,Xenlae,juvenile,1,2.7,NA,alive,no,Xenopus laevis,5217334,,50.75672222222222,2.9182777777777775,Mesen,West-Vlaanderen,flanders,"c(2.91827777777778, 50.7567222222222)",Field_pond_2024-07-31_2024-08-01,2024
2425-1,Field pond,2024-07-31T00:00:00Z,2024-08-01T00:00:00Z,SDSF_3,Xenlae,adult,59,8.5,F,alive,no,Xenopus laevis,5217334,,50.75672222222222,2.9182777777777775,Mesen,West-Vlaanderen,flanders,"c(2.91827777777778, 50.7567222222222)",Field_pond_2024-07-31_2024-08-01,2024
2426-1,Field pond,2024-07-31T00:00:00Z,2024-08-01T00:00:00Z,SDSF_3,Xenlae,adult,37,7.8,M,alive,no,Xenopus laevis,5217334,,50.75672222222222,2.9182777777777775,Mesen,West-Vlaanderen,flanders,"c(2.91827777777778, 50.7567222222222)",Field_pond_2024-07-31_2024-08-01,2024
2427-1,Field pond,2024-07-31T00:00:00Z,2024-08-01T00:00:00Z,SDSF_3,Xenlae,adult,137,12.1,F,alive,no,Xenopus laevis,5217334,,50.75672222222222,2.9182777777777775,Mesen,West-Vlaanderen,flanders,"c(2.91827777777778, 50.7567222222222)",Field_pond_2024-07-31_2024-08-01,2024
2428-1,Field pond,2024-07-31T00:00:00Z,2024-08-01T00:00:00Z,SDSF_3,Xenlae,adult,33,7.8,M,alive,no,Xenopus laevis,5217334,,50.75672222222222,2.9182777777777775,Mesen,West-Vlaanderen,flanders,"c(2.91827777777778, 50.7567222222222)",Field_pond_2024-07-31_2024-08-01,2024
2429-1,Field pond,2024-07-31T00:00:00Z,2024-08-01T00:00:00Z,SDSF_3,Xenlae,adult,46,8.2,M,alive,no,Xenopus laevis,5217334,,50.75672222222222,2.9182777777777775,Mesen,West-Vlaanderen,flanders,"c(2.91827777777778, 50.7567222222222)",Field_pond_2024-07-31_2024-08-01,2024
2430-1,Field pond,2024-07-31T00:00:00Z,2024-08-01T00:00:00Z,SDSF_3,Xenlae,larve,0.5,1.9,NA,alive,no,Xenopus laevis,5217334,,50.75672222222222,2.9182777777777775,Mesen,West-Vlaanderen,flanders,"c(2.91827777777778, 50.7567222222222)",Field_pond_2024-07-31_2024-08-01,2024
2432-1,Field pond,2024-07-31T00:00:00Z,2024-08-01T00:00:00Z,SDSF_4,Xenlae,adult,99,10.8,F,alive,no,Xenopus laevis,5217334,,50.75672222222222,2.9182777777777775,Mesen,West-Vlaanderen,flanders,"c(2.91827777777778, 50.7567222222222)",Field_pond_2024-07-31_2024-08-01,2024
2433-1,Field pond,2024-07-31T00:00:00Z,2024-08-01T00:00:00Z,SDSF_4,Xenlae,adult,95,10.9,F,alive,no,Xenopus laevis,5217334,,50.75672222222222,2.9182777777777775,Mesen,West-Vlaanderen,flanders,"c(2.91827777777778, 50.7567222222222)",Field_pond_2024-07-31_2024-08-01,2024
2434-1,Field pond,2024-07-31T00:00:00Z,2024-08-01T00:00:00Z,SDSF_4,Xenlae,adult,51,8.5,M,alive,no,Xenopus laevis,5217334,,50.75672222222222,2.9182777777777775,Mesen,West-Vlaanderen,flanders,"c(2.91827777777778, 50.7567222222222)",Field_pond_2024-07-31_2024-08-01,2024
2435-1,Field pond,2024-07-31T00:00:00Z,2024-08-01T00:00:00Z,SDSF_4,Xenlae,adult,40,8.1,M,alive,no,Xenopus laevis,5217334,,50.75672222222222,2.9182777777777775,Mesen,West-Vlaanderen,flanders,"c(2.91827777777778, 50.7567222222222)",Field_pond_2024-07-31_2024-08-01,2024
2436-1,Field pond,2024-07-31T00:00:00Z,2024-08-01T00:00:00Z,SDSF_4,Xenlae,subadult,28,7.1,M,alive,no,Xenopus laevis,5217334,,50.75672222222222,2.9182777777777775,Mesen,West-Vlaanderen,flanders,"c(2.91827777777778, 50.7567222222222)",Field_pond_2024-07-31_2024-08-01,2024
2437-1,Field pond,2024-07-31T00:00:00Z,2024-08-01T00:00:00Z,SDSF_4,Xenlae,adult,48,7.8,F,alive,no,Xenopus laevis,5217334,,50.75672222222222,2.9182777777777775,Mesen,West-Vlaanderen,flanders,"c(2.91827777777778, 50.7567222222222)",Field_pond_2024-07-31_2024-08-01,2024
2438-1,Field pond,2024-07-31T00:00:00Z,2024-08-01T00:00:00Z,SDSF_4,Xenlae,subadult,33,6.8,M,alive,no,Xenopus laevis,5217334,,50.75672222222222,2.9182777777777775,Mesen,West-Vlaanderen,flanders,"c(2.91827777777778, 50.7567222222222)",Field_pond_2024-07-31_2024-08-01,2024
2439-1,Field pond,2024-07-31T00:00:00Z,2024-08-01T00:00:00Z,SDSF_4,Xenlae,adult,41,7.9,F,alive,no,Xenopus laevis,5217334,,50.75672222222222,2.9182777777777775,Mesen,West-Vlaanderen,flanders,"c(2.91827777777778, 50.7567222222222)",Field_pond_2024-07-31_2024-08-01,2024
2440-1,Field pond,2024-07-31T00:00:00Z,2024-08-01T00:00:00Z,SDSF_4,Xenlae,adult,43,8,M,alive,no,Xenopus laevis,5217334,,50.75672222222222,2.9182777777777775,Mesen,West-Vlaanderen,flanders,"c(2.91827777777778, 50.7567222222222)",Field_pond_2024-07-31_2024-08-01,2024
2441-1,Field pond,2024-07-31T00:00:00Z,2024-08-01T00:00:00Z,SDSF_4,Xenlae,juvenile,7,4,NA,alive,no,Xenopus laevis,5217334,,50.75672222222222,2.9182777777777775,Mesen,West-Vlaanderen,flanders,"c(2.91827777777778, 50.7567222222222)",Field_pond_2024-07-31_2024-08-01,2024
2442-1,Field pond,2024-07-31T00:00:00Z,2024-08-01T00:00:00Z,SDSF_4,Xenlae,subadult,32,7.2,M,alive,no,Xenopus laevis,5217334,,50.75672222222222,2.9182777777777775,Mesen,West-Vlaanderen,flanders,"c(2.91827777777778, 50.7567222222222)",Field_pond_2024-07-31_2024-08-01,2024
2443-1,Field pond,2024-07-31T00:00:00Z,2024-08-01T00:00:00Z,SDSF_4,Xenlae,juvenile,5,3.7,NA,alive,no,Xenopus laevis,5217334,,50.75672222222222,2.9182777777777775,Mesen,West-Vlaanderen,flanders,"c(2.91827777777778, 50.7567222222222)",Field_pond_2024-07-31_2024-08-01,2024
2444-1,Field pond,2024-07-31T00:00:00Z,2024-08-01T00:00:00Z,SDSF_4,Xenlae,larve,0.5,1.6,NA,alive,no,Xenopus laevis,5217334,,50.75672222222222,2.9182777777777775,Mesen,West-Vlaanderen,flanders,"c(2.91827777777778, 50.7567222222222)",Field_pond_2024-07-31_2024-08-01,2024
2449-1,Fish passage,2024-07-31T00:00:00Z,2024-08-01T00:00:00Z,SDSF_1,Xenlae,adult,68,9.2,M,dead,no,Xenopus laevis,5217334,,50.75802777777778,2.8552222222222223,Heuvelland,West-Vlaanderen,flanders,"c(2.85522222222222, 50.7580277777778)",Fish_passage_2024-07-31_2024-08-01,2024
2450-1,Fish passage,2024-07-31T00:00:00Z,2024-08-01T00:00:00Z,SDSF_1,Xenlae,adult,61,8.6,M,dead,no,Xenopus laevis,5217334,,50.75802777777778,2.8552222222222223,Heuvelland,West-Vlaanderen,flanders,"c(2.85522222222222, 50.7580277777778)",Fish_passage_2024-07-31_2024-08-01,2024
2451-1,Fish passage,2024-07-31T00:00:00Z,2024-08-01T00:00:00Z,SDSF_1,Xenlae,subadult,33,7,F,dead,no,Xenopus laevis,5217334,,50.75802777777778,2.8552222222222223,Heuvelland,West-Vlaanderen,flanders,"c(2.85522222222222, 50.7580277777778)",Fish_passage_2024-07-31_2024-08-01,2024
2452-1,Fish passage,2024-07-31T00:00:00Z,2024-08-01T00:00:00Z,SDSF_1,Xenlae,adult,45,7.8,M,dead,no,Xenopus laevis,5217334,,50.75802777777778,2.8552222222222223,Heuvelland,West-Vlaanderen,flanders,"c(2.85522222222222, 50.7580277777778)",Fish_passage_2024-07-31_2024-08-01,2024
2453-1,Fish passage,2024-07-31T00:00:00Z,2024-08-01T00:00:00Z,SDSF_1,Xenlae,subadult,42,7.3,M,dead,no,Xenopus laevis,5217334,,50.75802777777778,2.8552222222222223,Heuvelland,West-Vlaanderen,flanders,"c(2.85522222222222, 50.7580277777778)",Fish_passage_2024-07-31_2024-08-01,2024
2454-1,Fish passage,2024-07-31T00:00:00Z,2024-08-01T00:00:00Z,SDSF_1,Xenlae,subadult,35,7,M,dead,no,Xenopus laevis,5217334,,50.75802777777778,2.8552222222222223,Heuvelland,West-Vlaanderen,flanders,"c(2.85522222222222, 50.7580277777778)",Fish_passage_2024-07-31_2024-08-01,2024
2455-1,Fish passage,2024-07-31T00:00:00Z,2024-08-01T00:00:00Z,SDSF_1,Xenlae,subadult,30,6.6,M,dead,no,Xenopus laevis,5217334,,50.75802777777778,2.8552222222222223,Heuvelland,West-Vlaanderen,flanders,"c(2.85522222222222, 50.7580277777778)",Fish_passage_2024-07-31_2024-08-01,2024
2456-1,Fish passage,2024-07-31T00:00:00Z,2024-08-01T00:00:00Z,SDSF_1,Xenlae,subadult,38,7.3,M,dead,no,Xenopus laevis,5217334,,50.75802777777778,2.8552222222222223,Heuvelland,West-Vlaanderen,flanders,"c(2.85522222222222, 50.7580277777778)",Fish_passage_2024-07-31_2024-08-01,2024
2457-1,Fish passage,2024-07-31T00:00:00Z,2024-08-01T00:00:00Z,SDSF_1,Xenlae,juvenile,15,5.3,NA,dead,no,Xenopus laevis,5217334,,50.75802777777778,2.8552222222222223,Heuvelland,West-Vlaanderen,flanders,"c(2.85522222222222, 50.7580277777778)",Fish_passage_2024-07-31_2024-08-01,2024
2458-1,Fish passage,2024-07-31T00:00:00Z,2024-08-01T00:00:00Z,SDSF_1,Xenlae,adult,42,7.6,M,dead,no,Xenopus laevis,5217334,,50.75802777777778,2.8552222222222223,Heuvelland,West-Vlaanderen,flanders,"c(2.85522222222222, 50.7580277777778)",Fish_passage_2024-07-31_2024-08-01,2024
2459-1,Fish passage,2024-07-31T00:00:00Z,2024-08-01T00:00:00Z,SDSF_1,Xenlae,adult,38,7.4,M,dead,no,Xenopus laevis,5217334,,50.75802777777778,2.8552222222222223,Heuvelland,West-Vlaanderen,flanders,"c(2.85522222222222, 50.7580277777778)",Fish_passage_2024-07-31_2024-08-01,2024
2460-1,Fish passage,2024-07-31T00:00:00Z,2024-08-01T00:00:00Z,SDSF_1,Xenlae,subadult,28,6.8,M,dead,no,Xenopus laevis,5217334,,50.75802777777778,2.8552222222222223,Heuvelland,West-Vlaanderen,flanders,"c(2.85522222222222, 50.7580277777778)",Fish_passage_2024-07-31_2024-08-01,2024
2461-1,Fish passage,2024-07-31T00:00:00Z,2024-08-01T00:00:00Z,SDSF_1,Xenlae,subadult,33,6.6,F,dead,no,Xenopus laevis,5217334,,50.75802777777778,2.8552222222222223,Heuvelland,West-Vlaanderen,flanders,"c(2.85522222222222, 50.7580277777778)",Fish_passage_2024-07-31_2024-08-01,2024
2462-1,Fish passage,2024-07-31T00:00:00Z,2024-08-01T00:00:00Z,SDSF_1,Xenlae,adult,38,7.7,M,dead,no,Xenopus laevis,5217334,,50.75802777777778,2.8552222222222223,Heuvelland,West-Vlaanderen,flanders,"c(2.85522222222222, 50.7580277777778)",Fish_passage_2024-07-31_2024-08-01,2024
2463-1,Fish passage,2024-07-31T00:00:00Z,2024-08-01T00:00:00Z,SDSF_1,Xenlae,adult,54,8.2,F,dead,no,Xenopus laevis,5217334,,50.75802777777778,2.8552222222222223,Heuvelland,West-Vlaanderen,flanders,"c(2.85522222222222, 50.7580277777778)",Fish_passage_2024-07-31_2024-08-01,2024
2464-1,Fish passage,2024-07-31T00:00:00Z,2024-08-01T00:00:00Z,SDSF_1,Xenlae,juvenile,20,5.8,NA,dead,no,Xenopus laevis,5217334,,50.75802777777778,2.8552222222222223,Heuvelland,West-Vlaanderen,flanders,"c(2.85522222222222, 50.7580277777778)",Fish_passage_2024-07-31_2024-08-01,2024
2465-1,Fish passage,2024-07-31T00:00:00Z,2024-08-01T00:00:00Z,SDSF_1,Xenlae,subadult,42,7.1,M,dead,no,Xenopus laevis,5217334,,50.75802777777778,2.8552222222222223,Heuvelland,West-Vlaanderen,flanders,"c(2.85522222222222, 50.7580277777778)",Fish_passage_2024-07-31_2024-08-01,2024
2469-1,Fish passage,2024-07-31T00:00:00Z,2024-08-01T00:00:00Z,SDSF_2,Xenlae,adult,43,7.4,M,alive,no,Xenopus laevis,5217334,,50.75802777777778,2.8552222222222223,Heuvelland,West-Vlaanderen,flanders,"c(2.85522222222222, 50.7580277777778)",Fish_passage_2024-07-31_2024-08-01,2024
2470-1,Fish passage,2024-07-31T00:00:00Z,2024-08-01T00:00:00Z,SDSF_2,Xenlae,adult,171,12.3,F,dead,no,Xenopus laevis,5217334,,50.75802777777778,2.8552222222222223,Heuvelland,West-Vlaanderen,flanders,"c(2.85522222222222, 50.7580277777778)",Fish_passage_2024-07-31_2024-08-01,2024
2471-1,Fish passage,2024-07-31T00:00:00Z,2024-08-01T00:00:00Z,SDSF_2,Xenlae,adult,79,8.6,M,dead,no,Xenopus laevis,5217334,,50.75802777777778,2.8552222222222223,Heuvelland,West-Vlaanderen,flanders,"c(2.85522222222222, 50.7580277777778)",Fish_passage_2024-07-31_2024-08-01,2024
2472-1,Fish passage,2024-07-31T00:00:00Z,2024-08-01T00:00:00Z,SDSF_2,Xenlae,subadult,42,6.9,M,dead,no,Xenopus laevis,5217334,,50.75802777777778,2.8552222222222223,Heuvelland,West-Vlaanderen,flanders,"c(2.85522222222222, 50.7580277777778)",Fish_passage_2024-07-31_2024-08-01,2024
2473-1,Fish passage,2024-07-31T00:00:00Z,2024-08-01T00:00:00Z,SDSF_2,Xenlae,adult,40,7.8,M,dead,no,Xenopus laevis,5217334,,50.75802777777778,2.8552222222222223,Heuvelland,West-Vlaanderen,flanders,"c(2.85522222222222, 50.7580277777778)",Fish_passage_2024-07-31_2024-08-01,2024
2475-1,Fish passage,2024-07-31T00:00:00Z,2024-08-01T00:00:00Z,SDSF_3,Xenlae,adult,41,7.5,M,alive,no,Xenopus laevis,5217334,,50.75802777777778,2.8552222222222223,Heuvelland,West-Vlaanderen,flanders,"c(2.85522222222222, 50.7580277777778)",Fish_passage_2024-07-31_2024-08-01,2024
2476-1,Fish passage,2024-07-31T00:00:00Z,2024-08-01T00:00:00Z,SDSF_3,Xenlae,subadult,35,7,M,dead,no,Xenopus laevis,5217334,,50.75802777777778,2.8552222222222223,Heuvelland,West-Vlaanderen,flanders,"c(2.85522222222222, 50.7580277777778)",Fish_passage_2024-07-31_2024-08-01,2024
2477-1,Fish passage,2024-07-31T00:00:00Z,2024-08-01T00:00:00Z,SDSF_3,Xenlae,adult,51,8.6,M,dead,no,Xenopus laevis,5217334,,50.75802777777778,2.8552222222222223,Heuvelland,West-Vlaanderen,flanders,"c(2.85522222222222, 50.7580277777778)",Fish_passage_2024-07-31_2024-08-01,2024
2478-1,Fish passage,2024-07-31T00:00:00Z,2024-08-01T00:00:00Z,SDSF_3,Xenlae,subadult,23,6,NA,dead,no,Xenopus laevis,5217334,,50.75802777777778,2.8552222222222223,Heuvelland,West-Vlaanderen,flanders,"c(2.85522222222222, 50.7580277777778)",Fish_passage_2024-07-31_2024-08-01,2024
2479-1,Fish passage,2024-07-31T00:00:00Z,2024-08-01T00:00:00Z,SDSF_3,Xenlae,adult,60,8.9,M,dead,no,Xenopus laevis,5217334,,50.75802777777778,2.8552222222222223,Heuvelland,West-Vlaanderen,flanders,"c(2.85522222222222, 50.7580277777778)",Fish_passage_2024-07-31_2024-08-01,2024
2480-1,Fish passage,2024-07-31T00:00:00Z,2024-08-01T00:00:00Z,SDSF_3,Xenlae,adult,50,8.4,M,dead,no,Xenopus laevis,5217334,,50.75802777777778,2.8552222222222223,Heuvelland,West-Vlaanderen,flanders,"c(2.85522222222222, 50.7580277777778)",Fish_passage_2024-07-31_2024-08-01,2024
2481-1,Fish passage,2024-07-31T00:00:00Z,2024-08-01T00:00:00Z,SDSF_3,Xenlae,adult,41,7.6,M,dead,no,Xenopus laevis,5217334,,50.75802777777778,2.8552222222222223,Heuvelland,West-Vlaanderen,flanders,"c(2.85522222222222, 50.7580277777778)",Fish_passage_2024-07-31_2024-08-01,2024
2482-1,Fish passage,2024-07-31T00:00:00Z,2024-08-01T00:00:00Z,SDSF_3,Xenlae,subadult,39,7.3,M,dead,no,Xenopus laevis,5217334,,50.75802777777778,2.8552222222222223,Heuvelland,West-Vlaanderen,flanders,"c(2.85522222222222, 50.7580277777778)",Fish_passage_2024-07-31_2024-08-01,2024
2483-1,Fish passage,2024-07-31T00:00:00Z,2024-08-01T00:00:00Z,SDSF_3,Xenlae,adult,50,8.2,M,dead,no,Xenopus laevis,5217334,,50.75802777777778,2.8552222222222223,Heuvelland,West-Vlaanderen,flanders,"c(2.85522222222222, 50.7580277777778)",Fish_passage_2024-07-31_2024-08-01,2024
2484-1,Fish passage,2024-07-31T00:00:00Z,2024-08-01T00:00:00Z,SDSF_3,Xenlae,subadult,25,6,NA,dead,no,Xenopus laevis,5217334,,50.75802777777778,2.8552222222222223,Heuvelland,West-Vlaanderen,flanders,"c(2.85522222222222, 50.7580277777778)",Fish_passage_2024-07-31_2024-08-01,2024
2485-1,Fish passage,2024-07-31T00:00:00Z,2024-08-01T00:00:00Z,SDSF_3,Xenlae,adult,52,8,M,dead,no,Xenopus laevis,5217334,,50.75802777777778,2.8552222222222223,Heuvelland,West-Vlaanderen,flanders,"c(2.85522222222222, 50.7580277777778)",Fish_passage_2024-07-31_2024-08-01,2024
2486-2,Fish passage,2024-07-31T00:00:00Z,2024-08-01T00:00:00Z,SDSF_3,Xenlae,subadult,23,6,NA,dead,no,Xenopus laevis,5217334,,50.75802777777778,2.8552222222222223,Heuvelland,West-Vlaanderen,flanders,"c(2.85522222222222, 50.7580277777778)",Fish_passage_2024-07-31_2024-08-01,2024
2487-1,Fish passage,2024-07-31T00:00:00Z,2024-08-01T00:00:00Z,SDSF_3,Xenlae,subadult,44,NA,M,dead,no,Xenopus laevis,5217334,,50.75802777777778,2.8552222222222223,Heuvelland,West-Vlaanderen,flanders,"c(2.85522222222222, 50.7580277777778)",Fish_passage_2024-07-31_2024-08-01,2024
2488-1,Fish passage,2024-07-31T00:00:00Z,2024-08-01T00:00:00Z,SDSF_3,Xenlae,subadult,25,6.1,M,dead,no,Xenopus laevis,5217334,,50.75802777777778,2.8552222222222223,Heuvelland,West-Vlaanderen,flanders,"c(2.85522222222222, 50.7580277777778)",Fish_passage_2024-07-31_2024-08-01,2024
2489-1,Fish passage,2024-07-31T00:00:00Z,2024-08-01T00:00:00Z,SDSF_3,Xenlae,subadult,30,6.5,M,dead,no,Xenopus laevis,5217334,,50.75802777777778,2.8552222222222223,Heuvelland,West-Vlaanderen,flanders,"c(2.85522222222222, 50.7580277777778)",Fish_passage_2024-07-31_2024-08-01,2024
2490-1,Big pond Eeuwenhout bos,2024-07-31T00:00:00Z,2024-08-01T00:00:00Z,SDSF_2a,Xenlae,subadult,33,7,F,alive,no,Xenopus laevis,5217334,,50.768027777777775,2.7708055555555555,Heuvelland,West-Vlaanderen,flanders,"c(2.77080555555556, 50.7680277777778)",Big_pond_Eeuwenhout_bos_2024-07-31_2024-08-01,2024
2491-1,Big pond Eeuwenhout bos,2024-07-31T00:00:00Z,2024-08-01T00:00:00Z,SDSF_2a,Xenlae,subadult,33,6.4,M,alive,no,Xenopus laevis,5217334,,50.768027777777775,2.7708055555555555,Heuvelland,West-Vlaanderen,flanders,"c(2.77080555555556, 50.7680277777778)",Big_pond_Eeuwenhout_bos_2024-07-31_2024-08-01,2024
2492-1,Big pond Eeuwenhout bos,2024-07-31T00:00:00Z,2024-08-01T00:00:00Z,SDSF_2a,Xenlae,subadult,25,6.1,F,alive,no,Xenopus laevis,5217334,,50.768027777777775,2.7708055555555555,Heuvelland,West-Vlaanderen,flanders,"c(2.77080555555556, 50.7680277777778)",Big_pond_Eeuwenhout_bos_2024-07-31_2024-08-01,2024
2496-1,Big pond Eeuwenhout bos,2024-07-31T00:00:00Z,2024-08-01T00:00:00Z,SDSF_3a,Xenlae,juvenile,21,5.9,NA,alive,no,Xenopus laevis,5217334,,50.768027777777775,2.7708055555555555,Heuvelland,West-Vlaanderen,flanders,"c(2.77080555555556, 50.7680277777778)",Big_pond_Eeuwenhout_bos_2024-07-31_2024-08-01,2024
2497-1,Big pond Eeuwenhout bos,2024-07-31T00:00:00Z,2024-08-01T00:00:00Z,SDSF_3a,Xenlae,subadult,28,6.3,NA,alive,no,Xenopus laevis,5217334,,50.768027777777775,2.7708055555555555,Heuvelland,West-Vlaanderen,flanders,"c(2.77080555555556, 50.7680277777778)",Big_pond_Eeuwenhout_bos_2024-07-31_2024-08-01,2024
2509-1,Big pond Eeuwenhout bos,2024-07-31T00:00:00Z,2024-08-01T00:00:00Z,SDSF_5a,Xenlae,juvenile,2,2.9,NA,alive,no,Xenopus laevis,5217334,,50.768027777777775,2.7708055555555555,Heuvelland,West-Vlaanderen,flanders,"c(2.77080555555556, 50.7680277777778)",Big_pond_Eeuwenhout_bos_2024-07-31_2024-08-01,2024
2517-1,Big pond Eeuwenhout bos,2024-08-01T00:00:00Z,2024-08-02T00:00:00Z,SDSF_2a,Xenlae,juvenile,18,5.7,NA,alive,no,Xenopus laevis,5217334,,50.768027777777775,2.7708055555555555,Heuvelland,West-Vlaanderen,flanders,"c(2.77080555555556, 50.7680277777778)",Big_pond_Eeuwenhout_bos_2024-08-01_2024-08-02,2024
2518-1,Big pond Eeuwenhout bos,2024-08-01T00:00:00Z,2024-08-02T00:00:00Z,SDSF_2a,Xenlae,subadult,23,6.1,NA,alive,no,Xenopus laevis,5217334,,50.768027777777775,2.7708055555555555,Heuvelland,West-Vlaanderen,flanders,"c(2.77080555555556, 50.7680277777778)",Big_pond_Eeuwenhout_bos_2024-08-01_2024-08-02,2024
2521-1,Big pond Eeuwenhout bos,2024-08-01T00:00:00Z,2024-08-02T00:00:00Z,SDSF_3a,Xenlae,adult,43,8,F,alive,no,Xenopus laevis,5217334,,50.768027777777775,2.7708055555555555,Heuvelland,West-Vlaanderen,flanders,"c(2.77080555555556, 50.7680277777778)",Big_pond_Eeuwenhout_bos_2024-08-01_2024-08-02,2024
2522-1,Big pond Eeuwenhout bos,2024-08-01T00:00:00Z,2024-08-02T00:00:00Z,SDSF_3a,Xenlae,subadult,23,6.4,M,alive,no,Xenopus laevis,5217334,,50.768027777777775,2.7708055555555555,Heuvelland,West-Vlaanderen,flanders,"c(2.77080555555556, 50.7680277777778)",Big_pond_Eeuwenhout_bos_2024-08-01_2024-08-02,2024
2523-1,Big pond Eeuwenhout bos,2024-08-01T00:00:00Z,2024-08-02T00:00:00Z,SDSF_3a,Xenlae,adult,51,8.2,F,alive,no,Xenopus laevis,5217334,,50.768027777777775,2.7708055555555555,Heuvelland,West-Vlaanderen,flanders,"c(2.77080555555556, 50.7680277777778)",Big_pond_Eeuwenhout_bos_2024-08-01_2024-08-02,2024
2524-1,Big pond Eeuwenhout bos,2024-08-01T00:00:00Z,2024-08-02T00:00:00Z,SDSF_3a,Xenlae,subadult,22,6,NA,alive,no,Xenopus laevis,5217334,,50.768027777777775,2.7708055555555555,Heuvelland,West-Vlaanderen,flanders,"c(2.77080555555556, 50.7680277777778)",Big_pond_Eeuwenhout_bos_2024-08-01_2024-08-02,2024
2525-1,Big pond Eeuwenhout bos,2024-08-01T00:00:00Z,2024-08-02T00:00:00Z,SDSF_3a,Xenlae,juvenile,20,5.7,NA,alive,no,Xenopus laevis,5217334,,50.768027777777775,2.7708055555555555,Heuvelland,West-Vlaanderen,flanders,"c(2.77080555555556, 50.7680277777778)",Big_pond_Eeuwenhout_bos_2024-08-01_2024-08-02,2024
2535-1,Fish passage,2024-08-01T00:00:00Z,2024-08-02T00:00:00Z,SDSF_1,Xenlae,adult,177,11.5,F,dead,no,Xenopus laevis,5217334,,50.75802777777778,2.8552222222222223,Heuvelland,West-Vlaanderen,flanders,"c(2.85522222222222, 50.7580277777778)",Fish_passage_2024-08-01_2024-08-02,2024
2536-1,Fish passage,2024-08-01T00:00:00Z,2024-08-02T00:00:00Z,SDSF_1,Xenlae,adult,58,7.8,M,dead,no,Xenopus laevis,5217334,,50.75802777777778,2.8552222222222223,Heuvelland,West-Vlaanderen,flanders,"c(2.85522222222222, 50.7580277777778)",Fish_passage_2024-08-01_2024-08-02,2024
2537-1,Fish passage,2024-08-01T00:00:00Z,2024-08-02T00:00:00Z,SDSF_1,Xenlae,subadult,40,6.3,M,dead,no,Xenopus laevis,5217334,,50.75802777777778,2.8552222222222223,Heuvelland,West-Vlaanderen,flanders,"c(2.85522222222222, 50.7580277777778)",Fish_passage_2024-08-01_2024-08-02,2024
2538-1,Fish passage,2024-08-01T00:00:00Z,2024-08-02T00:00:00Z,SDSF_1,Xenlae,subadult,40,6.7,F,dead,no,Xenopus laevis,5217334,,50.75802777777778,2.8552222222222223,Heuvelland,West-Vlaanderen,flanders,"c(2.85522222222222, 50.7580277777778)",Fish_passage_2024-08-01_2024-08-02,2024
2539-1,Fish passage,2024-08-01T00:00:00Z,2024-08-02T00:00:00Z,SDSF_1,Xenlae,subadult,36,7.1,F,dead,no,Xenopus laevis,5217334,,50.75802777777778,2.8552222222222223,Heuvelland,West-Vlaanderen,flanders,"c(2.85522222222222, 50.7580277777778)",Fish_passage_2024-08-01_2024-08-02,2024
2540-1,Fish passage,2024-08-01T00:00:00Z,2024-08-02T00:00:00Z,SDSF_1,Xenlae,adult,66,8.3,M,dead,no,Xenopus laevis,5217334,,50.75802777777778,2.8552222222222223,Heuvelland,West-Vlaanderen,flanders,"c(2.85522222222222, 50.7580277777778)",Fish_passage_2024-08-01_2024-08-02,2024
2541-1,Fish passage,2024-08-01T00:00:00Z,2024-08-02T00:00:00Z,SDSF_1,Xenlae,subadult,40,6.9,M,dead,no,Xenopus laevis,5217334,,50.75802777777778,2.8552222222222223,Heuvelland,West-Vlaanderen,flanders,"c(2.85522222222222, 50.7580277777778)",Fish_passage_2024-08-01_2024-08-02,2024
2542-1,Fish passage,2024-08-01T00:00:00Z,2024-08-02T00:00:00Z,SDSF_1,Xenlae,adult,59,7.7,M,dead,no,Xenopus laevis,5217334,,50.75802777777778,2.8552222222222223,Heuvelland,West-Vlaanderen,flanders,"c(2.85522222222222, 50.7580277777778)",Fish_passage_2024-08-01_2024-08-02,2024
2543-1,Fish passage,2024-08-01T00:00:00Z,2024-08-02T00:00:00Z,SDSF_1,Xenlae,subadult,39,6.5,M,dead,no,Xenopus laevis,5217334,,50.75802777777778,2.8552222222222223,Heuvelland,West-Vlaanderen,flanders,"c(2.85522222222222, 50.7580277777778)",Fish_passage_2024-08-01_2024-08-02,2024
2544-1,Fish passage,2024-08-01T00:00:00Z,2024-08-02T00:00:00Z,SDSF_1,Xenlae,subadult,44,7.2,M,dead,no,Xenopus laevis,5217334,,50.75802777777778,2.8552222222222223,Heuvelland,West-Vlaanderen,flanders,"c(2.85522222222222, 50.7580277777778)",Fish_passage_2024-08-01_2024-08-02,2024
2545-1,Fish passage,2024-08-01T00:00:00Z,2024-08-02T00:00:00Z,SDSF_1,Xenlae,subadult,36,6.8,F,dead,no,Xenopus laevis,5217334,,50.75802777777778,2.8552222222222223,Heuvelland,West-Vlaanderen,flanders,"c(2.85522222222222, 50.7580277777778)",Fish_passage_2024-08-01_2024-08-02,2024
2546-1,Fish passage,2024-08-01T00:00:00Z,2024-08-02T00:00:00Z,SDSF_1,Xenlae,adult,35,7.9,M,dead,no,Xenopus laevis,5217334,,50.75802777777778,2.8552222222222223,Heuvelland,West-Vlaanderen,flanders,"c(2.85522222222222, 50.7580277777778)",Fish_passage_2024-08-01_2024-08-02,2024
2547-1,Fish passage,2024-08-01T00:00:00Z,2024-08-02T00:00:00Z,SDSF_1,Xenlae,subadult,33,7.2,M,alive,no,Xenopus laevis,5217334,,50.75802777777778,2.8552222222222223,Heuvelland,West-Vlaanderen,flanders,"c(2.85522222222222, 50.7580277777778)",Fish_passage_2024-08-01_2024-08-02,2024
2548-1,Fish passage,2024-08-01T00:00:00Z,2024-08-02T00:00:00Z,SDSF_1,Xenlae,subadult,31,6.9,M,alive,no,Xenopus laevis,5217334,,50.75802777777778,2.8552222222222223,Heuvelland,West-Vlaanderen,flanders,"c(2.85522222222222, 50.7580277777778)",Fish_passage_2024-08-01_2024-08-02,2024
2549-1,Fish passage,2024-08-01T00:00:00Z,2024-08-02T00:00:00Z,SDSF_1,Xenlae,larve,0.5,1.5,NA,dead,no,Xenopus laevis,5217334,,50.75802777777778,2.8552222222222223,Heuvelland,West-Vlaanderen,flanders,"c(2.85522222222222, 50.7580277777778)",Fish_passage_2024-08-01_2024-08-02,2024
2550-1,Fish passage,2024-08-01T00:00:00Z,2024-08-02T00:00:00Z,SDSF_1,Xenlae,larve,0.5,2,NA,dead,no,Xenopus laevis,5217334,,50.75802777777778,2.8552222222222223,Heuvelland,West-Vlaanderen,flanders,"c(2.85522222222222, 50.7580277777778)",Fish_passage_2024-08-01_2024-08-02,2024
2552-1,Fish passage,2024-08-01T00:00:00Z,2024-08-02T00:00:00Z,SDSF_2,Xenlae,adult,56,7.8,M,dead,no,Xenopus laevis,5217334,,50.75802777777778,2.8552222222222223,Heuvelland,West-Vlaanderen,flanders,"c(2.85522222222222, 50.7580277777778)",Fish_passage_2024-08-01_2024-08-02,2024
2553-1,Fish passage,2024-08-01T00:00:00Z,2024-08-02T00:00:00Z,SDSF_2,Xenlae,adult,49,7.1,M,dead,no,Xenopus laevis,5217334,,50.75802777777778,2.8552222222222223,Heuvelland,West-Vlaanderen,flanders,"c(2.85522222222222, 50.7580277777778)",Fish_passage_2024-08-01_2024-08-02,2024
2554-1,Fish passage,2024-08-01T00:00:00Z,2024-08-02T00:00:00Z,SDSF_2,Xenlae,adult,52,7.3,M,dead,no,Xenopus laevis,5217334,,50.75802777777778,2.8552222222222223,Heuvelland,West-Vlaanderen,flanders,"c(2.85522222222222, 50.7580277777778)",Fish_passage_2024-08-01_2024-08-02,2024
2555-1,Fish passage,2024-08-01T00:00:00Z,2024-08-02T00:00:00Z,SDSF_2,Xenlae,subadult,23,6.2,NA,alive,no,Xenopus laevis,5217334,,50.75802777777778,2.8552222222222223,Heuvelland,West-Vlaanderen,flanders,"c(2.85522222222222, 50.7580277777778)",Fish_passage_2024-08-01_2024-08-02,2024
2556-1,Fish passage,2024-08-01T00:00:00Z,2024-08-02T00:00:00Z,SDSF_3,Xenlae,subadult,26,6.2,NA,dead,no,Xenopus laevis,5217334,,50.75802777777778,2.8552222222222223,Heuvelland,West-Vlaanderen,flanders,"c(2.85522222222222, 50.7580277777778)",Fish_passage_2024-08-01_2024-08-02,2024
2557-1,Fish passage,2024-08-01T00:00:00Z,2024-08-02T00:00:00Z,SDSF_3,Xenlae,adult,53,7.6,F,dead,no,Xenopus laevis,5217334,,50.75802777777778,2.8552222222222223,Heuvelland,West-Vlaanderen,flanders,"c(2.85522222222222, 50.7580277777778)",Fish_passage_2024-08-01_2024-08-02,2024
2558-1,Fish passage,2024-08-01T00:00:00Z,2024-08-02T00:00:00Z,SDSF_3,Xenlae,subadult,46,7.1,M,dead,no,Xenopus laevis,5217334,,50.75802777777778,2.8552222222222223,Heuvelland,West-Vlaanderen,flanders,"c(2.85522222222222, 50.7580277777778)",Fish_passage_2024-08-01_2024-08-02,2024
2559-1,Field pond,2024-08-01T00:00:00Z,2024-08-02T00:00:00Z,SDSF_2,Xenlae,adult,81,9.9,F,alive,no,Xenopus laevis,5217334,,50.75672222222222,2.9182777777777775,Mesen,West-Vlaanderen,flanders,"c(2.91827777777778, 50.7567222222222)",Field_pond_2024-08-01_2024-08-02,2024
2560-1,Field pond,2024-08-01T00:00:00Z,2024-08-02T00:00:00Z,SDSF_2,Xenlae,adult,72,9.6,F,alive,no,Xenopus laevis,5217334,,50.75672222222222,2.9182777777777775,Mesen,West-Vlaanderen,flanders,"c(2.91827777777778, 50.7567222222222)",Field_pond_2024-08-01_2024-08-02,2024
2561-1,Field pond,2024-08-01T00:00:00Z,2024-08-02T00:00:00Z,SDSF_2,Xenlae,subadult,32,6.9,NA,alive,no,Xenopus laevis,5217334,,50.75672222222222,2.9182777777777775,Mesen,West-Vlaanderen,flanders,"c(2.91827777777778, 50.7567222222222)",Field_pond_2024-08-01_2024-08-02,2024
2562-1,Field pond,2024-08-01T00:00:00Z,2024-08-02T00:00:00Z,SDSF_2,Xenlae,larve,0.5,2.1,NA,dead,no,Xenopus laevis,5217334,,50.75672222222222,2.9182777777777775,Mesen,West-Vlaanderen,flanders,"c(2.91827777777778, 50.7567222222222)",Field_pond_2024-08-01_2024-08-02,2024
2563-1,Field pond,2024-08-01T00:00:00Z,2024-08-02T00:00:00Z,SDSF_2,Xenlae,larve,0.5,2.2,NA,dead,no,Xenopus laevis,5217334,,50.75672222222222,2.9182777777777775,Mesen,West-Vlaanderen,flanders,"c(2.91827777777778, 50.7567222222222)",Field_pond_2024-08-01_2024-08-02,2024
2564-1,Field pond,2024-08-01T00:00:00Z,2024-08-02T00:00:00Z,SDSF_2,Xenlae,larve,1,2.3,NA,dead,no,Xenopus laevis,5217334,,50.75672222222222,2.9182777777777775,Mesen,West-Vlaanderen,flanders,"c(2.91827777777778, 50.7567222222222)",Field_pond_2024-08-01_2024-08-02,2024
2565-2,Field pond,2024-08-01T00:00:00Z,2024-08-02T00:00:00Z,SDSF_2,Xenlae,larve,0.5,2.2,NA,dead,no,Xenopus laevis,5217334,,50.75672222222222,2.9182777777777775,Mesen,West-Vlaanderen,flanders,"c(2.91827777777778, 50.7567222222222)",Field_pond_2024-08-01_2024-08-02,2024
2565-3,Field pond,2024-08-01T00:00:00Z,2024-08-02T00:00:00Z,SDSF_2,Xenlae,larve,0.5,2.2,NA,dead,no,Xenopus laevis,5217334,,50.75672222222222,2.9182777777777775,Mesen,West-Vlaanderen,flanders,"c(2.91827777777778, 50.7567222222222)",Field_pond_2024-08-01_2024-08-02,2024
2565-4,Field pond,2024-08-01T00:00:00Z,2024-08-02T00:00:00Z,SDSF_2,Xenlae,larve,0.5,2.2,NA,dead,no,Xenopus laevis,5217334,,50.75672222222222,2.9182777777777775,Mesen,West-Vlaanderen,flanders,"c(2.91827777777778, 50.7567222222222)",Field_pond_2024-08-01_2024-08-02,2024
2565-5,Field pond,2024-08-01T00:00:00Z,2024-08-02T00:00:00Z,SDSF_2,Xenlae,larve,0.5,2.2,NA,dead,no,Xenopus laevis,5217334,,50.75672222222222,2.9182777777777775,Mesen,West-Vlaanderen,flanders,"c(2.91827777777778, 50.7567222222222)",Field_pond_2024-08-01_2024-08-02,2024
2565-6,Field pond,2024-08-01T00:00:00Z,2024-08-02T00:00:00Z,SDSF_2,Xenlae,larve,0.5,2.2,NA,dead,no,Xenopus laevis,5217334,,50.75672222222222,2.9182777777777775,Mesen,West-Vlaanderen,flanders,"c(2.91827777777778, 50.7567222222222)",Field_pond_2024-08-01_2024-08-02,2024
2565-7,Field pond,2024-08-01T00:00:00Z,2024-08-02T00:00:00Z,SDSF_2,Xenlae,larve,0.5,2.2,NA,dead,no,Xenopus laevis,5217334,,50.75672222222222,2.9182777777777775,Mesen,West-Vlaanderen,flanders,"c(2.91827777777778, 50.7567222222222)",Field_pond_2024-08-01_2024-08-02,2024
2565-8,Field pond,2024-08-01T00:00:00Z,2024-08-02T00:00:00Z,SDSF_2,Xenlae,larve,0.5,2.2,NA,dead,no,Xenopus laevis,5217334,,50.75672222222222,2.9182777777777775,Mesen,West-Vlaanderen,flanders,"c(2.91827777777778, 50.7567222222222)",Field_pond_2024-08-01_2024-08-02,2024
2565-9,Field pond,2024-08-01T00:00:00Z,2024-08-02T00:00:00Z,SDSF_2,Xenlae,larve,0.5,2.2,NA,dead,no,Xenopus laevis,5217334,,50.75672222222222,2.9182777777777775,Mesen,West-Vlaanderen,flanders,"c(2.91827777777778, 50.7567222222222)",Field_pond_2024-08-01_2024-08-02,2024
2565-10,Field pond,2024-08-01T00:00:00Z,2024-08-02T00:00:00Z,SDSF_2,Xenlae,larve,0.5,2.2,NA,dead,no,Xenopus laevis,5217334,,50.75672222222222,2.9182777777777775,Mesen,West-Vlaanderen,flanders,"c(2.91827777777778, 50.7567222222222)",Field_pond_2024-08-01_2024-08-02,2024
2565-11,Field pond,2024-08-01T00:00:00Z,2024-08-02T00:00:00Z,SDSF_2,Xenlae,larve,0.5,2.2,NA,dead,no,Xenopus laevis,5217334,,50.75672222222222,2.9182777777777775,Mesen,West-Vlaanderen,flanders,"c(2.91827777777778, 50.7567222222222)",Field_pond_2024-08-01_2024-08-02,2024
2565-12,Field pond,2024-08-01T00:00:00Z,2024-08-02T00:00:00Z,SDSF_2,Xenlae,larve,0.5,2.2,NA,dead,no,Xenopus laevis,5217334,,50.75672222222222,2.9182777777777775,Mesen,West-Vlaanderen,flanders,"c(2.91827777777778, 50.7567222222222)",Field_pond_2024-08-01_2024-08-02,2024
2565-13,Field pond,2024-08-01T00:00:00Z,2024-08-02T00:00:00Z,SDSF_2,Xenlae,larve,0.5,2.2,NA,dead,no,Xenopus laevis,5217334,,50.75672222222222,2.9182777777777775,Mesen,West-Vlaanderen,flanders,"c(2.91827777777778, 50.7567222222222)",Field_pond_2024-08-01_2024-08-02,2024
2565-14,Field pond,2024-08-01T00:00:00Z,2024-08-02T00:00:00Z,SDSF_2,Xenlae,larve,0.5,2.2,NA,dead,no,Xenopus laevis,5217334,,50.75672222222222,2.9182777777777775,Mesen,West-Vlaanderen,flanders,"c(2.91827777777778, 50.7567222222222)",Field_pond_2024-08-01_2024-08-02,2024
2565-15,Field pond,2024-08-01T00:00:00Z,2024-08-02T00:00:00Z,SDSF_2,Xenlae,larve,0.5,2.2,NA,dead,no,Xenopus laevis,5217334,,50.75672222222222,2.9182777777777775,Mesen,West-Vlaanderen,flanders,"c(2.91827777777778, 50.7567222222222)",Field_pond_2024-08-01_2024-08-02,2024
2565-16,Field pond,2024-08-01T00:00:00Z,2024-08-02T00:00:00Z,SDSF_2,Xenlae,larve,0.5,2.2,NA,dead,no,Xenopus laevis,5217334,,50.75672222222222,2.9182777777777775,Mesen,West-Vlaanderen,flanders,"c(2.91827777777778, 50.7567222222222)",Field_pond_2024-08-01_2024-08-02,2024
2565-17,Field pond,2024-08-01T00:00:00Z,2024-08-02T00:00:00Z,SDSF_2,Xenlae,larve,0.5,2.2,NA,dead,no,Xenopus laevis,5217334,,50.75672222222222,2.9182777777777775,Mesen,West-Vlaanderen,flanders,"c(2.91827777777778, 50.7567222222222)",Field_pond_2024-08-01_2024-08-02,2024
2565-18,Field pond,2024-08-01T00:00:00Z,2024-08-02T00:00:00Z,SDSF_2,Xenlae,larve,0.5,2.2,NA,dead,no,Xenopus laevis,5217334,,50.75672222222222,2.9182777777777775,Mesen,West-Vlaanderen,flanders,"c(2.91827777777778, 50.7567222222222)",Field_pond_2024-08-01_2024-08-02,2024
2565-19,Field pond,2024-08-01T00:00:00Z,2024-08-02T00:00:00Z,SDSF_2,Xenlae,larve,0.5,2.2,NA,dead,no,Xenopus laevis,5217334,,50.75672222222222,2.9182777777777775,Mesen,West-Vlaanderen,flanders,"c(2.91827777777778, 50.7567222222222)",Field_pond_2024-08-01_2024-08-02,2024
2565-20,Field pond,2024-08-01T00:00:00Z,2024-08-02T00:00:00Z,SDSF_2,Xenlae,larve,0.5,2.2,NA,dead,no,Xenopus laevis,5217334,,50.75672222222222,2.9182777777777775,Mesen,West-Vlaanderen,flanders,"c(2.91827777777778, 50.7567222222222)",Field_pond_2024-08-01_2024-08-02,2024
2565-21,Field pond,2024-08-01T00:00:00Z,2024-08-02T00:00:00Z,SDSF_2,Xenlae,larve,0.5,2.2,NA,dead,no,Xenopus laevis,5217334,,50.75672222222222,2.9182777777777775,Mesen,West-Vlaanderen,flanders,"c(2.91827777777778, 50.7567222222222)",Field_pond_2024-08-01_2024-08-02,2024
2565-22,Field pond,2024-08-01T00:00:00Z,2024-08-02T00:00:00Z,SDSF_2,Xenlae,larve,0.5,2.2,NA,dead,no,Xenopus laevis,5217334,,50.75672222222222,2.9182777777777775,Mesen,West-Vlaanderen,flanders,"c(2.91827777777778, 50.7567222222222)",Field_pond_2024-08-01_2024-08-02,2024
2565-23,Field pond,2024-08-01T00:00:00Z,2024-08-02T00:00:00Z,SDSF_2,Xenlae,larve,0.5,2.2,NA,dead,no,Xenopus laevis,5217334,,50.75672222222222,2.9182777777777775,Mesen,West-Vlaanderen,flanders,"c(2.91827777777778, 50.7567222222222)",Field_pond_2024-08-01_2024-08-02,2024
2565-24,Field pond,2024-08-01T00:00:00Z,2024-08-02T00:00:00Z,SDSF_2,Xenlae,larve,0.5,2.2,NA,dead,no,Xenopus laevis,5217334,,50.75672222222222,2.9182777777777775,Mesen,West-Vlaanderen,flanders,"c(2.91827777777778, 50.7567222222222)",Field_pond_2024-08-01_2024-08-02,2024
2565-25,Field pond,2024-08-01T00:00:00Z,2024-08-02T00:00:00Z,SDSF_2,Xenlae,larve,0.5,2.2,NA,dead,no,Xenopus laevis,5217334,,50.75672222222222,2.9182777777777775,Mesen,West-Vlaanderen,flanders,"c(2.91827777777778, 50.7567222222222)",Field_pond_2024-08-01_2024-08-02,2024
2565-26,Field pond,2024-08-01T00:00:00Z,2024-08-02T00:00:00Z,SDSF_2,Xenlae,larve,0.5,2.2,NA,dead,no,Xenopus laevis,5217334,,50.75672222222222,2.9182777777777775,Mesen,West-Vlaanderen,flanders,"c(2.91827777777778, 50.7567222222222)",Field_pond_2024-08-01_2024-08-02,2024
2565-27,Field pond,2024-08-01T00:00:00Z,2024-08-02T00:00:00Z,SDSF_2,Xenlae,larve,0.5,2.2,NA,dead,no,Xenopus laevis,5217334,,50.75672222222222,2.9182777777777775,Mesen,West-Vlaanderen,flanders,"c(2.91827777777778, 50.7567222222222)",Field_pond_2024-08-01_2024-08-02,2024
2565-28,Field pond,2024-08-01T00:00:00Z,2024-08-02T00:00:00Z,SDSF_2,Xenlae,larve,0.5,2.2,NA,dead,no,Xenopus laevis,5217334,,50.75672222222222,2.9182777777777775,Mesen,West-Vlaanderen,flanders,"c(2.91827777777778, 50.7567222222222)",Field_pond_2024-08-01_2024-08-02,2024
2565-29,Field pond,2024-08-01T00:00:00Z,2024-08-02T00:00:00Z,SDSF_2,Xenlae,larve,0.5,2.2,NA,dead,no,Xenopus laevis,5217334,,50.75672222222222,2.9182777777777775,Mesen,West-Vlaanderen,flanders,"c(2.91827777777778, 50.7567222222222)",Field_pond_2024-08-01_2024-08-02,2024
2565-30,Field pond,2024-08-01T00:00:00Z,2024-08-02T00:00:00Z,SDSF_2,Xenlae,larve,0.5,2.2,NA,dead,no,Xenopus laevis,5217334,,50.75672222222222,2.9182777777777775,Mesen,West-Vlaanderen,flanders,"c(2.91827777777778, 50.7567222222222)",Field_pond_2024-08-01_2024-08-02,2024
2565-31,Field pond,2024-08-01T00:00:00Z,2024-08-02T00:00:00Z,SDSF_2,Xenlae,larve,0.5,2.2,NA,dead,no,Xenopus laevis,5217334,,50.75672222222222,2.9182777777777775,Mesen,West-Vlaanderen,flanders,"c(2.91827777777778, 50.7567222222222)",Field_pond_2024-08-01_2024-08-02,2024
2565-32,Field pond,2024-08-01T00:00:00Z,2024-08-02T00:00:00Z,SDSF_2,Xenlae,larve,0.5,2.2,NA,dead,no,Xenopus laevis,5217334,,50.75672222222222,2.9182777777777775,Mesen,West-Vlaanderen,flanders,"c(2.91827777777778, 50.7567222222222)",Field_pond_2024-08-01_2024-08-02,2024
2565-33,Field pond,2024-08-01T00:00:00Z,2024-08-02T00:00:00Z,SDSF_2,Xenlae,larve,0.5,2.2,NA,dead,no,Xenopus laevis,5217334,,50.75672222222222,2.9182777777777775,Mesen,West-Vlaanderen,flanders,"c(2.91827777777778, 50.7567222222222)",Field_pond_2024-08-01_2024-08-02,2024
2565-34,Field pond,2024-08-01T00:00:00Z,2024-08-02T00:00:00Z,SDSF_2,Xenlae,larve,0.5,2.2,NA,dead,no,Xenopus laevis,5217334,,50.75672222222222,2.9182777777777775,Mesen,West-Vlaanderen,flanders,"c(2.91827777777778, 50.7567222222222)",Field_pond_2024-08-01_2024-08-02,2024
2565-35,Field pond,2024-08-01T00:00:00Z,2024-08-02T00:00:00Z,SDSF_2,Xenlae,larve,0.5,2.2,NA,dead,no,Xenopus laevis,5217334,,50.75672222222222,2.9182777777777775,Mesen,West-Vlaanderen,flanders,"c(2.91827777777778, 50.7567222222222)",Field_pond_2024-08-01_2024-08-02,2024
2565-36,Field pond,2024-08-01T00:00:00Z,2024-08-02T00:00:00Z,SDSF_2,Xenlae,larve,0.5,2.2,NA,dead,no,Xenopus laevis,5217334,,50.75672222222222,2.9182777777777775,Mesen,West-Vlaanderen,flanders,"c(2.91827777777778, 50.7567222222222)",Field_pond_2024-08-01_2024-08-02,2024
2565-37,Field pond,2024-08-01T00:00:00Z,2024-08-02T00:00:00Z,SDSF_2,Xenlae,larve,0.5,2.2,NA,dead,no,Xenopus laevis,5217334,,50.75672222222222,2.9182777777777775,Mesen,West-Vlaanderen,flanders,"c(2.91827777777778, 50.7567222222222)",Field_pond_2024-08-01_2024-08-02,2024
2565-38,Field pond,2024-08-01T00:00:00Z,2024-08-02T00:00:00Z,SDSF_2,Xenlae,larve,0.5,2.2,NA,dead,no,Xenopus laevis,5217334,,50.75672222222222,2.9182777777777775,Mesen,West-Vlaanderen,flanders,"c(2.91827777777778, 50.7567222222222)",Field_pond_2024-08-01_2024-08-02,2024
2565-39,Field pond,2024-08-01T00:00:00Z,2024-08-02T00:00:00Z,SDSF_2,Xenlae,larve,0.5,2.2,NA,dead,no,Xenopus laevis,5217334,,50.75672222222222,2.9182777777777775,Mesen,West-Vlaanderen,flanders,"c(2.91827777777778, 50.7567222222222)",Field_pond_2024-08-01_2024-08-02,2024
2565-40,Field pond,2024-08-01T00:00:00Z,2024-08-02T00:00:00Z,SDSF_2,Xenlae,larve,0.5,2.2,NA,dead,no,Xenopus laevis,5217334,,50.75672222222222,2.9182777777777775,Mesen,West-Vlaanderen,flanders,"c(2.91827777777778, 50.7567222222222)",Field_pond_2024-08-01_2024-08-02,2024
2565-41,Field pond,2024-08-01T00:00:00Z,2024-08-02T00:00:00Z,SDSF_2,Xenlae,larve,0.5,2.2,NA,dead,no,Xenopus laevis,5217334,,50.75672222222222,2.9182777777777775,Mesen,West-Vlaanderen,flanders,"c(2.91827777777778, 50.7567222222222)",Field_pond_2024-08-01_2024-08-02,2024
2565-42,Field pond,2024-08-01T00:00:00Z,2024-08-02T00:00:00Z,SDSF_2,Xenlae,larve,0.5,2.2,NA,dead,no,Xenopus laevis,5217334,,50.75672222222222,2.9182777777777775,Mesen,West-Vlaanderen,flanders,"c(2.91827777777778, 50.7567222222222)",Field_pond_2024-08-01_2024-08-02,2024
2565-43,Field pond,2024-08-01T00:00:00Z,2024-08-02T00:00:00Z,SDSF_2,Xenlae,larve,0.5,2.2,NA,dead,no,Xenopus laevis,5217334,,50.75672222222222,2.9182777777777775,Mesen,West-Vlaanderen,flanders,"c(2.91827777777778, 50.7567222222222)",Field_pond_2024-08-01_2024-08-02,2024
2565-44,Field pond,2024-08-01T00:00:00Z,2024-08-02T00:00:00Z,SDSF_2,Xenlae,larve,0.5,2.2,NA,dead,no,Xenopus laevis,5217334,,50.75672222222222,2.9182777777777775,Mesen,West-Vlaanderen,flanders,"c(2.91827777777778, 50.7567222222222)",Field_pond_2024-08-01_2024-08-02,2024
2565-45,Field pond,2024-08-01T00:00:00Z,2024-08-02T00:00:00Z,SDSF_2,Xenlae,larve,0.5,2.2,NA,dead,no,Xenopus laevis,5217334,,50.75672222222222,2.9182777777777775,Mesen,West-Vlaanderen,flanders,"c(2.91827777777778, 50.7567222222222)",Field_pond_2024-08-01_2024-08-02,2024
2565-46,Field pond,2024-08-01T00:00:00Z,2024-08-02T00:00:00Z,SDSF_2,Xenlae,larve,0.5,2.2,NA,dead,no,Xenopus laevis,5217334,,50.75672222222222,2.9182777777777775,Mesen,West-Vlaanderen,flanders,"c(2.91827777777778, 50.7567222222222)",Field_pond_2024-08-01_2024-08-02,2024
2565-47,Field pond,2024-08-01T00:00:00Z,2024-08-02T00:00:00Z,SDSF_2,Xenlae,larve,0.5,2.2,NA,dead,no,Xenopus laevis,5217334,,50.75672222222222,2.9182777777777775,Mesen,West-Vlaanderen,flanders,"c(2.91827777777778, 50.7567222222222)",Field_pond_2024-08-01_2024-08-02,2024
2565-48,Field pond,2024-08-01T00:00:00Z,2024-08-02T00:00:00Z,SDSF_2,Xenlae,larve,0.5,2.2,NA,dead,no,Xenopus laevis,5217334,,50.75672222222222,2.9182777777777775,Mesen,West-Vlaanderen,flanders,"c(2.91827777777778, 50.7567222222222)",Field_pond_2024-08-01_2024-08-02,2024
2565-49,Field pond,2024-08-01T00:00:00Z,2024-08-02T00:00:00Z,SDSF_2,Xenlae,larve,0.5,2.2,NA,dead,no,Xenopus laevis,5217334,,50.75672222222222,2.9182777777777775,Mesen,West-Vlaanderen,flanders,"c(2.91827777777778, 50.7567222222222)",Field_pond_2024-08-01_2024-08-02,2024
2565-50,Field pond,2024-08-01T00:00:00Z,2024-08-02T00:00:00Z,SDSF_2,Xenlae,larve,0.5,2.2,NA,dead,no,Xenopus laevis,5217334,,50.75672222222222,2.9182777777777775,Mesen,West-Vlaanderen,flanders,"c(2.91827777777778, 50.7567222222222)",Field_pond_2024-08-01_2024-08-02,2024
2565-51,Field pond,2024-08-01T00:00:00Z,2024-08-02T00:00:00Z,SDSF_2,Xenlae,larve,0.5,2.2,NA,dead,no,Xenopus laevis,5217334,,50.75672222222222,2.9182777777777775,Mesen,West-Vlaanderen,flanders,"c(2.91827777777778, 50.7567222222222)",Field_pond_2024-08-01_2024-08-02,2024
2565-52,Field pond,2024-08-01T00:00:00Z,2024-08-02T00:00:00Z,SDSF_2,Xenlae,larve,0.5,2.2,NA,dead,no,Xenopus laevis,5217334,,50.75672222222222,2.9182777777777775,Mesen,West-Vlaanderen,flanders,"c(2.91827777777778, 50.7567222222222)",Field_pond_2024-08-01_2024-08-02,2024
2565-53,Field pond,2024-08-01T00:00:00Z,2024-08-02T00:00:00Z,SDSF_2,Xenlae,larve,0.5,2.2,NA,dead,no,Xenopus laevis,5217334,,50.75672222222222,2.9182777777777775,Mesen,West-Vlaanderen,flanders,"c(2.91827777777778, 50.7567222222222)",Field_pond_2024-08-01_2024-08-02,2024
2565-54,Field pond,2024-08-01T00:00:00Z,2024-08-02T00:00:00Z,SDSF_2,Xenlae,larve,0.5,2.2,NA,dead,no,Xenopus laevis,5217334,,50.75672222222222,2.9182777777777775,Mesen,West-Vlaanderen,flanders,"c(2.91827777777778, 50.7567222222222)",Field_pond_2024-08-01_2024-08-02,2024
2565-55,Field pond,2024-08-01T00:00:00Z,2024-08-02T00:00:00Z,SDSF_2,Xenlae,larve,0.5,2.2,NA,dead,no,Xenopus laevis,5217334,,50.75672222222222,2.9182777777777775,Mesen,West-Vlaanderen,flanders,"c(2.91827777777778, 50.7567222222222)",Field_pond_2024-08-01_2024-08-02,2024
2565-56,Field pond,2024-08-01T00:00:00Z,2024-08-02T00:00:00Z,SDSF_2,Xenlae,larve,0.5,2.2,NA,dead,no,Xenopus laevis,5217334,,50.75672222222222,2.9182777777777775,Mesen,West-Vlaanderen,flanders,"c(2.91827777777778, 50.7567222222222)",Field_pond_2024-08-01_2024-08-02,2024
2565-57,Field pond,2024-08-01T00:00:00Z,2024-08-02T00:00:00Z,SDSF_2,Xenlae,larve,0.5,2.2,NA,dead,no,Xenopus laevis,5217334,,50.75672222222222,2.9182777777777775,Mesen,West-Vlaanderen,flanders,"c(2.91827777777778, 50.7567222222222)",Field_pond_2024-08-01_2024-08-02,2024
2565-58,Field pond,2024-08-01T00:00:00Z,2024-08-02T00:00:00Z,SDSF_2,Xenlae,larve,0.5,2.2,NA,dead,no,Xenopus laevis,5217334,,50.75672222222222,2.9182777777777775,Mesen,West-Vlaanderen,flanders,"c(2.91827777777778, 50.7567222222222)",Field_pond_2024-08-01_2024-08-02,2024
2565-59,Field pond,2024-08-01T00:00:00Z,2024-08-02T00:00:00Z,SDSF_2,Xenlae,larve,0.5,2.2,NA,dead,no,Xenopus laevis,5217334,,50.75672222222222,2.9182777777777775,Mesen,West-Vlaanderen,flanders,"c(2.91827777777778, 50.7567222222222)",Field_pond_2024-08-01_2024-08-02,2024
2565-60,Field pond,2024-08-01T00:00:00Z,2024-08-02T00:00:00Z,SDSF_2,Xenlae,larve,0.5,2.2,NA,dead,no,Xenopus laevis,5217334,,50.75672222222222,2.9182777777777775,Mesen,West-Vlaanderen,flanders,"c(2.91827777777778, 50.7567222222222)",Field_pond_2024-08-01_2024-08-02,2024
2565-61,Field pond,2024-08-01T00:00:00Z,2024-08-02T00:00:00Z,SDSF_2,Xenlae,larve,0.5,2.2,NA,dead,no,Xenopus laevis,5217334,,50.75672222222222,2.9182777777777775,Mesen,West-Vlaanderen,flanders,"c(2.91827777777778, 50.7567222222222)",Field_pond_2024-08-01_2024-08-02,2024
2565-62,Field pond,2024-08-01T00:00:00Z,2024-08-02T00:00:00Z,SDSF_2,Xenlae,larve,0.5,2.2,NA,dead,no,Xenopus laevis,5217334,,50.75672222222222,2.9182777777777775,Mesen,West-Vlaanderen,flanders,"c(2.91827777777778, 50.7567222222222)",Field_pond_2024-08-01_2024-08-02,2024
2565-63,Field pond,2024-08-01T00:00:00Z,2024-08-02T00:00:00Z,SDSF_2,Xenlae,larve,0.5,2.2,NA,dead,no,Xenopus laevis,5217334,,50.75672222222222,2.9182777777777775,Mesen,West-Vlaanderen,flanders,"c(2.91827777777778, 50.7567222222222)",Field_pond_2024-08-01_2024-08-02,2024
2565-64,Field pond,2024-08-01T00:00:00Z,2024-08-02T00:00:00Z,SDSF_2,Xenlae,larve,0.5,2.2,NA,dead,no,Xenopus laevis,5217334,,50.75672222222222,2.9182777777777775,Mesen,West-Vlaanderen,flanders,"c(2.91827777777778, 50.7567222222222)",Field_pond_2024-08-01_2024-08-02,2024
2565-65,Field pond,2024-08-01T00:00:00Z,2024-08-02T00:00:00Z,SDSF_2,Xenlae,larve,0.5,2.2,NA,dead,no,Xenopus laevis,5217334,,50.75672222222222,2.9182777777777775,Mesen,West-Vlaanderen,flanders,"c(2.91827777777778, 50.7567222222222)",Field_pond_2024-08-01_2024-08-02,2024
2565-66,Field pond,2024-08-01T00:00:00Z,2024-08-02T00:00:00Z,SDSF_2,Xenlae,larve,0.5,2.2,NA,dead,no,Xenopus laevis,5217334,,50.75672222222222,2.9182777777777775,Mesen,West-Vlaanderen,flanders,"c(2.91827777777778, 50.7567222222222)",Field_pond_2024-08-01_2024-08-02,2024
2565-67,Field pond,2024-08-01T00:00:00Z,2024-08-02T00:00:00Z,SDSF_2,Xenlae,larve,0.5,2.2,NA,dead,no,Xenopus laevis,5217334,,50.75672222222222,2.9182777777777775,Mesen,West-Vlaanderen,flanders,"c(2.91827777777778, 50.7567222222222)",Field_pond_2024-08-01_2024-08-02,2024
2565-68,Field pond,2024-08-01T00:00:00Z,2024-08-02T00:00:00Z,SDSF_2,Xenlae,larve,0.5,2.2,NA,dead,no,Xenopus laevis,5217334,,50.75672222222222,2.9182777777777775,Mesen,West-Vlaanderen,flanders,"c(2.91827777777778, 50.7567222222222)",Field_pond_2024-08-01_2024-08-02,2024
2565-69,Field pond,2024-08-01T00:00:00Z,2024-08-02T00:00:00Z,SDSF_2,Xenlae,larve,0.5,2.2,NA,dead,no,Xenopus laevis,5217334,,50.75672222222222,2.9182777777777775,Mesen,West-Vlaanderen,flanders,"c(2.91827777777778, 50.7567222222222)",Field_pond_2024-08-01_2024-08-02,2024
2565-70,Field pond,2024-08-01T00:00:00Z,2024-08-02T00:00:00Z,SDSF_2,Xenlae,larve,0.5,2.2,NA,dead,no,Xenopus laevis,5217334,,50.75672222222222,2.9182777777777775,Mesen,West-Vlaanderen,flanders,"c(2.91827777777778, 50.7567222222222)",Field_pond_2024-08-01_2024-08-02,2024
2565-71,Field pond,2024-08-01T00:00:00Z,2024-08-02T00:00:00Z,SDSF_2,Xenlae,larve,0.5,2.2,NA,dead,no,Xenopus laevis,5217334,,50.75672222222222,2.9182777777777775,Mesen,West-Vlaanderen,flanders,"c(2.91827777777778, 50.7567222222222)",Field_pond_2024-08-01_2024-08-02,2024
2565-72,Field pond,2024-08-01T00:00:00Z,2024-08-02T00:00:00Z,SDSF_2,Xenlae,larve,0.5,2.2,NA,dead,no,Xenopus laevis,5217334,,50.75672222222222,2.9182777777777775,Mesen,West-Vlaanderen,flanders,"c(2.91827777777778, 50.7567222222222)",Field_pond_2024-08-01_2024-08-02,2024
2565-73,Field pond,2024-08-01T00:00:00Z,2024-08-02T00:00:00Z,SDSF_2,Xenlae,larve,0.5,2.2,NA,dead,no,Xenopus laevis,5217334,,50.75672222222222,2.9182777777777775,Mesen,West-Vlaanderen,flanders,"c(2.91827777777778, 50.7567222222222)",Field_pond_2024-08-01_2024-08-02,2024
2565-74,Field pond,2024-08-01T00:00:00Z,2024-08-02T00:00:00Z,SDSF_2,Xenlae,larve,0.5,2.2,NA,dead,no,Xenopus laevis,5217334,,50.75672222222222,2.9182777777777775,Mesen,West-Vlaanderen,flanders,"c(2.91827777777778, 50.7567222222222)",Field_pond_2024-08-01_2024-08-02,2024
2565-75,Field pond,2024-08-01T00:00:00Z,2024-08-02T00:00:00Z,SDSF_2,Xenlae,larve,0.5,2.2,NA,dead,no,Xenopus laevis,5217334,,50.75672222222222,2.9182777777777775,Mesen,West-Vlaanderen,flanders,"c(2.91827777777778, 50.7567222222222)",Field_pond_2024-08-01_2024-08-02,2024
2565-76,Field pond,2024-08-01T00:00:00Z,2024-08-02T00:00:00Z,SDSF_2,Xenlae,larve,0.5,2.2,NA,dead,no,Xenopus laevis,5217334,,50.75672222222222,2.9182777777777775,Mesen,West-Vlaanderen,flanders,"c(2.91827777777778, 50.7567222222222)",Field_pond_2024-08-01_2024-08-02,2024
2565-77,Field pond,2024-08-01T00:00:00Z,2024-08-02T00:00:00Z,SDSF_2,Xenlae,larve,0.5,2.2,NA,dead,no,Xenopus laevis,5217334,,50.75672222222222,2.9182777777777775,Mesen,West-Vlaanderen,flanders,"c(2.91827777777778, 50.7567222222222)",Field_pond_2024-08-01_2024-08-02,2024
2565-78,Field pond,2024-08-01T00:00:00Z,2024-08-02T00:00:00Z,SDSF_2,Xenlae,larve,0.5,2.2,NA,dead,no,Xenopus laevis,5217334,,50.75672222222222,2.9182777777777775,Mesen,West-Vlaanderen,flanders,"c(2.91827777777778, 50.7567222222222)",Field_pond_2024-08-01_2024-08-02,2024
2565-79,Field pond,2024-08-01T00:00:00Z,2024-08-02T00:00:00Z,SDSF_2,Xenlae,larve,0.5,2.2,NA,dead,no,Xenopus laevis,5217334,,50.75672222222222,2.9182777777777775,Mesen,West-Vlaanderen,flanders,"c(2.91827777777778, 50.7567222222222)",Field_pond_2024-08-01_2024-08-02,2024
2565-80,Field pond,2024-08-01T00:00:00Z,2024-08-02T00:00:00Z,SDSF_2,Xenlae,larve,0.5,2.2,NA,dead,no,Xenopus laevis,5217334,,50.75672222222222,2.9182777777777775,Mesen,West-Vlaanderen,flanders,"c(2.91827777777778, 50.7567222222222)",Field_pond_2024-08-01_2024-08-02,2024
2565-81,Field pond,2024-08-01T00:00:00Z,2024-08-02T00:00:00Z,SDSF_2,Xenlae,larve,0.5,2.2,NA,dead,no,Xenopus laevis,5217334,,50.75672222222222,2.9182777777777775,Mesen,West-Vlaanderen,flanders,"c(2.91827777777778, 50.7567222222222)",Field_pond_2024-08-01_2024-08-02,2024
2565-82,Field pond,2024-08-01T00:00:00Z,2024-08-02T00:00:00Z,SDSF_2,Xenlae,larve,0.5,2.2,NA,dead,no,Xenopus laevis,5217334,,50.75672222222222,2.9182777777777775,Mesen,West-Vlaanderen,flanders,"c(2.91827777777778, 50.7567222222222)",Field_pond_2024-08-01_2024-08-02,2024
2565-83,Field pond,2024-08-01T00:00:00Z,2024-08-02T00:00:00Z,SDSF_2,Xenlae,larve,0.5,2.2,NA,dead,no,Xenopus laevis,5217334,,50.75672222222222,2.9182777777777775,Mesen,West-Vlaanderen,flanders,"c(2.91827777777778, 50.7567222222222)",Field_pond_2024-08-01_2024-08-02,2024
2565-84,Field pond,2024-08-01T00:00:00Z,2024-08-02T00:00:00Z,SDSF_2,Xenlae,larve,0.5,2.2,NA,dead,no,Xenopus laevis,5217334,,50.75672222222222,2.9182777777777775,Mesen,West-Vlaanderen,flanders,"c(2.91827777777778, 50.7567222222222)",Field_pond_2024-08-01_2024-08-02,2024
2565-85,Field pond,2024-08-01T00:00:00Z,2024-08-02T00:00:00Z,SDSF_2,Xenlae,larve,0.5,2.2,NA,dead,no,Xenopus laevis,5217334,,50.75672222222222,2.9182777777777775,Mesen,West-Vlaanderen,flanders,"c(2.91827777777778, 50.7567222222222)",Field_pond_2024-08-01_2024-08-02,2024
2565-86,Field pond,2024-08-01T00:00:00Z,2024-08-02T00:00:00Z,SDSF_2,Xenlae,larve,0.5,2.2,NA,dead,no,Xenopus laevis,5217334,,50.75672222222222,2.9182777777777775,Mesen,West-Vlaanderen,flanders,"c(2.91827777777778, 50.7567222222222)",Field_pond_2024-08-01_2024-08-02,2024
2565-87,Field pond,2024-08-01T00:00:00Z,2024-08-02T00:00:00Z,SDSF_2,Xenlae,larve,0.5,2.2,NA,dead,no,Xenopus laevis,5217334,,50.75672222222222,2.9182777777777775,Mesen,West-Vlaanderen,flanders,"c(2.91827777777778, 50.7567222222222)",Field_pond_2024-08-01_2024-08-02,2024
2565-88,Field pond,2024-08-01T00:00:00Z,2024-08-02T00:00:00Z,SDSF_2,Xenlae,larve,0.5,2.2,NA,dead,no,Xenopus laevis,5217334,,50.75672222222222,2.9182777777777775,Mesen,West-Vlaanderen,flanders,"c(2.91827777777778, 50.7567222222222)",Field_pond_2024-08-01_2024-08-02,2024
2565-89,Field pond,2024-08-01T00:00:00Z,2024-08-02T00:00:00Z,SDSF_2,Xenlae,larve,0.5,2.2,NA,dead,no,Xenopus laevis,5217334,,50.75672222222222,2.9182777777777775,Mesen,West-Vlaanderen,flanders,"c(2.91827777777778, 50.7567222222222)",Field_pond_2024-08-01_2024-08-02,2024
2565-90,Field pond,2024-08-01T00:00:00Z,2024-08-02T00:00:00Z,SDSF_2,Xenlae,larve,0.5,2.2,NA,dead,no,Xenopus laevis,5217334,,50.75672222222222,2.9182777777777775,Mesen,West-Vlaanderen,flanders,"c(2.91827777777778, 50.7567222222222)",Field_pond_2024-08-01_2024-08-02,2024
2565-91,Field pond,2024-08-01T00:00:00Z,2024-08-02T00:00:00Z,SDSF_2,Xenlae,larve,0.5,2.2,NA,dead,no,Xenopus laevis,5217334,,50.75672222222222,2.9182777777777775,Mesen,West-Vlaanderen,flanders,"c(2.91827777777778, 50.7567222222222)",Field_pond_2024-08-01_2024-08-02,2024
2565-92,Field pond,2024-08-01T00:00:00Z,2024-08-02T00:00:00Z,SDSF_2,Xenlae,larve,0.5,2.2,NA,dead,no,Xenopus laevis,5217334,,50.75672222222222,2.9182777777777775,Mesen,West-Vlaanderen,flanders,"c(2.91827777777778, 50.7567222222222)",Field_pond_2024-08-01_2024-08-02,2024
2565-93,Field pond,2024-08-01T00:00:00Z,2024-08-02T00:00:00Z,SDSF_2,Xenlae,larve,0.5,2.2,NA,dead,no,Xenopus laevis,5217334,,50.75672222222222,2.9182777777777775,Mesen,West-Vlaanderen,flanders,"c(2.91827777777778, 50.7567222222222)",Field_pond_2024-08-01_2024-08-02,2024
2565-94,Field pond,2024-08-01T00:00:00Z,2024-08-02T00:00:00Z,SDSF_2,Xenlae,larve,0.5,2.2,NA,dead,no,Xenopus laevis,5217334,,50.75672222222222,2.9182777777777775,Mesen,West-Vlaanderen,flanders,"c(2.91827777777778, 50.7567222222222)",Field_pond_2024-08-01_2024-08-02,2024
2565-95,Field pond,2024-08-01T00:00:00Z,2024-08-02T00:00:00Z,SDSF_2,Xenlae,larve,0.5,2.2,NA,dead,no,Xenopus laevis,5217334,,50.75672222222222,2.9182777777777775,Mesen,West-Vlaanderen,flanders,"c(2.91827777777778, 50.7567222222222)",Field_pond_2024-08-01_2024-08-02,2024
2565-96,Field pond,2024-08-01T00:00:00Z,2024-08-02T00:00:00Z,SDSF_2,Xenlae,larve,0.5,2.2,NA,dead,no,Xenopus laevis,5217334,,50.75672222222222,2.9182777777777775,Mesen,West-Vlaanderen,flanders,"c(2.91827777777778, 50.7567222222222)",Field_pond_2024-08-01_2024-08-02,2024
2565-97,Field pond,2024-08-01T00:00:00Z,2024-08-02T00:00:00Z,SDSF_2,Xenlae,larve,0.5,2.2,NA,dead,no,Xenopus laevis,5217334,,50.75672222222222,2.9182777777777775,Mesen,West-Vlaanderen,flanders,"c(2.91827777777778, 50.7567222222222)",Field_pond_2024-08-01_2024-08-02,2024
2565-98,Field pond,2024-08-01T00:00:00Z,2024-08-02T00:00:00Z,SDSF_2,Xenlae,larve,0.5,2.2,NA,dead,no,Xenopus laevis,5217334,,50.75672222222222,2.9182777777777775,Mesen,West-Vlaanderen,flanders,"c(2.91827777777778, 50.7567222222222)",Field_pond_2024-08-01_2024-08-02,2024
2565-99,Field pond,2024-08-01T00:00:00Z,2024-08-02T00:00:00Z,SDSF_2,Xenlae,larve,0.5,2.2,NA,dead,no,Xenopus laevis,5217334,,50.75672222222222,2.9182777777777775,Mesen,West-Vlaanderen,flanders,"c(2.91827777777778, 50.7567222222222)",Field_pond_2024-08-01_2024-08-02,2024
2565-100,Field pond,2024-08-01T00:00:00Z,2024-08-02T00:00:00Z,SDSF_2,Xenlae,larve,0.5,2.2,NA,dead,no,Xenopus laevis,5217334,,50.75672222222222,2.9182777777777775,Mesen,West-Vlaanderen,flanders,"c(2.91827777777778, 50.7567222222222)",Field_pond_2024-08-01_2024-08-02,2024
2565-101,Field pond,2024-08-01T00:00:00Z,2024-08-02T00:00:00Z,SDSF_2,Xenlae,larve,0.5,2.2,NA,dead,no,Xenopus laevis,5217334,,50.75672222222222,2.9182777777777775,Mesen,West-Vlaanderen,flanders,"c(2.91827777777778, 50.7567222222222)",Field_pond_2024-08-01_2024-08-02,2024
2565-102,Field pond,2024-08-01T00:00:00Z,2024-08-02T00:00:00Z,SDSF_2,Xenlae,larve,0.5,2.2,NA,dead,no,Xenopus laevis,5217334,,50.75672222222222,2.9182777777777775,Mesen,West-Vlaanderen,flanders,"c(2.91827777777778, 50.7567222222222)",Field_pond_2024-08-01_2024-08-02,2024
2565-103,Field pond,2024-08-01T00:00:00Z,2024-08-02T00:00:00Z,SDSF_2,Xenlae,larve,0.5,2.2,NA,dead,no,Xenopus laevis,5217334,,50.75672222222222,2.9182777777777775,Mesen,West-Vlaanderen,flanders,"c(2.91827777777778, 50.7567222222222)",Field_pond_2024-08-01_2024-08-02,2024
2565-104,Field pond,2024-08-01T00:00:00Z,2024-08-02T00:00:00Z,SDSF_2,Xenlae,larve,0.5,2.2,NA,dead,no,Xenopus laevis,5217334,,50.75672222222222,2.9182777777777775,Mesen,West-Vlaanderen,flanders,"c(2.91827777777778, 50.7567222222222)",Field_pond_2024-08-01_2024-08-02,2024
2565-105,Field pond,2024-08-01T00:00:00Z,2024-08-02T00:00:00Z,SDSF_2,Xenlae,larve,0.5,2.2,NA,dead,no,Xenopus laevis,5217334,,50.75672222222222,2.9182777777777775,Mesen,West-Vlaanderen,flanders,"c(2.91827777777778, 50.7567222222222)",Field_pond_2024-08-01_2024-08-02,2024
2565-106,Field pond,2024-08-01T00:00:00Z,2024-08-02T00:00:00Z,SDSF_2,Xenlae,larve,0.5,2.2,NA,dead,no,Xenopus laevis,5217334,,50.75672222222222,2.9182777777777775,Mesen,West-Vlaanderen,flanders,"c(2.91827777777778, 50.7567222222222)",Field_pond_2024-08-01_2024-08-02,2024
2565-107,Field pond,2024-08-01T00:00:00Z,2024-08-02T00:00:00Z,SDSF_2,Xenlae,larve,0.5,2.2,NA,dead,no,Xenopus laevis,5217334,,50.75672222222222,2.9182777777777775,Mesen,West-Vlaanderen,flanders,"c(2.91827777777778, 50.7567222222222)",Field_pond_2024-08-01_2024-08-02,2024
2565-108,Field pond,2024-08-01T00:00:00Z,2024-08-02T00:00:00Z,SDSF_2,Xenlae,larve,0.5,2.2,NA,dead,no,Xenopus laevis,5217334,,50.75672222222222,2.9182777777777775,Mesen,West-Vlaanderen,flanders,"c(2.91827777777778, 50.7567222222222)",Field_pond_2024-08-01_2024-08-02,2024
2565-109,Field pond,2024-08-01T00:00:00Z,2024-08-02T00:00:00Z,SDSF_2,Xenlae,larve,0.5,2.2,NA,dead,no,Xenopus laevis,5217334,,50.75672222222222,2.9182777777777775,Mesen,West-Vlaanderen,flanders,"c(2.91827777777778, 50.7567222222222)",Field_pond_2024-08-01_2024-08-02,2024
2565-110,Field pond,2024-08-01T00:00:00Z,2024-08-02T00:00:00Z,SDSF_2,Xenlae,larve,0.5,2.2,NA,dead,no,Xenopus laevis,5217334,,50.75672222222222,2.9182777777777775,Mesen,West-Vlaanderen,flanders,"c(2.91827777777778, 50.7567222222222)",Field_pond_2024-08-01_2024-08-02,2024
2565-111,Field pond,2024-08-01T00:00:00Z,2024-08-02T00:00:00Z,SDSF_2,Xenlae,larve,0.5,2.2,NA,dead,no,Xenopus laevis,5217334,,50.75672222222222,2.9182777777777775,Mesen,West-Vlaanderen,flanders,"c(2.91827777777778, 50.7567222222222)",Field_pond_2024-08-01_2024-08-02,2024
2565-112,Field pond,2024-08-01T00:00:00Z,2024-08-02T00:00:00Z,SDSF_2,Xenlae,larve,0.5,2.2,NA,dead,no,Xenopus laevis,5217334,,50.75672222222222,2.9182777777777775,Mesen,West-Vlaanderen,flanders,"c(2.91827777777778, 50.7567222222222)",Field_pond_2024-08-01_2024-08-02,2024
2565-113,Field pond,2024-08-01T00:00:00Z,2024-08-02T00:00:00Z,SDSF_2,Xenlae,larve,0.5,2.2,NA,dead,no,Xenopus laevis,5217334,,50.75672222222222,2.9182777777777775,Mesen,West-Vlaanderen,flanders,"c(2.91827777777778, 50.7567222222222)",Field_pond_2024-08-01_2024-08-02,2024
2568-1,Field pond,2024-08-01T00:00:00Z,2024-08-02T00:00:00Z,SDSF_3,Xenlae,adult,42,7.4,F,alive,no,Xenopus laevis,5217334,,50.75672222222222,2.9182777777777775,Mesen,West-Vlaanderen,flanders,"c(2.91827777777778, 50.7567222222222)",Field_pond_2024-08-01_2024-08-02,2024
2569-1,Field pond,2024-08-01T00:00:00Z,2024-08-02T00:00:00Z,SDSF_3,Xenlae,adult,48,8,F,alive,no,Xenopus laevis,5217334,,50.75672222222222,2.9182777777777775,Mesen,West-Vlaanderen,flanders,"c(2.91827777777778, 50.7567222222222)",Field_pond_2024-08-01_2024-08-02,2024
2570-1,Field pond,2024-08-01T00:00:00Z,2024-08-02T00:00:00Z,SDSF_3,Xenlae,adult,55,8.9,F,alive,no,Xenopus laevis,5217334,,50.75672222222222,2.9182777777777775,Mesen,West-Vlaanderen,flanders,"c(2.91827777777778, 50.7567222222222)",Field_pond_2024-08-01_2024-08-02,2024
2571-1,Field pond,2024-08-01T00:00:00Z,2024-08-02T00:00:00Z,SDSF_3,Xenlae,larve,0.5,NA,NA,alive,no,Xenopus laevis,5217334,,50.75672222222222,2.9182777777777775,Mesen,West-Vlaanderen,flanders,"c(2.91827777777778, 50.7567222222222)",Field_pond_2024-08-01_2024-08-02,2024
2572-2,Field pond,2024-08-01T00:00:00Z,2024-08-02T00:00:00Z,SDSF_3,Xenlae,larve,0.5,NA,NA,alive,no,Xenopus laevis,5217334,,50.75672222222222,2.9182777777777775,Mesen,West-Vlaanderen,flanders,"c(2.91827777777778, 50.7567222222222)",Field_pond_2024-08-01_2024-08-02,2024
2573-3,Field pond,2024-08-01T00:00:00Z,2024-08-02T00:00:00Z,SDSF_3,Xenlae,larve,0.5,NA,NA,alive,no,Xenopus laevis,5217334,,50.75672222222222,2.9182777777777775,Mesen,West-Vlaanderen,flanders,"c(2.91827777777778, 50.7567222222222)",Field_pond_2024-08-01_2024-08-02,2024
2575-1,Field pond,2024-08-01T00:00:00Z,2024-08-02T00:00:00Z,SDSF_4,Xenlae,adult,87,9.6,F,alive,no,Xenopus laevis,5217334,,50.75672222222222,2.9182777777777775,Mesen,West-Vlaanderen,flanders,"c(2.91827777777778, 50.7567222222222)",Field_pond_2024-08-01_2024-08-02,2024
2576-1,Field pond,2024-08-01T00:00:00Z,2024-08-02T00:00:00Z,SDSF_4,Xenlae,adult,57,7.8,F,alive,no,Xenopus laevis,5217334,,50.75672222222222,2.9182777777777775,Mesen,West-Vlaanderen,flanders,"c(2.91827777777778, 50.7567222222222)",Field_pond_2024-08-01_2024-08-02,2024
2577-1,Field pond,2024-08-01T00:00:00Z,2024-08-02T00:00:00Z,SDSF_4,Xenlae,adult,84,9.7,F,alive,no,Xenopus laevis,5217334,,50.75672222222222,2.9182777777777775,Mesen,West-Vlaanderen,flanders,"c(2.91827777777778, 50.7567222222222)",Field_pond_2024-08-01_2024-08-02,2024
2578-1,Field pond,2024-08-01T00:00:00Z,2024-08-02T00:00:00Z,SDSF_4,Xenlae,subadult,30,7.1,F,alive,no,Xenopus laevis,5217334,,50.75672222222222,2.9182777777777775,Mesen,West-Vlaanderen,flanders,"c(2.91827777777778, 50.7567222222222)",Field_pond_2024-08-01_2024-08-02,2024
2579-1,Field pond,2024-08-01T00:00:00Z,2024-08-02T00:00:00Z,SDSF_4,Xenlae,subadult,25,6.3,NA,alive,no,Xenopus laevis,5217334,,50.75672222222222,2.9182777777777775,Mesen,West-Vlaanderen,flanders,"c(2.91827777777778, 50.7567222222222)",Field_pond_2024-08-01_2024-08-02,2024
2580-1,Field pond,2024-08-01T00:00:00Z,2024-08-02T00:00:00Z,SDSF_4,Xenlae,juvenile,7,4.3,NA,alive,no,Xenopus laevis,5217334,,50.75672222222222,2.9182777777777775,Mesen,West-Vlaanderen,flanders,"c(2.91827777777778, 50.7567222222222)",Field_pond_2024-08-01_2024-08-02,2024
2581-1,Field pond,2024-08-01T00:00:00Z,2024-08-02T00:00:00Z,SDSF_4,Xenlae,juvenile,7,4,NA,alive,no,Xenopus laevis,5217334,,50.75672222222222,2.9182777777777775,Mesen,West-Vlaanderen,flanders,"c(2.91827777777778, 50.7567222222222)",Field_pond_2024-08-01_2024-08-02,2024
2584-1,La basse cour pond,2024-08-06T00:00:00Z,2024-08-07T00:00:00Z,SDSF_1,Xenlae,adult,141,11.9,F,alive,no,Xenopus laevis,5217334,,50.75402777777778,2.8904722222222223,Mesen,West-Vlaanderen,flanders,"c(2.89047222222222, 50.7540277777778)",La_basse_cour_pond_2024-08-06_2024-08-07,2024
2587-1,La basse cour pond,2024-08-06T00:00:00Z,2024-08-07T00:00:00Z,SDSF_2,Xenlae,adult,182,12.2,F,alive,no,Xenopus laevis,5217334,,50.75402777777778,2.8904722222222223,Mesen,West-Vlaanderen,flanders,"c(2.89047222222222, 50.7540277777778)",La_basse_cour_pond_2024-08-06_2024-08-07,2024
2588-1,La basse cour pond,2024-08-06T00:00:00Z,2024-08-07T00:00:00Z,SDSF_2,Xenlae,adult,63,8.8,F,alive,no,Xenopus laevis,5217334,,50.75402777777778,2.8904722222222223,Mesen,West-Vlaanderen,flanders,"c(2.89047222222222, 50.7540277777778)",La_basse_cour_pond_2024-08-06_2024-08-07,2024
2589-1,La basse cour pond,2024-08-06T00:00:00Z,2024-08-07T00:00:00Z,SDSF_2,Xenlae,adult,141,12.4,F,alive,no,Xenopus laevis,5217334,,50.75402777777778,2.8904722222222223,Mesen,West-Vlaanderen,flanders,"c(2.89047222222222, 50.7540277777778)",La_basse_cour_pond_2024-08-06_2024-08-07,2024
2590-1,La basse cour pond,2024-08-06T00:00:00Z,2024-08-07T00:00:00Z,SDSF_2,Xenlae,adult,62,8.9,F,alive,no,Xenopus laevis,5217334,,50.75402777777778,2.8904722222222223,Mesen,West-Vlaanderen,flanders,"c(2.89047222222222, 50.7540277777778)",La_basse_cour_pond_2024-08-06_2024-08-07,2024
2591-1,La basse cour pond,2024-08-06T00:00:00Z,2024-08-07T00:00:00Z,SDSF_2,Xenlae,adult,93,10.1,F,alive,no,Xenopus laevis,5217334,,50.75402777777778,2.8904722222222223,Mesen,West-Vlaanderen,flanders,"c(2.89047222222222, 50.7540277777778)",La_basse_cour_pond_2024-08-06_2024-08-07,2024
2592-1,La basse cour pond,2024-08-06T00:00:00Z,2024-08-07T00:00:00Z,SDSF_2,Xenlae,adult,38,7.8,M,alive,no,Xenopus laevis,5217334,,50.75402777777778,2.8904722222222223,Mesen,West-Vlaanderen,flanders,"c(2.89047222222222, 50.7540277777778)",La_basse_cour_pond_2024-08-06_2024-08-07,2024
2593-1,La basse cour pond,2024-08-06T00:00:00Z,2024-08-07T00:00:00Z,SDSF_2,Xenlae,adult,44,8,M,alive,no,Xenopus laevis,5217334,,50.75402777777778,2.8904722222222223,Mesen,West-Vlaanderen,flanders,"c(2.89047222222222, 50.7540277777778)",La_basse_cour_pond_2024-08-06_2024-08-07,2024
2594-1,La basse cour pond,2024-08-06T00:00:00Z,2024-08-07T00:00:00Z,SDSF_2,Xenlae,adult,54,8.1,M,alive,no,Xenopus laevis,5217334,,50.75402777777778,2.8904722222222223,Mesen,West-Vlaanderen,flanders,"c(2.89047222222222, 50.7540277777778)",La_basse_cour_pond_2024-08-06_2024-08-07,2024
2595-1,La basse cour pond,2024-08-06T00:00:00Z,2024-08-07T00:00:00Z,SDSF_2,Xenlae,adult,42,7.8,M,alive,no,Xenopus laevis,5217334,,50.75402777777778,2.8904722222222223,Mesen,West-Vlaanderen,flanders,"c(2.89047222222222, 50.7540277777778)",La_basse_cour_pond_2024-08-06_2024-08-07,2024
2596-1,La basse cour pond,2024-08-06T00:00:00Z,2024-08-07T00:00:00Z,SDSF_2,Xenlae,adult,45,7.5,M,alive,no,Xenopus laevis,5217334,,50.75402777777778,2.8904722222222223,Mesen,West-Vlaanderen,flanders,"c(2.89047222222222, 50.7540277777778)",La_basse_cour_pond_2024-08-06_2024-08-07,2024
2597-1,La basse cour pond,2024-08-06T00:00:00Z,2024-08-07T00:00:00Z,SDSF_2,Xenlae,adult,50,8.4,F,alive,no,Xenopus laevis,5217334,,50.75402777777778,2.8904722222222223,Mesen,West-Vlaanderen,flanders,"c(2.89047222222222, 50.7540277777778)",La_basse_cour_pond_2024-08-06_2024-08-07,2024
2598-1,La basse cour pond,2024-08-06T00:00:00Z,2024-08-07T00:00:00Z,SDSF_2,Xenlae,adult,48,8.1,M,alive,no,Xenopus laevis,5217334,,50.75402777777778,2.8904722222222223,Mesen,West-Vlaanderen,flanders,"c(2.89047222222222, 50.7540277777778)",La_basse_cour_pond_2024-08-06_2024-08-07,2024
2599-1,La basse cour pond,2024-08-06T00:00:00Z,2024-08-07T00:00:00Z,SDSF_2,Xenlae,adult,59,9,F,alive,no,Xenopus laevis,5217334,,50.75402777777778,2.8904722222222223,Mesen,West-Vlaanderen,flanders,"c(2.89047222222222, 50.7540277777778)",La_basse_cour_pond_2024-08-06_2024-08-07,2024
2600-1,La basse cour pond,2024-08-06T00:00:00Z,2024-08-07T00:00:00Z,SDSF_2,Xenlae,subadult,34,7.1,M,alive,no,Xenopus laevis,5217334,,50.75402777777778,2.8904722222222223,Mesen,West-Vlaanderen,flanders,"c(2.89047222222222, 50.7540277777778)",La_basse_cour_pond_2024-08-06_2024-08-07,2024
2601-1,La basse cour pond,2024-08-06T00:00:00Z,2024-08-07T00:00:00Z,SDSF_2,Xenlae,subadult,30,6.6,NA,alive,no,Xenopus laevis,5217334,,50.75402777777778,2.8904722222222223,Mesen,West-Vlaanderen,flanders,"c(2.89047222222222, 50.7540277777778)",La_basse_cour_pond_2024-08-06_2024-08-07,2024
2605-1,La basse cour pond,2024-08-06T00:00:00Z,2024-08-07T00:00:00Z,SDSF_3,Xenlae,subadult,31,6.3,M,alive,no,Xenopus laevis,5217334,,50.75402777777778,2.8904722222222223,Mesen,West-Vlaanderen,flanders,"c(2.89047222222222, 50.7540277777778)",La_basse_cour_pond_2024-08-06_2024-08-07,2024
2606-1,La basse cour pond,2024-08-06T00:00:00Z,2024-08-07T00:00:00Z,SDSF_3,Xenlae,adult,43,8.2,M,alive,no,Xenopus laevis,5217334,,50.75402777777778,2.8904722222222223,Mesen,West-Vlaanderen,flanders,"c(2.89047222222222, 50.7540277777778)",La_basse_cour_pond_2024-08-06_2024-08-07,2024
2607-1,La basse cour pond,2024-08-06T00:00:00Z,2024-08-07T00:00:00Z,SDSF_3,Xenlae,adult,43,7.9,M,alive,no,Xenopus laevis,5217334,,50.75402777777778,2.8904722222222223,Mesen,West-Vlaanderen,flanders,"c(2.89047222222222, 50.7540277777778)",La_basse_cour_pond_2024-08-06_2024-08-07,2024
2608-1,La basse cour pond,2024-08-06T00:00:00Z,2024-08-07T00:00:00Z,SDSF_3,Xenlae,adult,39,7.7,M,alive,no,Xenopus laevis,5217334,,50.75402777777778,2.8904722222222223,Mesen,West-Vlaanderen,flanders,"c(2.89047222222222, 50.7540277777778)",La_basse_cour_pond_2024-08-06_2024-08-07,2024
2609-1,La basse cour pond,2024-08-06T00:00:00Z,2024-08-07T00:00:00Z,SDSF_3,Xenlae,adult,49,8,M,alive,no,Xenopus laevis,5217334,,50.75402777777778,2.8904722222222223,Mesen,West-Vlaanderen,flanders,"c(2.89047222222222, 50.7540277777778)",La_basse_cour_pond_2024-08-06_2024-08-07,2024
2610-1,La basse cour pond,2024-08-06T00:00:00Z,2024-08-07T00:00:00Z,SDSF_3,Xenlae,adult,41,8.1,M,alive,no,Xenopus laevis,5217334,,50.75402777777778,2.8904722222222223,Mesen,West-Vlaanderen,flanders,"c(2.89047222222222, 50.7540277777778)",La_basse_cour_pond_2024-08-06_2024-08-07,2024
2611-1,La basse cour pond,2024-08-06T00:00:00Z,2024-08-07T00:00:00Z,SDSF_3,Xenlae,adult,51,8.4,F,alive,no,Xenopus laevis,5217334,,50.75402777777778,2.8904722222222223,Mesen,West-Vlaanderen,flanders,"c(2.89047222222222, 50.7540277777778)",La_basse_cour_pond_2024-08-06_2024-08-07,2024
2612-1,La basse cour pond,2024-08-06T00:00:00Z,2024-08-07T00:00:00Z,SDSF_3,Xenlae,adult,44,8.4,M,alive,no,Xenopus laevis,5217334,,50.75402777777778,2.8904722222222223,Mesen,West-Vlaanderen,flanders,"c(2.89047222222222, 50.7540277777778)",La_basse_cour_pond_2024-08-06_2024-08-07,2024
2613-1,La basse cour pond,2024-08-06T00:00:00Z,2024-08-07T00:00:00Z,SDSF_3,Xenlae,adult,45,7.9,M,alive,no,Xenopus laevis,5217334,,50.75402777777778,2.8904722222222223,Mesen,West-Vlaanderen,flanders,"c(2.89047222222222, 50.7540277777778)",La_basse_cour_pond_2024-08-06_2024-08-07,2024
2615-1,La basse cour pond,2024-08-06T00:00:00Z,2024-08-07T00:00:00Z,SDSF_4,Xenlae,adult,64,8.8,F,alive,no,Xenopus laevis,5217334,,50.75402777777778,2.8904722222222223,Mesen,West-Vlaanderen,flanders,"c(2.89047222222222, 50.7540277777778)",La_basse_cour_pond_2024-08-06_2024-08-07,2024
2616-1,La basse cour pond,2024-08-06T00:00:00Z,2024-08-07T00:00:00Z,SDSF_4,Xenlae,adult,48,8.1,M,alive,no,Xenopus laevis,5217334,,50.75402777777778,2.8904722222222223,Mesen,West-Vlaanderen,flanders,"c(2.89047222222222, 50.7540277777778)",La_basse_cour_pond_2024-08-06_2024-08-07,2024
2619-1,De prente pond,2024-08-06T00:00:00Z,2024-08-07T00:00:00Z,SDSF_1,Xenlae,subadult,29,6.9,NA,alive,no,Xenopus laevis,5217334,,50.75811111111111,2.838277777777778,Heuvelland,West-Vlaanderen,flanders,"c(2.83827777777778, 50.7581111111111)",De_prente_pond_2024-08-06_2024-08-07,2024
2620-1,De prente pond,2024-08-06T00:00:00Z,2024-08-07T00:00:00Z,SDSF_1,Xenlae,subadult,30,6.9,M,alive,no,Xenopus laevis,5217334,,50.75811111111111,2.838277777777778,Heuvelland,West-Vlaanderen,flanders,"c(2.83827777777778, 50.7581111111111)",De_prente_pond_2024-08-06_2024-08-07,2024
2621-1,De prente pond,2024-08-06T00:00:00Z,2024-08-07T00:00:00Z,SDSF_1,Xenlae,subadult,32,7.2,M,alive,no,Xenopus laevis,5217334,,50.75811111111111,2.838277777777778,Heuvelland,West-Vlaanderen,flanders,"c(2.83827777777778, 50.7581111111111)",De_prente_pond_2024-08-06_2024-08-07,2024
2622-1,De prente pond,2024-08-06T00:00:00Z,2024-08-07T00:00:00Z,SDSF_1,Xenlae,subadult,27,6.8,NA,alive,no,Xenopus laevis,5217334,,50.75811111111111,2.838277777777778,Heuvelland,West-Vlaanderen,flanders,"c(2.83827777777778, 50.7581111111111)",De_prente_pond_2024-08-06_2024-08-07,2024
2623-1,De prente pond,2024-08-06T00:00:00Z,2024-08-07T00:00:00Z,SDSF_1,Xenlae,subadult,24,6.3,NA,alive,no,Xenopus laevis,5217334,,50.75811111111111,2.838277777777778,Heuvelland,West-Vlaanderen,flanders,"c(2.83827777777778, 50.7581111111111)",De_prente_pond_2024-08-06_2024-08-07,2024
2624-1,De prente pond,2024-08-06T00:00:00Z,2024-08-07T00:00:00Z,SDSF_1,Xenlae,subadult,25,6.7,NA,alive,no,Xenopus laevis,5217334,,50.75811111111111,2.838277777777778,Heuvelland,West-Vlaanderen,flanders,"c(2.83827777777778, 50.7581111111111)",De_prente_pond_2024-08-06_2024-08-07,2024
2625-1,De prente pond,2024-08-06T00:00:00Z,2024-08-07T00:00:00Z,SDSF_1,Xenlae,subadult,32,6.8,F,alive,no,Xenopus laevis,5217334,,50.75811111111111,2.838277777777778,Heuvelland,West-Vlaanderen,flanders,"c(2.83827777777778, 50.7581111111111)",De_prente_pond_2024-08-06_2024-08-07,2024
2626-1,De prente pond,2024-08-06T00:00:00Z,2024-08-07T00:00:00Z,SDSF_1,Xenlae,subadult,25,6.3,NA,alive,no,Xenopus laevis,5217334,,50.75811111111111,2.838277777777778,Heuvelland,West-Vlaanderen,flanders,"c(2.83827777777778, 50.7581111111111)",De_prente_pond_2024-08-06_2024-08-07,2024
2627-1,De prente pond,2024-08-06T00:00:00Z,2024-08-07T00:00:00Z,SDSF_1,Xenlae,subadult,24,6.2,NA,alive,no,Xenopus laevis,5217334,,50.75811111111111,2.838277777777778,Heuvelland,West-Vlaanderen,flanders,"c(2.83827777777778, 50.7581111111111)",De_prente_pond_2024-08-06_2024-08-07,2024
2628-2,De prente pond,2024-08-06T00:00:00Z,2024-08-07T00:00:00Z,SDSF_1,Xenlae,subadult,27,6.8,NA,alive,no,Xenopus laevis,5217334,,50.75811111111111,2.838277777777778,Heuvelland,West-Vlaanderen,flanders,"c(2.83827777777778, 50.7581111111111)",De_prente_pond_2024-08-06_2024-08-07,2024
2629-1,De prente pond,2024-08-06T00:00:00Z,2024-08-07T00:00:00Z,SDSF_1,Xenlae,subadult,29,7,NA,alive,no,Xenopus laevis,5217334,,50.75811111111111,2.838277777777778,Heuvelland,West-Vlaanderen,flanders,"c(2.83827777777778, 50.7581111111111)",De_prente_pond_2024-08-06_2024-08-07,2024
2630-2,De prente pond,2024-08-06T00:00:00Z,2024-08-07T00:00:00Z,SDSF_1,Xenlae,subadult,25,6.3,NA,alive,no,Xenopus laevis,5217334,,50.75811111111111,2.838277777777778,Heuvelland,West-Vlaanderen,flanders,"c(2.83827777777778, 50.7581111111111)",De_prente_pond_2024-08-06_2024-08-07,2024
2631-1,De prente pond,2024-08-06T00:00:00Z,2024-08-07T00:00:00Z,SDSF_1,Xenlae,subadult,31,7,M,alive,no,Xenopus laevis,5217334,,50.75811111111111,2.838277777777778,Heuvelland,West-Vlaanderen,flanders,"c(2.83827777777778, 50.7581111111111)",De_prente_pond_2024-08-06_2024-08-07,2024
2632-1,De prente pond,2024-08-06T00:00:00Z,2024-08-07T00:00:00Z,SDSF_1,Xenlae,subadult,25,6.4,NA,alive,no,Xenopus laevis,5217334,,50.75811111111111,2.838277777777778,Heuvelland,West-Vlaanderen,flanders,"c(2.83827777777778, 50.7581111111111)",De_prente_pond_2024-08-06_2024-08-07,2024
2633-1,De prente pond,2024-08-06T00:00:00Z,2024-08-07T00:00:00Z,SDSF_1,Xenlae,subadult,28,6.8,M,alive,no,Xenopus laevis,5217334,,50.75811111111111,2.838277777777778,Heuvelland,West-Vlaanderen,flanders,"c(2.83827777777778, 50.7581111111111)",De_prente_pond_2024-08-06_2024-08-07,2024
2634-1,De prente pond,2024-08-06T00:00:00Z,2024-08-07T00:00:00Z,SDSF_1,Xenlae,subadult,29,7.1,NA,alive,no,Xenopus laevis,5217334,,50.75811111111111,2.838277777777778,Heuvelland,West-Vlaanderen,flanders,"c(2.83827777777778, 50.7581111111111)",De_prente_pond_2024-08-06_2024-08-07,2024
2635-1,De prente pond,2024-08-06T00:00:00Z,2024-08-07T00:00:00Z,SDSF_1,Xenlae,subadult,31,6.6,F,alive,no,Xenopus laevis,5217334,,50.75811111111111,2.838277777777778,Heuvelland,West-Vlaanderen,flanders,"c(2.83827777777778, 50.7581111111111)",De_prente_pond_2024-08-06_2024-08-07,2024
2636-1,De prente pond,2024-08-06T00:00:00Z,2024-08-07T00:00:00Z,SDSF_1,Xenlae,subadult,32,6.3,F,alive,no,Xenopus laevis,5217334,,50.75811111111111,2.838277777777778,Heuvelland,West-Vlaanderen,flanders,"c(2.83827777777778, 50.7581111111111)",De_prente_pond_2024-08-06_2024-08-07,2024
2637-3,De prente pond,2024-08-06T00:00:00Z,2024-08-07T00:00:00Z,SDSF_1,Xenlae,subadult,27,6.8,NA,alive,no,Xenopus laevis,5217334,,50.75811111111111,2.838277777777778,Heuvelland,West-Vlaanderen,flanders,"c(2.83827777777778, 50.7581111111111)",De_prente_pond_2024-08-06_2024-08-07,2024
2638-1,De prente pond,2024-08-06T00:00:00Z,2024-08-07T00:00:00Z,SDSF_1,Xenlae,subadult,28,NA,NA,alive,no,Xenopus laevis,5217334,,50.75811111111111,2.838277777777778,Heuvelland,West-Vlaanderen,flanders,"c(2.83827777777778, 50.7581111111111)",De_prente_pond_2024-08-06_2024-08-07,2024
2639-2,De prente pond,2024-08-06T00:00:00Z,2024-08-07T00:00:00Z,SDSF_1,Xenlae,subadult,31,6.6,F,alive,no,Xenopus laevis,5217334,,50.75811111111111,2.838277777777778,Heuvelland,West-Vlaanderen,flanders,"c(2.83827777777778, 50.7581111111111)",De_prente_pond_2024-08-06_2024-08-07,2024
2640-1,De prente pond,2024-08-06T00:00:00Z,2024-08-07T00:00:00Z,SDSF_1,Xenlae,subadult,29,7.1,M,alive,no,Xenopus laevis,5217334,,50.75811111111111,2.838277777777778,Heuvelland,West-Vlaanderen,flanders,"c(2.83827777777778, 50.7581111111111)",De_prente_pond_2024-08-06_2024-08-07,2024
2641-1,De prente pond,2024-08-06T00:00:00Z,2024-08-07T00:00:00Z,SDSF_1,Xenlae,subadult,22,6,NA,alive,no,Xenopus laevis,5217334,,50.75811111111111,2.838277777777778,Heuvelland,West-Vlaanderen,flanders,"c(2.83827777777778, 50.7581111111111)",De_prente_pond_2024-08-06_2024-08-07,2024
2643-1,De prente pond,2024-08-06T00:00:00Z,2024-08-07T00:00:00Z,SDSF_2,Xenlae,subadult,23,7,NA,alive,no,Xenopus laevis,5217334,,50.75811111111111,2.838277777777778,Heuvelland,West-Vlaanderen,flanders,"c(2.83827777777778, 50.7581111111111)",De_prente_pond_2024-08-06_2024-08-07,2024
2644-1,De prente pond,2024-08-06T00:00:00Z,2024-08-07T00:00:00Z,SDSF_2,Xenlae,adult,53,8.3,M,alive,no,Xenopus laevis,5217334,,50.75811111111111,2.838277777777778,Heuvelland,West-Vlaanderen,flanders,"c(2.83827777777778, 50.7581111111111)",De_prente_pond_2024-08-06_2024-08-07,2024
2645-1,De prente pond,2024-08-06T00:00:00Z,2024-08-07T00:00:00Z,SDSF_2,Xenlae,subadult,26,6.5,NA,alive,no,Xenopus laevis,5217334,,50.75811111111111,2.838277777777778,Heuvelland,West-Vlaanderen,flanders,"c(2.83827777777778, 50.7581111111111)",De_prente_pond_2024-08-06_2024-08-07,2024
2646-1,De prente pond,2024-08-06T00:00:00Z,2024-08-07T00:00:00Z,SDSF_2,Xenlae,subadult,32,7,M,alive,no,Xenopus laevis,5217334,,50.75811111111111,2.838277777777778,Heuvelland,West-Vlaanderen,flanders,"c(2.83827777777778, 50.7581111111111)",De_prente_pond_2024-08-06_2024-08-07,2024
2647-1,De prente pond,2024-08-06T00:00:00Z,2024-08-07T00:00:00Z,SDSF_2,Xenlae,adult,35,7.6,M,alive,no,Xenopus laevis,5217334,,50.75811111111111,2.838277777777778,Heuvelland,West-Vlaanderen,flanders,"c(2.83827777777778, 50.7581111111111)",De_prente_pond_2024-08-06_2024-08-07,2024
2648-1,De prente pond,2024-08-06T00:00:00Z,2024-08-07T00:00:00Z,SDSF_2,Xenlae,subadult,31,7.2,F,alive,no,Xenopus laevis,5217334,,50.75811111111111,2.838277777777778,Heuvelland,West-Vlaanderen,flanders,"c(2.83827777777778, 50.7581111111111)",De_prente_pond_2024-08-06_2024-08-07,2024
2649-2,De prente pond,2024-08-06T00:00:00Z,2024-08-07T00:00:00Z,SDSF_2,Xenlae,subadult,26,6.5,NA,alive,no,Xenopus laevis,5217334,,50.75811111111111,2.838277777777778,Heuvelland,West-Vlaanderen,flanders,"c(2.83827777777778, 50.7581111111111)",De_prente_pond_2024-08-06_2024-08-07,2024
2650-1,De prente pond,2024-08-06T00:00:00Z,2024-08-07T00:00:00Z,SDSF_2,Xenlae,subadult,32,7.1,M,alive,no,Xenopus laevis,5217334,,50.75811111111111,2.838277777777778,Heuvelland,West-Vlaanderen,flanders,"c(2.83827777777778, 50.7581111111111)",De_prente_pond_2024-08-06_2024-08-07,2024
2651-1,De prente pond,2024-08-06T00:00:00Z,2024-08-07T00:00:00Z,SDSF_2,Xenlae,subadult,30,6.6,M,alive,no,Xenopus laevis,5217334,,50.75811111111111,2.838277777777778,Heuvelland,West-Vlaanderen,flanders,"c(2.83827777777778, 50.7581111111111)",De_prente_pond_2024-08-06_2024-08-07,2024
2652-1,De prente pond,2024-08-06T00:00:00Z,2024-08-07T00:00:00Z,SDSF_2,Xenlae,subadult,25,6.5,NA,alive,no,Xenopus laevis,5217334,,50.75811111111111,2.838277777777778,Heuvelland,West-Vlaanderen,flanders,"c(2.83827777777778, 50.7581111111111)",De_prente_pond_2024-08-06_2024-08-07,2024
2653-1,De prente pond,2024-08-06T00:00:00Z,2024-08-07T00:00:00Z,SDSF_2,Xenlae,subadult,26,6.3,NA,alive,no,Xenopus laevis,5217334,,50.75811111111111,2.838277777777778,Heuvelland,West-Vlaanderen,flanders,"c(2.83827777777778, 50.7581111111111)",De_prente_pond_2024-08-06_2024-08-07,2024
2654-1,De prente pond,2024-08-06T00:00:00Z,2024-08-07T00:00:00Z,SDSF_2,Xenlae,subadult,26,6.9,NA,alive,no,Xenopus laevis,5217334,,50.75811111111111,2.838277777777778,Heuvelland,West-Vlaanderen,flanders,"c(2.83827777777778, 50.7581111111111)",De_prente_pond_2024-08-06_2024-08-07,2024
2655-2,De prente pond,2024-08-06T00:00:00Z,2024-08-07T00:00:00Z,SDSF_2,Xenlae,subadult,25,6.5,NA,alive,no,Xenopus laevis,5217334,,50.75811111111111,2.838277777777778,Heuvelland,West-Vlaanderen,flanders,"c(2.83827777777778, 50.7581111111111)",De_prente_pond_2024-08-06_2024-08-07,2024
2656-1,De prente pond,2024-08-06T00:00:00Z,2024-08-07T00:00:00Z,SDSF_2,Xenlae,subadult,29,7,NA,alive,no,Xenopus laevis,5217334,,50.75811111111111,2.838277777777778,Heuvelland,West-Vlaanderen,flanders,"c(2.83827777777778, 50.7581111111111)",De_prente_pond_2024-08-06_2024-08-07,2024
2657-1,De prente pond,2024-08-06T00:00:00Z,2024-08-07T00:00:00Z,SDSF_2,Xenlae,subadult,21,6.2,NA,alive,no,Xenopus laevis,5217334,,50.75811111111111,2.838277777777778,Heuvelland,West-Vlaanderen,flanders,"c(2.83827777777778, 50.7581111111111)",De_prente_pond_2024-08-06_2024-08-07,2024
2658-1,De prente pond,2024-08-06T00:00:00Z,2024-08-07T00:00:00Z,SDSF_2,Xenlae,subadult,32,7.2,M,alive,no,Xenopus laevis,5217334,,50.75811111111111,2.838277777777778,Heuvelland,West-Vlaanderen,flanders,"c(2.83827777777778, 50.7581111111111)",De_prente_pond_2024-08-06_2024-08-07,2024
2659-1,De prente pond,2024-08-06T00:00:00Z,2024-08-07T00:00:00Z,SDSF_2,Xenlae,adult,34,7.5,M,alive,no,Xenopus laevis,5217334,,50.75811111111111,2.838277777777778,Heuvelland,West-Vlaanderen,flanders,"c(2.83827777777778, 50.7581111111111)",De_prente_pond_2024-08-06_2024-08-07,2024
2660-1,De prente pond,2024-08-06T00:00:00Z,2024-08-07T00:00:00Z,SDSF_2,Xenlae,subadult,25,6.6,NA,alive,no,Xenopus laevis,5217334,,50.75811111111111,2.838277777777778,Heuvelland,West-Vlaanderen,flanders,"c(2.83827777777778, 50.7581111111111)",De_prente_pond_2024-08-06_2024-08-07,2024
2661-1,De prente pond,2024-08-06T00:00:00Z,2024-08-07T00:00:00Z,SDSF_2,Xenlae,subadult,27,6.7,M,alive,no,Xenopus laevis,5217334,,50.75811111111111,2.838277777777778,Heuvelland,West-Vlaanderen,flanders,"c(2.83827777777778, 50.7581111111111)",De_prente_pond_2024-08-06_2024-08-07,2024
2662-1,De prente pond,2024-08-06T00:00:00Z,2024-08-07T00:00:00Z,SDSF_2,Xenlae,subadult,28,6.8,NA,alive,no,Xenopus laevis,5217334,,50.75811111111111,2.838277777777778,Heuvelland,West-Vlaanderen,flanders,"c(2.83827777777778, 50.7581111111111)",De_prente_pond_2024-08-06_2024-08-07,2024
2663-1,De prente pond,2024-08-06T00:00:00Z,2024-08-07T00:00:00Z,SDSF_2,Xenlae,subadult,23,6.3,NA,alive,no,Xenopus laevis,5217334,,50.75811111111111,2.838277777777778,Heuvelland,West-Vlaanderen,flanders,"c(2.83827777777778, 50.7581111111111)",De_prente_pond_2024-08-06_2024-08-07,2024
2664-1,De prente pond,2024-08-06T00:00:00Z,2024-08-07T00:00:00Z,SDSF_2,Xenlae,subadult,26,6.6,NA,alive,no,Xenopus laevis,5217334,,50.75811111111111,2.838277777777778,Heuvelland,West-Vlaanderen,flanders,"c(2.83827777777778, 50.7581111111111)",De_prente_pond_2024-08-06_2024-08-07,2024
2665-1,De prente pond,2024-08-06T00:00:00Z,2024-08-07T00:00:00Z,SDSF_2,Xenlae,subadult,26,6.7,NA,alive,no,Xenopus laevis,5217334,,50.75811111111111,2.838277777777778,Heuvelland,West-Vlaanderen,flanders,"c(2.83827777777778, 50.7581111111111)",De_prente_pond_2024-08-06_2024-08-07,2024
2666-1,De prente pond,2024-08-06T00:00:00Z,2024-08-07T00:00:00Z,SDSF_2,Xenlae,subadult,26,6.3,M,alive,no,Xenopus laevis,5217334,,50.75811111111111,2.838277777777778,Heuvelland,West-Vlaanderen,flanders,"c(2.83827777777778, 50.7581111111111)",De_prente_pond_2024-08-06_2024-08-07,2024
2667-2,De prente pond,2024-08-06T00:00:00Z,2024-08-07T00:00:00Z,SDSF_2,Xenlae,subadult,26,6.6,NA,alive,no,Xenopus laevis,5217334,,50.75811111111111,2.838277777777778,Heuvelland,West-Vlaanderen,flanders,"c(2.83827777777778, 50.7581111111111)",De_prente_pond_2024-08-06_2024-08-07,2024
2668-1,De prente pond,2024-08-06T00:00:00Z,2024-08-07T00:00:00Z,SDSF_2,Xenlae,subadult,27,6.7,NA,alive,no,Xenopus laevis,5217334,,50.75811111111111,2.838277777777778,Heuvelland,West-Vlaanderen,flanders,"c(2.83827777777778, 50.7581111111111)",De_prente_pond_2024-08-06_2024-08-07,2024
2669-1,De prente pond,2024-08-06T00:00:00Z,2024-08-07T00:00:00Z,SDSF_2,Xenlae,subadult,28,6.9,NA,alive,no,Xenopus laevis,5217334,,50.75811111111111,2.838277777777778,Heuvelland,West-Vlaanderen,flanders,"c(2.83827777777778, 50.7581111111111)",De_prente_pond_2024-08-06_2024-08-07,2024
2670-2,De prente pond,2024-08-06T00:00:00Z,2024-08-07T00:00:00Z,SDSF_2,Xenlae,subadult,28,6.9,NA,alive,no,Xenopus laevis,5217334,,50.75811111111111,2.838277777777778,Heuvelland,West-Vlaanderen,flanders,"c(2.83827777777778, 50.7581111111111)",De_prente_pond_2024-08-06_2024-08-07,2024
2671-1,De prente pond,2024-08-06T00:00:00Z,2024-08-07T00:00:00Z,SDSF_2,Xenlae,subadult,24,6.6,NA,alive,no,Xenopus laevis,5217334,,50.75811111111111,2.838277777777778,Heuvelland,West-Vlaanderen,flanders,"c(2.83827777777778, 50.7581111111111)",De_prente_pond_2024-08-06_2024-08-07,2024
2672-3,De prente pond,2024-08-06T00:00:00Z,2024-08-07T00:00:00Z,SDSF_2,Xenlae,subadult,26,6.5,NA,alive,no,Xenopus laevis,5217334,,50.75811111111111,2.838277777777778,Heuvelland,West-Vlaanderen,flanders,"c(2.83827777777778, 50.7581111111111)",De_prente_pond_2024-08-06_2024-08-07,2024
2673-1,De prente pond,2024-08-06T00:00:00Z,2024-08-07T00:00:00Z,SDSF_2,Xenlae,subadult,30,6.9,F,alive,no,Xenopus laevis,5217334,,50.75811111111111,2.838277777777778,Heuvelland,West-Vlaanderen,flanders,"c(2.83827777777778, 50.7581111111111)",De_prente_pond_2024-08-06_2024-08-07,2024
2674-1,De prente pond,2024-08-06T00:00:00Z,2024-08-07T00:00:00Z,SDSF_2,Xenlae,subadult,33,7.2,F,alive,no,Xenopus laevis,5217334,,50.75811111111111,2.838277777777778,Heuvelland,West-Vlaanderen,flanders,"c(2.83827777777778, 50.7581111111111)",De_prente_pond_2024-08-06_2024-08-07,2024
2675-1,De prente pond,2024-08-06T00:00:00Z,2024-08-07T00:00:00Z,SDSF_2,Xenlae,subadult,23,5.9,NA,alive,no,Xenopus laevis,5217334,,50.75811111111111,2.838277777777778,Heuvelland,West-Vlaanderen,flanders,"c(2.83827777777778, 50.7581111111111)",De_prente_pond_2024-08-06_2024-08-07,2024
2676-2,De prente pond,2024-08-06T00:00:00Z,2024-08-07T00:00:00Z,SDSF_2,Xenlae,subadult,28,6.8,NA,alive,no,Xenopus laevis,5217334,,50.75811111111111,2.838277777777778,Heuvelland,West-Vlaanderen,flanders,"c(2.83827777777778, 50.7581111111111)",De_prente_pond_2024-08-06_2024-08-07,2024
2677-3,De prente pond,2024-08-06T00:00:00Z,2024-08-07T00:00:00Z,SDSF_2,Xenlae,subadult,26,6.6,NA,alive,no,Xenopus laevis,5217334,,50.75811111111111,2.838277777777778,Heuvelland,West-Vlaanderen,flanders,"c(2.83827777777778, 50.7581111111111)",De_prente_pond_2024-08-06_2024-08-07,2024
2678-1,De prente pond,2024-08-06T00:00:00Z,2024-08-07T00:00:00Z,SDSF_2,Xenlae,subadult,22,5.9,NA,alive,no,Xenopus laevis,5217334,,50.75811111111111,2.838277777777778,Heuvelland,West-Vlaanderen,flanders,"c(2.83827777777778, 50.7581111111111)",De_prente_pond_2024-08-06_2024-08-07,2024
2679-1,De prente pond,2024-08-06T00:00:00Z,2024-08-07T00:00:00Z,SDSF_2,Xenlae,subadult,31,7.1,F,alive,no,Xenopus laevis,5217334,,50.75811111111111,2.838277777777778,Heuvelland,West-Vlaanderen,flanders,"c(2.83827777777778, 50.7581111111111)",De_prente_pond_2024-08-06_2024-08-07,2024
2680-1,De prente pond,2024-08-06T00:00:00Z,2024-08-07T00:00:00Z,SDSF_2,Xenlae,subadult,31,6.8,NA,alive,no,Xenopus laevis,5217334,,50.75811111111111,2.838277777777778,Heuvelland,West-Vlaanderen,flanders,"c(2.83827777777778, 50.7581111111111)",De_prente_pond_2024-08-06_2024-08-07,2024
2681-1,De prente pond,2024-08-06T00:00:00Z,2024-08-07T00:00:00Z,SDSF_2,Xenlae,subadult,22,6.5,NA,alive,no,Xenopus laevis,5217334,,50.75811111111111,2.838277777777778,Heuvelland,West-Vlaanderen,flanders,"c(2.83827777777778, 50.7581111111111)",De_prente_pond_2024-08-06_2024-08-07,2024
2682-1,De prente pond,2024-08-06T00:00:00Z,2024-08-07T00:00:00Z,SDSF_2,Xenlae,subadult,27,6.6,NA,alive,no,Xenopus laevis,5217334,,50.75811111111111,2.838277777777778,Heuvelland,West-Vlaanderen,flanders,"c(2.83827777777778, 50.7581111111111)",De_prente_pond_2024-08-06_2024-08-07,2024
2683-1,De prente pond,2024-08-06T00:00:00Z,2024-08-07T00:00:00Z,SDSF_2,Xenlae,juvenile,18,5.5,NA,alive,no,Xenopus laevis,5217334,,50.75811111111111,2.838277777777778,Heuvelland,West-Vlaanderen,flanders,"c(2.83827777777778, 50.7581111111111)",De_prente_pond_2024-08-06_2024-08-07,2024
2684-1,De prente pond,2024-08-06T00:00:00Z,2024-08-07T00:00:00Z,SDSF_2,Xenlae,subadult,24,6.5,NA,alive,no,Xenopus laevis,5217334,,50.75811111111111,2.838277777777778,Heuvelland,West-Vlaanderen,flanders,"c(2.83827777777778, 50.7581111111111)",De_prente_pond_2024-08-06_2024-08-07,2024
2685-1,De prente pond,2024-08-06T00:00:00Z,2024-08-07T00:00:00Z,SDSF_2,Xenlae,subadult,23,6.5,NA,alive,no,Xenopus laevis,5217334,,50.75811111111111,2.838277777777778,Heuvelland,West-Vlaanderen,flanders,"c(2.83827777777778, 50.7581111111111)",De_prente_pond_2024-08-06_2024-08-07,2024
2686-1,De prente pond,2024-08-06T00:00:00Z,2024-08-07T00:00:00Z,SDSF_2,Xenlae,subadult,24,6.4,NA,alive,no,Xenopus laevis,5217334,,50.75811111111111,2.838277777777778,Heuvelland,West-Vlaanderen,flanders,"c(2.83827777777778, 50.7581111111111)",De_prente_pond_2024-08-06_2024-08-07,2024
2687-1,De prente pond,2024-08-06T00:00:00Z,2024-08-07T00:00:00Z,SDSF_2,Xenlae,subadult,27,6.5,NA,alive,no,Xenopus laevis,5217334,,50.75811111111111,2.838277777777778,Heuvelland,West-Vlaanderen,flanders,"c(2.83827777777778, 50.7581111111111)",De_prente_pond_2024-08-06_2024-08-07,2024
2688-1,De prente pond,2024-08-06T00:00:00Z,2024-08-07T00:00:00Z,SDSF_2,Xenlae,subadult,27,6.8,NA,alive,no,Xenopus laevis,5217334,,50.75811111111111,2.838277777777778,Heuvelland,West-Vlaanderen,flanders,"c(2.83827777777778, 50.7581111111111)",De_prente_pond_2024-08-06_2024-08-07,2024
2694-1,De prente pond,2024-08-06T00:00:00Z,2024-08-07T00:00:00Z,SDSF_3,Xenlae,subadult,30,6.7,M,alive,no,Xenopus laevis,5217334,,50.75811111111111,2.838277777777778,Heuvelland,West-Vlaanderen,flanders,"c(2.83827777777778, 50.7581111111111)",De_prente_pond_2024-08-06_2024-08-07,2024
2695-1,De prente pond,2024-08-06T00:00:00Z,2024-08-07T00:00:00Z,SDSF_3,Xenlae,adult,106,11.2,F,alive,no,Xenopus laevis,5217334,,50.75811111111111,2.838277777777778,Heuvelland,West-Vlaanderen,flanders,"c(2.83827777777778, 50.7581111111111)",De_prente_pond_2024-08-06_2024-08-07,2024
2696-1,De prente pond,2024-08-06T00:00:00Z,2024-08-07T00:00:00Z,SDSF_3,Xenlae,subadult,26,6.7,NA,alive,no,Xenopus laevis,5217334,,50.75811111111111,2.838277777777778,Heuvelland,West-Vlaanderen,flanders,"c(2.83827777777778, 50.7581111111111)",De_prente_pond_2024-08-06_2024-08-07,2024
2697-1,De prente pond,2024-08-06T00:00:00Z,2024-08-07T00:00:00Z,SDSF_3,Xenlae,subadult,25,6.4,NA,alive,no,Xenopus laevis,5217334,,50.75811111111111,2.838277777777778,Heuvelland,West-Vlaanderen,flanders,"c(2.83827777777778, 50.7581111111111)",De_prente_pond_2024-08-06_2024-08-07,2024
2698-1,De prente pond,2024-08-06T00:00:00Z,2024-08-07T00:00:00Z,SDSF_3,Xenlae,subadult,27,6.9,NA,alive,no,Xenopus laevis,5217334,,50.75811111111111,2.838277777777778,Heuvelland,West-Vlaanderen,flanders,"c(2.83827777777778, 50.7581111111111)",De_prente_pond_2024-08-06_2024-08-07,2024
2699-1,De prente pond,2024-08-06T00:00:00Z,2024-08-07T00:00:00Z,SDSF_3,Xenlae,subadult,27,6.6,NA,alive,no,Xenopus laevis,5217334,,50.75811111111111,2.838277777777778,Heuvelland,West-Vlaanderen,flanders,"c(2.83827777777778, 50.7581111111111)",De_prente_pond_2024-08-06_2024-08-07,2024
2700-1,De prente pond,2024-08-06T00:00:00Z,2024-08-07T00:00:00Z,SDSF_3,Xenlae,subadult,24,6.4,NA,alive,no,Xenopus laevis,5217334,,50.75811111111111,2.838277777777778,Heuvelland,West-Vlaanderen,flanders,"c(2.83827777777778, 50.7581111111111)",De_prente_pond_2024-08-06_2024-08-07,2024
2701-1,De prente pond,2024-08-06T00:00:00Z,2024-08-07T00:00:00Z,SDSF_3,Xenlae,subadult,28,6.6,NA,alive,no,Xenopus laevis,5217334,,50.75811111111111,2.838277777777778,Heuvelland,West-Vlaanderen,flanders,"c(2.83827777777778, 50.7581111111111)",De_prente_pond_2024-08-06_2024-08-07,2024
2702-2,De prente pond,2024-08-06T00:00:00Z,2024-08-07T00:00:00Z,SDSF_3,Xenlae,subadult,25,6.4,NA,alive,no,Xenopus laevis,5217334,,50.75811111111111,2.838277777777778,Heuvelland,West-Vlaanderen,flanders,"c(2.83827777777778, 50.7581111111111)",De_prente_pond_2024-08-06_2024-08-07,2024
2703-1,De prente pond,2024-08-06T00:00:00Z,2024-08-07T00:00:00Z,SDSF_3,Xenlae,subadult,29,7,M,alive,no,Xenopus laevis,5217334,,50.75811111111111,2.838277777777778,Heuvelland,West-Vlaanderen,flanders,"c(2.83827777777778, 50.7581111111111)",De_prente_pond_2024-08-06_2024-08-07,2024
2704-1,De prente pond,2024-08-06T00:00:00Z,2024-08-07T00:00:00Z,SDSF_3,Xenlae,subadult,30,6.7,F,alive,no,Xenopus laevis,5217334,,50.75811111111111,2.838277777777778,Heuvelland,West-Vlaanderen,flanders,"c(2.83827777777778, 50.7581111111111)",De_prente_pond_2024-08-06_2024-08-07,2024
2705-1,De prente pond,2024-08-06T00:00:00Z,2024-08-07T00:00:00Z,SDSF_3,Xenlae,subadult,24,6.5,NA,alive,no,Xenopus laevis,5217334,,50.75811111111111,2.838277777777778,Heuvelland,West-Vlaanderen,flanders,"c(2.83827777777778, 50.7581111111111)",De_prente_pond_2024-08-06_2024-08-07,2024
2706-1,De prente pond,2024-08-06T00:00:00Z,2024-08-07T00:00:00Z,SDSF_3,Xenlae,subadult,30,6.8,M,alive,no,Xenopus laevis,5217334,,50.75811111111111,2.838277777777778,Heuvelland,West-Vlaanderen,flanders,"c(2.83827777777778, 50.7581111111111)",De_prente_pond_2024-08-06_2024-08-07,2024
2707-1,De prente pond,2024-08-06T00:00:00Z,2024-08-07T00:00:00Z,SDSF_3,Xenlae,subadult,30,6.6,M,alive,no,Xenopus laevis,5217334,,50.75811111111111,2.838277777777778,Heuvelland,West-Vlaanderen,flanders,"c(2.83827777777778, 50.7581111111111)",De_prente_pond_2024-08-06_2024-08-07,2024
2708-1,De prente pond,2024-08-06T00:00:00Z,2024-08-07T00:00:00Z,SDSF_3,Xenlae,subadult,28,6.9,NA,alive,no,Xenopus laevis,5217334,,50.75811111111111,2.838277777777778,Heuvelland,West-Vlaanderen,flanders,"c(2.83827777777778, 50.7581111111111)",De_prente_pond_2024-08-06_2024-08-07,2024
2709-2,De prente pond,2024-08-06T00:00:00Z,2024-08-07T00:00:00Z,SDSF_3,Xenlae,subadult,28,6.9,NA,alive,no,Xenopus laevis,5217334,,50.75811111111111,2.838277777777778,Heuvelland,West-Vlaanderen,flanders,"c(2.83827777777778, 50.7581111111111)",De_prente_pond_2024-08-06_2024-08-07,2024
2710-1,De prente pond,2024-08-06T00:00:00Z,2024-08-07T00:00:00Z,SDSF_3,Xenlae,subadult,33,7,F,alive,no,Xenopus laevis,5217334,,50.75811111111111,2.838277777777778,Heuvelland,West-Vlaanderen,flanders,"c(2.83827777777778, 50.7581111111111)",De_prente_pond_2024-08-06_2024-08-07,2024
2711-1,De prente pond,2024-08-06T00:00:00Z,2024-08-07T00:00:00Z,SDSF_3,Xenlae,subadult,29,6.5,NA,alive,no,Xenopus laevis,5217334,,50.75811111111111,2.838277777777778,Heuvelland,West-Vlaanderen,flanders,"c(2.83827777777778, 50.7581111111111)",De_prente_pond_2024-08-06_2024-08-07,2024
2712-1,De prente pond,2024-08-06T00:00:00Z,2024-08-07T00:00:00Z,SDSF_3,Xenlae,subadult,27,6.7,NA,alive,no,Xenopus laevis,5217334,,50.75811111111111,2.838277777777778,Heuvelland,West-Vlaanderen,flanders,"c(2.83827777777778, 50.7581111111111)",De_prente_pond_2024-08-06_2024-08-07,2024
2713-1,De prente pond,2024-08-06T00:00:00Z,2024-08-07T00:00:00Z,SDSF_3,Xenlae,subadult,34,7.2,F,alive,no,Xenopus laevis,5217334,,50.75811111111111,2.838277777777778,Heuvelland,West-Vlaanderen,flanders,"c(2.83827777777778, 50.7581111111111)",De_prente_pond_2024-08-06_2024-08-07,2024
2714-2,De prente pond,2024-08-06T00:00:00Z,2024-08-07T00:00:00Z,SDSF_3,Xenlae,subadult,30,6.8,M,alive,no,Xenopus laevis,5217334,,50.75811111111111,2.838277777777778,Heuvelland,West-Vlaanderen,flanders,"c(2.83827777777778, 50.7581111111111)",De_prente_pond_2024-08-06_2024-08-07,2024
2717-1,De prente pond,2024-08-06T00:00:00Z,2024-08-07T00:00:00Z,SDSF_4,Xenlae,subadult,30,6.9,F,alive,no,Xenopus laevis,5217334,,50.75811111111111,2.838277777777778,Heuvelland,West-Vlaanderen,flanders,"c(2.83827777777778, 50.7581111111111)",De_prente_pond_2024-08-06_2024-08-07,2024
2718-1,De prente pond,2024-08-06T00:00:00Z,2024-08-07T00:00:00Z,SDSF_4,Xenlae,subadult,26,6.8,M,alive,no,Xenopus laevis,5217334,,50.75811111111111,2.838277777777778,Heuvelland,West-Vlaanderen,flanders,"c(2.83827777777778, 50.7581111111111)",De_prente_pond_2024-08-06_2024-08-07,2024
2724-1,De koudekot wijnmaker pond,2024-08-06T00:00:00Z,2024-08-07T00:00:00Z,SDSF_1,Xenlae,adult,165,12,F,alive,no,Xenopus laevis,5217334,,50.77344444444444,2.765527777777778,Heuvelland,West-Vlaanderen,flanders,"c(2.76552777777778, 50.7734444444444)",De_koudekot_wijnmaker_pond_2024-08-06_2024-08-07,2024
2725-1,De koudekot wijnmaker pond,2024-08-06T00:00:00Z,2024-08-07T00:00:00Z,SDSF_1,Xenlae,adult,167,13.6,F,alive,no,Xenopus laevis,5217334,,50.77344444444444,2.765527777777778,Heuvelland,West-Vlaanderen,flanders,"c(2.76552777777778, 50.7734444444444)",De_koudekot_wijnmaker_pond_2024-08-06_2024-08-07,2024
2738-1,La basse cour pond,2024-08-07T00:00:00Z,2024-08-08T00:00:00Z,SDSF_2,Xenlae,adult,43,7.5,M,alive,no,Xenopus laevis,5217334,,50.75402777777778,2.8904722222222223,Mesen,West-Vlaanderen,flanders,"c(2.89047222222222, 50.7540277777778)",La_basse_cour_pond_2024-08-07_2024-08-08,2024
2739-1,La basse cour pond,2024-08-07T00:00:00Z,2024-08-08T00:00:00Z,SDSF_2,Xenlae,adult,47,8.1,M,alive,no,Xenopus laevis,5217334,,50.75402777777778,2.8904722222222223,Mesen,West-Vlaanderen,flanders,"c(2.89047222222222, 50.7540277777778)",La_basse_cour_pond_2024-08-07_2024-08-08,2024
2740-1,La basse cour pond,2024-08-07T00:00:00Z,2024-08-08T00:00:00Z,SDSF_3,Xenlae,adult,57,8.8,F,alive,no,Xenopus laevis,5217334,,50.75402777777778,2.8904722222222223,Mesen,West-Vlaanderen,flanders,"c(2.89047222222222, 50.7540277777778)",La_basse_cour_pond_2024-08-07_2024-08-08,2024
2741-1,La basse cour pond,2024-08-07T00:00:00Z,2024-08-08T00:00:00Z,SDSF_3,Xenlae,adult,41,7.7,M,alive,no,Xenopus laevis,5217334,,50.75402777777778,2.8904722222222223,Mesen,West-Vlaanderen,flanders,"c(2.89047222222222, 50.7540277777778)",La_basse_cour_pond_2024-08-07_2024-08-08,2024
2742-1,La basse cour pond,2024-08-07T00:00:00Z,2024-08-08T00:00:00Z,SDSF_3,Xenlae,adult,52,8.6,M,alive,no,Xenopus laevis,5217334,,50.75402777777778,2.8904722222222223,Mesen,West-Vlaanderen,flanders,"c(2.89047222222222, 50.7540277777778)",La_basse_cour_pond_2024-08-07_2024-08-08,2024
2744-1,La basse cour pond,2024-08-07T00:00:00Z,2024-08-08T00:00:00Z,SDSF_4,Xenlae,adult,77,9.4,F,alive,no,Xenopus laevis,5217334,,50.75402777777778,2.8904722222222223,Mesen,West-Vlaanderen,flanders,"c(2.89047222222222, 50.7540277777778)",La_basse_cour_pond_2024-08-07_2024-08-08,2024
2745-1,La basse cour pond,2024-08-07T00:00:00Z,2024-08-08T00:00:00Z,SDSF_4,Xenlae,adult,132,11.7,F,alive,no,Xenopus laevis,5217334,,50.75402777777778,2.8904722222222223,Mesen,West-Vlaanderen,flanders,"c(2.89047222222222, 50.7540277777778)",La_basse_cour_pond_2024-08-07_2024-08-08,2024
2746-1,La basse cour pond,2024-08-07T00:00:00Z,2024-08-08T00:00:00Z,SDSF_4,Xenlae,subadult,38,7.1,F,alive,no,Xenopus laevis,5217334,,50.75402777777778,2.8904722222222223,Mesen,West-Vlaanderen,flanders,"c(2.89047222222222, 50.7540277777778)",La_basse_cour_pond_2024-08-07_2024-08-08,2024
2747-1,La basse cour pond,2024-08-07T00:00:00Z,2024-08-08T00:00:00Z,SDSF_4,Xenlae,adult,50,8.1,M,alive,no,Xenopus laevis,5217334,,50.75402777777778,2.8904722222222223,Mesen,West-Vlaanderen,flanders,"c(2.89047222222222, 50.7540277777778)",La_basse_cour_pond_2024-08-07_2024-08-08,2024
2748-1,La basse cour pond,2024-08-07T00:00:00Z,2024-08-08T00:00:00Z,SDSF_4,Xenlae,adult,69,8.9,F,alive,no,Xenopus laevis,5217334,,50.75402777777778,2.8904722222222223,Mesen,West-Vlaanderen,flanders,"c(2.89047222222222, 50.7540277777778)",La_basse_cour_pond_2024-08-07_2024-08-08,2024
2749-1,La basse cour pond,2024-08-07T00:00:00Z,2024-08-08T00:00:00Z,SDSF_4,Xenlae,adult,71,NA,F,alive,no,Xenopus laevis,5217334,,50.75402777777778,2.8904722222222223,Mesen,West-Vlaanderen,flanders,"c(2.89047222222222, 50.7540277777778)",La_basse_cour_pond_2024-08-07_2024-08-08,2024
2750-1,La basse cour pond,2024-08-07T00:00:00Z,2024-08-08T00:00:00Z,SDSF_4,Xenlae,adult,55,7.9,M,alive,no,Xenopus laevis,5217334,,50.75402777777778,2.8904722222222223,Mesen,West-Vlaanderen,flanders,"c(2.89047222222222, 50.7540277777778)",La_basse_cour_pond_2024-08-07_2024-08-08,2024
2753-1,De prente pond,2024-08-07T00:00:00Z,2024-08-08T00:00:00Z,SDSF_1,Xenlae,subadult,26,6.3,NA,alive,no,Xenopus laevis,5217334,,50.75811111111111,2.838277777777778,Heuvelland,West-Vlaanderen,flanders,"c(2.83827777777778, 50.7581111111111)",De_prente_pond_2024-08-07_2024-08-08,2024
2754-1,De prente pond,2024-08-07T00:00:00Z,2024-08-08T00:00:00Z,SDSF_1,Xenlae,subadult,33,7.2,M,alive,no,Xenopus laevis,5217334,,50.75811111111111,2.838277777777778,Heuvelland,West-Vlaanderen,flanders,"c(2.83827777777778, 50.7581111111111)",De_prente_pond_2024-08-07_2024-08-08,2024
2755-1,De prente pond,2024-08-07T00:00:00Z,2024-08-08T00:00:00Z,SDSF_1,Xenlae,subadult,33,6.8,F,alive,no,Xenopus laevis,5217334,,50.75811111111111,2.838277777777778,Heuvelland,West-Vlaanderen,flanders,"c(2.83827777777778, 50.7581111111111)",De_prente_pond_2024-08-07_2024-08-08,2024
2756-1,De prente pond,2024-08-07T00:00:00Z,2024-08-08T00:00:00Z,SDSF_2,Xenlae,subadult,29,6.9,M,alive,no,Xenopus laevis,5217334,,50.75811111111111,2.838277777777778,Heuvelland,West-Vlaanderen,flanders,"c(2.83827777777778, 50.7581111111111)",De_prente_pond_2024-08-07_2024-08-08,2024
2757-1,De prente pond,2024-08-07T00:00:00Z,2024-08-08T00:00:00Z,SDSF_2,Xenlae,subadult,32,7.2,F,alive,no,Xenopus laevis,5217334,,50.75811111111111,2.838277777777778,Heuvelland,West-Vlaanderen,flanders,"c(2.83827777777778, 50.7581111111111)",De_prente_pond_2024-08-07_2024-08-08,2024
2758-1,De prente pond,2024-08-07T00:00:00Z,2024-08-08T00:00:00Z,SDSF_2,Xenlae,subadult,23,6.2,NA,alive,no,Xenopus laevis,5217334,,50.75811111111111,2.838277777777778,Heuvelland,West-Vlaanderen,flanders,"c(2.83827777777778, 50.7581111111111)",De_prente_pond_2024-08-07_2024-08-08,2024
2781-1,La basse cour pond,2024-08-08T00:00:00Z,2024-08-09T00:00:00Z,SDSF_2,Xenlae,adult,55,8.4,M,alive,no,Xenopus laevis,5217334,,50.75402777777778,2.8904722222222223,Mesen,West-Vlaanderen,flanders,"c(2.89047222222222, 50.7540277777778)",La_basse_cour_pond_2024-08-08_2024-08-09,2024
2784-1,La basse cour pond,2024-08-08T00:00:00Z,2024-08-09T00:00:00Z,SDSF_4,Xenlae,adult,43,7.8,M,alive,no,Xenopus laevis,5217334,,50.75402777777778,2.8904722222222223,Mesen,West-Vlaanderen,flanders,"c(2.89047222222222, 50.7540277777778)",La_basse_cour_pond_2024-08-08_2024-08-09,2024
2788-1,De prente pond,2024-08-08T00:00:00Z,2024-08-09T00:00:00Z,SDSF_1,Xenlae,subadult,35,7.1,F,alive,no,Xenopus laevis,5217334,,50.75811111111111,2.838277777777778,Heuvelland,West-Vlaanderen,flanders,"c(2.83827777777778, 50.7581111111111)",De_prente_pond_2024-08-08_2024-08-09,2024
2789-1,De prente pond,2024-08-08T00:00:00Z,2024-08-09T00:00:00Z,SDSF_1,Xenlae,larve,1,1.7,NA,dead,no,Xenopus laevis,5217334,,50.75811111111111,2.838277777777778,Heuvelland,West-Vlaanderen,flanders,"c(2.83827777777778, 50.7581111111111)",De_prente_pond_2024-08-08_2024-08-09,2024
2792-1,De prente pond,2024-08-08T00:00:00Z,2024-08-09T00:00:00Z,SDSF_2,Xenlae,subadult,31,7,M,alive,no,Xenopus laevis,5217334,,50.75811111111111,2.838277777777778,Heuvelland,West-Vlaanderen,flanders,"c(2.83827777777778, 50.7581111111111)",De_prente_pond_2024-08-08_2024-08-09,2024
2793-1,De prente pond,2024-08-08T00:00:00Z,2024-08-09T00:00:00Z,SDSF_2,Xenlae,subadult,21,6.2,NA,alive,no,Xenopus laevis,5217334,,50.75811111111111,2.838277777777778,Heuvelland,West-Vlaanderen,flanders,"c(2.83827777777778, 50.7581111111111)",De_prente_pond_2024-08-08_2024-08-09,2024
2814-1,La basse cour pond,2024-08-12T00:00:00Z,2024-08-13T00:00:00Z,SDSF_2,Xenlae,adult,62,7.7,M,alive,no,Xenopus laevis,5217334,,50.75402777777778,2.8904722222222223,Mesen,West-Vlaanderen,flanders,"c(2.89047222222222, 50.7540277777778)",La_basse_cour_pond_2024-08-12_2024-08-13,2024
2819-1,De prente pond,2024-08-12T00:00:00Z,2024-08-13T00:00:00Z,SDSF_1,Xenlae,subadult,26,6.6,M,alive,no,Xenopus laevis,5217334,,50.75811111111111,2.838277777777778,Heuvelland,West-Vlaanderen,flanders,"c(2.83827777777778, 50.7581111111111)",De_prente_pond_2024-08-12_2024-08-13,2024
2820-1,De prente pond,2024-08-12T00:00:00Z,2024-08-13T00:00:00Z,SDSF_1,Xenlae,subadult,29,7,M,alive,no,Xenopus laevis,5217334,,50.75811111111111,2.838277777777778,Heuvelland,West-Vlaanderen,flanders,"c(2.83827777777778, 50.7581111111111)",De_prente_pond_2024-08-12_2024-08-13,2024
2828-1,De prente pond,2024-08-12T00:00:00Z,2024-08-13T00:00:00Z,SDSF_4,Xenlae,larve,1,1.4,NA,alive,no,Xenopus laevis,5217334,,50.75811111111111,2.838277777777778,Heuvelland,West-Vlaanderen,flanders,"c(2.83827777777778, 50.7581111111111)",De_prente_pond_2024-08-12_2024-08-13,2024
2844-1,La basse cour pond,2024-08-13T00:00:00Z,2024-08-14T00:00:00Z,SDSF_3,Xenlae,larve,3,3.1,NA,alive,no,Xenopus laevis,5217334,,50.75402777777778,2.8904722222222223,Mesen,West-Vlaanderen,flanders,"c(2.89047222222222, 50.7540277777778)",La_basse_cour_pond_2024-08-13_2024-08-14,2024
2845-1,La basse cour pond,2024-08-13T00:00:00Z,2024-08-14T00:00:00Z,SDSF_4,Xenlae,adult,56,8.2,M,alive,no,Xenopus laevis,5217334,,50.75402777777778,2.8904722222222223,Mesen,West-Vlaanderen,flanders,"c(2.89047222222222, 50.7540277777778)",La_basse_cour_pond_2024-08-13_2024-08-14,2024
2850-1,De prente pond,2024-08-13T00:00:00Z,2024-08-14T00:00:00Z,SDSF_3,Xenlae,subadult,25,6.8,NA,alive,no,Xenopus laevis,5217334,,50.75811111111111,2.838277777777778,Heuvelland,West-Vlaanderen,flanders,"c(2.83827777777778, 50.7581111111111)",De_prente_pond_2024-08-13_2024-08-14,2024
2913-1,Field pond,2024-08-19T00:00:00Z,2024-08-20T00:00:00Z,SDSF_1,Xenlae,juvenile,10,4.5,NA,alive,no,Xenopus laevis,5217334,,50.75672222222222,2.9182777777777775,Mesen,West-Vlaanderen,flanders,"c(2.91827777777778, 50.7567222222222)",Field_pond_2024-08-19_2024-08-20,2024
2914-1,Field pond,2024-08-19T00:00:00Z,2024-08-20T00:00:00Z,SDSF_1,Xenlae,larve,2,2.6,NA,alive,no,Xenopus laevis,5217334,,50.75672222222222,2.9182777777777775,Mesen,West-Vlaanderen,flanders,"c(2.91827777777778, 50.7567222222222)",Field_pond_2024-08-19_2024-08-20,2024
2915-1,Field pond,2024-08-19T00:00:00Z,2024-08-20T00:00:00Z,SDSF_1,Xenlae,larve,3,2.7,NA,alive,no,Xenopus laevis,5217334,,50.75672222222222,2.9182777777777775,Mesen,West-Vlaanderen,flanders,"c(2.91827777777778, 50.7567222222222)",Field_pond_2024-08-19_2024-08-20,2024
2916-1,Field pond,2024-08-19T00:00:00Z,2024-08-20T00:00:00Z,SDSF_1,Xenlae,larve,2,2,NA,alive,no,Xenopus laevis,5217334,,50.75672222222222,2.9182777777777775,Mesen,West-Vlaanderen,flanders,"c(2.91827777777778, 50.7567222222222)",Field_pond_2024-08-19_2024-08-20,2024
2920-1,Field pond,2024-08-19T00:00:00Z,2024-08-20T00:00:00Z,SDSF_2,Xenlae,adult,124,11.8,F,alive,no,Xenopus laevis,5217334,,50.75672222222222,2.9182777777777775,Mesen,West-Vlaanderen,flanders,"c(2.91827777777778, 50.7567222222222)",Field_pond_2024-08-19_2024-08-20,2024
2921-1,Field pond,2024-08-19T00:00:00Z,2024-08-20T00:00:00Z,SDSF_2,Xenlae,adult,66,9.3,M,alive,no,Xenopus laevis,5217334,,50.75672222222222,2.9182777777777775,Mesen,West-Vlaanderen,flanders,"c(2.91827777777778, 50.7567222222222)",Field_pond_2024-08-19_2024-08-20,2024
2922-1,Field pond,2024-08-19T00:00:00Z,2024-08-20T00:00:00Z,SDSF_2,Xenlae,larve,1,2,NA,alive,no,Xenopus laevis,5217334,,50.75672222222222,2.9182777777777775,Mesen,West-Vlaanderen,flanders,"c(2.91827777777778, 50.7567222222222)",Field_pond_2024-08-19_2024-08-20,2024
2923-1,Field pond,2024-08-19T00:00:00Z,2024-08-20T00:00:00Z,SDSF_2,Xenlae,larve,1,2.3,NA,alive,no,Xenopus laevis,5217334,,50.75672222222222,2.9182777777777775,Mesen,West-Vlaanderen,flanders,"c(2.91827777777778, 50.7567222222222)",Field_pond_2024-08-19_2024-08-20,2024
2924-1,Field pond,2024-08-19T00:00:00Z,2024-08-20T00:00:00Z,SDSF_2,Xenlae,larve,2,2.7,NA,alive,no,Xenopus laevis,5217334,,50.75672222222222,2.9182777777777775,Mesen,West-Vlaanderen,flanders,"c(2.91827777777778, 50.7567222222222)",Field_pond_2024-08-19_2024-08-20,2024
2925-1,Field pond,2024-08-19T00:00:00Z,2024-08-20T00:00:00Z,SDSF_2,Xenlae,larve,2,2.6,NA,dead,no,Xenopus laevis,5217334,,50.75672222222222,2.9182777777777775,Mesen,West-Vlaanderen,flanders,"c(2.91827777777778, 50.7567222222222)",Field_pond_2024-08-19_2024-08-20,2024
2929-1,Field pond,2024-08-19T00:00:00Z,2024-08-20T00:00:00Z,SDSF_3,Xenlae,larve,0,2.1,NA,dead,no,Xenopus laevis,5217334,,50.75672222222222,2.9182777777777775,Mesen,West-Vlaanderen,flanders,"c(2.91827777777778, 50.7567222222222)",Field_pond_2024-08-19_2024-08-20,2024
2930-1,Field pond,2024-08-19T00:00:00Z,2024-08-20T00:00:00Z,SDSF_3,Xenlae,adult,66,9.7,F,alive,no,Xenopus laevis,5217334,,50.75672222222222,2.9182777777777775,Mesen,West-Vlaanderen,flanders,"c(2.91827777777778, 50.7567222222222)",Field_pond_2024-08-19_2024-08-20,2024
2931-1,Field pond,2024-08-19T00:00:00Z,2024-08-20T00:00:00Z,SDSF_3,Xenlae,juvenile,12,4.9,NA,alive,no,Xenopus laevis,5217334,,50.75672222222222,2.9182777777777775,Mesen,West-Vlaanderen,flanders,"c(2.91827777777778, 50.7567222222222)",Field_pond_2024-08-19_2024-08-20,2024
2932-1,Field pond,2024-08-19T00:00:00Z,2024-08-20T00:00:00Z,SDSF_3,Xenlae,juvenile,11,4.6,NA,alive,no,Xenopus laevis,5217334,,50.75672222222222,2.9182777777777775,Mesen,West-Vlaanderen,flanders,"c(2.91827777777778, 50.7567222222222)",Field_pond_2024-08-19_2024-08-20,2024
2933-1,Field pond,2024-08-19T00:00:00Z,2024-08-20T00:00:00Z,SDSF_3,Xenlae,juvenile,10,4.6,NA,alive,no,Xenopus laevis,5217334,,50.75672222222222,2.9182777777777775,Mesen,West-Vlaanderen,flanders,"c(2.91827777777778, 50.7567222222222)",Field_pond_2024-08-19_2024-08-20,2024
2934-1,Field pond,2024-08-19T00:00:00Z,2024-08-20T00:00:00Z,SDSF_3,Xenlae,juvenile,12,4.8,NA,alive,no,Xenopus laevis,5217334,,50.75672222222222,2.9182777777777775,Mesen,West-Vlaanderen,flanders,"c(2.91827777777778, 50.7567222222222)",Field_pond_2024-08-19_2024-08-20,2024
2935-1,Field pond,2024-08-19T00:00:00Z,2024-08-20T00:00:00Z,SDSF_3,Xenlae,juvenile,10,4.5,NA,alive,no,Xenopus laevis,5217334,,50.75672222222222,2.9182777777777775,Mesen,West-Vlaanderen,flanders,"c(2.91827777777778, 50.7567222222222)",Field_pond_2024-08-19_2024-08-20,2024
2936-1,Field pond,2024-08-19T00:00:00Z,2024-08-20T00:00:00Z,SDSF_3,Xenlae,larve,3,2.5,NA,alive,no,Xenopus laevis,5217334,,50.75672222222222,2.9182777777777775,Mesen,West-Vlaanderen,flanders,"c(2.91827777777778, 50.7567222222222)",Field_pond_2024-08-19_2024-08-20,2024
2937-1,Field pond,2024-08-19T00:00:00Z,2024-08-20T00:00:00Z,SDSF_3,Xenlae,larve,3,2.3,NA,alive,no,Xenopus laevis,5217334,,50.75672222222222,2.9182777777777775,Mesen,West-Vlaanderen,flanders,"c(2.91827777777778, 50.7567222222222)",Field_pond_2024-08-19_2024-08-20,2024
2941-1,Field pond,2024-08-19T00:00:00Z,2024-08-20T00:00:00Z,SDSF_4,Xenlae,adult,82,10.5,F,alive,no,Xenopus laevis,5217334,,50.75672222222222,2.9182777777777775,Mesen,West-Vlaanderen,flanders,"c(2.91827777777778, 50.7567222222222)",Field_pond_2024-08-19_2024-08-20,2024
2956-1,Field pond,2024-08-20T00:00:00Z,2024-08-21T00:00:00Z,SDSF_1,Xenlae,larve,2,2.8,NA,alive,no,Xenopus laevis,5217334,,50.75672222222222,2.9182777777777775,Mesen,West-Vlaanderen,flanders,"c(2.91827777777778, 50.7567222222222)",Field_pond_2024-08-20_2024-08-21,2024
2957-1,Field pond,2024-08-20T00:00:00Z,2024-08-21T00:00:00Z,SDSF_1,Xenlae,larve,0.5,2.2,NA,alive,no,Xenopus laevis,5217334,,50.75672222222222,2.9182777777777775,Mesen,West-Vlaanderen,flanders,"c(2.91827777777778, 50.7567222222222)",Field_pond_2024-08-20_2024-08-21,2024
2958-1,Field pond,2024-08-20T00:00:00Z,2024-08-21T00:00:00Z,SDSF_1,Xenlae,subadult,30,6.6,NA,alive,no,Xenopus laevis,5217334,,50.75672222222222,2.9182777777777775,Mesen,West-Vlaanderen,flanders,"c(2.91827777777778, 50.7567222222222)",Field_pond_2024-08-20_2024-08-21,2024
2959-1,Field pond,2024-08-20T00:00:00Z,2024-08-21T00:00:00Z,SDSF_1,Xenlae,larve,2,2.4,NA,alive,no,Xenopus laevis,5217334,,50.75672222222222,2.9182777777777775,Mesen,West-Vlaanderen,flanders,"c(2.91827777777778, 50.7567222222222)",Field_pond_2024-08-20_2024-08-21,2024
2960-1,Field pond,2024-08-20T00:00:00Z,2024-08-21T00:00:00Z,SDSF_1,Xenlae,larve,2,2.6,NA,dead,no,Xenopus laevis,5217334,,50.75672222222222,2.9182777777777775,Mesen,West-Vlaanderen,flanders,"c(2.91827777777778, 50.7567222222222)",Field_pond_2024-08-20_2024-08-21,2024
2961-1,Field pond,2024-08-20T00:00:00Z,2024-08-21T00:00:00Z,SDSF_1,Xenlae,larve,0.5,2.6,NA,alive,no,Xenopus laevis,5217334,,50.75672222222222,2.9182777777777775,Mesen,West-Vlaanderen,flanders,"c(2.91827777777778, 50.7567222222222)",Field_pond_2024-08-20_2024-08-21,2024
2967-1,Field pond,2024-08-20T00:00:00Z,2024-08-21T00:00:00Z,SDSF_2,Xenlae,juvenile,12,4.9,NA,alive,no,Xenopus laevis,5217334,,50.75672222222222,2.9182777777777775,Mesen,West-Vlaanderen,flanders,"c(2.91827777777778, 50.7567222222222)",Field_pond_2024-08-20_2024-08-21,2024
2968-1,Field pond,2024-08-20T00:00:00Z,2024-08-21T00:00:00Z,SDSF_2,Xenlae,larve,2,2.6,NA,alive,no,Xenopus laevis,5217334,,50.75672222222222,2.9182777777777775,Mesen,West-Vlaanderen,flanders,"c(2.91827777777778, 50.7567222222222)",Field_pond_2024-08-20_2024-08-21,2024
2974-1,Field pond,2024-08-20T00:00:00Z,2024-08-21T00:00:00Z,SDSF_3,Xenlae,juvenile,10,4.5,NA,alive,no,Xenopus laevis,5217334,,50.75672222222222,2.9182777777777775,Mesen,West-Vlaanderen,flanders,"c(2.91827777777778, 50.7567222222222)",Field_pond_2024-08-20_2024-08-21,2024
2975-1,Field pond,2024-08-20T00:00:00Z,2024-08-21T00:00:00Z,SDSF_3,Xenlae,juvenile,9,4.4,NA,alive,no,Xenopus laevis,5217334,,50.75672222222222,2.9182777777777775,Mesen,West-Vlaanderen,flanders,"c(2.91827777777778, 50.7567222222222)",Field_pond_2024-08-20_2024-08-21,2024
2976-1,Field pond,2024-08-20T00:00:00Z,2024-08-21T00:00:00Z,SDSF_3,Xenlae,larve,NA,NA,NA,dead,no,Xenopus laevis,5217334,,50.75672222222222,2.9182777777777775,Mesen,West-Vlaanderen,flanders,"c(2.91827777777778, 50.7567222222222)",Field_pond_2024-08-20_2024-08-21,2024
2984-1,Field pond,2024-08-20T00:00:00Z,2024-08-21T00:00:00Z,SDSF_4,Xenlae,adult,116,11.3,F,alive,no,Xenopus laevis,5217334,,50.75672222222222,2.9182777777777775,Mesen,West-Vlaanderen,flanders,"c(2.91827777777778, 50.7567222222222)",Field_pond_2024-08-20_2024-08-21,2024
2985-1,Field pond,2024-08-20T00:00:00Z,2024-08-21T00:00:00Z,SDSF_4,Xenlae,subadult,39,7,M,alive,no,Xenopus laevis,5217334,,50.75672222222222,2.9182777777777775,Mesen,West-Vlaanderen,flanders,"c(2.91827777777778, 50.7567222222222)",Field_pond_2024-08-20_2024-08-21,2024
2986-1,Field pond,2024-08-20T00:00:00Z,2024-08-21T00:00:00Z,SDSF_4,Xenlae,juvenile,12,4.9,NA,alive,no,Xenopus laevis,5217334,,50.75672222222222,2.9182777777777775,Mesen,West-Vlaanderen,flanders,"c(2.91827777777778, 50.7567222222222)",Field_pond_2024-08-20_2024-08-21,2024
2987-1,Field pond,2024-08-20T00:00:00Z,2024-08-21T00:00:00Z,SDSF_4,Xenlae,juvenile,12,5,NA,alive,no,Xenopus laevis,5217334,,50.75672222222222,2.9182777777777775,Mesen,West-Vlaanderen,flanders,"c(2.91827777777778, 50.7567222222222)",Field_pond_2024-08-20_2024-08-21,2024
2988-1,Field pond,2024-08-20T00:00:00Z,2024-08-21T00:00:00Z,SDSF_4,Xenlae,larve,3,2.5,NA,alive,no,Xenopus laevis,5217334,,50.75672222222222,2.9182777777777775,Mesen,West-Vlaanderen,flanders,"c(2.91827777777778, 50.7567222222222)",Field_pond_2024-08-20_2024-08-21,2024
2989-1,Field pond,2024-08-20T00:00:00Z,2024-08-21T00:00:00Z,SDSF_4,Xenlae,juvenile,13,5,NA,alive,no,Xenopus laevis,5217334,,50.75672222222222,2.9182777777777775,Mesen,West-Vlaanderen,flanders,"c(2.91827777777778, 50.7567222222222)",Field_pond_2024-08-20_2024-08-21,2024
2990-2,Field pond,2024-08-20T00:00:00Z,2024-08-21T00:00:00Z,SDSF_4,Xenlae,juvenile,12,4.9,NA,alive,no,Xenopus laevis,5217334,,50.75672222222222,2.9182777777777775,Mesen,West-Vlaanderen,flanders,"c(2.91827777777778, 50.7567222222222)",Field_pond_2024-08-20_2024-08-21,2024
2991-1,Field pond,2024-08-20T00:00:00Z,2024-08-21T00:00:00Z,SDSF_4,Xenlae,larve,2,2.6,NA,dead,no,Xenopus laevis,5217334,,50.75672222222222,2.9182777777777775,Mesen,West-Vlaanderen,flanders,"c(2.91827777777778, 50.7567222222222)",Field_pond_2024-08-20_2024-08-21,2024
2997-1,Fish passage,2024-08-20T00:00:00Z,2024-08-21T00:00:00Z,SDSF_1,Xenlae,subadult,35,6.8,M,dead,no,Xenopus laevis,5217334,,50.75802777777778,2.8552222222222223,Heuvelland,West-Vlaanderen,flanders,"c(2.85522222222222, 50.7580277777778)",Fish_passage_2024-08-20_2024-08-21,2024
2998-1,Fish passage,2024-08-20T00:00:00Z,2024-08-21T00:00:00Z,SDSF_1,Xenlae,adult,71,8.9,F,dead,no,Xenopus laevis,5217334,,50.75802777777778,2.8552222222222223,Heuvelland,West-Vlaanderen,flanders,"c(2.85522222222222, 50.7580277777778)",Fish_passage_2024-08-20_2024-08-21,2024
2999-1,Fish passage,2024-08-20T00:00:00Z,2024-08-21T00:00:00Z,SDSF_1,Xenlae,subadult,32,6.8,M,dead,no,Xenopus laevis,5217334,,50.75802777777778,2.8552222222222223,Heuvelland,West-Vlaanderen,flanders,"c(2.85522222222222, 50.7580277777778)",Fish_passage_2024-08-20_2024-08-21,2024
3000-1,Fish passage,2024-08-20T00:00:00Z,2024-08-21T00:00:00Z,SDSF_1,Xenlae,subadult,38,7.3,F,dead,no,Xenopus laevis,5217334,,50.75802777777778,2.8552222222222223,Heuvelland,West-Vlaanderen,flanders,"c(2.85522222222222, 50.7580277777778)",Fish_passage_2024-08-20_2024-08-21,2024
3001-1,Fish passage,2024-08-20T00:00:00Z,2024-08-21T00:00:00Z,SDSF_1,Xenlae,adult,46,7.6,M,dead,no,Xenopus laevis,5217334,,50.75802777777778,2.8552222222222223,Heuvelland,West-Vlaanderen,flanders,"c(2.85522222222222, 50.7580277777778)",Fish_passage_2024-08-20_2024-08-21,2024
3002-1,Fish passage,2024-08-20T00:00:00Z,2024-08-21T00:00:00Z,SDSF_1,Xenlae,juvenile,15,5.3,NA,dead,no,Xenopus laevis,5217334,,50.75802777777778,2.8552222222222223,Heuvelland,West-Vlaanderen,flanders,"c(2.85522222222222, 50.7580277777778)",Fish_passage_2024-08-20_2024-08-21,2024
3003-1,Fish passage,2024-08-20T00:00:00Z,2024-08-21T00:00:00Z,SDSF_1,Xenlae,larve,2,3.1,NA,alive,no,Xenopus laevis,5217334,,50.75802777777778,2.8552222222222223,Heuvelland,West-Vlaanderen,flanders,"c(2.85522222222222, 50.7580277777778)",Fish_passage_2024-08-20_2024-08-21,2024
3004-1,Fish passage,2024-08-20T00:00:00Z,2024-08-21T00:00:00Z,SDSF_1,Xenlae,subadult,38,7.1,M,alive,no,Xenopus laevis,5217334,,50.75802777777778,2.8552222222222223,Heuvelland,West-Vlaanderen,flanders,"c(2.85522222222222, 50.7580277777778)",Fish_passage_2024-08-20_2024-08-21,2024
3006-1,Fish passage,2024-08-20T00:00:00Z,2024-08-21T00:00:00Z,SDSF_2,Xenlae,adult,66,8.1,F,dead,no,Xenopus laevis,5217334,,50.75802777777778,2.8552222222222223,Heuvelland,West-Vlaanderen,flanders,"c(2.85522222222222, 50.7580277777778)",Fish_passage_2024-08-20_2024-08-21,2024
3007-1,Fish passage,2024-08-20T00:00:00Z,2024-08-21T00:00:00Z,SDSF_2,Xenlae,subadult,38,7.1,M,dead,no,Xenopus laevis,5217334,,50.75802777777778,2.8552222222222223,Heuvelland,West-Vlaanderen,flanders,"c(2.85522222222222, 50.7580277777778)",Fish_passage_2024-08-20_2024-08-21,2024
3008-1,Fish passage,2024-08-20T00:00:00Z,2024-08-21T00:00:00Z,SDSF_2,Xenlae,adult,61,8.4,F,dead,no,Xenopus laevis,5217334,,50.75802777777778,2.8552222222222223,Heuvelland,West-Vlaanderen,flanders,"c(2.85522222222222, 50.7580277777778)",Fish_passage_2024-08-20_2024-08-21,2024
3009-1,Fish passage,2024-08-20T00:00:00Z,2024-08-21T00:00:00Z,SDSF_2,Xenlae,subadult,40,7,M,dead,no,Xenopus laevis,5217334,,50.75802777777778,2.8552222222222223,Heuvelland,West-Vlaanderen,flanders,"c(2.85522222222222, 50.7580277777778)",Fish_passage_2024-08-20_2024-08-21,2024
3010-1,Fish passage,2024-08-20T00:00:00Z,2024-08-21T00:00:00Z,SDSF_2,Xenlae,adult,54,7.8,M,dead,no,Xenopus laevis,5217334,,50.75802777777778,2.8552222222222223,Heuvelland,West-Vlaanderen,flanders,"c(2.85522222222222, 50.7580277777778)",Fish_passage_2024-08-20_2024-08-21,2024
3011-1,Fish passage,2024-08-20T00:00:00Z,2024-08-21T00:00:00Z,SDSF_2,Xenlae,adult,66,8.5,F,dead,no,Xenopus laevis,5217334,,50.75802777777778,2.8552222222222223,Heuvelland,West-Vlaanderen,flanders,"c(2.85522222222222, 50.7580277777778)",Fish_passage_2024-08-20_2024-08-21,2024
3012-1,Fish passage,2024-08-20T00:00:00Z,2024-08-21T00:00:00Z,SDSF_2,Xenlae,subadult,42,7,M,dead,no,Xenopus laevis,5217334,,50.75802777777778,2.8552222222222223,Heuvelland,West-Vlaanderen,flanders,"c(2.85522222222222, 50.7580277777778)",Fish_passage_2024-08-20_2024-08-21,2024
3013-1,Fish passage,2024-08-20T00:00:00Z,2024-08-21T00:00:00Z,SDSF_2,Xenlae,adult,60,8.2,F,dead,no,Xenopus laevis,5217334,,50.75802777777778,2.8552222222222223,Heuvelland,West-Vlaanderen,flanders,"c(2.85522222222222, 50.7580277777778)",Fish_passage_2024-08-20_2024-08-21,2024
3014-2,Fish passage,2024-08-20T00:00:00Z,2024-08-21T00:00:00Z,SDSF_2,Xenlae,subadult,38,7.1,M,dead,no,Xenopus laevis,5217334,,50.75802777777778,2.8552222222222223,Heuvelland,West-Vlaanderen,flanders,"c(2.85522222222222, 50.7580277777778)",Fish_passage_2024-08-20_2024-08-21,2024
3015-1,Fish passage,2024-08-20T00:00:00Z,2024-08-21T00:00:00Z,SDSF_2,Xenlae,subadult,37,7.1,M,dead,no,Xenopus laevis,5217334,,50.75802777777778,2.8552222222222223,Heuvelland,West-Vlaanderen,flanders,"c(2.85522222222222, 50.7580277777778)",Fish_passage_2024-08-20_2024-08-21,2024
3016-1,Fish passage,2024-08-20T00:00:00Z,2024-08-21T00:00:00Z,SDSF_2,Xenlae,subadult,36,7,M,dead,no,Xenopus laevis,5217334,,50.75802777777778,2.8552222222222223,Heuvelland,West-Vlaanderen,flanders,"c(2.85522222222222, 50.7580277777778)",Fish_passage_2024-08-20_2024-08-21,2024
3017-1,Fish passage,2024-08-20T00:00:00Z,2024-08-21T00:00:00Z,SDSF_2,Xenlae,subadult,39,7.2,M,dead,no,Xenopus laevis,5217334,,50.75802777777778,2.8552222222222223,Heuvelland,West-Vlaanderen,flanders,"c(2.85522222222222, 50.7580277777778)",Fish_passage_2024-08-20_2024-08-21,2024
3018-1,Fish passage,2024-08-20T00:00:00Z,2024-08-21T00:00:00Z,SDSF_2,Xenlae,subadult,30,6.9,F,dead,no,Xenopus laevis,5217334,,50.75802777777778,2.8552222222222223,Heuvelland,West-Vlaanderen,flanders,"c(2.85522222222222, 50.7580277777778)",Fish_passage_2024-08-20_2024-08-21,2024
3019-1,Fish passage,2024-08-20T00:00:00Z,2024-08-21T00:00:00Z,SDSF_2,Xenlae,subadult,37,6.9,M,dead,no,Xenopus laevis,5217334,,50.75802777777778,2.8552222222222223,Heuvelland,West-Vlaanderen,flanders,"c(2.85522222222222, 50.7580277777778)",Fish_passage_2024-08-20_2024-08-21,2024
3020-1,Fish passage,2024-08-20T00:00:00Z,2024-08-21T00:00:00Z,SDSF_2,Xenlae,subadult,28,6.4,M,dead,no,Xenopus laevis,5217334,,50.75802777777778,2.8552222222222223,Heuvelland,West-Vlaanderen,flanders,"c(2.85522222222222, 50.7580277777778)",Fish_passage_2024-08-20_2024-08-21,2024
3021-1,Fish passage,2024-08-20T00:00:00Z,2024-08-21T00:00:00Z,SDSF_2,Xenlae,adult,50,7,M,dead,no,Xenopus laevis,5217334,,50.75802777777778,2.8552222222222223,Heuvelland,West-Vlaanderen,flanders,"c(2.85522222222222, 50.7580277777778)",Fish_passage_2024-08-20_2024-08-21,2024
3022-2,Fish passage,2024-08-20T00:00:00Z,2024-08-21T00:00:00Z,SDSF_2,Xenlae,subadult,36,7,M,dead,no,Xenopus laevis,5217334,,50.75802777777778,2.8552222222222223,Heuvelland,West-Vlaanderen,flanders,"c(2.85522222222222, 50.7580277777778)",Fish_passage_2024-08-20_2024-08-21,2024
3023-1,Fish passage,2024-08-20T00:00:00Z,2024-08-21T00:00:00Z,SDSF_2,Xenlae,subadult,30,6.7,F,dead,no,Xenopus laevis,5217334,,50.75802777777778,2.8552222222222223,Heuvelland,West-Vlaanderen,flanders,"c(2.85522222222222, 50.7580277777778)",Fish_passage_2024-08-20_2024-08-21,2024
3024-1,Fish passage,2024-08-20T00:00:00Z,2024-08-21T00:00:00Z,SDSF_2,Xenlae,subadult,44,7.3,F,dead,no,Xenopus laevis,5217334,,50.75802777777778,2.8552222222222223,Heuvelland,West-Vlaanderen,flanders,"c(2.85522222222222, 50.7580277777778)",Fish_passage_2024-08-20_2024-08-21,2024
3025-1,Fish passage,2024-08-20T00:00:00Z,2024-08-21T00:00:00Z,SDSF_3,Xenlae,adult,43,7.6,M,dead,no,Xenopus laevis,5217334,,50.75802777777778,2.8552222222222223,Heuvelland,West-Vlaanderen,flanders,"c(2.85522222222222, 50.7580277777778)",Fish_passage_2024-08-20_2024-08-21,2024
3026-1,Fish passage,2024-08-20T00:00:00Z,2024-08-21T00:00:00Z,SDSF_3,Xenlae,subadult,35,6.5,M,dead,no,Xenopus laevis,5217334,,50.75802777777778,2.8552222222222223,Heuvelland,West-Vlaanderen,flanders,"c(2.85522222222222, 50.7580277777778)",Fish_passage_2024-08-20_2024-08-21,2024
3027-1,Fish passage,2024-08-20T00:00:00Z,2024-08-21T00:00:00Z,SDSF_3,Xenlae,subadult,28,6.5,F,dead,no,Xenopus laevis,5217334,,50.75802777777778,2.8552222222222223,Heuvelland,West-Vlaanderen,flanders,"c(2.85522222222222, 50.7580277777778)",Fish_passage_2024-08-20_2024-08-21,2024
3028-1,Fish passage,2024-08-20T00:00:00Z,2024-08-21T00:00:00Z,SDSF_3,Xenlae,larve,4,2.8,NA,dead,no,Xenopus laevis,5217334,,50.75802777777778,2.8552222222222223,Heuvelland,West-Vlaanderen,flanders,"c(2.85522222222222, 50.7580277777778)",Fish_passage_2024-08-20_2024-08-21,2024
3029-1,Fish passage,2024-08-20T00:00:00Z,2024-08-21T00:00:00Z,SDSF_3,Xenlae,adult,46,7.5,M,dead,no,Xenopus laevis,5217334,,50.75802777777778,2.8552222222222223,Heuvelland,West-Vlaanderen,flanders,"c(2.85522222222222, 50.7580277777778)",Fish_passage_2024-08-20_2024-08-21,2024
3030-1,Fish passage,2024-08-20T00:00:00Z,2024-08-21T00:00:00Z,SDSF_3,Xenlae,adult,45,7.9,F,dead,no,Xenopus laevis,5217334,,50.75802777777778,2.8552222222222223,Heuvelland,West-Vlaanderen,flanders,"c(2.85522222222222, 50.7580277777778)",Fish_passage_2024-08-20_2024-08-21,2024
3031-1,Fish passage,2024-08-20T00:00:00Z,2024-08-21T00:00:00Z,SDSF_3,Xenlae,subadult,24,6.3,NA,dead,no,Xenopus laevis,5217334,,50.75802777777778,2.8552222222222223,Heuvelland,West-Vlaanderen,flanders,"c(2.85522222222222, 50.7580277777778)",Fish_passage_2024-08-20_2024-08-21,2024
3032-1,Fish passage,2024-08-20T00:00:00Z,2024-08-21T00:00:00Z,SDSF_4,Xenlae,adult,66,8.2,F,dead,no,Xenopus laevis,5217334,,50.75802777777778,2.8552222222222223,Heuvelland,West-Vlaanderen,flanders,"c(2.85522222222222, 50.7580277777778)",Fish_passage_2024-08-20_2024-08-21,2024
3033-1,Fish passage,2024-08-20T00:00:00Z,2024-08-21T00:00:00Z,SDSF_4,Xenlae,subadult,38,7.1,M,dead,no,Xenopus laevis,5217334,,50.75802777777778,2.8552222222222223,Heuvelland,West-Vlaanderen,flanders,"c(2.85522222222222, 50.7580277777778)",Fish_passage_2024-08-20_2024-08-21,2024
3034-1,Fish passage,2024-08-20T00:00:00Z,2024-08-21T00:00:00Z,SDSF_4,Xenlae,adult,38,7.5,M,dead,no,Xenopus laevis,5217334,,50.75802777777778,2.8552222222222223,Heuvelland,West-Vlaanderen,flanders,"c(2.85522222222222, 50.7580277777778)",Fish_passage_2024-08-20_2024-08-21,2024
3035-1,Fish passage,2024-08-20T00:00:00Z,2024-08-21T00:00:00Z,SDSF_4,Xenlae,subadult,37,7.2,F,dead,no,Xenopus laevis,5217334,,50.75802777777778,2.8552222222222223,Heuvelland,West-Vlaanderen,flanders,"c(2.85522222222222, 50.7580277777778)",Fish_passage_2024-08-20_2024-08-21,2024
3036-1,Fish passage,2024-08-20T00:00:00Z,2024-08-21T00:00:00Z,SDSF_4,Xenlae,subadult,28,6.2,F,dead,no,Xenopus laevis,5217334,,50.75802777777778,2.8552222222222223,Heuvelland,West-Vlaanderen,flanders,"c(2.85522222222222, 50.7580277777778)",Fish_passage_2024-08-20_2024-08-21,2024
3037-1,Fish passage,2024-08-20T00:00:00Z,2024-08-21T00:00:00Z,SDSF_4,Xenlae,subadult,34,7.2,M,dead,no,Xenopus laevis,5217334,,50.75802777777778,2.8552222222222223,Heuvelland,West-Vlaanderen,flanders,"c(2.85522222222222, 50.7580277777778)",Fish_passage_2024-08-20_2024-08-21,2024
3038-1,Fish passage,2024-08-20T00:00:00Z,2024-08-21T00:00:00Z,SDSF_4,Xenlae,subadult,36,7,M,dead,no,Xenopus laevis,5217334,,50.75802777777778,2.8552222222222223,Heuvelland,West-Vlaanderen,flanders,"c(2.85522222222222, 50.7580277777778)",Fish_passage_2024-08-20_2024-08-21,2024
3039-1,Fish passage,2024-08-20T00:00:00Z,2024-08-21T00:00:00Z,SDSF_4,Xenlae,adult,42,7.8,M,dead,no,Xenopus laevis,5217334,,50.75802777777778,2.8552222222222223,Heuvelland,West-Vlaanderen,flanders,"c(2.85522222222222, 50.7580277777778)",Fish_passage_2024-08-20_2024-08-21,2024
3040-1,Fish passage,2024-08-20T00:00:00Z,2024-08-21T00:00:00Z,SDSF_4,Xenlae,larve,5,2.9,NA,alive,no,Xenopus laevis,5217334,,50.75802777777778,2.8552222222222223,Heuvelland,West-Vlaanderen,flanders,"c(2.85522222222222, 50.7580277777778)",Fish_passage_2024-08-20_2024-08-21,2024
3062-1,Douve_6,2024-08-26T00:00:00Z,2024-08-29T00:00:00Z,FF_9,Xenlae,subadult,30,6.7,F,dead,no,Xenopus laevis,5217334,,50.756972222222224,2.9211111111111108,Mesen,West-Vlaanderen,flanders,"c(2.92111111111111, 50.7569722222222)",Douve_6_2024-08-26_2024-08-29,2024
3086-1,Douve_19,2024-08-26T00:00:00Z,2024-08-29T00:00:00Z,FF_28,Xenlae,adult,84,9.8,F,dead,no,Xenopus laevis,5217334,,50.75366666666667,2.8894444444444445,Komen-Waasten,Henegouwen,wallonia,"c(2.88944444444444, 50.7536666666667)",Douve_19_2024-08-26_2024-08-29,2024
3087-1,Douve_19,2024-08-26T00:00:00Z,2024-08-29T00:00:00Z,FF_28,Xenlae,subadult,32,6.5,F,dead,no,Xenopus laevis,5217334,,50.75366666666667,2.8894444444444445,Komen-Waasten,Henegouwen,wallonia,"c(2.88944444444444, 50.7536666666667)",Douve_19_2024-08-26_2024-08-29,2024
3088-1,Douve_19,2024-08-26T00:00:00Z,2024-08-29T00:00:00Z,FF_29,Xenlae,subadult,31,6.5,F,dead,no,Xenopus laevis,5217334,,50.75366666666667,2.8894444444444445,Komen-Waasten,Henegouwen,wallonia,"c(2.88944444444444, 50.7536666666667)",Douve_19_2024-08-26_2024-08-29,2024
3090-1,Field pond,2024-09-10T00:00:00Z,2024-09-11T00:00:00Z,SDSF_1,Xenlae,adult,109,10.7,F,alive,no,Xenopus laevis,5217334,,50.75672222222222,2.9182777777777775,Mesen,West-Vlaanderen,flanders,"c(2.91827777777778, 50.7567222222222)",Field_pond_2024-09-10_2024-09-11,2024
3091-1,Field pond,2024-09-10T00:00:00Z,2024-09-11T00:00:00Z,SDSF_1,Xenlae,adult,52,8.5,M,alive,no,Xenopus laevis,5217334,,50.75672222222222,2.9182777777777775,Mesen,West-Vlaanderen,flanders,"c(2.91827777777778, 50.7567222222222)",Field_pond_2024-09-10_2024-09-11,2024
3092-1,Field pond,2024-09-10T00:00:00Z,2024-09-11T00:00:00Z,SDSF_1,Xenlae,juvenile,16,5.7,NA,alive,no,Xenopus laevis,5217334,,50.75672222222222,2.9182777777777775,Mesen,West-Vlaanderen,flanders,"c(2.91827777777778, 50.7567222222222)",Field_pond_2024-09-10_2024-09-11,2024
3093-1,Field pond,2024-09-10T00:00:00Z,2024-09-11T00:00:00Z,SDSF_1,Xenlae,juvenile,4,2.8,NA,alive,no,Xenopus laevis,5217334,,50.75672222222222,2.9182777777777775,Mesen,West-Vlaanderen,flanders,"c(2.91827777777778, 50.7567222222222)",Field_pond_2024-09-10_2024-09-11,2024
3094-1,Field pond,2024-09-10T00:00:00Z,2024-09-11T00:00:00Z,SDSF_1,Xenlae,juvenile,5,3.4,NA,alive,no,Xenopus laevis,5217334,,50.75672222222222,2.9182777777777775,Mesen,West-Vlaanderen,flanders,"c(2.91827777777778, 50.7567222222222)",Field_pond_2024-09-10_2024-09-11,2024
3095-1,Field pond,2024-09-10T00:00:00Z,2024-09-11T00:00:00Z,SDSF_1,Xenlae,juvenile,4,3.4,NA,alive,no,Xenopus laevis,5217334,,50.75672222222222,2.9182777777777775,Mesen,West-Vlaanderen,flanders,"c(2.91827777777778, 50.7567222222222)",Field_pond_2024-09-10_2024-09-11,2024
3096-1,Field pond,2024-09-10T00:00:00Z,2024-09-11T00:00:00Z,SDSF_1,Xenlae,juvenile,3,3.4,NA,alive,no,Xenopus laevis,5217334,,50.75672222222222,2.9182777777777775,Mesen,West-Vlaanderen,flanders,"c(2.91827777777778, 50.7567222222222)",Field_pond_2024-09-10_2024-09-11,2024
3097-1,Field pond,2024-09-10T00:00:00Z,2024-09-11T00:00:00Z,SDSF_1,Xenlae,juvenile,5,3.1,NA,alive,no,Xenopus laevis,5217334,,50.75672222222222,2.9182777777777775,Mesen,West-Vlaanderen,flanders,"c(2.91827777777778, 50.7567222222222)",Field_pond_2024-09-10_2024-09-11,2024
3098-1,Field pond,2024-09-10T00:00:00Z,2024-09-11T00:00:00Z,SDSF_1,Xenlae,juvenile,4,3.5,NA,alive,no,Xenopus laevis,5217334,,50.75672222222222,2.9182777777777775,Mesen,West-Vlaanderen,flanders,"c(2.91827777777778, 50.7567222222222)",Field_pond_2024-09-10_2024-09-11,2024
3099-1,Field pond,2024-09-10T00:00:00Z,2024-09-11T00:00:00Z,SDSF_1,Xenlae,juvenile,4,3.1,NA,alive,no,Xenopus laevis,5217334,,50.75672222222222,2.9182777777777775,Mesen,West-Vlaanderen,flanders,"c(2.91827777777778, 50.7567222222222)",Field_pond_2024-09-10_2024-09-11,2024
3100-1,Field pond,2024-09-10T00:00:00Z,2024-09-11T00:00:00Z,SDSF_1,Xenlae,juvenile,5,3.3,NA,alive,no,Xenopus laevis,5217334,,50.75672222222222,2.9182777777777775,Mesen,West-Vlaanderen,flanders,"c(2.91827777777778, 50.7567222222222)",Field_pond_2024-09-10_2024-09-11,2024
3101-2,Field pond,2024-09-10T00:00:00Z,2024-09-11T00:00:00Z,SDSF_1,Xenlae,juvenile,5,3.4,NA,alive,no,Xenopus laevis,5217334,,50.75672222222222,2.9182777777777775,Mesen,West-Vlaanderen,flanders,"c(2.91827777777778, 50.7567222222222)",Field_pond_2024-09-10_2024-09-11,2024
3102-2,Field pond,2024-09-10T00:00:00Z,2024-09-11T00:00:00Z,SDSF_1,Xenlae,juvenile,4,3.1,NA,alive,no,Xenopus laevis,5217334,,50.75672222222222,2.9182777777777775,Mesen,West-Vlaanderen,flanders,"c(2.91827777777778, 50.7567222222222)",Field_pond_2024-09-10_2024-09-11,2024
3103-1,Field pond,2024-09-10T00:00:00Z,2024-09-11T00:00:00Z,SDSF_1,Xenlae,juvenile,5,3.5,NA,alive,no,Xenopus laevis,5217334,,50.75672222222222,2.9182777777777775,Mesen,West-Vlaanderen,flanders,"c(2.91827777777778, 50.7567222222222)",Field_pond_2024-09-10_2024-09-11,2024
3104-1,Field pond,2024-09-10T00:00:00Z,2024-09-11T00:00:00Z,SDSF_1,Xenlae,larve,NA,NA,NA,dead,no,Xenopus laevis,5217334,,50.75672222222222,2.9182777777777775,Mesen,West-Vlaanderen,flanders,"c(2.91827777777778, 50.7567222222222)",Field_pond_2024-09-10_2024-09-11,2024
3106-1,Field pond,2024-09-10T00:00:00Z,2024-09-11T00:00:00Z,SDSF_2,Xenlae,adult,119,10.9,F,alive,no,Xenopus laevis,5217334,,50.75672222222222,2.9182777777777775,Mesen,West-Vlaanderen,flanders,"c(2.91827777777778, 50.7567222222222)",Field_pond_2024-09-10_2024-09-11,2024
3107-1,Field pond,2024-09-10T00:00:00Z,2024-09-11T00:00:00Z,SDSF_2,Xenlae,adult,61,8.3,M,alive,no,Xenopus laevis,5217334,,50.75672222222222,2.9182777777777775,Mesen,West-Vlaanderen,flanders,"c(2.91827777777778, 50.7567222222222)",Field_pond_2024-09-10_2024-09-11,2024
3108-1,Field pond,2024-09-10T00:00:00Z,2024-09-11T00:00:00Z,SDSF_2,Xenlae,juvenile,6,3.6,NA,alive,no,Xenopus laevis,5217334,,50.75672222222222,2.9182777777777775,Mesen,West-Vlaanderen,flanders,"c(2.91827777777778, 50.7567222222222)",Field_pond_2024-09-10_2024-09-11,2024
3111-1,Field pond,2024-09-10T00:00:00Z,2024-09-11T00:00:00Z,SDSF_3,Xenlae,adult,48,8.1,M,alive,no,Xenopus laevis,5217334,,50.75672222222222,2.9182777777777775,Mesen,West-Vlaanderen,flanders,"c(2.91827777777778, 50.7567222222222)",Field_pond_2024-09-10_2024-09-11,2024
3112-1,Field pond,2024-09-10T00:00:00Z,2024-09-11T00:00:00Z,SDSF_3,Xenlae,adult,142,11.6,F,alive,no,Xenopus laevis,5217334,,50.75672222222222,2.9182777777777775,Mesen,West-Vlaanderen,flanders,"c(2.91827777777778, 50.7567222222222)",Field_pond_2024-09-10_2024-09-11,2024
3113-1,Field pond,2024-09-10T00:00:00Z,2024-09-11T00:00:00Z,SDSF_3,Xenlae,juvenile,16,5.6,NA,alive,no,Xenopus laevis,5217334,,50.75672222222222,2.9182777777777775,Mesen,West-Vlaanderen,flanders,"c(2.91827777777778, 50.7567222222222)",Field_pond_2024-09-10_2024-09-11,2024
3114-1,Field pond,2024-09-10T00:00:00Z,2024-09-11T00:00:00Z,SDSF_3,Xenlae,juvenile,18,5.6,NA,alive,no,Xenopus laevis,5217334,,50.75672222222222,2.9182777777777775,Mesen,West-Vlaanderen,flanders,"c(2.91827777777778, 50.7567222222222)",Field_pond_2024-09-10_2024-09-11,2024
3117-1,Field pond,2024-09-10T00:00:00Z,2024-09-11T00:00:00Z,SDSF_4,Xenlae,subadult,36,7.2,M,alive,no,Xenopus laevis,5217334,,50.75672222222222,2.9182777777777775,Mesen,West-Vlaanderen,flanders,"c(2.91827777777778, 50.7567222222222)",Field_pond_2024-09-10_2024-09-11,2024
3118-1,Field pond,2024-09-10T00:00:00Z,2024-09-11T00:00:00Z,SDSF_4,Xenlae,adult,137,11.1,F,alive,no,Xenopus laevis,5217334,,50.75672222222222,2.9182777777777775,Mesen,West-Vlaanderen,flanders,"c(2.91827777777778, 50.7567222222222)",Field_pond_2024-09-10_2024-09-11,2024
3119-1,Field pond,2024-09-10T00:00:00Z,2024-09-11T00:00:00Z,SDSF_4,Xenlae,adult,95,10.6,F,alive,no,Xenopus laevis,5217334,,50.75672222222222,2.9182777777777775,Mesen,West-Vlaanderen,flanders,"c(2.91827777777778, 50.7567222222222)",Field_pond_2024-09-10_2024-09-11,2024
3120-1,Field pond,2024-09-10T00:00:00Z,2024-09-11T00:00:00Z,SDSF_4,Xenlae,subadult,30,NA,F,alive,no,Xenopus laevis,5217334,,50.75672222222222,2.9182777777777775,Mesen,West-Vlaanderen,flanders,"c(2.91827777777778, 50.7567222222222)",Field_pond_2024-09-10_2024-09-11,2024
3121-1,Field pond,2024-09-10T00:00:00Z,2024-09-11T00:00:00Z,SDSF_4,Xenlae,juvenile,19,5.6,NA,alive,no,Xenopus laevis,5217334,,50.75672222222222,2.9182777777777775,Mesen,West-Vlaanderen,flanders,"c(2.91827777777778, 50.7567222222222)",Field_pond_2024-09-10_2024-09-11,2024
3122-1,Field pond,2024-09-10T00:00:00Z,2024-09-11T00:00:00Z,SDSF_4,Xenlae,subadult,23,6.1,NA,alive,no,Xenopus laevis,5217334,,50.75672222222222,2.9182777777777775,Mesen,West-Vlaanderen,flanders,"c(2.91827777777778, 50.7567222222222)",Field_pond_2024-09-10_2024-09-11,2024
3123-1,Field pond,2024-09-10T00:00:00Z,2024-09-11T00:00:00Z,SDSF_4,Xenlae,subadult,19,6.1,NA,alive,no,Xenopus laevis,5217334,,50.75672222222222,2.9182777777777775,Mesen,West-Vlaanderen,flanders,"c(2.91827777777778, 50.7567222222222)",Field_pond_2024-09-10_2024-09-11,2024
3124-1,Field pond,2024-09-10T00:00:00Z,2024-09-11T00:00:00Z,SDSF_4,Xenlae,subadult,27,6.7,NA,alive,no,Xenopus laevis,5217334,,50.75672222222222,2.9182777777777775,Mesen,West-Vlaanderen,flanders,"c(2.91827777777778, 50.7567222222222)",Field_pond_2024-09-10_2024-09-11,2024
3125-1,Field pond,2024-09-10T00:00:00Z,2024-09-11T00:00:00Z,SDSF_4,Xenlae,juvenile,19,5.9,NA,alive,no,Xenopus laevis,5217334,,50.75672222222222,2.9182777777777775,Mesen,West-Vlaanderen,flanders,"c(2.91827777777778, 50.7567222222222)",Field_pond_2024-09-10_2024-09-11,2024
3126-1,Field pond,2024-09-10T00:00:00Z,2024-09-11T00:00:00Z,SDSF_4,Xenlae,juvenile,21,5.9,NA,alive,no,Xenopus laevis,5217334,,50.75672222222222,2.9182777777777775,Mesen,West-Vlaanderen,flanders,"c(2.91827777777778, 50.7567222222222)",Field_pond_2024-09-10_2024-09-11,2024
3128-1,Fish passage,2024-09-10T00:00:00Z,2024-09-11T00:00:00Z,SDSF_1,Xenlae,adult,112,10.9,F,alive,no,Xenopus laevis,5217334,,50.75802777777778,2.8552222222222223,Heuvelland,West-Vlaanderen,flanders,"c(2.85522222222222, 50.7580277777778)",Fish_passage_2024-09-10_2024-09-11,2024
3129-1,Fish passage,2024-09-10T00:00:00Z,2024-09-11T00:00:00Z,SDSF_1,Xenlae,adult,81,9.5,F,alive,no,Xenopus laevis,5217334,,50.75802777777778,2.8552222222222223,Heuvelland,West-Vlaanderen,flanders,"c(2.85522222222222, 50.7580277777778)",Fish_passage_2024-09-10_2024-09-11,2024
3130-1,Fish passage,2024-09-10T00:00:00Z,2024-09-11T00:00:00Z,SDSF_1,Xenlae,adult,49,7.9,F,alive,no,Xenopus laevis,5217334,,50.75802777777778,2.8552222222222223,Heuvelland,West-Vlaanderen,flanders,"c(2.85522222222222, 50.7580277777778)",Fish_passage_2024-09-10_2024-09-11,2024
3131-1,Fish passage,2024-09-10T00:00:00Z,2024-09-11T00:00:00Z,SDSF_1,Xenlae,adult,59,8.2,F,alive,no,Xenopus laevis,5217334,,50.75802777777778,2.8552222222222223,Heuvelland,West-Vlaanderen,flanders,"c(2.85522222222222, 50.7580277777778)",Fish_passage_2024-09-10_2024-09-11,2024
3132-1,Fish passage,2024-09-10T00:00:00Z,2024-09-11T00:00:00Z,SDSF_1,Xenlae,adult,50,7.3,M,alive,no,Xenopus laevis,5217334,,50.75802777777778,2.8552222222222223,Heuvelland,West-Vlaanderen,flanders,"c(2.85522222222222, 50.7580277777778)",Fish_passage_2024-09-10_2024-09-11,2024
3133-1,Fish passage,2024-09-10T00:00:00Z,2024-09-11T00:00:00Z,SDSF_1,Xenlae,adult,54,8,F,alive,no,Xenopus laevis,5217334,,50.75802777777778,2.8552222222222223,Heuvelland,West-Vlaanderen,flanders,"c(2.85522222222222, 50.7580277777778)",Fish_passage_2024-09-10_2024-09-11,2024
3134-1,Fish passage,2024-09-10T00:00:00Z,2024-09-11T00:00:00Z,SDSF_1,Xenlae,subadult,36,7,M,alive,no,Xenopus laevis,5217334,,50.75802777777778,2.8552222222222223,Heuvelland,West-Vlaanderen,flanders,"c(2.85522222222222, 50.7580277777778)",Fish_passage_2024-09-10_2024-09-11,2024
3135-1,Fish passage,2024-09-10T00:00:00Z,2024-09-11T00:00:00Z,SDSF_1,Xenlae,subadult,18,6.4,NA,alive,no,Xenopus laevis,5217334,,50.75802777777778,2.8552222222222223,Heuvelland,West-Vlaanderen,flanders,"c(2.85522222222222, 50.7580277777778)",Fish_passage_2024-09-10_2024-09-11,2024
3136-1,Fish passage,2024-09-10T00:00:00Z,2024-09-11T00:00:00Z,SDSF_1,Xenlae,adult,34,7.7,M,alive,no,Xenopus laevis,5217334,,50.75802777777778,2.8552222222222223,Heuvelland,West-Vlaanderen,flanders,"c(2.85522222222222, 50.7580277777778)",Fish_passage_2024-09-10_2024-09-11,2024
3137-1,Fish passage,2024-09-10T00:00:00Z,2024-09-11T00:00:00Z,SDSF_1,Xenlae,juvenile,2,3.4,NA,alive,no,Xenopus laevis,5217334,,50.75802777777778,2.8552222222222223,Heuvelland,West-Vlaanderen,flanders,"c(2.85522222222222, 50.7580277777778)",Fish_passage_2024-09-10_2024-09-11,2024
3138-1,Fish passage,2024-09-10T00:00:00Z,2024-09-11T00:00:00Z,SDSF_1,Xenlae,juvenile,2,2.7,NA,alive,no,Xenopus laevis,5217334,,50.75802777777778,2.8552222222222223,Heuvelland,West-Vlaanderen,flanders,"c(2.85522222222222, 50.7580277777778)",Fish_passage_2024-09-10_2024-09-11,2024
3139-1,Fish passage,2024-09-10T00:00:00Z,2024-09-11T00:00:00Z,SDSF_2,Xenlae,adult,42,7.5,M,dead,no,Xenopus laevis,5217334,,50.75802777777778,2.8552222222222223,Heuvelland,West-Vlaanderen,flanders,"c(2.85522222222222, 50.7580277777778)",Fish_passage_2024-09-10_2024-09-11,2024
3140-1,Fish passage,2024-09-10T00:00:00Z,2024-09-11T00:00:00Z,SDSF_2,Xenlae,adult,55,8,F,alive,no,Xenopus laevis,5217334,,50.75802777777778,2.8552222222222223,Heuvelland,West-Vlaanderen,flanders,"c(2.85522222222222, 50.7580277777778)",Fish_passage_2024-09-10_2024-09-11,2024
3141-1,Fish passage,2024-09-10T00:00:00Z,2024-09-11T00:00:00Z,SDSF_2,Xenlae,adult,45,8,M,alive,no,Xenopus laevis,5217334,,50.75802777777778,2.8552222222222223,Heuvelland,West-Vlaanderen,flanders,"c(2.85522222222222, 50.7580277777778)",Fish_passage_2024-09-10_2024-09-11,2024
3142-1,Fish passage,2024-09-10T00:00:00Z,2024-09-11T00:00:00Z,SDSF_2,Xenlae,adult,72,9,F,alive,no,Xenopus laevis,5217334,,50.75802777777778,2.8552222222222223,Heuvelland,West-Vlaanderen,flanders,"c(2.85522222222222, 50.7580277777778)",Fish_passage_2024-09-10_2024-09-11,2024
3143-1,Fish passage,2024-09-10T00:00:00Z,2024-09-11T00:00:00Z,SDSF_2,Xenlae,adult,46,7.5,M,alive,no,Xenopus laevis,5217334,,50.75802777777778,2.8552222222222223,Heuvelland,West-Vlaanderen,flanders,"c(2.85522222222222, 50.7580277777778)",Fish_passage_2024-09-10_2024-09-11,2024
3144-1,Fish passage,2024-09-10T00:00:00Z,2024-09-11T00:00:00Z,SDSF_2,Xenlae,subadult,37,7.1,M,alive,no,Xenopus laevis,5217334,,50.75802777777778,2.8552222222222223,Heuvelland,West-Vlaanderen,flanders,"c(2.85522222222222, 50.7580277777778)",Fish_passage_2024-09-10_2024-09-11,2024
3145-1,Fish passage,2024-09-10T00:00:00Z,2024-09-11T00:00:00Z,SDSF_2,Xenlae,adult,116,10.6,F,alive,no,Xenopus laevis,5217334,,50.75802777777778,2.8552222222222223,Heuvelland,West-Vlaanderen,flanders,"c(2.85522222222222, 50.7580277777778)",Fish_passage_2024-09-10_2024-09-11,2024
3146-1,Fish passage,2024-09-10T00:00:00Z,2024-09-11T00:00:00Z,SDSF_2,Xenlae,adult,39,7.4,M,alive,no,Xenopus laevis,5217334,,50.75802777777778,2.8552222222222223,Heuvelland,West-Vlaanderen,flanders,"c(2.85522222222222, 50.7580277777778)",Fish_passage_2024-09-10_2024-09-11,2024
3147-1,Fish passage,2024-09-10T00:00:00Z,2024-09-11T00:00:00Z,SDSF_2,Xenlae,adult,69,8.5,M,alive,no,Xenopus laevis,5217334,,50.75802777777778,2.8552222222222223,Heuvelland,West-Vlaanderen,flanders,"c(2.85522222222222, 50.7580277777778)",Fish_passage_2024-09-10_2024-09-11,2024
3148-2,Fish passage,2024-09-10T00:00:00Z,2024-09-11T00:00:00Z,SDSF_2,Xenlae,adult,45,8,M,alive,no,Xenopus laevis,5217334,,50.75802777777778,2.8552222222222223,Heuvelland,West-Vlaanderen,flanders,"c(2.85522222222222, 50.7580277777778)",Fish_passage_2024-09-10_2024-09-11,2024
3149-1,Fish passage,2024-09-10T00:00:00Z,2024-09-11T00:00:00Z,SDSF_2,Xenlae,adult,55,8.3,F,alive,no,Xenopus laevis,5217334,,50.75802777777778,2.8552222222222223,Heuvelland,West-Vlaanderen,flanders,"c(2.85522222222222, 50.7580277777778)",Fish_passage_2024-09-10_2024-09-11,2024
3150-1,Fish passage,2024-09-10T00:00:00Z,2024-09-11T00:00:00Z,SDSF_2,Xenlae,adult,44,7.6,M,alive,no,Xenopus laevis,5217334,,50.75802777777778,2.8552222222222223,Heuvelland,West-Vlaanderen,flanders,"c(2.85522222222222, 50.7580277777778)",Fish_passage_2024-09-10_2024-09-11,2024
3151-1,Fish passage,2024-09-10T00:00:00Z,2024-09-11T00:00:00Z,SDSF_2,Xenlae,adult,52,8,M,alive,no,Xenopus laevis,5217334,,50.75802777777778,2.8552222222222223,Heuvelland,West-Vlaanderen,flanders,"c(2.85522222222222, 50.7580277777778)",Fish_passage_2024-09-10_2024-09-11,2024
3152-1,Fish passage,2024-09-10T00:00:00Z,2024-09-11T00:00:00Z,SDSF_2,Xenlae,adult,39,7.5,M,alive,no,Xenopus laevis,5217334,,50.75802777777778,2.8552222222222223,Heuvelland,West-Vlaanderen,flanders,"c(2.85522222222222, 50.7580277777778)",Fish_passage_2024-09-10_2024-09-11,2024
3153-1,Fish passage,2024-09-10T00:00:00Z,2024-09-11T00:00:00Z,SDSF_2,Xenlae,adult,52,7.7,M,alive,no,Xenopus laevis,5217334,,50.75802777777778,2.8552222222222223,Heuvelland,West-Vlaanderen,flanders,"c(2.85522222222222, 50.7580277777778)",Fish_passage_2024-09-10_2024-09-11,2024
3154-1,Fish passage,2024-09-10T00:00:00Z,2024-09-11T00:00:00Z,SDSF_2,Xenlae,adult,42,7.5,M,alive,no,Xenopus laevis,5217334,,50.75802777777778,2.8552222222222223,Heuvelland,West-Vlaanderen,flanders,"c(2.85522222222222, 50.7580277777778)",Fish_passage_2024-09-10_2024-09-11,2024
3155-1,Fish passage,2024-09-10T00:00:00Z,2024-09-11T00:00:00Z,SDSF_2,Xenlae,adult,40,7.5,M,alive,no,Xenopus laevis,5217334,,50.75802777777778,2.8552222222222223,Heuvelland,West-Vlaanderen,flanders,"c(2.85522222222222, 50.7580277777778)",Fish_passage_2024-09-10_2024-09-11,2024
3156-3,Fish passage,2024-09-10T00:00:00Z,2024-09-11T00:00:00Z,SDSF_2,Xenlae,adult,45,8,M,alive,no,Xenopus laevis,5217334,,50.75802777777778,2.8552222222222223,Heuvelland,West-Vlaanderen,flanders,"c(2.85522222222222, 50.7580277777778)",Fish_passage_2024-09-10_2024-09-11,2024
3157-1,Fish passage,2024-09-10T00:00:00Z,2024-09-11T00:00:00Z,SDSF_2,Xenlae,subadult,38,7.1,M,alive,no,Xenopus laevis,5217334,,50.75802777777778,2.8552222222222223,Heuvelland,West-Vlaanderen,flanders,"c(2.85522222222222, 50.7580277777778)",Fish_passage_2024-09-10_2024-09-11,2024
3158-1,Fish passage,2024-09-10T00:00:00Z,2024-09-11T00:00:00Z,SDSF_3,Xenlae,subadult,25,6.4,NA,alive,no,Xenopus laevis,5217334,,50.75802777777778,2.8552222222222223,Heuvelland,West-Vlaanderen,flanders,"c(2.85522222222222, 50.7580277777778)",Fish_passage_2024-09-10_2024-09-11,2024
3159-1,Fish passage,2024-09-10T00:00:00Z,2024-09-11T00:00:00Z,SDSF_3,Xenlae,adult,41,7.4,M,alive,no,Xenopus laevis,5217334,,50.75802777777778,2.8552222222222223,Heuvelland,West-Vlaanderen,flanders,"c(2.85522222222222, 50.7580277777778)",Fish_passage_2024-09-10_2024-09-11,2024
3160-1,Fish passage,2024-09-10T00:00:00Z,2024-09-11T00:00:00Z,SDSF_3,Xenlae,juvenile,2,2.9,NA,alive,no,Xenopus laevis,5217334,,50.75802777777778,2.8552222222222223,Heuvelland,West-Vlaanderen,flanders,"c(2.85522222222222, 50.7580277777778)",Fish_passage_2024-09-10_2024-09-11,2024
3161-1,Fish passage,2024-09-10T00:00:00Z,2024-09-11T00:00:00Z,SDSF_4,Xenlae,subadult,36,7.1,M,alive,no,Xenopus laevis,5217334,,50.75802777777778,2.8552222222222223,Heuvelland,West-Vlaanderen,flanders,"c(2.85522222222222, 50.7580277777778)",Fish_passage_2024-09-10_2024-09-11,2024
3162-1,Fish passage,2024-09-10T00:00:00Z,2024-09-11T00:00:00Z,SDSF_4,Xenlae,adult,64,9,F,alive,no,Xenopus laevis,5217334,,50.75802777777778,2.8552222222222223,Heuvelland,West-Vlaanderen,flanders,"c(2.85522222222222, 50.7580277777778)",Fish_passage_2024-09-10_2024-09-11,2024
3163-1,Fish passage,2024-09-10T00:00:00Z,2024-09-11T00:00:00Z,SDSF_4,Xenlae,subadult,38,7.1,M,alive,no,Xenopus laevis,5217334,,50.75802777777778,2.8552222222222223,Heuvelland,West-Vlaanderen,flanders,"c(2.85522222222222, 50.7580277777778)",Fish_passage_2024-09-10_2024-09-11,2024
3164-1,Fish passage,2024-09-10T00:00:00Z,2024-09-11T00:00:00Z,SDSF_4,Xenlae,adult,53,7.9,F,alive,no,Xenopus laevis,5217334,,50.75802777777778,2.8552222222222223,Heuvelland,West-Vlaanderen,flanders,"c(2.85522222222222, 50.7580277777778)",Fish_passage_2024-09-10_2024-09-11,2024
3165-1,Fish passage,2024-09-10T00:00:00Z,2024-09-11T00:00:00Z,SDSF_4,Xenlae,adult,91,9.8,F,alive,no,Xenopus laevis,5217334,,50.75802777777778,2.8552222222222223,Heuvelland,West-Vlaanderen,flanders,"c(2.85522222222222, 50.7580277777778)",Fish_passage_2024-09-10_2024-09-11,2024
3166-1,Fish passage,2024-09-10T00:00:00Z,2024-09-11T00:00:00Z,SDSF_4,Xenlae,adult,77,9.5,F,alive,no,Xenopus laevis,5217334,,50.75802777777778,2.8552222222222223,Heuvelland,West-Vlaanderen,flanders,"c(2.85522222222222, 50.7580277777778)",Fish_passage_2024-09-10_2024-09-11,2024
3167-1,Fish passage,2024-09-10T00:00:00Z,2024-09-11T00:00:00Z,SDSF_4,Xenlae,subadult,43,7.3,F,alive,no,Xenopus laevis,5217334,,50.75802777777778,2.8552222222222223,Heuvelland,West-Vlaanderen,flanders,"c(2.85522222222222, 50.7580277777778)",Fish_passage_2024-09-10_2024-09-11,2024
3168-1,Fish passage,2024-09-10T00:00:00Z,2024-09-11T00:00:00Z,SDSF_4,Xenlae,adult,42,7.9,F,alive,no,Xenopus laevis,5217334,,50.75802777777778,2.8552222222222223,Heuvelland,West-Vlaanderen,flanders,"c(2.85522222222222, 50.7580277777778)",Fish_passage_2024-09-10_2024-09-11,2024
3169-1,Fish passage,2024-09-10T00:00:00Z,2024-09-11T00:00:00Z,SDSF_4,Xenlae,adult,54,8.2,F,dead,no,Xenopus laevis,5217334,,50.75802777777778,2.8552222222222223,Heuvelland,West-Vlaanderen,flanders,"c(2.85522222222222, 50.7580277777778)",Fish_passage_2024-09-10_2024-09-11,2024
3170-1,Fish passage,2024-09-10T00:00:00Z,2024-09-11T00:00:00Z,SDSF_4,Xenlae,subadult,35,7.1,F,alive,no,Xenopus laevis,5217334,,50.75802777777778,2.8552222222222223,Heuvelland,West-Vlaanderen,flanders,"c(2.85522222222222, 50.7580277777778)",Fish_passage_2024-09-10_2024-09-11,2024
3171-1,Fish passage,2024-09-10T00:00:00Z,2024-09-11T00:00:00Z,SDSF_4,Xenlae,adult,51,7.6,F,alive,no,Xenopus laevis,5217334,,50.75802777777778,2.8552222222222223,Heuvelland,West-Vlaanderen,flanders,"c(2.85522222222222, 50.7580277777778)",Fish_passage_2024-09-10_2024-09-11,2024
3172-1,Fish passage,2024-09-10T00:00:00Z,2024-09-11T00:00:00Z,SDSF_4,Xenlae,subadult,44,7.2,M,alive,no,Xenopus laevis,5217334,,50.75802777777778,2.8552222222222223,Heuvelland,West-Vlaanderen,flanders,"c(2.85522222222222, 50.7580277777778)",Fish_passage_2024-09-10_2024-09-11,2024
3173-1,Fish passage,2024-09-10T00:00:00Z,2024-09-11T00:00:00Z,SDSF_4,Xenlae,adult,43,7.6,M,alive,no,Xenopus laevis,5217334,,50.75802777777778,2.8552222222222223,Heuvelland,West-Vlaanderen,flanders,"c(2.85522222222222, 50.7580277777778)",Fish_passage_2024-09-10_2024-09-11,2024
3174-1,Fish passage,2024-09-10T00:00:00Z,2024-09-11T00:00:00Z,SDSF_4,Xenlae,adult,45,8,M,alive,no,Xenopus laevis,5217334,,50.75802777777778,2.8552222222222223,Heuvelland,West-Vlaanderen,flanders,"c(2.85522222222222, 50.7580277777778)",Fish_passage_2024-09-10_2024-09-11,2024
3175-1,Fish passage,2024-09-10T00:00:00Z,2024-09-11T00:00:00Z,SDSF_4,Xenlae,subadult,37,7.2,M,alive,no,Xenopus laevis,5217334,,50.75802777777778,2.8552222222222223,Heuvelland,West-Vlaanderen,flanders,"c(2.85522222222222, 50.7580277777778)",Fish_passage_2024-09-10_2024-09-11,2024
3176-1,Fish passage,2024-09-10T00:00:00Z,2024-09-11T00:00:00Z,SDSF_4,Xenlae,subadult,41,7.2,M,alive,no,Xenopus laevis,5217334,,50.75802777777778,2.8552222222222223,Heuvelland,West-Vlaanderen,flanders,"c(2.85522222222222, 50.7580277777778)",Fish_passage_2024-09-10_2024-09-11,2024
3177-1,Fish passage,2024-09-10T00:00:00Z,2024-09-11T00:00:00Z,SDSF_4,Xenlae,adult,40,7.5,M,alive,no,Xenopus laevis,5217334,,50.75802777777778,2.8552222222222223,Heuvelland,West-Vlaanderen,flanders,"c(2.85522222222222, 50.7580277777778)",Fish_passage_2024-09-10_2024-09-11,2024
3178-1,Fish passage,2024-09-10T00:00:00Z,2024-09-11T00:00:00Z,SDSF_4,Xenlae,subadult,32,6.8,M,alive,no,Xenopus laevis,5217334,,50.75802777777778,2.8552222222222223,Heuvelland,West-Vlaanderen,flanders,"c(2.85522222222222, 50.7580277777778)",Fish_passage_2024-09-10_2024-09-11,2024
3179-1,Fish passage,2024-09-10T00:00:00Z,2024-09-11T00:00:00Z,SDSF_4,Xenlae,juvenile,2,2.8,NA,alive,no,Xenopus laevis,5217334,,50.75802777777778,2.8552222222222223,Heuvelland,West-Vlaanderen,flanders,"c(2.85522222222222, 50.7580277777778)",Fish_passage_2024-09-10_2024-09-11,2024
3185-1,Field pond,2024-10-10T00:00:00Z,2024-10-11T00:00:00Z,SDSF_2,Xenlae,adult,56,8.7,M,alive,no,Xenopus laevis,5217334,,50.75672222222222,2.9182777777777775,Mesen,West-Vlaanderen,flanders,"c(2.91827777777778, 50.7567222222222)",Field_pond_2024-10-10_2024-10-11,2024
3186-1,Field pond,2024-10-10T00:00:00Z,2024-10-11T00:00:00Z,SDSF_2,Xenlae,subadult,32,6.9,NA,alive,no,Xenopus laevis,5217334,,50.75672222222222,2.9182777777777775,Mesen,West-Vlaanderen,flanders,"c(2.91827777777778, 50.7567222222222)",Field_pond_2024-10-10_2024-10-11,2024
3188-1,Field pond,2024-10-10T00:00:00Z,2024-10-11T00:00:00Z,SDSF_3,Xenlae,juvenile,11,4.4,NA,alive,no,Xenopus laevis,5217334,,50.75672222222222,2.9182777777777775,Mesen,West-Vlaanderen,flanders,"c(2.91827777777778, 50.7567222222222)",Field_pond_2024-10-10_2024-10-11,2024
3189-1,Field pond,2024-10-10T00:00:00Z,2024-10-11T00:00:00Z,SDSF_3,Xenlae,subadult,30,6.9,NA,alive,no,Xenopus laevis,5217334,,50.75672222222222,2.9182777777777775,Mesen,West-Vlaanderen,flanders,"c(2.91827777777778, 50.7567222222222)",Field_pond_2024-10-10_2024-10-11,2024
3190-1,Field pond,2024-10-10T00:00:00Z,2024-10-11T00:00:00Z,SDSF_3,Xenlae,juvenile,7,4.4,NA,alive,no,Xenopus laevis,5217334,,50.75672222222222,2.9182777777777775,Mesen,West-Vlaanderen,flanders,"c(2.91827777777778, 50.7567222222222)",Field_pond_2024-10-10_2024-10-11,2024
3191-1,Field pond,2024-10-10T00:00:00Z,2024-10-11T00:00:00Z,SDSF_3,Xenlae,juvenile,7,3.8,NA,alive,no,Xenopus laevis,5217334,,50.75672222222222,2.9182777777777775,Mesen,West-Vlaanderen,flanders,"c(2.91827777777778, 50.7567222222222)",Field_pond_2024-10-10_2024-10-11,2024
3192-1,Field pond,2024-10-10T00:00:00Z,2024-10-11T00:00:00Z,SDSF_4,Xenlae,subadult,39,7.2,F,alive,no,Xenopus laevis,5217334,,50.75672222222222,2.9182777777777775,Mesen,West-Vlaanderen,flanders,"c(2.91827777777778, 50.7567222222222)",Field_pond_2024-10-10_2024-10-11,2024
3193-1,Field pond,2024-10-10T00:00:00Z,2024-10-11T00:00:00Z,SDSF_4,Xenlae,subadult,33,6.8,NA,alive,no,Xenopus laevis,5217334,,50.75672222222222,2.9182777777777775,Mesen,West-Vlaanderen,flanders,"c(2.91827777777778, 50.7567222222222)",Field_pond_2024-10-10_2024-10-11,2024
3194-1,Field pond,2024-10-10T00:00:00Z,2024-10-11T00:00:00Z,SDSF_4,Xenlae,juvenile,8,4.3,NA,alive,no,Xenopus laevis,5217334,,50.75672222222222,2.9182777777777775,Mesen,West-Vlaanderen,flanders,"c(2.91827777777778, 50.7567222222222)",Field_pond_2024-10-10_2024-10-11,2024
3195-2,Field pond,2024-10-10T00:00:00Z,2024-10-11T00:00:00Z,SDSF_4,Xenlae,juvenile,8,4.3,NA,alive,no,Xenopus laevis,5217334,,50.75672222222222,2.9182777777777775,Mesen,West-Vlaanderen,flanders,"c(2.91827777777778, 50.7567222222222)",Field_pond_2024-10-10_2024-10-11,2024
3196-1,Field pond,2024-10-10T00:00:00Z,2024-10-11T00:00:00Z,SDSF_4,Xenlae,juvenile,8,4.5,NA,alive,no,Xenopus laevis,5217334,,50.75672222222222,2.9182777777777775,Mesen,West-Vlaanderen,flanders,"c(2.91827777777778, 50.7567222222222)",Field_pond_2024-10-10_2024-10-11,2024
3197-1,Field pond,2024-10-10T00:00:00Z,2024-10-11T00:00:00Z,SDSF_4,Xenlae,juvenile,9,4.3,NA,alive,no,Xenopus laevis,5217334,,50.75672222222222,2.9182777777777775,Mesen,West-Vlaanderen,flanders,"c(2.91827777777778, 50.7567222222222)",Field_pond_2024-10-10_2024-10-11,2024
3198-2,Field pond,2024-10-10T00:00:00Z,2024-10-11T00:00:00Z,SDSF_4,Xenlae,juvenile,9,4.3,NA,alive,no,Xenopus laevis,5217334,,50.75672222222222,2.9182777777777775,Mesen,West-Vlaanderen,flanders,"c(2.91827777777778, 50.7567222222222)",Field_pond_2024-10-10_2024-10-11,2024
3199-1,Field pond,2024-10-10T00:00:00Z,2024-10-11T00:00:00Z,SDSF_4,Xenlae,juvenile,6,3.7,NA,alive,no,Xenopus laevis,5217334,,50.75672222222222,2.9182777777777775,Mesen,West-Vlaanderen,flanders,"c(2.91827777777778, 50.7567222222222)",Field_pond_2024-10-10_2024-10-11,2024
3200-1,Fish passage,2024-10-10T00:00:00Z,2024-10-11T00:00:00Z,SDSF_1,Xenlae,juvenile,6,3.6,NA,alive,no,Xenopus laevis,5217334,,50.75802777777778,2.8552222222222223,Heuvelland,West-Vlaanderen,flanders,"c(2.85522222222222, 50.7580277777778)",Fish_passage_2024-10-10_2024-10-11,2024
3201-1,Fish passage,2024-10-10T00:00:00Z,2024-10-11T00:00:00Z,SDSF_1,Xenlae,juvenile,2,2.9,NA,alive,no,Xenopus laevis,5217334,,50.75802777777778,2.8552222222222223,Heuvelland,West-Vlaanderen,flanders,"c(2.85522222222222, 50.7580277777778)",Fish_passage_2024-10-10_2024-10-11,2024
3202-1,Fish passage,2024-10-10T00:00:00Z,2024-10-11T00:00:00Z,SDSF_1,Xenlae,juvenile,6,3.7,NA,alive,no,Xenopus laevis,5217334,,50.75802777777778,2.8552222222222223,Heuvelland,West-Vlaanderen,flanders,"c(2.85522222222222, 50.7580277777778)",Fish_passage_2024-10-10_2024-10-11,2024
3203-1,Fish passage,2024-10-10T00:00:00Z,2024-10-11T00:00:00Z,SDSF_1,Xenlae,juvenile,2,2.8,NA,alive,no,Xenopus laevis,5217334,,50.75802777777778,2.8552222222222223,Heuvelland,West-Vlaanderen,flanders,"c(2.85522222222222, 50.7580277777778)",Fish_passage_2024-10-10_2024-10-11,2024
3204-1,Fish passage,2024-10-10T00:00:00Z,2024-10-11T00:00:00Z,SDSF_1,Xenlae,juvenile,3,2.7,NA,alive,no,Xenopus laevis,5217334,,50.75802777777778,2.8552222222222223,Heuvelland,West-Vlaanderen,flanders,"c(2.85522222222222, 50.7580277777778)",Fish_passage_2024-10-10_2024-10-11,2024
3205-1,Fish passage,2024-10-10T00:00:00Z,2024-10-11T00:00:00Z,SDSF_3,Xenlae,adult,47,7.6,M,alive,no,Xenopus laevis,5217334,,50.75802777777778,2.8552222222222223,Heuvelland,West-Vlaanderen,flanders,"c(2.85522222222222, 50.7580277777778)",Fish_passage_2024-10-10_2024-10-11,2024
3206-1,Fish passage,2024-10-10T00:00:00Z,2024-10-11T00:00:00Z,SDSF_3,Xenlae,adult,72,9.2,M,alive,no,Xenopus laevis,5217334,,50.75802777777778,2.8552222222222223,Heuvelland,West-Vlaanderen,flanders,"c(2.85522222222222, 50.7580277777778)",Fish_passage_2024-10-10_2024-10-11,2024
3207-1,Fish passage,2024-10-10T00:00:00Z,2024-10-11T00:00:00Z,SDSF_3,Xenlae,adult,62,8.7,F,alive,no,Xenopus laevis,5217334,,50.75802777777778,2.8552222222222223,Heuvelland,West-Vlaanderen,flanders,"c(2.85522222222222, 50.7580277777778)",Fish_passage_2024-10-10_2024-10-11,2024
3208-1,Fish passage,2024-10-10T00:00:00Z,2024-10-11T00:00:00Z,SDSF_3,Xenlae,adult,42,7.5,M,alive,no,Xenopus laevis,5217334,,50.75802777777778,2.8552222222222223,Heuvelland,West-Vlaanderen,flanders,"c(2.85522222222222, 50.7580277777778)",Fish_passage_2024-10-10_2024-10-11,2024
3209-1,Fish passage,2024-10-10T00:00:00Z,2024-10-11T00:00:00Z,SDSF_3,Xenlae,adult,52,7.9,F,alive,no,Xenopus laevis,5217334,,50.75802777777778,2.8552222222222223,Heuvelland,West-Vlaanderen,flanders,"c(2.85522222222222, 50.7580277777778)",Fish_passage_2024-10-10_2024-10-11,2024
3210-1,Fish passage,2024-10-10T00:00:00Z,2024-10-11T00:00:00Z,SDSF_3,Xenlae,subadult,42,7.2,M,alive,no,Xenopus laevis,5217334,,50.75802777777778,2.8552222222222223,Heuvelland,West-Vlaanderen,flanders,"c(2.85522222222222, 50.7580277777778)",Fish_passage_2024-10-10_2024-10-11,2024
3211-1,Fish passage,2024-10-10T00:00:00Z,2024-10-11T00:00:00Z,SDSF_3,Xenlae,adult,55,7.9,F,alive,no,Xenopus laevis,5217334,,50.75802777777778,2.8552222222222223,Heuvelland,West-Vlaanderen,flanders,"c(2.85522222222222, 50.7580277777778)",Fish_passage_2024-10-10_2024-10-11,2024
3212-1,Fish passage,2024-10-10T00:00:00Z,2024-10-11T00:00:00Z,SDSF_3,Xenlae,juvenile,2,2.9,NA,alive,no,Xenopus laevis,5217334,,50.75802777777778,2.8552222222222223,Heuvelland,West-Vlaanderen,flanders,"c(2.85522222222222, 50.7580277777778)",Fish_passage_2024-10-10_2024-10-11,2024
3213-1,Fish passage,2024-10-10T00:00:00Z,2024-10-11T00:00:00Z,SDSF_3,Xenlae,juvenile,5,3.3,NA,alive,no,Xenopus laevis,5217334,,50.75802777777778,2.8552222222222223,Heuvelland,West-Vlaanderen,flanders,"c(2.85522222222222, 50.7580277777778)",Fish_passage_2024-10-10_2024-10-11,2024
3214-1,Fish passage,2024-10-10T00:00:00Z,2024-10-11T00:00:00Z,SDSF_3,Xenlae,juvenile,5,3.6,NA,alive,no,Xenopus laevis,5217334,,50.75802777777778,2.8552222222222223,Heuvelland,West-Vlaanderen,flanders,"c(2.85522222222222, 50.7580277777778)",Fish_passage_2024-10-10_2024-10-11,2024
3227-1,Field pond,2024-10-30T00:00:00Z,2024-10-31T00:00:00Z,SDSF_3,Xenlae,subadult,40,7.2,M,alive,no,Xenopus laevis,5217334,,50.75672222222222,2.9182777777777775,Mesen,West-Vlaanderen,flanders,"c(2.91827777777778, 50.7567222222222)",Field_pond_2024-10-30_2024-10-31,2024
3228-1,Field pond,2024-10-30T00:00:00Z,2024-10-31T00:00:00Z,SDSF_3,Xenlae,juvenile,14,4.2,NA,alive,no,Xenopus laevis,5217334,,50.75672222222222,2.9182777777777775,Mesen,West-Vlaanderen,flanders,"c(2.91827777777778, 50.7567222222222)",Field_pond_2024-10-30_2024-10-31,2024
3230-1,Field pond,2024-10-30T00:00:00Z,2024-10-31T00:00:00Z,SDSF_3,Xenlae,juvenile,15,4.3,NA,alive,no,Xenopus laevis,5217334,,50.75672222222222,2.9182777777777775,Mesen,West-Vlaanderen,flanders,"c(2.91827777777778, 50.7567222222222)",Field_pond_2024-10-30_2024-10-31,2024
3231-1,Field pond,2024-10-30T00:00:00Z,2024-10-31T00:00:00Z,SDSF_3,Xenlae,adult,101,10.4,F,alive,no,Xenopus laevis,5217334,,50.75672222222222,2.9182777777777775,Mesen,West-Vlaanderen,flanders,"c(2.91827777777778, 50.7567222222222)",Field_pond_2024-10-30_2024-10-31,2024
3232-1,Field pond,2024-10-30T00:00:00Z,2024-10-31T00:00:00Z,SDSF_3,Xenlae,adult,74,9,F,alive,no,Xenopus laevis,5217334,,50.75672222222222,2.9182777777777775,Mesen,West-Vlaanderen,flanders,"c(2.91827777777778, 50.7567222222222)",Field_pond_2024-10-30_2024-10-31,2024
3233-1,Field pond,2024-10-30T00:00:00Z,2024-10-31T00:00:00Z,SDSF_3,Xenlae,juvenile,10,4.6,NA,alive,no,Xenopus laevis,5217334,,50.75672222222222,2.9182777777777775,Mesen,West-Vlaanderen,flanders,"c(2.91827777777778, 50.7567222222222)",Field_pond_2024-10-30_2024-10-31,2024
3234-2,Field pond,2024-10-30T00:00:00Z,2024-10-31T00:00:00Z,SDSF_3,Xenlae,juvenile,10,4.6,NA,alive,no,Xenopus laevis,5217334,,50.75672222222222,2.9182777777777775,Mesen,West-Vlaanderen,flanders,"c(2.91827777777778, 50.7567222222222)",Field_pond_2024-10-30_2024-10-31,2024
3235-1,Field pond,2024-10-30T00:00:00Z,2024-10-31T00:00:00Z,SDSF_3,Xenlae,juvenile,10,4.2,NA,alive,no,Xenopus laevis,5217334,,50.75672222222222,2.9182777777777775,Mesen,West-Vlaanderen,flanders,"c(2.91827777777778, 50.7567222222222)",Field_pond_2024-10-30_2024-10-31,2024
3236-1,Field pond,2024-10-30T00:00:00Z,2024-10-31T00:00:00Z,SDSF_3,Xenlae,juvenile,7,4.1,NA,alive,no,Xenopus laevis,5217334,,50.75672222222222,2.9182777777777775,Mesen,West-Vlaanderen,flanders,"c(2.91827777777778, 50.7567222222222)",Field_pond_2024-10-30_2024-10-31,2024
3238-1,Field pond,2024-10-30T00:00:00Z,2024-10-31T00:00:00Z,SDSF_4,Xenlae,juvenile,10,4.4,NA,alive,no,Xenopus laevis,5217334,,50.75672222222222,2.9182777777777775,Mesen,West-Vlaanderen,flanders,"c(2.91827777777778, 50.7567222222222)",Field_pond_2024-10-30_2024-10-31,2024
3239-1,Field pond,2024-10-30T00:00:00Z,2024-10-31T00:00:00Z,SDSF_4,Xenlae,subadult,32,6.7,F,alive,no,Xenopus laevis,5217334,,50.75672222222222,2.9182777777777775,Mesen,West-Vlaanderen,flanders,"c(2.91827777777778, 50.7567222222222)",Field_pond_2024-10-30_2024-10-31,2024
3240-1,Field pond,2024-10-30T00:00:00Z,2024-10-31T00:00:00Z,SDSF_4,Xenlae,juvenile,12,4.7,NA,alive,no,Xenopus laevis,5217334,,50.75672222222222,2.9182777777777775,Mesen,West-Vlaanderen,flanders,"c(2.91827777777778, 50.7567222222222)",Field_pond_2024-10-30_2024-10-31,2024
3243-1,Field pond,2024-11-13T00:00:00Z,2024-11-14T00:00:00Z,SDSF_2,Xenlae,juvenile,8,4.4,NA,alive,no,Xenopus laevis,5217334,,50.75672222222222,2.9182777777777775,Mesen,West-Vlaanderen,flanders,"c(2.91827777777778, 50.7567222222222)",Field_pond_2024-11-13_2024-11-14,2024
3244-1,Field pond,2024-11-13T00:00:00Z,2024-11-14T00:00:00Z,SDSF_3,Xenlae,juvenile,10,4.6,NA,alive,no,Xenopus laevis,5217334,,50.75672222222222,2.9182777777777775,Mesen,West-Vlaanderen,flanders,"c(2.91827777777778, 50.7567222222222)",Field_pond_2024-11-13_2024-11-14,2024
3259-1,Field pond,2024-11-14T00:00:00Z,2024-11-15T00:00:00Z,SDSF_2,Xenlae,juvenile,9,4.2,NA,alive,no,Xenopus laevis,5217334,,50.75672222222222,2.9182777777777775,Mesen,West-Vlaanderen,flanders,"c(2.91827777777778, 50.7567222222222)",Field_pond_2024-11-14_2024-11-15,2024
3261-1,Field pond,2024-11-14T00:00:00Z,2024-11-15T00:00:00Z,SDSF_3,Xenlae,juvenile,9,4.5,NA,alive,no,Xenopus laevis,5217334,,50.75672222222222,2.9182777777777775,Mesen,West-Vlaanderen,flanders,"c(2.91827777777778, 50.7567222222222)",Field_pond_2024-11-14_2024-11-15,2024
3262-1,Field pond,2024-11-14T00:00:00Z,2024-11-15T00:00:00Z,SDSF_3,Xenlae,adult,41,7.4,M,alive,no,Xenopus laevis,5217334,,50.75672222222222,2.9182777777777775,Mesen,West-Vlaanderen,flanders,"c(2.91827777777778, 50.7567222222222)",Field_pond_2024-11-14_2024-11-15,2024
3264-1,Fish passage,2024-11-14T00:00:00Z,2024-11-15T00:00:00Z,SDSF_1,Xenlae,juvenile,2,2.9,NA,alive,no,Xenopus laevis,5217334,,50.75802777777778,2.8552222222222223,Heuvelland,West-Vlaanderen,flanders,"c(2.85522222222222, 50.7580277777778)",Fish_passage_2024-11-14_2024-11-15,2024
3265-1,Fish passage,2024-11-14T00:00:00Z,2024-11-15T00:00:00Z,SDSF_1,Xenlae,juvenile,2,2.6,NA,alive,no,Xenopus laevis,5217334,,50.75802777777778,2.8552222222222223,Heuvelland,West-Vlaanderen,flanders,"c(2.85522222222222, 50.7580277777778)",Fish_passage_2024-11-14_2024-11-15,2024
3268-1,Fish passage,2024-11-14T00:00:00Z,2024-11-15T00:00:00Z,SDSF_3,Xenlae,juvenile,2,2.5,NA,alive,no,Xenopus laevis,5217334,,50.75802777777778,2.8552222222222223,Heuvelland,West-Vlaanderen,flanders,"c(2.85522222222222, 50.7580277777778)",Fish_passage_2024-11-14_2024-11-15,2024
3276-1,Field pond,2025-03-04T00:00:00Z,2025-03-05T00:00:00Z,SDSF_3,Xenlae,juvenile,9,4.6,NA,alive,no,Xenopus laevis,5217334,,50.75672222222222,2.9182777777777775,Mesen,West-Vlaanderen,flanders,"c(2.91827777777778, 50.7567222222222)",Field_pond_2025-03-04_2025-03-05,2025
3279-1,Field pond,2025-03-04T00:00:00Z,2025-03-05T00:00:00Z,SDSF_4,Xenlae,subadult,34,7.1,F,alive,no,Xenopus laevis,5217334,,50.75672222222222,2.9182777777777775,Mesen,West-Vlaanderen,flanders,"c(2.91827777777778, 50.7567222222222)",Field_pond_2025-03-04_2025-03-05,2025
3298-1,Field pond,2025-03-05T00:00:00Z,2025-03-06T00:00:00Z,SDSF_3,Xenlae,juvenile,9,4.5,NA,alive,no,Xenopus laevis,5217334,,50.75672222222222,2.9182777777777775,Mesen,West-Vlaanderen,flanders,"c(2.91827777777778, 50.7567222222222)",Field_pond_2025-03-05_2025-03-06,2025
3304-1,Field pond,2025-03-05T00:00:00Z,2025-03-06T00:00:00Z,SDSF_4,Xenlae,subadult,32,6.8,F,alive,no,Xenopus laevis,5217334,,50.75672222222222,2.9182777777777775,Mesen,West-Vlaanderen,flanders,"c(2.91827777777778, 50.7567222222222)",Field_pond_2025-03-05_2025-03-06,2025
3305-1,Field pond,2025-03-05T00:00:00Z,2025-03-06T00:00:00Z,SDSF_4,Xenlae,subadult,33,7.2,F,alive,no,Xenopus laevis,5217334,,50.75672222222222,2.9182777777777775,Mesen,West-Vlaanderen,flanders,"c(2.91827777777778, 50.7567222222222)",Field_pond_2025-03-05_2025-03-06,2025
3306-1,Field pond,2025-03-05T00:00:00Z,2025-03-06T00:00:00Z,SDSF_4,Xenlae,juvenile,8,4.1,NA,alive,no,Xenopus laevis,5217334,,50.75672222222222,2.9182777777777775,Mesen,West-Vlaanderen,flanders,"c(2.91827777777778, 50.7567222222222)",Field_pond_2025-03-05_2025-03-06,2025
3392-1,Big pond Eeuwenhout bos,2025-03-27T00:00:00Z,2025-03-28T00:00:00Z,SDSF_2a,Xenlae,adult,56,8.3,F,alive,yes,Xenopus laevis,5217334,,50.768027777777775,2.7708055555555555,Heuvelland,West-Vlaanderen,flanders,"c(2.77080555555556, 50.7680277777778)",Big_pond_Eeuwenhout_bos_2025-03-27_2025-03-28,2025
3399-1,Big pond Eeuwenhout bos,2025-03-27T00:00:00Z,2025-03-28T00:00:00Z,SDSF_3a,Xenlae,adult,55,8.7,M,alive,no,Xenopus laevis,5217334,,50.768027777777775,2.7708055555555555,Heuvelland,West-Vlaanderen,flanders,"c(2.77080555555556, 50.7680277777778)",Big_pond_Eeuwenhout_bos_2025-03-27_2025-03-28,2025
3415-1,Field pond,2025-04-16T00:00:00Z,2025-04-17T00:00:00Z,SDSF_1,Xenlae,juvenile,9,4.2,NA,alive,no,Xenopus laevis,5217334,,50.75672222222222,2.9182777777777775,Mesen,West-Vlaanderen,flanders,"c(2.91827777777778, 50.7567222222222)",Field_pond_2025-04-16_2025-04-17,2025
3419-1,Field pond,2025-04-16T00:00:00Z,2025-04-17T00:00:00Z,SDSF_2,Xenlae,adult,35,7.8,F,alive,no,Xenopus laevis,5217334,,50.75672222222222,2.9182777777777775,Mesen,West-Vlaanderen,flanders,"c(2.91827777777778, 50.7567222222222)",Field_pond_2025-04-16_2025-04-17,2025
3429-1,Big pond Eeuwenhout bos,2025-04-16T00:00:00Z,2025-04-17T00:00:00Z,SDSF_2a,Xenlae,subadult,42,NA,M,alive,no,Xenopus laevis,5217334,,50.768027777777775,2.7708055555555555,Heuvelland,West-Vlaanderen,flanders,"c(2.77080555555556, 50.7680277777778)",Big_pond_Eeuwenhout_bos_2025-04-16_2025-04-17,2025
3458-1,Field pond,2025-04-17T00:00:00Z,2025-04-18T00:00:00Z,SDSF_2,Xenlae,juvenile,12,4.5,NA,alive,no,Xenopus laevis,5217334,,50.75672222222222,2.9182777777777775,Mesen,West-Vlaanderen,flanders,"c(2.91827777777778, 50.7567222222222)",Field_pond_2025-04-17_2025-04-18,2025
3468-1,Big pond Eeuwenhout bos,2025-04-17T00:00:00Z,2025-04-18T00:00:00Z,SDSF_2a,Xenlae,subadult,36,7.3,M,alive,no,Xenopus laevis,5217334,,50.768027777777775,2.7708055555555555,Heuvelland,West-Vlaanderen,flanders,"c(2.77080555555556, 50.7680277777778)",Big_pond_Eeuwenhout_bos_2025-04-17_2025-04-18,2025
3496-1,Field pond,2025-04-28T00:00:00Z,2025-04-29T00:00:00Z,SDSF_1,Xenlae,adult,97,9.7,F,alive,no,Xenopus laevis,5217334,,50.75672222222222,2.9182777777777775,Mesen,West-Vlaanderen,flanders,"c(2.91827777777778, 50.7567222222222)",Field_pond_2025-04-28_2025-04-29,2025
3497-1,Field pond,2025-04-28T00:00:00Z,2025-04-29T00:00:00Z,SDSF_1,Xenlae,juvenile,15,4.9,NA,alive,no,Xenopus laevis,5217334,,50.75672222222222,2.9182777777777775,Mesen,West-Vlaanderen,flanders,"c(2.91827777777778, 50.7567222222222)",Field_pond_2025-04-28_2025-04-29,2025
3498-1,Field pond,2025-04-28T00:00:00Z,2025-04-29T00:00:00Z,SDSF_1,Xenlae,subadult,35,6.9,F,alive,no,Xenopus laevis,5217334,,50.75672222222222,2.9182777777777775,Mesen,West-Vlaanderen,flanders,"c(2.91827777777778, 50.7567222222222)",Field_pond_2025-04-28_2025-04-29,2025
3499-1,Field pond,2025-04-28T00:00:00Z,2025-04-29T00:00:00Z,SDSF_1,Xenlae,juvenile,13,4.3,NA,alive,no,Xenopus laevis,5217334,,50.75672222222222,2.9182777777777775,Mesen,West-Vlaanderen,flanders,"c(2.91827777777778, 50.7567222222222)",Field_pond_2025-04-28_2025-04-29,2025
3500-1,Field pond,2025-04-28T00:00:00Z,2025-04-29T00:00:00Z,SDSF_1,Xenlae,adult,48,8.1,M,alive,no,Xenopus laevis,5217334,,50.75672222222222,2.9182777777777775,Mesen,West-Vlaanderen,flanders,"c(2.91827777777778, 50.7567222222222)",Field_pond_2025-04-28_2025-04-29,2025
3501-1,Field pond,2025-04-28T00:00:00Z,2025-04-29T00:00:00Z,SDSF_1,Xenlae,juvenile,10,4.5,NA,alive,no,Xenopus laevis,5217334,,50.75672222222222,2.9182777777777775,Mesen,West-Vlaanderen,flanders,"c(2.91827777777778, 50.7567222222222)",Field_pond_2025-04-28_2025-04-29,2025
3502-2,Field pond,2025-04-28T00:00:00Z,2025-04-29T00:00:00Z,SDSF_1,Xenlae,juvenile,10,4.5,NA,alive,no,Xenopus laevis,5217334,,50.75672222222222,2.9182777777777775,Mesen,West-Vlaanderen,flanders,"c(2.91827777777778, 50.7567222222222)",Field_pond_2025-04-28_2025-04-29,2025
3503-1,Field pond,2025-04-28T00:00:00Z,2025-04-29T00:00:00Z,SDSF_1,Xenlae,juvenile,16,5,NA,alive,no,Xenopus laevis,5217334,,50.75672222222222,2.9182777777777775,Mesen,West-Vlaanderen,flanders,"c(2.91827777777778, 50.7567222222222)",Field_pond_2025-04-28_2025-04-29,2025
3504-1,Field pond,2025-04-28T00:00:00Z,2025-04-29T00:00:00Z,SDSF_1,Xenlae,juvenile,9,4.3,NA,alive,no,Xenopus laevis,5217334,,50.75672222222222,2.9182777777777775,Mesen,West-Vlaanderen,flanders,"c(2.91827777777778, 50.7567222222222)",Field_pond_2025-04-28_2025-04-29,2025
3505-1,Field pond,2025-04-28T00:00:00Z,2025-04-29T00:00:00Z,SDSF_1,Xenlae,subadult,26,6.5,NA,alive,no,Xenopus laevis,5217334,,50.75672222222222,2.9182777777777775,Mesen,West-Vlaanderen,flanders,"c(2.91827777777778, 50.7567222222222)",Field_pond_2025-04-28_2025-04-29,2025
3506-1,Field pond,2025-04-28T00:00:00Z,2025-04-29T00:00:00Z,SDSF_1,Xenlae,juvenile,9,4.4,NA,alive,no,Xenopus laevis,5217334,,50.75672222222222,2.9182777777777775,Mesen,West-Vlaanderen,flanders,"c(2.91827777777778, 50.7567222222222)",Field_pond_2025-04-28_2025-04-29,2025
3508-1,Field pond,2025-04-28T00:00:00Z,2025-04-29T00:00:00Z,SDSF_2,Xenlae,juvenile,12,4.9,NA,alive,no,Xenopus laevis,5217334,,50.75672222222222,2.9182777777777775,Mesen,West-Vlaanderen,flanders,"c(2.91827777777778, 50.7567222222222)",Field_pond_2025-04-28_2025-04-29,2025
3509-1,Field pond,2025-04-28T00:00:00Z,2025-04-29T00:00:00Z,SDSF_2,Xenlae,subadult,25,6.6,NA,alive,no,Xenopus laevis,5217334,,50.75672222222222,2.9182777777777775,Mesen,West-Vlaanderen,flanders,"c(2.91827777777778, 50.7567222222222)",Field_pond_2025-04-28_2025-04-29,2025
3510-1,Field pond,2025-04-28T00:00:00Z,2025-04-29T00:00:00Z,SDSF_2,Xenlae,juvenile,7,4.3,NA,alive,no,Xenopus laevis,5217334,,50.75672222222222,2.9182777777777775,Mesen,West-Vlaanderen,flanders,"c(2.91827777777778, 50.7567222222222)",Field_pond_2025-04-28_2025-04-29,2025
3511-1,Field pond,2025-04-28T00:00:00Z,2025-04-29T00:00:00Z,SDSF_2,Xenlae,juvenile,5,3.6,NA,alive,no,Xenopus laevis,5217334,,50.75672222222222,2.9182777777777775,Mesen,West-Vlaanderen,flanders,"c(2.91827777777778, 50.7567222222222)",Field_pond_2025-04-28_2025-04-29,2025
3519-1,Field pond,2025-04-28T00:00:00Z,2025-04-29T00:00:00Z,SDSF_3,Xenlae,juvenile,8,4.4,NA,alive,no,Xenopus laevis,5217334,,50.75672222222222,2.9182777777777775,Mesen,West-Vlaanderen,flanders,"c(2.91827777777778, 50.7567222222222)",Field_pond_2025-04-28_2025-04-29,2025
3520-1,Field pond,2025-04-28T00:00:00Z,2025-04-29T00:00:00Z,SDSF_3,Xenlae,adult,43,7.6,M,alive,no,Xenopus laevis,5217334,,50.75672222222222,2.9182777777777775,Mesen,West-Vlaanderen,flanders,"c(2.91827777777778, 50.7567222222222)",Field_pond_2025-04-28_2025-04-29,2025
3521-1,Field pond,2025-04-28T00:00:00Z,2025-04-29T00:00:00Z,SDSF_3,Xenlae,juvenile,10,4.6,NA,alive,no,Xenopus laevis,5217334,,50.75672222222222,2.9182777777777775,Mesen,West-Vlaanderen,flanders,"c(2.91827777777778, 50.7567222222222)",Field_pond_2025-04-28_2025-04-29,2025
3522-1,Field pond,2025-04-28T00:00:00Z,2025-04-29T00:00:00Z,SDSF_3,Xenlae,juvenile,9,4.2,NA,alive,no,Xenopus laevis,5217334,,50.75672222222222,2.9182777777777775,Mesen,West-Vlaanderen,flanders,"c(2.91827777777778, 50.7567222222222)",Field_pond_2025-04-28_2025-04-29,2025
3523-1,Field pond,2025-04-28T00:00:00Z,2025-04-29T00:00:00Z,SDSF_3,Xenlae,juvenile,13,5.2,NA,alive,no,Xenopus laevis,5217334,,50.75672222222222,2.9182777777777775,Mesen,West-Vlaanderen,flanders,"c(2.91827777777778, 50.7567222222222)",Field_pond_2025-04-28_2025-04-29,2025
3524-1,Field pond,2025-04-28T00:00:00Z,2025-04-29T00:00:00Z,SDSF_3,Xenlae,juvenile,6,4.1,NA,alive,no,Xenopus laevis,5217334,,50.75672222222222,2.9182777777777775,Mesen,West-Vlaanderen,flanders,"c(2.91827777777778, 50.7567222222222)",Field_pond_2025-04-28_2025-04-29,2025
3525-1,Field pond,2025-04-28T00:00:00Z,2025-04-29T00:00:00Z,SDSF_3,Xenlae,juvenile,9,4.6,NA,alive,no,Xenopus laevis,5217334,,50.75672222222222,2.9182777777777775,Mesen,West-Vlaanderen,flanders,"c(2.91827777777778, 50.7567222222222)",Field_pond_2025-04-28_2025-04-29,2025
3526-1,Field pond,2025-04-28T00:00:00Z,2025-04-29T00:00:00Z,SDSF_3,Xenlae,juvenile,14,5,NA,alive,no,Xenopus laevis,5217334,,50.75672222222222,2.9182777777777775,Mesen,West-Vlaanderen,flanders,"c(2.91827777777778, 50.7567222222222)",Field_pond_2025-04-28_2025-04-29,2025
3527-1,Field pond,2025-04-28T00:00:00Z,2025-04-29T00:00:00Z,SDSF_3,Xenlae,juvenile,8,4.1,NA,alive,no,Xenopus laevis,5217334,,50.75672222222222,2.9182777777777775,Mesen,West-Vlaanderen,flanders,"c(2.91827777777778, 50.7567222222222)",Field_pond_2025-04-28_2025-04-29,2025
3528-1,Field pond,2025-04-28T00:00:00Z,2025-04-29T00:00:00Z,SDSF_3,Xenlae,juvenile,7,4.1,NA,alive,no,Xenopus laevis,5217334,,50.75672222222222,2.9182777777777775,Mesen,West-Vlaanderen,flanders,"c(2.91827777777778, 50.7567222222222)",Field_pond_2025-04-28_2025-04-29,2025
3529-1,Field pond,2025-04-28T00:00:00Z,2025-04-29T00:00:00Z,SDSF_3,Xenlae,juvenile,9,4.4,NA,alive,no,Xenopus laevis,5217334,,50.75672222222222,2.9182777777777775,Mesen,West-Vlaanderen,flanders,"c(2.91827777777778, 50.7567222222222)",Field_pond_2025-04-28_2025-04-29,2025
3530-1,Field pond,2025-04-28T00:00:00Z,2025-04-29T00:00:00Z,SDSF_3,Xenlae,juvenile,10,4.4,NA,alive,no,Xenopus laevis,5217334,,50.75672222222222,2.9182777777777775,Mesen,West-Vlaanderen,flanders,"c(2.91827777777778, 50.7567222222222)",Field_pond_2025-04-28_2025-04-29,2025
3531-1,Field pond,2025-04-28T00:00:00Z,2025-04-29T00:00:00Z,SDSF_4,Xenlae,juvenile,11,4.4,NA,alive,no,Xenopus laevis,5217334,,50.75672222222222,2.9182777777777775,Mesen,West-Vlaanderen,flanders,"c(2.91827777777778, 50.7567222222222)",Field_pond_2025-04-28_2025-04-29,2025
3532-1,Field pond,2025-04-28T00:00:00Z,2025-04-29T00:00:00Z,SDSF_4,Xenlae,juvenile,10,4.5,NA,alive,no,Xenopus laevis,5217334,,50.75672222222222,2.9182777777777775,Mesen,West-Vlaanderen,flanders,"c(2.91827777777778, 50.7567222222222)",Field_pond_2025-04-28_2025-04-29,2025
3533-1,Field pond,2025-04-28T00:00:00Z,2025-04-29T00:00:00Z,SDSF_4,Xenlae,juvenile,10,4.4,NA,alive,no,Xenopus laevis,5217334,,50.75672222222222,2.9182777777777775,Mesen,West-Vlaanderen,flanders,"c(2.91827777777778, 50.7567222222222)",Field_pond_2025-04-28_2025-04-29,2025
3534-1,Field pond,2025-04-28T00:00:00Z,2025-04-29T00:00:00Z,SDSF_4,Xenlae,juvenile,11,4.7,NA,alive,no,Xenopus laevis,5217334,,50.75672222222222,2.9182777777777775,Mesen,West-Vlaanderen,flanders,"c(2.91827777777778, 50.7567222222222)",Field_pond_2025-04-28_2025-04-29,2025
3535-1,Field pond,2025-04-28T00:00:00Z,2025-04-29T00:00:00Z,SDSF_4,Xenlae,juvenile,12,4.7,NA,alive,no,Xenopus laevis,5217334,,50.75672222222222,2.9182777777777775,Mesen,West-Vlaanderen,flanders,"c(2.91827777777778, 50.7567222222222)",Field_pond_2025-04-28_2025-04-29,2025
3536-1,Field pond,2025-04-28T00:00:00Z,2025-04-29T00:00:00Z,SDSF_4,Xenlae,juvenile,7,4.4,NA,alive,no,Xenopus laevis,5217334,,50.75672222222222,2.9182777777777775,Mesen,West-Vlaanderen,flanders,"c(2.91827777777778, 50.7567222222222)",Field_pond_2025-04-28_2025-04-29,2025
3549-1,Big pond Eeuwenhout bos,2025-04-28T00:00:00Z,2025-04-29T00:00:00Z,SDSF_3a,Xenlae,adult,50,7.9,M,alive,no,Xenopus laevis,5217334,,50.768027777777775,2.7708055555555555,Heuvelland,West-Vlaanderen,flanders,"c(2.77080555555556, 50.7680277777778)",Big_pond_Eeuwenhout_bos_2025-04-28_2025-04-29,2025
3567-1,Field pond,2025-04-29T00:00:00Z,2025-04-30T00:00:00Z,SDSF_1,Xenlae,subadult,32,7,F,alive,no,Xenopus laevis,5217334,,50.75672222222222,2.9182777777777775,Mesen,West-Vlaanderen,flanders,"c(2.91827777777778, 50.7567222222222)",Field_pond_2025-04-29_2025-04-30,2025
3568-1,Field pond,2025-04-29T00:00:00Z,2025-04-30T00:00:00Z,SDSF_1,Xenlae,juvenile,9,4.6,NA,alive,no,Xenopus laevis,5217334,,50.75672222222222,2.9182777777777775,Mesen,West-Vlaanderen,flanders,"c(2.91827777777778, 50.7567222222222)",Field_pond_2025-04-29_2025-04-30,2025
3569-1,Field pond,2025-04-29T00:00:00Z,2025-04-30T00:00:00Z,SDSF_2,Xenlae,juvenile,12,5,NA,alive,no,Xenopus laevis,5217334,,50.75672222222222,2.9182777777777775,Mesen,West-Vlaanderen,flanders,"c(2.91827777777778, 50.7567222222222)",Field_pond_2025-04-29_2025-04-30,2025
3570-1,Field pond,2025-04-29T00:00:00Z,2025-04-30T00:00:00Z,SDSF_2,Xenlae,juvenile,11,4.5,NA,alive,no,Xenopus laevis,5217334,,50.75672222222222,2.9182777777777775,Mesen,West-Vlaanderen,flanders,"c(2.91827777777778, 50.7567222222222)",Field_pond_2025-04-29_2025-04-30,2025
3575-1,Field pond,2025-04-29T00:00:00Z,2025-04-30T00:00:00Z,SDSF_3,Xenlae,adult,55,8.6,F,alive,no,Xenopus laevis,5217334,,50.75672222222222,2.9182777777777775,Mesen,West-Vlaanderen,flanders,"c(2.91827777777778, 50.7567222222222)",Field_pond_2025-04-29_2025-04-30,2025
3576-1,Field pond,2025-04-29T00:00:00Z,2025-04-30T00:00:00Z,SDSF_3,Xenlae,adult,46,8.2,M,alive,no,Xenopus laevis,5217334,,50.75672222222222,2.9182777777777775,Mesen,West-Vlaanderen,flanders,"c(2.91827777777778, 50.7567222222222)",Field_pond_2025-04-29_2025-04-30,2025
3577-1,Field pond,2025-04-29T00:00:00Z,2025-04-30T00:00:00Z,SDSF_3,Xenlae,adult,9,8.7,NA,alive,no,Xenopus laevis,5217334,,50.75672222222222,2.9182777777777775,Mesen,West-Vlaanderen,flanders,"c(2.91827777777778, 50.7567222222222)",Field_pond_2025-04-29_2025-04-30,2025
3578-1,Field pond,2025-04-29T00:00:00Z,2025-04-30T00:00:00Z,SDSF_3,Xenlae,juvenile,7,4.1,NA,alive,no,Xenopus laevis,5217334,,50.75672222222222,2.9182777777777775,Mesen,West-Vlaanderen,flanders,"c(2.91827777777778, 50.7567222222222)",Field_pond_2025-04-29_2025-04-30,2025
3579-1,Field pond,2025-04-29T00:00:00Z,2025-04-30T00:00:00Z,SDSF_3,Xenlae,juvenile,10,4.3,NA,alive,no,Xenopus laevis,5217334,,50.75672222222222,2.9182777777777775,Mesen,West-Vlaanderen,flanders,"c(2.91827777777778, 50.7567222222222)",Field_pond_2025-04-29_2025-04-30,2025
3580-1,Field pond,2025-04-29T00:00:00Z,2025-04-30T00:00:00Z,SDSF_3,Xenlae,juvenile,8,4.4,NA,alive,no,Xenopus laevis,5217334,,50.75672222222222,2.9182777777777775,Mesen,West-Vlaanderen,flanders,"c(2.91827777777778, 50.7567222222222)",Field_pond_2025-04-29_2025-04-30,2025
3581-1,Field pond,2025-04-29T00:00:00Z,2025-04-30T00:00:00Z,SDSF_3,Xenlae,juvenile,11,4.9,NA,alive,no,Xenopus laevis,5217334,,50.75672222222222,2.9182777777777775,Mesen,West-Vlaanderen,flanders,"c(2.91827777777778, 50.7567222222222)",Field_pond_2025-04-29_2025-04-30,2025
3582-1,Field pond,2025-04-29T00:00:00Z,2025-04-30T00:00:00Z,SDSF_3,Xenlae,juvenile,13,5.1,NA,alive,no,Xenopus laevis,5217334,,50.75672222222222,2.9182777777777775,Mesen,West-Vlaanderen,flanders,"c(2.91827777777778, 50.7567222222222)",Field_pond_2025-04-29_2025-04-30,2025
3583-1,Field pond,2025-04-29T00:00:00Z,2025-04-30T00:00:00Z,SDSF_3,Xenlae,juvenile,8,4.3,NA,alive,no,Xenopus laevis,5217334,,50.75672222222222,2.9182777777777775,Mesen,West-Vlaanderen,flanders,"c(2.91827777777778, 50.7567222222222)",Field_pond_2025-04-29_2025-04-30,2025
3584-1,Field pond,2025-04-29T00:00:00Z,2025-04-30T00:00:00Z,SDSF_3,Xenlae,juvenile,8,4.1,NA,alive,no,Xenopus laevis,5217334,,50.75672222222222,2.9182777777777775,Mesen,West-Vlaanderen,flanders,"c(2.91827777777778, 50.7567222222222)",Field_pond_2025-04-29_2025-04-30,2025
3585-2,Field pond,2025-04-29T00:00:00Z,2025-04-30T00:00:00Z,SDSF_3,Xenlae,juvenile,8,4.1,NA,alive,no,Xenopus laevis,5217334,,50.75672222222222,2.9182777777777775,Mesen,West-Vlaanderen,flanders,"c(2.91827777777778, 50.7567222222222)",Field_pond_2025-04-29_2025-04-30,2025
3586-1,Field pond,2025-04-29T00:00:00Z,2025-04-30T00:00:00Z,SDSF_3,Xenlae,juvenile,9,4.5,NA,alive,no,Xenopus laevis,5217334,,50.75672222222222,2.9182777777777775,Mesen,West-Vlaanderen,flanders,"c(2.91827777777778, 50.7567222222222)",Field_pond_2025-04-29_2025-04-30,2025
3589-1,Field pond,2025-04-29T00:00:00Z,2025-04-30T00:00:00Z,SDSF_4,Xenlae,juvenile,12,4.8,NA,alive,no,Xenopus laevis,5217334,,50.75672222222222,2.9182777777777775,Mesen,West-Vlaanderen,flanders,"c(2.91827777777778, 50.7567222222222)",Field_pond_2025-04-29_2025-04-30,2025
3590-1,Field pond,2025-04-29T00:00:00Z,2025-04-30T00:00:00Z,SDSF_4,Xenlae,juvenile,9,4.2,NA,alive,no,Xenopus laevis,5217334,,50.75672222222222,2.9182777777777775,Mesen,West-Vlaanderen,flanders,"c(2.91827777777778, 50.7567222222222)",Field_pond_2025-04-29_2025-04-30,2025
3591-1,Field pond,2025-04-29T00:00:00Z,2025-04-30T00:00:00Z,SDSF_4,Xenlae,juvenile,10,4.7,NA,alive,no,Xenopus laevis,5217334,,50.75672222222222,2.9182777777777775,Mesen,West-Vlaanderen,flanders,"c(2.91827777777778, 50.7567222222222)",Field_pond_2025-04-29_2025-04-30,2025
3623-1,Field pond,2025-05-20T00:00:00Z,2025-05-21T00:00:00Z,SDSF_1,Xenlae,juvenile,15,5.3,NA,alive,no,Xenopus laevis,5217334,,50.75672222222222,2.9182777777777775,Mesen,West-Vlaanderen,flanders,"c(2.91827777777778, 50.7567222222222)",Field_pond_2025-05-20_2025-05-21,2025
3624-1,Field pond,2025-05-20T00:00:00Z,2025-05-21T00:00:00Z,SDSF_1,Xenlae,juvenile,11,4.8,NA,alive,no,Xenopus laevis,5217334,,50.75672222222222,2.9182777777777775,Mesen,West-Vlaanderen,flanders,"c(2.91827777777778, 50.7567222222222)",Field_pond_2025-05-20_2025-05-21,2025
3625-1,Field pond,2025-05-20T00:00:00Z,2025-05-21T00:00:00Z,SDSF_1,Xenlae,juvenile,16,5.3,NA,alive,no,Xenopus laevis,5217334,,50.75672222222222,2.9182777777777775,Mesen,West-Vlaanderen,flanders,"c(2.91827777777778, 50.7567222222222)",Field_pond_2025-05-20_2025-05-21,2025
3626-1,Field pond,2025-05-20T00:00:00Z,2025-05-21T00:00:00Z,SDSF_1,Xenlae,juvenile,10,4.4,NA,alive,no,Xenopus laevis,5217334,,50.75672222222222,2.9182777777777775,Mesen,West-Vlaanderen,flanders,"c(2.91827777777778, 50.7567222222222)",Field_pond_2025-05-20_2025-05-21,2025
3627-1,Field pond,2025-05-20T00:00:00Z,2025-05-21T00:00:00Z,SDSF_2,Xenlae,juvenile,16,5.4,NA,alive,no,Xenopus laevis,5217334,,50.75672222222222,2.9182777777777775,Mesen,West-Vlaanderen,flanders,"c(2.91827777777778, 50.7567222222222)",Field_pond_2025-05-20_2025-05-21,2025
3628-1,Field pond,2025-05-20T00:00:00Z,2025-05-21T00:00:00Z,SDSF_2,Xenlae,juvenile,13,5.2,NA,alive,no,Xenopus laevis,5217334,,50.75672222222222,2.9182777777777775,Mesen,West-Vlaanderen,flanders,"c(2.91827777777778, 50.7567222222222)",Field_pond_2025-05-20_2025-05-21,2025
3629-1,Field pond,2025-05-20T00:00:00Z,2025-05-21T00:00:00Z,SDSF_2,Xenlae,juvenile,14,5.2,NA,alive,no,Xenopus laevis,5217334,,50.75672222222222,2.9182777777777775,Mesen,West-Vlaanderen,flanders,"c(2.91827777777778, 50.7567222222222)",Field_pond_2025-05-20_2025-05-21,2025
3630-1,Field pond,2025-05-20T00:00:00Z,2025-05-21T00:00:00Z,SDSF_2,Xenlae,juvenile,10,4.4,NA,alive,no,Xenopus laevis,5217334,,50.75672222222222,2.9182777777777775,Mesen,West-Vlaanderen,flanders,"c(2.91827777777778, 50.7567222222222)",Field_pond_2025-05-20_2025-05-21,2025
3631-1,Field pond,2025-05-20T00:00:00Z,2025-05-21T00:00:00Z,SDSF_2,Xenlae,juvenile,12,4.9,NA,alive,no,Xenopus laevis,5217334,,50.75672222222222,2.9182777777777775,Mesen,West-Vlaanderen,flanders,"c(2.91827777777778, 50.7567222222222)",Field_pond_2025-05-20_2025-05-21,2025
3633-1,Field pond,2025-05-20T00:00:00Z,2025-05-21T00:00:00Z,SDSF_3,Xenlae,adult,40,7.5,M,alive,no,Xenopus laevis,5217334,,50.75672222222222,2.9182777777777775,Mesen,West-Vlaanderen,flanders,"c(2.91827777777778, 50.7567222222222)",Field_pond_2025-05-20_2025-05-21,2025
3634-1,Field pond,2025-05-20T00:00:00Z,2025-05-21T00:00:00Z,SDSF_3,Xenlae,juvenile,12,5,NA,alive,no,Xenopus laevis,5217334,,50.75672222222222,2.9182777777777775,Mesen,West-Vlaanderen,flanders,"c(2.91827777777778, 50.7567222222222)",Field_pond_2025-05-20_2025-05-21,2025
3635-1,Field pond,2025-05-20T00:00:00Z,2025-05-21T00:00:00Z,SDSF_3,Xenlae,adult,43,7.9,M,alive,no,Xenopus laevis,5217334,,50.75672222222222,2.9182777777777775,Mesen,West-Vlaanderen,flanders,"c(2.91827777777778, 50.7567222222222)",Field_pond_2025-05-20_2025-05-21,2025
3636-1,Field pond,2025-05-20T00:00:00Z,2025-05-21T00:00:00Z,SDSF_3,Xenlae,juvenile,13,5.3,NA,alive,no,Xenopus laevis,5217334,,50.75672222222222,2.9182777777777775,Mesen,West-Vlaanderen,flanders,"c(2.91827777777778, 50.7567222222222)",Field_pond_2025-05-20_2025-05-21,2025
3637-1,Field pond,2025-05-20T00:00:00Z,2025-05-21T00:00:00Z,SDSF_3,Xenlae,subadult,35,7.2,NA,alive,no,Xenopus laevis,5217334,,50.75672222222222,2.9182777777777775,Mesen,West-Vlaanderen,flanders,"c(2.91827777777778, 50.7567222222222)",Field_pond_2025-05-20_2025-05-21,2025
3638-1,Field pond,2025-05-20T00:00:00Z,2025-05-21T00:00:00Z,SDSF_3,Xenlae,juvenile,12,4.9,NA,alive,no,Xenopus laevis,5217334,,50.75672222222222,2.9182777777777775,Mesen,West-Vlaanderen,flanders,"c(2.91827777777778, 50.7567222222222)",Field_pond_2025-05-20_2025-05-21,2025
3639-1,Field pond,2025-05-20T00:00:00Z,2025-05-21T00:00:00Z,SDSF_4,Xenlae,juvenile,12,5.1,NA,alive,no,Xenopus laevis,5217334,,50.75672222222222,2.9182777777777775,Mesen,West-Vlaanderen,flanders,"c(2.91827777777778, 50.7567222222222)",Field_pond_2025-05-20_2025-05-21,2025
3640-1,Field pond,2025-05-20T00:00:00Z,2025-05-21T00:00:00Z,SDSF_4,Xenlae,juvenile,15,5.5,NA,alive,no,Xenopus laevis,5217334,,50.75672222222222,2.9182777777777775,Mesen,West-Vlaanderen,flanders,"c(2.91827777777778, 50.7567222222222)",Field_pond_2025-05-20_2025-05-21,2025
3641-1,Field pond,2025-05-20T00:00:00Z,2025-05-21T00:00:00Z,SDSF_4,Xenlae,juvenile,14,5.1,NA,alive,no,Xenopus laevis,5217334,,50.75672222222222,2.9182777777777775,Mesen,West-Vlaanderen,flanders,"c(2.91827777777778, 50.7567222222222)",Field_pond_2025-05-20_2025-05-21,2025
3642-2,Field pond,2025-05-20T00:00:00Z,2025-05-21T00:00:00Z,SDSF_4,Xenlae,juvenile,14,5.1,NA,alive,no,Xenopus laevis,5217334,,50.75672222222222,2.9182777777777775,Mesen,West-Vlaanderen,flanders,"c(2.91827777777778, 50.7567222222222)",Field_pond_2025-05-20_2025-05-21,2025
3643-1,Field pond,2025-05-20T00:00:00Z,2025-05-21T00:00:00Z,SDSF_4,Xenlae,juvenile,13,5.1,NA,alive,no,Xenopus laevis,5217334,,50.75672222222222,2.9182777777777775,Mesen,West-Vlaanderen,flanders,"c(2.91827777777778, 50.7567222222222)",Field_pond_2025-05-20_2025-05-21,2025
3644-1,Field pond,2025-05-20T00:00:00Z,2025-05-21T00:00:00Z,SDSF_4,Xenlae,juvenile,14,5.2,NA,alive,no,Xenopus laevis,5217334,,50.75672222222222,2.9182777777777775,Mesen,West-Vlaanderen,flanders,"c(2.91827777777778, 50.7567222222222)",Field_pond_2025-05-20_2025-05-21,2025
3645-1,Field pond,2025-05-20T00:00:00Z,2025-05-21T00:00:00Z,SDSF_4,Xenlae,juvenile,16,5.5,NA,alive,no,Xenopus laevis,5217334,,50.75672222222222,2.9182777777777775,Mesen,West-Vlaanderen,flanders,"c(2.91827777777778, 50.7567222222222)",Field_pond_2025-05-20_2025-05-21,2025
3646-1,Field pond,2025-05-20T00:00:00Z,2025-05-21T00:00:00Z,SDSF_4,Xenlae,juvenile,10,4.7,NA,alive,no,Xenopus laevis,5217334,,50.75672222222222,2.9182777777777775,Mesen,West-Vlaanderen,flanders,"c(2.91827777777778, 50.7567222222222)",Field_pond_2025-05-20_2025-05-21,2025
3648-1,Field pond,2025-05-21T00:00:00Z,2025-05-22T00:00:00Z,SDSF_1,Xenlae,adult,68,9.1,F,alive,no,Xenopus laevis,5217334,,50.75672222222222,2.9182777777777775,Mesen,West-Vlaanderen,flanders,"c(2.91827777777778, 50.7567222222222)",Field_pond_2025-05-21_2025-05-22,2025
3649-1,Field pond,2025-05-21T00:00:00Z,2025-05-22T00:00:00Z,SDSF_1,Xenlae,adult,48,7.5,M,alive,no,Xenopus laevis,5217334,,50.75672222222222,2.9182777777777775,Mesen,West-Vlaanderen,flanders,"c(2.91827777777778, 50.7567222222222)",Field_pond_2025-05-21_2025-05-22,2025
3650-1,Field pond,2025-05-21T00:00:00Z,2025-05-22T00:00:00Z,SDSF_1,Xenlae,adult,49,7.9,M,alive,no,Xenopus laevis,5217334,,50.75672222222222,2.9182777777777775,Mesen,West-Vlaanderen,flanders,"c(2.91827777777778, 50.7567222222222)",Field_pond_2025-05-21_2025-05-22,2025
3651-1,Field pond,2025-05-21T00:00:00Z,2025-05-22T00:00:00Z,SDSF_2,Xenlae,adult,63,9.1,F,alive,no,Xenopus laevis,5217334,,50.75672222222222,2.9182777777777775,Mesen,West-Vlaanderen,flanders,"c(2.91827777777778, 50.7567222222222)",Field_pond_2025-05-21_2025-05-22,2025
3652-1,Field pond,2025-05-21T00:00:00Z,2025-05-22T00:00:00Z,SDSF_2,Xenlae,adult,148,12,F,alive,no,Xenopus laevis,5217334,,50.75672222222222,2.9182777777777775,Mesen,West-Vlaanderen,flanders,"c(2.91827777777778, 50.7567222222222)",Field_pond_2025-05-21_2025-05-22,2025
3653-1,Field pond,2025-05-21T00:00:00Z,2025-05-22T00:00:00Z,SDSF_2,Xenlae,juvenile,13,4.9,NA,alive,no,Xenopus laevis,5217334,,50.75672222222222,2.9182777777777775,Mesen,West-Vlaanderen,flanders,"c(2.91827777777778, 50.7567222222222)",Field_pond_2025-05-21_2025-05-22,2025
3654-1,Field pond,2025-05-21T00:00:00Z,2025-05-22T00:00:00Z,SDSF_2,Xenlae,adult,81,9.4,F,alive,no,Xenopus laevis,5217334,,50.75672222222222,2.9182777777777775,Mesen,West-Vlaanderen,flanders,"c(2.91827777777778, 50.7567222222222)",Field_pond_2025-05-21_2025-05-22,2025
3656-1,Field pond,2025-05-21T00:00:00Z,2025-05-22T00:00:00Z,SDSF_3,Xenlae,adult,98,10.6,F,alive,no,Xenopus laevis,5217334,,50.75672222222222,2.9182777777777775,Mesen,West-Vlaanderen,flanders,"c(2.91827777777778, 50.7567222222222)",Field_pond_2025-05-21_2025-05-22,2025
3657-1,Field pond,2025-05-21T00:00:00Z,2025-05-22T00:00:00Z,SDSF_3,Xenlae,adult,47,7.6,M,alive,no,Xenopus laevis,5217334,,50.75672222222222,2.9182777777777775,Mesen,West-Vlaanderen,flanders,"c(2.91827777777778, 50.7567222222222)",Field_pond_2025-05-21_2025-05-22,2025
3658-1,Field pond,2025-05-21T00:00:00Z,2025-05-22T00:00:00Z,SDSF_3,Xenlae,juvenile,12,4.8,NA,alive,no,Xenopus laevis,5217334,,50.75672222222222,2.9182777777777775,Mesen,West-Vlaanderen,flanders,"c(2.91827777777778, 50.7567222222222)",Field_pond_2025-05-21_2025-05-22,2025
3659-1,Field pond,2025-05-21T00:00:00Z,2025-05-22T00:00:00Z,SDSF_4,Xenlae,adult,70,9.2,F,alive,no,Xenopus laevis,5217334,,50.75672222222222,2.9182777777777775,Mesen,West-Vlaanderen,flanders,"c(2.91827777777778, 50.7567222222222)",Field_pond_2025-05-21_2025-05-22,2025
3660-1,Field pond,2025-06-10T00:00:00Z,2025-06-11T00:00:00Z,SDSF_1,Xenlae,subadult,39,7.3,M,dead,no,Xenopus laevis,5217334,,50.75672222222222,2.9182777777777775,Mesen,West-Vlaanderen,flanders,"c(2.91827777777778, 50.7567222222222)",Field_pond_2025-06-10_2025-06-11,2025
3665-1,Field pond,2025-06-10T00:00:00Z,2025-06-11T00:00:00Z,SDSF_2,Xenlae,adult,74,9.7,F,alive,no,Xenopus laevis,5217334,,50.75672222222222,2.9182777777777775,Mesen,West-Vlaanderen,flanders,"c(2.91827777777778, 50.7567222222222)",Field_pond_2025-06-10_2025-06-11,2025
3666-1,Field pond,2025-06-10T00:00:00Z,2025-06-11T00:00:00Z,SDSF_2,Xenlae,adult,74,9.4,F,alive,no,Xenopus laevis,5217334,,50.75672222222222,2.9182777777777775,Mesen,West-Vlaanderen,flanders,"c(2.91827777777778, 50.7567222222222)",Field_pond_2025-06-10_2025-06-11,2025
3668-1,Field pond,2025-06-10T00:00:00Z,2025-06-11T00:00:00Z,SDSF_3,Xenlae,adult,124,11.4,F,alive,no,Xenopus laevis,5217334,,50.75672222222222,2.9182777777777775,Mesen,West-Vlaanderen,flanders,"c(2.91827777777778, 50.7567222222222)",Field_pond_2025-06-10_2025-06-11,2025
3669-1,Field pond,2025-06-10T00:00:00Z,2025-06-11T00:00:00Z,SDSF_3,Xenlae,adult,37,7.6,M,alive,no,Xenopus laevis,5217334,,50.75672222222222,2.9182777777777775,Mesen,West-Vlaanderen,flanders,"c(2.91827777777778, 50.7567222222222)",Field_pond_2025-06-10_2025-06-11,2025
3671-1,Field pond,2025-06-10T00:00:00Z,2025-06-11T00:00:00Z,SDSF_4,Xenlae,adult,123,12.5,F,alive,no,Xenopus laevis,5217334,,50.75672222222222,2.9182777777777775,Mesen,West-Vlaanderen,flanders,"c(2.91827777777778, 50.7567222222222)",Field_pond_2025-06-10_2025-06-11,2025
3672-1,Field pond,2025-06-10T00:00:00Z,2025-06-11T00:00:00Z,SDSF_4,Xenlae,subadult,22,5.9,NA,dead,no,Xenopus laevis,5217334,,50.75672222222222,2.9182777777777775,Mesen,West-Vlaanderen,flanders,"c(2.91827777777778, 50.7567222222222)",Field_pond_2025-06-10_2025-06-11,2025
3673-1,Field pond,2025-06-10T00:00:00Z,2025-06-11T00:00:00Z,SDSF_4,Xenlae,adult,50,8,M,alive,no,Xenopus laevis,5217334,,50.75672222222222,2.9182777777777775,Mesen,West-Vlaanderen,flanders,"c(2.91827777777778, 50.7567222222222)",Field_pond_2025-06-10_2025-06-11,2025
3674-1,Field pond,2025-06-10T00:00:00Z,2025-06-11T00:00:00Z,SDSF_4,Xenlae,adult,44,7.6,M,alive,no,Xenopus laevis,5217334,,50.75672222222222,2.9182777777777775,Mesen,West-Vlaanderen,flanders,"c(2.91827777777778, 50.7567222222222)",Field_pond_2025-06-10_2025-06-11,2025
3675-1,Field pond,2025-06-10T00:00:00Z,2025-06-11T00:00:00Z,SDSF_4,Xenlae,eggs,NA,NA,NA,NA,NA,Xenopus laevis,5217334,,50.75672222222222,2.9182777777777775,Mesen,West-Vlaanderen,flanders,"c(2.91827777777778, 50.7567222222222)",Field_pond_2025-06-10_2025-06-11,2025
3678-1,Field pond,2025-06-11T00:00:00Z,2025-06-12T00:00:00Z,SDSF_3,Xenlae,adult,111,11.2,F,alive,no,Xenopus laevis,5217334,,50.75672222222222,2.9182777777777775,Mesen,West-Vlaanderen,flanders,"c(2.91827777777778, 50.7567222222222)",Field_pond_2025-06-11_2025-06-12,2025
3680-1,Field pond,2025-06-11T00:00:00Z,2025-06-12T00:00:00Z,SDSF_4,Xenlae,subadult,25,5.9,NA,dead,no,Xenopus laevis,5217334,,50.75672222222222,2.9182777777777775,Mesen,West-Vlaanderen,flanders,"c(2.91827777777778, 50.7567222222222)",Field_pond_2025-06-11_2025-06-12,2025
3681-1,Field pond,2025-06-11T00:00:00Z,2025-06-12T00:00:00Z,SDSF_4,Xenlae,adult,42,8.2,M,alive,no,Xenopus laevis,5217334,,50.75672222222222,2.9182777777777775,Mesen,West-Vlaanderen,flanders,"c(2.91827777777778, 50.7567222222222)",Field_pond_2025-06-11_2025-06-12,2025
3682-1,Field pond,2025-06-11T00:00:00Z,2025-06-12T00:00:00Z,SDSF_4,Xenlae,juvenile,20,5.9,NA,alive,no,Xenopus laevis,5217334,,50.75672222222222,2.9182777777777775,Mesen,West-Vlaanderen,flanders,"c(2.91827777777778, 50.7567222222222)",Field_pond_2025-06-11_2025-06-12,2025
3684-1,Field pond,2025-07-02T00:00:00Z,2025-07-03T00:00:00Z,SDSF_1,Xenlae,adult,76,9.6,F,alive,no,Xenopus laevis,5217334,,50.75672222222222,2.9182777777777775,Mesen,West-Vlaanderen,flanders,"c(2.91827777777778, 50.7567222222222)",Field_pond_2025-07-02_2025-07-03,2025
3685-1,Field pond,2025-07-02T00:00:00Z,2025-07-03T00:00:00Z,SDSF_1,Xenlae,adult,90,10.9,F,alive,no,Xenopus laevis,5217334,,50.75672222222222,2.9182777777777775,Mesen,West-Vlaanderen,flanders,"c(2.91827777777778, 50.7567222222222)",Field_pond_2025-07-02_2025-07-03,2025
3686-1,Field pond,2025-07-02T00:00:00Z,2025-07-03T00:00:00Z,SDSF_1,Xenlae,adult,102,11.1,F,alive,no,Xenopus laevis,5217334,,50.75672222222222,2.9182777777777775,Mesen,West-Vlaanderen,flanders,"c(2.91827777777778, 50.7567222222222)",Field_pond_2025-07-02_2025-07-03,2025
3687-1,Field pond,2025-07-02T00:00:00Z,2025-07-03T00:00:00Z,SDSF_1,Xenlae,adult,99,10,F,alive,no,Xenopus laevis,5217334,,50.75672222222222,2.9182777777777775,Mesen,West-Vlaanderen,flanders,"c(2.91827777777778, 50.7567222222222)",Field_pond_2025-07-02_2025-07-03,2025
3689-1,Field pond,2025-07-02T00:00:00Z,2025-07-03T00:00:00Z,SDSF_2,Xenlae,adult,92,10.5,F,alive,no,Xenopus laevis,5217334,,50.75672222222222,2.9182777777777775,Mesen,West-Vlaanderen,flanders,"c(2.91827777777778, 50.7567222222222)",Field_pond_2025-07-02_2025-07-03,2025
3690-1,Field pond,2025-07-02T00:00:00Z,2025-07-03T00:00:00Z,SDSF_2,Xenlae,adult,92,9.4,F,alive,no,Xenopus laevis,5217334,,50.75672222222222,2.9182777777777775,Mesen,West-Vlaanderen,flanders,"c(2.91827777777778, 50.7567222222222)",Field_pond_2025-07-02_2025-07-03,2025
3691-1,Field pond,2025-07-02T00:00:00Z,2025-07-03T00:00:00Z,SDSF_2,Xenlae,adult,81,9.7,F,alive,no,Xenopus laevis,5217334,,50.75672222222222,2.9182777777777775,Mesen,West-Vlaanderen,flanders,"c(2.91827777777778, 50.7567222222222)",Field_pond_2025-07-02_2025-07-03,2025
3692-1,Field pond,2025-07-02T00:00:00Z,2025-07-03T00:00:00Z,SDSF_2,Xenlae,subadult,30,6.6,M,alive,no,Xenopus laevis,5217334,,50.75672222222222,2.9182777777777775,Mesen,West-Vlaanderen,flanders,"c(2.91827777777778, 50.7567222222222)",Field_pond_2025-07-02_2025-07-03,2025
3693-1,Field pond,2025-07-02T00:00:00Z,2025-07-03T00:00:00Z,SDSF_2,Xenlae,subadult,35,7.3,M,alive,no,Xenopus laevis,5217334,,50.75672222222222,2.9182777777777775,Mesen,West-Vlaanderen,flanders,"c(2.91827777777778, 50.7567222222222)",Field_pond_2025-07-02_2025-07-03,2025
3694-1,Field pond,2025-07-02T00:00:00Z,2025-07-03T00:00:00Z,SDSF_2,Xenlae,subadult,29,7.2,M,alive,no,Xenopus laevis,5217334,,50.75672222222222,2.9182777777777775,Mesen,West-Vlaanderen,flanders,"c(2.91827777777778, 50.7567222222222)",Field_pond_2025-07-02_2025-07-03,2025
3696-1,Field pond,2025-07-02T00:00:00Z,2025-07-03T00:00:00Z,SDSF_3,Xenlae,adult,64,8.9,F,alive,no,Xenopus laevis,5217334,,50.75672222222222,2.9182777777777775,Mesen,West-Vlaanderen,flanders,"c(2.91827777777778, 50.7567222222222)",Field_pond_2025-07-02_2025-07-03,2025
3697-1,Field pond,2025-07-02T00:00:00Z,2025-07-03T00:00:00Z,SDSF_3,Xenlae,adult,60,8.5,F,alive,no,Xenopus laevis,5217334,,50.75672222222222,2.9182777777777775,Mesen,West-Vlaanderen,flanders,"c(2.91827777777778, 50.7567222222222)",Field_pond_2025-07-02_2025-07-03,2025
3698-1,Field pond,2025-07-02T00:00:00Z,2025-07-03T00:00:00Z,SDSF_3,Xenlae,subadult,27,6.4,M,alive,no,Xenopus laevis,5217334,,50.75672222222222,2.9182777777777775,Mesen,West-Vlaanderen,flanders,"c(2.91827777777778, 50.7567222222222)",Field_pond_2025-07-02_2025-07-03,2025
3699-1,Field pond,2025-07-02T00:00:00Z,2025-07-03T00:00:00Z,SDSF_3,Xenlae,larve,NA,2.3,NA,alive,no,Xenopus laevis,5217334,,50.75672222222222,2.9182777777777775,Mesen,West-Vlaanderen,flanders,"c(2.91827777777778, 50.7567222222222)",Field_pond_2025-07-02_2025-07-03,2025
3700-1,Field pond,2025-07-02T00:00:00Z,2025-07-03T00:00:00Z,SDSF_3,Xenlae,larve,NA,2,NA,alive,no,Xenopus laevis,5217334,,50.75672222222222,2.9182777777777775,Mesen,West-Vlaanderen,flanders,"c(2.91827777777778, 50.7567222222222)",Field_pond_2025-07-02_2025-07-03,2025
3701-1,Field pond,2025-07-02T00:00:00Z,2025-07-03T00:00:00Z,SDSF_3,Xenlae,larve,NA,1.7,NA,alive,no,Xenopus laevis,5217334,,50.75672222222222,2.9182777777777775,Mesen,West-Vlaanderen,flanders,"c(2.91827777777778, 50.7567222222222)",Field_pond_2025-07-02_2025-07-03,2025
3702-1,Field pond,2025-07-02T00:00:00Z,2025-07-03T00:00:00Z,SDSF_3,Xenlae,larve,NA,2.1,NA,alive,no,Xenopus laevis,5217334,,50.75672222222222,2.9182777777777775,Mesen,West-Vlaanderen,flanders,"c(2.91827777777778, 50.7567222222222)",Field_pond_2025-07-02_2025-07-03,2025
3703-2,Field pond,2025-07-02T00:00:00Z,2025-07-03T00:00:00Z,SDSF_3,Xenlae,larve,NA,2,NA,alive,no,Xenopus laevis,5217334,,50.75672222222222,2.9182777777777775,Mesen,West-Vlaanderen,flanders,"c(2.91827777777778, 50.7567222222222)",Field_pond_2025-07-02_2025-07-03,2025
3715-1,Field pond,2025-07-03T00:00:00Z,2025-07-04T00:00:00Z,SDSF_2,Xenlae,larve,2,2,NA,alive,no,Xenopus laevis,5217334,,50.75672222222222,2.9182777777777775,Mesen,West-Vlaanderen,flanders,"c(2.91827777777778, 50.7567222222222)",Field_pond_2025-07-03_2025-07-04,2025
